wavelength_nm,photon_energy_eV,chi2_real_pm_per_V,chi2_imag_pm_per_V,chi2_abs_real_pm_per_V,chi2_abs_pm_per_V
400,3.0996049599999997,0.39991396177710481,0.0019131102147700455,0.39991396177710481,0.39991853772356378
401,3.0918752718204487,0.403589448815731,0.0019407027736072424,0.403589448815731,0.4035941148265681
402,3.084184039800995,0.4072982016306721,0.0019686963658008937,0.4072982016306721,0.40730295949938827
403,3.0765309776674936,0.41104056991210836,0.0019970973106523448,0.41104056991210836,0.41104542146986517
404,3.0689158019801979,0.41481690798894522,0.0020259120411227106,0.41481690798894522,0.41482185510542641
405,3.0613382320987652,0.41862757490483327,0.0020551471061988572,0.41862757490483327,0.41863261948912911
406,3.0537979901477832,0.42247293449574119,0.0020848091733160507,0.42247293449574119,0.42247807849725405
407,3.0462948009828006,0.42635335546904241,0.0021149050308386904,0.42635335546904241,0.42635860087841682
408,3.0388283921568626,0.43026921148416264,0.0021454415906007685,0.43026921148416264,0.43027456033423794
409,3.0313984938875302,0.43422088123485147,0.0021764258905078646,0.43422088123485147,0.4342263356016397
410,3.0240048390243901,0.43820874853306868,0.0022078650972020787,0.43820874853306868,0.43821431053675747
411,3.0166471630170313,0.4422332023945843,0.0022397665087917499,0.4422332023945843,0.44223887420056512
412,3.009325203883495,0.44629463712626527,0.0022721375576479387,0.44629463712626527,0.44630042094618921
413,3.0020387021791763,0.45039345241514495,0.0023049858132691906,0.45039345241514495,0.45039935050800506
414,2.9947874009661835,0.45453005341928532,0.0023383189852167266,0.45453005341928532,0.45453606809252767
415,2.9875710457831324,0.45870485086048296,0.0023721449261220164,0.45870485086048296,0.45871098447114655
416,2.9803893846153846,0.46291826111887324,0.0024064716347685739,0.46291826111887324,0.46292451607475948
417,2.9732421678657071,0.46717070632945901,0.0024413072592502907,0.46717070632945901,0.4671770850903324
418,2.9661291483253587,0.47146261448060589,0.0024766601002083211,0.47146261448060589,0.47146911955942605
419,2.9590500811455844,0.47579441951460999,0.0025125386141488229,0.47579441951460999,0.4758010534787962
420,2.9520047238095235,0.48016656143028613,0.002548951416843785,0.48016656143028613,0.48017332690301551
421,2.9449928361045128,0.48457948638772508,0.0025859072868173799,0.48457948638772508,0.48458638604926513
422,2.9380141800947865,0.48903364681520434,0.0026234151689202082,0.48903364681520434,0.48904068340428136
423,2.9310685200945623,0.49352950151835495,0.0026614841779940704,0.49352950151835495,0.49353667783355848
424,2.9241556226415093,0.49806751579157815,0.0027001236026297157,0.49806751579157815,0.49807483469280339
425,2.9172752564705879,0.50264816153185454,0.0027393429090204367,0.50264816153185454,0.50265562594178392
426,2.9104271924882625,0.50727191735489496,0.002779151744914176,0.50727191735489496,0.50727953026051875
427,2.9036112037470723,0.51193926871380868,0.0028195599436669563,0.51193926871380868,0.51194703316798806
428,2.8968270654205606,0.51665070802025026,0.0028605775284008721,0.51665070802025026,0.51665862714332167
429,2.8900745547785545,0.52140673476817301,0.0029022147162693045,0.52140673476817301,0.5214148117495967
430,2.8833534511627903,0.52620785566021322,0.0029444819228328055,0.52620785566021322,0.52621609376026657
431,2.8766635359628769,0.53105458473681733,0.0029873897665489155,0.53105458473681733,0.53106298728833545
432,2.8700045925925926,0.53594744350811929,0.0030309490733791212,0.53594744350811929,0.5359560139182824
433,2.8633764064665126,0.54088696108869794,0.0030751708815165407,0.54088696108869794,0.54089570284086852
434,2.8567787649769585,0.54587367433523437,0.0031200664462380408,0.54587367433523437,0.54588259099084513
435,2.8502114574712643,0.55090812798720523,0.0031656472448841882,0.55090812798720523,0.55091722318769987
436,2.8436742752293576,0.55599087481062059,0.0032119249819713702,0.55599087481062059,0.55600015227944766
437,2.8371670114416472,0.56112247574494156,0.003258911594439598,0.56112247574494156,0.56113193928960503
438,2.8306894611872142,0.5663035000532135,0.0033066192570404039,0.5663035000532135,0.5663131535673801
439,2.8242414214123004,0.57153452547554773,0.0033550603878690277,0.57153452547554773,0.57154437294121418
440,2.8178226909090909,0.57681613838598933,0.0034042476540451045,0.57681613838598933,0.57682618387571039
441,2.8114330702947843,0.58214893395289558,0.0034541939775468685,0.58214893395289558,0.58215918163207492
442,2.8050723619909501,0.58753351630289141,0.0035049125412028792,0.58753351630289141,0.58754397043213835
443,2.7987403702031601,0.59297049868852048,0.0035564167948469796,0.59297049868852048,0.59298116362607289
444,2.7924369009009009,0.5984605036596693,0.0036087204616408255,0.5984605036596693,0.59847138386388643
445,2.7861617617977528,0.60400416323886219,0.0036618375445696101,0.60400416323886219,0.60401526327078925
446,2.7799147623318383,0.60960211910055939,0.003715782333116157,0.60960211910055939,0.60961344362656544
447,2.7736957136465321,0.61525502275453081,0.0037705694101192681,0.61525502275453081,0.61526657654902295
448,2.7675044285714283,0.62096353573343976,0.0038262136588217508,0.62096353573343976,0.62097532368165631
449,2.7613407216035633,0.62672832978471438,0.0038827302701144352,0.62672832978471438,0.62674035688559915
450,2.7552044088888885,0.63255008706688254,0.0039401347499821888,0.63255008706688254,0.6325623584360428
451,2.7490953082039908,0.63842950035042612,0.0039984429271584694,0.63842950035042612,0.63844202122317772
452,2.7430132389380528,0.6443672732233261,0.0040576709609950693,0.6443672732233261,0.64438004895782763
453,2.7369580220750551,0.65036412030139079,0.0041178353495538982,0.65036412030139079,0.65037715638187044
454,2.7309294801762114,0.65642076744354028,0.0041789529379280439,0.65642076744354028,0.65643406948361827
455,2.7249274373626373,0.66253795197213172,0.0042410409267993922,0.66253795197213172,0.66255152571824139
456,2.7189517192982455,0.66871642289851541,0.0043041168812407021,0.66871642289851541,0.66873027423342613
457,2.7130021531728663,0.67495694115391358,0.0043681987397698133,0.67495694115391358,0.67497107610035978
458,2.7070785676855893,0.6812602798258458,0.0044333048236645783,0.6812602798258458,0.68127470455026384
459,2.701180793028322,0.68762722440016555,0.0044994538465467949,0.68762722440016555,0.6876419452165442
460,2.6953086608695651,0.69405857300894058,0.0045666649242441862,0.69405857300894058,0.69407359638278787
461,2.6894620043383948,0.70055513668430591,0.004634957584939578,0.70055513668430591,0.70057046923673627
462,2.6836406580086578,0.70711773961844315,0.0047043517796167885,0.70711773961844315,0.70713338813038862
463,2.6778444578833693,0.71374721942992436,0.0047748678928132993,0.71374721942992436,0.71376319084647555
464,2.67207324137931,0.7204444274365398,0.0048465267536899129,0.7204444274365398,0.7204607288714201
465,2.6663268473118276,0.72721022893479326,0.0049193496474277988,0.72721022893479326,0.7272268676749698
466,2.6606051158798283,0.73404550348633846,0.0049933583269646739,0.73404550348633846,0.73406248699677723
467,2.6549078886509636,0.74095114521144567,0.0050685750250808806,0.74095114521144567,0.74096848114001301
468,2.6492350085470084,0.74792806308977755,0.0051450224668478546,0.74792806308977755,0.74794575927229545
469,2.6435863198294243,0.7549771812686723,0.0052227238824510431,0.7549771812686723,0.75499524573413179
470,2.6379616680851061,0.76209943937916336,0.0053017030204004292,0.76209943937916336,0.76211788035510064
471,2.6323609002123138,0.76929579285990224,0.005381984161141936,0.76929579285990224,0.76931461877794605
472,2.6267838644067796,0.77656721328934286,0.005463592131083439,0.77656721328934286,0.77658643279093564
473,2.6212304101479913,0.7839146887262558,0.0055465523170502226,0.7839146887262558,0.78393431066855868
474,2.6157003881856538,0.79133922405903334,0.0056308906811846256,0.79133922405903334,0.79135925752101777
475,2.6101936505263157,0.79884184136383296,0.0057166337763055342,0.79884184136383296,0.7988622956525685
476,2.6047100504201679,0.80642358027202476,0.0058038087617441267,0.80642358027202476,0.8064444649291691
477,2.5992494423480084,0.81408549834704802,0.0058924434196723826,0.81408549834704802,0.81410682315554606
478,2.5938116820083681,0.82182867147109606,0.0059825661719425556,0.82182867147109606,0.82185044646209715
479,2.5883966263048013,0.82965419424186759,0.0060742060974551017,0.82965419424186759,0.82967642970186684
480,2.5830041333333331,0.83756318037969102,0.0061673929500746724,0.83756318037969102,0.83758588685790525
481,2.5776340623700622,0.84555676314535022,0.0062621571771138019,0.84555676314535022,0.84557995146133447
482,2.5722862738589209,0.85363609576899147,0.0063585299384047115,0.85363609576899147,0.85365977702050855
483,2.5669606293995857,0.86180235189035193,0.0064565431259807488,0.86180235189035193,0.86182653746150084
484,2.561656991735537,0.8700567260107448,0.0065562293843898882,0.8700567260107448,0.87008142758035989
485,2.556375224742268,0.8784004339571676,0.0066576221316635518,0.8784004339571676,0.87842566350749818
486,2.5511151934156375,0.88683471335889519,0.0067607555809645736,0.88683471335889519,0.88686048318457589
487,2.5458767638603694,0.89536082413689777,0.0068656647629400103,0.89536082413689777,0.89538714685422072
488,2.5406598032786882,0.90398004900662232,0.0069723855488049123,0.90398004900662232,0.90400693756312323
489,2.5354641799591002,0.91269369399446942,0.0070809546741841013,0.91269369399446942,0.91272116167883821
490,2.5302897632653059,0.92150308896838551,0.0071914097637411911,0.92150308896838551,0.92153114942071612
491,2.5251364236252543,0.93040958818312958,0.0073037893566238587,0.93040958818312958,0.9304382554055195
492,2.5200040325203252,0.93941457084057589,0.0074181329327568431,0.93941457084057589,0.93944385920809081
493,2.5148924624746449,0.94851944166565172,0.0075344809400150863,0.94851944166565172,0.9485493659376697
494,2.5098015870445343,0.95772563149830336,0.0076528748223102239,0.95772563149830336,0.95775620683025064
495,2.5047312808080808,0.96703459790212953,0.0077733570486267049,0.96703459790212953,0.96706583985762762
496,2.4996814193548387,0.9764478257901672,0.0078959711430427286,0.9764478257901672,0.9764797503536039
497,2.4946518792756538,0.98596682806841462,0.0080207617157761757,0.98596682806841462,0.9859994516579571
498,2.4896425381526104,0.99559314629770901,0.0081477744952941321,0.99559314629770901,0.99562648577877733
499,2.4846532745490979,1.0053283513745073,0.0082770563615287597,1.0053283513745073,1.0053624240737251
500,2.4796839679999998,1.0151740442313155,0.0084086553802424878,1.0151740442313155,1.0152088679509592
501,2.4747344990019959,1.0251318565573357,0.0085426208385890254,1.0251318565573357,1.0251674495903007
502,2.4698047490039841,1.0352034515400477,0.0086790032819168798,1.0352034515400477,1.0352398326853518
503,2.464894600397614,1.0453905246284863,0.0088178545518665247,1.0453905246284863,1.045427713207336
504,2.4600039365079365,1.0556948043188874,0.008959227825811867,1.0556948043188874,1.0557328201913252
505,2.4551326415841581,1.066118052963553,0.0091031776577016436,1.066118052963553,1.0661569165457143
506,2.4502806007905136,1.0766620676036958,0.0092497600203574129,1.0766620676036958,1.0767017998856969
507,2.4454477001972386,1.0873286808270763,0.0093990323492875623,1.0873286808270763,1.087369303391563
508,2.4406338267716534,1.0981197616514033,0.0095510535880801543,1.0981197616514033,1.0981612966927841
509,2.4358388683693515,1.109037216434305,0.0097058842354392286,1.109037216434305,1.1090796867787016
510,2.4310627137254901,1.1200829898108595,0.0098635863939339208,1.1200829898108595,1.1201264189368021
511,2.4263052524461837,1.1312590656596884,0.010024223820530996,1.1312590656596884,1.1313034777195883
512,2.4215663749999998,1.1425674680985831,0.010187861978986683,1.1425674680985831,1.1426128879410165
513,2.4168459727095515,1.1540102625108202,0.010354568094175256,1.1540102625108202,1.1540567157036561
514,2.4121439377431906,1.1655895566031389,0.010524411208438139,1.1655895566031389,1.1656370694575504
515,2.407460163106796,1.1773075014967151,0.01069746224003848,1.1773075014967151,1.1773561010921101
516,2.4027945426356587,1.1891662928521969,0.01087379404381237,1.1891662928521969,1.1892160070621083
517,2.3981469709864602,1.2011681720301128,0.011053481474111365,1.2011681720301128,1.2012190295490917
518,2.3935173436293433,1.2133154272880029,0.011236601450136011,1.2133154272880029,1.2133674576595577
519,2.388905556840077,1.225610395015563,0.011423233023764443,1.225610395015563,1.2256636286611917
520,2.3843115076923076,1.2380554610093073,0.011613457449986007,1.2380554610093073,1.2381099292586708
521,2.379735094049904,1.2506530617881779,0.011807358260054836,1.2506530617881779,1.250708796910466
522,2.3751762145593869,1.26340568595172,0.012005021337483802,1.26340568595172,1.2634627211882625
523,2.3706347686424474,1.2763158755823847,0.012206534997006777,1.2763158755823847,1.2763742451805671
524,2.3661106564885492,1.2893862276936918,0.012411990066640975,1.2893862276936918,1.2894459669422302
525,2.361603779047619,1.3026193957260084,0.012621479972991109,1.3026193957260084,1.3026805409916506
526,2.3571140380228135,1.3160180910918275,0.012835100829941628,1.3160180910918275,1.3160806798575428
527,2.3526413358633773,1.3295850847724213,0.013052951530892223,1.3295850847724213,1.3296491556771488
528,2.3481855757575758,1.3433232089679619,0.013275133844699742,1.3433232089679619,1.3433888018479898
529,2.3437466616257088,1.3572353588031123,0.013501752515497865,1.3572353588031123,1.3573025147351649
530,2.3393244981132075,1.3713244940904676,0.013732915366574578,1.3713244940904676,1.3713932554365806
531,2.3349189905838039,1.3855936411539815,0.013968733408498413,1.3855936411539815,1.3856640516082486
532,2.3305300451127819,1.4000458947148964,0.014209320951692611,1.4000458947148964,1.4001179993521773
533,2.3261575684803,1.4146844198427391,0.014454795723668604,1.4146844198427391,1.4147582651694248
534,2.3218014681647938,1.4295124539738788,0.014705278991140359,1.4295124539738788,1.4295880879808101
535,2.3174616523364486,1.4445333090006338,0.014960895687254866,1.4445333090006338,1.4446107812182787
536,2.3131380298507462,1.4597503734336659,0.015221774544184601,1.4597503734336659,1.4598297349896669
537,2.3088305102420854,1.4751671146407679,0.01548804823134281,1.4751671146407679,1.4752484183199741
538,2.3045390037174718,1.4907870811652915,0.015759853499497267,1.4907870811652915,1.4908703814723985
539,2.3002634211502779,1.506613905127467,0.016037331331071339,1.506613905127467,1.5066992583523955
540,2.2960036740740741,1.522651304712165,0.016320627096939669,1.522651304712165,1.5227387689983123
541,2.2917596746765247,1.5389030867468687,0.016609890720042431,1.5389030867468687,1.53899272216238
542,2.287531335793358,1.5553731493735401,0.016905276846158827,1.5553731493735401,1.5554650179857503
543,2.2833185709023938,1.5720654848186171,0.017206945022202706,1.5720654848186171,1.5721596507718263
544,2.2791212941176471,1.5889841822653183,0.017515059882421601,1.5889841822653183,1.5890807118620713
545,2.274939420183486,1.6061334308327226,0.017829791342904459,1.6061334308327226,1.6062323926187716
546,2.2707728644688645,1.623517522666365,0.018151314804824785,1.623517522666365,1.6236189875195088
547,2.2666215429616088,1.6411408561452729,0.018479811366873017,1.6411408561452729,1.6412448973682736
548,2.2624853722627734,1.6590079392106269,0.018815468047357856,1.6590079392106269,1.6591146326284187
549,2.2583642695810564,1.677123392821573,0.01915847801648405,1.677123392821573,1.6772328168829909
550,2.2542581527272727,1.6954919545438272,0.019509040839346146,1.6954919545438272,1.6956041904280961
551,2.2501669401088926,1.714118482277259,0.019867362730208227,1.714118482277259,1.714233614005497
552,2.2460905507246376,1.7330079581287063,0.02023365681867622,1.7330079581287063,1.7331260726807165
553,2.2420289041591319,1.7521654924368546,0.020608143428405001,1.7521654924368546,1.7522866798734877
554,2.2379819205776172,1.7715963279561082,0.020991050369022796,1.7715963279561082,1.7717206815475066
555,2.2339495207207207,1.7913058442070926,0.021382613241997493,1.7913058442070926,1.7914334605671354
556,2.2299316258992805,1.8112995620014862,0.021783075761214125,1.8112995620014862,1.8114305412287808
557,2.2259281579892281,1.8315831481495493,0.022192690089082784,1.8315831481495493,1.8317175939753387
558,2.2219390394265233,1.8521624203590825,0.022611717189046233,1.8521624203590825,1.8523004403024506
559,2.2179641932021466,1.87304335233513,0.023040427195413299,1.87304335233513,1.8731850578659253
560,2.2140035428571427,1.8942320790900111,0.023479099801503464,1.8942320790900111,1.8943775857999257
561,2.2100570124777184,1.9157349024742008,0.023928024667151521,1.9157349024742008,1.9158843302564765
562,2.2061245266903913,1.9375582969387963,0.024387501846690168,1.9375582969387963,1.9377117701770536
563,2.2022060106571932,1.959708915541083,0.024857842238601512,1.959708915541083,1.9598665633078103
564,2.1983013900709216,1.9821935962055717,0.025339368058108602,1.9821935962055717,1.9823555524708381
565,2.1944105911504423,2.0050193682532038,0.0258324133340617,2.0050193682532038,2.0051857721042055
566,2.1905335406360424,2.0281934592124014,0.026337324431565771,2.0281934592124014,2.028364455084485
567,2.1866701657848324,2.0517233019265921,0.026854460601895107,2.0517233019265921,2.0518990398464485
568,2.182820394366197,2.0756165419732717,0.027384194561345256,2.0756165419732717,2.075797177815033
569,2.1789841546572934,2.0998810454111219,0.027926913100786474,2.0998810454111219,2.1000667411661578
570,2.1751613754385963,2.1245249068722067,0.028483017727809298,2.1245249068722067,2.1247158309334551
571,2.1713519859894919,2.1495564580176127,0.029052925343478517,2.1495564580176127,2.1497527854793534
572,2.167555916083916,2.1749842763759863,0.029637068955861962,2.1749842763759863,2.1751861893500215
573,2.1637730959860382,2.2008171945855235,0.030235898432651731,2.2008171945855235,2.201024882534798
574,2.1600034564459927,2.2270643100613663,0.030849881295360926,2.2270643100613663,2.2272779701521421
575,2.1562469286956518,2.2537349951116541,0.031479503557762911,2.2537349951116541,2.2539548325854204
576,2.1525034444444442,2.280838907527091,0.032125270611434012,2.280838907527091,2.2810651360934942
577,2.1487729358752166,2.3083860016703612,0.032787708161469059,2.3083860016703612,2.3086188439225213
578,2.1450553356401381,2.336386540093538,0.033467363215675644,2.336386540093538,2.3366262279472219
579,2.1413505768566492,2.3648511057132691,0.034164805130791107,2.3648511057132691,2.3650978808715082
580,2.1376585931034482,2.3937906145758934,0.03488062671954692,2.3937906145758934,2.3940447290207389
581,2.133979318416523,2.4232163292463653,0.035615445422687575,2.4232163292463653,2.4234780457596239
582,2.1303126872852234,2.4531398728573057,0.036369904550376739,2.4531398728573057,2.4534094655722192
583,2.1266586346483702,2.4835732438570854,0.037144674597766228,2.4835732438570854,2.4838509988430828
584,2.1230170958904107,2.5145288314983585,0.03794045463987529,2.5145288314983585,2.514815047381175
585,2.1193880068376068,2.5460194321113025,0.038757973811348878,2.5460194321113025,2.5463144207309356
586,2.1157713037542663,2.5780582662090978,0.039597992877096325,2.5780582662090978,2.5783623533182753
587,2.1121669233390117,2.6106589964763902,0.040461305900309122,2.6106589964763902,2.6109725224824314
588,2.1085748027210882,2.6438357466950935,0.041348742014883436,2.6438357466950935,2.6441590674482911
589,2.1049948794567062,2.6776031216657685,0.042261167309858391,2.6776031216657685,2.6779366092976624
590,2.1014270915254234,2.7119762281873836,0.043199486834108639,2.7119762281873836,2.712320272002589
591,2.0978713773265651,2.746970697162153,0.044164646730234638,2.746970697162153,2.7473257045877055
592,2.0943276756756757,2.7826027068979693,0.04515763650735026,2.7826027068979693,2.7829691044944851
593,2.0907959258010118,2.8188890076856481,0.046179491463302955,2.8188890076856481,2.8192672422249698
594,2.087276067340067,2.8558469477344399,0.047231295267782039,2.8558469477344399,2.8562374873488356
595,2.0837680403361345,2.8934945005554953,0.048314182718772386,2.8934945005554953,2.8938978359639234
596,2.0802717852348991,2.9318502938901139,0.049429342685927261,2.9318502938901139,2.9322669397075551
597,2.0767872428810721,2.9709336402866331,0.050578021255637956,2.9709336402866331,2.9713641364230199
598,2.0733143545150501,3.0107645694387548,0.051761525093941413,3.0107645694387548,3.0112094825946238
599,2.0698530617696158,3.0513638624064656,0.052981225044869365,3.0513638624064656,3.0518237876730954
600,2.0664033066666665,3.0927530878508662,0.054238559983488893,3.0927530878508662,3.0932286504233972
601,2.0629650316139765,3.1349546404247759,0.055535040944692263,3.1349546404247759,3.135446497437576
602,2.0595381794019931,3.1779917814726018,0.056872255550786011,3.1779917814726018,3.1785006239670359
603,2.0561226932006633,3.2218886822061359,0.058251872763156479,3.2218886822061359,3.2224152372418433
604,2.0527185165562911,3.2666704695365469,0.059675647985738406,3.2666704695365469,3.2672155024584226
605,2.0493255933884296,3.3123632747584697,0.06114542855074287,3.3123632747584697,3.3129275916327092
606,2.0459438679867987,3.3589942852991221,0.062663159620141407,3.3589942852991221,3.359578735533034
607,2.042573285008237,3.4065917997638575,0.064230890539770213,3.4065917997638575,3.4071972789255822
608,2.0392137894736839,3.4551852865298844,0.065850781686685983,3.4551852865298844,3.4558127393858231
609,2.0358653267651885,3.5048054461630453,0.067525111854608383,3.5048054461630453,3.5054558699525966
610,2.0325278426229505,3.5554842779567295,0.069256286226968333,3.5554842779567295,3.5561587259259726
611,2.0292012831423896,3.6072551509200483,0.071046844992337294,3.6072551509200483,3.6079547361382716
612,2.0258855947712417,3.6601528795728262,0.072899472662896925,3.6601528795728262,3.6608787790583537
613,2.0225807243066884,3.7142138049381499,0.074817008163202942,3.7142138049381499,3.7149672641227434
614,2.019286618892508,3.7694758811613216,0.076802455763927302,3.7694758811613216,3.7702582187256475
615,2.0160032260162599,3.825978768225232,0.078858996943599019,3.825978768225232,3.8267913813414518
616,2.0127304935064934,3.883763931277997,0.080990003270785593,3.883763931277997,3.8846083012995951
617,2.0094683695299835,3.9428747471409835,0.083199050409777653,3.9428747471409835,3.9437524457844919
618,2.0062168025889968,4.0033566186212983,0.085489933364853277,4.0033566186212983,4.0042693146897204
619,2.0029757415185783,4.0652570973184332,0.08786668309181489,4.0652570973184332,4.0662065640219813
620,1.9997451354838709,4.1286260156846826,0.090333584620929025,4.1286260156846826,4.1296141386210463
621,1.9965249339774556,4.1935156291802471,0.092895196852956996,4.1935156291802471,4.1945444150440645
622,1.9933150868167202,4.2599807694533034,0.095556374209959827,4.2599807694533034,4.2610523555530406
623,1.9901155441412519,4.3280790095763244,0.09832229034536305,4.3280790095763244,4.3291956742464226
624,1.9869262564102563,4.3978708424838313,0.10119846414384862,4.3978708424838313,4.3990350164910614
625,1.9837471743999999,4.4694198738847994,0.10419078827150316,4.4694198738847994,4.4706341529403915
626,1.9805782492012778,4.542793031067923,0.10730556057093887,4.542793031067923,4.5440601895715167
627,1.9774194322169059,4.6180607891813708,0.11054951863552934,4.6180607891813708,4.6193837953394832
628,1.9742706751592356,4.6952974167553432,0.11392987794236084,4.6952974167553432,4.6966794492361688
629,1.9711319300476946,4.774581242445711,0.11745437397601699,4.774581242445711,4.776025708754144
630,1.968003149206349,4.8559949452183258,0.12113130883613193,4.8559949452183258,4.8575055020006186
631,1.9648842852614896,4.9396258704672373,0.12496960289225029,4.9396258704672373,4.9412064459842462
632,1.9617752911392403,5.0255663748735824,0.12897885213169258,5.0255663748735824,5.0272211939158993
633,1.958676120063191,5.1139142031708236,0.13316939194198396,5.1139142031708236,5.1156478147290869
634,1.9555867255520503,5.2047729003953211,0.13755236818156569,5.2047729003953211,5.2065902084456273
635,1.9525070614173228,5.2982522636745664,0.14213981652405083,5.2982522636745664,5.3001585614936229
636,1.9494370817610061,5.3944688381552659,0.14694475121607631,5.3944688381552659,5.396469846644024
637,1.9463767409733124,5.493546462305968,0.1519812645714253,5.493546462305968,5.4956483728760483
638,1.9433259937304075,5.5956168685659122,0.15726463874026664,5.5956168685659122,5.597826391232358
639,1.9402847949921751,5.7008203461666689,0.16281147154900483,5.7008203461666689,5.703144763596292
640,1.9372531,5.809306473952768,0.16863981851203308,5.809306473952768,5.8117537023429779
641,1.9342308642745709,5.9212349321954978,0.17476935348220946,5.9212349321954978,5.9238135900084501
642,1.931218043613707,6.0367764037660496,0.18122155084543068,6.0367764037660496,6.0394958895223514
643,1.928214594090202,6.1561135766500641,0.1880198926928271,6.1561135766500641,6.1589841572018562
644,1.9252204720496893,6.279442261694399,0.19519010504258066,6.279442261694399,6.2824751726576835
645,1.9222356341085269,6.4069726417403938,0.2027604279584091,6.4069726417403938,6.4101802020813548
646,1.9192600371517026,6.5389306709917889,0.21076192535657079,6.5389306709917889,6.5423264141448296
647,1.9162936383307572,6.6755596466838032,0.219228841450125,6.6755596466838032,6.6791584710468399
648,1.9133363950617284,6.8171219789789905,0.22819901220229899,6.8171219789789905,6.8209403212056134
649,1.9103882650231123,6.96390118966338,0.23771434191999585,6.96390118966338,6.9679572248794326
650,1.9074492061538459,7.1162041758396946,0.24782135730416832,7.1162041758396946,7.1205180497892417
651,1.9045191766513057,7.2743637816440909,0.25857185400394267,7.2743637816440909,7.2789578808630537
652,1.9015981349693249,7.4387417293542875,0.27002365415079954,7.4387417293542875,7.4436409968400383
653,1.8986860398162326,7.6097319714880847,0.28224149768246265,7.6097319714880847,7.6149642770601345
654,1.895782850152905,7.7877645381136347,0.29529809577585209,7.7877645381136347,7.793361114850839
655,1.8928885251908396,7.9733099692432035,0.3092753817598024,7.9733099692432035,7.9793059301793745
656,1.8900030243902437,8.1668844417081239,0.32426600396563265,8.1668844417081239,8.1733193945631459
657,1.887126307458143,8.3690557244138972,0.34037511677081811,8.3690557244138972,8.3759745067939271
658,1.8842583343465045,8.5804501268269036,0.35772254152568794,8.5804501268269036,8.5879036904054438
659,1.8813990652503791,8.801760644900714,0.37644538941370798,8.801760644900714,8.8098071250926875
660,1.8785484606060605,9.0337565590653313,0.39670126539139416,9.0337565590653313,9.0424625773303049
661,1.8757064810892585,9.2772948039638052,0.41867220874995015,9.2772948039638052,9.2867370641164051
662,1.8728730876132929,9.5333335142664914,0.44256957521962048,9.5333335142664914,9.5436007734579302
663,1.8700482413273001,9.8029482619556028,0.468640133248864,9.8029482619556028,9.8141437833908807
664,1.8672319036144578,10.087351647515721,0.49717374100692679,10.087351647515721,10.099596278534353
665,1.8644240360902253,10.387917104015376,0.52851310253288841,10.387917104015376,10.401353174440533
666,1.8616246006006005,10.706208038468393,0.56306628909578915,10.706208038468393,10.721004347022779
667,1.8588335592203897,11.044013797109177,0.60132298266881179,11.044013797109177,11.060372058851527
668,1.856050874251497,11.403394441300858,0.64387579545054474,11.403394441300858,11.421557723176747
669,1.8532765082212255,11.786737019505001,0.6914486112759739,11.786737019505001,11.807000921021608
670,1.8505104238805969,12.196827009346503,0.744934793571012,12.196827009346503,12.219554694938642
671,1.8477525842026825,12.636940021052077,0.80544949707340363,12.636940021052077,12.662582753451346
672,1.8450029523809524,13.110960912741412,0.8744025263075188,13.110960912741412,13.140086599160831
673,1.8422614918276372,13.623540500240708,0.95360176377338424,13.623540500240708,13.656874169646967
674,1.8395281661721068,14.18030456543719,1.0454031598807374,14.18030456543719,14.218787055696682
675,1.8368029392592591,14.788136678894421,1.1529335316753619,14.788136678894421,14.833011904603998
676,1.8340857751479289,15.455566667237889,1.2804306334317257,15.455566667237889,15.50851519689958
677,1.8313766381093057,16.193312072407785,1.4337785472328997,16.193312072407785,16.25666253561576
678,1.8286754926253685,17.015042493181156,1.6213809906729288,17.015042493181156,17.092119452006994
679,1.8259823033873341,17.938465843565176,1.8556450557129471,17.938465843565176,18.034189069474301
680,1.8232970352941176,18.986857844179866,2.1556228628790555,18.986857844179866,19.108832531634722
681,1.8206196534508075,20.191099304411537,2.5519718048116626,20.191099304411537,20.35173337121833
682,1.8179501231671553,21.591823029166676,3.0968265168910758,21.591823029166676,21.812775068719986
683,1.815288409956076,23.238941749101208,3.8845691409860343,23.238941749101208,23.561372859602645
684,1.8126344795321636,25.174952749721037,5.0964903479496293,25.174952749721037,25.68564696123947
685,1.8099882978102189,27.340366609360302,7.0822648761407656,27.340366609360302,28.242771147853762
686,1.8073498309037899,29.204620887589392,10.328785650721823,29.204620887589392,30.97730934420192
687,1.8047190451237263,29.518905098365217,14.384195036579356,29.518905098365217,32.837034352338314
688,1.8020959069767442,28.901761591524703,17.816598797948252,28.901761591524703,33.952069389366883
689,1.7994803831640056,27.334011661789468,21.688739557415182,27.334011661789468,34.893403633297638
690,1.7968724405797101,24.296317346215901,23.693483804511786,24.296317346215901,33.936591039506219
691,1.7942720463096959,22.449486072567964,25.036334275105929,22.449486072567964,33.627332021099548
692,1.7916791676300576,19.894286943483728,25.982443838585326,19.894286943483728,32.724150727175605
693,1.7890937720057718,18.505073705157301,26.266735315805569,18.505073705157301,32.130657275939626
694,1.7865158270893371,16.606761440099575,26.995042026304716,16.606761440099575,31.694113326142062
695,1.7839453007194244,15.380371122794923,26.845959519048002,15.380371122794923,30.939640566323128
696,1.7813821609195402,14.037999732009574,27.478414143062878,14.037999732009574,30.856582446758082
697,1.7788263758967,12.818382251648821,27.207211631766739,12.818382251648821,30.075626150175641
698,1.7762779140401146,11.892567233865631,27.712215634036426,11.892567233865631,30.156260556629814
699,1.7737367439198855,10.631572122604958,27.489134802714382,10.631572122604958,29.473426302348258
700,1.7712028342857142,9.9718983511702781,27.797241556637971,9.9718983511702781,29.531769247441872
701,1.7686761540656204,8.7174569158344113,27.691632228283808,8.7174569158344113,29.031371833689768
702,1.7661566723646722,8.1933134132664875,27.778903673373001,8.1933134132664875,28.962007423218243
703,1.7636443584637267,7.0274637254918098,27.788391950241127,7.0274637254918098,28.663216386046578
704,1.7611391818181816,6.5585180521844055,27.69933993586443,6.5585180521844055,28.465199664211081
705,1.7586411120567376,5.5249681774770281,27.806769114022003,5.5249681774770281,28.350338303495814
706,1.7561501189801698,5.0504513068700625,27.600446522914197,5.0504513068700625,28.058718906381163
707,1.753666172560113,4.1606236131808796,27.766448643634305,4.1606236131808796,28.076439573602272
708,1.7511892429378531,3.6536134384522096,27.497135627029365,3.6536134384522096,27.738806009792242
709,1.748719300423131,2.8971816382609248,27.683104959216024,2.8971816382609248,27.834294703262145
710,1.7462563154929576,2.3553289150178047,27.393063215971239,2.3553289150178047,27.494135495630978
711,1.743800258790436,1.7089503351156914,27.571380880801108,1.7089503351156914,27.624292840217596
712,1.7413511011235954,1.1432666359438883,27.288003327341954,1.1432666359438883,27.311942153458951
713,1.7389088134642354,0.57875529347270049,27.444133399548583,0.57875529347270049,27.450235258407911
714,1.7364733669467787,0.00484644220416941,27.181429101886884,0.00484644220416941,27.181429533946613
715,1.7340447328671327,-0.50521329345188648,27.311676983264825,0.50521329345188648,27.316349318861743
716,1.7316228826815641,-1.0725173295258812,27.074119786968922,1.0725173295258812,27.095354872399721
717,1.7292077880055787,-1.5521291537400217,27.181613011635875,1.5521291537400217,27.225891919719039
718,1.7267994206128132,-2.101201482522479,26.968574102936593,2.101201482522479,27.050305669543494
719,1.724397752433936,-2.5706335132878029,27.058915673715454,2.5706335132878029,27.180748225479046
720,1.7220027555555555,-3.0937208405591576,26.868567523837406,3.0937208405591576,27.046090834394541
721,1.71961440221914,-3.5703270430733713,26.945535939838962,3.5703270430733713,27.181043804086226
722,1.7172326648199445,-4.0638914454087871,26.777330850847406,4.0638914454087871,27.083955788913315
723,1.7148575159059474,-4.562269109842287,26.837712406514484,4.562269109842287,27.222731432488597
724,1.7124889281767954,-5.0268671483650582,26.690858120398907,5.0268671483650582,27.160104943290925
725,1.7101268744827585,-5.5502105100255807,26.715972092048595,5.5502105100255807,27.286406900299607
726,1.7077713278236912,-5.9720289664522372,26.588409675369782,5.9720289664522372,27.250846941727186
727,1.7054222613480055,-6.4804547263193726,26.582799631598938,6.4804547263193726,27.361314473424187
728,1.7030796483516482,-6.8773079866666631,26.531762994169583,6.8773079866666631,27.408608368945977
729,1.7007434622770918,-7.3820834194812175,26.49732672975766,7.3820834194812175,27.506426148006021
730,1.6984136767123286,-7.7695738428359551,26.523080975009783,7.7695738428359551,27.637657319429348
731,1.6960902653898768,-8.2603191658846953,26.531756881996891,8.2603191658846953,27.787892974597256
732,1.6937732021857923,-8.7388545745728408,26.603821797635497,8.7388545745728408,28.00233764377321
733,1.6914624611186901,-9.2166525379324753,26.653601634341676,9.2166525379324753,28.202148217594317
734,1.6891580163487738,-9.7800800682433646,26.752321963183824,9.7800800682433646,28.483972626076913
735,1.6868598421768706,-10.328747016980685,26.846016979229461,10.328747016980685,28.764416256720107
736,1.6845679130434781,-10.933099199447994,26.950204876246055,10.933099199447994,29.083435164653554
737,1.6822822035278153,-11.604140733854351,27.063417715580194,11.604140733854351,29.44630130626048
738,1.6800026883468833,-12.28446060842294,27.14854944310521,12.28446060842294,29.798518575671224
739,1.677729342354533,-12.990146702421207,27.235179504380731,12.990146702421207,30.174474543664633
740,1.6754621405405403,-13.719550585775277,27.352926948118409,13.719550585775277,30.600795429281717
741,1.6732010580296894,-14.517559021647898,27.517374238705692,14.517559021647898,31.11214240356993
742,1.6709460700808625,-15.391073836115957,27.677046437368652,15.391073836115957,31.668660428332515
743,1.6686971520861371,-16.309601320018693,27.900265220398758,16.309601320018693,32.317609666968686
744,1.6664542795698924,-17.423140433175632,28.215346286281211,17.423140433175632,33.161296545957342
745,1.6642174281879194,-18.756277692038367,28.487733062363617,18.756277692038367,34.107900666756684
746,1.6619865737265413,-20.283178988472642,28.765285776163232,20.283178988472642,35.197287049753662
747,1.6597616921017402,-22.191040337630604,29.015519669010395,22.191040337630604,36.528655230230932
748,1.6575427593582885,-24.528897708420139,29.041879418659299,24.528897708420139,38.014439137755083
749,1.6553297516688918,-27.374894381745406,28.751253443260346,27.374894381745406,39.699111035013189
750,1.6531226453333332,-30.92896233771674,27.715050531135347,30.92896233771674,41.529805408059481
751,1.6509214167776296,-34.864871280232862,25.136580964347907,34.864871280232862,42.98147219400964
752,1.6487260425531913,-37.971744533271504,20.506030987438912,37.971744533271504,43.154961357390178
753,1.6465364993359892,-38.632817089443819,14.804661874568943,38.632817089443819,41.372364804138734
754,1.6443527639257294,-37.032195683288649,10.112578941919228,37.032195683288649,38.38812016733732
755,1.6421748132450329,-34.710799572005641,7.0484256925305679,34.710799572005641,35.419202583783161
756,1.6400026243386243,-32.489584594879602,5.0498727320876551,32.489584594879602,32.879694672519697
757,1.6378361743725229,-30.477212898833152,3.7155062400067962,30.477212898833152,30.702858054264773
758,1.6356754406332452,-28.771916426521237,2.8228534023360616,28.771916426521237,28.910061850259034
759,1.6335204005270092,-27.305629771904755,2.1289682548557574,27.305629771904755,27.388499832420813
760,1.6313710315789474,-25.991011352173004,1.630377475328304,25.991011352173004,26.0420967247425
761,1.6292273114323257,-24.88214277228797,1.2503358461145897,24.88214277228797,24.913537859336667
762,1.6270892178477689,-23.873547389622203,0.9114184358967039,23.873547389622203,23.890938628062095
763,1.62495672870249,-22.966521709066242,0.67533389765350194,22.966521709066242,22.976448709196355
764,1.6228298219895287,-22.183644924329371,0.45318544267251992,22.183644924329371,22.188273460866089
765,1.6207084758169934,-21.435021143146635,0.25946866800176949,21.435021143146635,21.436591506039804
766,1.6185926684073106,-20.780679897596308,0.11679103009220881,20.780679897596308,20.781008087941096
767,1.6164823780964797,-20.179319551528067,-0.050749398508850074,20.179319551528067,20.17938336679622
768,1.6143775833333331,-19.598534058019325,-0.18052927396402341,19.598534058019325,19.599365501007973
769,1.6122782626788035,-19.08243427303853,-0.30981603909804845,19.08243427303853,19.084949142267
770,1.6101843948051946,-18.560229617139221,-0.43779927765670146,18.560229617139221,18.565392310652868
771,1.6080959584954604,-18.079901289676656,-0.51805768027193078,18.079901289676656,18.087321924611736
772,1.606012932642487,-17.63441961241935,-0.61320093485950111,17.63441961241935,17.645077796750932
773,1.6039352962483828,-17.195345223445827,-0.67695429440216093,17.195345223445827,17.208665388989083
774,1.6018630284237725,-16.808927928856747,-0.73573766076056168,16.808927928856747,16.825022080905622
775,1.5997961083870966,-16.422075418018579,-0.79913315052073663,16.422075418018579,16.4415076810903
776,1.5977345154639173,-16.068303763608519,-0.83572372182897348,16.068303763608519,16.090022373471808
777,1.595678229086229,-15.733880238732578,-0.89052902982023219,15.733880238732578,15.759061815975342
778,1.5936272287917737,-15.40478340363191,-0.92316925890259693,15.40478340363191,15.432420198834526
779,1.5915814942233633,-15.108980256272453,-0.96149762551252249,15.108980256272453,15.139542994037074
780,1.5895410051282051,-14.808700781265664,-0.99725095217275639,14.808700781265664,14.842241349966917
781,1.5875057413572342,-14.536439518291012,-1.0218498988103093,14.536439518291012,14.572311109931439
782,1.5854756828644501,-14.267217499845515,-1.0571391998564259,14.267217499845515,14.306328616237332
783,1.5834508097062578,-14.011194046283247,-1.0758840754309813,14.011194046283247,14.052440540574048
784,1.5814311020408163,-13.76891885980891,-1.1053724162222343,13.76891885980891,13.813217393009728
785,1.5794165401273885,-13.528528527867252,-1.1237743812345173,13.528528527867252,13.575122577319041
786,1.5774071043256996,-13.306322766773686,-1.1456655498159702,13.306322766773686,13.355552220915271
787,1.5754027750952986,-13.08267567450347,-1.1648716103821593,13.08267567450347,13.134432940668553
788,1.5734035329949236,-12.874923580342507,-1.1805956271031259,12.874923580342507,12.928938983319339
789,1.5714093586818756,-12.667834926672882,-1.1993437317903677,12.667834926672882,12.724482980318617
790,1.5694202329113922,-12.471388000901701,-1.2112369784038475,12.471388000901701,12.530068383168858
791,1.5674361365360303,-12.279146283128853,-1.2280865045180014,12.279146283128853,12.340406391406095
792,1.5654570505050505,-12.09258940218222,-1.237846115713088,12.09258940218222,12.155779755159919
793,1.5634829558638081,-11.912824980985192,-1.2521234229713356,11.912824980985192,11.978447816555294
794,1.5615138337531485,-11.735442341832012,-1.2605121327570417,11.735442341832012,11.80294445446946
795,1.559549665408805,-11.565817072524876,-1.272224637568786,11.565817072524876,11.635578201513876
796,1.5575904321608038,-11.396957966924372,-1.279447624121814,11.396957966924372,11.468549913686205
797,1.5556361154328731,-11.235454290768836,-1.2888360417432001,11.235454290768836,11.309134867992871
798,1.5536866967418546,-11.074172976152266,-1.2949446748532099,11.074172976152266,11.14962729496694
799,1.5517421576971213,-10.919172602384613,-1.3022418983442994,10.919172602384613,10.996552381654448
800,1.5498024799999999,-10.764076574187289,-1.3071162860719707,10.764076574187289,10.843149795160176
801,1.5478676454431959,-10.614021468752792,-1.3125813524477818,10.614021468752792,10.694873610564025
802,1.5459376359102244,-10.463451602327254,-1.3158515382478959,10.463451602327254,10.545865763651372
803,1.5440124333748442,-10.316331924263643,-1.3193789566712972,10.316331924263643,10.400358897792339
804,1.5420920199004975,-10.168078146020417,-1.3203698326509874,10.168078146020417,10.25344769716766
805,1.5401763776397515,-10.021151674986264,-1.3209224090300198,10.021151674986264,10.107834431952162
806,1.5382654888337468,-9.8719312851418906,-1.3176082169951604,9.8719312851418906,9.9594738170275026
807,1.5363593358116481,-9.7212054661140677,-1.3114887935217858,9.7212054661140677,9.8092730908023587
808,1.5344579009900989,-9.5667497141724702,-1.2971797052189662,9.5667497141724702,9.654293101063951
809,1.5325611668726822,-9.4094326743085368,-1.2721111304883386,9.4094326743085368,9.4950350173476163
810,1.5306691160493826,-9.2542097720714231,-1.227332208700894,9.2542097720714231,9.3352419816530112
811,1.5287817311960541,-9.113790740312151,-1.1616338656825003,9.113790740312151,9.1875227834329731
812,1.5268989950738916,-9.0032381487999977,-1.0862736172754297,9.0032381487999977,9.068532821553676
813,1.5250208905289051,-8.9181112724396492,-1.0212417648392362,8.9181112724396492,8.9763936750716926
814,1.5231474004914003,-8.8451320966095501,-0.97312368666108684,8.8451320966095501,8.8985016444350524
815,1.52127850797546,-8.7742646214624642,-0.93802423695643267,8.7742646214624642,8.8242625253652527
816,1.5194141960784313,-8.7021677448123214,-0.91176175826311512,8.7021677448123214,8.7498018813389713
817,1.5175544479804159,-8.6279981068123064,-0.89060744306515016,8.6279981068123064,8.6738418793980667
818,1.5156992469437651,-8.5513958258239704,-0.8725799165685364,8.5513958258239704,8.5957993392539347
819,1.5138485763125762,-8.4725983911973515,-0.85633477676436964,8.4725983911973515,8.5157637795100936
820,1.5120024195121951,-8.3915762011882151,-0.84075602758896695,8.3915762011882151,8.4335889061701135
821,1.510160760048721,-8.3081861005931223,-0.82507198485115829,8.3081861005931223,8.3490538423389609
822,1.5083235815085156,-8.222235783550893,-0.80848828348030066,8.222235783550893,8.2618892866480422
823,1.5064908675577156,-8.133359009564284,-0.79006495470589644,8.133359009564284,8.17164190423901
824,1.5046626019417475,-8.041058509050913,-0.76859930801699083,8.041058509050913,8.0777080191267316
825,1.5028387684848483,-7.94478012540511,-0.7423610669081202,7.94478012540511,7.9793878959913336
826,1.5010193510895882,-7.8441034900255531,-0.70869922351280423,7.8441034900255531,7.8760532090405979
827,1.4992043337363965,-7.7393541640156904,-0.6634665090544597,7.7393541640156904,7.7677403847389188
828,1.4973937004830917,-7.6332930447990712,-0.60051421380836079,7.6332930447990712,7.6568779557182278
829,1.4955874354644147,-7.5347467993939645,-0.51302952721589323,7.5347467993939645,7.5521923059978384
830,1.4937855228915662,-7.4613670496302404,-0.40140189212446986,7.4613670496302404,7.4721564309313671
831,1.4919879470517448,-7.4284075151420197,-0.28421458305598624,7.4284075151420197,7.433842622778621
832,1.4901946923076923,-7.4290501047013251,-0.18613802991283401,7.4290501047013251,7.4313816228439382
833,1.4884057430972388,-7.4439370635549515,-0.11496871204966974,7.4439370635549515,7.4448248341325991
834,1.4866210839328535,-7.4601460418494483,-0.065513385654021705,7.4601460418494483,7.4604336984803936
835,1.4848406994011976,-7.4727627981754132,-0.030843346870846888,7.4727627981754132,7.472826449867588
836,1.4830645741626793,-7.4807148772131349,-0.0059131686081529411,7.4807148772131349,7.4807172142596672
837,1.4812926929510155,-7.4842668500075007,0.012506014651326114,7.4842668500075007,7.4842772986123149
838,1.4795250405727922,-7.4840363571455626,0.026446633365403427,7.4840363571455626,7.4840830847534692
839,1.4777616019070321,-7.4806621347882576,0.037211770471921812,7.4806621347882576,7.4807546872435582
840,1.4760023619047618,-7.4747075386230257,0.045661046367443947,7.4747075386230257,7.474847003056535
841,1.474247305588585,-7.4666436726290364,0.052378739456147794,7.4666436726290364,7.4668273896185822
842,1.4724964180522564,-7.4568572147424277,0.057773341485724217,7.4568572147424277,7.4570810160573302
843,1.4707496844602608,-7.4456640855582208,0.062137848449335842,7.4456640855582208,7.4459233669962952
844,1.4690070900473933,-7.4333228106285389,0.065687273497633869,7.4333228106285389,7.4336130397613589
845,1.4672686201183431,-7.4200458785758912,0.068582636425493726,7.4200458785758912,7.4203628225437965
846,1.4655342600472812,-7.4060089088481078,0.070946711514769223,7.4060089088481078,7.406348722131054
847,1.4638039952774498,-7.3913579025914373,0.072874619340361158,7.3913579025914373,7.3917171451797925
848,1.4620778113207547,-7.3762149404675839,0.074441111213534639,7.3762149404675839,7.3765905625170696
849,1.4603556937573614,-7.3606826615012402,0.075705681930431534,7.3606826615012402,7.3610719731301053
850,1.458637628235294,-7.3448477971428829,0.076716225378053116,7.3448477971428829,7.3452484329960495
851,1.4569236004700352,-7.3287839754736943,0.07751169279815967,7.3287839754736943,7.3291938589233983
852,1.4552135962441313,-7.312553960688092,0.078124055830405437,7.312553960688092,7.3129712700156633
853,1.4535076014067994,-7.2962114537841813,0.078579776729134854,7.2962114537841813,7.2966345913470461
854,1.4518056018735361,-7.2798025503876751,0.078900923790179961,7.2798025503876751,7.2802301150723157
855,1.4501075836257309,-7.2633669289505711,0.079106027701972476,7.2633669289505711,7.2637976918545606
856,1.4484135327102803,-7.2469388255089981,0.079210746214123634,7.2469388255089981,7.2473717086255158
857,1.4467234352392064,-7.230547838329862,0.079228385253964445,7.230547838329862,7.2309818959396228
858,1.4450372773892772,-7.2142195960780526,0.079170311320424819,7.2142195960780526,7.2146539985387488
859,1.4433550454016297,-7.1979763157723404,0.079046280669888946,7.1979763157723404,7.1984103354079005
860,1.4416767255813951,-7.1818372711844347,0.078864704199584412,7.1818372711844347,7.1822702700011494
861,1.4400023042973287,-7.165819188026969,0.07863286218658852,7.165819188026969,7.1662506070127865
862,1.4383317679814385,-7.1499365789461642,0.078357079591276996,7.1499365789461642,7.1503659287392036
863,1.4366651031286211,-7.1342020287504724,0.078042870100860334,7.1342020287504724,7.134628881490678
864,1.4350022962962963,-7.1186264382825684,0.077695055209371977,7.1186264382825684,7.1190504204858351
865,1.4333433341040462,-7.1032192337525064,0.077317863223122951,7.1032192337525064,7.1036400200689309
866,1.4316882032332563,-7.0879885470877877,0.076915012017276602,7.0879885470877877,7.0884058548252762
867,1.4300368904267589,-7.0729413718546859,0.076489778558842758,7.0729413718546859,7.0733549561659661
868,1.4283893824884792,-7.0580836985015143,0.07604505758925173,7.0580836985015143,7.0584933481470795
869,1.426745666283084,-7.043420632027825,0.075583411377935117,7.043420632027825,7.0438261656397216
870,1.4251057287356321,-7.0289564946604504,0.075107112083259042,7.0289564946604504,7.0293577574423409
871,1.4234695568312283,-7.0146949156911251,0.074618177962752857,7.0146949156911251,7.0150917764991076
872,1.4218371376146788,-7.0006389102841258,0.074118404441967961,7.0006389102841258,7.001031259040424
873,1.4202084581901488,-6.9867909487740576,0.073609390866887614,6.9867909487740576,6.9871786941722682
874,1.4185835057208236,-6.9731530177414083,0.0730925636171601,6.9731530177414083,6.9735360852075781
875,1.4169622674285713,-6.9597266739559895,0.072569196138984882,6.9597266739559895,6.9601050038345509
876,1.4153447305936071,-6.94651309211757,0.072040426360784643,6.94651309211757,6.9468866380552834
877,1.4137308825541619,-6.9335131071863589,0.07150727187715239,6.9335131071863589,6.9338818346908937
878,1.4121207107061502,-6.920727251983946,0.07097064322324434,6.920727251983946,6.9210911371367443
879,1.4105142025028441,-6.9081557906481628,0.070431355509955801,6.9081557906481628,6.908514818953833
880,1.4089113454545454,-6.8957987484455714,0.069890138647489441,6.8957987484455714,6.8961529138022799
881,1.4073121271282631,-6.8836559383777551,0.06934764634976931,6.8836559383777551,6.8840052421550046
882,1.4057165351473921,-6.8717269849576859,0.068804464082817263,6.8717269849576859,6.8720714351695564
883,1.404124557191393,-6.8600113454846134,0.068261116096014596,6.8600113454846134,6.8603509560479701
884,1.4025361809954751,-6.8485083291029945,0.067718071654671391,6.8485083291029945,6.8488431191714199
885,1.4009513943502825,-6.8372171138954538,0.067175750575422188,6.8372171138954538,6.8375471072607796
886,1.3993701851015801,-6.8261367622271614,0.066634528151505085,6.8261367622271614,6.8264619867813723
887,1.3977925411499434,-6.815266234534084,0.066094739542991637,6.815266234534084,6.8155867217852686
888,1.3962184504504505,-6.8046044017223473,0.065556683696637669,6.8046044017223473,6.8049201863590163
889,1.3946479010123733,-6.7941500563284745,0.065020626851439833,6.7941500563284745,6.7944611758272915
890,1.3930808808988764,-6.7839019225697363,0.064486805678520692,6.7839019225697363,6.7842084168421577
891,1.3915173782267114,-6.7738586654018285,0.06395543009758875,6.7738586654018285,6.7741605764757606
892,1.3899573811659192,-6.7640188986842453,0.063426685806883099,6.7640188986842453,6.7643162704171429
893,1.3884008779395296,-6.7543811925471164,0.062900736558762882,6.7543811925471164,6.7546740703674111
894,1.3868478568232661,-6.7449440800369462,0.062377726209162765,6.7449440800369462,6.7452325107109896
895,1.3852983061452513,-6.7357060631165986,0.061857780565628018,6.7357060631165986,6.7359900945386046
896,1.3837522142857142,-6.7266656180803697,0.061341009055667445,6.7266656180803697,6.7269452990831242
897,1.3822095696767001,-6.7178212004436748,0.060827506234598261,6.7178212004436748,6.7180965806279698
898,1.3806703608017816,-6.7091712493577269,0.06031735314972847,6.7091712493577269,6.7094423789387525
899,1.379134576195773,-6.7007141915944946,0.059810618575852542,6.7007141915944946,6.700981121263534
900,1.3776022044444443,-6.6924484451437873,0.059307360135251036,6.6924484451437873,6.6927112259437669
901,1.3760732341842397,-6.684372422458873,0.05880762531392611,6.684372422458873,6.6846311056724561
902,1.3745476541019954,-6.6764845333839045,0.058311452384498391,6.6764845333839045,6.67673917043295
903,1.3730254529346622,-6.6687831877928279,0.057818871245013725,6.6687831877928279,6.6690338301481367
904,1.3715066194690264,-6.6612667979664408,0.057329904181921854,6.6612667979664408,6.6615134970668342
905,1.3699911425414364,-6.6539337807324532,0.056844566564601851,6.6539337807324532,6.6541765879123158
906,1.3684790110375276,-6.6467825593894396,0.056362867478008311,6.6467825593894396,6.6470215258139467
907,1.3669702138919513,-6.6398115654352043,0.055884810299326654,6.6398115654352043,6.6400467420425047
908,1.3654647400881057,-6.6330192401168695,0.055410393223919885,6.6330192401168695,6.633250677566604
909,1.3639625786578657,-6.6264040358191547,0.054939609745301793,6.6264040358191547,6.6266317844467064
910,1.3624637186813187,-6.6199644173054679,0.054472449093386083,6.6199644173054679,6.6201885270814431
911,1.3609681492864982,-6.6136988628247337,0.054008896634833853,6.6136988628247337,6.6139193833191596
912,1.3594758596491228,-6.6076058650963141,0.053548934238952961,6.6076058650963141,6.6078228454471546
913,1.3579868389923329,-6.6016839321841339,0.053092540612237032,6.6016839321841339,6.6018974210697063
914,1.3565010765864332,-6.595931588269293,0.052639691604352473,6.595931588269293,6.5961416338842263
915,1.3550185617486339,-6.5903473743308485,0.05219036048811726,6.5903473743308485,6.5905540243652805
916,1.3535392838427946,-6.5849298487426822,0.051744518215728147,6.5849298487426822,6.5851331503643644
917,1.352063232279171,-6.5796775877939861,0.051302133653335316,6.5796775877939861,6.5798775876330602
918,1.350590396514161,-6.574589186140436,0.050863173795823197,6.574589186140436,6.5747859302766161
919,1.3491207660500544,-6.569663257191479,0.05042760396351241,6.569663257191479,6.5698567911434163
920,1.3476543304347826,-6.5648984334408524,0.049995387982309056,6.5648984334408524,6.56508880215749
921,1.346191079261672,-6.5602933667438066,0.049566488348725096,6.5602933667438066,6.5604806145975312
922,1.3447310021691974,-6.5558467285474009,0.049140866381024967,6.5558467285474009,6.5560308993288263
923,1.3432740888407366,-6.551557210076437,0.048718482357674966,6.551557210076437,6.5517383469906498
924,1.3418203290043289,-6.5474235224814343,0.048299295644152099,6.5474235224814343,6.5476016681455897
925,1.3403697124324323,-6.543444396949047,0.047883264809053167,6.543444396949047,6.5436195933911572
926,1.3389222289416847,-6.5396185847814632,0.047470347730419943,6.5396185847814632,6.5397908734402774
927,1.3374778683926645,-6.5359448574455694,0.047060501693052009,6.5359448574455694,6.5361142791714402
928,1.336036620689655,-6.5324220065955565,0.046653683477555954,6.5324220065955565,6.5325886016521766
929,1.334598475780409,-6.5290488440715162,0.046249849441797747,6.5290488440715162,6.5292126521384635
930,1.3331634236559138,-6.5258242018760626,0.045848955595360272,6.5258242018760626,6.525985262052048
931,1.331731454350161,-6.5227469321312022,0.04545095766759602,6.5227469321312022,6.5229052829379564
932,1.3303025579399141,-6.5198159070177475,0.045055811169744928,6.5198159070177475,6.5199715864044858
933,1.3288767245444801,-6.5170300186983958,0.04466347145163653,6.5170300186983958,6.5171830640467752
934,1.3274539443254818,-6.5143881792268719,0.044273893753366753,6.5143881792268719,6.5145386273564219
935,1.3260342074866309,-6.5118893204439878,0.04388703325237131,6.5118893204439878,6.512037207617916
936,1.3246175042735042,-6.5095323938622141,0.043502845106246912,6.5095323938622141,6.5096777557935903
937,1.3232038249733189,-6.5073163705405186,0.043121284491666925,6.5073163705405186,6.5074592423987436
938,1.3217931599147121,-6.5052402409497301,0.042742306639674252,6.5052402409497301,6.5053806573672981
939,1.3203854994675186,-6.5033030148301982,0.04236586686767059,6.5033030148301982,6.5034410099096762
940,1.3189808340425531,-6.5015037210422513,0.041991920608314151,6.5015037210422513,6.5016393283634715
941,1.3175791540913921,-6.4998414074110542,0.041620423435616935,6.4998414074110542,6.4999746600384745
942,1.3161804501061569,-6.4983151405656496,0.041251331088417775,6.4983151405656496,6.4984460710558585
943,1.3147847126193,-6.4969240057739928,0.040884599491456425,6.4969240057739928,6.4970526461833416
944,1.3133919322033898,-6.4956671067737677,0.040520184774235149,6.4956671067737677,6.4957934886660942
945,1.3120020994708994,-6.4945435655999972,0.040158043287823159,6.4945435655999972,6.4946677200544318
946,1.3106152050739956,-6.4935525224107522,0.039798131619788901,6.4935525224107522,6.4936744800295827
947,1.3092312397043293,-6.4926931353097448,0.039440406607377743,6.4926931353097448,6.4928129262263239
948,1.3078501940928269,-6.491964580168025,0.039084825349096894,6.491964580168025,6.4920822340547089
949,1.3064720590094836,-6.4913660504444213,0.038731345214808727,6.4913660504444213,6.4914815965205168
950,1.3050968252631578,-6.4908967570048528,0.038379923854463663,6.4908967570048528,6.4910102240445742
951,1.3037244837013668,-6.4905559279418128,0.038030519205572932,6.4905559279418128,6.4906673442822234
952,1.3023550252100839,-6.4903428083932564,0.037683089499520539,6.4903428083932564,6.4904522019421949
953,1.3009884407135361,-6.4902566603622933,0.037337593266802735,6.4902566603622933,6.4903640586062714
954,1.2996247211740042,-6.4902967625367474,0.036993989341278247,6.4902967625367474,6.4904021925488067
955,1.298263857591623,-6.490462410110208,0.036652236863517693,6.490462410110208,6.4905658985577448
956,1.296905841004184,-6.4907529146036218,0.036312295283306012,6.4907529146036218,6.4908544877561498
957,1.2955506624869382,-6.4911676036882593,0.035974124361375592,6.4911676036882593,6.4912672874251252
958,1.2941983131524006,-6.4917058210100276,0.03563768417043317,6.4917058210100276,6.4918036408280644
959,1.2928487841501564,-6.4923669260157819,0.035302935095526802,6.4923669260157819,6.4924629070368951
960,1.2915020666666666,-6.4931502937805359,0.034969837833819739,6.4931502937805359,6.4932444607592261
961,1.290158151925078,-6.4940553148374889,0.034638353393800142,6.4940553148374889,6.4941476921683003
962,1.2888170311850311,-6.4950813950092741,0.034308443093994834,6.4950813950092741,6.4951720067341681
963,1.2874786957424713,-6.4962279552422579,0.033980068561206112,6.4962279552422579,6.4963168250579058
964,1.2861431369294605,-6.4974944314417691,0.033653191728328924,6.4974944314417691,6.4975815827067755
965,1.2848103461139895,-6.4988802743109417,0.033327774831768797,6.4988802743109417,6.4989657300529826
966,1.2834803146997928,-6.5003849491912504,0.033003780408506697,6.5003849491912504,6.5004687321141237
967,1.2821530341261633,-6.5020079359053575,0.032681171292822803,6.5020079359053575,6.5020900683959546
968,1.2808284958677685,-6.503748728603238,0.032359910612736062,6.503748728603238,6.5038292327384406
969,1.2795066914344684,-6.5056068356099992,0.032039961786152871,6.5056068356099992,6.5056857331634763
970,1.278187612371134,-6.507581779277082,0.031721288516770904,6.507581779277082,6.5076590917260129
971,1.2768712502574664,-6.509673095835554,0.031403854789754659,6.509673095835554,6.5097488443672624
972,1.2755575967078188,-6.5118803352523447,0.031087624867202332,6.5118803352523447,6.5119545407708488
973,1.2742466433710173,-6.5142030610895585,0.03077256328341485,6.5142030610895585,6.51427574422204
974,1.2729383819301847,-6.5166408503657784,0.030458634840006799,6.5166408503657784,6.5167120314689626
975,1.271632804102564,-6.5191932934208179,0.030145804600848633,6.5191932934208179,6.5192629925872749
976,1.2703299016393441,-6.5218599937828845,0.029834037886873235,6.5218599937828845,6.5219282308472479
977,1.2690296663254861,-6.524640568038869,0.029523300270755143,6.524640568038869,6.5247073625839684
978,1.2677320899795501,-6.527534645707032,0.029213557571469415,6.527534645707032,6.5276000170699504
979,1.2664371644535239,-6.5305418691128487,0.028904775848756364,6.5305418691128487,6.5306058363908948
980,1.2651448816326529,-6.5336618932674764,0.028596921397484334,6.5336618932674764,6.5337244753240826
981,1.26385523343527,-6.5368943857493296,0.028289960741935016,6.5368943857493296,6.5369556012198746
982,1.2625682118126271,-6.540239026587928,0.027983860630012777,6.540239026587928,6.5402988938854749
983,1.2612838087487284,-6.5436955081512362,0.027678588027388124,6.5436955081512362,6.5437540454722063
984,1.2600020162601626,-6.5472635350350021,0.027374110111585206,6.5472635350350021,6.5473207603647641
985,1.2587228263959389,-6.5509428239559515,0.027070394266016332,6.5509428239559515,6.5509987550743505
986,1.2574462312373225,-6.5547331036465355,0.026767408073968504,6.5547331036465355,6.5547877581333429
987,1.2561722228976697,-6.5586341147534899,0.026465119312559751,6.5586341147534899,6.5586875099937885
988,1.2549007935222671,-6.5626456097385848,0.026163495946651863,6.5626456097385848,6.5626977629280834
989,1.2536319352881697,-6.5667673527822679,0.025862506122739326,6.5667673527822679,6.5668182809325542
990,1.2523656404040404,-6.5709991196901232,0.025562118162809927,6.5709991196901232,6.571048839633848
991,1.2511019011099898,-6.5753406978019946,0.025262300558190773,6.5753406978019946,6.5753892261979985
992,1.2498407096774193,-6.5797918859035018,0.024963021963366971,6.5797918859035018,6.579839239241875
993,1.248582058408862,-6.5843524941410916,0.024664251189795462,6.5843524941410916,6.5843986887481813
994,1.2473259396378269,-6.5890223439386304,0.024365957199698564,6.5890223439386304,6.5890673959819823
995,1.2460723457286431,-6.593801267917561,0.024068109099853872,6.593801267917561,6.5938451934108127
996,1.2448212690763052,-6.5986891098193734,0.023770676135378012,6.5986891098193734,6.5987319246270895
997,1.2435727021063188,-6.6036857244304148,0.023473627683495403,6.6036857244304148,6.6037274442728693
998,1.242326637274549,-6.6087909775098321,0.023176933247318288,6.6087909775098321,6.6088316179677413
999,1.2410830670670669,-6.6140047457196935,0.022880562449608392,6.6140047457196935,6.6140443222389012
1000,1.2398419839999999,-6.6193269165579309,0.02258448502654966,6.6193269165579309,6.6193654444540408
1001,1.2386033806193806,-6.6247573882935065,0.022288670821514284,6.6247573882935065,6.6247948827564764
1002,1.237367249500998,-6.6302960699046771,0.021993089778830535,6.6302960699046771,6.6303325460033626
1003,1.2361335832502491,-6.635942881018968,0.021697711937550677,6.635942881018968,6.6359783537056272
1004,1.234902374501992,-6.6416977518564657,0.021402507425223538,6.6416977518564657,6.641732235971225
1005,1.2336736159203978,-6.6475606231750977,0.021107446451661564,6.6475606231750977,6.6475941334503714
1006,1.232447300198807,-6.6535314462185049,0.020812499302716621,6.6535314462185049,6.6535639972833902
1007,1.2312234200595829,-6.6596101826663006,0.020517636334052458,6.6596101826663006,6.6596417890509247
1008,1.2300019682539682,-6.6657968045868916,0.020222827964920823,6.6657968045868916,6.6658274807267341
1009,1.2287829375619423,-6.6720912943927235,0.019928044671934729,6.6720912943927235,6.672121054632898
1010,1.2275663207920791,-6.6784936447977632,0.019633256982847527,6.6784936447977632,6.6785225033972795
1011,1.2263521107814044,-6.685003858777435,0.019338435470324891,6.685003858777435,6.6850318299134246
1012,1.2251403003952568,-6.6916219495311111,0.019043550745723253,6.6916219495311111,6.6916490473030308
1013,1.2239308825271471,-6.6983479404466806,0.018748573452859532,6.6983479404466806,6.6983741788804849
1014,1.2227238500986193,-6.7051818650677806,0.018453474261780865,6.7051818650677806,6.7052072581200779
1015,1.2215191960591132,-6.7121237670630354,0.018158223862532984,6.7121237670630354,6.7121483286252186
1016,1.2203169133858267,-6.7191737001978531,0.017862792958919078,6.7191737001978531,6.7191974441002102
1017,1.219116995083579,-6.7263317283085797,0.01756715226225699,6.7263317283085797,6.7263546683243876
1018,1.2179194341846757,-6.7335979252787297,0.017271272485126096,6.7335979252787297,6.7336200751283304
1019,1.2167242237487732,-6.7409723750176003,0.016975124335108553,6.7409723750176003,6.7409937483724622
1020,1.215531356862745,-6.7484551714414387,0.01667867850851807,6.7484551714414387,6.7484757819282049
1021,1.2143408266405484,-6.7560464184564601,0.016381905684119437,6.7560464184564601,6.7560662796609829
1022,1.2131526262230918,-6.7637462299443811,0.016084776516834612,6.7637462299443811,6.7637653554157566
1023,1.2119667487781036,-6.7715547297503136,0.015787261631434929,6.7715547297503136,6.7715731330048907
1024,1.2107831874999999,-6.7794720516726947,0.015489331616216122,6.7794720516726947,6.7794897461980943
1025,1.209601935609756,-6.7874983394554746,0.015190957016659186,6.7874983394554746,6.787515338714595
1026,1.2084229863547757,-6.795633746782924,0.014892108329066601,6.795633746782924,6.7956500642179485
1027,1.2072463330087633,-6.8038784372760688,0.014592755994183859,6.8038784372760688,6.8038940863124662
1028,1.2060719688715953,-6.8122325844918805,0.014292870390792647,6.8122325844918805,6.8122475785424097
1029,1.2048998872691934,-6.82069637192469,0.013992421829284001,6.82069637192469,6.8207107243934111
1030,1.203730081553398,-6.8292699930092997,0.013691380545201422,6.8292699930092997,6.829283717295576
1031,1.2025625451018427,-6.8379536511270658,0.013389716692756237,6.8379536511270658,6.8379667606295866
1032,1.2013972713178294,-6.8467475596136964,0.013087400338315333,6.8467475596136964,6.8467600677344995
1033,1.2002342536302033,-6.8556519417694233,0.012784401453851693,6.8556519417694233,6.8556638619179244
1034,1.1990734854932301,-6.8646670308715372,0.012480689910362198,6.8646670308715372,6.8646783764685786
1035,1.1979149603864734,-6.8737930701889347,0.012176235471250928,6.8737930701889347,6.8738038546708387
1036,1.1967586718146717,-6.8830303129992139,0.011871007785669487,6.8830303129992139,6.8830405498218514
1037,1.1956046133076181,-6.8923790226077095,0.011564976381818699,6.8923790226077095,6.8923887252505951
1038,1.1944527784200385,-6.9018394723688985,0.011258110660204705,6.9018394723688985,6.9018486543392878
1039,1.1933031607314726,-6.911411945710098,0.010950379886850874,6.911411945710098,6.9114206205471183
1040,1.1921557538461538,-6.9210967361573967,0.01064175318646244,6.9210967361573967,6.9211049174361934
1041,1.1910105513928915,-6.9308941473638015,0.010332199535533711,6.9308941473638015,6.9309018486997083
1042,1.189867547024952,-6.9408044931398578,0.010021687755412581,6.9408044931398578,6.9408117281925978
1043,1.1887267344199424,-6.9508280974861236,0.009710186505300724,6.9508280974861236,6.9508348799640265
1044,1.1875881072796934,-6.9609652946283997,0.0093976642751978888,6.9609652946283997,6.9609716382926656
1045,1.1864516593301435,-6.9712164290550351,0.0090840893787875465,6.9712164290550351,6.9712223477240114
1046,1.1853173843212237,-6.9815818555567404,0.0087694299462548163,6.9815818555567404,6.9815873631102461
1047,1.1841852760267431,-6.9920619392681402,0.0084536539170426347,6.9920619392681402,6.9920670496518191
1048,1.1830553282442746,-7.0026570557125183,0.0081367290325344427,7.0026570557125183,7.0026617829422317
1049,1.1819275347950429,-7.0133675908483468,0.0078186228286663308,7.0133675908483468,7.0133719490146014
1050,1.1808018895238095,-7.0241939411183196,0.0074993026284670521,7.0241939411183196,7.0241979443907487
1051,1.179678386298763,-7.0351365135007242,0.0071787355345149517,7.0351365135007242,7.0351401761325976
1052,1.1785570190114067,-7.0461957255632619,0.0068568884213189331,7.0461957255632619,7.0461990618960515
1053,1.1774377815764481,-7.0573720055194862,0.0065337279276114005,7.0573720055194862,7.0573750299874787
1054,1.1763206679316887,-7.0686657922871845,0.0062092204485588928,7.0686657922871845,7.0686685194221406
1055,1.1752056720379147,-7.0800775355496892,0.0058833321278767246,7.0800775355496892,7.0800799799855572
1056,1.1740927878787879,-7.0916076958194143,0.0055560288498544205,7.0916076958194143,7.0916098722971022
1057,1.1729820094607379,-7.103256744504046,0.0052272762312827493,7.103256744504046,7.1032586678762462
1058,1.1718733308128544,-7.1150251639749627,0.0048970396132817177,7.1150251639749627,7.1150268492110351
1059,1.1707667459867799,-7.1269134476386427,0.0045652840530214529,7.1269134476386427,7.1269149098295683
1060,1.1696622490566038,-7.1389221000102339,0.0042319743153408588,7.1389221000102339,7.138923354373623
1061,1.1685598341187557,-7.15105163678985,0.0038970748642510981,7.15105163678985,7.15105269867502
1062,1.167459495291902,-7.1633025849416896,0.0035605498543261321,7.1633025849416896,7.163303469834819
1063,1.1663612267168391,-7.1756754827754641,0.0032223631219776075,7.1756754827754641,7.1756762063048098
1064,1.165265022556391,-7.1881708800307234,0.0028824781766010488,7.1881708800307234,7.1881714579719151
1065,1.164170876995305,-7.2007893379638528,0.0025408581916031518,7.2007893379638528,7.2007897862452728
1066,1.16307878424015,-7.2135314294377775,0.002197465995294889,7.2135314294377775,7.2135317641460075
1067,1.1619887385192127,-7.2263977390144074,0.0018522640616508226,7.2263977390144074,7.2263979763997703
1068,1.1609007340823969,-7.2393888630500758,0.0015052145009311155,7.2393888630500758,7.2393890195322532
1069,1.1598147652011224,-7.2525054097934412,0.001156279050159267,7.2525054097934412,7.2525055019671898
1070,1.1587308261682243,-7.2657479994867522,0.00080541906345548472,7.2657479994867522,7.265748044127708
1071,1.1576489112978523,-7.2791172644696509,0.00045259550221472041,7.2791172644696509,7.2791172785402232
1072,1.1565690149253731,-7.2926138492860222,9.7768925130978582e-05,7.2926138492860222,7.2926138499413939
1073,1.1554911314072693,-7.3062384107939895,-0.00025910052193900716,7.3062384107939895,7.3062384153882194
1074,1.1544152551210427,-7.3199916182787561,-0.00061805311627966854,7.3199916182787561,7.3199916443709752
1075,1.1533413804651163,-7.3338741535686491,-0.00097912956879019032,7.3338741535686491,7.3338742189293766
1076,1.1522695018587359,-7.347886711154171,-0.0013423710346335744,7.347886711154171,7.3478868337717369
1077,1.1511996137418754,-7.3620299983104172,-0.0017078191240674744,7.3620299983104172,7.3620301963975008
1078,1.150131710575139,-7.3763047352225577,-0.0020755159134607602,7.3763047352225577,7.3763050272228456
1079,1.1490657868396663,-7.3907116551145275,-0.0024455039565008767,7.3907116551145275,7.3907120597094913
1080,1.1480018370370371,-7.4052515043811216,-0.0028178262956009871,7.4052515043811216,7.4052520404969275
1081,1.1469398556891766,-7.4199250427237367,-0.0031925264735078521,7.4199250427237367,7.4199257295382761
1082,1.1458798373382624,-7.4347330432890217,-0.0035696485451194734,7.4347330432890217,7.4347339002390926
1083,1.1448217765466298,-7.4496762928112616,-0.0039492370895172439,7.4496762928112616,7.4496773395998668
1084,1.143765667896679,-7.4647555917585144,-0.0043313372222203907,7.4647555917585144,7.4647568483623195
1085,1.1427115059907833,-7.4799717544817845,-0.0047159946076652144,7.4799717544817845,7.4799732411587172
1086,1.1416592854511969,-7.4953256093686136,-0.0051032554719223069,7.4953256093686136,7.4953273466656141
1087,1.1406090009199632,-7.5108179989995989,-0.0054931666156497853,7.5108179989995989,7.5108200077605245
1088,1.1395606470588235,-7.5264497803094699,-0.0058857754272967997,7.5264497803094699,7.5264520816831642
1089,1.1385142185491275,-7.5422218247513015,-0.0062811298965616182,7.5422218247513015,7.5422244401998286
1090,1.137469710091743,-7.5581350184651548,-0.0066792786281101163,7.5581350184651548,7.5581379697722024
1091,1.1364271164069659,-7.5741902624504931,-0.0070802708555630228,7.5741902624504931,7.5741935717299471
1092,1.1353864322344323,-7.590388472742795,-0.0074841564557624803,7.590388472742795,7.5903921624475075
1093,1.1343476523330283,-7.6067305805940606,-0.0078909859633198073,7.6067305805940606,7.6067346735247927
1094,1.1333107714808044,-7.6232175326578471,-0.0083008105854582553,7.6232175326578471,7.6232220519724052
1095,1.1322757844748859,-7.6398502911783446,-0.0087136822171558371,7.6398502911783446,7.6398552604009202
1096,1.1312426861313867,-7.6566298341841588,-0.009129653456597199,7.6566298341841588,7.6566352772148676
1097,1.1302114712853235,-7.6735571556860727,-0.0095487776209441828,7.6735571556860727,7.6735630968106978
1098,1.1291821347905282,-7.6906332658797609,-0.0099711087624328593,7.6906332658797609,7.6906397297797238
1099,1.1281546715195632,-7.7078591913530907,-0.010396701684808003,7.7078591913530907,7.7078662031156364
1100,1.1271290763636364,-7.7252359752979842,-0.010825611960101233,7.7252359752979842,7.7252435604265921
1101,1.1261053442325157,-7.7427646777272301,-0.011257895945767496,7.7427646777272301,7.7427728621522638
1102,1.1250834700544463,-7.7604463756961479,-0.01169361080218535,7.7604463756961479,7.7604551857857578
1103,1.1240634487760652,-7.7782821635294326,-0.012132814510533652,7.7782821635294326,7.7782916261006871
1104,1.1230452753623188,-7.7962731530530007,-0.012575565891055258,7.7962731530530007,7.7962832953832866
1105,1.12202894479638,-7.8144204738309888,-0.013021924621717692,7.8144204738309888,7.8144313236696759
1106,1.121014452079566,-7.8327252734083004,-0.0134719512572841,7.8327252734083004,7.8327368589886781
1107,1.1200017922312555,-7.8511887175584363,-0.01392570724880323,7.8511887175584363,7.8512010676099271
1108,1.1189909602888086,-7.869811990536995,-0.014383254963532693,7.869811990536995,7.8698251342976624
1109,1.1179819513074842,-7.888596295340875,-0.014844657705307619,7.888596295340875,7.8886102625702179
1110,1.1169747603603604,-7.9075428539730801,-0.015309979735365395,7.9075428539730801,7.9075576749651484
1111,1.1159693825382537,-7.9266529077138976,-0.015779286293643151,7.9266529077138976,7.92666861331071
1112,1.1149658129496403,-7.945927717397538,-0.016252643620556912,7.945927717397538,7.9459443390028293
1113,1.1139640467205749,-7.9653685636956091,-0.016730118979281755,7.9653685636956091,7.9653861332889138
1114,1.112964078994614,-7.9849767474064386,-0.017211780678541053,7.9849767474064386,7.9849952975575151
1115,1.1119659049327353,-8.0047535897511217,-0.01769769809592725,8.0047535897511217,8.0047731536347335
1116,1.1109695197132616,-8.0247004326760809,-0.018187941701759469,8.0247004326760809,8.0247210440871406
1117,1.1099749185317815,-8.044818639162493,-0.018682583083504324,8.044818639162493,8.0448403325315869
1118,1.1089820966010733,-8.0651095935427008,-0.01918169497076893,8.0651095935427008,8.0651324039519938
1119,1.1079910491510276,-8.0855747018232798,-0.019685351260883485,8.0855747018232798,8.0855986650228253
1120,1.1070017714285714,-8.1062153920160682,-0.020193627045095593,8.1062153920160682,8.1062405444405261
1121,1.1060142586975914,-8.1270331144759105,-0.020706598635387458,8.1270331144759105,8.1270594932616955
1122,1.1050285062388592,-8.1480293422464207,-0.021224343591939435,8.1480293422464207,8.1480569852492764
1123,1.1040445093499553,-8.1692055714134284,-0.021746940751256071,8.1692055714134284,8.1692345172264602
1124,1.1030622633451956,-8.1905633214662288,-0.022274470254975212,8.1905633214662288,8.1905936094383929
1125,1.1020817635555555,-8.2121041356669693,-0.022807013579381225,8.2121041356669693,8.2121358059220473
1126,1.1011030053285966,-8.2338295814288678,-0.023344653565639542,8.2338295814288678,8.2338626748849268
1127,1.1001259840283939,-8.2557412507019663,-0.023887474450779961,8.2557412507019663,8.255775809091336
1128,1.0991506950354608,-8.2778407603687718,-0.024435561899445783,8.2778407603687718,8.2778768262585309
1129,1.0981771337466784,-8.3001297526477238,-0.024989003036433866,8.3001297526477238,8.3001673694607341
1130,1.0972052955752212,-8.322609895506897,-0.025547886480048958,8.322609895506897,8.3226491075433966
1131,1.0962351759504863,-8.3452828830861101,-0.026112302376298129,8.3452828830861101,8.3453237355458771
1132,1.0952667703180212,-8.3681504361294436,-0.026682342433947528,8.3681504361294436,8.3681929751345461
1133,1.0943000741394526,-8.3912143024271266,-0.02725809996047153,8.3912143024271266,8.3912585750452848
1134,1.0933350828924162,-8.4144762572676477,-0.027839669898917466,8.4144762572676477,8.4145223115362313
1135,1.0923717920704845,-8.4379381039003434,-0.028427148865718503,8.4379381039003434,8.4379859888510094
1136,1.0914101971830985,-8.4616016740084063,-0.029020635189477527,8.4616016740084063,8.4616514396924121
1137,1.0904502937554967,-8.4854688281930066,-0.02962022895075854,8.4854688281930066,8.4855205257072051
1138,1.0894920773286467,-8.5095414564684262,-0.030226032022911353,8.5095414564684262,8.5095951379819859
1139,1.0885355434591746,-8.5338214787683668,-0.03083814811396457,8.5338214787683668,8.5338771975502095
1140,1.0875806877192982,-8.5583108454649199,-0.031456682809618622,8.5583108454649199,8.5583686559119343
1141,1.0866275056967571,-8.5830115378981588,-0.032081743617373482,8.5830115378981588,8.5830714955641874
1142,1.0856759929947459,-8.6079255689195513,-0.032713440011827286,8.6079255689195513,8.6079877305451813
1143,1.084726145231846,-8.633054983446943,-0.033351883481179997,8.633054983446943,8.6331194069901436
1144,1.083777958041958,-8.6584018590333045,-0.033997187574985405,8.6584018590333045,8.6584686037009089
1145,1.0828314270742356,-8.6839683064481612,-0.034649467953183091,8.6839683064481612,8.6840374327282568
1146,1.0818865479930191,-8.709756470273387,-0.035308842436458709,8.709756470273387,8.7098280399686043
1147,1.080943316477768,-8.7357685295125158,-0.035975431057970741,8.7357685295125158,8.7358426057742751
1148,1.0800017282229963,-8.7620066982149929,-0.036649356116487328,8.7620066982149929,8.7620833455787306
1149,1.0790617789382071,-8.7884732261147391,-0.037330742230980027,8.7884732261147391,8.7885525105361424
1150,1.0781234643478259,-8.81517039928438,-0.038019716396721109,8.81517039928438,8.8152523881766669
1151,1.0771867801911381,-8.8421005408049815,-0.038716408042931583,8.8421005408049815,8.8421853030772599
1152,1.0762517222222221,-8.8692660114518773,-0.039420949092033614,8.8692660114518773,8.8693536175486223
1153,1.0753182862098871,-8.8966692103967802,-0.040133474020554408,8.8966692103967802,8.896759732338456
1154,1.0743864679376083,-8.9243125759272601,-0.040854119921741885,8.9243125759272601,8.9244060873521445
1155,1.0734562632034632,-8.952198586183453,-0.041583026569943643,8.952198586183453,8.9522951623906888
1156,1.072527667820069,-8.9803297599126637,-0.04232033648680994,8.9803297599126637,8.9804294779065774
1157,1.0716006776145202,-9.0087086572426465,-0.04306619500937868,9.0087086572426465,9.0088115957783899
1158,1.0706752884283246,-9.0373378804731175,-0.043820750360110391,9.0373378804731175,9.0374441201036735
1159,1.0697514961173424,-9.066220074887962,-0.044584153718931083,9.066220074887962,9.066329698012547
1160,1.0688292965517241,-9.095357929586374,-0.045356559297356422,9.095357929586374,9.0954710205003142
1161,1.0679086856158484,-9.1247541783350776,-0.046138124414765225,9.1247541783350776,9.1248708232811691
1162,1.0669896592082615,-9.1544116004416836,-0.046929009576893624,9.1544116004416836,9.1545318876631327
1163,1.0660722132416165,-9.1843330216499375,-0.047729378556628718,9.1843330216499375,9.1844570414449027
1164,1.0651563436426117,-9.2145213150572687,-0.048539398477178392,9.2145213150572687,9.2146491598350746
1165,1.0642420463519313,-9.2449794020553817,-0.049359239897697388,9.2449794020553817,9.2451111663944623
1166,1.0633293173241851,-9.2757102532949389,-0.050189076901458823,9.2757102532949389,9.2758460340025639
1167,1.0624181525278491,-9.3067168896742238,-0.05102908718665343,9.3067168896742238,9.3068567858480851
1168,1.0615085479452053,-9.3380023833535084,-0.051879452159915074,9.3380023833535084,9.3381464964452245
1169,1.060600499572284,-9.3695698587948186,-0.052740357032659516,9.3695698587948186,9.3697182926754135
1170,1.0596940034188034,-9.4014224938289281,-0.053611990920343869,9.4014224938289281,9.4015753548563872
1171,1.0587890555081128,-9.4335635207495585,-0.054494546944742137,9.4335635207495585,9.4337209178384906
1172,1.0578856518771331,-9.4659962274357419,-0.055388222339349785,9.4659962274357419,9.4661582721292792
1173,1.0569837885763,-9.4987239585038807,-0.056293218558024827,9.4987239585038807,9.4988907650478467
1174,1.0560834616695058,-9.5317501164894907,-0.057209741386982954,9.5317501164894907,9.5319218019089416
1175,1.0551846672340426,-9.5650781630601287,-0.058138001060267175,9.5650781630601287,9.5652548472383625
1176,1.0542874013605441,-9.5987116202599303,-0.059078212378818468,9.5987116202599303,9.5988934260200498
1177,1.0533916601529312,-9.6326540717878117,-0.060030594833273651,9.6326540717878117,9.6328411249769044
1178,1.0524974397283531,-9.6669091643087626,-0.060995372730634517,9.6669091643087626,9.6671015938848655
1179,1.051604736217133,-9.7014806088008747,-0.061972775324941387,9.7014806088008747,9.7016785469227358
1180,1.0507135457627117,-9.7363721819379734,-0.062963036952105006,9.7363721819379734,9.7365757640578057
1181,1.0498238645215918,-9.7715877275097363,-0.06396639716904709,9.7715877275097363,9.7717970924690043
1182,1.0489356886632826,-9.8071311578803915,-0.06498310089731274,9.8071311578803915,9.8073464480087882
1183,1.048049014370245,-9.8430064554868331,-0.066013398571318077,9.8430064554868331,9.8432278167045588
1184,1.0471638378378378,-9.879217674377756,-0.067057546291409975,9.879217674377756,9.8794452563012083
1185,1.0462801552742615,-9.915768941794763,-0.068115805981921546,9.915768941794763,9.9160028978457948
1186,1.0453979629005059,-9.952664459797866,-0.069188445554406369,9.952664459797866,9.9529049473167266
1187,1.0445172569502947,-9.989908506935123,-0.070275739076256644,9.989908506935123,9.9901556872972428
1188,1.0436380336700335,-10.027505439959224,-0.071377966944906085,10.027505439959224,10.027759478695977
1189,1.0427602893187551,-10.065459695592068,-0.07249541606783641,10.065459695592068,10.065720762515678
1190,1.0418840201680672,-10.103775792339118,-0.073628380048609887,10.103775792339118,10.104044061671868
1191,1.041009222502099,-10.142458332354327,-0.074777159379164848,10.142458332354327,10.142733982862239
1192,1.0401358926174495,-10.181512003359153,-0.075942061638615971,10.181512003359153,10.181795218490324
1193,1.0392640268231348,-10.220941580615211,-0.07712340169882001,10.220941580615211,10.221232548642973
1194,1.038393621440536,-10.260751928954399,-0.078321501936970406,10.260751928954399,10.261050843125528
1195,1.0375246728033471,-10.300948004867021,-0.079536692455505043,10.300948004867021,10.30125506355515
1196,1.036657177257525,-10.341534858650519,-0.080769311309611791,10.341534858650519,10.341850265515028
1197,1.0357911311612364,-10.382517636621131,-0.08201970474264883,10.382517636621131,10.382841600771673
1198,1.0349265308848079,-10.423901583389746,-0.083288227429789446,10.423901583389746,10.424234319556696
1199,1.0340633728106754,-10.465692044205131,-0.084575242730229455,10.465692044205131,10.46603377291615
1200,1.0332016533333332,-10.507894467366821,-0.085881122948311045,10.507894467366821,10.50824541512983
1201,1.032341368859284,-10.550514406708704,-0.087206249603923841,10.550514406708704,10.550874806201517
1202,1.0314825158069882,-10.59355752415842,-0.088551013712569987,10.59355752415842,10.593927614425304
1203,1.0306250906068162,-10.637029592371999,-0.089915816075492483,10.637029592371999,10.637409619027469
1204,1.0297690897009966,-10.680936497449803,-0.091301067580293549,10.680936497449803,10.681326712889957
1205,1.0289145095435683,-10.725284241733839,-0.092707189512476113,10.725284241733839,10.725684905355532
1206,1.0280613466003317,-10.770078946691353,-0.094134613878375656,10.770078946691353,10.770490325119573
1207,1.0272095973487987,-10.815326855886418,-0.095583783739967731,10.815326855886418,10.815749223210199
1208,1.0263592582781456,-10.861034338043922,-0.097055153562053659,10.861034338043922,10.861467976061162
1209,1.0255103258891645,-10.907207890208511,-0.098549189572363027,10.907207890208511,10.907653088680084
1210,1.0246627966942148,-10.953854141002399,-0.10006637013513073,10.953854141002399,10.954311197915979
1211,1.0238166672171758,-11.000979853985609,-0.10160718613873421,11.000979853985609,11.001449075829614
1212,1.0229719339933994,-11.048591931122289,-0.10317214139800523,11.048591931122289,11.049073633170392
1213,1.022128593569662,-11.096697416357596,-0.10476175307186988,11.096697416357596,11.097191922964299
1214,1.0212866425041185,-11.14530349930887,-0.1063765520969881,11.14530349930887,11.145811144216584
1215,1.0204460773662551,-11.194417519075351,-0.10801708363811077,11.194417519075351,11.194938645733561
1216,1.019606894736842,-11.244046968171769,-0.10968390755590929,11.244046968171769,11.244581930068788
1217,1.0187690912078882,-11.294199496589446,-0.11137759889305424,11.294199496589446,11.294748657597321
1218,1.0179326633825942,-11.344882915990812,-0.11309874837938866,11.344882915990812,11.345446650724034
1219,1.0170976078753076,-11.396105204042243,-0.11484796295705413,11.396105204042243,11.39668389823084
1220,1.0162639213114752,-11.447874508890049,-0.11662586632650129,11.447874508890049,11.448468559767765
1221,1.0154316003276003,-11.500199153786607,-0.11843309951433989,11.500199153786607,11.500808970494848
1222,1.0146006415711948,-11.55308764187102,-0.12027032146405753,11.55308764187102,11.553713645879316
1223,1.0137710417007357,-11.606548661111848,-0.12213820965067107,11.606548661111848,11.607191286655608
1224,1.0129427973856209,-11.660591089417618,-0.12403746072044547,11.660591089417618,11.661250783953989
1225,1.0121159053061224,-11.71522399992185,-0.12596879115687282,11.71522399992185,11.715901224604552
1226,1.0112903621533442,-11.770456666450979,-0.12793293797416228,11.770456666450979,11.771151896625028
1227,1.0104661646291768,-11.826298569180555,-0.12993065943957138,11.826298569180555,11.82701229489783
1228,1.009643309446254,-11.88275940048959,-0.13196273582597379,11.88275940048959,11.883492127046258
1229,1.0088217933279089,-11.939849071019918,-0.13402997019614055,11.939849071019918,11.940601319516782
1230,1.00800161300813,-11.997577715949674,-0.13613318922029338,11.997577715949674,11.998350023876597
1231,1.0071827652315191,-12.055955701490404,-0.13827324402857305,12.055955701490404,12.056748623335944
1232,1.0063652467532467,-12.114993631615796,-0.14045101110016983,12.114993631615796,12.115807739503396
1233,1.0055490543390104,-12.174702355034,-0.14266739319094235,12.174702355034,12.175538239385983
1234,1.0047341847649918,-12.235092972412001,-0.14492332030148258,12.235092972412001,12.235951242642837
1235,1.0039206348178138,-12.296176843864956,-0.14721975068767368,12.296176843864956,12.297058129105242
1236,1.0031084012944984,-12.357965596719673,-0.14955767191592423,12.357965596719673,12.358870546572447
1237,1.0022974810024252,-12.420471133567414,-0.15193810196537749,12.420471133567414,12.421400418898436
1238,1.0014878707592891,-12.483705640614982,-0.15436209037954174,12.483705640614982,12.484659954378762
1239,1.0006795673930589,-12.547681596351385,-0.15683071946992799,12.547681596351385,12.548661654454817
1240,0.99987256774193545,-12.612411780541105,-0.15934510557442927,12.612411780541105,12.613418322746716
1241,0.99906686865431094,-12.677909283560599,-0.16190640037336307,12.677909283560599,12.678943074431475
1242,0.99826246698872778,-12.744187516092811,-0.16451579226624313,12.744187516092811,12.745249345981463
1243,0.99745935961383747,-12.811260219196225,-0.1671745078125727,12.811260219196225,12.81235090527972
1244,0.9966575434083601,-12.879141474766385,-0.16988381324012236,12.879141474766385,12.880261862130315
1245,0.99585701526104409,-12.947845716407603,-0.17264501602439064,12.947845716407603,12.948996679181471
1246,0.99505777207062596,-13.017387740733682,-0.1754594665431719,13.017387740733682,13.018570183280618
1247,0.99425981074578984,-13.087782719119495,-0.17832855981040568,13.087782719119495,13.088997577283255
1248,0.99346312820512817,-13.15904620992287,-0.18125373729374217,13.15904620992287,13.160294452335343
1249,0.99266772137710158,-13.231194171201341,-0.18423648882055443,13.231194171201341,13.232476800653959
1250,0.99187358719999996,-13.304242973946085,-0.18727835457742231,13.304242973946085,13.305561028828773
1251,0.99108072262190239,-13.378209415859491,-0.19038092720845279,13.378209415859491,13.379563971670985
1252,0.99028912460063889,-13.453110735702612,-0.19354585401814517,13.453110735702612,13.454502906636295
1253,0.98949879010375097,-13.528964628240129,-0.1967748392848887,13.528964628240129,13.53039556884972
1254,0.98870971610845293,-13.605789259814273,-0.20006964669160515,13.605789259814273,13.607260166764092
1255,0.9879218996015936,-13.683603284577632,-0.20343210188045502,13.683603284577632,13.685115398482369
1256,0.9871353375796178,-13.762425861419448,-0.20686409513903059,13.762425861419448,13.763980468778808
1257,0.98635002704852814,-13.842276671620535,-0.21036758422594598,13.842276671620535,13.843875106854409
1258,0.9855659650238473,-13.92317593727461,-0.21394459734429688,13.92317593727461,13.924819584864842
1259,0.9847831485305798,-14.005144440515547,-0.21759723627203381,14.005144440515547,14.006834737260833
1260,0.9840015746031745,-14.088203543593096,-0.2213276796589595,14.088203543593096,14.089941980983893
1261,0.98322124028548763,-14.172375209842716,-0.22513818650071515,14.172375209842716,14.174163336563652
1262,0.98244214263074481,-14.257682025595876,-0.22903109980089453,14.257682025595876,14.259521450163598
1263,0.9816642787015043,-14.344147223082395,-0.23300885043320829,14.344147223082395,14.346039616627392
1264,0.98088764556962016,-14.431794704378849,-0.23707396121650254,14.431794704378849,14.433741803580396
1265,0.98011224031620547,-14.520649066460287,-0.24122905121636723,14.520649066460287,14.522652676644332
1266,0.97933806003159551,-14.61073562741533,-0.24547684028810768,14.61073562741533,14.612797625825845
1267,0.97856510181531164,-14.702080453891583,-0.24982015387693202,14.702080453891583,14.704202793146726
1268,0.97779336277602513,-14.794710389838649,-0.25426192809243586,14.794710389838649,14.79689510158388
1269,0.97702284003152085,-14.888653086623847,-0.25880521507574961,14.888653086623847,14.890902285395073
1270,0.97625353070866139,-14.983937034598828,-0.26345318867913936,14.983937034598828,14.986252921909715
1271,0.97548543194335158,-15.080591596201138,-0.26820915047938299,15.080591596201138,15.082976464869699
1272,0.97471854088050303,-15.178647040681199,-0.27307653614792871,15.178647040681199,15.181103279412032
1273,0.97395285467399839,-15.278134580548631,-0.27805892220266781,15.278134580548631,15.280664678788433
1274,0.97318837048665618,-15.379086409843644,-0.28316003316813032,15.379086409843644,15.381692962929058
1275,0.97242508549019602,-15.481535744340221,-0.28838374917309606,15.481535744340221,15.484221458958505
1276,0.97166299686520374,-15.585516863800116,-0.29373411401697314,15.585516863800116,15.588284563784919
1277,0.97090210180109626,-15.691065156402907,-0.2992153437389008,15.691065156402907,15.693917788889115
1278,0.97014239749608755,-15.798217165487657,-0.30483183572633699,15.798217165487657,15.801157807451361
1279,0.9693838811571539,-15.907010638750847,-0.31058817840302233,15.907010638750847,15.910042503962597
1280,0.96862654999999998,-16.017484580054159,-0.31648916153958739,16.017484580054159,16.020611026476011
1281,0.96787040124902413,-16.129679304012214,-0.32253978723380239,16.129679304012214,16.132903841671801
1282,0.96711543213728546,-16.243636493536805,-0.32874528161155725,16.243636493536805,16.246962792914328
1283,0.96636163990646917,-16.359399260532371,-0.33511110730415483,16.359399260532371,16.362831161499702
1284,0.96560902180685348,-16.477012209949827,-0.34164297676243605,16.477012209949827,16.480553731304258
1285,0.96485757509727621,-16.596521507422672,-0.34834686647370039,16.596521507422672,16.600176857061655
1286,0.96410729704510101,-16.717974950727751,-0.35522903215339474,16.717974950727751,16.721748536515108
1287,0.96335818492618486,-16.841422045329587,-0.36229602499012237,16.841422045329587,16.845318486708319
1288,0.96261023602484463,-16.966914084291588,-0.3695547090298783,16.966914084291588,16.970938224703382
1289,0.96186344763382459,-17.094504232857332,-0.37701227979346974,17.094504232857332,17.098661153034538
1290,0.96111781705426347,-17.224247618031669,-0.3846762842300252,17.224247618031669,17.22854265023361
1291,0.96037334159566223,-17.356201423517518,-0.39255464211941615,17.356201423517518,17.360640166789963
1292,0.95963001857585128,-17.490424990395347,-0.40065566904741545,17.490424990395347,17.495013326939365
1293,0.95888784532095894,-17.626979923964576,-0.40898810108961292,17.626979923964576,17.631724036709603
1294,0.95814681916537858,-17.765930207201293,-0.41756112135374157,17.765930207201293,17.770836598686444
1295,0.95740693745173744,-17.907342321327988,-0.42638438854513938,17.907342321327988,17.912417834006089
1296,0.95666819753086418,-18.05128537403278,-0.43546806773700331,18.05128537403278,18.056537212123157
1297,0.95593059676175784,-18.197831235924021,-0.44482286354589229,18.197831235924021,18.203266988952976
1298,0.95519413251155616,-18.347054685861131,-0.45446005593403038,18.347054685861131,18.352682354043466
1299,0.95445880215550416,-18.499033565855989,-0.46439153888353213,18.499033565855989,18.504861587487035
1300,0.95372460307692297,-18.653848946309211,-0.4746298622141143,18.653848946309211,18.659886227354836
1301,0.95299153266717906,-18.811585302413526,-0.48518827684556187,18.811585302413526,18.817841248505868
1302,0.95225958832565283,-18.972330702636775,-0.49608078383961263,18.972330702636775,18.978815253706141
1303,0.95152876745970827,-19.13617701028349,-0.507322187593511,19.13617701028349,19.142900678082384
1304,0.95079906748466247,-19.303220099234906,-0.51892815359994127,19.303220099234906,19.310194008038994
1305,0.95007048582375475,-19.473560085070709,-0.53091527123596061,19.473560085070709,19.48079601587396
1306,0.94934301990811631,-19.647301572901313,-0.54330112209782322,19.647301572901313,19.65481201145926
1307,0.94861666717674054,-19.824553923371717,-0.55610435446006012,19.824553923371717,19.83235211248838
1308,0.94789142507645252,-20.005431538449116,-0.56934476450710836,20.005431538449116,20.013531534950204
1309,0.94716729106187925,-20.1900541687748,-0.58304338506517861,20.1900541687748,20.198470905663349
1310,0.94644426259541981,-20.378547244551783,-0.59722258265269201,20.378547244551783,20.387296598903433
1311,0.94572233714721576,-20.571042232148109,-0.61190616377109941,20.571042232148109,20.580141099372526
1312,0.94500151219512185,-20.767677018837453,-0.62711949147624901,20.767677018837453,20.777143394012054
1313,0.94428178522467621,-20.968596328365955,-0.64288961340630246,20.968596328365955,20.978449395438833
1314,0.94356315372907151,-21.17395217033711,-0.65924540259813891,21.17395217033711,21.184212400100467
1315,0.94284561520912535,-21.38390432674916,-0.67621771260389685,21.38390432674916,21.394593584604515
1316,0.94212916717325224,-21.598620879407349,-0.69383954862655095,21.598620879407349,21.609762544081999
1317,0.9414138071374335,-21.81827878237349,-0.71214625663341158,21.81827878237349,21.829897876907399
1318,0.94069953262518957,-22.043064484114986,-0.73117573268429759,22.043064484114986,22.055187820622109
1319,0.93998634116755109,-22.273174604584121,-0.75096865503462396,22.273174604584121,22.28583094450677
1320,0.93927423030303026,-22.508816673110452,-0.77156874195014558,22.508816673110452,22.5220369049349
1321,0.93856319757759266,-22.750209933728513,-0.79302303861026169,22.750209933728513,22.76402727042133
1322,0.93785324054462926,-22.997586225419049,-0.8153822369923569,22.997586225419049,23.012036424184338
1323,0.93714435676492813,-23.251190945715116,-0.83870103323540102,23.251190945715116,23.266312553072407
1324,0.93643654380664643,-23.511284107255364,-0.86303852769460998,23.511284107255364,23.527118732908285
1325,0.93572979924528299,-23.778141498160736,-0.88845867374248488,23.778141498160736,23.794734121681248
1326,0.93502412066365004,-24.052055958618752,-0.91503078237130175,24.052055958618752,24.069455273628748
1327,0.93431950565184618,-24.333338787797381,-0.94283009084125236,24.333338787797381,24.351597589109431
1328,0.93361595180722889,-24.62232129724012,-0.97193840503745021,24.62232129724012,24.641496917348814
1329,0.93291345673438664,-24.919356529253974,-1.0024448268983051,24.919356529253974,24.939511331681057
1330,0.93221201804511267,-25.22482116156106,-1.0344465803198464,25.22482116156106,25.246023099891875
1331,0.93151163335837706,-25.539117622722834,-1.0680499514046105,25.539117622722834,25.561440875779425
1332,0.93081230030030027,-25.862676446647292,-1.1033713619073611,25.862676446647292,25.886202142188449
1333,0.93011401650412595,-26.195958898973338,-1.1405385983590968,26.195958898973338,26.220775940674361
1334,0.92941677961019487,-26.539459913430292,-1.1796922237826393,26.539459913430292,26.565665928777818
1335,0.92872058726591755,-26.893711382561541,-1.2209872043505476,26.893711382561541,26.921413812831375
1336,0.92802543712574848,-27.259285854684151,-1.2645947900372758,27.259285854684151,27.288603212520297
1337,0.92733132685115927,-27.636800697897939,-1.3107046966176599,27.636800697897939,27.667864023394863
1338,0.92663825411061274,-28.02692280266124,-1.3595276466956525,28.02692280266124,28.05987735554919
1339,0.92594621657953691,-28.430373907316735,-1.4112983403779693,28.430373907316735,28.465381141228193
1340,0.92525521194029847,-28.847936646472832,-1.4662789424805793,28.847936646472832,28.885176521809111
1341,0.92456523788217737,-29.28046144091654,-1.5247631937559913,29.28046144091654,29.320135146176142
1342,0.92387629210134126,-29.728874370534747,-1.5870812798683649,29.728874370534747,29.771207538961971
1343,0.92318837230081896,-30.194186199487497,-1.6536056254806084,30.194186199487497,30.239432729698194
1344,0.92250147619047618,-30.677502756798269,-1.7247578242326709,30.677502756798269,30.725949374195373
1345,0.92181560148698882,-31.180036917107472,-1.8010169718296267,31.180036917107472,31.232008649540994
1346,0.9211307459138186,-31.703122477402701,-1.8829297433795684,31.703122477402701,31.758989266595052
1347,0.92044690720118771,-32.248230288402212,-1.9711226537161384,32.248230288402212,32.308415022247914
1348,0.9197640830860534,-32.816987076745306,-2.0663170693686146,32.816987076745306,32.881975412472293
1349,0.91908227131208298,-33.411197489605328,-2.1693477153521279,33.411197489605328,33.481549952167875
1350,0.91840146962962954,-34.032870010781465,-2.2811856565323936,34.032870010781465,34.109237006569316
1351,0.91772167579570685,-34.684247541123156,-2.4029670572200477,34.684247541123156,34.767388141360186
1352,0.91704288757396446,-35.367843610670249,-2.5360294707178683,35.367843610670249,35.458649257200676
1353,0.91636510273466365,-36.086485398356402,-2.6819580371856935,36.086485398356402,36.186010104997962
1354,0.91568831905465287,-36.84336497712215,-2.8426448546877063,36.84336497712215,36.952864200320292
1355,0.91501253431734308,-37.642100468611631,-3.0203660575720717,37.642100468611631,37.763081691127724
1356,0.91433774631268427,-38.486809053726816,-3.2178829765922066,38.486809053726816,38.62109840474595
1357,0.91366395283714064,-39.382193973723744,-3.4385764579855573,39.382193973723744,39.532025121936456
1358,0.91299115169366707,-40.33364761700895,-3.6866274409539557,40.33364761700895,40.501782084020036
1359,0.91231934069168497,-41.347372190547276,-3.9672629575347642,41.347372190547276,41.537264744297616
1360,0.91164851764705879,-42.430517632415544,-4.2870959771545376,42.430517632415544,42.64654755630356
1361,0.91097868038207197,-43.591331893382389,-4.65460180590261,43.591331893382389,43.83913245275879
1362,0.91030982672540373,-44.839308478471722,-5.0807959641282956,44.839308478471722,45.126245937997638
1363,0.90964195451210561,-46.185293795043279,-5.5802130231986595,46.185293795043279,46.521179481164694
1364,0.90897506158357766,-47.641468700420077,-6.1723389329524743,47.641468700420077,48.039643086063272
1365,0.90830914578754574,-49.221015066072781,-6.8837272976707418,49.221015066072781,49.70004049941268
1366,0.90764420497803799,-50.937055059631362,-7.7511308713046514,50.937055059631362,51.523427757982176
1367,0.90698023701536201,-52.799971881629119,-8.8260586149924407,52.799971881629119,53.532572713966481
1368,0.90631723976608181,-54.811215744570887,-10.181018375485873,54.811215744570887,55.748744439313406
1369,0.90565521110299485,-56.94974746948526,-11.916569733362667,56.94974746948526,58.183145076974299
1370,0.90499414890510943,-59.144351653400349,-14.163833846348794,59.144351653400349,60.816679634192916
1371,0.9043340510576221,-61.225096066848039,-17.06362708093932,61.225096066848039,63.558475104049947
1372,0.90367491545189493,-62.871235745010068,-20.676839876382324,62.871235745010068,66.184016132131063
1373,0.9030167399854333,-63.669696288312082,-24.789076483145166,63.669696288312082,68.325167678777945
1374,0.90235952256186314,-63.484816085085441,-28.812929190106608,63.484816085085441,69.717334730117315
1375,0.90170326109090904,-62.828280290236847,-32.31467930595619,62.828280290236847,70.651477711901805
1376,0.90104795348837208,-62.226272113508003,-35.697683420744298,62.226272113508003,71.738647483431308
1377,0.90039359767610738,-61.256252274288599,-39.556864517657388,61.256252274288599,72.918269131676382
1378,0.8997401915820028,-59.056569797544839,-43.464078400953142,59.056569797544839,73.326697372079209
1379,0.89908773313995638,-55.819390940199284,-46.18864188638544,55.819390940199284,72.451328795568415
1380,0.89843622028985504,-52.932600230437032,-47.480469873876714,52.932600230437032,71.107349736854744
1381,0.89778565097755247,-51.023907037888833,-48.547219858430694,51.023907037888833,70.429195972933897
1382,0.89713602315484797,-49.194764538278065,-50.166099788490413,49.194764538278065,70.262098075458852
1383,0.89648733477946485,-46.643878343837486,-51.624069327531231,46.643878343837486,69.575109923653457
1384,0.89583958381502882,-44.029608329096448,-52.052255098408608,44.029608329096448,68.1765624715961
1385,0.89519276823104688,-42.341938355159058,-52.023655876003545,42.341938355159058,67.076825464365328
1386,0.8945468860028859,-41.198390381936363,-52.605297964700327,41.198390381936363,66.817847496139322
1387,0.89390193511175187,-39.52810540491447,-53.631167165741658,39.52810540491447,66.624118819401687
1388,0.89325791354466855,-37.336887348882016,-54.042446399951643,37.336887348882016,65.685836904120748
1389,0.89261481929445641,-35.682654215231963,-53.72463108578701,35.682654215231963,64.494866440265795
1390,0.89197265035971218,-34.814122220687153,-53.706262062162281,34.814122220687153,64.00301313755935
1391,0.89133140474478789,-33.782256109800969,-54.389054680342682,33.782256109800969,64.026635839230934
1392,0.89069108045977008,-32.048098814612857,-54.917696336381027,32.048098814612857,63.58485675478201
1393,0.89005167552045938,-30.388975986985272,-54.649777254395843,30.388975986985272,62.530696585698195
1394,0.88941318794835,-29.526102055387213,-54.277808566082001,29.526102055387213,61.788924616968259
1395,0.88877561577060926,-28.886846440722032,-54.589840612275211,28.886846440722032,61.761643399147552
1396,0.8881389570200573,-27.625370478463459,-55.149373555901448,27.625370478463459,61.681557192411439
1397,0.88750320973514663,-26.061554805059622,-55.065537920486264,26.061554805059622,60.921409252656296
1398,0.88686837195994273,-25.11105397730924,-54.559631080642404,25.11105397730924,60.060955499451879
1399,0.88623444174410282,-24.662476307640773,-54.547370416800987,24.662476307640773,59.863622986022463
1400,0.88560141714285712,-23.816131722097133,-55.044018724130012,23.816131722097133,59.975429364921233
1401,0.88496929621698783,-22.439497383908275,-55.168192418233843,22.439497383908275,59.557203573855794
1402,0.8843380770328102,-21.392750134543277,-54.695742065087146,21.392750134543277,58.730519820358687
1403,0.88370775766215248,-20.980616419582653,-54.447676980778809,20.980616419582653,58.35011391547485
1404,0.88307833618233611,-20.442996627277331,-54.816619620299903,20.442996627277331,58.50451177216609
1405,0.88244981067615647,-19.298482936103134,-55.108649627068189,19.298482936103134,58.390022327055391
1406,0.88182217923186335,-18.181833559994367,-54.771903077814841,18.181833559994367,57.710834670526822
1407,0.88119543994314142,-17.692822044383455,-54.37909842265212,17.692822044383455,57.184983143782667
1408,0.88056959090909082,-17.336634688678217,-54.569371824380028,17.336634688678217,57.257097757711414
1409,0.87994463023420855,-16.433431538300326,-54.933275359277587,16.433431538300326,57.338664213793983
1410,0.87932055602836878,-15.317425415583465,-54.755914878613623,15.317425415583465,56.858013820005567
1411,0.87869736640680363,-14.721549821100567,-54.306052220746963,14.721549821100567,56.266076253259762
1412,0.87807505949008491,-14.448019708416936,-54.319332011998796,14.448019708416936,56.207962992129161
1413,0.87745363340410465,-13.76166685383193,-54.677084066709725,13.76166685383193,56.382328762067807
1414,0.87683308628005652,-12.708775196974017,-54.643092667738543,12.708775196974017,56.10151997319042
1415,0.87621341625441684,-12.019883342081876,-54.206068432616902,12.019883342081876,55.522747144560519
1416,0.87559462146892653,-11.759510020306379,-54.077355689088051,11.759510020306379,55.341182443473592
1417,0.8749767000705716,-11.24220746851638,-54.380041374768837,11.24220746851638,55.529957038401676
1418,0.87435965021156548,-10.288415206183558,-54.450992506019958,10.288415206183558,55.414457250301311
1419,0.87374347004933051,-9.54078319730095,-54.067388754431974,9.54078319730095,54.902723709673786
1420,0.87312815774647878,-9.2557537258675353,-53.843818348933297,9.2557537258675353,54.633558839113128
1421,0.87251371147079515,-8.8542176589337309,-54.071784505439751,8.8542176589337309,54.791925043335432
1422,0.87190012939521799,-8.0086147884929701,-54.204759260421824,8.0086147884929701,54.793191523315684
1423,0.87128740969782148,-7.2394042143289461,-53.887963231417103,7.2394042143289461,54.372065940232631
1424,0.87067555056179768,-6.9181164331701268,-53.614197760036461,6.9181164331701268,54.058695289797711
1425,0.87006455017543849,-6.5856610842916652,-53.770284559368079,6.5856610842916652,54.172081679704455
1426,0.86945440673211771,-5.83761862903925,-53.929278892373688,5.83761862903925,54.244307656283425
1427,0.86884511843027323,-5.0767334899655729,-53.67375351921153,5.0767334899655729,53.913310413748569
1428,0.86823668347338934,-4.7246175155247183,-53.384706590967525,4.7246175155247183,53.593366272997763
1429,0.86762910006997895,-4.4260740936180785,-53.485183903126625,4.4260740936180785,53.668007500124993
1430,0.86702236643356634,-3.7540934389604157,-53.645214094431907,3.7540934389604157,53.776409444903273
1431,0.86641648078266942,-3.0209998590848421,-53.435570793145345,3.0209998590848421,53.520899339770423
1432,0.86581144134078203,-2.65160960687939,-53.15524954394742,2.65160960687939,53.221345225262937
1433,0.86520724633635726,-2.3627002262000296,-53.221826215536154,2.3627002262000296,53.274244603519406
1434,0.86460389400278936,-1.7416406623330944,-53.367752502373506,1.7416406623330944,53.396163901082687
1435,0.8640013825783972,-1.0468535472168412,-53.185842036145004,1.0468535472168412,53.19614361439266
1436,0.86339971030640661,-0.67507554461082631,-52.929942771268244,0.67507554461082631,52.934247597946104
1437,0.86279887543493383,-0.37861239221922638,-52.984001482075357,0.37861239221922638,52.985354206573973
1438,0.862198876216968,0.21558589463847122,-53.106528192940033,0.21558589463847122,53.106965776492082
1439,0.86159971091035437,0.8669104426620351,-52.935972343434656,0.8669104426620351,52.94307038376671
1440,0.86100137777777774,1.2296417193315674,-52.715760377761328,1.2296417193315674,52.730099667680051
1441,0.86040387508674521,1.5486597784932448,-52.77405220335757,1.5486597784932448,52.796770100757421
1442,0.85980720110956999,2.1359805953098077,-52.864652528963049,2.1359805953098077,52.907786762550742
1443,0.85921135412335403,2.7404267951096521,-52.693333566318358,2.7404267951096521,52.764546253622306
1444,0.85861633240997226,3.0900785479814954,-52.518154561082895,3.0900785479814954,52.608983490792589
1445,0.85802213425605534,3.4484511176807611,-52.58745294150981,3.4484511176807611,52.700398689066319
1446,0.85742875795297369,4.0414286889562323,-52.632506949710233,4.0414286889562323,52.787441059964387
1447,0.85683620179682096,4.5943624189862682,-52.452337019706079,4.5943624189862682,52.653165383154523
1448,0.85624446408839772,4.9362199067713677,-52.325731987051981,4.9362199067713677,52.558048812230474
1449,0.85565354313319519,5.3481974238523682,-52.391465252849528,5.3481974238523682,52.663733698106142
1450,0.85506343724137923,5.9371592563721212,-52.364641209129914,5.9371592563721212,52.70014714397324
1451,0.85447414472777394,6.415508982645143,-52.169612103900349,6.415508982645143,52.562602509558317
1452,0.85388566391184562,6.7377559190531766,-52.088868260288578,6.7377559190531766,52.522828860053174
1453,0.8532979931176875,7.1719165776181395,-52.136966235402809,7.1719165776181395,52.62793588606575
1454,0.85271113067400273,7.6967348209762037,-52.065395666223552,7.6967348209762037,52.631218423905388
1455,0.85212507491408929,8.0854490878802157,-51.935022686815699,8.0854490878802157,52.560641819071847
1456,0.85153982417582408,8.4361889818132596,-51.947979327842091,8.4361889818132596,52.628526872626566
1457,0.85095537680164712,8.9225458499780501,-51.972852799844134,8.9225458499780501,52.733189289092181
1458,0.85037173113854592,9.3818921323539612,-51.86751575063272,9.3818921323539612,52.709193601546005
1459,0.84978888553803966,9.7030977131120775,-51.819426914133302,9.7030977131120775,52.720044678844921
1460,0.84920683835616428,10.083491624298855,-51.910004014985006,10.083491624298855,52.88029236088871
1461,0.84862558795345644,10.570551129169225,-51.949704182462156,10.570551129169225,53.014227484890377
1462,0.84804513269493842,10.995510193883831,-51.932733386428552,10.995510193883831,53.083990443538383
1463,0.8474654709501025,11.395935877276735,-51.999458192692856,11.395935877276735,53.233551514553454
1464,0.84688660109289615,11.877202456961502,-52.075201624627624,11.877202456961502,53.412494441368985
1465,0.84630852150170643,12.335859142652115,-52.096538575428568,12.335859142652115,53.537115651933199
1466,0.84573123055934507,12.752379510234842,-52.186421801979463,12.752379510234842,53.721930379195932
1467,0.84515472665303337,13.255463366299274,-52.326306238167746,13.255463366299274,53.979159252306026
1468,0.84457900817438691,13.797009128055326,-52.399612255025417,13.797009128055326,54.185577650853297
1469,0.84400407351940088,14.288173881103148,-52.475248514041098,14.288173881103148,54.385693150561302
1470,0.84342992108843529,14.80595696277933,-52.605843589651997,14.80595696277933,54.649713094970615
1471,0.8428565492861998,15.363440607227467,-52.723090211622065,15.363440607227467,54.915931647880143
1472,0.84228395652173904,15.915080248246309,-52.852913842937625,15.915080248246309,55.197103918567201
1473,0.84171214120841809,16.517132149807008,-53.012338219753119,16.517132149807008,55.525882775329976
1474,0.84114110176390766,17.159457612394288,-53.132581338146025,17.159457612394288,55.834739949302708
1475,0.8405708366101694,17.780846777742976,-53.244594896568728,17.780846777742976,56.135063889099527
1476,0.84000134417344163,18.42095412330621,-53.386964792596629,18.42095412330621,56.475654583005088
1477,0.83943262288422471,19.088708119226389,-53.525894002246019,19.088708119226389,56.827811029465991
1478,0.83886467117726649,19.765309013938037,-53.677886015956545,19.765309013938037,57.201249003483163
1479,0.83829748749154831,20.475158024904033,-53.844922364374568,20.475158024904033,57.606490611478115
1480,0.83773107027027016,21.203753142189214,-54.015249573138433,21.203753142189214,58.027978887458509
1481,0.83716541796083721,21.957661998099788,-54.216702085365498,21.957661998099788,58.494356184473652
1482,0.83660052901484472,22.765922058595308,-54.435808246450236,22.765922058595308,59.004613604550755
1483,0.83603640188806472,23.619548278002398,-54.656350743157006,23.619548278002398,59.541579903592464
1484,0.83547303504043124,24.512728444736133,-54.880349820398706,24.512728444736133,60.105961869141666
1485,0.83491042693602691,25.436280234538373,-55.119509157809304,25.436280234538373,60.705556928240036
1486,0.83434857604306856,26.409065893284492,-55.402356668978882,26.409065893284492,61.374749578573358
1487,0.83378748083389365,27.471745783388805,-55.725659715162266,27.471745783388805,62.129268200077796
1488,0.83322713978494622,28.649458939250358,-56.062749476805806,28.649458939250358,62.95890228086003
1489,0.83266755137676285,29.941918661453862,-56.380763012788421,29.941918661453862,63.838146362761272
1490,0.8321087140939597,31.329239233605968,-56.673178820284534,31.329239233605968,64.756238529986163
1491,0.83155062642521793,32.812615603541659,-56.960859779024162,32.812615603541659,65.7358904215303
1492,0.83099328686327067,34.428488766748302,-57.25866148219184,34.428488766748302,66.812238051829638
1493,0.83043669390488939,36.22826922186627,-57.546265107641645,36.22826922186627,68.000442047467573
1494,0.82988084605087009,38.243923450643791,-57.774068268158388,38.243923450643791,69.285212312242564
1495,0.82932574180602003,40.479533533395369,-57.893459616282925,40.479533533395369,70.641668308608487
1496,0.82877137967914427,42.936019034053146,-57.877759257276907,42.936019034053146,72.064809353358285
1497,0.82821775818303267,45.645143704498693,-57.704479234197478,45.645143704498693,73.575036986020365
1498,0.82766487583444592,48.668739157160758,-57.308352808420636,48.668739157160758,75.18572652280595
1499,0.82711273115410266,52.053726011184267,-56.552898749916793,52.053726011184267,76.862349356923659
1500,0.8265613226666666,55.781755004036086,-55.243962430069317,55.781755004036086,78.507958681303236
1501,0.82601064890073284,59.738025593341902,-53.163375899493005,59.738025593341902,79.968595328551118
1502,0.8254607083888148,63.68768049814075,-50.108661823302981,63.68768049814075,81.037020163351258
1503,0.8249114996673319,67.251769754232384,-45.960733422215867,67.251769754232384,81.456672849953051
1504,0.82436302127659566,69.933826715527204,-40.811627781516492,69.933826715527204,80.971162034729602
1505,0.82381527176079727,71.298901768055316,-35.075208893204348,71.298901768055316,79.459446714866601
1506,0.82326824966799461,71.23250493108074,-29.378587132276337,71.23250493108074,77.053041086288047
1507,0.82272195355009947,69.993263166298561,-24.26129368023031,69.993263166298561,74.078790889870163
1508,0.82217638196286469,68.017024026124062,-19.98501094085897,68.017024026124062,70.89228603787997
1509,0.82163153346587137,65.708831237451079,-16.554501795152007,65.708831237451079,67.762098788906457
1510,0.82108740662251645,63.340749502249466,-13.828903808480149,63.340749502249466,64.832778191674862
1511,0.82054399999999994,61.041573780772069,-11.635067786583232,61.041573780772069,62.140554648569299
1512,0.82000131216931216,58.84548590658828,-9.8409656901045075,58.84548590658828,59.662683624660175
1513,0.81945934170522139,56.757926412465807,-8.3725623013973376,56.757926412465807,57.372136182415787
1514,0.81891808718626147,54.798368645299163,-7.1832009094965841,54.798368645299163,55.267165491748344
1515,0.81837754719471945,52.993204250829265,-6.2138903221332775,52.993204250829265,53.35627544821331
1516,0.81783772031662261,51.342072164883859,-5.3931058743290841,51.342072164883859,51.624548086698681
1517,0.81729860514172703,49.811284651068362,-4.6697075999480955,49.811284651068362,50.029693659453599
1518,0.8167602002635046,48.363170267784483,-4.0323390528581431,48.363170267784483,48.53097976126093
1519,0.8162225042791309,46.988483801185168,-3.4922913091394445,46.988483801185168,47.118082606597355
1520,0.81568551578947368,45.705945935347401,-3.0454556653844413,45.705945935347401,45.807295205618964
1521,0.81514923339907952,44.526593543077652,-2.6584889957783258,44.526593543077652,44.605886341279202
1522,0.81461365571616284,43.430205621924642,-2.2969567428371427,43.430205621924642,43.490904458761484
1523,0.81407878135259348,42.382363793950276,-1.9553302592461286,42.382363793950276,42.427444858080612
1524,0.81354460892388447,41.367828931167892,-1.6539694478343137,41.367828931167892,41.400880249250015
1525,0.81301113704918027,40.402306812670133,-1.4065799039248539,40.402306812670133,40.426783978091265
1526,0.81247836435124499,39.505405687222591,-1.1963744781285701,39.505405687222591,39.523516928582616
1527,0.81194628945645053,38.669632614696567,-0.99379831450524314,38.669632614696567,38.682400670660527
1528,0.81141491099476437,37.86624334576878,-0.78974774967500849,37.86624334576878,37.874478037711555
1529,0.81088422759973833,37.076532899972705,-0.60273516711973762,37.076532899972705,37.081431762601092
1530,0.8103542379084967,36.311187418591317,-0.45301578614688509,36.311187418591317,36.314013204967623
1531,0.80982494056172427,35.592547834143375,-0.3341866130633564,35.592547834143375,35.594116677031543
1532,0.80929633420365532,34.921908999098306,-0.22107965515571504,34.921908999098306,34.922608785072555
1533,0.8087684174820613,34.276738791457049,-0.10188291022395646,34.276738791457049,34.276890207619068
1534,0.80824118904823983,33.638265969745504,0.0083539416505722386,33.638265969745504,33.638267007081076
1535,0.80771464755700317,33.014585196150861,0.087880170830861637,33.014585196150861,33.014702158255631
1536,0.80718879166666657,32.42987318948407,0.13810057842090906,32.42987318948407,32.430167234471334
1537,0.80666362003903702,31.892272519651343,0.18306402283545697,31.892272519651343,31.892797915895763
1538,0.80613913133940174,31.384418611454649,0.24009223460337203,31.384418611454649,31.385336956294381
1539,0.80561532423651716,30.886144488850732,0.30174988197705854,30.886144488850732,30.887618463996819
1540,0.8050921974025973,30.398759040712697,0.34997157355272446,30.398759040712697,30.400773531566706
1541,0.80456974951330296,29.939619123470216,0.38379236589174415,29.939619123470216,29.942078916444331
1542,0.80404797924773019,29.513922579505007,0.42191051490461939,29.513922579505007,29.516938095127728
1543,0.80352688528839922,29.10481963337655,0.47694545711382608,29.10481963337655,29.108727262806298
1544,0.80300646632124351,28.694079747013866,0.53877206859907734,28.694079747013866,28.699137406373278
1545,0.80248672103559859,28.284474126969215,0.58821622931769291,28.284474126969215,28.29058986609547
1546,0.80196764812419141,27.893933124062386,0.62306958773382748,27.893933124062386,27.900891040266504
1547,0.80144924628312852,27.528833823701554,0.65999383453442739,27.528833823701554,27.536744243911595
1548,0.80093151421188624,27.175046576194362,0.71014096243940994,27.175046576194362,27.184323729033011
1549,0.80041445061329886,26.817642760693296,0.76408225238295069,26.817642760693296,26.82852558245742
1550,0.79989805419354831,26.460885359310943,0.80552035675602918,26.460885359310943,26.473143316269503
1551,0.79938232366215334,26.120973361553851,0.83449791158359377,26.120973361553851,26.134299992910531
1552,0.79886725773195866,25.801831578117387,0.86654358345692728,25.801831578117387,25.816378726838625
1553,0.79835285511912424,25.489847344198786,0.90977942279914314,25.489847344198786,25.506078025221882
1554,0.79783911454311451,25.173594563592353,0.95401326384803919,25.173594563592353,25.191665378845528
1555,0.79732603472668806,24.859545383924647,0.98618312156849885,24.859545383924647,24.879098734573887
1556,0.79681361439588683,24.561424495705793,1.0095227866858589,24.561424495705793,24.582162425529098
1557,0.79630185228002559,24.279324582284261,1.0379566107178562,24.279324582284261,24.301501107907836
1558,0.79579074711168163,24.000139387124001,1.075226110575209,24.000139387124001,24.024212823529588
1559,0.79528029762668373,23.717075051495485,1.1102336751257227,23.717075051495485,23.743046725550045
1560,0.79477050256410253,23.438894045576234,1.1342950194405446,23.438894045576234,23.466324366437892
1561,0.79426136066623954,23.175553387237187,1.1540135964693863,23.175553387237187,23.204267327056833
1562,0.79375287067861711,22.922895991135569,1.1803609133783377,22.922895991135569,22.953265835306542
1563,0.79324503134996793,22.669677669574931,1.2120565431277865,22.669677669574931,22.702056442229264
1564,0.79273784143222503,22.414609084388701,1.2385305602943393,22.414609084388701,22.448800822198574
1565,0.79223129968051109,22.167238978682185,1.2566618866846417,22.167238978682185,22.202830518549941
1566,0.79172540485312892,21.932216396330006,1.2749833079449897,21.932216396330006,21.969244376877992
1567,0.79122015571155069,21.702388870698364,1.299627411605641,21.702388870698364,21.741267536737801
1568,0.79071555102040814,21.47062516045758,1.3253048704056312,21.47062516045758,21.511489436587016
1569,0.79021158954748238,21.24043033524832,1.344605372572296,21.24043033524832,21.282947268517283
1570,0.78970827006369426,21.019199424540957,1.3596531396007432,21.019199424540957,21.063128948678283
1571,0.78920559134309354,20.806132054517455,1.3777926825403768,20.806132054517455,20.851701219470812
1572,0.78870355216284982,20.594282169471256,1.3996806921263272,20.594282169471256,20.641791688603799
1573,0.78820215130324212,20.381792583094004,1.4192446303424728,20.381792583094004,20.431145935091884
1574,0.78770138754764929,20.173805090958673,1.4339202651746801,20.173805090958673,20.224701213488142
1575,0.78720125968253962,19.973407016835267,1.4480997369088646,19.973407016835267,20.025832834321765
1576,0.78670176649746182,19.777069413089372,1.465412675261915,19.777069413089372,19.831286112579122
1577,0.78620290678503479,19.580863158762718,1.4834562370506335,19.580863158762718,19.636976458952009
1578,0.78570467934093779,19.386149720670211,1.4983870662755909,19.386149720670211,19.443969882527171
1579,0.78520708296390118,19.196591483874272,1.5108271540140925,19.196591483874272,19.255952931186258
1580,0.78471011645569611,19.012272412152555,1.5243371506698251,19.012272412152555,19.07328251829793
1581,0.78421377862112585,18.829879571991526,1.5398559605881728,18.829879571991526,18.892737257344759
1582,0.78371806826801516,18.647727177367216,1.5545717201671896,18.647727177367216,18.7124135833586
1583,0.78322298420720149,18.468146912619765,1.5663430073610112,18.468146912619765,18.534451186987319
1584,0.78272852525252523,18.293674826660116,1.5772000007200513,18.293674826660116,18.361538565867768
1585,0.78223469022082015,18.122622066236573,1.5901885909040909,18.122622066236573,18.192254679128872
1586,0.78174147793190407,17.951521530701257,1.6041195168516145,17.951521530701257,18.023049816598053
1587,0.78124888720856955,17.781149661281049,1.6153498035878209,17.781149661281049,17.85437308518074
1588,0.78075691687657423,17.615277442855174,1.6244836659035689,17.615277442855174,17.690023927896473
1589,0.7802655657646318,17.453445225156635,1.6355235574007065,17.453445225156635,17.529908372103822
1590,0.77977483270440251,17.291504761074428,1.6482755876193087,17.291504761074428,17.369886278125179
1591,0.77928471653048392,17.129466759628087,1.6586811464100077,17.129466759628087,17.209586125606265
1592,0.77879521608040192,16.971245255748393,1.6667962470439988,16.971245255748393,17.052899321227528
1593,0.77830633019460127,16.81672759142208,1.6764859758205759,16.81672759142208,16.900086748630013
1594,0.77781805771643653,16.662173150390721,1.6877565782153252,16.662173150390721,16.74743372463108
1595,0.77733039749216293,16.507453153452019,1.6972086435085592,16.507453153452019,16.594472778398632
1596,0.77684334837092728,16.355610166644652,1.704748841121531,16.355610166644652,16.444213344959834
1597,0.77635690920475886,16.206738204275396,1.7132484460426771,16.206738204275396,16.297042169049799
1598,0.77587107884856066,16.05809814635284,1.7230272743892978,16.05809814635284,16.150273652981546
1599,0.77538585616010003,15.909123746532231,1.7316107066623987,15.909123746532231,16.003083890984996
1600,0.77490123999999994,15.762075096788891,1.7384183828952735,15.762075096788891,15.857651460124881
1601,0.77441722923173006,15.617464917750993,1.7457597757257255,15.617464917750993,15.714734730555426
1602,0.77393382272159794,15.472873190628263,1.7542444498844212,15.472873190628263,15.571999819008896
1603,0.77345101933873983,15.327595793611401,1.7615901434944343,15.327595793611401,15.428492883168811
1604,0.77296881795511219,15.183673510351056,1.7672914236384831,15.183673510351056,15.286178732600323
1605,0.77248721744548277,15.041312983503495,1.7733919583265458,15.041312983503495,15.145494884802147
1606,0.77200621668742209,14.89834908692071,1.780116605702267,14.89834908692071,15.004320066089235
1607,0.77152581456129432,14.754360627254144,1.7854852385555142,14.754360627254144,14.862002390531597
1608,0.77104600995024875,14.610944378939408,1.7892393512999551,14.610944378939408,14.720090797977482
1609,0.7705668017402113,14.467895336891779,1.7929719821230155,14.467895336891779,14.578571398046279
1610,0.77008818881987573,14.323266682527581,1.7964077809490249,14.323266682527581,14.435478841183579
1611,0.76961017008069521,14.176928054134223,1.7976833197689912,14.176928054134223,14.29044976095132
1612,0.7691327444168734,14.030028956653418,1.7967004599261873,14.030028956653418,14.144604804208294
1613,0.76865591072535644,13.881825984967669,1.7943146402837533,13.881825984967669,13.997308945124425
1614,0.76817966790582404,13.730714682129783,1.7893179531804844,13.730714682129783,13.846811344841395
1615,0.76770401486068107,13.577009340291912,1.7796117551553907,13.577009340291912,13.693144292873754
1616,0.76722895049504947,13.42158288376471,1.7645966692060333,13.42158288376471,13.537085672726565
1617,0.76675447371675942,13.263877085264536,1.7434474548156926,13.263877085264536,13.377968618617288
1618,0.76628058343634109,13.104025981398692,1.7132767720484816,13.104025981398692,13.215551983130059
1619,0.76580727856701658,12.944755250491994,1.6712886739401354,12.944755250491994,13.052198831108138
1620,0.7653345580246913,12.789754033091146,1.6164519552440249,12.789754033091146,12.891498173237409
1621,0.76486242072794564,12.643027144838882,1.5484879481733675,12.643027144838882,12.737501729568912
1622,0.76439086559802705,12.510042645806099,1.4688303984769142,12.510042645806099,12.595976728280229
1623,0.76391989155884155,12.395591954895242,1.3829601595030034,12.395591954895242,12.472500900582698
1624,0.7634494975369458,12.300013431463036,1.2984207135535319,12.300013431463036,12.368355863394131
1625,0.76297968246153836,12.219865230420407,1.2206322600191846,12.219865230420407,12.280677886983158
1626,0.76251044526445255,12.150955235436186,1.1523015421622607,12.150955235436186,12.20547057583785
1627,0.76204178488014751,12.089058482297141,1.0944846361585456,12.089058482297141,12.138502033084128
1628,0.76157370024570015,12.030346489570622,1.046334695743113,12.030346489570622,12.075763038195143
1629,0.76110619030079796,11.972726381639866,1.0059256737792897,11.972726381639866,12.01491004838503
1630,0.76063925398773002,11.915305754665464,0.97192987783954177,11.915305754665464,11.954880129662577
1631,0.76017289025137946,11.857155257522006,0.9432859469510213,11.857155257522006,11.894617235485009
1632,0.75970709803921566,11.797824019405411,0.91862105285559081,11.797824019405411,11.833533547998618
1633,0.75924187630128592,11.73747904664652,0.89706740437065513,11.73747904664652,11.771709489213977
1634,0.75877722399020797,11.676018930450184,0.87818617863630632,11.676018930450184,11.708997780706037
1635,0.75831314006116202,11.61333104265189,0.86129084228443786,11.61333104265189,11.64522562345724
1636,0.75784962347188256,11.549657662758779,0.84590012056709041,11.549657662758779,11.580593211960172
1637,0.75738667318265118,11.485041157401135,0.83183424912881487,11.485041157401135,11.515125644352374
1638,0.75692428815628809,11.419438925863393,0.81873068875979871,11.419438925863393,11.448751256020945
1639,0.75646246735814515,11.353012252542904,0.80631838812621859,11.353012252542904,11.381609576392073
1640,0.75600120975609753,11.285782509838373,0.79448950439259269,11.285782509838373,11.313712937491552
1641,0.75554051432053615,11.217728887758739,0.7830110559039819,11.217728887758739,11.245023241991312
1642,0.75508038002436051,11.148928244696311,0.7717171045014124,11.148928244696311,11.175605052737287
1643,0.75462080584297009,11.079356133712579,0.76049220740604662,11.079356133712579,11.105425734079709
1644,0.75416179075425782,11.008995247413637,0.74914780544930892,11.008995247413637,11.034455074537462
1645,0.75370333373860177,10.937846228737733,0.737540092778186,10.937846228737733,10.962684229328486
1646,0.75324543377885778,10.865855906574176,0.72550114188152315,10.865855906574176,10.890049425475731
1647,0.75278808986035206,10.792989729846632,0.71282921508111252,10.792989729846632,10.816503723405638
1648,0.75233130097087375,10.719195216218971,0.69931265097236395,10.719195216218971,10.741982324842173
1649,0.75187506610066701,10.644414807098592,0.68468376478717174,10.644414807098592,10.666412632340027
1650,0.75141938424242416,10.568600923628136,0.66862708144543437,10.568600923628136,10.589730291983631
1651,0.75096425439127801,10.491717960391718,0.65075119203090592,10.491717960391718,10.511880082760447
1652,0.75050967554479409,10.413773458418024,0.63057011080349668,10.413773458418024,10.432846989575303
1653,0.75005564670296421,10.3348510814942,0.60747999785636253,10.3348510814942,10.352689448856149
1654,0.74960216686819825,10.25517593991632,0.58073808749668032,10.25517593991632,10.271606022667919
1655,0.74914923504531716,10.175212610891279,0.5494609013049303,10.175212610891279,10.190037240309955
1656,0.74869685024154586,10.095809624350117,0.51267049517600083,10.095809624350117,10.108818081642603
1657,0.74824501146650568,10.018375582071577,0.46944750150643766,10.018375582071577,10.029368387895554
1658,0.74779371773220737,9.9450119710958589,0.41926387478828708,9.9450119710958589,9.9538457543776726
1659,0.7473429680530439,9.8784157739593965,0.36251226502855616,9.8784157739593965,9.8850651664774549
1660,0.74689276144578309,9.8213091162454482,0.3010254656302831,9.8213091162454482,9.8259212844294606
1661,0.74644309692956046,9.7754143649288032,0.23808264251710987,9.7754143649288032,9.7783132160267971
1662,0.74599397352587238,9.7405900759008581,0.17753660035366725,9.7405900759008581,9.7422078745633129
1663,0.74554539025856881,9.7148961735725727,0.1225135671315728,9.7148961735725727,9.7156686459258328
1664,0.74509734615384615,9.6955276916108666,0.074638912884989916,9.6955276916108666,9.6958149830795435
1665,0.74464984024024017,9.6798113847835268,0.034135412412969801,9.6798113847835268,9.6798715730822256
1666,0.74420287154861942,9.6657146067434923,0.00037111095450437226,9.6657146067434923,9.6657146138678147
1667,0.74375643911217748,9.6519014780228396,-0.027624543639265364,9.6519014780228396,9.651941009810967
1668,0.74331054196642676,9.6375850398732936,-0.050849039548503727,9.6375850398732936,9.6377191817157932
1669,0.74286517914919104,9.6223498381025863,-0.070188943759081246,9.6223498381025863,9.6226058266281953
1670,0.74242034970059878,9.6060111191910771,-0.086381335256640379,9.6060111191910771,9.6063995001823308
1671,0.74197605266307598,9.5885193340234451,-0.10001987176824034,9.5885193340234451,9.5890409840447521
1672,0.74153228708133967,9.5699001773238628,-0.11157619000290808,9.5699001773238628,9.5705505928404584
1673,0.74108905200239084,9.5502185186309134,-0.12142355051835474,9.5502185186309134,9.5509903901229709
1674,0.74064634647550776,9.5295573080226532,-0.12985785634780656,9.5295573080226532,9.5304420437744231
1675,0.74020416955223878,9.5080055429610688,-0.13711480767162632,9.5080055429610688,9.5089941568738627
1676,0.73976252028639611,9.4856516144657057,-0.14338336345097547,9.4856516144657057,9.486735230833121
1677,0.73932139773404881,9.4625798079856516,-0.14881611505475378,9.4625798079856516,9.4637499363940183
1678,0.73888080095351605,9.4388686336913317,-0.15353722359769895,9.4388686336913317,9.4401173066393707
1679,0.73844072900536029,9.4145902018812357,-0.15764848749315841,9.4145902018812357,9.4159100311635857
1680,0.73800118095238088,9.3898101810647994,-0.16123399296873397,9.3898101810647994,9.3911943669011997
1681,0.73756215585960727,9.3645880670955037,-0.16436369541272555,9.3645880670955037,9.3660303806232257
1682,0.73712365279429248,9.3389776048515145,-0.16709619378989993,9.3389776048515145,9.3404723564655558
1683,0.73668567082590608,9.313027271078095,-0.16948089415695411,9.313027271078095,9.3145692721310809
1684,0.7362482090261282,9.286780766870173,-0.17155970847463153,9.286780766870173,9.2883652891928019
1685,0.73581126646884265,9.2602774918671962,-0.17336839788221048,9.2602774918671962,9.2619002276944489
1686,0.73537484223013039,9.2335529861640033,-0.17493764223362129,9.2335529861640033,9.2352100099006105
1687,0.73493893538826316,9.2066393340384955,-0.17629389748173496,9.2066393340384955,9.2083270665932631
1688,0.73450354502369664,9.1795655282266502,-0.1774600875409843,9.1795655282266502,9.1812807042197058
1689,0.73406867021906452,9.1523577960109357,-0.17845616614928606,9.1523577960109357,9.1540974339056973
1690,0.73363431005917157,9.1250398896836913,-0.17929957595808921,9.1250398896836913,9.1268012647508279
1691,0.73320046363098756,9.0976333445203821,-0.18000562585795121,9.0976333445203821,9.0994139644632952
1692,0.73276713002364058,9.0701577075377422,-0.18058780284917508,9.0701577075377422,9.0719552905723813
1693,0.73233430832841107,9.0426307402265564,-0.18105803120069708,9.0426307402265564,9.0444431953964166
1694,0.73190199763872488,9.0150685982383045,-0.18142688891388292,9.0150685982383045,9.0168940077480855
1695,0.73147019705014749,8.9874859907416926,-0.18170378941371745,8.9874859907416926,8.9893225941038217
1696,0.73103890566037733,8.9598963218885324,-0.18189713476761349,8.9598963218885324,8.9617425016917505
1697,0.73060812256923979,8.9323118165458482,-0.1820144454726309,8.9323118165458482,8.9341660856716398
1698,0.7301778468786807,8.9047436322055233,-0.18206247086398508,8.9047436322055233,8.9066046223351538
1699,0.7297480776927604,8.8772019587405957,-0.18204728342195753,8.8772019587405957,8.8790684100117829
1700,0.72931881411764699,8.8496961074729441,-0.18197435963948783,8.8496961074729441,8.8515668591604708
1701,0.72889005526161077,8.8222345908309059,-0.18184864962430969,8.8222345908309059,8.8241085729394531
1702,0.72846180023501761,8.7948251937079007,-0.18167463721846056,8.7948251937079007,8.7967014193780422
1703,0.72803404815032291,8.7674750375014163,-0.18145639210443809,8.7674750375014163,8.769352596141065
1704,0.72760679812206563,8.7401906376759904,-0.18119761511348498,8.7401906376759904,8.7420686887396304
1705,0.72718004926686208,8.7129779555965428,-0.18090167774609511,8.7129779555965428,8.7148557229435912
1706,0.72675380070339968,8.6858424452743286,-0.18057165674755521,8.6858424452743286,8.6877192120457991
1707,0.72632805155243108,8.6587890956015379,-0.18021036444419031,8.6587890956015379,8.660664199561209
1708,0.72590280093676807,8.6318224685642235,-0.17982037543331481,8.6318224685642235,8.6336952978565993
1709,0.72547804798127558,8.6049467338731276,-0.17940405012753396,8.6049467338731276,8.6068167231558945
1710,0.72505379181286544,8.5781657003982659,-0.17896355557696492,8.5781657003982659,8.5800323273117112
1711,0.72463003156049088,8.5514828447415994,-0.17850088392871821,8.5514828447415994,8.5533456266815975
1712,0.72420676635514014,8.5249013372467779,-0.17801786883065257,8.5249013372467779,8.5267598284116648
1713,0.72378399532983062,8.4984240657101395,-0.17751620004088409,8.4984240657101395,8.5002778543950086
1714,0.72336171761960322,8.4720536570254197,-0.17699743646776961,8.4720536570254197,8.4739023631402528
1715,0.72293993236151599,8.4457924969666642,-0.17646301783319857,8.4457924969666642,8.4476357697571913
1716,0.72251863869463862,8.4196427482946383,-0.17591427512579061,8.4196427482946383,8.4214802642471067
1717,0.72209783576004649,8.3936063673487702,-0.17535243998737465,8.3936063673487702,8.3954378282616879
1718,0.72167752270081487,8.3676851192689945,-0.17477865315774255,8.3676851192689945,8.3695102504767505
1719,0.72125769866201273,8.3418805919779544,-0.17419397208559961,8.3418805919779544,8.3436991407126744
1720,0.72083836279069757,8.3161942090373557,-0.17359937780021134,8.3161942090373557,8.318005942916793
1721,0.72041951423590933,8.2906272414838398,-0.17299578112567654,8.2906272414838398,8.2924319471142613
1722,0.72000115214866434,8.2651808187353595,-0.17238402831025318,8.2651808187353595,8.2669783004195292
1723,0.71958327568195002,8.2398559386520596,-0.17176490613334705,8.2398559386520596,8.2416460171933252
1724,0.71916588399071923,8.2146534768260651,-0.17113914654599477,8.2146534768260651,8.2164359884204696
1725,0.71874897623188405,8.1895741951674665,-0.17050743089339226,8.1895741951674665,8.1913489903765377
1726,0.71833255156431053,8.1646187498464187,-0.16987039376269891,8.1646187498464187,8.1663856926440097
1727,0.71791660914881295,8.1397876986477122,-0.16922862649411369,8.1397876986477122,8.1415466655348538
1728,0.71750114814814814,8.1150815077849145,-0.16858268038884427,8.1150815077849145,8.1168323869672072
1729,0.71708616772700973,8.0905005582212368,-0.16793306964411592,8.0905005582212368,8.0922432488438112
1730,0.71667166705202312,8.066045151536045,-0.16728027404152196,8.066045151536045,8.0677795629715572
1731,0.71625764529173885,8.0417155153733546,-0.16662474141255462,8.0417155153733546,8.0434415665588901
1732,0.71584410161662815,8.0175118085081039,-0.16596688990244279,8.0175118085081039,8.0192294273272147
1733,0.71543103519907669,7.9934341255579362,-0.16530711005095317,7.9934341255579362,7.9951432482643838
1734,0.71501844521337943,7.9694825013689403,-0.16464576670727743,7.9694825013689403,7.9711830720489889
1735,0.71460633083573477,7.9456569151020915,-0.16398320079391671,7.9456569151020915,7.9473488851724836
1736,0.71419469124423962,7.92195729404148,-0.16331973093327112,7.92195729404148,7.9236406217804394
1737,0.71378352561888303,7.8983835171451062,-0.16265565494898754,7.8983835171451062,7.9000581672539845
1738,0.71337283314154198,7.8749354183602591,-0.16199125125316383,7.8749354183602591,7.8766013615535622
1739,0.71296261299597463,7.8516127897171408,-0.16132678012920959,7.8516127897171408,7.8532700023389399
1740,0.71255286436781606,7.8284153842211239,-0.16066248491933754,7.8284153842211239,7.8300638478859428
1741,0.71214358644457199,7.8053429185533005,-0.1599985931247116,7.8053429185533005,7.8069826198097845
1742,0.71173477841561417,7.7823950755993607,-0.15933531742558149,7.7823950755993607,7.7840260056151074
1743,0.71132643947217433,7.759571506812172,-0.15867285662796798,7.759571506812172,7.7611936610782877
1744,0.71091856880733939,7.7368718344256706,-0.15801139654291607,7.7368718344256706,7.7384852124796808
1745,0.71051116561604577,7.7142956535270208,-0.1573511108038248,7.7142956535270208,7.7159002586928951
1746,0.71010422909507442,7.6918425339979102,-0.15669216162664135,7.6918425339979102,7.693438373142051
1747,0.70969775844304517,7.6695120223338336,-0.15603470051761292,7.6695120223338336,7.6710991056359603
1748,0.70929175286041179,7.647303643350341,-0.15537886893251146,7.647303643350341,7.6488819840882716
1749,0.70888621154945675,7.6252169017815739,-0.15472479889129614,7.6252169017815739,7.6267865161290143
1750,0.70848113371428567,7.6032512837826154,-0.15407261355137636,7.6032512837826154,7.6048121906190786
1751,0.70807651856082232,7.5814062583369299,-0.15342242774282372,7.5814062583369299,7.5829584790690276
1752,0.70767236529680355,7.5596812785792515,-0.15277434846823973,7.5596812785792515,7.5612248369726132
1753,0.70726867313177411,7.5380757830364331,-0.15212847536999491,7.5380757830364331,7.5396107050575711
1754,0.70686544127708095,7.5165891967940759,-0.15148490116716423,7.5165891967940759,7.5181155104615831
1755,0.70646266894586884,7.4952209325920727,-0.15084371206442199,7.4952209325920727,7.496738667836552
1756,0.7060603553530751,7.4739703918538538,-0.15020498813485611,7.4739703918538538,7.4754795803860388
1757,0.70565849971542394,7.4528369656537592,-0.14956880367863934,7.4528369656537592,7.4543376408403308
1758,0.70525710125142205,7.4318200356274389,-0.14893522755917377,7.4318200356274389,7.433312232374039
1759,0.70485615918135303,7.4109189748257975,-0.14830432351836914,7.4109189748257975,7.4124027294668284
1760,0.70445567272727272,7.3901331485200465,-0.14767615047245836,7.3901331485200465,7.3916084987148221
1761,0.70405564111300389,7.3694619149573732,-0.14705076278967105,7.3694619149573732,7.3709288995922497
1762,0.70365606356413157,7.3489046260726063,-0.14642821055107297,7.3489046260726063,7.3503632851687364
1763,0.70325693930799771,7.3284606281567868,-0.1458085397956238,7.3284606281567868,7.3299110027831507
1764,0.70285826757369607,7.3081292624868901,-0.14519179275059396,7.3081292624868901,7.3095713946783025
1765,0.70246004759206793,7.2879098659175447,-0.14457800804821941,7.2879098659175447,7.2893437985973391
1766,0.70206227859569648,7.26780177143808,-0.14396722092960118,7.26780177143808,7.269227548345194
1767,0.70166495981890209,7.2478043086966508,-0.14335946343660372,7.2478043086966508,7.2492219743168693
1768,0.70126809049773753,7.2279168044928142,-0.14275476459257186,7.2279168044928142,7.2293264039939089
1769,0.70087166986998295,7.2081385832413751,-0.14215315057257349,7.2081385832413751,7.2095401624119333
1770,0.70047569717514124,7.188468967408312,-0.14155464486384151,7.188468967408312,7.1898625726000382
1771,0.70008017165443248,7.1689072779208054,-0.14095926841703343,7.1689072779208054,7.1702929559940971
1772,0.69968509255079003,7.1494528345536636,-0.14036703978885068,7.1494528345536636,7.1508306328262652
1773,0.69929045910885501,7.1301049562909142,-0.13977797527665364,7.1301049562909142,7.1314749224895051
1774,0.69889627057497172,7.1108629616677579,-0.13919208904541985,7.1108629616677579,7.112225143882271
1775,0.698502526197183,7.0917261690903715,-0.13860939324768884,7.0917261690903715,7.0930806157309165
1776,0.69810922522522523,7.0726938971373379,-0.1380298981367461,7.0726938971373379,7.0740406568935823
1777,0.6977163669105233,7.0537654648421917,-0.13745361217360474,7.0537654648421917,7.0551045866450446
1778,0.69732395050618667,7.0349401919597039,-0.13688054212807022,7.0349401919597039,7.0362717249452
1779,0.6969319752670039,7.0162173992146304,-0.13631069317424521,7.0162173992146304,7.0175413926898749
1780,0.69654044044943819,6.9975964085361468,-0.13574406898086344,6.9975964085361468,6.9989129119472171
1781,0.69614934531162265,6.9790765432775768,-0.13518067179669024,6.9790765432775768,6.9803856061792668
1782,0.6957586891133557,6.9606571284217331,-0.13462050253132035,6.9606571284217331,6.9619588004490565
1783,0.69536847111609645,6.9423374907743121,-0.13406356083161042,6.9423374907743121,6.9436318216156465
1784,0.69497869058295958,6.9241169591444311,-0.13350984515404468,6.9241169591444311,6.9254039985162299
1785,0.69458934677871143,6.9059948645139091,-0.13295935283320309,6.9059948645139091,6.9072746621368921
1786,0.6942004389697648,6.8879705401952389,-0.13241208014660572,6.8879705401952389,6.8892431457719825
1787,0.69381196642417453,6.8700433219797432,-0.13186802237613615,6.8700433219797432,6.8713087851735963
1788,0.69342392841163303,6.8522125482755918,-0.13132717386619053,6.8522125482755918,6.8534709186908476
1789,0.69303632420346561,6.8344775602365502,-0.13078952807879979,6.8344775602365502,6.8357288873997941
1790,0.69264915307262565,6.8168377018825872,-0.13025507764583166,6.8168377018825872,6.818082035225185
1791,0.69226241429369062,6.799292320210899,-0.12972381441849223,6.799292320210899,6.8005297090525367
1792,0.69187610714285708,6.7818407653010198,-0.12919572951423397,6.7818407653010198,6.783071258834263
1793,0.69149023089793638,6.7644823904105724,-0.12867081336123459,6.7644823904105724,6.7657060376863685
1794,0.69110478483835003,6.7472165520656269,-0.12814905574055024,6.7472165520656269,6.7484334019797192
1795,0.69071976824512527,6.7300426101432578,-0.12763044582611277,6.7300426101432578,6.7312527114234584
1796,0.69033518040089081,6.7129599279482193,-0.1271149722226721,6.7129599279482193,6.7141633291424867
1797,0.68995102058987201,6.6959678722842284,-0.12660262300175207,6.6959678722842284,6.6971646217495282
1798,0.68956728809788648,6.6790658135191183,-0.12609338573578349,6.6790658135191183,6.6802559594109949
1799,0.68918398221234012,6.6622531256442308,-0.12558724753049177,6.6622531256442308,6.6634367159070846
1800,0.68880110222222213,6.6455291863297035,-0.12508419505562052,6.6455291863297035,6.646706268687721
1801,0.68841864741810099,6.6288933769745242,-0.12458421457407359,6.6288933769745242,6.6300639989232186
1802,0.68803661709211983,6.6123450827520909,-0.124087291969598,6.6123450827520909,6.6135092915504465
1803,0.68765501053799216,6.5958836926514888,-0.1235934127730321,6.5958836926514888,6.597041535314653
1804,0.68727382705099771,6.579508599514913,-0.12310256218722965,6.579508599514913,6.5806601228074193
1805,0.68689306592797783,6.5632192000708542,-0.12261472511071314,6.5632192000708542,6.5643644505003431
1806,0.68651272646733108,6.5470148949644233,-0.12212988616012638,6.5470148949644233,6.5481539187758484
1807,0.68613280796900933,6.5308950887835362,-0.12164802969154509,6.5308950887835362,6.5320279319538077
1808,0.68575330973451321,6.5148591900820936,-0.12116913982070648,6.5148591900820936,6.5159858983151588
1809,0.68537423106688777,6.4989066114003524,-0.12069320044221804,6.4989066114003524,6.5000272301226705
1810,0.6849955712707182,6.483036769282009,-0.12022019524776018,6.483036769282009,6.4841513436384188
1811,0.68461732965212585,6.4672490842885804,-0.11975010774342371,6.4672490842885804,6.4683576591385261
1812,0.68423950551876378,6.4515429810121105,-0.11928292126609508,6.4515429810121105,6.4526456009262132
1813,0.68386209817981247,6.4359178880837327,-0.11881861899906349,6.4359178880837327,6.4370145973406823
1814,0.68348510694597564,6.4203732381813516,-0.11835718398680684,6.4203732381813516,6.4214640807651167
1815,0.68310853112947656,6.404908468034856,-0.11789859914902906,6.404908468034856,6.4059934876321796
1816,0.68273237004405285,6.3895230184286813,-0.11744284729397692,6.3895230184286813,6.3906022584268598
1817,0.68235662300495314,6.3742163342030338,-0.11698991113108415,6.3742163342030338,6.3752898376879488
1818,0.68198128932893287,6.358987864252974,-0.11653977328295906,6.358987864252974,6.3600556740073788
1819,0.68160636833424959,6.3438370615262762,-0.11609241629676315,6.3438370615262762,6.344899220028319
1820,0.68123185934065933,6.3287633830183321,-0.11564782265499501,6.3287633830183321,6.3298199324402971
1821,0.68085776166941236,6.3137662897675835,-0.1152059747857207,6.3137662897675835,6.3148172719748459
1822,0.68048407464324911,6.2988452468476197,-0.11476685507228557,6.2988452468476197,6.2998907033978009
1823,0.68011079758639603,6.2839997233587432,-0.11433044586249397,6.2839997233587432,6.2850396955010464
1824,0.67973792982456138,6.2692291924184129,-0.11389672947735163,6.2692291924184129,6.270263721093146
1825,0.67936547068493147,6.2545331311498611,-0.11346568821928582,6.2545331311498611,6.2555622569881253
1826,0.67899341949616643,6.2399110206701351,-0.11303730438001391,6.2399110206701351,6.2409347839936693
1827,0.6786217755883962,6.2253623460769809,-0.11261156024792501,6.2253623460769809,6.2263807868981615
1828,0.67825053829321658,6.2108865964342197,-0.1121884381151062,6.2108865964342197,6.2118997544561969
1829,0.67787970694368505,6.1964832647569548,-0.11176792028398069,6.1964832647569548,6.1974911793739267
1830,0.67750928087431694,6.1821518479953497,-0.11134998907360061,6.1821518479953497,6.1831545582929603
1831,0.67713925942108133,6.167891847017664,-0.11093462682558947,6.167891847017664,6.168889391773523
1832,0.67676964192139732,6.1537027665925716,-0.11052181590974258,6.1537027665925716,6.1546951842768829
1833,0.67640042771412978,6.1395841153710666,-0.11011153872937024,6.1395841153710666,6.1405714441473664
1834,0.67603161613958551,6.1255354058669464,-0.10970377772629192,6.1255354058669464,6.1265176835929367
1835,0.67566320653950951,6.1115561544377162,-0.10929851538557933,6.1115561544377162,6.1125334186661933
1836,0.67529519825708051,6.0976458812635457,-0.10889573424003196,6.0976458812635457,6.0986181692434203
1837,0.67492759063690799,6.0838041103269784,-0.10849541687439485,6.0838041103269784,6.0847714590043713
1838,0.67456038302502719,6.0700303693915547,-0.1080975459293177,6.0700303693915547,6.0709928154109782
1839,0.67419357476889608,6.0563241899797653,-0.10770210410511702,6.0563241899797653,6.0572817696853702
1840,0.67382716521739128,6.0426851073510566,-0.10730907416529287,6.0426851073510566,6.0436378567879512
1841,0.67346115372080384,6.0291126604790417,-0.10691843893984057,6.0291126604790417,6.0300606153946745
1842,0.67309553963083602,6.0156063920286762,-0.10653018132836295,6.0156063920286762,6.0165495878742759
1843,0.67273032230059682,6.0021658483326785,-0.10614428430301301,6.0021658483326785,6.0031043202647529
1844,0.67236550108459869,5.9887905793680876,-0.1057607309112143,5.9887905793680876,5.9897243622499712
1845,0.67200107533875331,5.9754801387320668,-0.10537950427824103,5.9754801387320668,5.9764092671355202
1846,0.67163704442036831,5.9622340836181653,-0.10500058760962666,5.9622340836181653,5.9631585918250165
1847,0.67127340768814292,5.9490519747914021,-0.10462396419341591,5.9490519747914021,5.9499718967952306
1848,0.67091016450216445,5.9359333765639146,-0.10424961740225971,5.9359333765639146,5.9368487460717745
1849,0.67054731422390479,5.922877856770226,-0.1038775306953631,5.922877856770226,5.9237887072044044
1850,0.67018485621621615,5.9098849867420302,-0.10350768762033041,5.9098849867420302,5.9107913512418424
