case_id,band,state,energy_eV,left_barrier_edge_eV,right_barrier_edge_eV,barrier_edge_eV,binding_energy_meV,bound_pass,bound_checks,centroid_nm,rms_width_nm,active_region_probability,left_padding_probability,right_padding_probability,left_boundary_probability,right_boundary_probability,left_boundary_amplitude_nm_minus_half,right_boundary_amplitude_nm_minus_half,quantum_start_nm,quantum_end_nm
Case_00,electron,1,2.937529942754,3.3244289271371,3.3244289271371,3.3244289271371,386.89898438310036,True,"{""binding"": true, ""active_probability"": true, ""left_boundary_probability"": true, ""right_boundary_probability"": true, ""left_boundary_amplitude"": true, ""right_boundary_amplitude"": true}",63.611084677645174,1.8817929539758933,0.9817877838901864,0.017952888159113868,0.0002593279506997103,5.361788330934798e-40,7.745057884951791e-42,0.0,0.0,18.0,113.8
Case_00,electron,2,3.045004118842,3.3244289271371,3.3244289271371,3.3244289271371,279.4248082951003,True,"{""binding"": true, ""active_probability"": true, ""left_boundary_probability"": true, ""right_boundary_probability"": true, ""left_boundary_amplitude"": true, ""right_boundary_amplitude"": true}",69.73630020171771,2.3648603794424408,0.9105060717995547,0.005035460756833466,0.08445846744361198,5.038925726665735e-35,8.451658447695127e-34,0.0,0.0,18.0,113.8
Case_00,electron,3,3.112343906882,3.3244289271371,3.3244289271371,3.3244289271371,212.08502025510035,True,"{""binding"": true, ""active_probability"": true, ""left_boundary_probability"": true, ""right_boundary_probability"": true, ""left_boundary_amplitude"": true, ""right_boundary_amplitude"": true}",64.04022300841407,3.3245174938627904,0.9104991972808226,0.07516654951651011,0.014334253202667376,7.750673309945043e-30,1.4780525969352842e-30,0.0,0.0,18.0,113.8
Case_00,electron,4,3.326074995444,3.3244289271371,3.3244289271371,3.3244289271371,-1.6460683068997284,False,"{""binding"": false, ""active_probability"": false, ""left_boundary_probability"": true, ""right_boundary_probability"": true, ""left_boundary_amplitude"": true, ""right_boundary_amplitude"": true}",51.35740850481099,21.931423949821433,0.009162748930606018,0.7841730691462461,0.20666418192314784,0.00016109248942113892,4.245497435457804e-05,0.0,0.0,18.0,113.8
Case_00,electron,5,3.326308926831,3.3244289271371,3.3244289271371,3.3244289271371,-1.8799996938998476,False,"{""binding"": false, ""active_probability"": false, ""left_boundary_probability"": true, ""right_boundary_probability"": true, ""left_boundary_amplitude"": true, ""right_boundary_amplitude"": true}",81.3889828656036,22.879219654009336,0.00035298956233081663,0.20828963403984332,0.791357376397826,5.2079170727035876e-05,0.0001978650358743001,0.0,0.0,18.0,113.8
Case_00,electron,6,3.330878872798,3.3244289271371,3.3244289271371,3.3244289271371,-6.449945660899736,False,"{""binding"": false, ""active_probability"": false, ""left_boundary_probability"": true, ""right_boundary_probability"": true, ""left_boundary_amplitude"": true, ""right_boundary_amplitude"": true}",51.60122179424695,23.229427025945803,0.041798702283133926,0.7623849832698207,0.1958163144470453,0.0006110475957920156,0.00015694575678387666,0.0,0.0,18.0,113.8
Case_00,heavy_hole,1,1.448525453986,1.1795333333333,1.1795333333333,1.1795333333333,268.99212065269995,True,"{""binding"": true, ""active_probability"": true, ""left_boundary_probability"": true, ""right_boundary_probability"": true, ""left_boundary_amplitude"": true, ""right_boundary_amplitude"": true}",63.551022883912644,1.4800918506934593,0.9974400397887698,0.0025595245725915836,4.3563863855133564e-07,7.718519357330314e-69,3.735665421508456e-70,0.0,0.0,18.0,113.8
Case_00,heavy_hole,2,1.415482054683,1.1795333333333,1.1795333333333,1.1795333333333,235.9487213497,True,"{""binding"": true, ""active_probability"": true, ""left_boundary_probability"": true, ""right_boundary_probability"": true, ""left_boundary_amplitude"": true, ""right_boundary_amplitude"": true}",63.87041435600455,2.5719488790799243,0.9887860397534203,0.010235949358654699,0.0009780108879251627,2.73173636310753e-64,2.56865558041379e-65,0.0,0.0,18.0,113.8
Case_00,heavy_hole,3,1.41250217051,1.1795333333333,1.1795333333333,1.1795333333333,232.96883717670002,True,"{""binding"": true, ""active_probability"": true, ""left_boundary_probability"": true, ""right_boundary_probability"": true, ""left_boundary_amplitude"": true, ""right_boundary_amplitude"": true}",70.02564708251894,1.71225293007502,0.9769095931371999,0.0005672398365701084,0.022523167026230195,3.7418969302986267e-65,1.4493753592953523e-63,0.0,0.0,18.0,113.8
Case_00,heavy_hole,4,1.361021037279,1.1795333333333,1.1795333333333,1.1795333333333,181.4877039456999,True,"{""binding"": true, ""active_probability"": true, ""left_boundary_probability"": true, ""right_boundary_probability"": true, ""left_boundary_amplitude"": true, ""right_boundary_amplitude"": true}",63.55995340431154,2.3555139079475595,0.9730258257937192,0.026880723606212825,9.34506000678037e-05,2.1605700179362846e-56,7.511186610269852e-59,0.0,0.0,18.0,113.8
Case_00,heavy_hole,5,1.289979920618,1.1795333333333,1.1795333333333,1.1795333333333,110.44658728470003,True,"{""binding"": true, ""active_probability"": true, ""left_boundary_probability"": true, ""right_boundary_probability"": true, ""left_boundary_amplitude"": true, ""right_boundary_amplitude"": true}",65.35039620190383,3.6913611028331097,0.9311819746782444,0.04145952522154707,0.027358500100208513,1.8841246981675187e-44,1.243304776619351e-44,0.0,0.0,18.0,113.8
Case_00,heavy_hole,6,1.280537159303,1.1795333333333,1.1795333333333,1.1795333333333,101.00382596969992,True,"{""binding"": true, ""active_probability"": true, ""left_boundary_probability"": true, ""right_boundary_probability"": true, ""left_boundary_amplitude"": true, ""right_boundary_amplitude"": true}",68.50278199558929,3.5488439872661637,0.8922618126429641,0.017859177675857686,0.08987900968117819,5.38958853395017e-43,2.7123918514705147e-42,0.0,0.0,18.0,113.8
Case_01,electron,1,2.941955968222,3.3274135858088,3.3291149526728,3.3274135858088,385.4576175868001,True,"{""binding"": true, ""active_probability"": true, ""left_boundary_probability"": true, ""right_boundary_probability"": true, ""left_boundary_amplitude"": true, ""right_boundary_amplitude"": true}",63.58005182051522,1.8755769776789537,0.9813493312785133,0.0183400991571646,0.0002945622075775067,6.931124809767493e-40,7.917201955329492e-42,0.0,0.0,18.0,113.65866899999999
Case_01,electron,2,3.050185058851,3.3274135858088,3.3291149526728,3.3274135858088,277.2285269578001,True,"{""binding"": true, ""active_probability"": true, ""left_boundary_probability"": true, ""right_boundary_probability"": true, ""left_boundary_amplitude"": true, ""right_boundary_amplitude"": true}",69.57652626885482,2.393548451968301,0.9057653278736264,0.005473747932579072,0.08485697090869611,7.965649690705991e-35,8.262987845891897e-34,0.0,0.0,18.0,113.65866899999999
Case_01,electron,3,3.11980836225,3.3274135858088,3.3291149526728,3.3274135858088,207.60522355879996,True,"{""binding"": true, ""active_probability"": true, ""left_boundary_probability"": true, ""right_boundary_probability"": true, ""left_boundary_amplitude"": true, ""right_boundary_amplitude"": true}",64.02436221709692,3.3253864829669895,0.9068772102135241,0.07701591120253666,0.01549078072848796,1.7118884395445274e-29,2.1662702625000854e-30,0.0,0.0,18.0,113.65866899999999
Case_01,electron,4,3.328473747352,3.3274135858088,3.3291149526728,3.3274135858088,-1.060161543199989,False,"{""binding"": false, ""active_probability"": false, ""left_boundary_probability"": true, ""right_boundary_probability"": true, ""left_boundary_amplitude"": true, ""right_boundary_amplitude"": true}",38.869037415691565,8.06524298203595,0.0031260462748469693,0.9958155896127494,0.0010553762475413338,0.000314259941255231,9.619651472649795e-09,0.0,0.0,18.0,113.65866899999999
Case_01,electron,5,3.331589428591,3.3274135858088,3.3291149526728,3.3274135858088,-4.175842782200068,False,"{""binding"": false, ""active_probability"": false, ""left_boundary_probability"": true, ""right_boundary_probability"": true, ""left_boundary_amplitude"": true, ""right_boundary_amplitude"": true}",90.34281424182491,8.980969710362327,0.002622290349514416,0.008341085745103248,0.9890291665926196,5.584497367621961e-06,0.0001671076128781317,0.0,0.0,18.0,113.65866899999999
Case_01,electron,6,3.333680164663,3.3274135858088,3.3291149526728,3.3274135858088,-6.266578854199789,False,"{""binding"": false, ""active_probability"": false, ""left_boundary_probability"": true, ""right_boundary_probability"": true, ""left_boundary_amplitude"": true, ""right_boundary_amplitude"": true}",42.1214231900928,13.955615276347276,0.019953078915293777,0.9606359839446448,0.019390939714882417,0.0009147810931919689,8.851446506628545e-06,0.0,0.0,18.0,113.65866899999999
Case_01,heavy_hole,1,1.452033590461,1.1825179920051,1.184219358869,1.184219358869,267.814231592,True,"{""binding"": true, ""active_probability"": true, ""left_boundary_probability"": true, ""right_boundary_probability"": true, ""left_boundary_amplitude"": true, ""right_boundary_amplitude"": true}",63.52375535027883,1.46790899136001,0.9974007459709181,0.002598624320716598,5.730764814841282e-07,1.0175334562767722e-68,1.2300842600652743e-68,0.0,0.0,18.0,113.65866899999999
Case_01,heavy_hole,2,1.418496274589,1.1825179920051,1.184219358869,1.184219358869,234.27691571999998,True,"{""binding"": true, ""active_probability"": true, ""left_boundary_probability"": true, ""right_boundary_probability"": true, ""left_boundary_amplitude"": true, ""right_boundary_amplitude"": true}",64.08864963144303,2.794262631896853,0.9879338349506164,0.010031760856336249,0.0018627501222431065,2.176686990514379e-64,1.0168430533546982e-64,0.0,0.0,18.0,113.65866899999999
Case_01,heavy_hole,3,1.415983428918,1.1825179920051,1.184219358869,1.184219358869,231.76407004900003,True,"{""binding"": true, ""active_probability"": true, ""left_boundary_probability"": true, ""right_boundary_probability"": true, ""left_boundary_amplitude"": true, ""right_boundary_amplitude"": true}",69.64052959782661,2.1359286917258844,0.9748468639158467,0.0010333092496715673,0.0220951552946129,4.7737132649841596e-65,2.5011500401824776e-63,0.0,0.0,18.0,113.65866899999999
Case_01,heavy_hole,4,1.363062604867,1.1825179920051,1.184219358869,1.184219358869,178.84324599800004,True,"{""binding"": true, ""active_probability"": true, ""left_boundary_probability"": true, ""right_boundary_probability"": true, ""left_boundary_amplitude"": true, ""right_boundary_amplitude"": true}",63.525985245732215,2.3402926952698246,0.9722643142045135,0.027610363878071677,0.00011602989448001382,2.4184875342012778e-56,2.9019793839324647e-58,0.0,0.0,18.0,113.65866899999999
Case_01,heavy_hole,5,1.291625889725,1.1825179920051,1.184219358869,1.184219358869,107.40653085599993,True,"{""binding"": true, ""active_probability"": true, ""left_boundary_probability"": true, ""right_boundary_probability"": true, ""left_boundary_amplitude"": true, ""right_boundary_amplitude"": true}",65.79372395821683,3.7799698998158235,0.9232723075446314,0.03810233006620845,0.03638520352295578,2.288910256058123e-44,8.521832183073984e-44,0.0,0.0,18.0,113.65866899999999
Case_01,heavy_hole,6,1.282038016152,1.1825179920051,1.184219358869,1.184219358869,97.818657283,True,"{""binding"": true, ""active_probability"": true, ""left_boundary_probability"": true, ""right_boundary_probability"": true, ""left_boundary_amplitude"": true, ""right_boundary_amplitude"": true}",67.88958330431025,3.7465063782102406,0.8881360601841037,0.023342682906907265,0.08361426296596194,1.00698152546305e-42,1.501531635978203e-41,0.0,0.0,18.0,113.65866899999999
Case_02,electron,1,3.063569373146,3.4268855470458,3.4857723072285,3.4268855470458,363.3161738998001,True,"{""binding"": true, ""active_probability"": true, ""left_boundary_probability"": true, ""right_boundary_probability"": true, ""left_boundary_amplitude"": true, ""right_boundary_amplitude"": true}",63.57562671369024,1.892632563616668,0.980690733532514,0.019111075419293945,0.0001981910481921694,1.3277168728264487e-37,1.146112070256743e-44,0.0,0.0,18.0,113.9
Case_02,electron,2,3.178530448315,3.4268855470458,3.4857723072285,3.4268855470458,248.35509873080008,True,"{""binding"": true, ""active_probability"": true, ""left_boundary_probability"": true, ""right_boundary_probability"": true, ""left_boundary_amplitude"": true, ""right_boundary_amplitude"": true}",69.49469646332224,2.685609936055382,0.918735431364238,0.0076765878750508325,0.07358798076071127,1.5258646442974443e-31,1.2649795836664522e-36,0.0,0.0,18.0,113.9
Case_02,electron,3,3.236949616878,3.4268855470458,3.4857723072285,3.4268855470458,189.9359301678003,True,"{""binding"": true, ""active_probability"": true, ""left_boundary_probability"": true, ""right_boundary_probability"": true, ""left_boundary_amplitude"": true, ""right_boundary_amplitude"": true}",64.37459417042973,3.546060852472186,0.9088433562794153,0.07299666151828464,0.018159982202300303,1.2242951909164334e-26,4.348280052974299e-34,0.0,0.0,18.0,113.9
Case_02,electron,4,3.386821630402,3.4268855470458,3.4857723072285,3.4268855470458,40.06391664380038,False,"{""binding"": true, ""active_probability"": false, ""left_boundary_probability"": false, ""right_boundary_probability"": true, ""left_boundary_amplitude"": true, ""right_boundary_amplitude"": true}",26.885818348311435,3.854498169122769,2.802572252526627e-09,0.9999999971379392,5.94884580388111e-11,0.005454910455662865,1.6989373005832832e-32,0.0,0.0,18.0,113.9
Case_02,electron,5,3.40616884271,3.4268855470458,3.4857723072285,3.4268855470458,20.716704335800085,False,"{""binding"": true, ""active_probability"": false, ""left_boundary_probability"": false, ""right_boundary_probability"": true, ""left_boundary_amplitude"": true, ""right_boundary_amplitude"": true}",33.33134625003547,6.738830792136289,3.366211599275068e-06,0.9999965440234851,8.976491566060464e-08,0.005332250362409837,1.2056678327618884e-27,0.0,0.0,18.0,113.9
Case_02,electron,6,3.422030371368,3.4268855470458,3.4857723072285,3.4268855470458,4.855175677800361,False,"{""binding"": false, ""active_probability"": false, ""left_boundary_probability"": false, ""right_boundary_probability"": true, ""left_boundary_amplitude"": true, ""right_boundary_amplitude"": true}",38.536156511517255,9.070765109264574,0.0003806031922408285,0.9996065828778342,1.2813929924839861e-05,0.00526418826991166,5.271248334547303e-24,0.0,0.0,18.0,113.9
Case_02,heavy_hole,1,1.57627394758,1.281989953242,1.3408767134247,1.3408767134247,235.3972341553001,True,"{""binding"": true, ""active_probability"": true, ""left_boundary_probability"": true, ""right_boundary_probability"": true, ""left_boundary_amplitude"": true, ""right_boundary_amplitude"": true}",63.87660292105842,1.4909519581838093,0.9983713680826048,0.0016248365899990697,3.7953273960805416e-06,9.504808043215735e-75,1.4785455425510873e-59,0.0,0.0,18.0,113.9
Case_02,heavy_hole,2,1.555749090565,1.281989953242,1.3408767134247,1.3408767134247,214.87237714030005,True,"{""binding"": true, ""active_probability"": true, ""left_boundary_probability"": true, ""right_boundary_probability"": true, ""left_boundary_amplitude"": true, ""right_boundary_amplitude"": true}",70.38933289610016,0.8966274194319728,0.9771221134261068,2.493956378106513e-05,0.02285294701011214,2.9468565023190526e-74,7.041017844928895e-58,0.0,0.0,18.0,113.9
Case_02,heavy_hole,3,1.543492738201,1.281989953242,1.3408767134247,1.3408767134247,202.61602477630004,True,"{""binding"": true, ""active_probability"": true, ""left_boundary_probability"": true, ""right_boundary_probability"": true, ""left_boundary_amplitude"": true, ""right_boundary_amplitude"": true}",63.5533661729465,2.2446315581187224,0.9906955487203188,0.009172322431565906,0.00013212884811520585,2.8291451299062195e-70,1.3571289064660362e-57,0.0,0.0,18.0,113.9
Case_02,heavy_hole,4,1.490539978732,1.281989953242,1.3408767134247,1.3408767134247,149.6632653073,True,"{""binding"": true, ""active_probability"": true, ""left_boundary_probability"": true, ""right_boundary_probability"": true, ""left_boundary_amplitude"": true, ""right_boundary_amplitude"": true}",63.58169419198585,2.3902460030993162,0.9757959071651157,0.024034915281625865,0.00016917755325857414,2.4228974191649447e-63,1.893561108908411e-49,0.0,0.0,18.0,113.9
Case_02,heavy_hole,5,1.432602587127,1.281989953242,1.3408767134247,1.3408767134247,91.72587370230012,True,"{""binding"": true, ""active_probability"": true, ""left_boundary_probability"": true, ""right_boundary_probability"": true, ""left_boundary_amplitude"": true, ""right_boundary_amplitude"": true}",69.7754592492156,2.4142183737831617,0.8974070509623641,0.0041144363075342775,0.09847851273010158,4.99764395482604e-56,1.650862908709943e-34,0.0,0.0,18.0,113.9
Case_02,heavy_hole,6,1.417140273897,1.281989953242,1.3408767134247,1.3408767134247,76.2635604723001,True,"{""binding"": true, ""active_probability"": true, ""left_boundary_probability"": true, ""right_boundary_probability"": true, ""left_boundary_amplitude"": true, ""right_boundary_amplitude"": true}",64.18035162816099,3.1535457003683023,0.9381136560140277,0.04880135642596964,0.013084987560002672,1.4325720484399843e-52,3.764545970208996e-31,0.0,0.0,18.0,113.9
Case_03,electron,1,2.965738039135,3.3478863190369,3.3613341853871,3.3478863190369,382.1482799018998,True,"{""binding"": true, ""active_probability"": true, ""left_boundary_probability"": true, ""right_boundary_probability"": true, ""left_boundary_amplitude"": true, ""right_boundary_amplitude"": true}",63.63869373314017,1.9028004649442338,0.981846146471791,0.017874090625594682,0.0002797629026142984,1.6621945436660584e-39,1.7866508211779194e-42,0.0,0.0,18.0,113.82525
Case_03,electron,2,3.073639313307,3.3478863190369,3.3613341853871,3.3478863190369,274.2470057299,True,"{""binding"": true, ""active_probability"": true, ""left_boundary_probability"": true, ""right_boundary_probability"": true, ""left_boundary_amplitude"": true, ""right_boundary_amplitude"": true}",69.6084807563156,2.521091235282829,0.9142760952744939,0.006059741133417873,0.07966416359208803,2.45403573138467e-34,1.379291493456139e-34,0.0,0.0,18.0,113.82525
Case_03,electron,3,3.139309980566,3.3478863190369,3.3613341853871,3.3478863190369,208.57633847090005,True,"{""binding"": true, ""active_probability"": true, ""left_boundary_probability"": true, ""right_boundary_probability"": true, ""left_boundary_amplitude"": true, ""right_boundary_amplitude"": true}",64.189790093937,3.4237837928492194,0.9104201961019722,0.07318772568855143,0.0163920782094765,2.9340587539482666e-29,1.799579047818692e-31,0.0,0.0,18.0,113.82525
Case_03,electron,4,3.342477646305,3.3478863190369,3.3613341853871,3.3478863190369,5.408672731900044,False,"{""binding"": true, ""active_probability"": false, ""left_boundary_probability"": false, ""right_boundary_probability"": true, ""left_boundary_amplitude"": true, ""right_boundary_amplitude"": true}",32.30133629592737,6.233746433829145,0.00015028803119770864,0.9998386208456627,1.1091123139683953e-05,0.0012775756841455531,2.832642556987732e-16,0.0,0.0,18.0,113.82525
Case_03,electron,5,3.350076477428,3.3478863190369,3.3613341853871,3.3478863190369,-2.190158391099928,False,"{""binding"": false, ""active_probability"": false, ""left_boundary_probability"": false, ""right_boundary_probability"": true, ""left_boundary_amplitude"": true, ""right_boundary_amplitude"": true}",41.01992030200124,10.359666604386668,0.008688981455573041,0.9903877830228796,0.000923235521547549,0.0014710450139553142,5.829279216618785e-13,0.0,0.0,18.0,113.82525
Case_03,electron,6,3.358185432761,3.3478863190369,3.3613341853871,3.3478863190369,-10.299113724100195,False,"{""binding"": false, ""active_probability"": false, ""left_boundary_probability"": false, ""right_boundary_probability"": true, ""left_boundary_amplitude"": true, ""right_boundary_amplitude"": true}",44.56796046567777,13.455243260757207,0.06630839696768158,0.9192054349569876,0.014486168075330645,0.00211600806325147,5.587769892144221e-10,0.0,0.0,18.0,113.82525
Case_03,heavy_hole,1,1.477861053049,1.2029907252331,1.2164385915833,1.2164385915833,261.42246146569994,True,"{""binding"": true, ""active_probability"": true, ""left_boundary_probability"": true, ""right_boundary_probability"": true, ""left_boundary_amplitude"": true, ""right_boundary_amplitude"": true}",63.65155833467243,1.4937463065080123,0.9977266643696053,0.0022724501017917283,8.855286031162051e-07,2.115208562151349e-70,1.5608932116108187e-68,0.0,0.0,18.0,113.82525
Case_03,heavy_hole,2,1.44645030455,1.2029907252331,1.2164385915833,1.2164385915833,230.01171296669986,True,"{""binding"": true, ""active_probability"": true, ""left_boundary_probability"": true, ""right_boundary_probability"": true, ""left_boundary_amplitude"": true, ""right_boundary_amplitude"": true}",68.52255719744336,3.267050496136662,0.9809691540395222,0.002642160018026576,0.016388685942450965,1.6464796753674998e-66,1.32693053769917e-62,0.0,0.0,18.0,113.82525
Case_03,heavy_hole,3,1.444815895949,1.2029907252331,1.2164385915833,1.2164385915833,228.37730436570004,True,"{""binding"": true, ""active_probability"": true, ""left_boundary_probability"": true, ""right_boundary_probability"": true, ""left_boundary_amplitude"": true, ""right_boundary_amplitude"": true}",65.3978452316258,3.594140976190795,0.985928434967049,0.0075828249041788665,0.006488740128772316,7.562845192856608e-66,8.695845024189388e-63,0.0,0.0,18.0,113.82525
Case_03,heavy_hole,4,1.391895160295,1.2029907252331,1.2164385915833,1.2164385915833,175.45656871170002,True,"{""binding"": true, ""active_probability"": true, ""left_boundary_probability"": true, ""right_boundary_probability"": true, ""left_boundary_amplitude"": true, ""right_boundary_amplitude"": true}",63.59308125929624,2.379187627964148,0.9742296341862937,0.025643811864819257,0.00012655394888707913,2.9147528021816336e-58,5.343815609883745e-57,0.0,0.0,18.0,113.82525
Case_03,heavy_hole,5,1.323752753777,1.2029907252331,1.2164385915833,1.2164385915833,107.31416219369993,True,"{""binding"": true, ""active_probability"": true, ""left_boundary_probability"": true, ""right_boundary_probability"": true, ""left_boundary_amplitude"": true, ""right_boundary_amplitude"": true}",66.78264697039528,3.8825525105254592,0.9233364228169731,0.027619869495705787,0.04904370768732109,1.6863056974672933e-47,1.0560649345504847e-42,0.0,0.0,18.0,113.82525
Case_03,heavy_hole,6,1.314725300398,1.2029907252331,1.2164385915833,1.2164385915833,98.28670881469992,True,"{""binding"": true, ""active_probability"": true, ""left_boundary_probability"": true, ""right_boundary_probability"": true, ""left_boundary_amplitude"": true, ""right_boundary_amplitude"": true}",67.10302128558052,3.9922939098415244,0.9070477327408876,0.028811899953607212,0.06414036730550512,7.386022933576336e-46,9.116674777422086e-41,0.0,0.0,18.0,113.82525
Case_04,electron,1,3.018727332664,3.3906794574394,3.4287214411525,3.3906794574394,371.9521247754001,True,"{""binding"": true, ""active_probability"": true, ""left_boundary_probability"": true, ""right_boundary_probability"": true, ""left_boundary_amplitude"": true, ""right_boundary_amplitude"": true}",63.59842147917418,1.8872811537992826,0.981244326390327,0.018549074370615825,0.0001957879756184072,1.720392963504901e-38,9.45181129271863e-44,0.0,0.0,18.0,113.87263399999999
Case_04,electron,2,3.134655403248,3.3906794574394,3.4287214411525,3.3906794574394,256.0240541914003,True,"{""binding"": true, ""active_probability"": true, ""left_boundary_probability"": true, ""right_boundary_probability"": true, ""left_boundary_amplitude"": true, ""right_boundary_amplitude"": true}",69.55332786355468,2.6530396001352536,0.9101326931690321,0.007319568836075509,0.07888498429496946,1.3954387974715753e-32,1.8013766523978825e-35,0.0,0.0,18.0,113.87263399999999
Case_04,electron,3,3.191618842326,3.3906794574394,3.4287214411525,3.3906794574394,199.06061511340002,True,"{""binding"": true, ""active_probability"": true, ""left_boundary_probability"": true, ""right_boundary_probability"": true, ""left_boundary_amplitude"": true, ""right_boundary_amplitude"": true}",64.34554716796892,3.526809598121245,0.9086854081080846,0.07222685965933995,0.018327632464242728,6.29217627500715e-28,6.252535843034513e-33,0.0,0.0,18.0,113.87263399999999
Case_04,electron,4,3.367389245485,3.3906794574394,3.4287214411525,3.3906794574394,23.290211954400064,False,"{""binding"": true, ""active_probability"": false, ""left_boundary_probability"": false, ""right_boundary_probability"": true, ""left_boundary_amplitude"": true, ""right_boundary_amplitude"": true}",28.23442881135357,4.4574042191680014,2.090662426860044e-07,0.9999997848286668,5.985764974526286e-09,0.0035528929582675445,2.808280720371577e-26,0.0,0.0,18.0,113.87263399999999
Case_04,electron,5,3.381863307322,3.3906794574394,3.4287214411525,3.3906794574394,8.816150117400223,False,"{""binding"": true, ""active_probability"": false, ""left_boundary_probability"": false, ""right_boundary_probability"": true, ""left_boundary_amplitude"": true, ""right_boundary_amplitude"": true}",35.664544199311784,7.775989433487591,0.00010848730956553838,0.9998874640766954,3.980541937484607e-06,0.003500304302560723,6.874337660400229e-22,0.0,0.0,18.0,113.87263399999999
Case_04,electron,6,3.393913661143,3.3906794574394,3.4287214411525,3.3906794574394,-3.234203703599725,False,"{""binding"": false, ""active_probability"": false, ""left_boundary_probability"": false, ""right_boundary_probability"": true, ""left_boundary_amplitude"": true, ""right_boundary_amplitude"": true}",41.151103998981505,10.346012392881502,0.0048728681773684505,0.9948901360242948,0.0002336351177145437,0.003631061812531986,1.1025484457102718e-18,0.0,0.0,18.0,113.87263399999999
Case_04,heavy_hole,1,1.531156187567,1.2457838636357,1.2838258473488,1.2838258473488,247.3303402181999,True,"{""binding"": true, ""active_probability"": true, ""left_boundary_probability"": true, ""right_boundary_probability"": true, ""left_boundary_amplitude"": true, ""right_boundary_amplitude"": true}",63.77831087761389,1.4942015732186849,0.9981045588014705,0.0018939577416861738,1.3526322435855816e-06,8.508767368809136e-73,8.369356507073827e-63,0.0,0.0,18.0,113.87263399999999
Case_04,heavy_hole,2,1.503787446159,1.2457838636357,1.2838258473488,1.2838258473488,219.96159881019994,True,"{""binding"": true, ""active_probability"": true, ""left_boundary_probability"": true, ""right_boundary_probability"": true, ""left_boundary_amplitude"": true, ""right_boundary_amplitude"": true}",70.32310044751804,1.1664597254001086,0.9738545840358117,0.00012788843945952635,0.023843012464066293,8.952550937950025e-71,1.0597394160631562e-59,0.0,0.0,18.0,113.87263399999999
Case_04,heavy_hole,3,1.498524831024,1.2457838636357,1.2838258473488,1.2838258473488,214.69898367520003,True,"{""binding"": true, ""active_probability"": true, ""left_boundary_probability"": true, ""right_boundary_probability"": true, ""left_boundary_amplitude"": true, ""right_boundary_amplitude"": true}",63.65951833448392,2.3631606652270793,0.9899865259838364,0.00950212385483886,0.00046908267594929123,2.83924489284508e-68,1.3846981202131008e-60,0.0,0.0,18.0,113.87263399999999
Case_04,heavy_hole,4,1.445547279417,1.2457838636357,1.2838258473488,1.2838258473488,161.72143206819987,True,"{""binding"": true, ""active_probability"": true, ""left_boundary_probability"": true, ""right_boundary_probability"": true, ""left_boundary_amplitude"": true, ""right_boundary_amplitude"": true}",63.58696086961638,2.3820928235695358,0.9751896436067986,0.024689046192241472,0.00011249666236428706,4.111080896320971e-61,2.9750974538323284e-53,0.0,0.0,18.0,113.87263399999999
Case_04,heavy_hole,5,1.37801713472,1.2457838636357,1.2838258473488,1.2838258473488,94.19128737120008,True,"{""binding"": true, ""active_probability"": true, ""left_boundary_probability"": true, ""right_boundary_probability"": true, ""left_boundary_amplitude"": true, ""right_boundary_amplitude"": true}",67.21792554124978,3.8782437580182254,0.9137824145956898,0.02358545111583277,0.05905931187253326,3.792731782849513e-51,1.2764569001355922e-37,0.0,0.0,18.0,113.87263399999999
Case_04,heavy_hole,6,1.36955803617,1.2457838636357,1.2838258473488,1.2838258473488,85.73218882119993,True,"{""binding"": true, ""active_probability"": true, ""left_boundary_probability"": true, ""right_boundary_probability"": true, ""left_boundary_amplitude"": true, ""right_boundary_amplitude"": true}",66.76134017122531,4.047192868699957,0.9048037241861748,0.030611316754200635,0.06104972664827519,1.2452665183944305e-49,1.258051820473429e-35,0.0,0.0,18.0,113.87263399999999
Case_05,electron,1,2.988867693648,3.3653851515383,3.3888127409279,3.3653851515383,376.51745789030014,True,"{""binding"": true, ""active_probability"": true, ""left_boundary_probability"": true, ""right_boundary_probability"": true, ""left_boundary_amplitude"": true, ""right_boundary_amplitude"": true}",63.54914093166865,1.8636477450057551,0.9808917055939824,0.01889721568935009,0.00021107871666746115,5.253925705001909e-39,5.4649191097612624e-43,0.0,0.0,18.0,113.76
Case_05,electron,2,3.102130778105,3.3653851515383,3.3888127409279,3.3653851515383,263.25437343330015,True,"{""binding"": true, ""active_probability"": true, ""left_boundary_probability"": true, ""right_boundary_probability"": true, ""left_boundary_amplitude"": true, ""right_boundary_amplitude"": true}",69.64995844618358,2.4217446823467763,0.9105991633625093,0.00574662651197882,0.08365421012551191,1.7580663902229818e-33,9.840600232807085e-35,0.0,0.0,18.0,113.76
Case_05,electron,3,3.165314892029,3.3653851515383,3.3888127409279,3.3653851515383,200.07025950930003,True,"{""binding"": true, ""active_probability"": true, ""left_boundary_probability"": true, ""right_boundary_probability"": true, ""left_boundary_amplitude"": true, ""right_boundary_amplitude"": true}",64.08218308519486,3.364063448196307,0.9079597657065002,0.07671000836628869,0.015330225927211113,2.1552701970265507e-28,7.649817198188745e-32,0.0,0.0,18.0,113.76
Case_05,electron,4,3.353066291956,3.3653851515383,3.3888127409279,3.3653851515383,12.318859582300057,False,"{""binding"": true, ""active_probability"": false, ""left_boundary_probability"": false, ""right_boundary_probability"": true, ""left_boundary_amplitude"": true, ""right_boundary_amplitude"": true}",29.964548569522897,5.227125388816274,5.761431164457649e-06,0.9999939991178121,2.3945102341465306e-07,0.0022100924420922065,4.724922344670571e-21,0.0,0.0,18.0,113.76
Case_05,electron,5,3.363643196446,3.3653851515383,3.3888127409279,3.3653851515383,1.7419550922999072,False,"{""binding"": false, ""active_probability"": false, ""left_boundary_probability"": false, ""right_boundary_probability"": true, ""left_boundary_amplitude"": true, ""right_boundary_amplitude"": true}",38.33589818764797,8.949985236243936,0.0009413599962003102,0.9990063953956192,5.224460818040854e-05,0.002252117518064196,3.000119250294697e-17,0.0,0.0,18.0,113.76
Case_05,electron,6,3.373338657465,3.3653851515383,3.3888127409279,3.3653851515383,-7.953505926700188,False,"{""binding"": false, ""active_probability"": false, ""left_boundary_probability"": false, ""right_boundary_probability"": true, ""left_boundary_amplitude"": true, ""right_boundary_amplitude"": true}",42.45497096554103,11.476128785421281,0.01368944614903183,0.985203238806759,0.0011073150442093252,0.002821291275321592,2.116627177924058e-14,0.0,0.0,18.0,113.76
Case_05,heavy_hole,1,1.499235401868,1.2204895577345,1.2439171471241,1.2439171471241,255.31825474390013,True,"{""binding"": true, ""active_probability"": true, ""left_boundary_probability"": true, ""right_boundary_probability"": true, ""left_boundary_amplitude"": true, ""right_boundary_amplitude"": true}",63.63177104445691,1.4710792575292995,0.9977669001398269,0.002232320925235444,7.789349376311768e-07,2.190969107812706e-71,5.881244430172329e-65,0.0,0.0,18.0,113.76
Case_05,heavy_hole,2,1.468462893,1.2204895577345,1.2439171471241,1.2439171471241,224.54574587590014,True,"{""binding"": true, ""active_probability"": true, ""left_boundary_probability"": true, ""right_boundary_probability"": true, ""left_boundary_amplitude"": true, ""right_boundary_amplitude"": true}",70.01577579317097,1.6547375122749848,0.9763923318709696,0.0004338299256305763,0.023173838203399806,2.406590754940543e-68,3.579832650710668e-61,0.0,0.0,18.0,113.76
Case_05,heavy_hole,3,1.465509419604,1.2204895577345,1.2439171471241,1.2439171471241,221.59227247989998,True,"{""binding"": true, ""active_probability"": true, ""left_boundary_probability"": true, ""right_boundary_probability"": true, ""left_boundary_amplitude"": true, ""right_boundary_amplitude"": true}",63.80993905867744,2.5734539174495135,0.9886835190435642,0.0100722373692634,0.00124424358717237,1.2910559035231865e-66,5.525910207200458e-62,0.0,0.0,18.0,113.76
Case_05,heavy_hole,4,1.410767905172,1.2204895577345,1.2439171471241,1.2439171471241,166.85075804789994,True,"{""binding"": true, ""active_probability"": true, ""left_boundary_probability"": true, ""right_boundary_probability"": true, ""left_boundary_amplitude"": true, ""right_boundary_amplitude"": true}",63.52474544915478,2.3444605556568283,0.9732382739221561,0.02666149542254022,0.0001002306553035826,5.3555168322216375e-59,4.0451590305606044e-55,0.0,0.0,18.0,113.76
Case_05,heavy_hole,5,1.341178400406,1.2204895577345,1.2439171471241,1.2439171471241,97.26125328189994,True,"{""binding"": true, ""active_probability"": true, ""left_boundary_probability"": true, ""right_boundary_probability"": true, ""left_boundary_amplitude"": true, ""right_boundary_amplitude"": true}",67.31751961922807,3.8231958761336924,0.9128037061339331,0.024113757332097717,0.06308253653396927,3.053898107777173e-48,1.1531783851731225e-39,0.0,0.0,18.0,113.76
Case_05,heavy_hole,6,1.332832485539,1.2204895577345,1.2439171471241,1.2439171471241,88.91533841489996,True,"{""binding"": true, ""active_probability"": true, ""left_boundary_probability"": true, ""right_boundary_probability"": true, ""left_boundary_amplitude"": true, ""right_boundary_amplitude"": true}",66.49333579062254,4.02261756196823,0.906689203335282,0.03488215723168187,0.05842863943303612,1.3191603037501408e-46,7.104994217809486e-38,0.0,0.0,18.0,113.76
Case_06,electron,1,2.994067792156,3.3698073380613,3.3957512848747,3.3698073380613,375.7395459052999,True,"{""binding"": true, ""active_probability"": true, ""left_boundary_probability"": true, ""right_boundary_probability"": true, ""left_boundary_amplitude"": true, ""right_boundary_amplitude"": true}",63.56631438322337,1.8798023761567217,0.9809402752800036,0.01880252282634481,0.00025720189365141744,6.427571312188847e-39,4.96139324039608e-43,0.0,0.0,18.0,113.745097
Case_06,electron,2,3.103939845389,3.3698073380613,3.3957512848747,3.3698073380613,265.86749267229993,True,"{""binding"": true, ""active_probability"": true, ""left_boundary_probability"": true, ""right_boundary_probability"": true, ""left_boundary_amplitude"": true, ""right_boundary_amplitude"": true}",69.5695117489476,2.4605026967982995,0.9140627573728426,0.005962581655748952,0.07997466097140886,1.4809758146190395e-33,4.374350437746788e-35,0.0,0.0,18.0,113.745097
Case_06,electron,3,3.17073686279,3.3698073380613,3.3957512848747,3.3698073380613,199.07047527129996,True,"{""binding"": true, ""active_probability"": true, ""left_boundary_probability"": true, ""right_boundary_probability"": true, ""left_boundary_amplitude"": true, ""right_boundary_amplitude"": true}",64.10412933868093,3.3783537700588857,0.9077220240894102,0.0765335882058911,0.015744387704698794,2.971956038605274e-28,5.49738453189361e-32,0.0,0.0,18.0,113.745097
Case_06,electron,4,3.355635645203,3.3698073380613,3.3957512848747,3.3698073380613,14.171692858300222,False,"{""binding"": true, ""active_probability"": false, ""left_boundary_probability"": false, ""right_boundary_probability"": true, ""left_boundary_amplitude"": true, ""right_boundary_amplitude"": true}",29.573075420681448,5.05395868634518,3.05796866991961e-06,0.9999968092220421,1.3280928806809903e-07,0.002445650676506166,5.369640341048696e-22,0.0,0.0,18.0,113.745097
Case_06,electron,5,3.366927644147,3.3698073380613,3.3957512848747,3.3698073380613,2.8796939142998745,False,"{""binding"": false, ""active_probability"": false, ""left_boundary_probability"": false, ""right_boundary_probability"": true, ""left_boundary_amplitude"": true, ""right_boundary_amplitude"": true}",37.790581187612894,8.707514275560527,0.0006371502761295543,0.9993260526637946,3.6797060075839655e-05,0.00246152393553734,4.531474072434998e-18,0.0,0.0,18.0,113.745097
Case_06,electron,6,3.376978492671,3.3698073380613,3.3957512848747,3.3698073380613,-7.171154609699748,False,"{""binding"": false, ""active_probability"": false, ""left_boundary_probability"": false, ""right_boundary_probability"": true, ""left_boundary_amplitude"": true, ""right_boundary_amplitude"": true}",42.31192693504636,11.259714943246571,0.011402818302964576,0.9876628524598716,0.0009343292371638691,0.0029403138573911277,3.5287631822599283e-15,0.0,0.0,18.0,113.745097
Case_06,heavy_hole,1,1.504782454624,1.2249117442575,1.2508556910709,1.2508556910709,253.92676355309996,True,"{""binding"": true, ""active_probability"": true, ""left_boundary_probability"": true, ""right_boundary_probability"": true, ""left_boundary_amplitude"": true, ""right_boundary_amplitude"": true}",63.65241578132006,1.4743788405454754,0.9978198829633556,0.002178877334815685,1.2397018287908334e-06,1.4780068138470139e-71,2.4885815437967626e-66,0.0,0.0,18.0,113.745097
Case_06,heavy_hole,2,1.476115033497,1.2249117442575,1.2508556910709,1.2508556910709,225.2593424260998,True,"{""binding"": true, ""active_probability"": true, ""left_boundary_probability"": true, ""right_boundary_probability"": true, ""left_boundary_amplitude"": true, ""right_boundary_amplitude"": true}",70.12950911745736,1.273328007665814,0.9772454043038842,0.00019203707984191904,0.02256255861627392,3.2299284020607704e-69,3.808207944254422e-61,0.0,0.0,18.0,113.745097
Case_06,heavy_hole,3,1.471204476331,1.2249117442575,1.2508556910709,1.2508556910709,220.34878526009982,True,"{""binding"": true, ""active_probability"": true, ""left_boundary_probability"": true, ""right_boundary_probability"": true, ""left_boundary_amplitude"": true, ""right_boundary_amplitude"": true}",63.650789576698834,2.3819367633907005,0.9891984333609811,0.010195278844116919,0.0006062877949017787,6.873048106741008e-67,4.684877877733209e-62,0.0,0.0,18.0,113.745097
Case_06,heavy_hole,4,1.416656263121,1.2249117442575,1.2508556910709,1.2508556910709,165.8005720500999,True,"{""binding"": true, ""active_probability"": true, ""left_boundary_probability"": true, ""right_boundary_probability"": true, ""left_boundary_amplitude"": true, ""right_boundary_amplitude"": true}",63.535794637134515,2.3540119814553355,0.9734814048778613,0.026380447079743626,0.00013814804239513663,2.4018909938138616e-59,1.2067747583906261e-54,0.0,0.0,18.0,113.745097
Case_06,heavy_hole,5,1.351235739045,1.2249117442575,1.2508556910709,1.2508556910709,100.38004797409994,True,"{""binding"": true, ""active_probability"": true, ""left_boundary_probability"": true, ""right_boundary_probability"": true, ""left_boundary_amplitude"": true, ""right_boundary_amplitude"": true}",68.81763023910044,3.1631398810071656,0.9031637224970881,0.011132911044216246,0.08570336645869572,1.0252311567068452e-49,5.829300534152147e-40,0.0,0.0,18.0,113.745097
Case_06,heavy_hole,6,1.340272344294,1.2249117442575,1.2508556910709,1.2508556910709,89.4166532231,True,"{""binding"": true, ""active_probability"": true, ""left_boundary_probability"": true, ""right_boundary_probability"": true, ""left_boundary_amplitude"": true, ""right_boundary_amplitude"": true}",64.94448806211149,3.645176945358679,0.9239873457810972,0.047320856240848246,0.028691797978054535,3.4474866333310094e-47,4.757989895890121e-38,0.0,0.0,18.0,113.745097
Case_07,electron,1,2.945474943617,3.3308355447028,3.3345084735598,3.3308355447028,385.36060108580017,True,"{""binding"": true, ""active_probability"": true, ""left_boundary_probability"": true, ""right_boundary_probability"": true, ""left_boundary_amplitude"": true, ""right_boundary_amplitude"": true}",63.60620208958547,1.8818116591060325,0.9816799218655707,0.018053219658060962,0.00025308978593039755,7.535636019317516e-40,5.075842375064646e-42,0.0,0.0,18.0,113.82592999999999
Case_07,electron,2,3.052458556878,3.3308355447028,3.3345084735598,3.3308355447028,278.3769878248004,True,"{""binding"": true, ""active_probability"": true, ""left_boundary_probability"": true, ""right_boundary_probability"": true, ""left_boundary_amplitude"": true, ""right_boundary_amplitude"": true}",69.76166868434476,2.3498682488165414,0.9077767094358846,0.004920114991509042,0.0834484560957837,6.855844358103675e-35,4.911492566797001e-34,0.0,0.0,18.0,113.82592999999999
Case_07,electron,3,3.120125850434,3.3308355447028,3.3345084735598,3.3308355447028,210.70969426880026,True,"{""binding"": true, ""active_probability"": true, ""left_boundary_probability"": true, ""right_boundary_probability"": true, ""left_boundary_amplitude"": true, ""right_boundary_amplitude"": true}",64.03004682967028,3.316552682029204,0.9101605571357779,0.07538808680038231,0.013893090719014914,1.1934087911742067e-29,8.185690192088465e-31,0.0,0.0,18.0,113.82592999999999
Case_07,electron,4,3.330998661586,3.3308355447028,3.3345084735598,3.3308355447028,-0.16311688319969875,False,"{""binding"": false, ""active_probability"": false, ""left_boundary_probability"": true, ""right_boundary_probability"": true, ""left_boundary_amplitude"": true, ""right_boundary_amplitude"": true}",37.450630626327516,7.876353670043402,0.0026460545869076754,0.9968865537486032,0.00046500780070655144,0.00043718149677403714,2.1451997416843305e-10,0.0,0.0,18.0,113.82592999999999
Case_07,electron,5,3.336228514238,3.3308355447028,3.3345084735598,3.3308355447028,-5.392969535199743,False,"{""binding"": false, ""active_probability"": false, ""left_boundary_probability"": true, ""right_boundary_probability"": true, ""left_boundary_amplitude"": true, ""right_boundary_amplitude"": true}",43.56854397289507,14.26789912088962,0.028136834971083418,0.9357788028294645,0.0360538997083742,0.000929379872814162,1.1432796283833243e-06,0.0,0.0,18.0,113.82592999999999
Case_07,electron,6,3.33765658161,3.3308355447028,3.3345084735598,3.3308355447028,-6.821036907199929,False,"{""binding"": false, ""active_probability"": false, ""left_boundary_probability"": true, ""right_boundary_probability"": true, ""left_boundary_amplitude"": true, ""right_boundary_amplitude"": true}",87.8105223923413,12.301411793297534,0.001696563514595078,0.03706138462703096,0.9612351519180353,4.9367248069006014e-05,0.00010640759524271379,0.0,0.0,18.0,113.82592999999999
Case_07,heavy_hole,1,1.456475752725,1.1859399508991,1.189612879756,1.189612879756,266.86287296900014,True,"{""binding"": true, ""active_probability"": true, ""left_boundary_probability"": true, ""right_boundary_probability"": true, ""left_boundary_amplitude"": true, ""right_boundary_amplitude"": true}",63.56776413616694,1.4802339866471614,0.9975010121003095,0.002498458827296279,4.815550543351241e-07,2.0928842094912159e-69,1.7033915349506714e-70,0.0,0.0,18.0,113.82592999999999
Case_07,heavy_hole,2,1.4235500798,1.1859399508991,1.189612879756,1.189612879756,233.9372000440001,True,"{""binding"": true, ""active_probability"": true, ""left_boundary_probability"": true, ""right_boundary_probability"": true, ""left_boundary_amplitude"": true, ""right_boundary_amplitude"": true}",64.52083544239362,3.1294829196435194,0.9875190042748885,0.009103193723246222,0.0030928577279802916,9.647881750617856e-65,2.3272697431702657e-64,0.0,0.0,18.0,113.82592999999999
Case_07,heavy_hole,3,1.421770119619,1.1859399508991,1.189612879756,1.189612879756,232.1572398630001,True,"{""binding"": true, ""active_probability"": true, ""left_boundary_probability"": true, ""right_boundary_probability"": true, ""left_boundary_amplitude"": true, ""right_boundary_amplitude"": true}",69.3858033975301,2.6448562854035975,0.9765113150255385,0.001622301473528086,0.020028481579614708,2.9191360089127373e-65,2.5622473490958735e-63,0.0,0.0,18.0,113.82592999999999
Case_07,heavy_hole,4,1.36898495538,1.1859399508991,1.189612879756,1.189612879756,179.37207562400005,True,"{""binding"": true, ""active_probability"": true, ""left_boundary_probability"": true, ""right_boundary_probability"": true, ""left_boundary_amplitude"": true, ""right_boundary_amplitude"": true}",63.558393530911005,2.3559686164451272,0.9731371159452895,0.026760919780125583,9.438723507464229e-05,7.72773737178639e-57,2.5845674287368178e-58,0.0,0.0,18.0,113.82592999999999
Case_07,heavy_hole,5,1.298806137179,1.1859399508991,1.189612879756,1.189612879756,109.19325742300012,True,"{""binding"": true, ""active_probability"": true, ""left_boundary_probability"": true, ""right_boundary_probability"": true, ""left_boundary_amplitude"": true, ""right_boundary_amplitude"": true}",66.26793417544488,3.8858977730965645,0.9223506502213431,0.03334084501516522,0.041713755534366535,2.8060199653293815e-45,6.335074877448088e-44,0.0,0.0,18.0,113.82592999999999
Case_07,heavy_hole,6,1.290406776936,1.1859399508991,1.189612879756,1.189612879756,100.79389717999999,True,"{""binding"": true, ""active_probability"": true, ""left_boundary_probability"": true, ""right_boundary_probability"": true, ""left_boundary_amplitude"": true, ""right_boundary_amplitude"": true}",67.60179632004787,3.910389520890949,0.896746484153123,0.025664432127047145,0.07321705194115542,8.355204486528852e-44,4.839654847815737e-42,0.0,0.0,18.0,113.82592999999999
Case_08,electron,1,3.033276040113,3.4014569102703,3.4455970037045,3.4014569102703,368.18087015730015,True,"{""binding"": true, ""active_probability"": true, ""left_boundary_probability"": true, ""right_boundary_probability"": true, ""left_boundary_amplitude"": true, ""right_boundary_amplitude"": true}",63.53617691187113,1.8694451429993857,0.9804556086446535,0.019333410200598197,0.00019991828926281711,3.7250741177878543e-38,5.84268190170822e-44,0.0,0.0,18.0,113.81247599999999
Case_08,electron,2,3.147070448715,3.4014569102703,3.4455970037045,3.4014569102703,254.38646155529997,True,"{""binding"": true, ""active_probability"": true, ""left_boundary_probability"": true, ""right_boundary_probability"": true, ""left_boundary_amplitude"": true, ""right_boundary_amplitude"": true}",69.60797916520434,2.4868847046054845,0.9112713330087291,0.006250161410204406,0.07879671626291927,2.1625485617254758e-32,7.727385040917041e-36,0.0,0.0,18.0,113.81247599999999
Case_08,electron,3,3.20925528409,3.4014569102703,3.4455970037045,3.4014569102703,192.2016261802999,True,"{""binding"": true, ""active_probability"": true, ""left_boundary_probability"": true, ""right_boundary_probability"": true, ""left_boundary_amplitude"": true, ""right_boundary_amplitude"": true}",64.14841799003607,3.409023596547282,0.9070934901955485,0.07657550820283011,0.015683154159321984,3.0817963639457917e-27,4.237517131926775e-33,0.0,0.0,18.0,113.81247599999999
Case_08,electron,4,3.373276123525,3.4014569102703,3.4455970037045,3.4014569102703,28.18078674529989,False,"{""binding"": true, ""active_probability"": false, ""left_boundary_probability"": false, ""right_boundary_probability"": true, ""left_boundary_amplitude"": true, ""right_boundary_amplitude"": true}",27.745927994048746,4.239052994719955,4.549031741190461e-08,0.9999999533141073,1.1702292055872836e-09,0.004121463118331009,2.5338809101175886e-28,0.0,0.0,18.0,113.81247599999999
Case_08,electron,5,3.389275939727,3.4014569102703,3.4455970037045,3.4014569102703,12.180970543300251,False,"{""binding"": true, ""active_probability"": false, ""left_boundary_probability"": false, ""right_boundary_probability"": true, ""left_boundary_amplitude"": true, ""right_boundary_amplitude"": true}",34.8250150310166,7.403062437836016,2.947173191769906e-05,0.9999695353814873,9.74594776653396e-07,0.004048197769624279,8.460496319060114e-24,0.0,0.0,18.0,113.81247599999999
Case_08,electron,6,3.402500929705,3.4014569102703,3.4455970037045,3.4014569102703,-1.0440194346998943,False,"{""binding"": false, ""active_probability"": false, ""left_boundary_probability"": false, ""right_boundary_probability"": true, ""left_boundary_amplitude"": true, ""right_boundary_amplitude"": true}",40.226786760297244,9.863655839163442,0.0016464738495726395,0.9982816253223985,7.076548837439567e-05,0.004117460291786185,1.736314484997794e-20,0.0,0.0,18.0,113.81247599999999
Case_08,heavy_hole,1,1.544168683453,1.2565613164665,1.3007014099008,1.3007014099008,243.46727355219988,True,"{""binding"": true, ""active_probability"": true, ""left_boundary_probability"": true, ""right_boundary_probability"": true, ""left_boundary_amplitude"": true, ""right_boundary_amplitude"": true}",63.73805195888981,1.4730414033828203,0.9980826447155923,0.0019153897573214612,1.7926676509262127e-06,2.5707267388389497e-73,1.5023162096790047e-61,0.0,0.0,18.0,113.81247599999999
Case_08,heavy_hole,2,1.519666976162,1.2565613164665,1.3007014099008,1.3007014099008,218.9655662612,True,"{""binding"": true, ""active_probability"": true, ""left_boundary_probability"": true, ""right_boundary_probability"": true, ""left_boundary_amplitude"": true, ""right_boundary_amplitude"": true}",70.31014168504018,0.927762022802229,0.9745228055693014,4.1185557298232735e-05,0.023304306459285357,3.7283997766739554e-72,3.235058476858439e-59,0.0,0.0,18.0,113.81247599999999
Case_08,heavy_hole,3,1.510612236149,1.2565613164665,1.3007014099008,1.3007014099008,209.9108262481999,True,"{""binding"": true, ""active_probability"": true, ""left_boundary_probability"": true, ""right_boundary_probability"": true, ""left_boundary_amplitude"": true, ""right_boundary_amplitude"": true}",63.526078366754696,2.2357669914310896,0.9898799325650046,0.009927351174374054,0.00017687183336672895,1.0666384984877857e-68,8.881646071976609e-60,0.0,0.0,18.0,113.81247599999999
Case_08,heavy_hole,4,1.456155266054,1.2565613164665,1.3007014099008,1.3007014099008,155.45385615319995,True,"{""binding"": true, ""active_probability"": true, ""left_boundary_probability"": true, ""right_boundary_probability"": true, ""left_boundary_amplitude"": true, ""right_boundary_amplitude"": true}",63.52971956725554,2.355572004517067,0.9741315079034916,0.02572595186532085,0.00013230526268374475,2.154284768093274e-61,1.0962179757279686e-51,0.0,0.0,18.0,113.81247599999999
Case_08,heavy_hole,5,1.394243280207,1.2565613164665,1.3007014099008,1.3007014099008,93.54187030619987,True,"{""binding"": true, ""active_probability"": true, ""left_boundary_probability"": true, ""right_boundary_probability"": true, ""left_boundary_amplitude"": true, ""right_boundary_amplitude"": true}",69.5699881083887,2.571086345374226,0.8894203477074072,0.005507575173807477,0.09904246773018417,4.842498369931863e-53,1.3268091048100342e-36,0.0,0.0,18.0,113.81247599999999
Case_08,heavy_hole,6,1.380828024784,1.2565613164665,1.3007014099008,1.3007014099008,80.12661488319984,True,"{""binding"": true, ""active_probability"": true, ""left_boundary_probability"": true, ""right_boundary_probability"": true, ""left_boundary_amplitude"": true, ""right_boundary_amplitude"": true}",64.27103504233288,3.250307595719194,0.9315861637973105,0.05136117445833958,0.01613713245418439,6.921004698974285e-50,4.304756558797106e-34,0.0,0.0,18.0,113.81247599999999
Case_09,electron,1,2.9619141612,3.3436853107421,3.3546784316659,3.3436853107421,381.7711495420997,True,"{""binding"": true, ""active_probability"": true, ""left_boundary_probability"": true, ""right_boundary_probability"": true, ""left_boundary_amplitude"": true, ""right_boundary_amplitude"": true}",63.57589023251718,1.8765795929512958,0.981214745066674,0.018496988058466026,0.00027335987364747477,1.606019967388499e-39,2.6349410202840013e-42,0.0,0.0,18.0,113.70193499999999
Case_09,electron,2,3.071043065881,3.3436853107421,3.3546784316659,3.3436853107421,272.6422448610997,True,"{""binding"": true, ""active_probability"": true, ""left_boundary_probability"": true, ""right_boundary_probability"": true, ""left_boundary_amplitude"": true, ""right_boundary_amplitude"": true}",69.58814064252891,2.417193905274282,0.9073594057039128,0.005633015970576904,0.08316784876034523,2.468259507907448e-34,2.7214084437777185e-34,0.0,0.0,18.0,113.70193499999999
Case_09,electron,3,3.139059371585,3.3436853107421,3.3546784316659,3.3436853107421,204.6259391570997,True,"{""binding"": true, ""active_probability"": true, ""left_boundary_probability"": true, ""right_boundary_probability"": true, ""left_boundary_amplitude"": true, ""right_boundary_amplitude"": true}",64.05705815113167,3.346471169985923,0.9071679385569016,0.07668084269090085,0.015528158111597083,4.788131160346745e-29,4.916437310081297e-31,0.0,0.0,18.0,113.70193499999999
Case_09,electron,4,3.339796774115,3.3436853107421,3.3546784316659,3.3436853107421,3.888536627099981,False,"{""binding"": false, ""active_probability"": false, ""left_boundary_probability"": false, ""right_boundary_probability"": true, ""left_boundary_amplitude"": true, ""right_boundary_amplitude"": true}",33.16037675980469,6.555579456403137,0.00020023601001133194,0.9997833637220204,1.623819105560571e-05,0.0010589203526147287,3.2271518644112337e-15,0.0,0.0,18.0,113.70193499999999
Case_09,electron,5,3.346803481502,3.3436853107421,3.3546784316659,3.3436853107421,-3.118170759900174,False,"{""binding"": false, ""active_probability"": false, ""left_boundary_probability"": false, ""right_boundary_probability"": true, ""left_boundary_amplitude"": true, ""right_boundary_amplitude"": true}",41.10288644150725,10.554078677634068,0.006872936811016384,0.9922754913149621,0.0008454850058433796,0.001372258912353686,4.449327652658892e-12,0.0,0.0,18.0,113.70193499999999
Case_09,electron,6,3.355229484504,3.3436853107421,3.3546784316659,3.3436853107421,-11.5441737619002,False,"{""binding"": false, ""active_probability"": false, ""left_boundary_probability"": false, ""right_boundary_probability"": true, ""left_boundary_amplitude"": true, ""right_boundary_amplitude"": true}",43.39463455491108,13.429608173455833,0.04094818823778067,0.9413035952740544,0.0177050339623138,0.0022111073511817255,1.3311687392311265e-08,0.0,0.0,18.0,113.70193499999999
Case_09,heavy_hole,1,1.472279717798,1.1987897169383,1.2097828378621,1.2097828378621,262.4968799359,True,"{""binding"": true, ""active_probability"": true, ""left_boundary_probability"": true, ""right_boundary_probability"": true, ""left_boundary_amplitude"": true, ""right_boundary_amplitude"": true}",63.57513718640599,1.4715334532675657,0.9975718312011712,0.002427363871129562,7.329254442470439e-07,4.8904493375142e-70,4.239167651070548e-68,0.0,0.0,18.0,113.70193499999999
Case_09,heavy_hole,2,1.43959462642,1.1987897169383,1.2097828378621,1.2097828378621,229.81178855789986,True,"{""binding"": true, ""active_probability"": true, ""left_boundary_probability"": true, ""right_boundary_probability"": true, ""left_boundary_amplitude"": true, ""right_boundary_amplitude"": true}",67.75911958564318,3.54543985356696,0.9801894920303823,0.0038632333359001937,0.014607555483939971,6.846799583435587e-66,9.380122118152323e-63,0.0,0.0,18.0,113.70193499999999
Case_09,heavy_hole,3,1.438156312155,1.1987897169383,1.2097828378621,1.2097828378621,228.3734742929,True,"{""binding"": true, ""active_probability"": true, ""left_boundary_probability"": true, ""right_boundary_probability"": true, ""left_boundary_amplitude"": true, ""right_boundary_amplitude"": true}",66.00439491852308,3.73280801295821,0.9831333390595873,0.006920379828965964,0.0091131757326693,1.8612233136920999e-65,8.918094762975831e-63,0.0,0.0,18.0,113.70193499999999
Case_09,heavy_hole,4,1.383748310897,1.1987897169383,1.2097828378621,1.2097828378621,173.96547303489984,True,"{""binding"": true, ""active_probability"": true, ""left_boundary_probability"": true, ""right_boundary_probability"": true, ""left_boundary_amplitude"": true, ""right_boundary_amplitude"": true}",63.531640893733126,2.346054990977876,0.972789447792195,0.027082039363787818,0.00011904837999278765,1.5463391068770324e-57,6.000752435385338e-57,0.0,0.0,18.0,113.70193499999999
Case_09,heavy_hole,5,1.31387937922,1.1987897169383,1.2097828378621,1.2097828378621,104.09654135790004,True,"{""binding"": true, ""active_probability"": true, ""left_boundary_probability"": true, ""right_boundary_probability"": true, ""left_boundary_amplitude"": true, ""right_boundary_amplitude"": true}",66.89562659746319,3.8448688583558366,0.9144077200569865,0.027743390217793155,0.0545075984984128,2.6061365978606646e-46,3.2161875440229395e-42,0.0,0.0,18.0,113.70193499999999
Case_09,heavy_hole,6,1.304923519475,1.1987897169383,1.2097828378621,1.2097828378621,95.1406816128999,True,"{""binding"": true, ""active_probability"": true, ""left_boundary_probability"": true, ""right_boundary_probability"": true, ""left_boundary_amplitude"": true, ""right_boundary_amplitude"": true}",66.83379874417875,3.988057809230059,0.9001966667451616,0.03236537922344542,0.06370485090073717,1.3762006323164508e-44,2.5110977917602877e-40,0.0,0.0,18.0,113.70193499999999
Case_10,electron,1,3.019462765736,3.3904662913189,3.4283081972814,3.3904662913189,371.0035255829003,True,"{""binding"": true, ""active_probability"": true, ""left_boundary_probability"": true, ""right_boundary_probability"": true, ""left_boundary_amplitude"": true, ""right_boundary_amplitude"": true}",63.54790734711506,1.864290622714514,0.9807556485885165,0.019069794215902637,0.00016533394779104843,1.9599365621188804e-38,9.551994320007274e-44,0.0,0.0,18.0,113.81237800000001
Case_10,electron,2,3.137474442589,3.3904662913189,3.4283081972814,3.3904662913189,252.99184872989989,True,"{""binding"": true, ""active_probability"": true, ""left_boundary_probability"": true, ""right_boundary_probability"": true, ""left_boundary_amplitude"": true, ""right_boundary_amplitude"": true}",69.6017041612262,2.5522238943135966,0.9108743552340818,0.006769883640290592,0.07868718167171881,1.954230415716117e-32,2.811874278638595e-35,0.0,0.0,18.0,113.81237800000001
Case_10,electron,3,3.194531219327,3.3904662913189,3.4283081972814,3.3904662913189,195.93507199189997,True,"{""binding"": true, ""active_probability"": true, ""left_boundary_probability"": true, ""right_boundary_probability"": true, ""left_boundary_amplitude"": true, ""right_boundary_amplitude"": true}",64.22552020556901,3.459000205898944,0.9079644477767218,0.07491637214749843,0.016436509043274927,1.063977325406343e-27,9.224737609592563e-33,0.0,0.0,18.0,113.81237800000001
Case_10,electron,4,3.367271738564,3.3904662913189,3.4283081972814,3.3904662913189,23.194552754900233,False,"{""binding"": true, ""active_probability"": false, ""left_boundary_probability"": false, ""right_boundary_probability"": true, ""left_boundary_amplitude"": true, ""right_boundary_amplitude"": true}",28.245131823917564,4.462167566172931,1.8618754058402077e-07,0.9999998088546597,4.860686563349517e-09,0.0035416286414749524,2.5246173435578652e-26,0.0,0.0,18.0,113.81237800000001
Case_10,electron,5,3.381715699311,3.3904662913189,3.4283081972814,3.3904662913189,8.750592007900071,False,"{""binding"": true, ""active_probability"": false, ""left_boundary_probability"": false, ""right_boundary_probability"": true, ""left_boundary_amplitude"": true, ""right_boundary_amplitude"": true}",35.67842732984053,7.780312029462877,8.931606259325642e-05,0.9999076355871629,2.997033478594731e-06,0.003490609971626501,5.715876751422731e-22,0.0,0.0,18.0,113.81237800000001
Case_10,electron,6,3.393778331364,3.3904662913189,3.4283081972814,3.3904662913189,-3.3120400450998844,False,"{""binding"": false, ""active_probability"": false, ""left_boundary_probability"": false, ""right_boundary_probability"": true, ""left_boundary_amplitude"": true, ""right_boundary_amplitude"": true}",41.04273170813466,10.296711038037522,0.0036025403845196813,0.9962366905092976,0.0001584905626537617,0.0036555815436780225,8.336354324665366e-19,0.0,0.0,18.0,113.81237800000001
Case_10,heavy_hole,1,1.530581632041,1.2455706975151,1.2834126034776,1.2834126034776,247.16902856340005,True,"{""binding"": true, ""active_probability"": true, ""left_boundary_probability"": true, ""right_boundary_probability"": true, ""left_boundary_amplitude"": true, ""right_boundary_amplitude"": true}",63.724193779964125,1.4778087272828089,0.9980208052470676,0.0019781527993249196,9.500322675547892e-07,1.0036557631334335e-72,1.7708887423498777e-63,0.0,0.0,18.0,113.81237800000001
Case_10,heavy_hole,2,1.502326627868,1.2455706975151,1.2834126034776,1.2834126034776,218.9140243904002,True,"{""binding"": true, ""active_probability"": true, ""left_boundary_probability"": true, ""right_boundary_probability"": true, ""left_boundary_amplitude"": true, ""right_boundary_amplitude"": true}",70.29908582647502,1.1207281628063985,0.9751129044012421,0.00011767599825407425,0.02270235186049435,1.1782514152389519e-70,1.7136878542924296e-59,0.0,0.0,18.0,113.81237800000001
Case_10,heavy_hole,3,1.497250135818,1.2455706975151,1.2834126034776,1.2834126034776,213.83753234040003,True,"{""binding"": true, ""active_probability"": true, ""left_boundary_probability"": true, ""right_boundary_probability"": true, ""left_boundary_amplitude"": true, ""right_boundary_amplitude"": true}",63.603640221147046,2.324439857092126,0.9896968558114563,0.009878361469063327,0.0003897116813920923,4.016041009866922e-68,1.9925508279854927e-60,0.0,0.0,18.0,113.81237800000001
Case_10,heavy_hole,4,1.443113165543,1.2455706975151,1.2834126034776,1.2834126034776,159.70056206540016,True,"{""binding"": true, ""active_probability"": true, ""left_boundary_probability"": true, ""right_boundary_probability"": true, ""left_boundary_amplitude"": true, ""right_boundary_amplitude"": true}",63.54074331252187,2.3564123328169058,0.9742372418391241,0.025666836686397358,8.898727823098013e-05,8.664145728277501e-61,5.374582744966477e-53,0.0,0.0,18.0,113.81237800000001
Case_10,heavy_hole,5,1.37394382405,1.2455706975151,1.2834126034776,1.2834126034776,90.53122057240004,True,"{""binding"": true, ""active_probability"": true, ""left_boundary_probability"": true, ""right_boundary_probability"": true, ""left_boundary_amplitude"": true, ""right_boundary_amplitude"": true}",67.14543513406502,3.879726170582238,0.9139795796922195,0.024956106456174538,0.057638776093694534,1.7634670749573786e-50,8.905488598765393e-37,0.0,0.0,18.0,113.81237800000001
Case_10,heavy_hole,6,1.365864564026,1.2455706975151,1.2834126034776,1.2834126034776,82.45196054840021,True,"{""binding"": true, ""active_probability"": true, ""left_boundary_probability"": true, ""right_boundary_probability"": true, ""left_boundary_amplitude"": true, ""right_boundary_amplitude"": true}",66.75917823336127,4.042996935176783,0.9041741092790954,0.031623336697339854,0.06074528589429096,5.095389395833126e-49,8.109884956026894e-35,0.0,0.0,18.0,113.81237800000001
Case_11,electron,1,3.008483623351,3.3820398490711,3.4151137298179,3.3820398490711,373.55622572009975,True,"{""binding"": true, ""active_probability"": true, ""left_boundary_probability"": true, ""right_boundary_probability"": true, ""left_boundary_amplitude"": true, ""right_boundary_amplitude"": true}",63.59015113135067,1.890354061364557,0.9811388717497025,0.01862614496731145,0.00023498328298599187,1.1359126559394188e-38,1.990797962718515e-43,0.0,0.0,18.0,113.866304
Case_11,electron,2,3.118053419224,3.3820398490711,3.4151137298179,3.3820398490711,263.98642984709977,True,"{""binding"": true, ""active_probability"": true, ""left_boundary_probability"": true, ""right_boundary_probability"": true, ""left_boundary_amplitude"": true, ""right_boundary_amplitude"": true}",69.64455649781766,2.492657211399191,0.9165888030015171,0.005992319633509882,0.07741887736497281,2.8664234370517528e-33,1.5663212419834195e-35,0.0,0.0,18.0,113.866304
Case_11,electron,3,3.18261351722,3.3820398490711,3.4151137298179,3.3820398490711,199.4263318510998,True,"{""binding"": true, ""active_probability"": true, ""left_boundary_probability"": true, ""right_boundary_probability"": true, ""left_boundary_amplitude"": true, ""right_boundary_amplitude"": true}",64.16587158665364,3.411913601275596,0.9097864019191428,0.07476484873237682,0.015448749348480383,4.392612988867879e-28,1.2932750649606247e-32,0.0,0.0,18.0,113.866304
Case_11,electron,4,3.362588708167,3.3820398490711,3.4151137298179,3.3820398490711,19.45114090410005,False,"{""binding"": true, ""active_probability"": false, ""left_boundary_probability"": false, ""right_boundary_probability"": true, ""left_boundary_amplitude"": true, ""right_boundary_amplitude"": true}",28.709601837461435,4.669616933961966,6.204845290035708e-07,0.99999935742331,2.2092160850828973e-08,0.0030955511429181636,1.4694520495320558e-24,0.0,0.0,18.0,113.866304
Case_11,electron,5,3.37578411513,3.3820398490711,3.4151137298179,3.3820398490711,6.255733941099795,False,"{""binding"": true, ""active_probability"": false, ""left_boundary_probability"": false, ""right_boundary_probability"": true, ""left_boundary_amplitude"": true, ""right_boundary_amplitude"": true}",36.45692029753761,8.124338300055616,0.00023252865165571032,0.9997565936054098,1.0877742934438752e-05,0.0030639789620130627,2.4715868153947855e-20,0.0,0.0,18.0,113.866304
Case_11,electron,6,3.386949201183,3.3820398490711,3.4151137298179,3.3820398490711,-4.909352111900134,False,"{""binding"": false, ""active_probability"": false, ""left_boundary_probability"": false, ""right_boundary_probability"": true, ""left_boundary_amplitude"": true, ""right_boundary_amplitude"": true}",41.74464526902154,10.717170238351104,0.007379152040071751,0.9921537242532181,0.0004671237067100554,0.0033090692963865277,2.9190529536516894e-17,0.0,0.0,18.0,113.866304
Case_11,heavy_hole,1,1.520227363098,1.2371442552673,1.2702181360141,1.2702181360141,250.00922708390004,True,"{""binding"": true, ""active_probability"": true, ""left_boundary_probability"": true, ""right_boundary_probability"": true, ""left_boundary_amplitude"": true, ""right_boundary_amplitude"": true}",63.724902171876636,1.4863319345649642,0.9979881393020773,0.00201034805751363,1.5126404091322497e-06,2.8310088680635307e-72,1.636096270765796e-64,0.0,0.0,18.0,113.866304
Case_11,heavy_hole,2,1.494054692932,1.2371442552673,1.2702181360141,1.2702181360141,223.83655691789994,True,"{""binding"": true, ""active_probability"": true, ""left_boundary_probability"": true, ""right_boundary_probability"": true, ""left_boundary_amplitude"": true, ""right_boundary_amplitude"": true}",70.30325951624982,1.0579811329108837,0.9777452136910276,8.443265466981788e-05,0.02217035365430245,1.3573894138827415e-70,1.4528889351069002e-60,0.0,0.0,18.0,113.866304
Case_11,heavy_hole,3,1.487225221115,1.2371442552673,1.2702181360141,1.2702181360141,217.00708510090004,True,"{""binding"": true, ""active_probability"": true, ""left_boundary_probability"": true, ""right_boundary_probability"": true, ""left_boundary_amplitude"": true, ""right_boundary_amplitude"": true}",63.603298465679195,2.3021506145473696,0.9898327444297628,0.009859750622859277,0.0003075049473779776,1.0573529959671848e-67,1.5739851817984797e-61,0.0,0.0,18.0,113.866304
Case_11,heavy_hole,4,1.433575767979,1.2371442552673,1.2702181360141,1.2702181360141,163.35763196489995,True,"{""binding"": true, ""active_probability"": true, ""left_boundary_probability"": true, ""right_boundary_probability"": true, ""left_boundary_amplitude"": true, ""right_boundary_amplitude"": true}",63.56776585391252,2.372959853374814,0.9744866418578342,0.025376276059740036,0.0001370820824258034,2.1854298072304404e-60,8.851681387449561e-54,0.0,0.0,18.0,113.866304
Case_11,heavy_hole,5,1.371203962604,1.2371442552673,1.2702181360141,1.2702181360141,100.98582658989996,True,"{""binding"": true, ""active_probability"": true, ""left_boundary_probability"": true, ""right_boundary_probability"": true, ""left_boundary_amplitude"": true, ""right_boundary_amplitude"": true}",69.36791840423996,2.8110423502119857,0.9023233551797878,0.007128937297355657,0.09054770752285651,1.1863502761148567e-51,2.0381253941218063e-39,0.0,0.0,18.0,113.866304
Case_11,heavy_hole,6,1.358924652882,1.2371442552673,1.2702181360141,1.2702181360141,88.70651686789999,True,"{""binding"": true, ""active_probability"": true, ""left_boundary_probability"": true, ""right_boundary_probability"": true, ""left_boundary_amplitude"": true, ""right_boundary_amplitude"": true}",64.52918640704476,3.4155403707190053,0.931800762771626,0.048757484014341906,0.019441753214032097,9.124358249183748e-49,2.371429556242853e-37,0.0,0.0,18.0,113.866304
Case_12,electron,1,2.97503113968,3.3550620118515,3.3726063239306,3.3550620118515,380.0308721715,True,"{""binding"": true, ""active_probability"": true, ""left_boundary_probability"": true, ""right_boundary_probability"": true, ""left_boundary_amplitude"": true, ""right_boundary_amplitude"": true}",63.60725017774648,1.8847753208780273,0.981562832407833,0.01820370101806466,0.00022121903718358112,2.5909530032555864e-39,1.006859006086568e-42,0.0,0.0,18.0,113.79631800000001
Case_12,electron,2,3.087661173287,3.3550620118515,3.3726063239306,3.3550620118515,267.4008385644999,True,"{""binding"": true, ""active_probability"": true, ""left_boundary_probability"": true, ""right_boundary_probability"": true, ""left_boundary_amplitude"": true, ""right_boundary_amplitude"": true}",69.59707190119643,2.5366738657320145,0.911217156143623,0.006379329557283139,0.07873658186879712,8.018355556344938e-34,1.6312363230181196e-34,0.0,0.0,18.0,113.79631800000001
Case_12,electron,3,3.149222698383,3.3550620118515,3.3726063239306,3.3550620118515,205.83931346850017,True,"{""binding"": true, ""active_probability"": true, ""left_boundary_probability"": true, ""right_boundary_probability"": true, ""left_boundary_amplitude"": true, ""right_boundary_amplitude"": true}",64.20898979934681,3.440697054958983,0.9093614235327151,0.07357298393010665,0.01639280843742456,5.797799603644629e-29,1.2167302465999524e-31,0.0,0.0,18.0,113.79631800000001
Case_12,electron,4,3.346916761111,3.3550620118515,3.3726063239306,3.3550620118515,8.14525074050021,False,"{""binding"": true, ""active_probability"": false, ""left_boundary_probability"": false, ""right_boundary_probability"": true, ""left_boundary_amplitude"": true, ""right_boundary_amplitude"": true}",31.141111201289295,5.741905646836572,3.7990938327989846e-05,0.9999599639855092,2.0187587671692593e-06,0.0016594036714222145,2.2492584009637995e-18,0.0,0.0,18.0,113.79631800000001
Case_12,electron,5,3.355755204614,3.3550620118515,3.3726063239306,3.3550620118515,-0.6931927624997947,False,"{""binding"": false, ""active_probability"": false, ""left_boundary_probability"": false, ""right_boundary_probability"": true, ""left_boundary_amplitude"": true, ""right_boundary_amplitude"": true}",39.84076339265924,9.680247452798826,0.0036030848230867514,0.9961309112968169,0.0002632764042169677,0.001775276988696244,7.635561570100205e-15,0.0,0.0,18.0,113.79631800000001
Case_12,electron,6,3.364499432953,3.3550620118515,3.3726063239306,3.3550620118515,-9.437421101500032,False,"{""binding"": false, ""active_probability"": false, ""left_boundary_probability"": false, ""right_boundary_probability"": true, ""left_boundary_amplitude"": true, ""right_boundary_amplitude"": true}",43.47292071473278,12.421698200038241,0.03654167821191778,0.9590294874731983,0.00439790432804069,0.002423298047198863,5.4317575086542455e-12,0.0,0.0,18.0,113.79631800000001
Case_12,heavy_hole,1,1.486695287436,1.2101664180477,1.2277107301268,1.2277107301268,258.9845573092,True,"{""binding"": true, ""active_probability"": true, ""left_boundary_probability"": true, ""right_boundary_probability"": true, ""left_boundary_amplitude"": true, ""right_boundary_amplitude"": true}",63.6554456615935,1.4880985145563874,0.9977645251002657,0.0022347180513520443,6.893250591918455e-07,8.408053894524426e-71,1.0402347894897108e-66,0.0,0.0,18.0,113.79631800000001
Case_12,heavy_hole,2,1.454657914637,1.2101664180477,1.2277107301268,1.2277107301268,226.94718451020003,True,"{""binding"": true, ""active_probability"": true, ""left_boundary_probability"": true, ""right_boundary_probability"": true, ""left_boundary_amplitude"": true, ""right_boundary_amplitude"": true}",67.57318124250409,3.6608245916589266,0.9818794359702752,0.004078349806301722,0.012864563106603923,1.1844483885692864e-66,4.863311492171311e-62,0.0,0.0,18.0,113.79631800000001
Case_12,heavy_hole,3,1.453310411024,1.2101664180477,1.2277107301268,1.2277107301268,225.59968089720007,True,"{""binding"": true, ""active_probability"": true, ""left_boundary_probability"": true, ""right_boundary_probability"": true, ""left_boundary_amplitude"": true, ""right_boundary_amplitude"": true}",66.33952412066594,3.8018477097821495,0.9835204769496902,0.006171859448129124,0.009445619534818308,2.6335607927288677e-66,5.568550543782357e-62,0.0,0.0,18.0,113.79631800000001
Case_12,heavy_hole,4,1.400151878975,1.2101664180477,1.2277107301268,1.2277107301268,172.44114884820004,True,"{""binding"": true, ""active_probability"": true, ""left_boundary_probability"": true, ""right_boundary_probability"": true, ""left_boundary_amplitude"": true, ""right_boundary_amplitude"": true}",63.573943413952065,2.368547150529251,0.9740647934649633,0.02582943698775393,9.797031594295245e-05,1.213548508757062e-58,2.3535099820069035e-56,0.0,0.0,18.0,113.79631800000001
Case_12,heavy_hole,5,1.330023937017,1.2101664180477,1.2277107301268,1.2277107301268,102.31320689019996,True,"{""binding"": true, ""active_probability"": true, ""left_boundary_probability"": true, ""right_boundary_probability"": true, ""left_boundary_amplitude"": true, ""right_boundary_amplitude"": true}",65.46834549502722,3.7227379509591514,0.9312577032314604,0.03886379376247254,0.02815193877677578,1.7631115286887923e-47,1.4389957653846509e-41,0.0,0.0,18.0,113.79631800000001
Case_12,heavy_hole,6,1.320404689651,1.2101664180477,1.2277107301268,1.2277107301268,92.69395952420001,True,"{""binding"": true, ""active_probability"": true, ""left_boundary_probability"": true, ""right_boundary_probability"": true, ""left_boundary_amplitude"": true, ""right_boundary_amplitude"": true}",68.4168052821592,3.601939904499787,0.8905427925429351,0.018029831561387266,0.08638084764147819,4.356525892574015e-46,4.557242217204103e-39,0.0,0.0,18.0,113.79631800000001
Case_13,electron,1,2.949241524025,3.3344951773409,3.3402808908077,3.3344951773409,385.2536533159001,True,"{""binding"": true, ""active_probability"": true, ""left_boundary_probability"": true, ""right_boundary_probability"": true, ""left_boundary_amplitude"": true, ""right_boundary_amplitude"": true}",63.635021571272596,1.8884338834797085,0.9820283021428315,0.017746187146058932,0.0002255107111095591,8.24295763487937e-40,3.310401764698434e-42,0.0,0.0,18.0,113.900784
Case_13,electron,2,3.058609751298,3.3344951773409,3.3402808908077,3.3344951773409,275.88542604290024,True,"{""binding"": true, ""active_probability"": true, ""left_boundary_probability"": true, ""right_boundary_probability"": true, ""left_boundary_amplitude"": true, ""right_boundary_amplitude"": true}",69.79387231463987,2.4227944120444715,0.9111727809675035,0.005293771887573801,0.08353344714492254,1.1404416906633814e-34,4.620845794287708e-34,0.0,0.0,18.0,113.900784
Case_13,electron,3,3.121507390738,3.3344951773409,3.3402808908077,3.3344951773409,212.9877866029002,True,"{""binding"": true, ""active_probability"": true, ""left_boundary_probability"": true, ""right_boundary_probability"": true, ""left_boundary_amplitude"": true, ""right_boundary_amplitude"": true}",64.1268846040223,3.3772341546672893,0.9121853068887884,0.07307808671816082,0.014736606393050607,9.402784155904395e-30,4.051656734888467e-31,0.0,0.0,18.0,113.900784
Case_13,electron,4,3.333606232037,3.3344951773409,3.3402808908077,3.3344951773409,0.8889453039002682,False,"{""binding"": false, ""active_probability"": false, ""left_boundary_probability"": true, ""right_boundary_probability"": true, ""left_boundary_amplitude"": true, ""right_boundary_amplitude"": true}",36.03822864249434,7.589052208563201,0.0020040675805547614,0.9977585971631026,0.0002373352563425843,0.0005930398567280889,8.252000197548028e-12,0.0,0.0,18.0,113.900784
Case_13,electron,5,3.339088764988,3.3344951773409,3.3402808908077,3.3344951773409,-4.593587647099717,False,"{""binding"": false, ""active_probability"": false, ""left_boundary_probability"": false, ""right_boundary_probability"": true, ""left_boundary_amplitude"": true, ""right_boundary_amplitude"": true}",42.93121035911453,12.290325198949105,0.03199038047902314,0.9598868003147636,0.008122819206213152,0.0010067914384932286,9.83613731361404e-09,0.0,0.0,18.0,113.900784
Case_13,electron,6,3.343891815692,3.3344951773409,3.3402808908077,3.3344951773409,-9.396638351099718,False,"{""binding"": false, ""active_probability"": false, ""left_boundary_probability"": true, ""right_boundary_probability"": true, ""left_boundary_amplitude"": true, ""right_boundary_amplitude"": true}",85.53102373911621,12.600562239779714,0.014852612342239105,0.044513366358028245,0.9406340212997327,8.004230835181248e-05,5.640427296099829e-05,0.0,0.0,18.0,113.900784
Case_13,heavy_hole,1,1.461226386823,1.1895995835371,1.1953852970039,1.1953852970039,265.8410898190999,True,"{""binding"": true, ""active_probability"": true, ""left_boundary_probability"": true, ""right_boundary_probability"": true, ""left_boundary_amplitude"": true, ""right_boundary_amplitude"": true}",63.61544268671413,1.4934113035016416,0.9976050565054251,0.002394499529479764,4.4396509531062945e-07,1.220655400836998e-69,3.496697120562226e-69,0.0,0.0,18.0,113.900784
Case_13,heavy_hole,2,1.4287926435,1.1895995835371,1.1953852970039,1.1953852970039,233.40734649609996,True,"{""binding"": true, ""active_probability"": true, ""left_boundary_probability"": true, ""right_boundary_probability"": true, ""left_boundary_amplitude"": true, ""right_boundary_amplitude"": true}",64.01130528924334,2.705730078667518,0.9889943267145876,0.009667365985216435,0.0013383073001959152,5.037743881444993e-65,1.5063245802565439e-64,0.0,0.0,18.0,113.900784
Case_13,heavy_hole,3,1.426334332624,1.1895995835371,1.1953852970039,1.1953852970039,230.94903562009983,True,"{""binding"": true, ""active_probability"": true, ""left_boundary_probability"": true, ""right_boundary_probability"": true, ""left_boundary_amplitude"": true, ""right_boundary_amplitude"": true}",70.01804284226009,1.9248764487846972,0.9770085887444523,0.0007105253638352257,0.022280885891712805,7.593101797539143e-66,5.314746353871699e-63,0.0,0.0,18.0,113.900784
Case_13,heavy_hole,4,1.375267511988,1.1895995835371,1.1953852970039,1.1953852970039,179.88221498409996,True,"{""binding"": true, ""active_probability"": true, ""left_boundary_probability"": true, ""right_boundary_probability"": true, ""left_boundary_amplitude"": true, ""right_boundary_amplitude"": true}",63.59312697049987,2.373387581584668,0.9740239402678268,0.025892362226024944,8.369750614836093e-05,2.3489529354373386e-57,2.5753316908536553e-58,0.0,0.0,18.0,113.900784
Case_13,heavy_hole,5,1.304905733913,1.1895995835371,1.1953852970039,1.1953852970039,109.52043690909986,True,"{""binding"": true, ""active_probability"": true, ""left_boundary_probability"": true, ""right_boundary_probability"": true, ""left_boundary_amplitude"": true, ""right_boundary_amplitude"": true}",64.95342094637844,3.5410140924720115,0.9362037723480461,0.04356218944684001,0.020234038205113988,9.088438720740418e-46,3.8934988191502473e-44,0.0,0.0,18.0,113.900784
Case_13,heavy_hole,6,1.294950313215,1.1895995835371,1.1953852970039,1.1953852970039,99.56501621109992,True,"{""binding"": true, ""active_probability"": true, ""left_boundary_probability"": true, ""right_boundary_probability"": true, ""left_boundary_amplitude"": true, ""right_boundary_amplitude"": true}",69.04049055155306,3.2852471575265647,0.889556266430704,0.013189090075433077,0.09725464349386306,1.9957155057065627e-44,1.6887248815041081e-41,0.0,0.0,18.0,113.900784
Case_14,electron,1,3.062424685266,3.4256860259225,3.4838665921497,3.4256860259225,363.26134065649995,True,"{""binding"": true, ""active_probability"": true, ""left_boundary_probability"": true, ""right_boundary_probability"": true, ""left_boundary_amplitude"": true, ""right_boundary_amplitude"": true}",63.55724705315807,1.8821214402995678,0.9805369857422901,0.019280699692594994,0.00018231456511498342,1.3027946551911927e-37,1.1720082343245645e-44,0.0,0.0,18.0,113.891515
Case_14,electron,2,3.178633340345,3.4256860259225,3.4838665921497,3.4256860259225,247.05268557750014,True,"{""binding"": true, ""active_probability"": true, ""left_boundary_probability"": true, ""right_boundary_probability"": true, ""left_boundary_amplitude"": true, ""right_boundary_amplitude"": true}",69.5389908638928,2.642928687574398,0.9172713283523319,0.007397736606936234,0.07533093504073175,1.6995435578372034e-31,1.6972863830019513e-36,0.0,0.0,18.0,113.891515
Case_14,electron,3,3.236272598792,3.4256860259225,3.4838665921497,3.4256860259225,189.4134271304999,True,"{""binding"": true, ""active_probability"": true, ""left_boundary_probability"": true, ""right_boundary_probability"": true, ""left_boundary_amplitude"": true, ""right_boundary_amplitude"": true}",64.328021336608,3.5200037329139935,0.908570149634859,0.07384761448681963,0.017582235878321275,1.2847168570465647e-26,5.120415390974558e-34,0.0,0.0,18.0,113.891515
Case_14,electron,4,3.386191697581,3.4256860259225,3.4838665921497,3.4256860259225,39.49432834150013,False,"{""binding"": true, ""active_probability"": false, ""left_boundary_probability"": false, ""right_boundary_probability"": true, ""left_boundary_amplitude"": true, ""right_boundary_amplitude"": true}",26.919732560015035,3.869662199174954,3.1148961004369843e-09,0.9999999968217209,6.338283155988489e-11,0.005392250911129457,2.4345023224397407e-32,0.0,0.0,18.0,113.891515
Case_14,electron,5,3.405387700542,3.4256860259225,3.4838665921497,3.4256860259225,20.298325380499804,False,"{""binding"": true, ""active_probability"": false, ""left_boundary_probability"": false, ""right_boundary_probability"": true, ""left_boundary_amplitude"": true, ""right_boundary_amplitude"": true}",33.39049823520225,6.765196506070393,3.5979154475388295e-06,0.9999963100487596,9.203579285846375e-08,0.005272010727846908,1.651713476280932e-27,0.0,0.0,18.0,113.891515
Case_14,electron,6,3.42112821373,3.4256860259225,3.4838665921497,3.4256860259225,4.557812192500066,False,"{""binding"": false, ""active_probability"": false, ""left_boundary_probability"": false, ""right_boundary_probability"": true, ""left_boundary_amplitude"": true, ""right_boundary_amplitude"": true}",38.60688349039461,9.102209854986079,0.0003881223431220339,0.9995993340708272,1.2543586050690158e-05,0.005209229457547238,6.86855601621015e-24,0.0,0.0,18.0,113.891515
Case_14,heavy_hole,1,1.574663453025,1.2807904321187,1.3389709983459,1.3389709983459,235.69245467910017,True,"{""binding"": true, ""active_probability"": true, ""left_boundary_probability"": true, ""right_boundary_probability"": true, ""left_boundary_amplitude"": true, ""right_boundary_amplitude"": true}",63.85388773513198,1.4852031030414177,0.9983374609221013,0.0016594600544257668,3.0790234730099878e-06,1.1530969702424963e-74,2.2265407949964744e-60,0.0,0.0,18.0,113.891515
Case_14,heavy_hole,2,1.553508821474,1.2807904321187,1.3389709983459,1.3389709983459,214.53782312810011,True,"{""binding"": true, ""active_probability"": true, ""left_boundary_probability"": true, ""right_boundary_probability"": true, ""left_boundary_amplitude"": true, ""right_boundary_amplitude"": true}",70.39630457306934,0.8833234560748287,0.9766664605123582,2.3505131939228233e-05,0.02331003435570243,3.91948769167823e-74,1.089098630371415e-57,0.0,0.0,18.0,113.891515
Case_14,heavy_hole,3,1.541664164017,1.2807904321187,1.3389709983459,1.3389709983459,202.69316567109996,True,"{""binding"": true, ""active_probability"": true, ""left_boundary_probability"": true, ""right_boundary_probability"": true, ""left_boundary_amplitude"": true, ""right_boundary_amplitude"": true}",63.538399127398975,2.2348147533858693,0.9905714968436429,0.00930539447352328,0.00012310868283365803,3.6487611833537205e-70,3.366820225827723e-58,0.0,0.0,18.0,113.891515
Case_14,heavy_hole,4,1.488324884131,1.2807904321187,1.3389709983459,1.3389709983459,149.3538857851,True,"{""binding"": true, ""active_probability"": true, ""left_boundary_probability"": true, ""right_boundary_probability"": true, ""left_boundary_amplitude"": true, ""right_boundary_amplitude"": true}",63.565111645079924,2.379516510129393,0.9754748801127255,0.02437752233468302,0.00014759755259144072,3.6027501794308086e-63,1.6551703621789477e-49,0.0,0.0,18.0,113.891515
Case_14,heavy_hole,5,1.428991013337,1.2807904321187,1.3389709983459,1.3389709983459,90.02001499110013,True,"{""binding"": true, ""active_probability"": true, ""left_boundary_probability"": true, ""right_boundary_probability"": true, ""left_boundary_amplitude"": true, ""right_boundary_amplitude"": true}",69.74804929449722,2.454229920551763,0.8953822282283901,0.004413569781344457,0.10020420199026531,1.3584700572009437e-55,3.762945050823776e-34,0.0,0.0,18.0,113.891515
Case_14,heavy_hole,6,1.41449244033,1.2807904321187,1.3389709983459,1.3389709983459,75.52144198410016,True,"{""binding"": true, ""active_probability"": true, ""left_boundary_probability"": true, ""right_boundary_probability"": true, ""left_boundary_amplitude"": true, ""right_boundary_amplitude"": true}",64.20314945683954,3.1804389508155237,0.9368075425497204,0.0492636508291586,0.01392880662112101,2.694650897530995e-52,5.255559743473716e-31,0.0,0.0,18.0,113.891515
Case_15,electron,1,3.047615383365,3.4138973518673,3.4654294347396,3.4138973518673,366.2819685023,True,"{""binding"": true, ""active_probability"": true, ""left_boundary_probability"": true, ""right_boundary_probability"": true, ""left_boundary_amplitude"": true, ""right_boundary_amplitude"": true}",63.57366050173984,1.88273513207095,0.9808422013028026,0.018988328134568737,0.00016947056262846082,6.456823724743708e-38,2.0863803986660196e-44,0.0,0.0,18.0,113.963136
Case_15,electron,2,3.163017839351,3.4138973518673,3.4654294347396,3.4138973518673,250.87951251630037,True,"{""binding"": true, ""active_probability"": true, ""left_boundary_probability"": true, ""right_boundary_probability"": true, ""left_boundary_amplitude"": true, ""right_boundary_amplitude"": true}",69.67058977536203,2.5858538554240327,0.9166571468613367,0.006738380378651505,0.07660447276001162,5.890229343927225e-32,3.335064982437256e-36,0.0,0.0,18.0,113.963136
Case_15,electron,3,3.219984311689,3.4138973518673,3.4654294347396,3.4138973518673,193.91304017830004,True,"{""binding"": true, ""active_probability"": true, ""left_boundary_probability"": true, ""right_boundary_probability"": true, ""left_boundary_amplitude"": true, ""right_boundary_amplitude"": true}",64.2886045101166,3.491387033739858,0.9103308431358794,0.07333196595031914,0.016337190913801373,3.7079280430416824e-27,8.982132142080874e-34,0.0,0.0,18.0,113.963136
Case_15,electron,4,3.379956121439,3.4138973518673,3.4654294347396,3.4138973518673,33.941230428299995,False,"{""binding"": true, ""active_probability"": false, ""left_boundary_probability"": false, ""right_boundary_probability"": true, ""left_boundary_amplitude"": true, ""right_boundary_amplitude"": true}",27.284346642938225,4.032690617734948,1.195382288561543e-08,0.9999999877887427,2.574344835449578e-10,0.004775191111426859,1.8800055232481914e-30,0.0,0.0,18.0,113.963136
Case_15,electron,5,3.397632696543,3.4138973518673,3.4654294347396,3.4138973518673,16.264655324300215,False,"{""binding"": true, ""active_probability"": false, ""left_boundary_probability"": false, ""right_boundary_probability"": true, ""left_boundary_amplitude"": true, ""right_boundary_amplitude"": true}",34.02611363223576,7.048613446087146,1.1203991923056853e-05,0.9999884889292244,3.070788524019693e-07,0.004677894771142748,9.73688420603872e-26,0.0,0.0,18.0,113.963136
Case_15,electron,6,3.412153980506,3.4138973518673,3.4654294347396,3.4138973518673,1.7433713613002055,False,"{""binding"": false, ""active_probability"": false, ""left_boundary_probability"": false, ""right_boundary_probability"": true, ""left_boundary_amplitude"": true, ""right_boundary_amplitude"": true}",39.39005677344704,9.462726222811572,0.000960302333132219,0.9990059734953826,3.3724171485317785e-05,0.004658130324831098,3.11842996409345e-22,0.0,0.0,18.0,113.963136
Case_15,heavy_hole,1,1.56005515749,1.2690017580636,1.3205338409358,1.3205338409358,239.52131655419984,True,"{""binding"": true, ""active_probability"": true, ""left_boundary_probability"": true, ""right_boundary_probability"": true, ""left_boundary_amplitude"": true, ""right_boundary_amplitude"": true}",63.83660517218746,1.490241456710107,0.9982739748429978,0.0017240007567520333,2.0244002499825802e-06,4.717611287813131e-74,3.124369676542848e-60,0.0,0.0,18.0,113.963136
Case_15,heavy_hole,2,1.537408876308,1.2690017580636,1.3205338409358,1.3205338409358,216.8750353722,True,"{""binding"": true, ""active_probability"": true, ""left_boundary_probability"": true, ""right_boundary_probability"": true, ""left_boundary_amplitude"": true, ""right_boundary_amplitude"": true}",70.4639464826907,0.8930141616777504,0.9767981494501582,2.7036052957820058e-05,0.023174814496883803,2.8110666715283418e-73,1.5680051704459775e-58,0.0,0.0,18.0,113.963136
Case_15,heavy_hole,3,1.527306691187,1.2690017580636,1.3205338409358,1.3205338409358,206.77285025119986,True,"{""binding"": true, ""active_probability"": true, ""left_boundary_probability"": true, ""right_boundary_probability"": true, ""left_boundary_amplitude"": true, ""right_boundary_amplitude"": true}",63.55986420626343,2.2470720179380486,0.9905195357807435,0.009350399465352053,0.0001300647539045535,1.4798118740284896e-69,6.310031812834929e-59,0.0,0.0,18.0,113.963136
Case_15,heavy_hole,4,1.474235292598,1.2690017580636,1.3205338409358,1.3205338409358,153.70145166219996,True,"{""binding"": true, ""active_probability"": true, ""left_boundary_probability"": true, ""right_boundary_probability"": true, ""left_boundary_amplitude"": true, ""right_boundary_amplitude"": true}",63.577266916778996,2.3818994089702827,0.9755306733785003,0.024351517425246324,0.0001178091962534604,1.5685132305269925e-62,6.685087604445794e-51,0.0,0.0,18.0,113.963136
Case_15,heavy_hole,5,1.41298858748,1.2690017580636,1.3205338409358,1.3205338409358,92.45474654419982,True,"{""binding"": true, ""active_probability"": true, ""left_boundary_probability"": true, ""right_boundary_probability"": true, ""left_boundary_amplitude"": true, ""right_boundary_amplitude"": true}",69.65341416355163,2.6506976650452874,0.8974601356328676,0.005550340825159583,0.09698952354197267,1.866483555104364e-54,1.431250540276145e-35,0.0,0.0,18.0,113.963136
Case_15,heavy_hole,6,1.400703968389,1.2690017580636,1.3205338409358,1.3205338409358,80.17012745319985,True,"{""binding"": true, ""active_probability"": true, ""left_boundary_probability"": true, ""right_boundary_probability"": true, ""left_boundary_amplitude"": true, ""right_boundary_amplitude"": true}",64.38485738589284,3.3180288891161602,0.9355398404525184,0.0478501494698976,0.016610010077584243,1.399928676252495e-51,3.3919995777067874e-33,0.0,0.0,18.0,113.963136
Case_16,electron,1,3.030405625315,3.3997712376084,3.4428944074597,3.3997712376084,369.36561229340015,True,"{""binding"": true, ""active_probability"": true, ""left_boundary_probability"": true, ""right_boundary_probability"": true, ""left_boundary_amplitude"": true, ""right_boundary_amplitude"": true}",63.5772047666358,1.8874984071726733,0.9808820359625257,0.01888999745153883,0.00022796658593575805,3.0297824956360935e-38,6.81712217735283e-44,0.0,0.0,18.0,113.777822
Case_16,electron,2,3.145275232607,3.3997712376084,3.4428944074597,3.3997712376084,254.4960050013998,True,"{""binding"": true, ""active_probability"": true, ""left_boundary_probability"": true, ""right_boundary_probability"": true, ""left_boundary_amplitude"": true, ""right_boundary_amplitude"": true}",69.428387145565,2.661842967865873,0.9151358270154708,0.007625846217650793,0.07723832676687838,2.4522768256193793e-32,8.861647018150616e-36,0.0,0.0,18.0,113.777822
Case_16,electron,3,3.205572975833,3.3997712376084,3.4428944074597,3.3997712376084,194.1982617754001,True,"{""binding"": true, ""active_probability"": true, ""left_boundary_probability"": true, ""right_boundary_probability"": true, ""left_boundary_amplitude"": true, ""right_boundary_amplitude"": true}",64.32580650419203,3.5184538181839926,0.9073619823626295,0.07373862546656233,0.018899392170808053,2.00562695411551e-27,4.716532979095997e-33,0.0,0.0,18.0,113.777822
Case_16,electron,4,3.372361991568,3.3997712376084,3.4428944074597,3.3997712376084,27.40924604040007,False,"{""binding"": true, ""active_probability"": false, ""left_boundary_probability"": false, ""right_boundary_probability"": true, ""left_boundary_amplitude"": true, ""right_boundary_amplitude"": true}",27.81611885463144,4.270433579037439,6.01401022009234e-08,0.9999999381723343,1.6875635312192147e-09,0.004032673611405185,5.915492615928213e-28,0.0,0.0,18.0,113.777822
Case_16,electron,5,3.388127839785,3.3997712376084,3.4428944074597,3.3997712376084,11.643397823399848,False,"{""binding"": true, ""active_probability"": false, ""left_boundary_probability"": false, ""right_boundary_probability"": true, ""left_boundary_amplitude"": true, ""right_boundary_amplitude"": true}",34.94682962826265,7.457480112642833,3.875918588131095e-05,0.9999598583994453,1.3824146732513656e-06,0.003962402425775258,1.9209406977145913e-23,0.0,0.0,18.0,113.777822
Case_16,electron,6,3.401164198213,3.3997712376084,3.4428944074597,3.3997712376084,-1.3929606045999243,False,"{""binding"": false, ""active_probability"": false, ""left_boundary_probability"": false, ""right_boundary_probability"": true, ""left_boundary_amplitude"": true, ""right_boundary_amplitude"": true}",40.38639654872111,9.943794415403122,0.002171849295083931,0.9977283695730169,9.978113189915822e-05,0.004033783936039017,3.895379909215477e-20,0.0,0.0,18.0,113.777822
Case_16,heavy_hole,1,1.542316818145,1.2548756438046,1.297998813656,1.297998813656,244.3180044890001,True,"{""binding"": true, ""active_probability"": true, ""left_boundary_probability"": true, ""right_boundary_probability"": true, ""left_boundary_amplitude"": true, ""right_boundary_amplitude"": true}",63.77540011781231,1.48580752349005,0.9981331143530758,0.0018647260013699208,2.159645554047313e-06,2.94460416660872e-73,7.56333508958421e-62,0.0,0.0,18.0,113.777822
Case_16,heavy_hole,2,1.516732877334,1.2548756438046,1.297998813656,1.297998813656,218.73406367800018,True,"{""binding"": true, ""active_probability"": true, ""left_boundary_probability"": true, ""right_boundary_probability"": true, ""left_boundary_amplitude"": true, ""right_boundary_amplitude"": true}",70.25462339888372,1.0440663931202787,0.9763051296837816,7.960916964362383e-05,0.023615261146574706,1.1171513821657392e-71,2.615442915612108e-59,0.0,0.0,18.0,113.777822
Case_16,heavy_hole,3,1.509287657958,1.2548756438046,1.297998813656,1.297998813656,211.288844302,True,"{""binding"": true, ""active_probability"": true, ""left_boundary_probability"": true, ""right_boundary_probability"": true, ""left_boundary_amplitude"": true, ""right_boundary_amplitude"": true}",63.592574922686765,2.2984560418491653,0.9900456350573337,0.009629242350412627,0.0003251225922535988,1.0384317600897412e-68,1.9505502182858417e-60,0.0,0.0,18.0,113.777822
Case_16,heavy_hole,4,1.455736629222,1.2548756438046,1.297998813656,1.297998813656,157.73781556600008,True,"{""binding"": true, ""active_probability"": true, ""left_boundary_probability"": true, ""right_boundary_probability"": true, ""left_boundary_amplitude"": true, ""right_boundary_amplitude"": true}",63.565300767389104,2.375122138008861,0.974843766794073,0.025003703104773078,0.0001525301011537924,1.588505706997897e-61,4.396880293661513e-52,0.0,0.0,18.0,113.777822
Case_16,heavy_hole,5,1.390958897595,1.2548756438046,1.297998813656,1.297998813656,92.96008393900013,True,"{""binding"": true, ""active_probability"": true, ""left_boundary_probability"": true, ""right_boundary_probability"": true, ""left_boundary_amplitude"": true, ""right_boundary_amplitude"": true}",68.63152434541483,3.3185504470819245,0.9036326021961252,0.012270321699017124,0.08409707610485764,2.2262783765050344e-52,1.2157344790809922e-36,0.0,0.0,18.0,113.777822
Case_16,heavy_hole,6,1.380295538751,1.2548756438046,1.297998813656,1.297998813656,82.29672509500018,True,"{""binding"": true, ""active_probability"": true, ""left_boundary_probability"": true, ""right_boundary_probability"": true, ""left_boundary_amplitude"": true, ""right_boundary_amplitude"": true}",65.21190322524505,3.7531332340709675,0.9231882240420621,0.04295313070713723,0.03385864525080051,4.286364079944785e-50,1.9199218804389e-34,0.0,0.0,18.0,113.777822
Case_17,electron,1,2.941115094415,3.3269903426348,3.3284490116394,3.3269903426348,385.8752482197998,True,"{""binding"": true, ""active_probability"": true, ""left_boundary_probability"": true, ""right_boundary_probability"": true, ""left_boundary_amplitude"": true, ""right_boundary_amplitude"": true}",63.59806984838385,1.8855215355353492,0.9815078556102127,0.018168129715423562,0.00032401467436357547,6.486665039691678e-40,8.637227563179027e-42,0.0,0.0,18.0,113.63
Case_17,electron,2,3.049296102808,3.3269903426348,3.3284490116394,3.3269903426348,277.69423982680007,True,"{""binding"": true, ""active_probability"": true, ""left_boundary_probability"": true, ""right_boundary_probability"": true, ""left_boundary_amplitude"": true, ""right_boundary_amplitude"": true}",69.49061403202967,2.463497690909288,0.9101639988203254,0.005970809004148427,0.08386519217552629,8.076040860851845e-35,8.038522545687531e-34,0.0,0.0,18.0,113.63
Case_17,electron,3,3.118933541748,3.3269903426348,3.3284490116394,3.3269903426348,208.0568008868,True,"{""binding"": true, ""active_probability"": true, ""left_boundary_probability"": true, ""right_boundary_probability"": true, ""left_boundary_amplitude"": true, ""right_boundary_amplitude"": true}",64.08243014909252,3.364863013787452,0.907061357159658,0.07615548914225298,0.01678315369808904,1.559180957132094e-29,2.3098293782513902e-30,0.0,0.0,18.0,113.63
Case_17,electron,4,3.328145692072,3.3269903426348,3.3284490116394,3.3269903426348,-1.1553494371998596,False,"{""binding"": false, ""active_probability"": false, ""left_boundary_probability"": true, ""right_boundary_probability"": true, ""left_boundary_amplitude"": true, ""right_boundary_amplitude"": true}",39.13775320198883,8.16079688783461,0.0036571197217867123,0.9948624626842811,0.0014804175939323253,0.00029807776609044076,2.0534130610206534e-08,0.0,0.0,18.0,113.63
Case_17,electron,5,3.330837031241,3.3269903426348,3.3284490116394,3.3269903426348,-3.846688606199855,False,"{""binding"": false, ""active_probability"": false, ""left_boundary_probability"": true, ""right_boundary_probability"": true, ""left_boundary_amplitude"": true, ""right_boundary_amplitude"": true}",90.54188502270796,8.862370122394783,0.0025292271039476285,0.007159693779553571,0.9903110791164986,4.570807469863229e-06,0.00017630527154881834,0.0,0.0,18.0,113.63
Case_17,electron,6,3.333294570383,3.3269903426348,3.3284490116394,3.3269903426348,-6.304227748199942,False,"{""binding"": false, ""active_probability"": false, ""left_boundary_probability"": true, ""right_boundary_probability"": true, ""left_boundary_amplitude"": true, ""right_boundary_amplitude"": true}",42.33985514993441,14.236495317290743,0.022822064749820424,0.9549746753924707,0.022203259857708834,0.0008902293300626469,1.1171994906543787e-05,0.0,0.0,18.0,113.63
Case_17,heavy_hole,1,1.451573766129,1.182094748831,1.1835534178356,1.1835534178356,268.02034829340005,True,"{""binding"": true, ""active_probability"": true, ""left_boundary_probability"": true, ""right_boundary_probability"": true, ""left_boundary_amplitude"": true, ""right_boundary_amplitude"": true}",63.53441710455984,1.472208862593514,0.9974193718947825,0.0025799487542958756,6.793509216165048e-07,3.5371806022401647e-69,1.0851463815721474e-71,0.0,0.0,18.0,113.63
Case_17,heavy_hole,2,1.41823148637,1.182094748831,1.1835534178356,1.1835534178356,234.6780685344001,True,"{""binding"": true, ""active_probability"": true, ""left_boundary_probability"": true, ""right_boundary_probability"": true, ""left_boundary_amplitude"": true, ""right_boundary_amplitude"": true}",64.04693345788763,2.745918807993842,0.9882966072503031,0.010026457598578398,0.0016769351511184585,2.1298515202436916e-64,7.820413051355249e-65,0.0,0.0,18.0,113.63
Case_17,heavy_hole,3,1.415378109355,1.182094748831,1.1835534178356,1.1835534178356,231.8246915194,True,"{""binding"": true, ""active_probability"": true, ""left_boundary_probability"": true, ""right_boundary_probability"": true, ""left_boundary_amplitude"": true, ""right_boundary_amplitude"": true}",69.66470338765316,2.0543263738763904,0.9767655901129619,0.0009476704312498519,0.02228673945578821,4.731496945565079e-65,2.4111417125882413e-63,0.0,0.0,18.0,113.63
Case_17,heavy_hole,4,1.363087943029,1.182094748831,1.1835534178356,1.1835534178356,179.53452519339996,True,"{""binding"": true, ""active_probability"": true, ""left_boundary_probability"": true, ""right_boundary_probability"": true, ""left_boundary_amplitude"": true, ""right_boundary_amplitude"": true}",63.53915702535767,2.3481420284898213,0.9725181030255132,0.02734875304857497,0.00013314392591188819,2.127059305561893e-56,2.5430191556713387e-58,0.0,0.0,18.0,113.63
Case_17,heavy_hole,5,1.291891070898,1.182094748831,1.1835534178356,1.1835534178356,108.33765306240007,True,"{""binding"": true, ""active_probability"": true, ""left_boundary_probability"": true, ""right_boundary_probability"": true, ""left_boundary_amplitude"": true, ""right_boundary_amplitude"": true}",65.54591779800518,3.711997475365061,0.9280729901045126,0.039878196121706504,0.03204881377378097,1.8532941946384196e-44,4.763871953975754e-44,0.0,0.0,18.0,113.63
Case_17,heavy_hole,6,1.281456242125,1.182094748831,1.1835534178356,1.1835534178356,97.9028242894,True,"{""binding"": true, ""active_probability"": true, ""left_boundary_probability"": true, ""right_boundary_probability"": true, ""left_boundary_amplitude"": true, ""right_boundary_amplitude"": true}",68.11385280958685,3.6364062192008197,0.8909140639553247,0.021023729632607856,0.08806220641206738,1.0200648356626134e-42,1.4523355252214945e-41,0.0,0.0,18.0,113.63
Case_18,electron,1,2.947324555978,3.3321131736303,3.336498180644,3.3321131736303,384.7886176522999,True,"{""binding"": true, ""active_probability"": true, ""left_boundary_probability"": true, ""right_boundary_probability"": true, ""left_boundary_amplitude"": true, ""right_boundary_amplitude"": true}",63.5985151437506,1.8848815265205692,0.9815137220602759,0.01818586437808067,0.0003004135616433044,8.357340189449406e-40,5.742488927315707e-42,0.0,0.0,18.0,113.69
Case_18,electron,2,3.055263236729,3.3321131736303,3.336498180644,3.3321131736303,276.8499369013,True,"{""binding"": true, ""active_probability"": true, ""left_boundary_probability"": true, ""right_boundary_probability"": true, ""left_boundary_amplitude"": true, ""right_boundary_amplitude"": true}",69.56305120539461,2.4384282323700495,0.9110265205985111,0.005712394457815853,0.08326108494367311,1.0087993100280545e-34,5.2323082291208e-34,0.0,0.0,18.0,113.69
Case_18,electron,3,3.124179887576,3.3321131736303,3.336498180644,3.3321131736303,207.93328605429994,True,"{""binding"": true, ""active_probability"": true, ""left_boundary_probability"": true, ""right_boundary_probability"": true, ""left_boundary_amplitude"": true, ""right_boundary_amplitude"": true}",64.0739093254939,3.356073764698866,0.9080911047594238,0.075938899761264,0.015969995479312247,1.9004148874484013e-29,1.2168653122133722e-30,0.0,0.0,18.0,113.69
Case_18,electron,4,3.331933588198,3.3321131736303,3.336498180644,3.3321131736303,0.17958543230012225,False,"{""binding"": false, ""active_probability"": false, ""left_boundary_probability"": true, ""right_boundary_probability"": true, ""left_boundary_amplitude"": true, ""right_boundary_amplitude"": true}",36.812192129700726,7.681314582351151,0.0016795309354032855,0.9980520276267328,0.00026844143786378826,0.0004951232841054889,4.889885137275747e-11,0.0,0.0,18.0,113.69
Case_18,electron,5,3.337391547558,3.3321131736303,3.336498180644,3.3321131736303,-5.278373927700031,False,"{""binding"": false, ""active_probability"": false, ""left_boundary_probability"": false, ""right_boundary_probability"": true, ""left_boundary_amplitude"": true, ""right_boundary_amplitude"": true}",42.14370234625765,12.441918929568562,0.019299765230015052,0.9689247441619601,0.011775490608024786,0.0010200783609614868,1.2769009027892163e-07,0.0,0.0,18.0,113.69
Case_18,electron,6,3.339849254987,3.3321131736303,3.336498180644,3.3321131736303,-7.736081356700009,False,"{""binding"": false, ""active_probability"": false, ""left_boundary_probability"": true, ""right_boundary_probability"": true, ""left_boundary_amplitude"": true, ""right_boundary_amplitude"": true}",88.24476207757223,9.699966227018603,0.0030754646329214028,0.014443674966641729,0.9824808604004368,2.3164488156746766e-05,9.022350696082513e-05,0.0,0.0,18.0,113.69
Case_18,heavy_hole,1,1.457972864181,1.1872175798265,1.1916025868402,1.1916025868402,266.3702773407999,True,"{""binding"": true, ""active_probability"": true, ""left_boundary_probability"": true, ""right_boundary_probability"": true, ""left_boundary_amplitude"": true, ""right_boundary_amplitude"": true}",63.555285334749684,1.474953784298585,0.9974829030738361,0.0025164289201881785,6.680059756870003e-07,2.183439367145403e-69,1.831904069833106e-69,0.0,0.0,18.0,113.69
Case_18,heavy_hole,2,1.424843410996,1.1872175798265,1.1916025868402,1.1916025868402,233.24082415579994,True,"{""binding"": true, ""active_probability"": true, ""left_boundary_probability"": true, ""right_boundary_probability"": true, ""left_boundary_amplitude"": true, ""right_boundary_amplitude"": true}",64.54872285893106,3.1335280366716702,0.9875744833469514,0.009091766112551181,0.003333750540497328,8.796789065029772e-65,3.3869105884469896e-64,0.0,0.0,18.0,113.69
Case_18,heavy_hole,3,1.422818817773,1.1872175798265,1.1916025868402,1.1916025868402,231.21623093279987,True,"{""binding"": true, ""active_probability"": true, ""left_boundary_probability"": true, ""right_boundary_probability"": true, ""left_boundary_amplitude"": true, ""right_boundary_amplitude"": true}",69.218262323652,2.6734499390545845,0.977947801241551,0.0017534837602246963,0.020298714998224093,3.0912309290648284e-65,3.763333823930252e-63,0.0,0.0,18.0,113.69
Case_18,heavy_hole,4,1.369823018866,1.1872175798265,1.1916025868402,1.1916025868402,178.22043202580008,True,"{""binding"": true, ""active_probability"": true, ""left_boundary_probability"": true, ""right_boundary_probability"": true, ""left_boundary_amplitude"": true, ""right_boundary_amplitude"": true}",63.54476262831673,2.351245576775157,0.972795573920196,0.027080864336320738,0.00012356174348321283,8.212081484225659e-57,5.560503452881224e-58,0.0,0.0,18.0,113.69
Case_18,heavy_hole,5,1.299286064673,1.1872175798265,1.1916025868402,1.1916025868402,107.68347783279997,True,"{""binding"": true, ""active_probability"": true, ""left_boundary_probability"": true, ""right_boundary_probability"": true, ""left_boundary_amplitude"": true, ""right_boundary_amplitude"": true}",66.03298456208032,3.8192177365386,0.9252169491411684,0.03529088786665972,0.0394921629921721,3.679372847867365e-45,1.336020678848546e-43,0.0,0.0,18.0,113.69
Case_18,heavy_hole,6,1.289763673322,1.1872175798265,1.1916025868402,1.1916025868402,98.16108648179988,True,"{""binding"": true, ""active_probability"": true, ""left_boundary_probability"": true, ""right_boundary_probability"": true, ""left_boundary_amplitude"": true, ""right_boundary_amplitude"": true}",67.68936370844868,3.823515063750869,0.8966580566974287,0.0248183683595514,0.07852357494302005,1.664785271956239e-43,2.013606168168971e-41,0.0,0.0,18.0,113.69
Case_19,electron,1,2.956585478427,3.3397974201234,3.3485914341508,3.3397974201234,383.2119416964002,True,"{""binding"": true, ""active_probability"": true, ""left_boundary_probability"": true, ""right_boundary_probability"": true, ""left_boundary_amplitude"": true, ""right_boundary_amplitude"": true}",63.602190822403855,1.8854625409585148,0.981543770206156,0.018184320638713322,0.0002719091551306349,1.215326881502987e-39,3.140118854611852e-42,0.0,0.0,18.0,113.77
Case_19,electron,2,3.064463660927,3.3397974201234,3.3485914341508,3.3397974201234,275.3337591963998,True,"{""binding"": true, ""active_probability"": true, ""left_boundary_probability"": true, ""right_boundary_probability"": true, ""left_boundary_amplitude"": true, ""right_boundary_amplitude"": true}",69.6477885696083,2.4197370301381085,0.9122057127220309,0.005482821330783258,0.08231146594718611,1.4960369839249923e-34,2.841738893167026e-34,0.0,0.0,18.0,113.77
Case_19,electron,3,3.132065211538,3.3397974201234,3.3485914341508,3.3397974201234,207.7322085854001,True,"{""binding"": true, ""active_probability"": true, ""left_boundary_probability"": true, ""right_boundary_probability"": true, ""left_boundary_amplitude"": true, ""right_boundary_amplitude"": true}",64.07751446557286,3.3540090522028576,0.9094039920718151,0.07542160469665532,0.015174403231529649,2.562144606096127e-29,4.812956436534309e-31,0.0,0.0,18.0,113.77
Case_19,electron,4,3.337241701208,3.3397974201234,3.3485914341508,3.3397974201234,2.5557189154001847,False,"{""binding"": false, ""active_probability"": false, ""left_boundary_probability"": true, ""right_boundary_probability"": true, ""left_boundary_amplitude"": true, ""right_boundary_amplitude"": true}",34.16952504752929,6.930929015492112,0.00048634792122985193,0.9994667204867025,4.6931592067263585e-05,0.0008583551299030572,7.119764866453384e-14,0.0,0.0,18.0,113.77
Case_19,electron,5,3.343618089533,3.3397974201234,3.3485914341508,3.3397974201234,-3.8206694095999083,False,"{""binding"": false, ""active_probability"": false, ""left_boundary_probability"": false, ""right_boundary_probability"": true, ""left_boundary_amplitude"": true, ""right_boundary_amplitude"": true}",41.67166843830436,11.075102949475903,0.012213909244779171,0.9858466035271748,0.0019394872280458226,0.0012297254228993725,8.315636526056982e-11,0.0,0.0,18.0,113.77
Case_19,electron,6,3.351564020422,3.3397974201234,3.3485914341508,3.3397974201234,-11.766600298599883,False,"{""binding"": false, ""active_probability"": false, ""left_boundary_probability"": false, ""right_boundary_probability"": true, ""left_boundary_amplitude"": true, ""right_boundary_amplitude"": true}",48.71445259641469,18.257631640669743,0.06474156276890972,0.804989467566473,0.13026896966461746,0.0017520483573383256,1.2779349851398333e-06,0.0,0.0,18.0,113.77
Case_19,heavy_hole,1,1.46758864271,1.1949018263196,1.203695840347,1.203695840347,263.89280236300004,True,"{""binding"": true, ""active_probability"": true, ""left_boundary_probability"": true, ""right_boundary_probability"": true, ""left_boundary_amplitude"": true, ""right_boundary_amplitude"": true}",63.58915776079014,1.4797571562286638,0.9975806672496527,0.0024186584237554866,6.743265917735052e-07,6.021168708627848e-70,1.0522767229389347e-68,0.0,0.0,18.0,113.77
Case_19,heavy_hole,2,1.435013981431,1.1949018263196,1.203695840347,1.203695840347,231.31814108399996,True,"{""binding"": true, ""active_probability"": true, ""left_boundary_probability"": true, ""right_boundary_probability"": true, ""left_boundary_amplitude"": true, ""right_boundary_amplitude"": true}",66.70853405562733,3.753919182324933,0.9839240750807288,0.005525782190693634,0.010550142728577539,1.5462695095900885e-65,3.2381439365531397e-63,0.0,0.0,18.0,113.77
Case_19,heavy_hole,3,1.433646475054,1.1949018263196,1.203695840347,1.203695840347,229.95063470699995,True,"{""binding"": true, ""active_probability"": true, ""left_boundary_probability"": true, ""right_boundary_probability"": true, ""left_boundary_amplitude"": true, ""right_boundary_amplitude"": true}",67.13602160160073,3.7581889582760497,0.982188353886608,0.005110785966406532,0.012700860146985363,2.127215730179397e-65,5.947044143167981e-63,0.0,0.0,18.0,113.77
Case_19,heavy_hole,4,1.380022174988,1.1949018263196,1.203695840347,1.203695840347,176.32633464100002,True,"{""binding"": true, ""active_probability"": true, ""left_boundary_probability"": true, ""right_boundary_probability"": true, ""left_boundary_amplitude"": true, ""right_boundary_amplitude"": true}",63.55546221736823,2.357368265116987,0.9732500782065703,0.026636410049421223,0.0001135117440083751,1.9355508746203636e-57,1.8255195366552177e-57,0.0,0.0,18.0,113.77
Case_19,heavy_hole,5,1.310539306704,1.1949018263196,1.203695840347,1.203695840347,106.84346635700015,True,"{""binding"": true, ""active_probability"": true, ""left_boundary_probability"": true, ""right_boundary_probability"": true, ""left_boundary_amplitude"": true, ""right_boundary_amplitude"": true}",66.73182566063767,3.875353944896852,0.9211131880029704,0.028953316501054874,0.049933495495974714,3.143753181805772e-46,5.5515877971984196e-43,0.0,0.0,18.0,113.77
Case_19,heavy_hole,6,1.301762482441,1.1949018263196,1.203695840347,1.203695840347,98.06664209399996,True,"{""binding"": true, ""active_probability"": true, ""left_boundary_probability"": true, ""right_boundary_probability"": true, ""left_boundary_amplitude"": true, ""right_boundary_amplitude"": true}",67.07698440406294,3.983590669160696,0.9044680565145238,0.029917700586037134,0.06561424289943894,1.368552318126557e-44,4.1342697318322043e-41,0.0,0.0,18.0,113.77
