{
  "variant": "graded",
  "draws": 4000,
  "seed": 1234,
  "baseline_peak_nm_per_V": 0.17722088880926687,
  "perturbation_sigmas": {
    "S_rel": 0.08,
    "z_diag_nm": 0.2,
    "z_off_rel": 0.08,
    "E_eV": 0.01
  },
  "peak_percentiles_nm_per_V": {
    "p5": 0.1269943433650947,
    "p16": 0.14508903116419322,
    "p50": 0.17684052494563368,
    "p84": 0.21083534627569125,
    "p95": 0.23493194596287104
  },
  "peak_mean_nm_per_V": 0.17830112895484834,
  "peak_max_nm_per_V": 0.3155335884503482,
  "P_ge_1_nm_per_V": 0.0,
  "P_ge_1p2_nm_per_V": 0.0,
  "P_ge_2_nm_per_V": 0.0,
  "oat_one_at_a_time": {
    "S": {
      "sigma_units": [
        -3.0,
        -2.75,
        -2.5,
        -2.25,
        -2.0,
        -1.75,
        -1.5,
        -1.25,
        -1.0,
        -0.75,
        -0.5,
        -0.25,
        0.0,
        0.25,
        0.5,
        0.75,
        1.0,
        1.25,
        1.5,
        1.75,
        2.0,
        2.25,
        2.5,
        2.75,
        3.0
      ],
      "peak_nm_per_V": [
        0.10236278537623267,
        0.10782118875155788,
        0.11342136883793086,
        0.1191633256353511,
        0.12504705914381847,
        0.1310725693633339,
        0.13723985629389643,
        0.14354891993550598,
        0.1499997602881639,
        0.15659237735186834,
        0.16332677112662047,
        0.1702029416124203,
        0.17722088880926687,
        0.18438061271716083,
        0.19168211333610294,
        0.19912539066609283,
        0.2067104447071287,
        0.21443727545921268,
        0.22230588292234454,
        0.23031626709652417,
        0.2384684279817492,
        0.2467623655780238,
        0.25519807988534476,
        0.2637755709037129,
        0.27249483863312873
      ]
    },
    "z_diag": {
      "sigma_units": [
        -3.0,
        -2.75,
        -2.5,
        -2.25,
        -2.0,
        -1.75,
        -1.5,
        -1.25,
        -1.0,
        -0.75,
        -0.5,
        -0.25,
        0.0,
        0.25,
        0.5,
        0.75,
        1.0,
        1.25,
        1.5,
        1.75,
        2.0,
        2.25,
        2.5,
        2.75,
        3.0
      ],
      "peak_nm_per_V": [
        0.10302369923033222,
        0.10682528252032077,
        0.11114023369241788,
        0.11591123449467094,
        0.12108438873845942,
        0.12690936176187387,
        0.1335024428708152,
        0.14034295251359305,
        0.14739644604290325,
        0.15463378094715532,
        0.16203032442118837,
        0.16956524340839033,
        0.17722088880926687,
        0.18498227214150734,
        0.19283662645102295,
        0.20077304080348207,
        0.20878215738905984,
        0.21685592104591553,
        0.22498737222209345,
        0.23317047571298916,
        0.24141227500899753,
        0.24993377531366875,
        0.25848740355994837,
        0.2670700728177539,
        0.27567907071392495
      ]
    },
    "z_off": {
      "sigma_units": [
        -3.0,
        -2.75,
        -2.5,
        -2.25,
        -2.0,
        -1.75,
        -1.5,
        -1.25,
        -1.0,
        -0.75,
        -0.5,
        -0.25,
        0.0,
        0.25,
        0.5,
        0.75,
        1.0,
        1.25,
        1.5,
        1.75,
        2.0,
        2.25,
        2.5,
        2.75,
        3.0
      ],
      "peak_nm_per_V": [
        0.17743285728781127,
        0.17741507156498307,
        0.1773973079442354,
        0.1773795664322092,
        0.17736184703553812,
        0.17734414976085186,
        0.1773264746147737,
        0.1773088216039212,
        0.1772911907349064,
        0.1772735820143354,
        0.17725599544880952,
        0.17723843104492362,
        0.17722088880926687,
        0.17720336874842335,
        0.1771858708689701,
        0.17716839517747998,
        0.17715094168051915,
        0.17713351038464856,
        0.17711610129642275,
        0.17709871442239125,
        0.17708134976909637,
        0.17706400734307737,
        0.1770466871508651,
        0.17702938919898542,
        0.17701211349395873
      ]
    },
    "E": {
      "sigma_units": [
        -3.0,
        -2.75,
        -2.5,
        -2.25,
        -2.0,
        -1.75,
        -1.5,
        -1.25,
        -1.0,
        -0.75,
        -0.5,
        -0.25,
        0.0,
        0.25,
        0.5,
        0.75,
        1.0,
        1.25,
        1.5,
        1.75,
        2.0,
        2.25,
        2.5,
        2.75,
        3.0
      ],
      "peak_nm_per_V": [
        0.17983574740913033,
        0.17975983687508115,
        0.17962822226685649,
        0.17943733623147537,
        0.17918458692688205,
        0.17886842753217033,
        0.17848837581097024,
        0.17804498360110488,
        0.17753976101620753,
        0.17722197669207035,
        0.17732403261499646,
        0.17732494604116925,
        0.17722088880926687,
        0.17701058563110056,
        0.17669526693557921,
        0.17627844753152447,
        0.17576557016431732,
        0.17516356719459444,
        0.17533385350618888,
        0.1754103499325763,
        0.17533174943007537,
        0.17510069249676874,
        0.174724290370247,
        0.17421320129831352,
        0.17358053255534622
      ]
    }
  },
  "reach_alpha_for_1p2_nm_per_V": 0.4981541972441314,
  "reach_note": "hole channel scaled to alpha=0.50 (cancellation 50% -> reduced)",
  "reach_curve": {
    "alpha": [
      0.0,
      0.02,
      0.04,
      0.06,
      0.08,
      0.1,
      0.12,
      0.14,
      0.16,
      0.18,
      0.2,
      0.22,
      0.24,
      0.26,
      0.28,
      0.3,
      0.32,
      0.34,
      0.36,
      0.38,
      0.4,
      0.42,
      0.44,
      0.46,
      0.48,
      0.5,
      0.52,
      0.54,
      0.56,
      0.58,
      0.6,
      0.62,
      0.64,
      0.66,
      0.68,
      0.7000000000000001,
      0.72,
      0.74,
      0.76,
      0.78,
      0.8,
      0.8200000000000001,
      0.84,
      0.86,
      0.88,
      0.9,
      0.92,
      0.9400000000000001,
      0.96,
      0.98,
      1.0
    ],
    "peak_nm_per_V": [
      2.2306913600369804,
      2.1892914704731665,
      2.1478924905060834,
      2.1064944737647027,
      2.0650974781769946,
      2.023701566409353,
      1.9823068063610385,
      1.9409132717218125,
      1.8995210426024187,
      1.858130206249237,
      1.816740857856514,
      1.7753531014920827,
      1.7339670511554806,
      1.6925828319911103,
      1.6512005816835829,
      1.6098204520679624,
      1.5684426109945289,
      1.5270672444962312,
      1.485694559317705,
      1.4443247858781931,
      1.402958181757706,
      1.3615950358174156,
      1.3202356730929936,
      1.2788804606353683,
      1.2375298145198341,
      1.1961842083053085,
      1.1548441833058867,
      1.113510361143903,
      1.0721834591977022,
      1.0308643097529457,
      0.9895538839348892,
      0.9482533218722574,
      0.9069639710682336,
      0.8656874357023367,
      0.8244256406692221,
      0.7831809157504844,
      0.741956107692105,
      0.7007547315790387,
      0.6595811785232674,
      0.6184410056236697,
      0.5773413487309123,
      0.5362915229751296,
      0.49530391823453157,
      0.45439537229698457,
      0.4135893451895151,
      0.3729194922320487,
      0.33243579539794976,
      0.2922156354134156,
      0.2523850356919085,
      0.2141455032247332,
      0.17722088880926687
    ]
  },