wavelength_nm,paper_pm_per_V,paper_normalized,demo21_real_pm_per_V,demo21_imag_pm_per_V,demo21_abs_pm_per_V,demo21_normalized,hybrid_real_pm_per_V,hybrid_imag_pm_per_V,hybrid_abs_pm_per_V,hybrid_normalized
400.0,100.0,0.02531645569620253,0.42727350631488875,0.0021384445759973806,0.4272788575904779,0.009472650468497542,2.7322168992397398,0.01747650201765658,2.7322727924960186,0.029127000046692143
401.0,101.6,0.02572151898734177,0.4313605599561167,0.0021707433607835902,0.4313660218566049,0.009563261735150623,2.7646979822488618,0.017821985891034293,2.764755424306466,0.029473276458351346
402.0,103.2,0.026126582278481015,0.4354872316945953,0.0022035443118667776,0.43549280657268785,0.009654751375884636,2.797636826620717,0.018175429042616913,2.797695866223725,0.029824433288627276
403.0,104.8,0.026531645569620253,0.43965397930887523,0.0022368560747363765,0.4396596695709398,0.009747129540709228,2.8310422521986145,0.01853705891081142,2.8311029398958394,0.030180564579426614
404.0,106.4,0.026936708860759495,0.4438612673385118,0.002270687467469455,0.44386707544593207,0.009840406529553604,2.864923312989608,0.018907111080677063,2.8649857012140165,0.03054176686977151
405.0,108.0,0.027341772151898733,0.4481095672086547,0.002305047484762034,0.448115495679222,0.009934592795029484,2.89928930529942,0.01928582964238761,2.8993534484516696,0.030908139282564653
406.0,109.6,0.027746835443037972,0.45239935735741654,0.002339945302069576,0.45240540876676105,0.010029698945255712,2.934149776220345,0.01967346756857469,2.9342157307566996,0.03127978361512003
407.0,111.2,0.028151898734177217,0.456731123366098,0.0023753902798600833,0.45673730034916077,0.010125735746746198,2.9695145324906402,0.020070287111716534,2.96958235701552,0.03165680443365658
408.0,112.8,0.028556962025316456,0.46110535809233344,0.002411391967983258,0.4611116633448804,0.010222714127362675,3.0053936497449345,0.020476560222817974,3.0054634051083933,0.03203930917196339
409.0,114.4,0.028962025316455697,0.465522561806252,0.0024479601101594075,0.4655289980864314,0.010320645179334285,3.0417974821765728,0.020892568992717808,3.041869231577001,0.03242740823445937
410.0,116.0,0.029367088607594936,0.46998324232971517,0.0024851046485917963,0.4699898124596598,0.010419540162345454,3.0787366726338976,0.0213186061174545,3.078810481726284,0.03282121510388257
411.0,117.6,0.029772151898734174,0.47448791517873135,0.0025228357287063953,0.4744946220462072,0.010519410506694202,3.116222163174104,0.02175497538922684,3.1162981001842036,0.03322084645386089
412.0,119.2,0.03017721518987342,0.47903710370911584,0.0025611637040229957,0.47904395026921803,0.010620267816522427,3.1542652060995717,0.022201992214597385,3.154343341944353,0.03362642226663029
413.0,120.8,0.030582278481012658,0.48363133926550034,0.002600099141161928,0.48363832854239885,0.010722123873120513,3.1928773755033815,0.022659984161710126,3.1929577839181604,0.03403806595618539
414.0,122.4,0.0309873417721519,0.4882711613337654,0.0026396528249906363,0.4882782964225017,0.010824990638307844,3.232070579352281,0.023129291538424614,3.2321533370249718,0.034455904497164035
415.0,124.0,0.03139240506329114,0.4929571176970086,0.002679835763914678,0.4929644017653445,0.01092888025789172,3.271857072137386,0.02361026800341391,3.2719422588503333,0.03488006855978914
416.0,125.6,0.031797468354430376,0.4976897645951238,0.00272065919531769,0.49769720088544483,0.011033805065206412,3.312249468124709,0.02410328121242792,3.3123371669046047,0.03531069265121014
417.0,127.2,0.03220253164556962,0.5024696668881091,0.002762134591155229,0.5024772587193842,0.01113977758473489,3.353260755239954,0.024608713502094495,3.3533510525163712,0.03574791526361174
418.0,128.8,0.03260759493670887,0.5072973982231921,0.002804273663707398,0.5073051489929911,0.011246810535815211,3.394904309624141,0.025126962613813284,3.3949972953972676,0.03619187902948018
419.0,130.4,0.0330126582278481,0.5121735412058906,0.002847088371495495,0.5121814543924617,0.011354916836434236,3.437193910899281,0.02565844246049892,3.437289678917474,0.03664273088444538
420.0,132.0,0.033417721518987344,0.5170986875751057,0.0028905909253679816,0.5171067667395145,0.011464109607110766,3.4801437581858403,0.02620358393914655,3.480242406133676,0.03710062223814472
421.0,133.6,0.03382278481012658,0.5220734383823692,0.0029347937947613863,0.5220816871707025,0.01157440217487081,3.523768486916793,0.026762835792431803,3.523870116614334,0.037565709153586396
422.0,135.2,0.03422784810126582,0.5270984041753561,0.00297970971414188,0.5271068263209913,0.011685808077317478,3.568083186496068,0.027336665522815076,3.56818790411013,0.038038152535522694
423.0,136.8,0.03463291139240507,0.5321742051857877,0.0030253516896335173,0.5321828045117306,0.011798341066798262,3.6131034188526345,0.02792556036290365,3.613211335120903,0.038518118328380084
424.0,138.4,0.035037974683544304,0.5373014715218404,0.0030717330058393348,0.5373102519431341,0.011912015114672244,3.6588452379451075,0.028530028306133232,3.6589564684140123,0.03900577772433195
425.0,140.0,0.035443037974683546,0.5424808433651986,0.0031188672328617845,0.5424898088914053,0.012026844415680337,3.7053252102757517,0.029150599202169274,3.705439875553089,0.03950130738214238
426.0,141.6,0.03584810126582278,0.5477129711728781,0.003166768233529134,0.5477221259106363,0.012142843392421308,3.752560436476945,0.029787825921796587,3.7526786625003195,0.04000488965745418
427.0,143.2,0.03625316455696202,0.5529985158839539,0.003215450170834825,0.5530078640396144,0.012260026699936628,3.800568574037983,0.030442285596472007,3.80069049236023,0.0405167128452457
428.0,144.8,0.03665822784810127,0.5583381491313439,0.0032649275155969544,0.5583476950136868,0.012378409230407455,3.8493678612449296,0.03111458093815765,3.8494936093377685,0.04103697143523259
429.0,146.4,0.037063291139240506,0.5637325534587794,0.003315215054345387,0.5637423014818137,0.012498006117966632,3.89897714241192,0.031805341645539734,3.899106863989215,0.04156586638105134
430.0,148.0,0.03746835443037975,0.5691824225431287,0.0033663278974442323,0.5691923772289803,0.012618832743629502,3.949415894488054,0.03251522590327235,3.949549739850154,0.042103605384123076
431.0,149.6,0.03787341772151898,0.5746884614222175,0.0034182814874578016,0.5746986274041057,0.012740904740346594,4.000704255130684,0.03324492198147478,4.000842381531459,0.042650403193166715
432.0,151.2,0.038278481012658225,0.580251386728314,0.0034710916077683985,0.5802617687536212,0.012864237998181958,4.052863052342794,0.033995149943356937,4.053005624381123,0.04320648192040456
433.0,152.8,0.038683544303797474,0.5858719269274416,0.0035247743914546357,0.5858825298608793,0.012988848669620821,4.105913835779912,0.03476666346956105,4.106061025817531,0.04377207137558623
434.0,154.4,0.03908860759493671,0.591550822564694,0.003579346330439363,0.5915616513915682,0.01311475317501036,4.159878909840368,0.0355602518085947,4.1600308984481575,0.044347409419045705
435.0,156.0,0.03949367088607595,0.5972888265157285,0.0036348242849166233,0.5972998863453083,0.013241968208137488,4.214781368661849,0.0363767418635979,4.2149383450968365,0.044932742335104504
436.0,157.6,0.039898734177215185,0.6030867042446235,0.0036912254930673524,0.6030980003136163,0.013370510741947892,4.270645133157122,0.03721700042664632,4.270807295872687,0.04552832522723961
437.0,159.2,0.04030379746835443,0.6089452340682887,0.0037485675810740734,0.6089567717444259,0.013500398034410348,4.327494990232829,0.03808193657285546,4.327662547424807,0.04613442243655247
438.0,160.8,0.040708860759493676,0.6148652074276286,0.003806868573445096,0.6148769922133664,0.013631647634530905,4.385356634347113,0.03897250422772539,4.3855298045387885,0.04675130798520265
439.0,162.4,0.04111392405063291,0.6208474291656586,0.003866146903659268,0.620859466701997,0.01376427738852125,4.444256711575012,0.03988970492247117,4.44443572424423,0.04737926604660964
440.0,164.0,0.04151898734177215,0.6268927178127885,0.003926421425142683,0.6269050138832137,0.013898305446126115,4.504222866364875,0.0408345907535312,4.504407962616866,0.04801859144438013
441.0,165.60000000000002,0.0419240506329114,0.6330019058794925,0.0039877114225892974,0.6330144664140462,0.014033750267114476,4.565283791184912,0.041808267564056575,4.565475224474708,0.04866959018208664
442.0,167.2,0.04232911392405063,0.6391758401565851,0.004050036623637776,0.6391886712360673,0.01417063062793957,4.627469279276278,0.04281189836697495,4.627667316185067,0.04933258000620908
443.0,168.8,0.04273417721518988,0.645415382023351,0.004113417210917573,0.645428489883658,0.01430896562857302,4.690810280748336,0.04384670703122209,4.691015201818447,0.05000789100475536
444.0,170.4,0.04313924050632911,0.6517214077637552,0.004177873834477554,0.6517347988003614,0.014448774699518338,4.755338962272622,0.044913982254959496,4.7555510629063855,0.050695866244301085
445.0,172.0,0.043544303797468355,0.6580948088909992,0.00424342762461126,0.6581084896635859,0.01459007760900947,4.821088770655493,0.04601508185208957,4.821308362083714,0.05139686244843877
446.0,173.60000000000002,0.043949367088607603,0.6645364924806725,0.004310100205093284,0.6645504697179085,0.014732894470400063,4.888094500594952,0.04715143738116473,4.888321910921347,0.052111250720899525
447.0,175.2,0.04435443037974683,0.6710473815127781,0.004377913706841975,0.6710616621172607,0.014877245749749616,4.956392366955653,0.04832455914891017,4.956627942284269,0.05283941731691488
448.0,176.8,0.04475949367088608,0.6776284152229068,0.004446890782024299,0.6776430062762661,0.015023152273612533,5.026020081927539,0.049536041624083635,5.02626418758094,0.05358176446672297
449.0,178.4,0.045164556962025315,0.6842805494628531,0.004517054618619278,0.6842954582310273,0.015170635237036684,5.097016937468405,0.050787569301333095,5.09726995930521,0.054338711255494686
450.0,180.0,0.04556962025316456,0.6910047570709699,0.004588428955457207,0.691019991009659,0.015319716211777972,5.16942389346951,0.052080923059145995,5.169686239310869,0.05511069456437185
451.0,185.4,0.04693670886075949,0.697802028252576,0.004661038097752541,0.6978175950128784,0.01547041715473797,5.243283672126385,0.053417987060979374,5.243555773302005,0.05589817007776793
452.0,190.8,0.048303797468354434,0.7046733709707438,0.004734906933149156,0.704689278404984,0.015622760416631786,5.318640859045033,0.05480075625430312,5.318923172070576,0.05670161336259669
453.0,196.2,0.04967088607594936,0.7116198113477938,0.004810060948297359,0.7116360675155498,0.015776768750893486,5.395542011667153,0.056231344528666245,5.395835020066193,0.05752152102566462
454.0,201.6,0.051037974683544304,0.7186423940778517,0.004886526245983091,0.718659007252187,0.01593246532282696,5.474035775657934,0.057711993601127096,5.474339991943173,0.05835841195610406
455.0,207.0,0.05240506329113924,0.7257421828508263,0.004964329562830358,0.7257591615247379,0.016089873719010106,5.5541730099666236,0.05924508270558888,5.554488977796832,0.059212828660436576
456.0,212.4,0.05377215189873418,0.7329202607881827,0.00504349828759914,0.7329376136812702,0.01624901795696076,5.636006921345231,0.060833139171909065,5.636335217876316,0.0600853386986597
457.0,217.8,0.05513924050632912,0.7401777308909012,0.005124060480101805,0.7401954669562677,0.016409922495072927,5.719593209194617,0.06247884999127134,5.719934447645481,0.06097653623064751
458.0,223.2,0.056506329113924045,0.7475157165000251,0.005206044890762091,0.747533844931419,0.016572612242832352,5.80499022170179,0.06418507447643088,5.805345054158189,0.061887043683166935
459.0,228.6,0.05787341772151899,0.7549353617702195,0.005289480980841922,0.7549538920094252,0.01673711257132068,5.892259124338724,0.06595485813930084,5.892628244821246,0.06281751354895067
460.0,234.0,0.05924050632911392,0.76243783215677,0.00537439894336225,0.7624567739012602,0.016903449324017883,5.981464081912893,0.06779144792422481,5.981848229738508,0.06376863033055023
461.0,239.4,0.060607594936708864,0.7700243149164877,0.005460829724745473,0.7700436781273442,0.017071648827913167,6.072672455495623,0.06969830895350845,6.073072418966056,0.06474111264314646
462.0,244.8,0.0619746835443038,0.7776960196229737,0.005548805047208073,0.7777158145330907,0.017241737904934447,6.165955015707704,0.07167914296275105,6.166371636162296,0.06573571549213529
463.0,250.2,0.06334177215189873,0.785454178696746,0.005638357431933491,0.7854744158193252,0.017413743883707623,6.261386174016222,0.07373790862769797,6.261820350291941,0.06675323274317492
464.0,255.60000000000002,0.06470886075949368,0.7933000479507337,0.005729520223056691,0.7933207380880842,0.017587694611656768,6.359044233894548,0.07587884401227882,6.359496927241662,0.06779449980449796
465.0,261.0,0.0660759493670886,0.8012349071516607,0.005822327612493039,0.8012560614043163,0.017763618467456884,6.459011663923007,0.07810649139985712,6.459483903431623,0.06886039654370793
466.0,266.4,0.06744303797468354,0.8092600605978811,0.005916814665646013,0.8092816903740464,0.017941544373851637,6.561375395165583,0.08042572480730917,6.561868283766072,0.06995185046403837
467.0,271.8,0.06881012658227849,0.8173768377142259,0.006013017348029524,0.8173989547395664,0.01812150181084857,6.666227145452457,0.08284178052529205,6.666741866561792,0.07106984016820596
468.0,277.2,0.07017721518987341,0.8255865936644623,0.006110972552842409,0.8256092099922526,0.0183035208293051,6.773663773536242,0.08536029107912566,6.774201598432863,0.07221539914160804
469.0,282.6,0.07154430379746836,0.8338907099819851,0.006210718129534492,0.8339138380036296,0.01848763206491897,6.883787666478268,0.08798732306446774,6.884349962500336,0.07338961989077616
470.0,288.0,0.0729113924050633,0.842290595219384,0.006312292913405369,0.842314247675325,0.01867386675263765,6.996707164068774,0.09072941938208007,6.99729540374513,0.0745936584777891
471.0,293.4,0.07427848101265823,0.850787685617555,0.006415736756278983,0.8508118756085868,0.018862256741501274,7.112537024601806,0.0935936464785051,7.113152795841844,0.07582873949688743
472.0,298.8,0.07564556962025316,0.8593834457950595,0.006521090558299235,0.8594081867940633,0.01905283450993488,7.231398936924613,0.09658764729688744,7.232043954413218,0.07709616154594871
473.0,304.2,0.0770126582278481,0.8680793694584574,0.006628396300893969,0.8681046753225758,0.019245633181506065,7.353422084376693,0.09971970075750734,7.354098202343917,0.07839730325293354
474.0,309.6,0.07837974683544305,0.8768769801343662,0.006737697080956813,0.8769028651176368,0.01944068654116467,7.478743767043476,0.10299878872460067,7.479452993606577,0.07973362992609308
475.0,315.0,0.07974683544303797,0.8857778319240486,0.006849037146299081,0.8858043106905156,0.019638029051982402,7.607510089696123,0.10643467157933503,7.6082546030047205,0.0811067009068741
476.0,320.4,0.0811139240506329,0.8947835102813421,0.006962461932426139,0.8948105979186664,0.019837695872410323,7.739876723897144,0.11003797371409661,7.740658890351899,0.08251817771634025
477.0,325.8,0.08248101265822785,0.903895632814789,0.007078018100695463,0.9039233448483791,0.02003972287407343,7.876009754054738,0.11382028049765851,7.876832148917351,0.08396983309990495
478.0,331.20000000000005,0.0838481012658228,0.9131158501148748,0.007195753577916489,0.9131442025225615,0.02024414666012233,8.01608661874555,0.11779424854323547,8.016952049514911,0.0854635610916547
479.0,336.6,0.08521518987341772,0.92244584660729,0.007315717597455161,0.9224748558345673,0.020451004584162352,8.160297160443966,0.12197373145304433,8.16120869344207,0.08700138823905443
480.0,342.0,0.08658227848101266,0.931887341433202,0.0074379607419093234,0.9319170244090614,0.02066033476978212,8.30884479895589,0.12637392362791078,8.309805789650529,0.08858548615200411
481.0,347.4,0.0879493670886076,0.9414420893575569,0.007562534987424569,0.94147246351094,0.020872176130703992,8.461947846429974,0.1310115252365491,8.462961974122635,0.0902181855678611
482.0,352.8,0.08931645569620253,0.9511118817064602,0.007689493749723188,0.9511429649833565,0.021086568391579883,8.619840984900584,0.13590493205919546,8.620912292532031,0.09190199215713021
483.0,358.20000000000005,0.09068354430379748,0.96089854733475,0.007818891931923165,0.9609303582159718,0.02130355210945708,8.782776931020296,0.14107445468354363,8.783909870998594,0.09363960433430568
484.0,363.6,0.09205063291139241,0.9708039536249299,0.007950785974227619,0.9708365111445917,0.0215231686959399,8.95102831710935,0.14654257247505995,8.952227804253031,0.09543393338637753
485.0,369.0,0.09341772151898735,0.9808300075186515,0.00808523390556943,0.9808633312833881,0.02174546044007376,9.12488982306805,0.15233422891764858,9.12616129599027,0.0972881262897603
486.0,374.4,0.09478481012658227,0.9909786565820276,0.008222295397300133,0.9910127667909837,0.021970470531979962,9.304680600299,0.15847717638807665,9.306030092849285,0.09920559165738375
487.0,379.8,0.09615189873417722,1.0012518901060796,0.008362031819016737,1.0012868075717063,0.022198243087270197,9.490747036865852,0.16500238027237316,9.49218126161071,0.10119002934460775
488.0,385.20000000000005,0.09751898734177217,1.011651740243723,0.008504506296625167,1.0116874864134193,0.022428823172271906,9.683465923058934,0.17194449466552217,9.684992369242703,0.1032454643496423
489.0,390.6,0.09888607594936709,1.0221802831847016,0.008649783772743967,1.0222168801633398,0.022662256830095845,9.883248088840103,0.1793424248649417,9.884875137851665,0.10537628577662272
490.0,396.0,0.10025316455696202,1.0328396403700155,0.008797931069557768,1.0328771109433919,0.02289859110758012,10.090542599951041,0.18723999567212485,10.092279662068725,0.10758729179445002
491.0,401.4,0.10162025316455696,1.0436319797473907,0.008949016954235323,1.0436703474066442,0.023137874083145046,10.305841618639514,0.1956867494241794,10.307699295787714,0.10988374173115616
492.0,406.8,0.10298734177215191,1.0545595170694708,0.009103112207033798,1.054598806036518,0.023380154895596222,10.529686059119648,0.20473890405522369,10.531676339617183,0.1122714167041662
493.0,412.20000000000005,0.10435443037974684,1.0656245172364458,0.009260289692216818,1.065664752490478,0.023625483773913766,10.762672198538322,0.21446050984277973,10.764808691447877,0.11475669051771345
494.0,417.6,0.10572151898734178,1.0768292956849297,0.009420624431921171,1.076870502990025,0.023873912068068055,11.005459443403867,0.22492485453112945,11.007757662239536,0.11734661298190778
495.0,423.0,0.10708860759493671,1.0881762198249998,0.009584193683114422,1.0882184257589014,0.024125492280904385,11.258779501902566,0.2362161812328192,11.261257210309052,0.12004900835353247
496.0,428.4,0.10845569620253163,1.099667710527375,0.009751077017793292,1.0997109425114973,0.02438027810114039,11.523447278068618,0.2484318032996455,11.52612491392132,0.12287259230776643
497.0,433.8,0.10982278481012658,1.1113062436628216,0.009921356406581143,1.1113505299935376,0.024638324437522754,11.800373889634132,0.2616847272516839,11.803275089212983,0.12582711177991857
498.0,439.20000000000005,0.11118987341772153,1.1230943516959795,0.010095116305891782,1.1231397215772585,0.024899687454191778,12.09058232492361,0.27610693180813284,12.093734575950794,0.128923513247228
499.0,444.6,0.11255696202531647,1.1350346253358958,0.010272443748836006,1.1350811089133546,0.02516442460730455,12.395226405804468,0.29185350243277636,12.398661868041835,0.1321741466669093
500.0,450.0,0.11392405063291139,1.1471297152456739,0.010453428440057429,1.147177343642112,0.025432594682970315,12.715613928443846,0.3091078931125811,12.719370474470017,0.13559301451204664
501.0,470.25,0.11905063291139241,1.159382333813769,0.010638162854694816,1.1594311391662657,0.0257042578365542,13.05323513325613,0.3280886902507682,13.057357681887352,0.13919607839105003
502.0,490.5,0.12417721518987342,1.1717952569895738,0.01082674234167927,1.1718452724882216,0.025979475633407897,13.409798042150625,0.34905840291802764,13.414340285676163,0.14300163995349055
503.0,510.75,0.12930379746835444,1.1843713261860886,0.011019265231586755,1.1844225861144486,0.026258311091089514,13.787272743293506,0.37233502343033376,13.79229941190507,0.14703081870809806
504.0,531.0,0.13443037974683544,1.1971134502525838,0.011215832949279268,1.1971659900299505,0.02654082872313704,14.187947474732104,0.3983074311218616,14.193537344701777,0.15130815782277265
505.0,551.25,0.13955696202531645,1.2100246075203622,0.011416550131581838,1.2100784637459314,0.026827094584464493,14.614500472801694,0.4274562139617372,14.620750421383146,0.15586240121260572
506.0,571.5,0.14468354430379746,1.2231078479248074,0.01162152475025642,1.223163058423845,0.027117176318451515,15.070093190517701,0.460382264386315,15.077123750909836,0.1607275032723051
507.0,591.75,0.1498101265822785,1.2363662952071637,0.011830868240550262,1.2364228990792805,0.027411143205802863,15.558492948657246,0.4978467520639592,15.566456058523979,0.16594395976444942
508.0,612.0,0.1549367088607595,1.2498031491995902,0.012044695635612147,1.2498611868692329,0.02770906621525657,16.084236844493297,0.540828115162563,16.093326875444554,0.17156059012112299
509.0,632.25,0.1600632911392405,1.2634216881972653,0.012263125707087819,1.2634812014665417,0.02801101805622455,16.6528546378165,0.5906051441874681,16.66332445896038,0.1776369671531956
510.0,652.5,0.1651898734177215,1.2772252714215013,0.012486281112225021,1.277286303525463,0.028317073233453643,17.271177809162566,0.648881201066258,17.283362801515413,0.18424679647995662
511.0,672.75,0.17031645569620252,1.291217341578048,0.012714288547838595,1.2912799372425636,0.028627308103799896,17.947777654540594,0.7179753820747784,17.9621327070616,0.1914827251635183
512.0,693.0,0.17544303797468355,1.3054014275149624,0.012947278911507506,1.3054656330173207,0.028941800935213303,18.693602021806583,0.8011266831649303,18.71076055408144,0.19946336435700898
513.0,713.25,0.18056962025316456,1.3197811469846992,0.01318538747039933,1.3198470102170905,0.02926063196803639,19.522927541966425,0.902997202330534,19.54379962433835,0.20834385722174362
514.0,733.5,0.18569620253164557,1.3343602095152938,0.013428754038141692,1.334427780051328,0.029583883478724808,20.454830911549706,1.0305439132219647,20.480774603934496,0.21833234385799735
515.0,753.75,0.19082278481012657,1.3491424193957902,0.013677523160187409,1.3492117485602189,0.0299116398461045,21.51554834345692,1.1946149761514828,21.54868732570217,0.22971667341038243
516.0,774.0,0.1959493670886076,1.3641316787813564,0.013931844308147758,1.3642028197231775,0.030243987620286163,22.742420519336605,1.4130773910462562,22.78627830057881,0.2429098335084586
517.0,794.25,0.2010759493670886,1.37933199092382,0.01419187208359924,1.3794049986929533,0.03058101559436451,24.190784683268372,1.7174839214816078,24.251676532000825,0.2585315000097964
518.0,814.5,0.20620253164556962,1.3947474635336918,0.014457766431901437,1.3948223951614294,0.03092281487903704,25.946447722963466,2.1688900580513404,26.036939788008688,0.27756304147370553
519.0,834.75,0.21132911392405063,1.41038231228007,0.014729692866598648,1.4104592268635139,0.03126947898028432,28.147675895208497,2.900895336779941,28.2967639855983,0.3016535714125475
520.0,855.0,0.21645569620253163,1.4262408644352094,0.015007822705015751,1.4263198232259264,0.03162110388026254,31.007218441710332,4.257757111723024,31.29818031634378,0.3336497373319479
521.0,875.25,0.22158227848101267,1.4423275626708882,0.015292333315698538,1.442408629168026,0.03197778812156676,34.59495956614213,7.267263618307596,35.35002613692083,0.37684385533117004
522.0,895.5,0.22670886075949367,1.458646969014173,0.015583408378392876,1.4587302090622931,0.03233963289503373,36.70583870088529,13.473443846203992,39.10054070997255,0.41682567502516976
523.0,915.75,0.23183544303797468,1.4752037689705593,0.0158812381573028,1.4752892508624715,0.032706742131261526,34.42063244005562,19.691972493153887,39.655437436050796,0.42274107154442625
524.0,936.0,0.2369620253164557,1.4920027758230123,0.01618601978841873,1.4920905704078977,0.033079222596035414,30.62626169691006,22.70138064320695,38.12244206022735,0.40639879543428814
525.0,956.25,0.24208860759493672,1.509048935115849,0.016497957581759922,1.509139115912992,0.033457183989858516,27.5749792312836,24.036079889942858,36.580221651617116,0.38995817719259196
526.0,976.5,0.24721518987341773,1.5263473293330343,0.016817263339434882,1.5264399726515006,0.033840739051800094,25.192647386264827,24.74870591596329,35.315264785125315,0.37647328695375487
527.0,996.75,0.25234177215189874,1.54390318278094,0.01714415669048429,1.543998367845557,0.034230003667884736,23.253534134859027,25.181614853673267,34.275947490912515,0.3653937948326883
528.0,1017.0,0.25746835443037974,1.5617218666863266,0.017478865443540558,1.5618196757703553,0.03462509698426145,21.620612860237607,25.458030612158566,33.4000332799516,0.35605623771407774
529.0,1037.25,0.26259493670886075,1.5798089045208907,0.017821625958410026,1.5799094230857977,0.03502614152540481,20.220508997207492,25.637279048386322,32.65178496056498,0.3480796444201843
530.0,1057.5,0.26772151898734176,1.598169977564445,0.018172683537762337,1.5982732944072182,0.03543326331761622,19.008946966841545,25.764408381919576,32.017882566755134,0.34132201937454215
531.0,1077.75,0.27284810126582276,1.6168109307196008,0.018532292840198306,1.616917138128079,0.03584659201811156,17.941156284496987,25.884397439156054,31.494239467130082,0.33573979763258516
532.0,1098.0,0.2779746835443038,1.6357377785915306,0.018900718316057646,1.6358469725082532,0.0362662610499966,16.94660587548402,26.01035666663125,31.043938291144023,0.3309394268899589
533.0,1118.25,0.28310126582278483,1.6549567118473698,0.019278234667429735,1.6550689920424921,0.03669240774345409,15.998802404677708,26.102321863486925,30.615239424982267,0.3263693444556558
534.0,1138.5,0.28822784810126584,1.6744741038706414,0.01966512733393652,1.674589574124492,0.03712517348348429,15.113196486412576,26.156496627674173,30.208790506580097,0.32203645438048034
535.0,1158.75,0.29335443037974684,1.6942965177271714,0.02006169300597575,1.6944152860230826,0.03756470386456502,14.286597919520618,26.183498857148884,29.827545868146238,0.3179722508968597
536.0,1179.0,0.29848101265822785,1.7144307134599794,0.02046824016723796,1.714552892188059,0.03801114885261989,13.51449102698899,26.188619095902,29.470073597953718,0.31416146931634376
537.0,1199.25,0.30360759493670886,1.734883655731798,0.020885089668449083,1.7350093619043636,0.03846466295470936,12.793512432459025,26.178237662001596,29.137159907028042,0.3106124909281799
538.0,1219.5,0.30873417721518986,1.75566252183513,0.021312575334440233,1.7557918773145849,0.03892540539688719,12.117961545419131,26.15992671809827,28.830309708924887,0.30734135864628453
539.0,1239.75,0.31386075949367087,1.7767747100910793,0.021751044606808687,1.776907841831063,0.03939354031069448,11.478469993504756,26.13939404680289,28.548611078751684,0.3043383510268614
540.0,1260.0,0.3189873417721519,1.798227848659605,0.02220085922461041,1.7983648889603197,0.039869236928794724,10.863347442609346,26.117421233323192,28.286604772183036,0.3015452705831305
541.0,1231.0,0.31164556962025314,1.8200298047854606,0.02266239594571797,1.8201708915641417,0.040352669790289425,10.261105459733026,26.087580939489232,28.03305485547668,0.2988423382639172
542.0,1202.0,0.30430379746835445,1.8421886945056647,0.02313604731168591,1.8423339715832452,0.040844018956288954,9.665849002943741,26.03140362061744,27.768014178316808,0.29601691035012584
543.0,1173.0,0.2969620253164557,1.864712892846275,0.02362222245919656,1.8648625102513685,0.04134347023635603,9.106219362523134,25.923560278259224,27.476430055211516,0.29290851985901967
544.0,1144.0,0.289620253164557,1.8876110445380447,0.024121347981405587,1.8877651588294684,0.04185121542647987,8.624765433133309,25.803272592885406,27.206533319762045,0.29003132463618936
545.0,1115.0,0.28227848101265823,1.910892075282824,0.02463386884278301,1.9110508498919805,0.042367452559289295,8.188915738410202,25.721591145235042,26.993676889475726,0.2877621993600033
546.0,1086.0,0.2749367088607595,1.9345652036046466,0.025160249351338815,1.9347288091991883,0.04289238616725981,7.75867797059643,25.66336235489958,26.8105436574922,0.28580993395254295
547.0,1057.0,0.26759493670886075,1.9586399533221424,0.02570097419245286,1.9588085681924625,0.04342622755972947,7.330340014777979,25.612155698461446,26.64050307810433,0.2839972408798115
548.0,1028.0,0.260253164556962,1.9831261666813962,0.02625654952888147,1.9832999771516187,0.043969195114593775,6.903265351060777,25.562432884168707,26.47816170856251,0.2822666241232376
549.0,999.0,0.2529113924050633,2.0080340181913976,0.02682750417190705,2.0082132190566777,0.04452151458561692,6.473880867184854,25.510782707866888,26.319406677402558,0.2805742390097496
550.0,970.0,0.24556962025316456,2.0333740292073936,0.02741439082902563,2.033558824199496,0.04508341942636751,6.035464747593897,25.451350679919397,26.15718039375961,0.27884484910980256
551.0,941.0,0.23822784810126582,2.059157083310747,0.028017787434036802,2.0593476855940382,0.04565515113185987,5.578385921563774,25.37029914583572,25.976344397145137,0.27691707304867885
552.0,912.0,0.23088607594936708,2.0853944425378255,0.028638298565921094,2.0855910752380007,0.046236959599069594,5.096347026053355,25.23127689240035,25.740825290400824,0.2744063555786009
553.0,883.0,0.22354430379746834,2.112097764514363,0.029276556963458596,2.1123006612824327,0.04682910350757927,4.644955939740041,24.962325442484545,25.390811471448437,0.27067508374184707
554.0,854.0,0.21620253164556963,2.1392791205561887,0.029933225143169234,2.13948852617048,0.047431850721709023,4.3800569163274945,24.627212149760933,25.013685791174414,0.2666547898176391
555.0,825.0,0.2088607594936709,2.166951014802079,0.030608997128850114,2.1671671858112367,0.0480454787155956,4.2531226223549305,24.41399289890263,24.781688830837485,0.2641816196813611
556.0,796.0,0.20151898734177215,2.195126404449708,0.03130460030174681,2.195349609859978,0.0486702750227992,4.119556539916531,24.30930480263381,24.655892725126062,0.2628405884391684
557.0,767.0,0.1941772151898734,2.2238187211714133,0.03202079738124097,2.224049243181767,0.04930653771214556,3.957947799141549,24.24892244994513,24.569810556131326,0.26192292189166433
558.0,738.0,0.1868354430379747,2.2530418937928305,0.0327583885468709,2.2532800285818384,0.04995457589165204,3.7770824132308,24.207037326134635,24.49993893186701,0.26117806551831885
559.0,709.0,0.17949367088607596,2.2828103723242408,0.03351821371353442,2.283056430892956,0.050614710242537525,3.584927938728287,24.173916609476287,24.438288658737708,0.2605208516730368
560.0,680.0,0.17215189873417722,2.3131391534421093,0.03430115497287245,2.313393462517639,0.05128727358548628,3.3866615749579334,24.145676928806488,24.38202598172667,0.259921071519156
561.0,656.0,0.1660759493670886,2.344043807526482,0.0351081392151028,2.3443067105313657,0.051972611481518265,3.185397471532149,24.12072185512061,24.330145496148116,0.2593680070850266
562.0,632.0,0.16,2.3755405073690166,0.03594014094698946,2.37581236546204,0.052671082870021674,2.9829319682462185,24.09832682138793,24.282241221057212,0.2588573304693382
563.0,608.0,0.1539240506329114,2.4076460586763986,0.03679818532320709,2.4079272518710106,0.05338306074672544,2.7802954381798832,24.078069128575237,24.23805800149863,0.25838632162948866
564.0,584.0,0.1478481012658228,2.4403779325048762,0.03768335141011524,2.4406688608720097,0.05410893288463482,2.5781035332645676,24.059631641622843,24.197365405324817,0.25795252407680297
565.0,560.0,0.14177215189873418,2.4737542997737396,0.03859677570291377,2.474055384736511,0.054849102601222326,2.3767478261872257,24.042753598175068,24.15994476011578,0.2575536066854852
566.0,536.0,0.13569620253164558,2.5077940680189017,0.03953965591933824,2.5081057537474396,0.055603989575463926,2.1764864185178148,24.027220560000107,24.1255968002635,0.25718744521326004
567.0,512.0,0.12962025316455697,2.542516920562506,0.040513255095500626,2.542839675478004,0.05637403071863965,1.9774868096274418,24.012855516981855,24.09414211300532,0.25685212705624666
568.0,488.0,0.12354430379746835,2.577943358290744,0.04151890601222216,2.578277676688803,0.0571596811031804,1.7798517285028996,23.999506620813126,24.065414814997638,0.25654588383898475
569.0,464.0,0.11746835443037974,2.61409474425016,0.04255801598328064,2.61444114805454,0.05796141495424652,1.5836399015098273,23.987036350857416,24.03925598339119,0.2562670213873602
570.0,440.0,0.11139240506329114,2.6509933512926724,0.04363207204045035,2.651352391951794,0.058779726709169026,1.3888836840428023,23.975315530611777,24.015510668736457,0.25601388788511376
571.0,416.0,0.10531645569620253,2.6886624130217744,0.04474264655410099,2.6890346735616366,0.05961513215038009,1.1956024656301172,23.96422225310772,23.99402870407894,0.25578488249908465
572.0,392.0,0.09924050632911392,2.727126178317067,0.04589140333250738,2.7275122755657906,0.06046816961801125,1.0038111464989103,23.953643838243938,23.97466767125829,0.2555784870010143
573.0,368.0,0.09316455696202532,2.766409969741769,0.04708010424796894,2.766810556742665,0.061339401308950776,0.8135241360425478,23.94347969567364,23.957296205061617,0.25539330099099683
574.0,344.0,0.08708860759493671,2.8065402461684426,0.048310616443433714,2.8069560148004395,0.062229414669835365,0.6247560773015773,23.93364362322921,23.941796449720837,0.2552280680846142
575.0,320.0,0.0810126582278481,2.84754466999246,0.049584920179662414,2.8479763538189165,0.0631388238922166,0.4375206680516747,23.924064901997916,23.9280652324834,0.25508168842361745
576.0,296.0,0.0749367088607595,2.8894521793409385,0.05090511739015949,2.8899005567103178,0.06406827151899633,0.25182873236538894,23.914688174811424,23.916014053535555,0.25495321856850617
577.0,272.0,0.06886075949367089,2.9322930657277344,0.052273441019274676,2.9327589631524362,0.06501843017218224,0.06768634347237955,23.90547242242198,23.905568246336887,0.25484186254739477
578.0,248.0,0.06278481012658228,2.9760990576531854,0.05369226522819181,2.9765833534960033,0.0659900044130905,-0.1149065317114186,23.89638943366195,23.89666569788054,0.25474695821353177
579.0,224.0,0.05670886075949367,3.0209034107012465,0.05516411656414512,3.0214070392025514,0.06698373274732713,-0.2959566424787566,23.887422093998712,23.889255422283156,0.2546679620392611
580.0,200.0,0.05063291139240506,3.0667410047476125,0.05669168620035515,3.067264960430487,0.06800038978824365,-0.47547726057041084,23.878562671818777,23.88329612715332,0.2546044338329994
581.0,192.0,0.04860759493670886,3.1136484489607836,0.058277843368086835,3.11419379145607,0.06904078859409002,-0.6534872427384555,23.86981112174796,23.87875475321828,0.2545560211711374
582.0,184.0,0.04658227848101266,3.161664195355697,0.05992565011821398,3.162232054694323,0.07010578319582568,-0.8300095167705814,23.86117329168902,23.875604843729995,0.2545224420153282
583.0,176.0,0.044556962025316456,3.2108286617471706,0.06163837756805268,3.211420244173339,0.0711962713345099,-1.0050692784097148,23.85265885078764,23.873824547115632,0.2545034634200312
584.0,168.0,0.042531645569620254,3.261184365049724,0.0634195238104133,3.261800959415689,0.07231319742941415,-1.1786923196651047,23.84427878270441,23.87339410833251,0.2544988747894631
585.0,160.0,0.04050632911392405,3.312776065983603,0.06527283368631999,3.313419050795,0.07345755580053631,-1.35090402255126,23.83604243845369,23.874292885987437,0.25450845607902867
586.0,152.0,0.03848101265822785,3.3656509263752445,0.06720232065120733,3.3663217775654557,0.07463039417206946,-1.5217295810698512,23.827954418795237,23.876496240070203,0.2545319446174527
587.0,144.0,0.03645569620253165,3.41985868038739,0.0692122909973505,3.420558979910459,0.0758328174866717,-1.6911958719944493,23.820011915224377,23.879973013361685,0.2545690082576945
588.0,136.0,0.034430379746835445,3.475451821181972,0.07130737073363501,3.4761832665263825,0.0770659920641444,-1.8593350052964635,23.81220347202455,23.88468465052488,0.25461923598614433
589.0,128.0,0.03240506329113924,3.5324858047114183,0.0734925354685364,3.5332502194519524,0.07833115014244145,-2.0261889330109057,23.804510261656258,23.890587066657737,0.254682157842062
590.0,120.0,0.030379746835443037,3.5910192725550956,0.07577314369456296,3.5918186180774057,0.07962959484388814,-2.1918136886902353,23.79691067993939,23.89763597419091,0.2547573017042019
591.0,112.0,0.028354430379746835,3.6511142959724343,0.07815497393390337,3.651950684525312,0.08096270561520419,-2.3562811414707965,23.78938820613318,23.90579536513603,0.25484428371459716
592.0,104.0,0.026329113924050632,3.7128366436385494,0.08064426627739361,3.7137123528928013,0.08233194419652719,-2.5196760001178067,23.781941058215185,23.915047305869813,0.25494291269444314
593.0,96.0,0.02430379746835443,3.7762560758684676,0.08324776893434685,3.777173565189461,0.08373886118227128,-2.682086642026341,23.774590542576906,23.925399562442493,0.2550532714325984
594.0,88.0,0.022278481012658228,3.8414466685318143,0.08597279051199228,3.842408597206002,0.08518510324554275,-2.843590407435015,23.767383858229195,23.936886636939025,0.25517572773356356
595.0,80.0,0.020253164556962026,3.9084871703198223,0.08882725886347474,3.909496418014966,0.08667242110816821,-3.004237001905898,23.760387418724726,23.94956054401652,0.25531083609208904
596.0,72.0,0.018227848101265823,3.9774613975643067,0.09181978748670852,3.9785210873499604,0.08820267835047879,-3.1640365348075536,23.75366928734337,23.963470779627826,0.2554591241526417
597.0,64.0,0.01620253164556962,4.048458671437303,0.09495975062781861,4.049572195747989,0.08977786116914035,-3.322959752251671,23.7472740550742,23.978638129841418,0.2556208135021067
598.0,56.0,0.014177215189873417,4.1215743031003305,0.09825736844881072,4.12274535309076,0.09140008920797485,-3.4809554576398614,23.741198979325876,23.9950323999368,0.25579558225402094
599.0,48.0,0.012151898734177215,4.196910133243329,0.10172380386721665,4.198142732065426,0.09307162760633009,-3.6379834258008734,23.735383583418795,24.012566652868,0.25598250362854413
600.0,40.0,0.010126582278481013,4.274575133485275,0.10537127297575626,4.27587367411377,0.09479490043280052,-3.7940521483314447,23.729723027104402,24.03111704951202,0.2561802574565662
601.0,32.0,0.00810126582278481,4.354686078332266,0.10921317131488248,4.3560553666832,0.09657250569968856,-3.949243767790578,23.72410692706277,24.050567058265806,0.25638760146973927
602.0,24.0,0.0060759493670886075,4.437368297847737,0.11326421871631333,4.438813602077197,0.0984072321865028,-4.103708663708146,23.71847194159099,24.070860724964376,0.2566039391767574
603.0,16.0,0.004050632911392405,4.522756522934458,0.1175406259814473,4.524283629979701,0.10030207834018058,-4.2576225298788355,23.71284413802309,24.09203865846782,0.256829703482517
604.0,8.0,0.0020253164556962027,4.61099583722368,0.12206028733077909,4.612611117863436,0.10226027356706681,-4.411117978046319,23.707343922687972,24.114230605284796,0.257066277530961
605.0,0.0,0.0,4.702242752094741,0.12684300339248786,4.703953236070396,0.10428530228883899,-4.564222886438701,23.70213876628195,24.137595419866837,0.2573153547670595
606.0,8.8,0.002227848101265823,4.796666424411674,0.13191074053363475,4.798479887479618,0.10638093120389115,-4.716845529061497,23.697356867231967,24.162229910295398,0.2575779671994029
607.0,17.6,0.004455696202531646,4.894450040291513,0.13728793363248953,4.89637510548678,0.10855124028014321,-4.86882960892093,23.69300582441927,24.188096798976776,0.2578537174355797
608.0,26.400000000000002,0.0066835443037974685,4.995792392780231,0.14300184102000119,4.997838648685644,0.11080065810867364,-5.020061567711239,23.688951684410927,24.21502529525763,0.258140784786462
609.0,35.2,0.008911392405063293,5.100909686920654,0.14908296238102697,5.10308782638446,0.11313400237489807,-5.170570125601382,23.684987793448585,24.242801863637172,0.2584368928876406
610.0,44.0,0.011139240506329114,5.210037612629731,0.15556553303337844,5.21235959619868,0.11555652636160163,-5.320546941570249,23.68096671955307,24.271308257488563,0.258740781188004
611.0,52.800000000000004,0.013367088607594937,5.323433734423627,0.16248811137231564,5.325912983811961,0.11807397259435061,-5.470255605781099,23.676916079403505,24.300618334184335,0.25905323703341987
612.0,61.60000000000001,0.015594936708860762,5.44138025781228,0.1698942806200916,5.4440318860837555,0.1206926349855886,-5.619869178053317,23.673050253885133,24.33097281042015,0.25937682654950556
613.0,70.4,0.017822784810126585,5.564187245759125,0.17783349168331686,5.567028332659426,0.12341943114360318,-5.769341085917567,23.669644137577816,24.362621988719283,0.2597142180502109
614.0,79.2,0.020050632911392405,5.692196375804641,0.18636208134926402,5.695246298983769,0.12626198690594836,-5.918418087735588,23.666833360008745,24.395628172925957,0.2600660757166815
615.0,88.0,0.022278481012658228,5.8257853504075205,0.19554450987856234,5.82906618630862,0.12922873565993656,-6.066819024513137,23.664484123997177,24.429778998818406,0.26043013567075934
616.0,96.80000000000001,0.024506329113924055,5.965373101291625,0.205454875167854,5.968910113525241,0.13232903566105358,-6.214469208475843,23.662255691673874,24.464708703788954,0.26080249875291656
617.0,105.60000000000001,0.026734177215189874,6.111425965184485,0.2161787783319604,6.115248203640815,0.135573309402351,-6.361605755656679,23.659842688299086,24.50016701627693,0.26118049697927564
618.0,114.4,0.028962025316455697,6.264465056176451,0.2278156396219156,6.268606097507816,0.1389732101916837,-6.508640720638172,23.657226703180505,24.53623400842163,0.2615649839473295
619.0,123.20000000000002,0.031189873417721524,6.425075123041048,0.2404815967255835,6.429573993281719,0.14254182255391096,-6.655854716088105,23.654724502968516,24.57328617244774,0.26195997319814024
620.0,132.0,0.033417721518987344,6.593915263910864,0.25431316364597284,6.598817598088335,0.14629390502623907,-6.803155806571551,23.65275375570263,24.611698217644246,0.26236945926604127
621.0,140.8,0.03564556962025317,6.771731983806011,0.2694718934560928,6.777091497232726,0.15024618654977173,-6.9501305514406955,23.651472277468212,24.651500067418144,0.2627937611451972
622.0,149.60000000000002,0.03787341772151899,6.959375234373971,0.2861503813418714,6.965255608630589,0.15441773125956343,-7.0963936555120215,23.6505976329643,24.692297813495763,0.26322867963326746
623.0,158.4,0.04010126582278481,7.1578182869789,0.30458007950885885,7.164295614660466,0.1588303914529581,-7.241960586794425,23.64960527237183,24.73357682745626,0.2636687286081929
624.0,167.20000000000002,0.042329113924050636,7.368182585446679,0.32504159492529755,7.375348578264711,0.16350937549124556,-7.387296707092548,23.648175322510852,24.775155876862442,0.26411197606771514
625.0,176.0,0.044556962025316456,7.591769141716835,0.34787844024549586,7.599735397387965,0.16848396730531043,-7.532953444678946,23.646500353324985,24.817380332329577,0.26456210378546735
626.0,184.8,0.04678481012658228,7.830098635106734,0.37351566645688516,7.839002397536888,0.17378844849082464,-7.67908405821024,23.645144435549774,24.860836416964517,0.2650253611083332
627.0,193.60000000000002,0.04901265822784811,8.08496324517805,0.40248552205847266,8.09497531011347,0.17946329499250954,-7.825290523761035,23.644532722975057,24.905804533664487,0.26550473723095785
628.0,202.4,0.05124050632911393,8.358494533628303,0.4354634296508099,8.369830300983256,0.18555675178724515,-7.970992200013506,23.644529350064264,24.95196354675773,0.2659968087328279
629.0,211.20000000000002,0.05346835443037975,8.653253624017792,0.4733194525809535,8.666188873188062,0.19212693685015728,-8.116001966718974,23.644535650684638,24.998671045883277,0.26649472729094087
630.0,220.0,0.05569620253164557,8.972352887484677,0.5171936041242058,8.98724682879588,0.19924470020206678,-8.260745058336095,23.644052819154474,25.04558129957839,0.2669948072849006
631.0,229.33333333333334,0.058059071729957806,9.319622951751409,0.5686089007474484,9.336952824386598,0.2069975824337071,-8.405875740586001,23.643168260884583,25.092990104383183,0.26750020201106234
632.0,238.66666666666666,0.06042194092827004,9.699846144252096,0.6296461014566324,9.720260769919797,0.21549541031667235,-8.55165081958751,23.642464601840288,25.141536631427737,0.268017725261075
633.0,248.0,0.06278481012658228,10.11908915289162,0.7032230010192998,10.143494854996055,0.224878389331572,-8.697698776510208,23.64241649666322,25.191542664326857,0.2685508073627552
634.0,257.3333333333333,0.06514767932489451,10.585186362916211,0.793558513811183,10.614890741430623,0.23532910175311195,-8.843448535078972,23.64289380181303,25.24268229242684,0.2690959739925832
635.0,266.6666666666667,0.06751054852320676,11.108454290270902,0.9069795639453303,11.145419177781179,0.24709076594938736,-8.988773865887316,23.643315368114003,25.294355441642598,0.26964682814731983
636.0,276.0,0.06987341772151899,11.702756971488933,1.053400618751949,11.750071216691405,0.26049572928401266,-9.134145936460596,23.643296157109837,25.346362168196137,0.2702012383551562
637.0,285.33333333333337,0.07223628691983124,12.387067241728984,1.249211093806348,12.449898120386534,0.27601069223944297,-9.280118705061039,23.643069890726053,25.399121186328095,0.2707636682588661
638.0,294.6666666666667,0.07459915611814347,13.18751436016012,1.5233291658933275,13.27520496064338,0.29430750961791063,-9.426723739963307,23.643205339160836,25.45317817443062,0.27133993498424974
639.0,304.0,0.0769620253164557,14.138649372021524,1.9308966049218168,14.269890250589288,0.31635939894130993,-9.573475802870963,23.643933762034568,25.508568025109405,0.27193041049889755
640.0,313.33333333333337,0.07932489451476794,15.275103912399603,2.5859084699709602,15.492440806718392,0.34346299625849286,-9.719994622214008,23.644881615992766,25.56479458337543,0.2725298056141063
641.0,322.6666666666667,0.08168776371308017,16.562934586171114,3.72928152191374,16.977583537578912,0.37638818723238193,-9.866496279858055,23.645540531363295,25.621462406755732,0.273133904772425
642.0,332.0,0.0840506329113924,17.58300834853327,5.687458353448295,18.47997199962163,0.40969571115034376,-10.013546274255853,23.645904932477794,25.678783636738732,0.27374496947759525
643.0,341.33333333333337,0.08641350210970465,17.579903375712373,7.890619306645219,19.26953231767148,0.42720003832173487,-10.161368000425679,23.646484639941583,25.737319896738825,0.2743689868350269
644.0,350.6666666666667,0.08877637130801688,17.244169096776623,9.938164934790107,19.90297691576106,0.4412433244854785,-10.30956877212862,23.647654758156662,25.797263107318557,0.27500800278619764
645.0,360.0,0.09113924050632911,15.760719171393584,11.7090172615232,19.63418839754222,0.43528435966004636,-10.457658795026568,23.649150979593415,25.858170266451584,0.2756572947718968
646.0,369.33333333333337,0.09350210970464136,14.679034497979046,12.428004343155685,19.23354740411543,0.42640226304640816,-10.605726580984184,23.65038107637104,25.919528571487636,0.2763113961334294
647.0,378.6666666666667,0.09586497890295359,13.363279851910896,13.130832655951107,18.734887633478877,0.4153471180842192,-10.754389127504174,23.651186698765933,25.981445644260493,0.2769714541578328
648.0,388.0,0.09822784810126582,12.641321872072353,13.353653274768428,18.388123190148267,0.40765944922763775,-10.904044158854598,23.652077938097467,26.044557393207665,0.2776442478552921
649.0,397.33333333333337,0.10059071729957807,11.61305320535401,13.726015835346251,17.97961388524679,0.39860291439162343,-11.054367378951193,23.653603980787448,26.109232455756796,0.2783337070319388
650.0,406.6666666666667,0.1029535864978903,11.131598771241837,13.831974247748445,17.754886729976313,0.39362077742219426,-11.204730289914522,23.655639297879564,26.175088375421236,0.279035754565556
651.0,416.0,0.10531645569620253,10.279554197486371,14.052747694452576,17.411173201797798,0.38600074648481114,-11.355033206448367,23.657523612972035,26.241478666757224,0.27974349869130877
652.0,425.33333333333337,0.10767932489451477,9.941510329846684,14.1475541709939,17.291238147097946,0.38334182051197324,-11.505870684085204,23.658901790280385,26.308338870423267,0.2804562522496838
653.0,434.6666666666667,0.110042194092827,9.209563983515988,14.273967954942574,16.98711953055027,0.3765995974781336,-11.65779859891439,23.66017806574358,26.376282798672445,0.28118055869767883
654.0,444.0,0.11240506329113924,8.948105851141225,14.404111952385747,16.957212019081727,0.37593655647460333,-11.81064937453917,23.661986579243248,26.44581342149623,0.2819217798743479
655.0,453.33333333333337,0.11476793248945148,8.296190245304123,14.457436169291137,16.668660209369165,0.36953944511067227,-11.963793509830243,23.664366058703376,26.516684862670306,0.2826772946516629
656.0,462.6666666666667,0.11713080168776371,8.058266231874102,14.622985698049584,16.696327901341814,0.3701528299544835,-12.116999281393639,23.666728677339,26.58826278401946,0.2834403407589933
657.0,472.0,0.11949367088607595,7.480357708097583,14.604190164456602,16.408477132284577,0.36377126046203556,-12.270741352830475,23.668649763624217,26.66038399913198,0.2842091785711325
658.0,481.33333333333337,0.12185654008438819,7.237736974565714,14.791062152169701,16.466947382631144,0.3650675292441184,-12.425567315899093,23.67040507327037,26.73355194235595,0.28498917487734093
659.0,490.6666666666667,0.12421940928270042,6.753412730817226,14.711497195424117,16.187548710157937,0.35887334032350116,-12.581403028645457,23.67255063268284,26.80823298216691,0.28578530133149116
660.0,500.0,0.12658227848101267,6.48934182229175,14.916829678994711,16.267248229454246,0.36064025594637716,-12.737734729217966,23.675150945885257,26.884245541624875,0.2865956222588019
661.0,511.25,0.12943037974683544,6.103575546693856,14.806175555164437,16.01488273527309,0.35504538488215304,-12.894380750867809,23.67772607313918,26.96107874219734,0.2874146915123581
662.0,522.5,0.13227848101265824,5.799260502497714,15.012481307135129,16.093663889025137,0.3567919406027109,-13.051756607904291,23.679957021038813,27.03865224211848,0.28824165262035245
663.0,533.75,0.135126582278481,5.509464082759755,14.901354422669083,15.887245139079942,0.35221569576017037,-13.210286930298928,23.682127459619554,27.11742690216926,0.28908141852267333
664.0,545.0,0.1379746835443038,5.159244547200424,15.081860627480557,15.939897248243652,0.3533829780108054,-13.36982927741344,23.68468783760848,27.197734701113266,0.2899375282310509
665.0,556.25,0.14082278481012658,4.9520089237405935,15.002328340984707,15.798488789486147,0.3502479927914276,-13.529935831933125,23.687589653154234,27.279315739080545,0.2908072111204052
666.0,567.5,0.14367088607594936,4.566881464944419,15.129218197633806,15.803469542681658,0.3503584146699099,-13.690561049064065,23.69035993941707,27.36173634653487,0.2916858441191906
667.0,578.75,0.14651898734177216,4.414399477176177,15.10834669809373,15.740046464159278,0.3489523430990708,-13.852178071738594,23.69280059770988,27.4450658132568,0.29257416588111956
668.0,590.0,0.14936708860759493,4.021899282746829,15.16246114866357,15.686806619745514,0.3477720309254876,-14.015137135888633,23.695288644060618,27.52981607027393,0.29347763377307917
669.0,601.25,0.15221518987341773,3.8837022945511004,15.212587113931503,15.700507960306771,0.3480757857398928,-14.179199350199214,23.69823926420062,27.61623143073634,0.2943988522601703
670.0,612.5,0.1550632911392405,3.5217626392753725,15.19359742460317,15.596416729117747,0.3457681128176948,-14.34392476842929,23.701505879330075,27.703962870143275,0.29533410061704024
671.0,623.75,0.1579113924050633,3.3540269481229927,15.303624170672439,15.666857040450868,0.3473297544395472,-14.509356710214417,23.704584943506347,27.79260296352524,0.29627903554856166
672.0,635.0,0.16075949367088607,3.0575848546061613,15.23612006873455,15.539889957525848,0.34451493040557596,-14.676017214479241,23.707326289161095,27.882302649896758,0.29723526611833023
673.0,646.25,0.16360759493670887,2.8292189347665886,15.370004525619793,15.628228271253741,0.346473365638341,-14.84423038931371,23.710129561939908,27.973584319764985,0.2982083611950064
674.0,657.5,0.16645569620253164,2.612457063257935,15.299373116275726,15.520816655652714,0.34409208074027026,-15.01374378025717,23.713361400123457,28.066635195407304,0.2992003166346763
675.0,668.75,0.16930379746835442,2.321771796013215,15.407462780177395,15.581416289776556,0.3454355573536723,-15.184168616359672,23.716837908201924,28.161096870220906,0.30020731169544146
676.0,680.0,0.17215189873417722,2.1646944230911522,15.38179147009758,15.533364438360692,0.34437026150591266,-15.355582984231924,23.720096043851097,28.25662550827953,0.30122568096399904
677.0,691.25,0.175,1.8453227924860367,15.424877535895932,15.534866050463886,0.3444035518181762,-15.528442737690968,23.72302981303157,28.353389168981757,0.30225721601332955
678.0,702.5,0.1778481012658228,1.6969562370342979,15.467478095627976,15.560287243786371,0.34496713242732213,-15.702970980428958,23.725980591300495,28.451809303293203,0.3033064096606689
679.0,713.75,0.18069620253164556,1.4024060308050263,15.44261081830263,15.506159149215376,0.34376712800096637,-15.878918669430739,23.729199326449137,28.55196943793458,0.30437415233057663
680.0,725.0,0.18354430379746836,1.207436639951759,15.531689049225971,15.578551536049298,0.3453720465801937,-16.056006473072433,23.732489786003818,28.653558510351193,0.3054571279855511
681.0,736.25,0.18639240506329113,0.9753634043358104,15.479135821487235,15.509834929829745,0.343848619009333,-16.234370557207015,23.735527865873678,28.75639181921779,0.3065533676437525
682.0,747.5,0.18924050632911393,0.7129914489147043,15.555324136258855,15.571655846129621,0.34521917110042716,-16.414380416612705,23.738348010611176,28.860718125752975,0.3076655231882746
683.0,758.75,0.1920886075949367,0.5319873784882476,15.52857239763534,15.53768230076394,0.3444659872845006,-16.596143413011404,23.741283209572543,28.96688634669548,0.30879731419568884
684.0,770.0,0.1949367088607595,0.2401549842964256,15.532586156808641,15.534442607804307,0.3443941642151241,-16.779437569940026,23.74447543951331,29.07489706019895,0.3099487468293187
685.0,781.25,0.19778481012658228,0.06927007364649253,15.546613556291188,15.546767876692567,0.3446674119128153,-16.96414820934834,23.747684437585622,29.184496579791862,0.31111711670112197
686.0,792.5,0.20063291139240505,-0.1681674927605997,15.493786331465238,15.494698938369872,0.3435130583934812,-17.150544121657685,23.750651711192827,29.295641661778184,0.312301962817914
687.0,803.75,0.20348101265822785,-0.3761662018775702,15.532579744469803,15.53713405135415,0.344453832751375,-17.338990626593027,23.75346279013797,29.408631224039482,0.31350647175066004
688.0,815.0,0.20632911392405062,-0.538127971764278,15.493125899502223,15.502468572837738,0.34368530897474586,-17.529525517950628,23.75638808298908,29.523723336226883,0.3147333946136564
689.0,826.25,0.20917721518987342,-0.7803477450763664,15.515654149607549,15.535265246962464,0.3444124018907509,-17.721901433776345,23.75945925175013,29.64081129733225,0.31598159393619457
690.0,837.5,0.2120253164556962,-0.9388806069135645,15.536511819870771,15.564854523027916,0.345068387706114,-17.91601492112546,23.762404300969198,29.759627833975166,0.31724822048894985
691.0,848.75,0.214873417721519,-1.1661509736303857,15.518899729149254,15.56265263047042,0.3450195723758073,-18.11211096015716,23.765023402420834,29.880175714855746,0.3185333037872502
692.0,860.0,0.21772151898734177,-1.3802454043028358,15.56241169310177,15.623499450561319,0.3463685290316338,-18.31050841080408,23.767458675714554,30.002780040588338,0.3198403095193081
693.0,871.25,0.22056962025316457,-1.5686131765544191,15.551791438382901,15.630699416232783,0.34652815021807765,-18.511267399010517,23.76998670668321,30.127716288387443,0.32117217437023815
694.0,882.5,0.22341772151898734,-1.8246300088425425,15.554511042667412,15.661164977281583,0.3472035630217193,-18.714254277467486,23.772639549894762,30.254945121928923,0.32252847900083026
695.0,893.75,0.22626582278481014,-2.027294293193858,15.575915219795972,15.707293117704532,0.3482262107451579,-18.91946848677254,23.77517281006158,30.384290841983965,0.3239073503947957
696.0,905.0,0.2291139240506329,-2.26920688181115,15.533154204715888,15.69803106825636,0.3480208737492222,-19.127150654125185,23.77739358460772,30.515771951942256,0.32530898580485135
697.0,916.25,0.23196202531645568,-2.523143072740556,15.51884430839068,15.722619999020152,0.3485660033346948,-19.337545754248502,23.779383688624115,30.64962910719242,0.3267359507030598
698.0,927.5,0.23481012658227848,-2.73077257271894,15.454046735026278,15.693459762980577,0.34791952921439895,-19.55068690783643,23.78134104311583,30.786060812926884,0.3281903612253955
699.0,938.75,0.23765822784810126,-2.931874113692387,15.363843382842209,15.641085937716852,0.34675841643849625,-19.76650284219561,23.783290957364017,30.925063676137516,0.32967218120118497
700.0,950.0,0.24050632911392406,-3.1167850137878075,15.32373244778945,15.637491005708284,0.3466787178206727,-19.985074724701658,23.785057903552453,31.066576754242686,0.33118076096082577
701.0,968.3333333333334,0.24514767932489454,-3.247747400815412,15.24160207048215,15.58378313678771,0.3454880296771932,-20.20667250218752,23.786502839318313,31.210692573788865,0.3327170868702222
702.0,986.6666666666666,0.24978902953586496,-3.390080978896269,15.216190317600642,15.589262228371098,0.3456094995756735,-20.431535637155985,23.787686723149662,31.357641622594734,0.33428361601152357
703.0,1005.0,0.25443037974683547,-3.5427143711991387,15.211721067605156,15.618811829154081,0.3462646058013345,-20.65971837094529,23.788754252902063,31.507598957580697,0.3358822145537826
704.0,1023.3333333333334,0.2590717299578059,-3.6696063638117087,15.204063749995465,15.640638266364117,0.3467484916922237,-20.89120436888706,23.78971199710817,31.660587753356037,0.337513129546579
705.0,1041.6666666666667,0.26371308016877637,-3.850062342510962,15.206457924329158,15.686278801730321,0.34776032935055573,-21.126112298346,23.790397609000077,31.816593771751286,0.3391762092059609
706.0,1060.0,0.2683544303797468,-4.004791201633577,15.218310692248952,15.73643329647797,0.3488722402015811,-21.364715285275462,23.79067231524413,31.975727488709406,0.340872631244785
707.0,1078.3333333333333,0.2729957805907173,-4.170110931900049,15.232098741190685,15.79261400926823,0.3501177505887186,-21.60728135835547,23.790574780936904,32.13823355610085,0.3426050037390315
708.0,1096.6666666666667,0.2776371308016878,-4.352299251258527,15.228513326197607,15.83824885833922,0.3511294621835069,-21.853961593302465,23.79022949052131,32.30434423623561,0.34437580268755863
709.0,1115.0,0.28227848101265823,-4.529385540925817,15.256757318853682,15.914897965891683,0.35282875104760186,-22.104838786173524,23.789641122072148,32.474157763977615,0.34618607530896545
710.0,1133.3333333333333,0.2869198312236287,-4.712501797662017,15.262779000050086,15.97373143624675,0.35413307231373015,-22.360049682380147,23.788665919577536,32.6477020329422,0.34803611895911535
711.0,1151.6666666666667,0.2915611814345992,-4.89486273439002,15.272160645805759,16.037411635916136,0.3555448441871009,-22.619855085733203,23.7871804316162,32.82510924560396,0.3499273429634221
712.0,1170.0,0.29620253164556964,-5.098563338022817,15.2900404737615,16.117713417265342,0.3573251117880028,-22.88458663909318,23.785182982458235,33.00665440712195,0.3518626789747215
713.0,1188.3333333333333,0.30084388185654004,-5.284539606382729,15.301090186509219,16.187949831498628,0.35888223306927675,-23.154514244746796,23.782718772992904,33.19260824559365,0.3538450130508516
714.0,1206.6666666666665,0.3054852320675105,-5.486351979559688,15.317761987112549,16.270645049826655,0.3607155624857027,-23.429818265262263,23.779779849816013,33.383144154631886,0.35587619362941425
715.0,1225.0,0.310126582278481,-5.692559737724396,15.320430818704734,16.3438317673145,0.36233809114908794,-23.71071925360377,23.776273326904864,33.578406466640196,0.3579577593451815
716.0,1243.3333333333333,0.31476793248945145,-5.900018926715674,15.34382610316827,16.439076093864617,0.36444963071742625,-23.99755473154333,23.772065757134744,33.77859889715611,0.3600918818782605
717.0,1261.6666666666665,0.3194092827004219,-6.115463151933269,15.349637479009997,16.523022129734077,0.36631069040217545,-24.290725605588914,23.76708458931774,33.98402066150793,0.36228175097050475
718.0,1280.0,0.3240506329113924,-6.32466146411223,15.364177894216727,16.615032500743542,0.3683505340980805,-24.590629552046767,23.761327457208964,34.195025139553685,0.36453113377692514
719.0,1298.3333333333333,0.32869198312236286,-6.557350272443047,15.371780932335891,16.71198646562503,0.3704999758608592,-24.8976224878505,23.754767894119976,34.41192530578654,0.366843366716968
720.0,1316.6666666666665,0.3333333333333333,-6.776155680072946,15.383067494343393,16.80937391267471,0.372659027799734,-25.21206667622157,23.747309942423815,34.634997265595146,0.3692213931723079
721.0,1335.0,0.3379746835443038,-7.01707525780932,15.396465454966004,16.92012097119052,0.3751142585163916,-25.534415506332405,23.738799538380317,34.864551894057584,0.37166852718187937
722.0,1353.3333333333333,0.3426160337552742,-7.246861431730108,15.39990203474342,17.01981149397348,0.37732436898773597,-25.865218535521915,23.72908813082226,35.10098507749656,0.3741889890347295
723.0,1371.6666666666665,0.34725738396624467,-7.497126409165091,15.414189381505391,17.140715815972044,0.3800047833402775,-26.205085687512643,23.718069907657554,35.34477834184862,0.37678791196865763
724.0,1390.0,0.3518987341772152,-7.744631974493711,15.412808866042097,17.24917393852518,0.38240926899914907,-26.554640068227556,23.705648187274544,35.5964417481853,0.379470733416154
725.0,1408.3333333333333,0.35654008438818563,-8.004404571486074,15.42771487996024,17.380589143103688,0.3853227066221531,-26.914529333301164,23.69168554509779,35.85648969434856,0.38224293704122464
726.0,1426.6666666666665,0.3611814345991561,-8.269807443238252,15.424446276463225,17.5015215933855,0.3880037445707158,-27.28547447059614,23.67597604125599,36.12546136164466,0.3851102707084225
727.0,1445.0,0.3658227848101266,-8.540349049331514,15.43558810625437,17.64071829802741,0.39108969583185504,-27.668316257928144,23.658267202295015,36.403974117724005,0.3880793157765457
728.0,1463.3333333333333,0.37046413502109704,-8.825537827899247,15.430989921062945,17.776545443241407,0.394100944921037,-28.064022888728356,23.63829018394214,36.69275328343902,0.39115780442393316
729.0,1481.6666666666665,0.3751054852320675,-9.111421384539868,15.43609597956544,17.92459368401434,0.39738313221489585,-28.4736749792408,23.615765489638168,36.99262827219808,0.39435457849260447
730.0,1500.0,0.379746835443038,-9.41772588249161,15.430643485122372,18.07756397202626,0.40077443989291617,-28.898459780513303,23.590374286782282,37.304513623373026,0.39767938729763463
731.0,1531.6666666666667,0.38776371308016877,-9.72405020398487,15.428410636956368,18.237132646119747,0.4043120319093644,-29.339698918645126,23.561718881611682,37.62941042978009,0.4011429028446103
732.0,1563.3333333333333,0.39578059071729954,-10.053320225656046,15.421289736749033,18.408840938645376,0.408118755805815,-29.79889990315113,23.529297664014805,37.96843799789284,0.4047570573387628
733.0,1595.0,0.40379746835443037,-10.385484424992256,15.410706192118575,18.58354519680135,0.4119918994062312,-30.277809239187324,23.492497771611998,38.32288068339607,0.4085355424686356
734.0,1626.6666666666667,0.4118143459915612,-10.741231386518269,15.399490143912244,18.775471988506055,0.4162468616657992,-30.778455095993323,23.450588413449648,38.69422947976993,0.41249425275518775
735.0,1658.3333333333333,0.41983122362869196,-11.105723478356467,15.379411740330879,18.970065879072358,0.4205609527468196,-31.303186935899138,23.402693894358666,39.084211567548586,0.4166516005574038
736.0,1690.0,0.4278481012658228,-11.493681733226392,15.360829212293178,19.18488451552267,0.42532342067862483,-31.85473099888855,23.347738164342573,39.49481946283905,0.42102882680587506
737.0,1721.6666666666667,0.4358649789029536,-11.898167965843125,15.329143162478598,19.404871322407164,0.43020046547566687,-32.43627757416082,23.28436444311738,39.9283574717007,0.4256504962230127
738.0,1753.3333333333333,0.4438818565400844,-12.327051703190769,15.298508442083222,19.64689706405645,0.4355661071738104,-33.05160524533681,23.21083327374874,40.38751528078123,0.43054528182540863
739.0,1785.0,0.4518987341772152,-12.781766469909565,15.251198784762872,19.899060743252605,0.4411565040573484,-33.705242176634876,23.124890974311498,40.87546859375926,0.43574703774411805
740.0,1816.6666666666667,0.45991561181434604,-13.264286950663786,15.201732009328252,20.17508276049902,0.44727583349416994,-34.40266947607729,23.023583136081875,41.396002796215654,0.4412961175361843
741.0,1848.3333333333335,0.4679324894514768,-13.783747988025313,15.131159743869423,20.46811431939656,0.4537722596204909,-35.150583121409056,22.902970740226632,41.95365970332939,0.4472409385672869
742.0,1880.0,0.4759493670886076,-14.33872784707054,15.051564289279105,20.788186641134867,0.4608681717504878,-35.95724350378672,22.757684833571183,42.553913796204085,0.45363986075368273
743.0,1911.6666666666667,0.4839662447257384,-14.945040548740076,14.94300562056587,21.134040171717007,0.46853564593110925,-36.83294956375972,22.580216199363136,43.203383399641844,0.46056343779240716
744.0,1943.3333333333335,0.49198312236286923,-15.601263552797256,14.812082088017615,21.512721822819454,0.4769309101853614,-37.79067485792989,22.359754922792362,43.91006429538805,0.4680969075615777
745.0,1975.0,0.5,-16.329507246542395,14.635163634510098,21.928082942285844,0.48613934779703466,-38.8468808830943,22.080227301089643,44.6835158868805,0.47634217670285345
746.0,2006.6666666666667,0.5080168776371308,-17.132477658972952,14.407213772030975,22.38503069929113,0.4962697493078523,-40.02242129003633,21.716835118446426,45.53476840260573,0.48541683137619784
747.0,2038.3333333333335,0.5160337552742617,-18.03891076280791,14.09086168117798,22.890056453111622,0.5074660263024798,-41.34306086955532,21.229696206546894,46.4752480691177,0.49544267922185986
748.0,2070.0,0.5240506329113924,-19.057270829642793,13.650311661365393,23.44164200577174,0.5196945207645911,-42.83771986432339,20.551776139567234,47.512585129259506,0.5065010613432088
749.0,2101.666666666667,0.5320675105485233,-20.212353372002422,12.998633897120735,24.031306914649353,0.532767223698771,-44.52751179077162,19.566104118307535,48.63673238043194,0.5184848709859774
750.0,2133.3333333333335,0.5400843881856541,-21.473559147827793,12.005709187104697,24.60184536900817,0.545415898588643,-46.38165191285419,18.068993066864945,49.77696399556309,0.530640145670986
751.0,2165.0,0.5481012658227848,-22.699649044242282,10.46345539798847,24.99515884321329,0.5541355461899911,-48.176401560328415,15.759949098702913,50.68867391139485,0.5403592977387934
752.0,2196.666666666667,0.5561181434599157,-23.44401292199684,8.286111036217791,24.865264486654574,0.5512558253340379,-49.26076201517906,12.504119875020992,50.82298385735536,0.5417910895470665
753.0,2228.3333333333335,0.5641350210970465,-23.23961320022014,5.933796697040089,23.985194702933935,0.5317449291102375,-48.926863688466696,8.991480870826969,49.74620305752237,0.5303122231274506
754.0,2260.0,0.5721518987341773,-22.299438377806975,4.092025922807503,22.67178043556657,0.5026269092173992,-47.50330710953124,6.238775914572481,47.91123575169703,0.5107508188089499
755.0,2291.666666666667,0.5801687763713081,-21.167468579517603,2.8677443578302193,21.360844640761094,0.47356383635472005,-45.789134499274056,4.409670938912261,46.0009786415691,0.49038679839023436
756.0,2323.3333333333335,0.5881856540084388,-20.097034711163108,2.069040371812515,20.203260435926794,0.44790052452580037,-44.17417625872868,3.214320114506007,44.29096636940479,0.47215745918663554
757.0,2355.0,0.5962025316455696,-19.15665339307679,1.52574958618503,19.217317217088976,0.4260424444267672,-42.74885985387611,2.4024588490567034,42.816314966701086,0.4564371505873733
758.0,2386.666666666667,0.6042194092827005,-18.334403391374444,1.140660254048744,18.369851755874603,0.40725437673842413,-41.50680512391466,1.8245444309383088,41.54688717551649,0.4429045987006604
759.0,2418.3333333333335,0.6122362869198312,-17.61944494958285,0.8531508862046364,17.64008806004132,0.3910757236353653,-40.420889112739644,1.3953588461079676,40.44496634902551,0.43115773065263757
760.0,2450.0,0.620253164556962,-16.987119231417566,0.6340506309127129,16.99894820231409,0.3768618357591408,-39.46406964960412,1.0649924160573663,39.4784371797449,0.4208541858396588
761.0,2414.0,0.6111392405063291,-16.428003314294582,0.4580674541751259,16.434388296710292,0.36434570359086416,-38.6138393921109,0.8028725559501196,38.622185294734855,0.4117262361110796
762.0,2378.0,0.6020253164556962,-15.925698450473535,0.31727143626233484,15.928858474469635,0.3531382515430561,-37.85237076108309,0.5893551598714754,37.856958564297855,0.4035686469148681
763.0,2342.0,0.5929113924050633,-15.47418510400844,0.19748165519815017,15.475445183814793,0.3430862081436583,-37.16571644675626,0.4111727483487321,37.16799082583928,0.3962240057043102
764.0,2306.0,0.5837974683544304,-15.063939255577386,0.09754593115035104,15.064255079638334,0.33397024075193243,-36.54294123017392,0.2588183930489296,36.54385776997997,0.38957052527692254
765.0,2270.0,0.5746835443037974,-14.690426762166963,0.007630950104041654,14.690428744117403,0.32568261746001886,-35.97532699386235,0.12488083703482278,35.975543742086515,0.38351209554675386
766.0,2234.0,0.5655696202531646,-14.348194057533181,-0.07196071459134035,14.348374509228387,0.3180993725818496,-35.4554702849246,0.0028147806941770195,35.45547039665617,0.3779679286545473
767.0,2198.0,0.5564556962025317,-14.031986431249425,-0.14980211210260402,14.03278603412588,0.31110286605355936,-34.97570448544727,-0.11386105845820124,34.975889818473085,0.3728554290675752
768.0,2162.0,0.5473417721518987,-13.735815424646852,-0.22518437164960692,13.737661132128773,0.3045600311074698,-34.52536567864047,-0.23027162596522618,34.526133584077584,0.36806086759618173
769.0,2126.0,0.5382278481012658,-13.44954323919346,-0.30018674083672015,13.452892827281003,0.2982467989678284,-34.09149680563815,-0.34394265095762666,34.09323174760621,0.36344598000305967
770.0,2090.0,0.529113924050633,-13.17306478234092,-0.365370496024021,13.17813079913519,0.29215540313018235,-33.67002605268899,-0.4445065969420368,33.67296007932003,0.35896573449631
771.0,2054.0,0.52,-12.906810685361183,-0.4199457807044823,12.913640715401877,0.2862917333719408,-33.266693247214455,-0.5277007294030029,33.270878372295435,0.3546794004481711
772.0,2018.0,0.5108860759493671,-12.656438109996042,-0.4652672416058718,12.664987139285683,0.2807791544730611,-32.885291657349995,-0.5966801718603606,32.89070438005949,0.350626610433931
773.0,1982.0,0.5017721518987341,-12.418791244864384,-0.5034302462987291,12.428991028897263,0.27554718798110556,-32.52574703007433,-0.6553854987355128,32.5323492852321,0.346806417628719
774.0,1946.0,0.49265822784810126,-12.195243920990116,-0.537513701474246,12.20708381521643,0.27062756831283863,-32.18649104639485,-0.7065633242458657,32.194245411421356,0.3432021100444547
775.0,1910.0,0.4835443037974684,-11.982963758314723,-0.5667971537511014,11.996361091872169,0.2659559056069735,-31.865698494133493,-0.7519805650706349,31.874570040853342,0.33979425686118797
776.0,1874.0,0.47443037974683544,-11.781593839733524,-0.5941466857355975,11.79656575824581,0.26152650001608585,-31.561660953906944,-0.7928071462703411,31.571616767922283,0.33656466718806183
777.0,1838.0,0.46531645569620256,-11.590231747682123,-0.6180225903025581,11.60669737208233,0.25731717202057763,-31.272864726195323,-0.8298579898386141,31.283873360986018,0.33349722009775445
778.0,1802.0,0.4562025316455696,-11.407112883791612,-0.6405218780214575,11.425081733615245,0.2532908050888897,-30.99798549693415,-0.8637287899866789,31.010016644477826,0.3305778100679696
779.0,1766.0,0.4470886075949367,-11.232932552294022,-0.6609182124808413,11.252359157437855,0.24946159481302105,-30.73586384080544,-0.8948727270230371,30.748888162632824,0.3277940875481023
780.0,1730.0,0.4379746835443038,-11.06540518952763,-0.6796033039994993,11.086255123315178,0.2457791157277592,-30.485479610382143,-0.9236455700435601,30.49946865461899,0.32513518685505394
781.0,1694.0,0.42886075949367086,-10.90524746334142,-0.6973820383631786,10.927523230089518,0.2422600749046098,-30.245929655982938,-0.9503335140163391,30.260855813121527,0.32259148907182894
782.0,1658.0,0.419746835443038,-10.751228702684166,-0.7133315785831492,10.774867078457339,0.23887573154057756,-30.016409368731786,-0.9751711927270609,30.032245840869344,0.3201544254335454
783.0,1622.0,0.41063291139240504,-10.602876691984875,-0.7287202460776435,10.627889129195863,0.23561727230442006,-29.796197576946643,-0.9983537985385201,29.8129183467754,0.31781631631491697
784.0,1586.0,0.40151898734177216,-10.460337699837998,-0.7428157516786609,10.486679171005187,0.2324866877860223,-29.58464420340923,-1.020045538257942,29.602223996558692,0.3155702395814904
785.0,1550.0,0.3924050632911392,-10.322360947736273,-0.7560040368346755,10.350008581593602,0.22945673977942022,-29.38116008430191,-1.0403857391056173,29.399574323202543,0.313409921965505
786.0,1538.3333333333333,0.38945147679324893,-10.189351459874855,-0.7686435078282366,10.218302012319871,0.22653684268418228,-29.18520847759452,-1.059493341472826,29.204433225475896,0.31132964843710553
787.0,1526.6666666666667,0.3864978902953587,-10.060644915562872,-0.7801777153789656,10.090849983257852,0.22371126753259724,-28.996297929490623,-1.0774702732235235,29.01630982405348,0.3093241860480412
788.0,1515.0,0.38354430379746834,-9.935790440534504,-0.791262592365465,9.967247772996002,0.220971041766345,-28.81397618862865,-1.0944040287998005,28.83475236545499,0.3073887189454886
789.0,1503.3333333333333,0.38059071729957805,-9.814970300939605,-0.8016719177055593,9.84765555205726,0.21831971632025937,-28.637824948755252,-1.1103696341762885,28.65934295339043,0.30551879220631867
790.0,1491.6666666666667,0.37763713080168776,-9.69748300354829,-0.8113209004830447,9.731362607963419,0.2157415349013011,-28.467455239635534,-1.1254311406113982,28.48969292696765,0.30371026256714473
791.0,1480.0,0.37468354430379747,-9.583254530954747,-0.8206050150189576,9.618324178137216,0.2132355051358928,-28.302503315821912,-1.1396427132708893,28.32543873368993,0.30195925442900823
792.0,1468.3333333333333,0.3717299578059072,-9.472210974852397,-0.829251888741276,9.508440431905495,0.2107994138064692,-28.142626936625703,-1.153049365425339,28.16623818924349,0.30026211998538305
793.0,1456.6666666666667,0.3687763713080169,-9.363855893566495,-0.8373296780968313,9.40121897337264,0.20842234463639173,-27.98750193660981,-1.1656873664564922,28.011767021879468,0.29861540238405815
794.0,1445.0,0.3658227848101266,-9.25814521431729,-0.8450312590214176,9.296630068907199,0.20610363843952728,-27.836818984246133,-1.177584340343292,27.861715597577756,0.29701580081621853
795.0,1433.3333333333333,0.36286919831223624,-9.154936972159808,-0.8521781457264841,9.194513502968627,0.20383974328301457,-27.69028040098806,-1.1887590273897908,27.715785695349574,0.2954601361400238
796.0,1421.6666666666667,0.359915611814346,-9.053878922552219,-0.8588078310509238,9.094518922675883,0.2016228919433559,-27.54759690913016,-1.1992206128320981,27.573687195334593,0.29394531557454495
797.0,1410.0,0.3569620253164557,-8.9548602531801,-0.8650227724825283,8.996543033348871,0.19945079440693975,-27.4084841999229,-1.208967457432772,27.435134562282627,0.29246829521242823
798.0,1398.3333333333333,0.35400843881856536,-8.857744612635535,-0.8707197419282546,8.900437769663773,0.19732016810774605,-27.27265921665982,-1.2179850199134046,27.299843007914777,0.29102603910929975
799.0,1386.6666666666667,0.3510548523206751,-8.762256690136025,-0.8758593167032072,8.805922543748006,0.19522479249262664,-27.1398359770711,-1.2262426615055413,27.167524140547275,0.2896154729072074
800.0,1375.0,0.34810126582278483,-8.668203264824493,-0.880468747698807,8.712805119821533,0.1931604057491389,-27.009720677666333,-1.2336887511167536,27.037880815999397,0.2882334289434677
801.0,1363.3333333333333,0.3451476793248945,-8.57542290865265,-0.8844739966674542,8.620914818801168,0.19112322397066384,-26.88200584924918,-1.240243037842823,26.91060090878657,0.2868765798493681
802.0,1351.6666666666667,0.34219409282700425,-8.483673389947676,-0.8877540541072672,8.529995395537455,0.18910756627528588,-26.75636343734509,-1.2457846073553762,26.785349795722677,0.2855413584226937
803.0,1340.0,0.3392405063291139,-8.392685848332444,-0.8901946768867423,8.43976435166037,0.1871071697546734,-26.632436885324353,-1.2501325058272945,26.661761489686146,0.2842238631105188
804.0,1328.3333333333333,0.3362869198312236,-8.30220066567589,-0.8916169994729528,8.349941123558796,0.185115814393548,-26.509833199750737,-1.2530136503062523,26.539429147712656,0.28291975682209847
805.0,1316.6666666666667,0.33333333333333337,-8.211929012601281,-0.8917127103434219,8.260201551160279,0.18312631365551163,-26.388118952785202,-1.2540081681310966,26.417898446925737,0.2816241963139321
806.0,1305.0,0.330379746835443,-8.121544972443646,-0.8900005682160509,8.170164854569922,0.18113022575884333,-26.266832853955265,-1.2524543169819862,26.296675645293085,0.28033191812029357
807.0,1293.3333333333335,0.3274261603375528,-8.030749350518251,-0.88572016975984,8.07944523776037,0.17911899771559536,-26.145553507022285,-1.2472831375199573,26.17528764720088,0.27903787887362325
808.0,1281.6666666666667,0.3244725738396625,-7.9394473270468175,-0.8776327507888697,7.987807152417245,0.17708740748678573,-26.024136694680827,-1.236751604439567,26.053507349961865,0.277739657578477
809.0,1270.0,0.32151898734177214,-7.848250807904193,-0.8638107378521979,7.895644985344616,0.17504419851543276,-25.90342612781771,-1.21815548425783,25.93205329207729,0.27644491411091743
810.0,1258.3333333333335,0.3185654008438819,-7.759669012784233,-0.8419573089706874,7.805213340972365,0.1730393547390276,-25.78692940296704,-1.1882735045232637,25.814292978022042,0.27518954726672606
811.0,1246.6666666666667,0.31561181434599156,-7.679226655207591,-0.8119231849491951,7.722029608872839,0.17119519511154802,-25.68239094046822,-1.14689287427043,25.70798645721007,0.27405628193349946
812.0,1235.0,0.31265822784810127,-7.611861517618078,-0.7796307754581909,7.651683468978348,0.1696356412436447,-25.59674248870325,-1.1023263928761524,25.62046739443716,0.2731232975871069
813.0,1223.3333333333335,0.30970464135021103,-7.555103307218091,-0.7530077370138379,7.592536245204262,0.16832436415365837,-25.52650847858546,-1.0657200873114514,25.548745456710677,0.2723587162139565
814.0,1211.6666666666667,0.3067510548523207,-7.502558844218109,-0.7342061593741727,7.5383982314161635,0.16712413982108706,-25.462683081351276,-1.0401045049392128,25.483917420257963,0.27166762628107316
815.0,1200.0,0.3037974683544304,-7.450200970644882,-0.7213331073670555,7.4850394758332275,0.16594119142078126,-25.399583053954235,-1.0228123566822915,25.420168457972522,0.2709880396627222
816.0,1197.142857142857,0.3030741410488246,-7.396525500718724,-0.7121573464080752,7.430730621468212,0.1647371796013212,-25.335076623448444,-1.0106962811574598,25.35522854341387,0.2702957570694259
817.0,1194.2857142857142,0.3023508137432188,-7.341118416877377,-0.7050963069119572,7.374902061223395,0.16349947633572812,-25.268566653411796,-1.0015206344263705,25.288406519571303,0.26958341052155266
818.0,1191.4285714285713,0.301627486437613,-7.283892036817457,-0.6991074837058708,7.3173652688509625,0.16222390205083118,-25.199914118529264,-0.9938086368336188,25.219502913180023,0.2688488735631318
819.0,1188.5714285714287,0.30090415913200724,-7.224803538308342,-0.6934648184085225,7.258007965104689,0.1609079675477489,-25.129040951351275,-0.9865266903296843,25.148398240154823,0.2680908724513054
820.0,1185.7142857142858,0.3001808318264015,-7.163760642056426,-0.6875968212915519,7.19668367550825,0.15954842552909662,-25.055796512620617,-0.9788551733453879,25.07490969738947,0.267307458439924
821.0,1182.857142857143,0.29945750452079567,-7.100589110057467,-0.680975576503922,7.133168541795542,0.15814031312093008,-24.97991104431176,-0.9700302768509195,24.99873825855489,0.26649544380193285
822.0,1180.0,0.29873417721518986,-7.0350190432825395,-0.6730266349737469,7.067139293287777,0.1566764635044553,-24.900975520249602,-0.9592142145703811,24.919443689005252,0.2656501354793826
823.0,1177.142857142857,0.2980108499095841,-6.966678459778156,-0.663032929156461,6.998158431121914,0.15514717745459625,-24.818431865279774,-0.9453552130920488,24.836430031919942,0.2647651803605377
824.0,1174.2857142857142,0.2972875226039783,-6.895099254562608,-0.6500041761175618,6.925669582014443,0.15354012033426276,-24.731581381497453,-0.92699576314209,24.74894823572337,0.26383259328910746
825.0,1171.4285714285713,0.29656419529837247,-6.819763272824876,-0.6324727056381785,6.849028604170692,0.15184101170349232,-24.639652375575647,-0.901971769023306,24.656155869504996,0.2628433936518684
826.0,1168.5714285714287,0.29584086799276677,-6.74027211345145,-0.6081605495060894,6.767653021346974,0.15003693823000872,-24.542050386544954,-0.8669212530354232,24.557357138639244,0.2617901640305644
827.0,1165.7142857142858,0.29511754068716095,-6.656874184316523,-0.5734786539591071,6.681530638436564,0.14812762955177236,-24.43913561692959,-0.8165446523868731,24.45277274404721,0.2606752571755345
828.0,1162.857142857143,0.29439421338155514,-6.571920307219084,-0.5230822746644194,6.592704421594123,0.14615837764604414,-24.334370986772598,-0.7429463864440914,24.34570969709058,0.25953392700445155
829.0,1160.0,0.2936708860759494,-6.493008085544938,-0.45100187636368855,6.50865244819813,0.14429496935653124,-24.23896620768155,-0.6372976525789179,24.24734276400428,0.2584853005011
830.0,1157.142857142857,0.29294755877034356,-6.435431088348301,-0.35741027746344384,6.445348353604814,0.1428915356254808,-24.175513275470596,-0.49982041826645307,24.18067953104236,0.2577746467205086
831.0,1154.2857142857142,0.2922242314647378,-6.412602663351662,-0.25822445683793305,6.417799684325935,0.14228078948086073,-24.163877323875667,-0.3540031919466101,24.166470275636467,0.25762317100256144
832.0,1151.4285714285713,0.291500904159132,-6.418929225176316,-0.1748690136096596,6.421310736114819,0.14235862849812558,-24.195846039874702,-0.23154267804131667,24.196953890873843,0.25794813718634835
833.0,1148.5714285714287,0.29077757685352623,-6.437786259914734,-0.11431951654041078,6.438801198997292,0.14274638707422788,-24.246841611679024,-0.14280079099916393,24.24726211776825,0.25848444078353194
834.0,1145.7142857142858,0.2900542495479205,-6.457976416850389,-0.07225254847158613,6.458380588921377,0.14318045656735276,-24.300284741314382,-0.08140188423376478,24.30042108227167,0.25905113425785325
835.0,1142.857142857143,0.28933092224231466,-6.475203458262363,-0.04276944252445216,6.475344705195757,0.14355654618919908,-24.34980866272746,-0.03862252692130742,24.349839293330525,0.259577949969583
836.0,1140.0,0.28860759493670884,-6.488499677756112,-0.021562559687434184,6.4885355059690815,0.14384898248204522,-24.393977086853162,-0.008089093517005624,24.39397842803324,0.2600484888491846
837.0,1137.142857142857,0.2878842676311031,-6.4980616275293945,-0.005876205244967838,6.498064284458722,0.14406023278479393,-24.43307924391494,0.014276085923942387,24.433083414625678,0.2604653619188986
838.0,1134.2857142857142,0.28716094032549727,-6.504397611018561,0.006021666428774293,6.504400398398806,0.1442007026246111,-24.467866875137737,0.03103580968517802,24.46788655852698,0.26083637581503016
839.0,1131.4285714285713,0.28643761301989146,-6.5080392041531505,0.01523939727463857,6.50805704661719,0.14428176947321283,-24.499126736779264,0.043829827995120856,24.49916594332539,0.26116982518545395
840.0,1128.5714285714287,0.28571428571428575,-6.5094567788690005,0.022506562518527007,6.5094956871727,0.14431366372421553,-24.52755535626748,0.053737355944440825,24.527614222712113,0.26147309396494806
841.0,1125.7142857142858,0.28499095840867994,-6.509044113399999,0.028317929046568418,6.509105712407248,0.14430501809483548,-24.553736161316717,0.06149013887648782,24.55381315634562,0.2617523839184484
842.0,1122.857142857143,0.2842676311030741,-6.507124537761978,0.03301861460235833,6.507208309164099,0.1442629532058272,-24.578148528920536,0.06759848728521935,24.578241488462147,0.26201279862983917
843.0,1120.0,0.28354430379746837,-6.503962266312893,0.03685559514673787,6.504066689119629,0.14419330438502215,-24.601184531042566,0.07242750285155963,24.601291146473947,0.2622585161847736
844.0,1117.142857142857,0.28282097649186255,-6.499773568302293,0.040009707843022345,6.499896708096429,0.14410085709447334,-24.62316544977742,0.07624443677860185,24.623283493093528,0.2624929624241003
845.0,1114.2857142857142,0.28209764918625674,-6.494736284718093,0.04261608652655557,6.494876098807784,0.14398955161776797,-24.64435584997571,0.07924892839165758,24.644483270153653,0.26271895958994557
846.0,1111.4285714285713,0.281374321880651,-6.4889975125057555,0.04477755573265697,6.489152005216342,0.14386265009461172,-24.664974942594185,0.08159282311770648,24.665109898550693,0.2629388467871295
847.0,1108.5714285714287,0.2806509945750452,-6.482679678962703,0.04657362496210101,6.482846976643679,0.14372286940852877,-24.685205567546912,0.08339347963757238,24.68534643031155,0.26315457541538434
848.0,1105.7142857142858,0.27992766726943946,-6.4758853104877,0.04806666431057838,6.47606369323282,0.14357248594901909,-24.705201245691878,0.08474290621878457,24.705346586321955,0.2633677841940425
849.0,1102.857142857143,0.27920433996383365,-6.468700776601396,0.04930623175620565,6.468888686760153,0.14341341810089742,-24.72509171536134,0.08571416215226427,24.725240287014877,0.26357985812114193
850.0,1100.0,0.27848101265822783,-6.461199240225033,0.05033216194306745,6.461395278762197,0.1432472913817268,-24.744987295059207,0.08636592673630723,24.745138013475344,0.2637919749643557
851.0,1100.4,0.2785822784810127,-6.453442995353511,0.05117680844275366,6.453645912195654,0.14307549013405665,-24.76498234023544,0.08674581583734196,24.765134264702432,0.2640051421166344
852.0,1100.8,0.27868354430379744,-6.445485331269157,0.051866696758942135,6.445694013047668,0.1428991987967918,-24.785157999945103,0.08689282669332674,24.785310315700578,0.26422022599844114
853.0,1101.2,0.2787848101265823,-6.437372029339014,0.05242376021901353,6.437585486403408,0.14271943507258433,-24.805584430236202,0.08683916566327617,24.805736432653433,0.26443797567229277
854.0,1101.6,0.27888607594936704,-6.429142573101294,0.052866276017826064,6.429359926804808,0.14253707676114172,-24.82632258363292,0.08661163242001425,24.82647366424544,0.26465904193888495
855.0,1102.0,0.2789873417721519,-6.420831133204593,0.05320958262694845,6.42105160396743,0.1423528836122887,-24.847425665766785,0.08623268073825663,24.847575300037494,0.26488399288389625
856.0,1102.4,0.27908860759493676,-6.412467374366907,0.05346663568186359,6.412690270740599,0.14216751523821317,-24.86894032891357,0.08572124037021131,24.869088065590876,0.26511332661843356
857.0,1102.8,0.2791898734177215,-6.404077120691192,0.05364844308453384,6.404301829489752,0.14198154588697284,-24.890907656174374,0.08509336027295104,24.891053108057974,0.2653474817857806
858.0,1103.2,0.27929113924050636,-6.395682907502978,0.05376440876348407,6.39590888498073,0.14179547669978254,-24.913363977953804,0.08436271674051415,24.913506813894788,0.2655868462785039
859.0,1103.6,0.2793924050632911,-6.387304441682465,0.05382260663203923,6.387531205694514,0.1416097459382302,-24.936341553227763,0.08354101830381043,24.936481491200254,0.26583176451243234
860.0,1104.0,0.27949367088607596,-6.378958987744138,0.053830000684948885,6.37918611080563,0.14142473756347784,-24.959869141114112,0.08263833097624133,24.960005942212575,0.26608254352967253
861.0,1104.4,0.27959493670886076,-6.370661693298812,0.0537926231553335,6.370888796453037,0.14124078846959431,-24.98397248290789,0.08166334147851147,24.98410594614184,0.26633945814577564
862.0,1104.8,0.27969620253164557,-6.362425864742375,0.05371571973756338,6.36265261214925,0.14105819461146651,-25.008674710616177,0.0806235717620392,25.008804668391026,0.2666027553121791
863.0,1105.2,0.27979746835443037,-6.354263201849011,0.053603868742307194,6.354489296010859,0.140877216219793,-25.03399669482379,0.07952555498576046,25.034123009012006,0.26687265783087144
864.0,1105.6,0.27989873417721517,-6.34618399825477,0.05346107946472816,6.346409175803467,0.14069808225819305,-25.05995734221891,0.07837498075621074,25.060079900739343,0.2671493675315392
865.0,1106.0,0.28,-6.338197313487523,0.05329087386096311,6.338421341464869,0.1405209942479964,-25.08657385114156,0.07717681568677878,25.086692564976733,0.26743306800047256
866.0,1106.4,0.28010126582278483,-6.330311121147789,0.05309635473305397,6.330533793718608,0.14034612956296316,-25.113861931962987,0.07593540400829434,25.113976732554356,0.26772392693391805
867.0,1106.8,0.28020253164556963,-6.322532437009261,0.05288026294136697,6.322753572553892,0.14017364427764722,-25.14183599786835,0.07465455195569698,25.141946834838315,0.2680220981753725
868.0,1107.2,0.28030379746835443,-6.314867430138734,0.05264502564102546,6.315086868678191,0.1400036756382684,-25.170509330626164,0.07333759888275203,25.17061616978314,0.26832772348576245
869.0,1107.6,0.28040506329113923,-6.3073215195979175,0.052392797135046125,6.307539120510837,0.13983634421303298,-25.199894225133363,0.07198747745954398,25.199997046722462,0.26864093408696366
870.0,1108.0,0.28050632911392404,-6.299899458854849,0.05212549362254471,6.300115098850577,0.1396717557691891,-25.230002115882577,0.07060676484261945,25.230100913049892,0.26896185201226486
871.0,1108.4,0.2806075949367089,-6.292605409679683,0.05184482287406057,6.292818980996422,0.1395100029162651,-25.260843687976312,0.06919772634340093,25.26093846541937,0.26929059129180255
872.0,1108.8,0.28070886075949364,-6.285443007011437,0.051552309671811875,6.285654415812364,0.13935116654853544,-25.292428974886782,0.06776235283325324,25.29251974766757,0.2696272589964491
873.0,1109.2,0.2808101265822785,-6.278415416046026,0.05124931769858348,6.27862458098977,0.13919531711451189,-25.324767444811176,0.06630239289568869,25.324854237311452,0.2699719561599072
874.0,1109.6,0.28091139240506324,-6.271525382601111,0.05093706843597285,6.2717322335660075,0.13904251573692694,-25.357868077184232,0.0648193805543614,25.35795092218562,0.2703247785956914
875.0,1110.0,0.2810126582278481,-6.26477527765238,0.05061665753405323,6.264979754596529,0.13889281520310118,-25.39173943067218,0.06331465925960122,25.39181836854599,0.2706858176231374
876.0,1110.4,0.28111392405063296,-6.258167136801987,0.05028906903493034,6.258369188743404,0.13874626084260985,-25.426389703774475,0.0617894026985552,25.426464781768118,0.2710551607144679
877.0,1110.8,0.2812151898734177,-6.25170269532836,0.04995518776816603,6.251902279431504,0.13860289130668535,-25.461826788995037,0.06024463289864324,25.461898060603776,0.27143289207318694
878.0,1111.2,0.28131645569620256,-6.245383419373192,0.04961581018350174,6.245580500129811,0.13846273926171496,-25.498058321406685,0.058681236016331274,25.498125845820848,0.27181909315259856
879.0,1111.6,0.2814177215189873,-6.239210533742846,0.04927165384333621,6.239405082236619,0.13832583200744783,-25.53509172231669,0.05709997613968969,25.5351555639358,0.2722138431220107
880.0,1112.0,0.28151898734177216,-6.233185046735397,0.04892336576208905,6.233377039981076,0.138192192029055,-25.572934238643814,0.05550150738096251,25.57299446665022,0.272617219287142
881.0,1112.4,0.28162025316455697,-6.227307772348381,0.04857152975044084,6.227497192697308,0.13806183749094056,-25.611592978534347,0.05388638449229174,25.611649666519792,0.27302929747036664
882.0,1112.8,0.28172151898734177,-6.221579350174965,0.04821667289829632,6.221766184779763,0.1379347826791456,-25.651074943674956,0.052255072202030094,25.651128169314504,0.2734501523556852
883.0,1113.2,0.28182278481012657,-6.216000263255676,0.04785927131023511,6.21618450358779,0.13781103839828815,-25.691387058700474,0.050607953439381216,25.691436903468702,0.27387985780267277
884.0,1113.6,0.28192405063291137,-6.21057085411836,0.047499755190462074,6.210752495532857,0.13769061232821153,-25.732536198043537,0.04894533659032717,25.73258274696877,0.27431848713311113
885.0,1114.0,0.28202531645569623,-6.205291339209407,0.047138513360224406,6.205470380552073,0.13757350934485885,-25.77452921052999,0.04726746190702655,25.77457255198268,0.2747661133935489
886.0,1114.4,0.28212658227848103,-6.200161821893939,0.0467758972788687,6.200338265146298,0.13745973180932378,-25.817372941986367,0.04557450717541964,25.817413167498287,0.27522280959663326
887.0,1114.8,0.28222784810126583,-6.19518230418067,0.046412224629760856,6.195356154139034,0.13734927982854192,-25.861074256093495,0.043866592731047364,25.86111146020487,0.2756886489437147
888.0,1115.2,0.28232911392405063,-6.190352697308415,0.04604778252387429,6.190523961293497,0.13724215149066843,-25.905640053692878,0.04214378590064157,25.905674333824756,0.27616370503092974
889.0,1115.6,0.28243037974683544,-6.185672831314703,0.045682830366716755,6.185841518908738,0.1371383430778211,-25.951077290728428,0.04040610493645806,25.951108747078166,0.27664805204071147
890.0,1116.0,0.28253164556962024,-6.181142463692923,0.04531760242818643,6.181308586501539,0.13703784925855544,-25.99739299498535,0.03865352250134197,25.9974217304431,0.2771417649204568
891.0,1116.4,0.2826329113924051,-6.176761287232039,0.04495231014976427,6.176924858668445,0.13694066326216403,-26.044594281770156,0.03688596875480586,26.044620401854694,0.2776449195498865
892.0,1116.8,0.28273417721518984,-6.172528937122035,0.0445871442190159,6.172689972211344,0.1368467770366482,-26.09268836866006,0.03510333408384585,26.09271198147237,0.2781575928984689
893.0,1117.2,0.2828354430379747,-6.168444997399215,0.04422227643757071,6.168603512600946,0.1367561813920117,-26.141682589436403,0.03330547151654594,26.141703805629717,0.2786798631741302
894.0,1117.6,0.28293670886075944,-6.164509006796792,0.043857861405471085,6.164665019843806,0.13666886613033113,-26.19158440730498,0.031492198851678276,26.191603340070074,0.27921180996435035
895.0,1118.0,0.2830379746835443,-6.16072046405944,0.04349403804196712,6.160873993811752,0.13658482016390738,-26.242401427495743,0.029663300533290943,26.24241819256048,0.2797535143706327
896.0,1118.4,0.28313924050632916,-6.1570788327738475,0.043130930960389995,6.157229899085893,0.1365040316226563,-26.294141409325317,0.027818529295645524,26.29415612496755,0.280305059137237
897.0,1118.8,0.2832405063291139,-6.1535835457618715,0.04276865171262969,6.1537321693619855,0.13642648795177428,-26.34681227779785,0.025957607600714708,26.34682506487094,0.2808665287749828
898.0,1119.2,0.28334177215189876,-6.150234009077988,0.042407299916906525,6.150380211458943,0.13635217600060567,-26.400422134812864,0.02408022888769562,26.400433116783145,0.2814380096808566
899.0,1119.6,0.2834430379746835,-6.147029605648312,0.04204696428093337,6.147173408967904,0.13628108210354178,-26.454979270042582,0.02218605865160724,26.45498857303819,0.28201959025408935
900.0,1120.0,0.28354430379746837,-6.143969698584667,0.04168772353117424,6.14411112557543,0.13621319215369504,-26.510492171536185,0.020274735365937897,26.510499924406847,0.2826113610093182
901.0,1122.0,0.28405063291139243,-6.141053634203797,0.04132964725769227,6.141192708091003,0.13614849167001786,-26.566969536103393,0.018345871262473105,26.566975870490758,0.2832134146873919
902.0,1124.0,0.28455696202531644,-6.138280744778738,0.04097279668301606,6.138417489205947,0.1360869658584672,-26.62442027952618,0.016399052979812798,26.624425329944373,0.28382584636434005
903.0,1126.0,0.2850632911392405,-6.135650351046702,0.04061722536252419,6.1357847900081754,0.13602859966775552,-26.682853546643628,0.01443384209066487,26.68285745056983,0.28444875355898774
904.0,1128.0,0.28556962025316457,-6.133161764495452,0.04026297982302579,6.133293922274817,0.13597337784017802,-26.742278721351784,0.012449775516726795,26.74228161932663,0.28508223633966306
905.0,1130.0,0.28607594936708863,-6.130814289447941,0.03991010014550069,6.130944190562551,0.13592128495795455,-26.80270543655819,0.010446365838859243,26.80270747229587,0.2857263974304189
906.0,1132.0,0.28658227848101264,-6.12860722496318,0.03955862049732061,6.128734894113674,0.13587230548548657,-26.864143584127753,0.008423101509240636,26.864144904635832,0.2863813423171628
907.0,1134.0,0.2870886075949367,-6.126539866569473,0.0392085696187199,6.126665328594067,0.13582642380788745,-26.926603324855353,0.006379446971307532,26.92660408056417,0.28704717935407115
908.0,1136.0,0.28759493670886077,-6.124611507844763,0.038859971267784295,6.124734787677866,0.13578362426611412,-26.990095098498344,0.004314842692476805,26.990095443400193,0.28772401987064344
909.0,1138.0,0.28810126582278484,-6.122821441857335,0.03851284462778798,6.122942564492114,0.13574389118899463,-27.05462963390129,0.00222870511391822,27.054629725699375,0.2884119782797393
910.0,1140.0,0.28860759493670884,-6.121168962478948,0.0381672046803213,6.121287952933493,0.13570720892241975,-27.120217959243345,0.00012042652099954571,27.12021795951072,0.2891111721869261
911.0,1142.0,0.2891139240506329,-6.119653365581421,0.03782306254730397,6.1197702488682095,0.13567356185594392,-27.186871412438677,-0.002010625162587412,27.18687148678731,0.2898217225014589
912.0,1144.0,0.289620253164557,-6.118273950126549,0.03748042580467213,6.11838875122492,0.13564293444701545,-27.2546016517187,-0.00416510665454498,27.254601969978964,0.290543753549202
913.0,1146.0,0.29012658227848104,-6.117030019158512,0.037139298770251995,6.117142762989886,0.1356153112430383,-27.323420666425076,-0.006343699665574298,27.32342140283589,0.29127739318779966
914.0,1148.0,0.29063291139240505,-6.1159208807069545,0.036799682768090286,6.116031592112582,0.1355906769014497,-27.39334078804151,-0.008547111321365555,27.39334212145153,0.29202277292439693
915.0,1150.0,0.2911392405063291,-6.114945848608332,0.036461576371290064,6.115054552329337,0.13556901620797968,-27.46437470149262,-0.010776074653922172,27.4643768155728,0.29278002803621056
916.0,1152.0,0.2916455696202532,-6.114104243252356,0.036124975625209235,6.1142109639118924,0.13555031409324647,-27.536535456737788,-0.01303134916157022,27.536538540205783,0.29354929769425014
917.0,1154.0,0.29215189873417724,-6.113395392259796,0.03578987425269937,6.1135001543471255,0.13553455564782588,-27.609836480688227,-0.015313721437395547,27.609840727545073,0.2943307250904889
918.0,1156.0,0.29265822784810125,-6.112818631097435,0.03545626384290897,6.11292145895378,0.13552172613592398,-27.68429158947558,-0.0176240058662308,27.684297199255234,0.29512445756878847
919.0,1158.0,0.2931645569620253,-6.11237330363535,0.035124134025032894,6.1124742214413565,0.13551181100776746,-27.759915001101007,-0.01996304539066489,27.759922179133248,0.29593064675988523
920.0,1160.0,0.2936708860759494,-6.112058762651302,0.03479347262826242,6.112157794415987,0.1355047959108188,-27.83672134849395,-0.022331712346903475,27.836730306181348,0.2967494487207511
921.0,1162.0,0.29417721518987344,-6.111874370286712,0.034464265829078584,6.111971539837757,0.13550066669991498,-27.914725693010666,-0.02473090937164684,27.914736648120257,0.2975810240786499
922.0,1164.0,0.29468354430379745,-6.1118194984581224,0.03413649828692577,6.111914829433423,0.1354994094464173,-27.993943538403414,-0.02716157038149697,27.993956715373834,0.2984255381802181
923.0,1166.0,0.2951898734177215,-6.111893529227955,0.03381015326921207,6.111987045068292,0.13550101044645585,-28.074390845291983,-0.029624661626737762,28.07440647555689,0.2992831612459104
924.0,1168.0,0.2956962025316456,-6.112095855137832,0.03348521276649898,6.112187579080593,0.1355054562283424,-28.156084046170545,-0.03212118282167292,28.156102368499184,0.3001540685301611
925.0,1170.0,0.29620253164556964,-6.112425879507626,0.03316165759866614,6.112515834581475,0.1355127335592212,-28.23904006098378,-0.034652168354057385,28.239061321839618,0.3010384404876233
926.0,1172.0,0.29670886075949365,-6.112883016703096,0.032839467512770545,6.112971225723515,0.135522829451022,-28.32327631330802,-0.03721868857649808,28.323300767226524,0.3019364629458699
927.0,1174.0,0.2972151898734177,-6.113466692374682,0.032518621273255575,6.113553177940316,0.1355357311657715,-28.40881074717424,-0.039821851183075456,28.408838657160807,0.30284832728494776
928.0,1176.0,0.2977215189873418,-6.114176343669907,0.032199096745111025,6.114261128159634,0.13555142622031854,-28.495661844571522,-0.042462802674796594,28.49569348252083,0.30377423062419884
929.0,1178.0,0.29822784810126585,-6.115011419421564,0.03188087097053282,6.115094524992232,0.13556990239052102,-28.583848643671903,-0.04514272991789402,28.583884290809895,0.30471437601678486
930.0,1180.0,0.29873417721518986,-6.115971380313772,0.0315639202395855,6.116052828898557,0.1355911477149408,-28.673390757818925,-0.047862861799383975,28.673430705168773,0.3056689726523681
931.0,1182.0,0.2992405063291139,-6.1170556990277225,0.031248220155330138,6.117135512335035,0.13561515049808723,-28.76430839532467,-0.05062447098472132,28.76435294419827,0.3066382360684263
932.0,1184.0,0.299746835443038,-6.118263860368879,0.030933745693837868,6.11834205988179,0.13564189931324855,-28.85662238012281,-0.0534288757828591,28.856671842639308,0.30762238837071015
933.0,1186.0,0.30025316455696205,-6.119595361377232,0.030620471259480038,6.1196719683533605,0.13567138300494652,-28.950354173327124,-0.05627744212447333,28.950408872960175,0.3086216584633712
934.0,1188.0,0.30075949367088606,-6.121049711422027,0.030308370735849757,6.121124746893853,0.13570359069104607,-29.045525895748373,-0.05917158565964918,29.045586167904045,0.3096362822893259
935.0,1190.0,0.3012658227848101,-6.122626432282357,0.02999741753264252,6.122699917057933,0.1357385117645503,-29.142160351425222,-0.06211277398185221,29.142226544052395,0.3106665030814503
936.0,1192.0,0.3017721518987342,-6.124325058214889,0.029687584628798336,6.124397012878892,0.13577613589511026,-29.240281052228262,-0.06510252898559599,29.24035352646372,0.31171257162523774
937.0,1194.0,0.30227848101265825,-6.126145136009812,0.029378844612180224,6.126215580924933,0.13581645303027223,-29.339912243599723,-0.06814242936584693,29.33999137445021,0.3127747465335871
938.0,1196.0,0.30278481012658226,-6.128086225036122,0.029071169716046775,6.128155180344744,0.1358594533964883,-29.4410789314954,-0.07123411326786575,29.441165108559062,0.31385329453443306
939.0,1198.0,0.3032911392405063,-6.13014789727722,0.028764531852551387,6.130215382903362,0.13590512749991138,-29.54380691059972,-0.07437928109693198,29.543900538829604,0.3149484907719777
940.0,1200.0,0.3037974683544304,-6.132329737357694,0.028458902643486418,6.132395773009204,0.1359534661269946,-29.648122793888845,-0.07757969849814876,29.648224294401352,0.316060619122322
941.0,1202.0,0.30430379746835445,-6.134631342562196,0.028154253448470935,6.134695947733163,0.1360044603449145,-29.754054043622272,-0.08083719951740281,29.754163854553546,0.3171899725243594
942.0,1204.0,0.30481012658227846,-6.137052322847104,0.027850555390765926,6.137115516820472,0.13605810150183417,-29.861629003848368,-0.08415368995545146,29.861747581262073,0.31833685332684325
943.0,1206.0,0.3053164556962025,-6.139592300845744,0.027547779380888558,6.139654102696108,0.13611438122702293,-29.97087693451471,-0.08753115092810006,29.97100475336469,0.3195015736526007
944.0,1208.0,0.3058227848101266,-6.142250911867821,0.02724589613818012,6.142311340464389,0.1361732914308476,-30.081828047281235,-0.09097164264653723,30.08196560243299,0.3206844557809409
945.0,1210.0,0.30632911392405066,-6.145027803893663,0.026944876210474287,6.145086877903369,0.13623482430464798,-30.194513543139742,-0.09447730843303856,30.19466135045495,0.32188583254936337
946.0,1212.0,0.30683544303797466,-6.147922637563861,0.026644689991999357,6.147980375454606,0.1362989723205102,-30.30896565195137,-0.09805037898855534,30.309124249439932,0.32310604777576263
947.0,1214.0,0.30734177215189873,-6.1509350861648135,0.026345307739637325,6.150991506208835,0.13636572823094914,-30.425217674021486,-0.1016931769300917,30.425387623066094,0.32434545670240356
948.0,1216.0,0.3078481012658228,-6.1540648356106695,0.026046699587655785,6.154119955888022,0.1364350850685103,-30.543304023839323,-0.1054081216172985,30.543485910497875,0.32560442646303184
949.0,1218.0,0.30835443037974686,-6.1573115844221515,0.02574883556101745,6.157365422824276,0.13650703614530255,-30.663260276120045,-0.10919773428938405,30.66345471251169,0.32688333657458984
950.0,1220.0,0.30886075949367087,-6.160675043702588,0.025451685587365897,6.1607276179359785,0.13658157505246885,-30.78512321429581,-0.1130646435352649,30.78533084007694,0.3281825794551079
951.0,1224.6,0.3100253164556962,-6.164154937111669,0.02515521950777822,6.164206264701616,0.136658695659606,-30.90893088161411,-0.11701159112188128,30.909152365551137,0.32950256096946234
952.0,1229.2,0.31118987341772153,-6.167751000837156,0.024859407086368784,6.167801099131556,0.13673839211413916,-31.034722635013374,-0.121041438207799,31.034958676659695,0.3308437010048194
953.0,1233.8,0.3123544303797468,-6.171462983564981,0.02456421801882151,6.171511869738212,0.13682065884066025,-31.162539201958435,-0.12515717197163073,31.162790533443765,0.33220643407771905
954.0,1238.4,0.3135189873417722,-6.175290646447974,0.024269621939923276,6.175338337504832,0.13690549054023596,-31.292422740432876,-0.12936191268745362,31.292690128373668,0.3335912099749062
955.0,1243.0,0.31468354430379747,-6.179233763073538,0.02397558843016553,6.17928027585321,0.13699288218969205,-31.424416902300432,-0.13365892128232898,31.42470114984108,0.3349984944301793
956.0,1247.6,0.31584810126582274,-6.183292119430545,0.02368208702147528,6.183337470610639,0.1370828290408807,-31.55856690026419,-0.13805160741423617,31.558868849259476,0.3364287698397053
957.0,1252.2,0.31701265822784813,-6.187465513875636,0.023389087202133566,6.187509719976239,0.1371753266199339,-31.69491957867093,-0.14254353811228695,31.695240112021164,0.33788253601844714
958.0,1256.8,0.3181772151898734,-6.19175375709926,0.02309655842093477,6.191796834487038,0.13727037072651158,-31.833523488427392,-0.14713844702499557,31.833863532578814,0.33936031100055897
959.0,1261.4,0.31934177215189874,-6.1961566720915675,0.022804470090635607,6.196198636983885,0.1373679574330459,-31.97442896631739,-0.15184024432672547,31.974789493941532,0.34086263188684285
960.0,1266.0,0.32050632911392407,-6.200674094108385,0.02251279159074005,6.200714962577465,0.13746808308398764,-32.117688219032665,-0.15665302733721642,32.11807025189969,0.34239005574261555
961.0,1270.6,0.32167088607594935,-6.2053058706375,0.022221492269662888,6.205345658614588,0.13757074429505922,-32.26335541225535,-0.16158109191441394,32.263760024317854,0.343943160549603
962.0,1275.2,0.3228354430379747,-6.210051861365341,0.02193054144631067,6.2100905846449015,0.13767593795251637,-32.41148676516066,-0.16662894468673572,32.41191508586606,0.34552254621580886
963.0,1279.8,0.324,-6.214911938144279,0.021639908411117174,6.214949612388206,0.13778366121242352,-32.56214065073769,-0.1718013161974406,32.56259386858902,0.3471288356476184
964.0,1284.4,0.32516455696202534,-6.219885984960692,0.021349562426567173,6.219922625702529,0.13789391149994631,-32.71537770236206,-0.17710317504107906,32.71585706874907,0.34876267588878257
965.0,1289.0,0.3263291139240506,-6.224973897903872,0.021059472727239705,6.225009520553047,0.13800668650866238,-32.871260927091924,-0.18253974308011436,32.871767760416596,0.3504247393313319
966.0,1293.6,0.32749367088607595,-6.230175585135975,0.02076960851940037,6.230210204982047,0.1381219841998954,-33.029855826200404,-0.18811651183886288,33.030391516323434,0.352115725003917
967.0,1298.2,0.3286582278481013,-6.235490966863085,0.020479938980169216,6.235524599079997,0.13823980280207393,-33.19123052350415,-0.19383926018203312,33.1917965365417,0.3538363599435707
968.0,1302.8,0.32982278481012656,-6.240919975307531,0.020190433256289848,6.240952634957874,0.13836014081011755,-33.35545590209861,-0.19971407339644312,33.356053785601766,0.3555874006574341
969.0,1307.4,0.33098734177215194,-6.246462554681516,0.019901060462522397,6.246494256720794,0.13848299698485264,-33.522605750166434,-0.2057473638071846,33.523237138719246,0.35736963468158905
970.0,1312.0,0.3321518987341772,-6.2521186611622275,0.019611789679682065,6.252149420443133,0.13860837035246074,-33.692756916589204,-0.21194589307371775,33.69342353786508,0.3591838822448196
971.0,1316.6,0.3333164556962025,-6.257888262868463,0.019322589952343122,6.257918094145156,0.1387362602039601,-33.86598947716004,-0.2183167963273496,33.86669315848055,0.36103099804585453
972.0,1321.2,0.3344810126582279,-6.263771339838837,0.0190334302862268,6.263800257771226,0.13886666609472312,-34.04238691227314,-0.22486760832950725,34.043129587718305,0.36291187315347934
973.0,1325.8,0.33564556962025316,-6.269767884011747,0.018744279645290053,6.269795903169781,0.13899958784403182,-34.22203629705016,-0.23160629185049011,34.22282001517472,0.3648274370398114
974.0,1330.4,0.3368101265822785,-6.2758778992070345,0.0184551069485306,6.275905034074989,0.13913502553467177,-34.40502850495988,-0.23854126849119955,34.40585543717632,0.36677865975806584
975.0,1335.0,0.3379746835443038,-6.282101401109542,0.018165881066523015,6.282127666090318,0.1392729795125674,-34.591458426091386,-0.24568145219619583,34.59233087578752,0.368766554277256
976.0,1339.6,0.3391392405063291,-6.2884384172545476,0.017876570817699573,6.288463826673975,0.13941345038645925,-34.78142520136109,-0.2530362857356676,34.782345613827935,0.3707921789875616
977.0,1344.2,0.34030379746835443,-6.294888987015163,0.017587144964387246,6.294913555126296,0.13955643902762466,-34.9750324740648,-0.260615780467082,34.97600344731965,0.37285664039150596
978.0,1348.8,0.34146835443037976,-6.301453161591766,0.017297572208612853,6.301476902579203,0.13970194656964366,-35.17238866033349,-0.26843055972496654,35.17341295693311,0.37496109599766686
979.0,1353.4,0.3426329113924051,-6.308131004003495,0.017007821187686435,6.308153931987684,0.13984997440821054,-35.37360724021876,-0.27649190623020004,35.3746878001696,0.3771067574354443
980.0,1358.0,0.34379746835443037,-6.3149225890819105,0.016717860469572774,6.314944718123482,0.14000052420099335,-35.578807071317534,-0.2848118139591177,35.57994702620291,0.379294893811386
981.0,1362.6,0.3449620253164557,-6.321828003466791,0.01642765854805905,6.321849347570875,0.14015359786754092,-35.78811272705763,-0.2934030449686931,35.78931541551726,0.3815268353298475
982.0,1367.2,0.34612658227848103,-6.328847345604201,0.016137183837726936,6.328867918724766,0.14030919758924026,-36.00165486199957,-0.30227919173807266,36.002923846714104,0.38380397720328413
983.0,1371.8,0.3472911392405063,-6.335980725746804,0.01584640466873681,6.336000541791006,0.14046732580932364,-36.21957060677739,-0.31145474566024706,36.220909693130665,0.3861277838803448
984.0,1376.4,0.3484556962025317,-6.343228265956508,0.01555528928142941,6.34324733878904,0.14062798523292733,-36.442003995602754,-0.3209451724021307,36.44341725221738,0.38849979362318876
985.0,1381.0,0.34962025316455697,-6.35059010010948,0.015263805820752124,6.350608443556938,0.14079117882720324,-36.66910642959688,-0.33076699494868544,36.67059821096529,0.39092162346910725
986.0,1385.6,0.35078481012658225,-6.358066373903538,0.014971922330514701,6.358084001758797,0.14095690982148285,-36.901037179603655,-0.34093788525919355,36.902612151067245,0.3933949746157216
987.0,1390.2,0.35194936708860763,-6.36565724486801,0.014679606747478266,6.365674170894615,0.1411251817074962,-37.13796393257826,-0.3514767655939912,37.13962709794265,0.39592163827378185
988.0,1394.8,0.3531139240506329,-6.373362882376049,0.014386826895283597,6.373379120312618,0.14129599823964525,-37.3800633861472,-0.36240392072099853,37.38182011826252,0.39850350203699747
989.0,1399.4,0.35427848101265824,-6.381183467659482,0.014093550478220779,6.38119903122413,0.14146936343533326,-37.62752189651178,-0.37374112238720847,37.62937797119475,0.4011425568245426
990.0,1404.0,0.3554430379746835,-6.389119193826198,0.013799745074844138,6.3891340967209675,0.1416452815753509,-37.88053618552441,-0.3855117676452578,37.88249781925444,0.4038409044589742
991.0,1408.6,0.35660759493670885,-6.397170265880136,0.01350537813143526,6.3971845217954595,0.1418237572043196,-38.13931411352198,-0.3977410328649421,38.14138800540853,0.4066007659504432
992.0,1413.2,0.3577721518987342,-6.405336900743883,0.013210416955316441,6.405350523363057,0.14200479513119307,-38.4040755253693,-0.4104560455406422,38.406268903963976,0.4094244905674659
993.0,1417.8,0.35893670886075946,-6.413619327283942,0.012914828708015774,6.4136323302876255,0.14218840042981803,-38.67505317816903,-0.4236860763363306,38.67737385378542,0.4123145657853557
994.0,1422.4,0.36010126582278484,-6.42201778633869,0.012618580398286693,6.42203018340943,0.14237457843955442,-38.95249376025103,-0.4374627541996696,38.95495018356085,0.4152736282159207
995.0,1427.0,0.3612658227848101,-6.430532530749052,0.012321638874982306,6.430544335575829,0.14256333476595612,-39.23665901239887,-0.45182030783822535,39.23926034019801,0.41830447563656953
996.0,1431.6,0.3624303797468354,-6.43916382539195,0.012023970819785018,6.439175051674754,0.1427546752815131,-39.52782696383276,-0.46679583739838476,39.53058313301888,0.4214100802538685
997.0,1436.2,0.3635949367088608,-6.4479119472165385,0.01172554273979296,6.447922608670975,0.1429486061264553,-39.82629329728792,-0.4824296208397339,39.82921510826775,0.424593603356286
998.0,1440.8,0.36475949367088606,-6.456777185283277,0.01142632095996287,6.4567872956452055,0.14314513370961976,-40.13237285965609,-0.4987654602769145,40.13547207061137,0.42785841153392534
999.0,1445.4,0.3659240506329114,-6.46575984080585,0.011126271615408655,6.465769413836048,0.14334426470938044,-40.446401337156104,-0.5158510744955942,40.44969077084967,0.43120809467012183
1000.0,1450.0,0.3670886075949367,-6.474860227196018,0.010825360643556426,6.474869276684892,0.14354600607464355,-40.76873711693412,-0.5337385449739813,40.772230782041746,0.43464648594161315
1001.0,1462.5,0.370253164556962,-6.484078670111363,0.010523553776154354,6.484087209883687,0.1437503650259068,-41.0997633604638,-0.5524848241007438,41.10347658978476,0.43817768410165614
1002.0,1475.0,0.37341772151898733,-6.493415507506038,0.010220816531136701,6.49342355142574,0.14395734905638538,-41.43989031822291,-0.5721523159293647,41.44383992656771,0.44180607836506813
1003.0,1487.5,0.37658227848101267,-6.5028710896845,0.00991711420434058,6.50287865165948,0.14416696593320422,-41.789557920005834,-0.5928095418184011,41.79376238510231,0.44553637626726444
1004.0,1500.0,0.379746835443038,-6.512445779358299,0.009612411861074244,6.512452873345304,0.14437922369865783,-42.149238681056374,-0.6145319057662447,42.15371835147955,0.4493736349327504
1005.0,1512.5,0.3829113924050633,-6.522139951705954,0.009306674327534495,6.52214659171549,0.14459413067153884,-42.519440971185865,-0.6374025772723181,42.524218306133186,0.45332329626456686
1006.0,1525.0,0.3860759493670886,-6.531953994435927,0.008999866182072155,6.531960194537223,0.1448116954485352,-42.90071270243124,-0.6615135132915155,42.90581254917348,0.4573912266576733
1007.0,1537.5,0.38924050632911394,-6.541888307852777,0.008691951746302082,6.5418940821788025,0.145031926905698,-43.293645500949616,-0.6869666454863569,43.299095417039666,0.46158376194996276
1008.0,1550.0,0.3924050632911392,-6.5519433049265166,0.00838289507605633,6.551948667679048,0.14525483419998014,-43.69887944113943,-0.7138752647697549,43.70471007002436,0.46590775845897575
1009.0,1562.5,0.39556962025316456,-6.56211941136518,0.008072659952177137,6.562124376819934,0.14548042677084655,-44.11710843497156,-0.7423656423974062,44.123353945615364,0.4703706511164645
1010.0,1575.0,0.3987341772151899,-6.572417065690709,0.0077612098711470024,6.57242164820252,0.14570871434195776,-44.549086387868044,-0.7725789360423952,44.55578499147048,0.474980519914121
1011.0,1587.5,0.40189873417721517,-6.582836719318148,0.007448508035552191,6.582840933326223,0.1459397069229271,-44.99563425506647,-0.8046734409386118,45.00282881511187,0.4797461661218631
1012.0,1600.0,0.4050632911392405,-6.593378836638226,0.007134517344377053,6.5933826966714575,0.14617341481115295,-45.45764816036895,-0.8388272610804492,45.465386916266596,0.48467720004751447
1013.0,1612.5,0.40822784810126583,-6.60404389510333,0.006819200383124859,6.604047415785673,0.14640984859372613,-45.93610877397725,-0.8752414946502891,45.94444620374292,0.4897841424900895
1014.0,1625.0,0.41139240506329117,-6.614832385316966,0.006502519413761371,6.614835581372893,0.146649019149415,-46.43209218967516,-0.9141440527222277,46.441090043835324,0.49507854251972416
1015.0,1637.5,0.41455696202531644,-6.625744811126745,0.006184436364477676,6.625747697386774,0.1468909376507284,-46.94678259648279,-0.955794262798505,46.95651114418764,0.5005731148242389
1016.0,1650.0,0.4177215189873418,-6.636781689720885,0.005864912819266963,6.636784281127177,0.14713561556605678,-47.48148710945815,-1.0004884515614678,47.4920266494003,0.5062819006336838
1017.0,1662.5,0.4208860759493671,-6.647943551728398,0.005543910007311586,6.647945863340446,0.14738306466189538,-48.037653213085306,-1.0485667581322657,48.049095917268886,0.5122204572213649
1018.0,1675.0,0.4240506329113924,-6.6592309413228765,0.005221388792175514,6.6592329883232715,0.14763329700514652,-48.616889384796266,-1.1004215054463007,48.62934156394845,0.518406082252784
1019.0,1687.5,0.4272151898734177,-6.670644416330078,0.004897309660796614,6.670646214030359,0.14788632496550708,-49.22098961396709,-1.1565075607117972,49.234574521531506,0.5248580809083344
1020.0,1700.0,0.43037974683544306,-6.682184548339216,0.00457163271227458,6.682186112185819,0.1481421612179376,-49.8519627246656,-1.2173552573602069,49.86682405491722,0.5315980858738063
1021.0,1712.5,0.43354430379746833,-6.693851922818153,0.004244317646448159,6.693853268398446,0.14840081874521807,-50.51206766441998,-1.2835866466395733,50.52837395379326,0.538650443159789
1022.0,1725.0,0.43670886075949367,-6.705647139232459,0.00391532375225684,6.705648282280882,0.14866231084058987,-51.20385625855208,-1.3559361211586993,51.22180647449996,0.5460426805375769
1023.0,1737.5,0.439873417721519,-6.717570811168429,0.0035846098958805038,6.717571767572727,0.1489266511104849,-51.93022538161146,-1.4352768416628439,51.95005609041415,0.5538060805373837
1024.0,1750.0,0.4430379746835443,-6.729623566460189,0.003252134508651096,6.729624352267757,0.1491938534773462,-52.69448110894605,-1.5226549579234254,52.716475768605406,0.5619763869810787
1025.0,1762.5,0.4462025316455696,-6.7418060473207815,0.002917855574730727,6.741806678745113,0.14946393218253626,-53.50041824690973,-1.6193344318944698,53.52491939831942,0.5705946836991442
1026.0,1775.0,0.44936708860759494,-6.754118910477538,0.002581730618548152,6.754119403904796,0.14973690178934077,-54.352419793197406,-1.7268564844674172,54.37984526176867,0.5797084975661176
1027.0,1787.5,0.4525316455696203,-6.7665628273115965,0.002243716691988422,6.7665631993072894,0.15001277718606423,-55.255582486055445,-1.8471195201714041,55.28644722167518,0.5893731970064707
1028.0,1800.0,0.45569620253164556,-6.779138484001757,0.0019037703613273829,6.7791387513175465,0.150291573589222,-56.21587686359788,-1.982488207605779,56.25082284763926,0.5996537842815152
1029.0,1812.5,0.4588607594936709,-6.791846581672724,0.0015618476939044494,6.791846761253355,0.15057330654682946,-57.24035346752726,-2.1359448349439627,57.28019138782083,0.610627219145075
1030.0,1825.0,0.4620253164556962,-6.8046878365477985,0.0012179042445257266,6.804687945538157,0.15085799194179011,-58.337411420007456,-2.3113032098581483,58.38317988697701,0.6223854689635618
1031.0,1837.5,0.4651898734177215,-6.817662980106102,0.0008718950415898386,6.817663035858415,0.15114564599538433,-59.51715219095625,-2.5135171783815333,59.57020373918044,0.6350395655433434
1032.0,1850.0,0.46835443037974683,-6.830772759244429,0.0005237745729280468,6.8307727793255975,0.15143628527086028,-60.791850772229424,-2.7491358783125293,60.85397988948986,0.648725076043137
1033.0,1862.5,0.47151898734177217,-6.844017936443816,0.00017349677135021933,6.8440179386428985,0.15172992667713037,-62.176589589328,-3.026992921961504,62.250228747445874,0.6636095856215992
1034.0,1875.0,0.47468354430379744,-6.857399289940901,-0.0001789850001114715,6.857399292276744,0.1520265874725734,-63.69011765936689,-3.3592801956985197,63.7786472959188,0.6799030711238528
1035.0,1887.5,0.4778481012658228,-6.8709176139041475,-0.0005337179632705602,6.870917634633173,0.15232628526894476,-65.35601607701163,-3.7632761377335635,65.46427334621104,0.6978724445262487
1036.0,1900.0,0.4810126582278481,-6.884573718615088,-0.0008907499401760525,6.8845737762392405,0.1526290380353982,-67.20425654841355,-4.264230834270137,67.3394072058325,0.7178620385985353
1037.0,1912.5,0.48417721518987344,-6.898368430654604,-0.001250129368831662,6.898368543929463,0.15293486410261925,-69.27317640200967,-4.900381664438298,69.44628650461529,0.7403221215018827
1038.0,1925.0,0.4873417721518987,-6.912302593094429,-0.0016119053192570228,6.912302781037498,0.1532437821670747,-71.61155700995579,-5.732060978987635,71.84059869222264,0.7658463412619916
1039.0,1937.5,0.49050632911392406,-6.926377065693882,-0.0019761275098984957,6.926377347593049,0.15355581129537788,-74.27913711721499,-6.858946939689743,74.59514303223438,0.7952107639288963
1040.0,1950.0,0.4936708860759494,-6.940592725102029,-0.002342846324402637,6.940593120524218,0.15387097092877486,-77.3387414749448,-8.45360513106486,77.79938542585225,0.8293691278392806
1041.0,1982.5,0.5018987341772152,-6.954950465065325,-0.0027121128287614918,6.954950993865332,0.1541892808877518,-80.81410050985195,-10.823964423709231,81.53574091809173,0.8692000066943525
1042.0,2015.0,0.5101265822784811,-6.9694511966408665,-0.003083978788842546,6.969451878970395,0.15451076137676714,-84.52573233563886,-14.49149207965342,85.75898069339866,0.914221245228951
1043.0,2047.5,0.5183544303797468,-6.984095848415385,-0.0034584966883138184,6.984096704732284,0.15483543298911118,-87.65562751936713,-20.024889458431073,89.91387675790882,0.9585139154913639
1044.0,2080.0,0.5265822784810127,-6.998885366730058,-0.0038357197469771355,6.998886417807773,0.15516331671189473,-88.7465610203849,-26.944343104805522,92.74669653574935,0.9887127821740918
1045.0,2112.5,0.5348101265822784,-7.01382071591135,-0.004215701939522218,7.013821982848584,0.15549443393117152,-87.50122457441134,-33.80839335644206,93.80549964349363,1.0
1046.0,2145.0,0.5430379746835443,-7.028902878507896,-0.004598498014713707,7.0289043827385065,0.15582880643719488,-84.14201400044534,-39.42085555607334,92.91868688710542,0.9905462605096876
1047.0,2177.5,0.5512658227848102,-7.044132855533685,-0.00498416351502558,7.044134618836802,0.15616645642981428,-80.26836193373919,-43.100735599262535,91.1080860117437,0.9712446110089344
1048.0,2210.0,0.5594936708860759,-7.059511666717539,-0.005372754796736335,7.059513711227931,0.15650740652401138,-76.5056468479486,-45.45542033410928,88.99050082662521,0.9486703995483449
1049.0,2242.5,0.5677215189873418,-7.075040350759186,-0.005764329050499138,7.07504269897787,0.15685167975558265,-73.25689336619895,-47.08328679846646,87.08276707485409,0.9283332790274644
1050.0,2275.0,0.5759493670886076,-7.0907199655919575,-0.006158944322403,7.090722640397069,0.1571992995869691,-70.35671624768223,-48.127289647725455,85.24261569187641,0.9087166106021468
1051.0,2307.5,0.5841772151898734,-7.106551588652305,-0.006556659535538184,7.106554613310227,0.15755028991323702,-67.77930110399109,-48.98503203864719,83.62754941986988,0.8914994295397937
1052.0,2340.0,0.5924050632911393,-7.12253631715627,-0.006957534512084091,7.122539715333042,0.15790467506821354,-65.54492233157896,-49.54837605038196,82.16555490400332,0.8759140478572394
1053.0,2372.5,0.600632911392405,-7.138675268383125,-0.007361629995934735,7.138679064156133,0.1582624798307811,-63.42892152412354,-50.02074615430296,80.77934842239468,0.8611365935834825
1054.0,2405.0,0.6088607594936709,-7.15496957996627,-0.0077690076758787675,7.154973797836227,0.15862372943133288,-61.61497345736204,-50.40434621800208,79.60529550108868,0.848620771741821
1055.0,2437.5,0.6170886075949367,-7.171420410191616,-0.008179730209352754,7.1714250750948505,0.15898844955839483,-59.85965537374856,-50.648113506639156,78.41179594452196,0.8358976418496229
1056.0,2470.0,0.6253164556962025,-7.1880289383036375,-0.008593861246784849,7.188034075624687,0.15935666636541743,-58.28834213677037,-50.939502967124575,77.41035971748802,0.8252219753818799
1057.0,2502.5,0.6335443037974684,-7.204796364819204,-0.009011465456547954,7.204802000403737,0.1597284064777406,-56.8308580042821,-51.069514007486426,76.40576995530984,0.814512691107545
1058.0,2535.0,0.6417721518987342,-7.22172391184947,-0.009432608550542544,7.22173007201754,0.16010369699973723,-55.412223197607915,-51.26578569552842,75.48970302419637,0.8047470917067107
1059.0,2567.5,0.65,-7.238812823429951,-0.009857357310428663,7.2388195349896,0.16048256552213858,-54.17386506450816,-51.36694393851854,74.65501045214879,0.7958489719246102
1060.0,2600.0,0.6582278481012658,-7.256064365859052,-0.010285779614528381,7.256071656120259,0.16086504012954722,-52.891468772507906,-51.45377892395803,73.79023535989519,0.7866301617744574
1061.0,2632.5,0.6664556962025316,-7.27347982804518,-0.010717944465420614,7.273487724834195,0.16125114940814056,-51.78389432200793,-51.55431611213115,73.07132967821532,0.7789663714379413
1062.0,2665.0,0.6746835443037975,-7.291060521862707,-0.011153922018249711,7.2910690535367495,0.16164092245357095,-50.65905528742094,-51.54276431920405,72.2703012051215,0.7704271229275862
1063.0,2697.5,0.6829113924050633,-7.308807782517006,-0.011593783609772984,7.308816977979373,0.1620343888790673,-49.63521484004757,-51.62139286057489,71.61300687084359,0.7634201314742498
1064.0,2730.0,0.6911392405063291,-7.326722968918757,-0.012037601788169287,7.326732857634329,0.16243157882374204,-48.69132109610742,-51.57421708115582,70.92774222840045,0.7561149665846912
1065.0,2762.5,0.6993670886075949,-7.344807464067806,-0.012485450343635024,7.344818076078973,0.16283252296111084,-47.738072323537786,-51.62514408162663,70.31414545179393,0.7495738066426998
1066.0,2795.0,0.7075949367088608,-7.363062675446747,-0.012937404339792439,7.3630740413897815,0.16323725250782775,-46.925878172422316,-51.61800903481317,69.75999497542324,0.7436663654108238
1067.0,2827.5,0.7158227848101266,-7.3814900354245845,-0.01339354014593848,7.381502186546454,0.16364579923264416,-46.03149625642614,-51.62686448612205,69.16814139669928,0.7373569956939813
1068.0,2860.0,0.7240506329113924,-7.400091001670657,-0.013853935470160329,7.400103969846305,0.16405819546559589,-45.27842951356027,-51.668273670631834,68.70041254110308,0.7323708396863505
1069.0,2892.5,0.7322784810126582,-7.418867057579088,-0.014318669393347416,7.418880875329203,0.16447447410742372,-44.46367559790868,-51.63113370074464,68.13803941191901,0.7263757420500567
1070.0,2925.0,0.740506329113924,-7.437819712704122,-0.014787822404129921,7.437834413213397,0.16489466863923571,-43.72454392251194,-51.696043496017396,67.70758195633483,0.7217869124268457
1071.0,2957.5,0.7487341772151899,-7.456950503206571,-0.015261476434774887,7.4569661203424875,0.1653188131324164,-43.00292826149303,-51.641444091745534,67.20186446032577,0.7163957839969451
1072.0,2990.0,0.7569620253164557,-7.476260992311621,-0.01573971489807039,7.47627756064376,0.16574694225878786,-42.262483095727454,-51.69289552919316,66.77029972681511,0.7117951503970944
1073.0,3022.5,0.7651898734177215,-7.4957527707784815,-0.01622262272523476,7.4957703255983885,0.16617909130103406,-41.62014912792911,-51.65583181025029,66.33673019858549,0.7071731449722801
1074.0,3055.0,0.7734177215189874,-7.515427457381974,-0.01671028640488134,7.515446034723595,0.1666152961633901,-40.89117870605714,-51.665247071339024,65.8891967693734,0.702402279394964
1075.0,3087.5,0.7816455696202531,-7.535286699406556,-0.01720279402307773,7.53530633606727,0.16705559338260795,-40.293992681762,-51.66443635728845,65.51961408886807,0.698462396531913
1076.0,3120.0,0.789873417721519,-7.555332173153079,-0.017700235304536245,7.555352906715336,0.1675000201392044,-39.6021116706785,-51.62529026194034,65.06533519014931,0.6936196218497757
1077.0,3152.5,0.7981012658227848,-7.575565584458556,-0.018202701654972786,7.575587453312149,0.1679486142689983,-39.013325989564294,-51.65508500801694,64.73242936854348,0.690070727351361
1078.0,3185.0,0.8063291139240506,-7.595988669229414,-0.018710286204677073,7.596011712594413,0.16840141427494731,-38.37849620515065,-51.5822827208845,64.29339671899457,0.6853904831096327
1079.0,3217.5,0.8145569620253165,-7.616603193988555,-0.01922308385333351,7.616627451938914,0.16885845933929094,-37.774023162424015,-51.61823681786293,63.9634207814148,0.6818728222173199
1080.0,3250.0,0.8227848101265823,-7.637410956436619,-0.01974119131613807,7.637436469924492,0.16931978933600936,-37.198507075000414,-51.53638042333678,63.558850176413245,0.677559955631255
1081.0,3202.0,0.810632911392405,-7.658413786027833,-0.02026470717125491,7.65844059690861,0.16978544484360572,-36.57304117149411,-51.54680546570183,63.203326607471475,0.6737699478993744
1082.0,3154.0,0.7984810126582278,-7.679613544560902,-0.020793731908660438,7.679641695619005,0.17025546715822296,-36.03975974020049,-51.47331526925242,62.836028414749684,0.6698544184888633
1083.0,3106.0,0.7863291139240506,-7.701012126785378,-0.021328367980423975,7.70104166176084,0.17072989830710414,-35.404930728865665,-51.426590141174884,62.43559316178683,0.6655856362267921
1084.0,3058.0,0.7741772151898734,-7.7226114610239085,-0.021868719852474756,7.722642424639756,0.1712087810624053,-34.891027245375405,-51.35222212136422,62.084092157649025,0.6618385104668563
1085.0,3010.0,0.7620253164556962,-7.744413509810857,-0.022414894057908367,7.744445947801337,0.17169215895537235,-34.28735947054839,-51.214757188413955,61.63257558573066,0.6570251831711822
1086.0,2962.0,0.7498734177215189,-7.766420270547795,-0.022966999251887787,7.766454229687465,0.17218007629089208,-33.818221945699854,-51.11649486965995,61.29084909942582,0.6533822572488902
1087.0,2914.0,0.7377215189873417,-7.78863377617631,-0.023525146268195917,7.788669304310036,0.17267257816242837,-33.32727816291062,-50.92609148047525,60.86192786320323,0.6488098042706245
1088.0,2866.0,0.7255696202531645,-7.811056095868734,-0.024089448177499386,7.811093241942616,0.17316971046735602,-32.91841648091645,-50.85505939649141,60.5793629038119,0.6457975612735165
1089.0,2818.0,0.7134177215189873,-7.833689335737192,-0.02466002034738389,7.833728149830459,0.17367151992270166,-32.52970721688036,-50.70424174302814,60.24202837182191,0.6422014551467752
1090.0,2770.0,0.7012658227848101,-7.856535639561655,-0.025236980504227215,7.856576172919565,0.17417805408130657,-32.11903408464907,-50.68340491534553,60.00366559089303,0.6396604230981771
1091.0,2722.0,0.6891139240506329,-7.879597189537515,-0.025820448796976685,7.879639494605295,0.17468936134842353,-31.766255723810072,-50.58508444560145,59.732284160905195,0.6367674005033483
1092.0,2674.0,0.6769620253164557,-7.902876207043238,-0.026410547862899026,7.902920337501102,0.17520549099875915,-31.330886253921598,-50.56752139116329,59.486962042971484,0.6341521794463094
1093.0,2626.0,0.6648101265822784,-7.926374953428813,-0.027007402895378067,7.926420964228104,0.17572649319397868,-30.992568073221225,-50.50915217369521,59.259714216985145,0.6317296367718396
1094.0,2578.0,0.6526582278481012,-7.950095730825494,-0.02761114171383256,7.950143678225978,0.17625241900068306,-30.54705681158212,-50.47052842539174,58.99488892597647,0.6289065049510494
1095.0,2530.0,0.640506329113924,-7.974040882977655,-0.028221894835836984,7.9740908245860345,0.17678332040887812,-30.20762127733505,-50.44566355118628,58.79851489922504,0.6268130879605984
1096.0,2482.0,0.6283544303797468,-7.998212796097303,-0.028839795551523602,7.998264790906968,0.17731925035094634,-29.768383270943012,-50.38042743637542,58.5178956494306,0.6238215869200312
1097.0,2434.0,0.6162025316455696,-8.022613899742035,-0.02946498000035379,8.022668008174122,0.17786026272113972,-29.412743445895764,-50.378858649048375,58.336428377085966,0.6218870812350307
1098.0,2386.0,0.6040506329113924,-8.04724666771723,-0.03009758725034828,8.04730295166302,0.17840641239561106,-28.99039103387212,-50.291080371027064,58.048561887284656,0.6188183220375919
1099.0,2338.0,0.5918987341772152,-8.07211361900307,-0.030737759379867263,8.072172141867796,0.17895775525299673,-28.606781283920487,-50.29715295331725,57.86321396738565,0.6168424472690185
1100.0,2290.0,0.579746835443038,-8.097217318707372,-0.031385641562039414,8.097278145455476,0.17951434819557308,-28.20333266979047,-50.19349246344793,57.57442713011633,0.6137638768401328
1101.0,2242.0,0.5675949367088607,-8.122560379044966,-0.03204138215194131,8.122623576246859,0.180076249171002,-27.784407114466248,-50.186260623983166,57.36404827172474,0.6115211633618065
1102.0,2194.0,0.5554430379746835,-8.148145460344454,-0.03270513277663115,8.148211096224856,0.18064351719468594,-27.39302159810848,-50.067301818646335,57.07111654483259,0.6083984069348866
1103.0,2146.0,0.5432911392405063,-8.173975272083318,-0.03337704842815009,8.174043416571221,0.18121621237275137,-26.93672653563573,-50.01589761144255,56.80824984396128,0.6055961543817812
1104.0,2098.0,0.5311392405063291,-8.200052573952258,-0.034057287559604146,8.200123298732585,0.18179439592568294,-26.55006021216057,-49.85990824167467,56.48819475906067,0.6021842533086353
1105.0,2050.0,0.5189873417721519,-8.226380176949661,-0.034746012184447866,8.226453555516681,0.18237813021262628,-26.081551425195766,-49.7078249935619,56.13479482759074,0.5984168843077451
1106.0,2042.0,0.5169620253164557,-8.252960944507347,-0.03544338797909641,8.25303705221993,0.18296747875638614,-25.753689018599722,-49.46786845141544,55.770265439508954,0.5945308713397722
1107.0,2034.0,0.5149367088607595,-8.279797793648486,-0.03614958438899649,8.27987670778725,0.18356250626913934,-25.399454666345928,-49.21086533922806,55.37907154136298,0.5903606052079069
1108.0,2026.0,0.5129113924050633,-8.30689369617882,-0.03686477473829376,8.306975496005265,0.18416327867888754,-25.22639678095982,-48.98182364834648,55.09618990881433,0.5873449863622769
1109.0,2018.0,0.5108860759493671,-8.334251679912361,-0.03758913634324142,8.33433644673006,0.18476986315667646,-25.011417018873917,-48.77229333110461,54.81156427312878,0.5843107758227322
1110.0,2010.0,0.5088607594936709,-8.361874829932617,-0.038322850629498174,8.361962647150548,0.18538232814460423,-24.89869292261989,-48.66984931189093,54.668996161417596,0.582790949029495
1111.0,2002.0,0.5068354430379747,-8.389766289890666,-0.03906610325347467,8.389857243088777,0.18600074338464886,-24.705619547934806,-48.53802223364227,54.46381587440279,0.5806036541715753
1112.0,1994.0,0.5048101265822785,-8.417929263341264,-0.03981908422789136,8.418023440338352,0.18662517994834069,-24.56421844447066,-48.51228101944772,54.376853876420064,0.5796766083340367
1113.0,1986.0,0.5027848101265823,-8.44636701511839,-0.04058198805172123,8.446464506042405,0.1872557102673117,-24.369071169661588,-48.41001675165561,54.19761389182746,0.5777658463288897
1114.0,1978.0,0.5007594936708861,-8.47508287275143,-0.04135501384469506,8.475183770112288,0.18789240816474714,-24.192751799595907,-48.417131823640744,54.12492857884116,0.5769909950327233
1115.0,1970.0,0.49873417721518987,-8.504080227923668,-0.04213836548656118,8.504184626688684,0.18853534888777843,-24.00297084039531,-48.328708131514944,53.96115861270981,0.5752451489282439
1116.0,1962.0,0.49670886075949366,-8.533362537974257,-0.04293225176129238,8.533470535646313,0.18918460914084193,-23.797157083338675,-48.347532920459486,53.88681308765633,0.5744525991807766
1117.0,1954.0,0.49468354430379746,-8.562933327445544,-0.04373688650645266,8.563045024144092,0.18984026712004523,-23.617616013504957,-48.271519174163835,53.73947664001793,0.5728819402300931
1118.0,1946.0,0.49265822784810126,-8.592796189677049,-0.044552488767934335,8.592911688222092,0.1905024025485716,-23.389032967892813,-48.289731475862304,53.65580144946177,0.5719899329290908
1119.0,1938.0,0.49063291139240506,-8.622954788447998,-0.04537928296029706,8.623074194447144,0.19117109671316243,-23.21998285178353,-48.22826342457101,53.52693711195266,0.5706161932443297
1120.0,1930.0,0.48860759493670886,-8.653412859670029,-0.04621749903294507,8.653536281608778,0.19184643250171585,-22.975874965978402,-48.23841840385963,53.430663860353604,0.5695898861305151
1121.0,1922.0,0.48658227848101265,-8.684174213131932,-0.047067372642392115,8.684301762467324,0.19252849444204145,-22.814652646220043,-48.193290243112045,53.32074267885354,0.5684180872283419
1122.0,1914.0,0.48455696202531645,-8.715242734298307,-0.047929145330876395,8.715374525556063,0.19321736874181353,-22.562114229136608,-48.1915820853277,53.211630142060926,0.5672549087664467
1123.0,1906.0,0.48253164556962025,-8.746622386164136,-0.04880306471160059,8.746758537039469,0.19391314332976786,-22.404937706831557,-48.16310439049817,53.11935483585081,0.5662712211728536
1124.0,1898.0,0.48050632911392405,-8.778317211167284,-0.049689384660883955,8.778457842629521,0.19461590789818572,-22.150199542797527,-48.14844185857428,52.99909238085362,0.5649891806160179
1125.0,1890.0,0.47848101265822784,-8.810331333161159,-0.050588365517531916,8.810476569562342,0.19532575394671542,-21.9933800504798,-48.135515876010054,52.92198649611009,0.5641672044521835
1126.0,1882.0,0.47645569620253164,-8.842668959449679,-0.051500274289738524,8.842818928637337,0.19604277482757937,-21.741412975854793,-48.10860437736647,52.7932462851512,0.5627947880006091
1127.0,1874.0,0.47443037974683544,-8.875334382886965,-0.05242538486985609,8.875489216321222,0.1967670657922199,-21.58193715105888,-48.10919643923802,52.72831111671839,0.5621025560027028
1128.0,1866.0,0.47240506329113924,-8.908331984044207,-0.053363978257386646,8.90849181691943,0.19749872403943855,-21.33640148212496,-48.071768970289995,52.59407761468358,0.5606715791138747
1129.0,1858.0,0.47037974683544304,-8.94166623344616,-0.054316342790557796,8.941831204817355,0.1982378487650841,-21.172085558196343,-48.083373281000775,52.53825266378437,0.5600764652760787
1130.0,1850.0,0.46835443037974683,-8.975341693880123,-0.055282774386878,8.97551194679428,0.19898454121335135,-20.93547625728061,-48.03765538855727,52.40143606189572,0.5586179516238023
1131.0,1815.0,0.45949367088607596,-9.009363022779972,-0.056263576793073866,9.009538704412599,0.19973890472974964,-20.764918531032407,-48.05761668047316,52.35185156809361,0.5580893632788698
1132.0,1780.0,0.4506329113924051,-9.043734974688377,-0.05725906184484191,9.04391623648545,0.20050104481580983,-20.538763403626138,-48.00599582233003,52.21509778831886,0.5566315193326782
1133.0,1745.0,0.4417721518987342,-9.078462403800103,-0.058269549736866294,9.07864940162569,0.2012710691855937,-20.361237951701472,-48.03170788485591,52.169195635565806,0.5561421860534195
1134.0,1710.0,0.43291139240506327,-9.113550266589613,-0.059295369303576394,9.113743160879423,0.20204908782407932,-20.14627960939804,-47.97653314218761,52.03479907180841,0.5547094708686151
1135.0,1675.0,0.4240506329113924,-9.14900362452645,-0.06033685831115027,9.149202580447598,0.20283521304749735,-19.961627018235944,-48.00556424601109,51.99039095633986,0.5542360645583527
1136.0,1640.0,0.4151898734177215,-9.184827646881649,-0.06139436376128475,9.185032834498912,0.20362955956569292,-19.757977087995602,-47.94901582774669,51.86025238522526,0.5528487410900146
1137.0,1605.0,0.40632911392405063,-9.221027613629051,-0.06246824220729604,9.221239208077943,0.20443224454659764,-19.566499759639136,-47.979196252362826,51.8155496532335,0.552372194062797
1138.0,1570.0,0.39746835443037976,-9.257608918445237,-0.06355886008313179,9.2578271001122,0.20524338768289535,-19.37377605338424,-47.923194292842076,51.69115736560922,0.5510461280208588
1139.0,1535.0,0.3886075949367089,-9.294577071812176,-0.06466659404591839,9.294802026522248,0.20606311126097257,-19.176132794917546,-47.95267843429178,51.64478132387534,0.550551742916466
1140.0,1500.0,0.379746835443038,-9.331937704226627,-0.06579183133269019,9.332169623438949,0.20689154023224368,-18.993588948727577,-47.898822242986554,51.52721216423852,0.5492984138463833
1141.0,1465.0,0.37088607594936707,-9.369696569520965,-0.06693497013199658,9.36993565053248,0.20772880228695484,-18.790687469474687,-47.92612552823289,51.47818415332275,0.5487757578070028
1142.0,1430.0,0.3620253164556962,-9.407859548299802,-0.06809641997110856,9.40810599445758,0.20857502793056337,-18.61733628126875,-47.87566263696985,51.36812516667118,0.5476024898528866
1143.0,1395.0,0.3531645569620253,-9.446432651497354,-0.069276602119596,9.446686672419942,0.20943035056280415,-18.410228513401137,-47.89967176914836,51.315836439717096,0.5470450734204514
1144.0,1360.0,0.34430379746835443,-9.485422024060702,-0.07047595001008754,9.48568383586896,0.21029490655955663,-18.244954229296933,-47.853495576069164,51.213625078469214,0.5459554639451399
1145.0,1325.0,0.33544303797468356,-9.524833948764135,-0.07169490967706878,9.525103774322009,0.2111688353576282,-18.034742121979246,-47.8734539089477,51.15779034104613,0.5453602457795175
1146.0,1290.0,0.3265822784810127,-9.564674850160293,-0.07293394021462785,9.564952919326057,0.21205227954258157,-17.87639552339916,-47.832125395696,51.06346773162387,0.5443547332053004
1147.0,1255.0,0.31772151898734174,-9.604951298673967,-0.07419351425410917,9.605237848562425,0.21294538493973653,-17.66415390213998,-47.84759880482397,51.00406890107767,0.5437215205389648
1148.0,1220.0,0.30886075949367087,-9.64567001484469,-0.07547411846268684,9.645965290100918,0.21384830070848276,-17.511625883247497,-47.81138531428921,50.917439122036114,0.5427980162735349
1149.0,1185.0,0.3,-9.68683787372465,-0.07677625406393641,9.687142126809867,0.21476117944004902,-17.298345951081796,-47.82221568894966,50.854666315331684,0.5421288358209708
1150.0,1150.0,0.2911392405063291,-9.7284619094388,-0.07810043738154351,9.728775400928978,0.21568417725888206,-17.150618285874476,-47.791139209983086,50.77535518906544,0.5412833509979309
1151.0,1151.2,0.29144303797468357,-9.770549319914176,-0.07944720040735105,9.770872318812069,0.21661745392779172,-16.9371721172389,-47.79739246824967,50.7095506398239,0.5405818510912984
1152.0,1152.4,0.291746835443038,-9.813107471786244,-0.08081709139503189,9.813440255847517,0.21756117295703578,-16.793346857309672,-47.77128094892363,50.63705937523334,0.5398090684200684
1153.0,1153.6,0.2920506329113924,-9.856143905489914,-0.08221067548073267,9.856486761564131,0.21851550171751588,-16.580470749236873,-47.77319497924609,50.56866785660231,0.5390799904993605
1154.0,1154.8,0.29235443037974684,-9.899666340543872,-0.0836285353321366,9.900019564931126,0.21948061155827617,-16.43978156617904,-47.75173208056622,50.50241909688938,0.5383737551510632
1155.0,1156.0,0.29265822784810125,-9.943682681036837,-0.08507127182746588,9.944046579860851,0.22045667792849732,-16.228074602816772,-47.74966806133017,50.431946276956246,0.5376224898179967
1156.0,1157.2,0.2929620253164557,-9.988201021325178,-0.08653950476604602,9.988575910923764,0.2214438805041962,-16.08988437011193,-47.73243874082524,50.371322071097225,0.5369762142148666
1157.0,1158.4,0.29326582278481017,-10.033229651951496,-0.08803387361215392,10.03361585928532,0.22244240331984447,-15.879817870387166,-47.72683750356342,50.29930052881665,0.5362084389505775
1158.0,1159.6,0.2935696202531645,-10.078777065794746,-0.089555038273982,10.0791749288754,0.22345243490514327,-15.743607094998184,-47.71336840544185,50.2436731236391,0.5356154310204563
1159.0,1160.8,0.293873417721519,-10.124851964462552,-0.09110367991965967,10.125261832800973,0.22447416842719034,-15.53554048370598,-47.70471224395748,50.170634721913316,0.5348368156727065
1160.0,1162.0,0.29417721518987344,-10.171463264937286,-0.09268050183240421,10.171885500013682,0.22550780183829824,-15.400891091142817,-47.6945068339371,50.11939174145786,0.5342905472699987
1161.0,1163.2,0.29448101265822785,-10.21862010648812,-0.09428623030700464,10.21905508224458,0.2265535380297356,-15.195089953405542,-47.68328656225613,50.04584474329834,0.5335065101033181
1162.0,1164.4,0.2947848101265823,-10.266331857861704,-0.09592161558998184,10.266779961218782,0.22761158499167367,-15.061668545438692,-47.67585522533492,49.99841028312552,0.5330008418818057
1163.0,1165.6,0.29508860759493666,-10.314608124765115,-0.0975874328659237,10.31506975616374,0.22868215597964292,-14.858321111362669,-47.66254233900035,49.924819964275954,0.5322163429011568
1164.0,1166.8,0.2953924050632911,-10.363458757655383,-0.09928448329266187,10.36393433162555,0.22976546968781822,-14.72586516726801,-47.6574273353517,49.8806724608729,0.5317457148082324
1165.0,1168.0,0.2956962025316456,-10.412893859850666,-0.10101359508812369,10.41338380560845,0.2308617504294692,-14.52509426584577,-47.64245169651608,49.807444896185686,0.5309650829160139
1166.0,1169.2,0.296,-10.462923795979082,-0.10277562467189463,10.463428558053618,0.23197122832493275,-14.393403762489237,-47.63924613993977,49.76613150177343,0.5305246674332408
1167.0,1170.4,0.29630379746835445,-10.513559200782206,-0.104571457864723,10.514079239674397,0.23309413949748753,-14.195272484751369,-47.622980432160205,49.69360146093512,0.529751471393414
1168.0,1171.6,0.29660759493670885,-10.564810988291153,-0.10640201114942417,10.565346781165971,0.23423072627752975,-14.064207960373256,-47.62133963226954,49.654747345290076,0.5293372726972533
1169.0,1172.8,0.29691139240506326,-10.616690361394163,-0.10826823299687101,10.617242402808555,0.2353812374154732,-13.868718958860201,-47.604092543820066,49.58317247293111,0.528574259093243
1170.0,1174.0,0.2972151898734177,-10.669208821816017,-0.11017110526102597,10.66977762448455,0.23654592830382676,-13.738205113732285,-47.60373556243535,49.54648241041186,0.5281831299733226
1171.0,1175.2,0.2975189873417722,-10.722378180530443,-0.11211164464722895,10.722964276130964,0.23772506120892148,-13.545295576516775,-47.58575579754618,49.47604659912617,0.5274322591656048
1172.0,1176.4,0.2978227848101266,-10.776210568628397,-0.11409090425827102,10.77681450865017,0.2389189055127992,-13.415327263367526,-47.586455390658884,49.44129591981201,0.5270618045606378
1173.0,1177.6,0.298126582278481,-10.830718448666088,-0.11610997522308837,10.83134080530302,0.2401277379657943,-13.224863825347228,-47.56794771877482,49.372124456772895,0.5263244121550539
1174.0,1178.8,0.29843037974683545,-10.885914626518483,-0.11816998841327189,10.886555993610221,0.24135184295038423,-13.095509198158684,-47.56950837138797,49.339137485920936,0.5259727593097802
1175.0,1180.0,0.29873417721518986,-10.941812263765314,-0.12027211625295425,10.942473257789255,0.24259151275691204,-12.907288771855137,-47.550660717058925,49.271324703816404,0.5252498509263458
1176.0,1174.8,0.2974177215189873,-10.998424890638647,-0.1224175746280499,10.99910615175604,0.24384704787182993,-12.778683200347507,-47.55288735090332,49.239941508317656,0.524915294896923
1177.0,1169.6,0.2961012658227848,-11.055766419562435,-0.12460762490125105,11.056468612722052,0.24511875727914315,-12.592446052614063,-47.53390451111839,49.17358819183441,0.5242079449362553
1178.0,1164.4,0.2947848101265823,-11.113851159317187,-0.12684357603968352,11.114574975420272,0.24640695877579555,-12.464771100506097,-47.53656825490524,49.14362461236734,0.5238885225187961
1179.0,1159.2,0.2934683544303798,-11.172693829864132,-0.1291267868626112,11.173439986994582,0.24771197930176306,-12.280230579285485,-47.517703934327606,49.078877842416404,0.5231982989157344
1180.0,1154.0,0.29215189873417724,-11.232309577866314,-0.13145866841716944,11.233078822590418,0.24903415528569392,-12.153675642874695,-47.52051500113777,49.05008845665383,0.5228913938209162
1181.0,1148.8,0.29083544303797465,-11.29271399294607,-0.13384068649069858,11.29350710168636,0.25037383300697563,-11.970564282986189,-47.502090906521936,48.987172297904465,0.5222206851845518
1182.0,1143.6,0.2895189873417721,-11.353923124721065,-0.13627436426891854,11.35474090520927,0.25173136897517256,-11.845274470685464,-47.504690392286925,48.95922932964642,0.5219228032014672
1183.0,1138.4,0.28820253164556964,-11.415953500664,-0.13876128514990238,11.416796793478419,0.2531071303278421,-11.663399236529017,-47.487091032356666,48.898452904626694,0.5212749048879278
1184.0,1133.2,0.2868860759493671,-11.478822144834025,-0.14130309572459485,11.479691825027071,0.2545014952478039,-11.539420617101907,-47.489071392944346,48.87095384727581,0.5209817551530467
1185.0,1128.0,0.28556962025316457,-11.542546597531567,-0.14390150893548137,11.543443576353699,0.2559148534010185,-11.358712605417221,-47.47270773085298,48.81268617225908,0.5203606010070939
1186.0,1122.8,0.28425316455696203,-11.607144935931116,-0.14655830742592366,11.608070162657826,0.25734760639629534,-11.235952486147632,-47.473664526705015,48.785197056741474,0.5200675572556928
1187.0,1117.6,0.28293670886075944,-11.672635795751342,-0.149275347093729,11.673590259620454,0.2588001682681581,-11.056491705040216,-47.45890927759426,48.72980688082547,0.5194770782739004
1188.0,1112.4,0.28162025316455697,-11.739038394025144,-0.15205456086359434,11.740023126292208,0.26027296598426924,-10.934713472433236,-47.45851499028975,48.70193634556813,0.5191799684523732
1189.0,1107.2,0.28030379746835443,-11.806372553037521,-0.15489796269431394,11.807388629157785,0.26176643997893106,-10.75671108242671,-47.44562541097111,48.64970918668465,0.5186232083574752
1190.0,1102.0,0.2789873417721519,-11.874658725503483,-0.1578076518379405,11.875707267449574,0.2632810447142818,-10.635576909940015,-47.44370292616609,48.62119335797456,0.5183192194781615
1191.0,1096.8,0.27767088607594936,-11.943918021063844,-0.16078581736956543,11.945000199789067,0.26481724927092853,-10.459308169629004,-47.432758848961036,48.57225277265776,0.5177974954267699
1192.0,1091.6,0.27635443037974683,-12.014172234182176,-0.16383474300795856,12.015289272240201,0.2663755379698808,-10.338467414026391,-47.429323401199625,48.54301831125119,0.5174858456672391
1193.0,1086.4,0.27503797468354435,-12.085443873532906,-0.16695681224908168,12.086597047865476,0.2679564110278024,-10.164167785753149,-47.42021239598477,48.49728704223825,0.5169983340694463
1194.0,1081.2,0.27372151898734176,-12.15775619297672,-0.17015451383638847,12.158946837882082,0.2695603852477329,-10.043367390592454,-47.415453160759725,48.467457401669165,0.5166803394882923
1195.0,1076.0,0.2724050632911392,-12.231133224227314,-0.1734304475939534,12.232362734523118,0.27118799474761224,-9.87112606255579,-47.40792492053216,48.424688692997115,0.5162244098377431
1196.0,1070.8,0.2710886075949367,-12.305599811320901,-0.1767873306507736,12.306869645716558,0.2728397917291032,-9.750300157011305,-47.402115303719945,48.3945129990888,0.5159027262048752
1197.0,1065.6,0.26977215189873416,-12.381181647009564,-0.18022800408719036,12.38249333170439,0.2745163472894271,-9.579999131934116,-47.39590195498616,48.35439902940082,0.51547509701639
1198.0,1060.4,0.2684556962025317,-12.457905311207847,-0.18375544003714597,12.459260443732763,0.2762182522791135,-9.459289790238396,-47.38925871597975,48.324114114857515,0.5151522490526949
1199.0,1055.2,0.26713924050632915,-12.535798311633275,-0.1873727492831502,12.537198564955474,0.2779461182088192,-9.290631060230265,-47.384223325031186,48.28644163337929,0.5147506469971502
1200.0,1050.0,0.26582278481012656,-12.614889126792377,-0.1910831893842624,12.616336253704157,0.2797005782086151,-9.170310286573052,-47.37676784817875,48.256115907646894,0.5144273639716598
1201.0,1038.0,0.2627848101265823,-12.695207251476203,-0.19489017338119716,12.696703089291114,0.2814822880434231,-9.002942494927686,-47.37301548196473,48.220903863588504,0.5140519910543765
1202.0,1026.0,0.25974683544303795,-12.77678324494282,-0.1987972791268916,12.778329720524503,0.2832919271885828,-8.883247212351247,-47.36450776539165,48.190338003520914,0.5137261481114387
1203.0,1014.0,0.2567088607594937,-12.859648781979091,-0.20280825929554522,12.861247917130546,0.285130199969868,-8.71695347303727,-47.362391530250726,48.15788003344689,0.5133801346026639
1204.0,1002.0,0.25367088607594934,-12.943836707050512,-0.2069270521283564,12.945490624294267,0.286997836772639,-8.59789661615844,-47.35239150940375,48.126633041196655,0.513047030548328
1205.0,990.0,0.25063291139240507,-13.029381091765176,-0.21115779297992537,13.031092020547781,0.2888955953252095,-8.432758929300386,-47.352382418102934,48.09739643504582,0.5127353579250604
1206.0,978.0,0.24759493670886076,-13.116317295898003,-0.2155048267357476,13.11808757925558,0.29082426206195794,-8.314013632728084,-47.34043920920188,48.06495612403415,0.5123895326681728
1207.0,966.0,0.24455696202531646,-13.204682032242763,-0.21997272117837816,13.206514133968035,0.29278465357219596,-8.150456660961751,-47.34289673559791,48.03935693886527,0.5121166362466819
1208.0,954.0,0.24151898734177216,-13.294513435582813,-0.2245662813878291,13.296409947938137,0.2947776181413347,-8.031398095340476,-47.32879201658221,48.005394583470874,0.5117545854551668
1209.0,942.0,0.23848101265822785,-13.385851136098147,-0.22929056527071096,13.387814788123647,0.2968040373914911,-7.8700571518857565,-47.33374128521009,47.983547843288434,0.5115216914322633
1210.0,930.0,0.23544303797468355,-13.478736337554878,-0.23415090032262112,13.48077000402589,0.2988648280293223,-7.74997661923259,-47.317658531166344,47.94812766386932,0.5111440997179851
1211.0,918.0,0.23240506329113925,-13.573211900655055,-0.2391529017394634,13.57531861174884,0.3009609437095907,-7.591425325996316,-47.3247061693791,47.92971471329916,0.5109478111140107
1212.0,906.0,0.22936708860759494,-13.669322431960186,-0.2443024920059704,13.671505383698252,0.30309337702376876,-7.469828149417386,-47.307207561718414,47.893321244922404,0.5105598437931704
1213.0,894.0,0.22632911392405064,-13.767114378841049,-0.24960592210381988,13.769376944380644,0.3052631616238747,-7.314298732802016,-47.315677931621785,47.87768106416214,0.5103931139018559
1214.0,882.0,0.22329113924050634,-13.866636130949216,-0.2550697944976144,13.868981872805634,0.30747137449270323,-7.191120270826219,-47.297462713157145,47.84100949867152,0.5100021819668416
1215.0,870.0,0.22025316455696203,-13.96793812875439,-0.26070108807493647,13.97037081204483,0.3097191383727151,-7.038389898820879,-47.30671521559195,47.827442298924396,0.5098575507906451
1216.0,858.0,0.21721518987341773,-14.071072979745207,-0.266507185236925,14.073596586555214,0.31200762436706314,-6.913976314103665,-47.288270906271265,47.791041354807156,0.5094695037757518
1217.0,846.0,0.21417721518987343,-14.176095582949953,-0.27249590135865875,14.178714327935042,0.3143380547275641,-6.763526131124151,-47.29802675515728,47.77916513144587,0.5093428990094383
1218.0,834.0,0.21113924050632912,-14.283063262501868,-0.2786755168646455,14.285781609850064,0.31671170584597524,-6.638349248610318,-47.279384520271094,47.74314486250539,0.5089589101273645
1219.0,822.0,0.20810126582278482,-14.392035911046097,-0.2850548121940391,14.394858592941976,0.31912991146657305,-6.489738714591003,-47.28984151942624,47.73306840667287,0.5088514915232227
1220.0,810.0,0.20506329113924052,-14.5030761438704,-0.29164310596375687,14.506008180618089,0.32159406613996566,-6.363993646743295,-47.27062435663548,47.697089452103135,0.5084679430670399
1221.0,798.0,0.2020253164556962,-14.616249464733347,-0.2984502966756926,14.619296186715134,0.32410562894015194,-6.217222717633427,-47.28223808709489,47.689242988806015,0.5083842969767046
1222.0,786.0,0.1989873417721519,-14.7316244444699,-0.30548690835779596,14.734791516138973,0.3266661274692521,-6.090577913901455,-47.26202283349969,47.652848200706224,0.5079963155871474
1223.0,774.0,0.1959493670886076,-14.8492729135706,-0.31276414057843915,14.852566359701385,0.3292771621769839,-5.946165091173347,-47.27505343913498,47.64753463679476,0.5079396711054095
1224.0,762.0,0.1929113924050633,-14.969270170063963,-0.32029392333052636,14.972696404512089,0.3319404110249935,-5.8178851039752075,-47.2538357399485,47.610637248634795,0.5075463318203975
1225.0,750.0,0.189873417721519,-15.091695204181411,-0.32808897734724163,15.095261061438087,0.33465763452956504,-5.67654459036361,-47.267962446592705,47.6075984727111,0.5075139373879257
1226.0,750.0,0.189873417721519,-15.216630941451667,-0.33616288048653314,15.220343711314841,0.3374306812200511,-5.545968284279283,-47.24638129015929,47.57077158534793,0.5071213496664899
1227.0,750.0,0.189873417721519,-15.344164506065011,-0.34453014090836714,15.348031971792985,0.3402614935547892,-5.408057762069026,-47.260703584953816,47.5691201527077,0.507103744807004
1228.0,750.0,0.189873417721519,-15.474387506562945,-0.3532062778690306,15.4784179869261,0.3431521143411797,-5.2751234151309,-47.239791976345636,47.53340796758919,0.5067230402080816
1229.0,750.0,0.189873417721519,-15.607396346157081,-0.3622079110731063,15.611598741861172,0.34610469371228386,-5.140259374741926,-47.253300146084406,47.532059087899434,0.5067086606706888
1230.0,750.0,0.189873417721519,-15.743292560261374,-0.3715528596587306,15.747676405282835,0.34912149671871456,-5.005655113583178,-47.23386416079218,47.49836319997048,0.5063494505171582
1231.0,750.0,0.189873417721519,-15.882183184142903,-0.38126025204896663,15.88675870259456,0.3522049116019579,-4.872850229870444,-47.24609386492641,47.496716253402035,0.5063318934807937
1232.0,750.0,0.189873417721519,-16.024181153964168,-0.391350648085737,16.028959323200542,0.35535745882369496,-4.737584395581401,-47.228158843433036,47.465184015716176,0.5059957486086304
1233.0,750.0,0.189873417721519,-16.169405744909362,-0.40184617507748077,16.174398365686812,0.358581800935342,-4.605905587844928,-47.23951845984167,47.46352779347384,0.505978092690282
1234.0,750.0,0.189873417721519,-16.31798305057231,-0.41277067964401726,16.323202825203726,0.3618807533831797,-4.470538597257636,-47.222325015777564,47.43346598389476,0.5056576231048813
1235.0,750.0,0.189873417721519,-16.470046508339568,-0.4241498975388764,16.475507127929344,0.36525729635725485,-4.339832755749411,-47.23374438535282,47.43269712981463,0.5056494268468468
1236.0,750.0,0.189873417721519,-16.625737476146103,-0.4360116439799438,16.631453718163517,0.36871458780708877,-4.203959802277775,-47.21641281647843,47.403195222213405,0.5053349260157297
1237.0,750.0,0.189873417721519,-16.785205866724837,-0.4483860274343923,16.79119370437767,0.37225597776441627,-4.0750287108352286,-47.22847751101694,47.40395497216202,0.5053430252204831
1238.0,750.0,0.189873417721519,-16.948610846336152,-0.46130569029727225,16.954887571448065,0.3758850241331948,-3.9375180756676857,-47.21090002360996,47.374815351993774,0.505032386502295
1239.0,750.0,0.189873417721519,-17.116121605968292,-0.4748060804912259,17.122705967351248,0.3796055101304177,-3.811476057362853,-47.22312927612793,47.37669562523056,0.5050524308839565
1240.0,750.0,0.189873417721519,-17.287918214173224,-0.48892575871850125,17.29483057382988,0.38342146358852797,-3.6714084422176896,-47.2063458487769,47.3488999697345,0.504756119307325
1241.0,750.0,0.189873417721519,-17.46419256207554,-0.5037067469413495,17.47145507197866,0.3873371783621823,-3.5486307085745703,-47.217283783866364,47.35044527596344,0.5047725928215093
1242.0,750.0,0.189873417721519,-17.645149412703677,-0.5191949246852177,17.652786215395455,0.3913572381197063,-3.40623845749011,-47.2029019321607,47.32564221694688,0.5045081833880452
1243.0,750.0,0.189873417721519,-17.831007568690804,-0.5354404809913896,17.839045025544195,0.3954865428439487,-3.2857604801537774,-47.21109670527945,47.32529845704291,0.5045045187851671
1244.0,750.0,0.189873417721519,-18.022001174633154,-0.5524984313427407,18.03046812634422,0.39973033841974703,-3.1425225943628554,-47.20009893422457,47.30459584074964,0.5042838215299748
1245.0,750.0,0.189873417721519,-18.21838117305068,-0.5704292107129763,18.22730923781681,0.4040942497476451,-3.022511092774902,-47.20525160765654,47.30191700817323,0.5042552642216442
1246.0,750.0,0.189873417721519,-18.4204169360523,-0.5892993561284822,18.42984085197525,0.408584317897898,-2.880176934461601,-47.19715989690377,47.284958723760205,0.5040744828764409
1247.0,750.0,0.189873417721519,-18.62839809857699,-0.6091822948885907,18.638356118163227,0.4132070419078876,-2.7592228967868357,-47.2004339712432,47.281013928085784,0.5040324299510857
1248.0,750.0,0.189873417721519,-18.842636623594352,-0.6301592580009423,18.853170969873037,0.4179694259330749,-2.618484372234556,-47.19363697262746,47.26622294103672,0.5038747527668557
1249.0,750.0,0.189873417721519,-19.063469135073877,-0.6523203426307851,19.074626530900264,0.42287903259076387,-2.4966607039229713,-47.19672841641217,47.262717736955004,0.503837386044275
1250.0,750.0,0.189873417721519,-19.291259561077542,-0.675765752666958,19.30309184574697,0.42794404349236187,-2.3566313949924074,-47.18982680852962,47.24863453848042,0.5036872541380637
1251.0,734.0,0.1858227848101266,-19.526402137262387,-0.7006072531765023,19.53896698777314,0.43317332815021087,-2.235319899851847,-47.19349720516737,47.246405508872456,0.5036634918894063
1252.0,718.0,0.18177215189873416,-19.769324830726134,-0.7269698829546932,19.782686609090486,0.4385765226777213,-2.0943917900636313,-47.186546978337006,47.23300427359127,0.5035206299534631
1253.0,702.0,0.17772151898734176,-20.02049325591643,-0.7549939801122677,20.034724009084854,0.4441641199873541,-1.974915787176947,-47.18992042041737,47.23122782282677,0.5035016923562939
1254.0,686.0,0.17367088607594935,-20.280415168782326,-0.7848375893923679,20.295595814360798,0.44994757354365766,-1.8323281395007849,-47.18440342395037,47.219967734899036,0.5033816558129086
1255.0,670.0,0.16962025316455695,-20.54964564316417,-0.8166793376456063,20.565867382635563,0.45593941716605685,-1.7145664178693516,-47.18575155267074,47.21689197301802,0.5033488670969731
1256.0,654.0,0.16556962025316455,-20.828793055469255,-0.850721886933387,20.84615906771489,0.46215340392158094,-1.571258495301785,-47.18319700927528,47.20935218021046,0.5032684902231627
1257.0,638.0,0.16151898734177214,-21.118526031092287,-0.8871961048943136,21.13715351352831,0.46860466783154625,-1.4535573894436584,-47.18158067995711,47.203965771359805,0.5032110691884566
1258.0,622.0,0.15746835443037974,-21.419581540265114,-0.9263661318188238,21.43960418408528,0.47530991297825276,-1.3114385679879534,-47.18206799687405,47.20029037600566,0.5031718881663618
1259.0,606.0,0.15341772151898733,-21.732774373933196,-0.968535576868787,21.75434538550742,0.4822876356905814,-1.191994334399689,-47.17830652850534,47.193362429380365,0.503098033790535
1260.0,590.0,0.14936708860759493,-22.059008284275112,-1.0140551470583108,22.082304099142224,0.48955838688075176,-1.0522499544339363,-47.18029323562838,47.1920258069781,0.5030837849201879
1261.0,574.0,0.14531645569620252,-22.399289142722743,-1.0633321091461259,22.424514025361578,0.4971450833913317,-0.9306867070941333,-47.176276606400116,47.18545593920161,0.5030137477922854
1262.0,558.0,0.14126582278481012,-22.754740554791642,-1.1168421168535152,22.78213234159299,0.5050733795160128,-0.7927353523663156,-47.17797928837508,47.18463901603189,0.503005039100654
1263.0,542.0,0.13721518987341771,-23.126622480740053,-1.175144119015625,23.156459812914587,0.5133721128457686,-0.6703269939130178,-47.1749427400924,47.179704967387885,0.5029524403866898
1264.0,526.0,0.1331645569620253,-23.516353550302355,-1.2388993209545893,23.54896506919741,0.5220738424861777,-0.5324835891458757,-47.175950617671276,47.178955641829,0.5029444523096397
1265.0,510.0,0.1291139240506329,-23.925537935936305,-1.3088955354477805,23.961314092650312,0.5312155027878895,-0.4107735234912522,-47.17341082560762,47.17519924503929,0.5029044077834234
1266.0,494.0,0.1250632911392405,-24.35599787038913,-1.3860787828777923,24.3954062613178,0.5408392024206955,-0.2719766628119246,-47.174913368126695,47.17569737264488,0.5029097180009211
1267.0,478.0,0.1210126582278481,-24.809813168374326,-1.471594762535577,24.85341869028811,0.5509932074054719,-0.15118114193182006,-47.17134005904529,47.17158232139099,0.5028658500905157
1268.0,462.0,0.11696202531645569,-25.28936944156171,-1.5668439443800908,25.33786113107884,0.5617331582179098,-0.01201954133023254,-47.17474229012758,47.17474382134285,0.5028995528047903
1269.0,446.0,0.11291139240506329,-25.79741706977662,-1.6735557236080385,25.851644362245576,0.5731235859888115,0.1091470204611428,-47.16925887801272,47.169385157886644,0.5028424275458602
1270.0,430.0,0.10886075949367088,-26.33714336296935,-1.7938896647967002,26.398165857708086,0.5852398117464612,0.24715595677182658,-47.174650892923566,47.17529833436331,0.5029054641108711
1271.0,414.0,0.10481012658227848,-26.912260588755284,-1.9305758746774726,26.981417553660105,0.5981703355782938,0.37008490004552913,-47.16796084639184,47.169412687036875,0.5028427210163958
1272.0,398.0,0.10075949367088607,-27.527112328575413,-2.087112879749347,27.60612166391404,0.61201984761837,0.5061455036321434,-47.17405797626533,47.176773196339845,0.5029211866642623
1273.0,382.0,0.09670886075949367,-28.186799204122174,-2.2680515645088324,28.277901394424116,0.6269130127396888,0.6309178910147907,-47.16763618617829,47.17185560031403,0.5028687633410616
1274.0,366.0,0.09265822784810127,-28.89732062196093,-2.479410331671147,29.003493146881567,0.6429991750474003,0.765718413405938,-47.173191387647314,47.1794055747233,0.5029492487543685
1275.0,350.0,0.08860759493670886,-29.665717715275377,-2.7292940510874333,29.79100289650727,0.6604580417013832,0.8912164241064935,-47.16770982226293,47.17612867321561,0.5029143158184517
1276.0,350.0,0.08860759493670886,-30.500174473557323,-3.028834737371535,30.650195477088662,0.679506096283046,1.0260032845784868,-47.172761648471,47.183918068378155,0.5029973535421689
1277.0,350.0,0.08860759493670886,-31.40996616487925,-3.393645835485263,31.59276509797086,0.7004025960799044,1.1513381155977722,-47.16755556277912,47.18160528452041,0.502972698443411
1278.0,350.0,0.08860759493670886,-32.404981185461274,-3.8460950728120733,32.63242640287737,0.7234515908336783,1.28645119494027,-47.17309573962417,47.190633798845205,0.5030689456182472
1279.0,350.0,0.08860759493670886,-33.494151145232706,-4.418839488819878,33.78437957647953,0.7489900643054181,1.4119841850490786,-47.167230561323514,47.18836019786955,0.5030447082229529
1280.0,350.0,0.08860759493670886,-34.68119652969055,-5.1600809021998755,35.06296946421207,0.7773360376291302,1.5466107285297956,-47.173767750133976,47.19911406466422,0.503159348268958
1281.0,350.0,0.08860759493670886,-35.95403084754463,-6.140157596607845,36.474564692362975,0.8086307014341164,1.6733586809386884,-47.16735382272924,47.197027405479716,0.5031371037396667
1282.0,350.0,0.08860759493670886,-37.260551190579164,-7.454554162035841,37.99893489007943,0.8424255541656368,1.806757022047936,-47.17417424227736,47.20876069520851,0.5032621847826054
1283.0,350.0,0.08860759493670886,-38.46327838766648,-9.202132872830862,39.54874250512101,0.8767843471878167,1.9349661883922724,-47.16827976542054,47.20795176852309,0.5032535613363417
1284.0,350.0,0.08860759493670886,-39.301232804522414,-11.385025094354459,40.91705874515359,0.9071195281637505,2.0675868200101446,-47.174330182945006,47.21961820544291,0.5033779297045521
1285.0,350.0,0.08860759493670886,-39.522023067216935,-13.72810606328248,41.838393891381166,0.9275452657108224,2.1963182857230827,-47.169605738209285,47.22071070526478,0.503389576141339
1286.0,350.0,0.08860759493670886,-39.28605367558032,-15.807167064041403,42.346907136071856,0.9388188593838641,2.3293557726884546,-47.17487199708338,47.232345339364194,0.5035136054801691
1287.0,350.0,0.08860759493670886,-39.03818696187538,-17.71955414929549,42.87146650769194,0.9504481911166649,2.45765724104801,-47.170669190963004,47.23464947512305,0.5035381683871161
1288.0,350.0,0.08860759493670886,-38.60150116475095,-19.91642012851909,43.436616844638685,0.9629774129795007,2.5915596459360244,-47.17623157187737,47.247359785726054,0.5036736648201751
1289.0,350.0,0.08860759493670886,-37.372564811630106,-22.116671056976383,43.42644055459749,0.96275180753024,2.7197395441973176,-47.17142188584882,47.249762178459775,0.5036992751814316
1290.0,350.0,0.08860759493670886,-35.610447393076605,-23.4694941552231,42.64881146570357,0.9455119923080031,2.8536188263091806,-47.17802533414698,47.2642488021896,0.503853707744393
1291.0,350.0,0.08860759493670886,-34.296742332866444,-24.097421278244656,41.916014205888324,0.9292660859562415,2.982912041559952,-47.17254127257596,47.266758026763014,0.5038804569710691
1292.0,350.0,0.08860759493670886,-33.42416034069318,-24.909480858311976,41.685209980411244,0.924149222072721,3.1157228495073865,-47.17949766212917,47.2822665332976,0.5040457831682911
1293.0,350.0,0.08860759493670886,-32.214186737460075,-25.89674526191626,41.3327381420168,0.91633502189458,3.2466599704711245,-47.17457359880712,47.286162830083065,0.5040873190782355
1294.0,350.0,0.08860759493670886,-30.765303781187857,-26.315955881667154,40.48497808712046,0.8975404231482874,3.378710012911156,-47.18050497385638,47.30132906102568,0.5042489964958736
1295.0,350.0,0.08860759493670886,-29.85455431566957,-26.342317408959897,39.81472214974828,0.8826810400864484,3.510274471766359,-47.17717271686588,47.30758556959052,0.504315693103094
1296.0,350.0,0.08860759493670886,-29.29579183612419,-26.756934573976764,39.67589907111866,0.879603372007492,3.6430676926316874,-47.181766562893486,47.32220449438583,0.5044715360424832
1297.0,350.0,0.08860759493670886,-28.34229750006998,-27.38159636553746,39.408598644302074,0.8736773977442382,3.7738427820077245,-47.1794662453582,47.33015872084316,0.5045563309264458
1298.0,350.0,0.08860759493670886,-27.207177850883333,-27.495899831442586,38.681455946620225,0.8575568514230292,3.908311369832327,-47.18399026398776,47.34557883261807,0.5047207148040811
1299.0,350.0,0.08860759493670886,-26.597339856432107,-27.371871424100522,38.165925020835566,0.8461276777606632,4.0382641693683965,-47.181149919332114,47.353653345989024,0.5048067919893383
1300.0,350.0,0.08860759493670886,-26.211596999828654,-27.696145954826196,38.132982023865665,0.8453973409088927,4.173596008488012,-47.186941525892195,47.37115529739629,0.5049933690181242
1301.0,338.3333333333333,0.08565400843881855,-25.387097067155473,-28.159101004251795,37.91358156208443,0.8405332952156408,4.304205394061131,-47.182914429110646,47.37883069577639,0.505075191495583
1302.0,326.6666666666667,0.08270042194092828,-24.46523671072549,-28.12059988430691,37.2735287458152,0.8263435067386578,4.43883939068562,-47.18968288025385,47.39799009953086,0.505279437556073
1303.0,315.0,0.07974683544303797,-24.055572194526817,-27.969187584120117,36.8910017175163,0.8178629915681608,4.571299711726048,-47.18560853691935,47.406523117117786,0.5053704025593974
1304.0,303.3333333333333,0.07679324894514768,-23.743421648920954,-28.28027220004029,36.92592405488074,0.818637209832228,4.7049105284836825,-47.19173131738864,47.42568594984827,0.5055746851739917
1305.0,291.6666666666667,0.07383966244725738,-22.97965347329074,-28.624247856821267,36.70711156058537,0.8137861992105259,4.838644109272142,-47.18916638034213,47.436588204547405,0.5056909070878514
1306.0,280.0,0.07088607594936709,-22.225789048785348,-28.480654293934016,36.126629622090256,0.8009170801119386,4.972608528252948,-47.193661992590286,47.454910892826625,0.5058862334636913
1307.0,268.33333333333337,0.0679324894514768,-21.959703050302352,-28.345809513098242,35.856846975303185,0.7949360757395452,5.105991654044336,-47.19268569696665,47.46810227999273,0.5060268583440687
1308.0,256.6666666666667,0.0649789029535865,-21.66967926878158,-28.65463379802519,35.925799054590144,0.7964647236811838,5.24172549633827,-47.19637189281248,47.48655816148,0.5062236046068934
1309.0,245.0,0.0620253164556962,-20.955943048787812,-28.881978461061596,35.68361289008253,0.7910955254540032,5.374102968532078,-47.195568110520306,47.50055401772854,0.5063728054139007
1310.0,233.33333333333334,0.05907172995780591,-20.371222532341278,-28.67126758928484,35.17141300315562,0.7797401999735346,5.511399748680666,-47.19994474975434,47.52063037849581,0.5065868265623791
1311.0,221.66666666666669,0.056118143459915615,-20.218018284975585,-28.597255498886966,35.02243974140334,0.7764375052282593,5.643814316980807,-47.198242384101114,47.53447931967822,0.5067344612025126
1312.0,210.0,0.053164556962025315,-19.915961192662426,-28.91569345297778,35.1107225515827,0.7783947099631758,5.7812883751495185,-47.20358824493582,47.55630387734188,0.5069671187518737
1313.0,198.33333333333334,0.05021097046413502,-19.25117633676334,-29.03805595971446,34.839869176974034,0.7723899678602093,5.915053513044507,-47.20155314607098,47.57073131100197,0.5071209203276335
1314.0,186.66666666666669,0.04725738396624473,-18.82701668823589,-28.805858131969533,34.41270143563664,0.7629197808073669,6.052014372433494,-47.20669056637697,47.593051091454576,0.5073588571281135
1315.0,175.0,0.04430379746835443,-18.741345743749346,-28.826526554878555,34.38323244702089,0.7622664617304732,6.187077041694716,-47.20565507848663,47.60938766366268,0.5075330108000218
1316.0,163.33333333333334,0.04135021097046414,-18.39184545108383,-29.150521286663903,34.46756258253255,0.764136036794795,6.324345574956465,-47.209569511869056,47.6313006377893,0.5077666109003346
1317.0,151.66666666666669,0.038396624472573845,-17.773721992512478,-29.176840949606333,34.16420994645927,0.7574107953297149,6.459557566714988,-47.20988127710485,47.64975103981174,0.5079632987501148
1318.0,140.0,0.035443037974683546,-17.482185007399366,-28.95937735123794,33.827094601876944,0.7499370442417166,6.598255066591777,-47.2129565841674,47.67179710627951,0.5081983176621355
1319.0,128.33333333333334,0.03248945147679325,-17.40616623087747,-29.073737011805136,33.885938185160924,0.751241589708596,6.7330320377646204,-47.21369581654541,47.69137021599236,0.5084069739753285
1320.0,116.66666666666669,0.029535864978902957,-16.99130959581915,-29.363396908280773,33.925118714224254,0.7521102108687459,6.8731135100270775,-47.21698372974112,47.714601977343946,0.5086546328166532
1321.0,105.0,0.026582278481012658,-16.442887218871324,-29.29260431221101,33.5920408353569,0.7447259692446889,7.008162433006453,-47.2173789060116,47.73463324925909,0.5088681733019262
1322.0,93.33333333333337,0.023628691983122372,-16.266871717746934,-29.1216327682185,33.35686751732861,0.7395122438248045,7.14867315280722,-47.221073716161115,47.75911777611463,0.5091291870692277
1323.0,81.66666666666669,0.020675105485232072,-16.157811703037137,-29.316492432679567,33.47434252657044,0.7421166312911225,7.284900607009326,-47.22153945390756,47.780158698469734,0.5093534907874006
1324.0,70.0,0.017721518987341773,-15.686796247218904,-29.53463433249141,33.44204242649874,0.7414005472803148,7.425433842388268,-47.22481623767058,47.80502417559727,0.5096185656201347
1325.0,58.33333333333337,0.014767932489451486,-15.237923391173293,-29.387244513596734,33.10293717145335,0.7338826804446137,7.562717472433245,-47.22621148848171,47.82791807221645,0.5098626227032075
1326.0,46.666666666666686,0.011814345991561186,-15.147338910932485,-29.296497285114413,32.980700860645236,0.7311727362798742,7.703926094444635,-47.228535038979516,47.85274285970221,0.5101272637698838
1327.0,35.0,0.008860759493670886,-14.9680267518035,-29.543663527317953,33.11902594367899,0.7342393639384337,7.841506734395935,-47.230839287306246,47.877357985261966,0.5103896697658362
1328.0,23.33333333333337,0.0059071729957806,-14.470083428235634,-29.660392289295217,33.001851238604516,0.7316416341298981,7.98399653186713,-47.2327576277791,47.902793172688696,0.5106608179130492
1329.0,11.666666666666686,0.0029535864978903,-14.142854245098244,-29.47575460960745,32.693125210109365,0.724797266086617,8.121822182813856,-47.23512885139026,47.92829428611754,0.5109326688548999
1330.0,0.0,0.0,-14.091641855177052,-29.488160821487934,32.68219697034631,0.7245549901263808,8.265136605868667,-47.237400152188656,47.95502534929643,0.511217631498673
1331.0,6.666666666666667,0.0016877637130801688,-13.819575204240023,-29.74257755634647,32.79636532484858,0.7270860699997501,8.404120985055496,-47.23948725756364,47.98122972464303,0.511496979462771
1332.0,13.333333333333334,0.0033755274261603376,-13.34105766418852,-29.745412837219174,32.600205589164716,0.7227372645788486,8.547353133361748,-47.2418816232461,48.008880687755955,0.51179174856712
1333.0,20.0,0.005063291139240506,-13.138165071170361,-29.57646303072187,32.36322831308673,0.7174835459232559,8.688144484923777,-47.244401483885795,48.036624841484254,0.512087511116584
1334.0,26.666666666666668,0.006751054852320675,-13.069538642852416,-29.69270607206801,32.441788394279946,0.7192252005282056,8.831279120818564,-47.24599969790383,48.06429005367846,0.5123824321212089
1335.0,33.333333333333336,0.008438818565400845,-12.708071384462512,-29.899522969866513,32.48809862300609,0.7202518850974182,8.973363895839164,-47.249670759500155,48.09420595548193,0.5127013462778114
1336.0,40.0,0.010126582278481013,-12.301888860321174,-29.8040008232486,32.243060254943195,0.7148194543304937,9.11734748002289,-47.25026983364002,48.12186638549332,0.5129962163026661
1337.0,46.66666666666667,0.011814345991561183,-12.197415411615458,-29.704973184973362,32.11171709272958,0.7119076138661821,9.259853368314225,-47.25463879400769,48.15335680879181,0.5133319154185833
1338.0,53.333333333333336,0.01350210970464135,-12.057119724595546,-29.895341119854812,32.23516025593347,0.7146443136044991,9.405230859265224,-47.25520851507993,48.18208276236881,0.5136381443037358
1339.0,60.0,0.015189873417721518,-11.64220385650855,-30.0060475892667,32.185459489742264,0.7135424617862257,9.548305502334154,-47.25911303255904,48.21404258709382,0.5139788474058617
1340.0,66.66666666666667,0.01687763713080169,-11.349169769676962,-29.859499902026432,31.943596993138794,0.7081804391842117,9.69438253100388,-47.260581013066314,48.244622190976244,0.5143048368627554
1341.0,73.33333333333334,0.01856540084388186,-11.287545467173432,-29.866984604976192,31.928755880356384,0.7078514159445782,9.839143939285306,-47.26364421221329,48.27691806315579,0.5146491223503044
1342.0,80.0,0.020253164556962026,-11.043845823582805,-30.07255473968756,32.03630876281742,0.7102358326886645,9.98492083513586,-47.26570825356943,48.30885861615312,0.5149896200089569
1343.0,86.66666666666667,0.021940928270042195,-10.638784611312378,-30.066914874340927,31.89362174584067,0.7070725021980443,10.131995782455926,-47.26875265480038,48.342448387275574,0.5153476989195763
1344.0,93.33333333333334,0.023628691983122365,-10.466172681081805,-29.93857802685137,31.715283773917125,0.703118800199263,10.277589986564422,-47.27040488993131,48.37478717668917,0.5156924419201094
1345.0,100.0,0.02531645569620253,-10.375009927387332,-30.051606608662382,31.792135674647373,0.7048225849302994,10.42628037620253,-47.27419539521166,48.41029717681805,0.5160709911551098
1346.0,106.66666666666667,0.0270042194092827,-10.038281188904511,-30.201011460214744,31.825590056549405,0.7055642590402347,10.572853509953259,-47.27521815774948,48.44307466713624,0.5164204108633652
1347.0,113.33333333333334,0.02869198312236287,-9.711308780886945,-30.104585781088396,31.632192514725272,0.7012766906697854,10.722080461519946,-47.27930927705186,48.47985246613721,0.5168124752853954
1348.0,120.0,0.030379746835443037,-9.619719834815994,-30.05972892231116,31.561468796353285,0.6997087659946722,10.870398278719737,-47.28064455273039,48.514172239250115,0.5171783362769506
1349.0,126.66666666666667,0.032067510548523206,-9.437948397788542,-30.230085044824392,31.669116056130058,0.7020952750569441,11.020077685159885,-47.2839255794327,48.551124913726646,0.5175722649337668
1350.0,133.33333333333334,0.03375527426160338,-9.066067031558774,-30.271906344831777,31.600346282453668,0.7005706687787218,11.169719461287112,-47.28644082783907,48.587756883895985,0.5179627747685693
1351.0,140.0,0.035443037974683546,-8.85519904015677,-30.15420909161516,31.427549633747137,0.6967398163359979,11.32068798320347,-47.28857024107596,48.62475554548549,0.5183571936643708
1352.0,146.66666666666669,0.03713080168776372,-8.766808656859334,-30.21960086959696,31.465555942073056,0.6975824053571342,11.470922787151768,-47.29197440269114,48.66326039728115,0.5187676690836373
1353.0,153.33333333333334,0.038818565400843885,-8.479345851190065,-30.36582588938772,31.527490988163073,0.6989554876731409,11.623633508611793,-47.29371794819638,48.701176713772284,0.5191718705071702
1354.0,160.0,0.04050632911392405,-8.154916835870278,-30.30283061458188,31.38095301064009,0.6957067824850032,11.774625418824792,-47.29706290176458,48.740680779889715,0.519592997906604
1355.0,166.66666666666669,0.042194092827004225,-8.038346017384908,-30.246353079124535,31.29627583726655,0.6938295136902136,11.928507785544245,-47.299187973377975,48.7801443307698,0.520013693399193
1356.0,173.33333333333334,0.04388185654008439,-7.872954951279176,-30.386034744476678,31.389401510022697,0.6958940833079037,12.081166302686231,-47.30211756960132,48.82053774592766,0.5204443015758071
1357.0,180.0,0.04556962025316456,-7.529371703762936,-30.43619009631999,31.353677708249045,0.6951020968063577,12.235471423386958,-47.30449301335291,48.86125070240091,0.5208783161765286
1358.0,186.66666666666669,0.04725738396624473,-7.310015704608542,-30.33430067832338,31.202662182008666,0.691754125639569,12.390275791609183,-47.307467683826346,48.90312293553869,0.5213246890789376
1359.0,193.33333333333334,0.048945147679324896,-7.207658196924513,-30.382857128930404,31.226084352680054,0.692273388486401,12.545103889253395,-47.30955546971266,48.944597968866596,0.5217668276900587
1360.0,200.0,0.05063291139240506,-6.934614035040274,-30.508890806532108,31.28707864374488,0.69362561453168,12.70161872982099,-47.312893026654585,48.98817168367686,0.5222313389924435
1361.0,210.0,0.053164556962025315,-6.625123902154046,-30.452603396484207,31.16493735502214,0.6909177769794853,12.85770379724493,-47.31474830827677,49.03066340988327,0.5226843159113651
1362.0,220.0,0.05569620253164557,-6.4956920465472985,-30.40253294438804,31.088712173362502,0.6892278864315857,13.015363777092261,-47.318004948215574,49.07538371250294,0.5231610502477275
1363.0,230.0,0.05822784810126582,-6.316234754591773,-30.520501907930527,31.167224101403445,0.6909684734948767,13.17307355558119,-47.32026973703387,49.119627389531324,0.5236327035857143
1364.0,240.0,0.060759493670886074,-5.985376512222254,-30.548459675728104,31.129296820722562,0.6901276364941025,13.331976417709877,-47.32284753076907,49.16496205249006,0.5241159872218661
1365.0,250.0,0.06329113924050633,-5.773531680023647,-30.451309300685846,30.993804319351845,0.687123806363529,13.491040019368041,-47.325813797009985,49.21118584583642,0.5246087493042816
1366.0,260.0,0.06582278481012659,-5.647009625855484,-30.49287207677193,31.011352198910675,0.6875128378509784,13.651618832344692,-47.327826101012754,49.257383407884475,0.5251012317517246
1367.0,270.0,0.06835443037974684,-5.363772443363316,-30.57450831360048,31.041433817441625,0.6881797387584496,13.81187991603483,-47.33100101726656,49.30508781161893,0.5256097776676439
1368.0,280.0,0.07088607594936709,-5.0797581791145285,-30.4881429666644,30.908426111888147,0.6852309958428043,13.97407436077895,-47.33310692141695,49.35278882773362,0.5261182874703311
1369.0,290.0,0.07341772151898734,-4.954979927869148,-30.43315205753112,30.833886719685484,0.6835784787665983,14.13602282595226,-47.33589683401008,49.40156141678003,0.526638220621711
1370.0,300.0,0.0759493670886076,-4.764743897797957,-30.50960059011956,30.87941891584469,0.6845879145755954,14.299282602407484,-47.338390158969915,49.45091167801028,0.527164311964093
1371.0,310.0,0.07848101265822785,-4.475968508368604,-30.482963078436512,30.809825253143373,0.6830450429125563,14.463510608674149,-47.34086152238236,49.50101320991938,0.5276984121191959
1372.0,320.0,0.0810126582278481,-4.317388403562613,-30.38894790879392,30.69410362969747,0.6804795275094967,14.627657997722103,-47.34336433582743,49.55161475808049,0.5282378426254394
1373.0,330.0,0.08354430379746836,-4.190695133120272,-30.432017579622904,30.719206038978864,0.6810360407673272,14.794036177883717,-47.34598786865751,49.60348852340525,0.5287908354192724
1374.0,340.0,0.08607594936708861,-3.93256791378724,-30.461325951054597,30.71412491172329,0.6809233936245468,14.959707930560926,-47.34814242960812,49.65520569791393,0.5293421588992947
1375.0,350.0,0.08860759493670886,-3.7358980188248516,-30.367986371318718,30.596920274035078,0.6783250002184977,15.127515039872693,-47.350966604674106,49.70870899227354,0.5299125230523876
1376.0,360.0,0.09113924050632911,-3.6479856893967533,-30.371046833060202,30.58934921383552,0.6781571519721538,15.295501810692706,-47.35304570518748,49.76206701091182,0.5304813385146053
1377.0,370.0,0.09367088607594937,-3.4448029167856182,-30.456788343386133,30.650980789027226,0.6795235064248554,15.464368345221125,-47.355557274390534,49.81661864362895,0.5310628783275635
1378.0,380.0,0.09620253164556962,-3.1976610974488957,-30.417960070347792,30.585573908877546,0.6780734545374608,15.63474422940392,-47.35807693900694,49.87216336273954,0.5316550047947929
1379.0,390.0,0.09873417721518987,-3.0774147916263255,-30.37707809637525,30.53256221598511,0.6768982004180663,15.805128309446474,-47.35995368994773,49.92762055608158,0.5322461982061899
1380.0,400.0,0.10126582278481013,-2.9234853295290657,-30.455127004861748,30.59512260727567,0.678285146458902,15.97733353705695,-47.36286318203416,49.985157754622044,0.5328595652130192
1381.0,410.0,0.10379746835443038,-2.6725037855660436,-30.471266326847164,30.588238720879545,0.6781325326598878,16.149934087791376,-47.36451076795312,50.04215474305191,0.5334671733878755
1382.0,420.0,0.10632911392405063,-2.505134017250159,-30.424320051558933,30.527282012063814,0.6767811398023577,16.323626330752976,-47.36714895687025,50.100973811777216,0.5340942055869348
1383.0,430.0,0.10886075949367088,-2.3627125960587505,-30.474181112283233,30.56563634665267,0.6776314444665315,16.498594925360607,-47.36922780944986,50.16021708261132,0.5347257599313949
1384.0,440.0,0.11139240506329114,-2.122940625824551,-30.51285490917543,30.586617851752873,0.6780965984534104,16.674089928273354,-47.37113441679092,50.2200124538995,0.5353631998631199
1385.0,450.0,0.11392405063291139,-1.9274343987541278,-30.46899784411487,30.52990063832795,0.6768391940001425,16.85107419837892,-47.37371611082329,50.281484462853214,0.536018513348868
1386.0,460.0,0.11645569620253164,-1.7884627140778664,-30.498403306947644,30.55079709521311,0.6773024624923384,17.028876827192672,-47.37519365912844,50.34274148510014,0.5366715349998344
1387.0,470.0,0.1189873417721519,-1.5561964588195847,-30.554846877566565,30.594450724436644,0.6782702510078943,17.20770033055986,-47.37768268423903,50.40585052545779,0.5373442998227659
1388.0,480.0,0.12151898734177215,-1.3276055068252326,-30.513745161112823,30.542612529695113,0.6771210130079766,17.387894694546834,-47.379374457672256,50.46923821407428,0.5380200351352731
1389.0,490.0,0.1240506329113924,-1.1847978466483235,-30.5091903352878,30.532186964779335,0.676889881205807,17.568865583353045,-47.38126194181231,50.53364246800896,0.5387066073957423
1390.0,500.0,0.12658227848101267,-0.9750175584491476,-30.57086763457881,30.586412133008054,0.6780920377274819,17.75120457880778,-47.38334855655316,50.599278497133675,0.5394063108179741
1391.0,510.0,0.1291139240506329,-0.72187851066174,-30.54854366827059,30.557071666578103,0.6774415679508097,17.934698394363476,-47.38477805650674,50.66528000476447,0.5401099103711093
1392.0,520.0,0.13164556962025317,-0.5507344890198976,-30.51290104074921,30.517870803841316,0.6765724959989158,18.11915392186404,-47.3868354280494,50.73278930562796,0.5408295835365428
1393.0,530.0,0.1341772151898734,-0.3558087390567008,-30.54647031011854,30.5485424900394,0.6772524785383569,18.305167447789778,-47.388299062320186,50.80088624533551,0.5415555211411219
1394.0,540.0,0.13670886075949368,-0.1057405839342828,-30.52505579421249,30.525238939455924,0.676735845465059,18.4920940062126,-47.389907554279695,50.8700391069024,0.542292715248394
1395.0,550.0,0.13924050632911392,0.0790345447805328,-30.46782392661177,30.467926435553263,0.6754652435915991,18.68041904920073,-47.39157169294835,50.940348677463966,0.5430422402850791
1396.0,560.0,0.14177215189873418,0.26099920941045857,-30.466880010724083,30.467997935131407,0.6754668287168639,18.870132162137253,-47.392808781204884,51.01137335916744,0.5437993886609569
1397.0,570.0,0.14430379746835442,0.48541647287163164,-30.42785665840964,30.43172834357029,0.6746627422113178,19.06083944785715,-47.39436557232448,51.08367144656033,0.5445701119945318
1398.0,580.0,0.1468354430379747,0.6424484224054003,-30.35962131030719,30.366418064709404,0.6732148319469581,19.25327581724912,-47.39558474584174,51.156916278205586,0.5453509279586662
1399.0,590.0,0.14936708860759493,0.7912270189453415,-30.365591388360315,30.37589802064083,0.6734249998675088,19.446772709165966,-47.396730894170695,51.23111425936778,0.5461419048357596
1400.0,600.0,0.1518987341772152,1.0075796900904086,-30.34744092792521,30.364162884983223,0.6731648352553122,19.641735492336906,-47.39802181740584,51.306629643294706,0.5469469256950262
1401.0,611.25,0.15474683544303797,1.1697444029212465,-30.26995848029441,30.29255169784997,0.6715772356507522,19.838324824610712,-47.39885416208795,51.38297877435336,0.5477608345953445
1402.0,622.5,0.15759493670886077,1.2848265276569035,-30.256771193512623,30.284038407430838,0.6713884984290418,20.03593926543338,-47.39992929488416,51.460588409074305,0.5485881809131606
1403.0,633.75,0.16044303797468354,1.4536835106556207,-30.26551709205752,30.300407927926944,0.671751406031985,20.235535516825237,-47.400750292947414,51.53938325190795,0.5494281619711274
1404.0,645.0,0.16329113924050634,1.6101927360541937,-30.238346645721276,30.281187699858222,0.6713252990548073,20.43625072185224,-47.40135744634956,51.619076234692585,0.5502777175205089
1405.0,656.25,0.1661392405063291,1.748076763235413,-30.249458220750526,30.299925660289915,0.671740714295952,20.638658767823458,-47.40220883546927,51.70032532021532,0.5511438616787034
1406.0,667.5,0.1689873417721519,1.9301335867670686,-30.25842120190643,30.319918688788512,0.672183954038358,20.84280495959027,-47.402473587246966,51.78240068568825,0.5520188142751382
1407.0,678.75,0.17183544303797468,2.0831601924295096,-30.232636616765667,30.30432103164041,0.671838158425805,21.048153440737256,-47.40304338132884,51.86591641026855,0.5529091216121035
1408.0,690.0,0.17468354430379746,2.2157028900333846,-30.25920929714102,30.340222256685724,0.672634078350706,21.255684755634533,-47.40328116316892,51.95069970140306,0.5538129416595072
1409.0,701.25,0.17753164556962026,2.4079901812755757,-30.290088495226257,30.385652498535517,0.6736412538617274,21.46441995476976,-47.40329952362264,52.03646922804237,0.5547272753282717
1410.0,712.5,0.18037974683544303,2.585053454019093,-30.2707202501353,30.380898700039925,0.6735358635042443,21.675169701223304,-47.40355914701481,52.12399065095995,0.555660284834646
1411.0,723.75,0.18322784810126583,2.729413636535918,-30.28395754226384,30.40670622117672,0.6741080088909032,21.88766324874692,-47.403144593943495,52.21233493998196,0.5566020663864502
1412.0,735.0,0.1860759493670886,2.9113415588615457,-30.31053184238549,30.450028739569674,0.6750684567737347,22.10172431804649,-47.403102709935844,52.30239348595487,0.5575621225272432
1413.0,746.25,0.1889240506329114,3.0861037479317988,-30.30974416457981,30.466450854428032,0.6754325303786962,22.318038652857297,-47.402583897281296,52.39370009313357,0.5585354834445212
1414.0,757.5,0.19177215189873417,3.251367926342755,-30.333814125053078,30.507567467199348,0.6763440739627331,22.535791916051572,-47.40194185202894,52.48624589953742,0.5595220546664172
1415.0,768.75,0.19462025316455697,3.4477364021019556,-30.34934701201362,30.54455353011399,0.6771640444339425,22.755842806950493,-47.40139099218696,52.580607165083435,0.5605279793286666
1416.0,780.0,0.19746835443037974,3.6192531195749087,-30.34217125908563,30.557263455015647,0.677445819845797,22.977686046950478,-47.40023074791406,52.67595211315805,0.5615443903966421
1417.0,791.25,0.20031645569620254,3.783978667124371,-30.3714335219787,30.60624885106347,0.6785318121119218,23.201527742631974,-47.39935556770258,52.77319203748831,0.5625810025856908
1418.0,802.5,0.20316455696202532,3.9850117799997737,-30.392676362142172,30.652815455364824,0.6795641804545519,23.427659665094087,-47.39796110782649,52.871750061469584,0.5636316661859686
1419.0,813.75,0.2060126582278481,4.16712720761337,-30.391597869398797,30.67595426746619,0.6800771613226635,23.655592083677696,-47.39648863593055,52.97182432053146,0.5646984933916464
1420.0,825.0,0.2088607594936709,4.346479806327078,-30.414602555047832,30.723605506000286,0.6811335756970371,23.886028972515597,-47.39492012477669,53.07373016577803,0.5657848459576885
1421.0,836.25,0.21170886075949366,4.544674073906219,-30.425094302168663,30.762646598332392,0.6819991055846049,24.11847207645089,-47.39288928262317,53.1769371989166,0.5668850696495914
1422.0,847.5,0.21455696202531646,4.721966533713806,-30.432762597504258,30.796915547852635,0.6827588384264272,24.35326050111804,-47.39092725266788,53.282091577780385,0.5680060527397452
1423.0,858.75,0.21740506329113923,4.9140654115152405,-30.46315555906665,30.85695846133484,0.6840899727019085,24.590507825830784,-47.38851499189627,53.388804334517765,0.5691436486924659
1424.0,870.0,0.22025316455696203,5.121873630731893,-30.46928748054584,30.896780885091154,0.6849728244844171,24.8299362869687,-47.385956892123225,53.497239616610926,0.5702996073783134
1425.0,881.25,0.2231012658227848,5.3052470807339045,-30.47457091519074,30.93291320022453,0.6857738676106935,25.0720666492477,-47.38319571742144,53.60760918432928,0.5714761862370988
1426.0,892.5,0.2259493670886076,5.500928977338906,-30.498250838860447,30.99037792353909,0.6870478441451221,25.31658362104275,-47.38002360429189,53.71960575976435,0.572670109576996
1427.0,903.75,0.22879746835443038,5.70308092387914,-30.507264487086996,31.0357587068432,0.688053923174285,25.563701153415444,-47.3767710491652,53.83364423579507,0.5738858003037031
1428.0,915.0,0.23164556962025318,5.897652193765495,-30.52525184855208,31.08976200964168,0.6892511610026184,25.813622010884654,-47.37307732700971,53.94952767867083,0.5751211590333742
1429.0,926.25,0.23449367088607595,6.110920568511868,-30.540923717352623,31.146289854552716,0.6905043672099168,26.066074204912,-47.36914575858151,54.067330194431825,0.5763769757627634
1430.0,937.5,0.23734177215189872,6.311797053045695,-30.540693512820372,31.18609854218486,0.691386914466468,26.321541755929907,-47.364975511217764,54.1873090823619,0.5776559933937769
1431.0,948.75,0.24018987341772152,6.50684789021036,-30.561242186286123,31.246257270834366,0.6927206163311932,26.579787244333705,-47.360294664184046,54.30913919988407,0.5789547457908665
1432.0,960.0,0.2430379746835443,6.723056444646037,-30.580044353176277,31.31035931764637,0.6941417404354598,26.840997567984655,-47.35551380823243,54.43329714876962,0.5802783136984776
1433.0,971.25,0.2458860759493671,6.934938972725768,-30.588145210806527,31.364438556951995,0.6953406617545096,27.105405374218858,-47.35017050657251,54.55952389365419,0.5816239357074673
1434.0,982.5,0.24873417721518987,7.148777270868448,-30.59974900600883,31.42371167922758,0.6966547299783842,27.37272813507047,-47.34455648375243,54.687962790724825,0.5829931400457925
1435.0,993.75,0.25158227848101267,7.359935470512284,-30.60498574707253,31.477512651234335,0.6978474821907436,27.64355174500784,-47.33859402166527,54.81886935195735,0.5843886505620207
1436.0,1005.0,0.25443037974683547,7.567878765171817,-30.624261474454066,31.54549381227167,0.6993546051515676,27.91749407069925,-47.33205163811985,54.95188429400007,0.585806637167798
1437.0,1016.25,0.2572784810126582,7.797334348256048,-30.642714539980624,31.61920899259236,0.7009888496853082,28.194972113643136,-47.325336129634564,55.087601983313895,0.5872534360210595
1438.0,1027.5,0.260126582278481,8.022347116711533,-30.64364082184236,31.67634410848407,0.7022555189171336,28.47603027839557,-47.31790220207765,55.22561153325046,0.5887246669239498
1439.0,1038.75,0.2629746835443038,8.239344296649596,-30.652578430979897,31.740626315592863,0.7036806371238217,28.760561399725447,-47.31021241074629,55.36629019879614,0.5902243515488419
1440.0,1050.0,0.26582278481012656,8.462415358577818,-30.66515192724204,31.81138186910355,0.7052492675748846,29.049103909351604,-47.30192328612933,55.50966028092021,0.5917527276320027
1441.0,1068.75,0.27056962025316456,8.690369290658898,-30.681973802425134,31.888964154088313,0.7069692447166332,29.34126212635314,-47.293085079709954,55.655597737550615,0.5933084728408129
1442.0,1087.5,0.27531645569620256,8.932065332839787,-30.69230968683796,31.965601277355717,0.7086682678925449,29.637630093578583,-47.283850688790196,55.804584520661024,0.5948967249547787
1443.0,1106.25,0.2800632911392405,9.164666647584216,-30.689996906983847,32.029158979155554,0.7100773240230681,29.93802422768524,-47.273820168748706,55.95622724956232,0.5965132903957989
1444.0,1125.0,0.2848101265822785,9.391454868993167,-30.701865397257794,32.106135915548464,0.7117838807591018,30.24267247594283,-47.26341642401475,56.11104856048386,0.5981637406520198
1445.0,1143.75,0.28955696202531644,9.633257365023585,-30.717701247892045,32.19280692042136,0.713705352229851,30.551851084161814,-47.25219357302286,56.2688670770189,0.5998461421864164
1446.0,1162.5,0.29430379746835444,9.881863016069142,-30.72673384146734,32.27666942596044,0.7155645600709876,30.86540950337419,-47.24039460149806,56.429853676190135,0.6015623166088442
1447.0,1181.25,0.2990506329113924,10.131783431820852,-30.72784475360974,32.35511518618441,0.7173036802126387,31.183874106607835,-47.22789445244723,56.59424015488027,0.6033147349565412
1448.0,1200.0,0.3037974683544304,10.372886164408401,-30.729842882586922,32.43331637326429,0.7190373782374055,31.50707825816501,-47.21455494542503,56.761872582400706,0.6051017562736017
1449.0,1218.75,0.30854430379746833,10.621252045261269,-30.744956471867376,32.52788562858007,0.7211339516689211,31.83540951313168,-47.20056750603237,56.93317900627291,0.6069279436988938
1450.0,1237.5,0.31329113924050633,10.88450414232962,-30.754051827856035,32.62336791710577,0.7232507667864223,32.168997051126,-47.18560388967352,57.108016825210505,0.6087917770519709
1451.0,1256.25,0.3180379746835443,11.147892009835065,-30.754357610497514,32.712474811565556,0.7252262412349144,32.50793626342702,-47.16985959987891,57.28666140367513,0.610696191815962
1452.0,1275.0,0.3227848101265823,11.407641498979999,-30.753346328766533,32.80095417798556,0.7271878035656538,32.85263087572991,-47.15314504260355,57.46924780146134,0.6126426277763282
1453.0,1293.75,0.3275316455696203,11.667813375463089,-30.761054742773307,32.899549508352415,0.7293736339333391,33.203069129849325,-47.13540452148103,57.655790334061045,0.6146312375413062
1454.0,1312.5,0.3322784810126582,11.943477959235839,-30.77117965675725,33.00775913677243,0.7317726105481176,33.55965690038973,-47.11670284114935,57.846644309700864,0.6166658088230025
1455.0,1331.25,0.3370253164556962,12.224774803105797,-30.769660152548596,33.10916949864474,0.7340208493617988,33.922560538344,-47.09677120185344,58.041760579063634,0.6187458176722097
1456.0,1350.0,0.34177215189873417,12.502305456854032,-30.766074530729746,33.20932073630684,0.736241173750678,34.29198275056662,-47.075752774673944,58.24145070538147,0.6208745854638291
1457.0,1368.75,0.34651898734177217,12.781154210848685,-30.767619819256996,33.31672751492606,0.7386223514142408,34.668357963200066,-47.05341404569229,58.445862276297454,0.6230536855346442
1458.0,1387.5,0.3512658227848101,13.07072066690949,-30.773531349181685,33.43432323902254,0.7412294150944744,35.05174247807203,-47.02972311297793,58.65508935150001,0.6252841205943978
1459.0,1406.25,0.3560126582278481,13.370722107702987,-30.77181937940312,33.551171031724465,0.7438198973489032,35.44267587257347,-47.00466336662355,58.86953075418474,0.6275701422402472
1460.0,1425.0,0.36075949367088606,13.669969108615401,-30.764589064233512,33.664937185767265,0.7463420605527414,35.841305435916645,-46.97795256681597,59.089146234487764,0.629911321394323
1461.0,1443.75,0.36550632911392406,13.970356059743642,-30.760232850677806,33.78406093802126,0.7489830001816326,36.24805026586982,-46.949735742761696,59.31440663441033,0.6323126773998735
1462.0,1462.5,0.370253164556962,14.279116956755951,-30.759942559203346,33.912641408628204,0.7518335925605841,36.663328458165445,-46.919632921728926,59.54537435553759,0.6347748754799972
1463.0,1481.25,0.375,14.59965976484193,-30.75563225873364,34.04495529272438,0.7547669536523083,37.087371563817946,-46.88773144366726,59.78237607728683,0.6373013981535074
1464.0,1500.0,0.379746835443038,14.923738043544246,-30.744849282420933,34.1754841164117,0.7576607404636353,37.52084006691514,-46.85376741199357,60.025735814100734,0.63989569952964
1465.0,1518.75,0.38449367088607594,15.250260073292539,-30.734117190915697,34.309712791103344,0.7606365519170123,37.963919791982875,-46.81759495600889,60.27558712643966,0.6425592034104195
1466.0,1537.5,0.38924050632911394,15.583810433886176,-30.725755693891518,34.45180997567481,0.763786805991351,38.417332623241165,-46.77914570404716,60.532469953614346,0.6452976657409969
1467.0,1556.25,0.3939873417721519,15.92873593153164,-30.716019172186673,34.60055580713417,0.7670844586718658,38.881432563861466,-46.7380455986473,60.796469507688855,0.648111994912291
1468.0,1575.0,0.3987341772151899,16.281796500875803,-30.70073794019637,34.751002969246,0.7704198293679478,39.356848526117254,-46.69431364174564,61.068162346524325,0.6510083372362275
1469.0,1593.75,0.40348101265822783,16.639971591730337,-30.68220443958279,34.90395856985202,0.7738108114303662,39.84421573151727,-46.64749682668955,61.34778306879311,0.6539891936181188
1470.0,1612.5,0.40822784810126583,17.004613748176702,-30.664029326291363,35.06336525846224,0.7773448122748275,40.34407183989444,-46.59751203209969,61.63580339546357,0.6570595927713141
1471.0,1631.25,0.4129746835443038,17.38050637821649,-30.645639422115142,35.23119665230691,0.781065586432708,40.857287250362184,-46.543972257938634,61.932699561753076,0.6602246115326645
1472.0,1650.0,0.4177215189873418,17.768131832066285,-30.623007758414218,35.40445046845925,0.7849065741473807,41.3844516471443,-46.48657095262322,62.23884733081179,0.6634882556710384
1473.0,1668.75,0.4224683544303797,18.164911400574827,-30.5947442915759,35.580927256855595,0.7888190142379312,41.9265452819462,-46.42500627529553,62.55490713717281,0.6668575656535255
1474.0,1687.5,0.4272151898734177,18.569090332884926,-30.56374710397263,35.76246290213295,0.7928436077434066,42.48437875883028,-46.358759270984,62.88129292300528,0.6703369542509202
1475.0,1706.25,0.4319620253164557,18.98453785125163,-30.53268496023828,35.95354681122249,0.7970798835356765,43.0589665733612,-46.287500352257034,63.21872579565355,0.6739341087240658
1476.0,1725.0,0.43670886075949367,19.415572462336367,-30.498364890915596,36.15404147615681,0.8015247931023036,43.651427863137855,-46.210587164383455,63.567802546319065,0.6776553910794947
1477.0,1743.75,0.44145569620253167,19.860397314211056,-30.45606166496531,36.35941519907177,0.8060778699934893,44.262857807243364,-46.12750294813203,63.92923517057102,0.6815083914432855
1478.0,1762.5,0.4462025316455696,20.315092513603368,-30.407716106977496,36.569552672664756,0.8107365578792057,44.8946728297027,-46.03754019196216,64.30386267878919,0.6855020539645867
1479.0,1781.25,0.4509493670886076,20.78261699250549,-30.3580429499514,36.790324010645406,0.8156309955070034,45.548193820612546,-45.93987940405212,64.69242985063198,0.6896443182595324
1480.0,1800.0,0.45569620253164556,21.269846592850808,-30.304796778446253,37.02414187886511,0.8208146709910297,46.225091357625296,-45.83369782679111,65.09598242210038,0.6939463322459416
1481.0,1840.0,0.46582278481012657,21.77658473786952,-30.241002348188843,37.2657733834785,0.8261715725664722,46.927078861902025,-45.71782467916405,65.51541974150783,0.6984176832968023
1482.0,1880.0,0.4759493670886076,22.29747775299959,-30.16696722103595,37.512976760856624,0.8316520009727367,47.656093962656676,-45.59115710338244,65.95192868902971,0.7030710239770485
1483.0,1920.0,0.4860759493670886,22.83498706158822,-30.088730817945017,37.772587366205876,0.8374074940861954,48.41437084210374,-45.45213590610369,66.40668612770604,0.7079189000653868
1484.0,1960.0,0.4962025316455696,23.39793760409352,-30.00427704950954,38.04891753241843,0.8435336550977524,49.20423150182083,-45.29913656791312,66.8810000783722,0.7129752555292859
1485.0,2000.0,0.5063291139240507,23.987502596656483,-29.9049364165679,38.33673829244698,0.8499145592985891,50.028518704041446,-45.13008960365787,67.37638808480915,0.7182562679253572
1486.0,2040.0,0.5164556962025316,24.598306412201783,-29.789526411820606,38.63279128135999,0.8564779696670348,50.8901514674148,-44.94255218140348,67.89433343773688,0.7237777496603959
1487.0,2080.0,0.5265822784810127,25.232995916301167,-29.663648396889517,38.94401262230636,0.8633776580760213,51.792676907155105,-44.733640160114135,68.43668565311688,0.729559417232566
1488.0,2120.0,0.5367088607594936,25.90183586461059,-29.52457181801878,39.276016119186224,0.870738080957689,52.739875699242795,-44.49968992392813,69.00519467472961,0.7356199256651562
1489.0,2160.0,0.5468354430379747,26.607427262190782,-29.36175487480662,39.62408150154403,0.878454591261645,53.736157773222416,-44.23641580950676,69.60197652294245,0.7419818324881132
1490.0,2200.0,0.5569620253164557,27.345649307400294,-29.171845138397252,39.98476065730485,0.8864507453261403,54.78643142668586,-43.93826373020751,70.2290829222212,0.7486670098141981
1491.0,2240.0,0.5670886075949367,28.12050887903826,-28.957551468360574,40.36462320719495,0.8948721897698761,55.89619240037944,-43.59851299794646,70.88874847599119,0.7556992793109444
1492.0,2280.0,0.5772151898734177,28.94331735352641,-28.712762783073295,40.76933119471035,0.9038444504830817,57.071664341529754,-43.208461077578896,71.58314032930443,0.7631017435156261
1493.0,2320.0,0.5873417721518988,29.818295362365124,-28.423119388746844,41.19471390972636,0.9132750640112363,58.31956758027073,-42.75711029745773,72.31419254709776,0.7708950202485649
1494.0,2360.0,0.5974683544303797,30.743743587869403,-28.07941397867562,41.63689780930497,0.923078155011634,59.647278909112494,-42.230161606388265,73.08340735463233,0.779095123765501
1495.0,2400.0,0.6075949367088608,31.725150290940416,-27.675353586603837,42.100004241404804,0.9333450925936457,61.06220568811559,-41.608903497681894,73.89109427919674,0.7877053537374538
1496.0,2440.0,0.6177215189873417,32.77312514394938,-27.19384484565531,42.586182373987704,0.9441235231983228,62.571309309098844,-40.86868318510032,74.73565423503712,0.7967086633413696
1497.0,2480.0,0.6278481012658228,33.890442647447564,-26.607206335155073,43.08718523878589,0.95523061389013,64.17937303154883,-39.97659783847138,75.61164128268591,0.8060469969249864
1498.0,2520.0,0.6379746835443038,35.071749704696956,-25.88647360723323,43.59056254703412,0.9663903453163423,65.88609009216594,-38.888994488166404,76.50706346432102,0.815592515951463
1499.0,2560.0,0.6481012658227848,36.309966657776016,-24.99768332884198,44.08285211392146,0.977304264677364,67.68031578325173,-37.54832326974325,77.39833153815277,0.8250937507108216
1500.0,2600.0,0.6582278481012658,37.58764891296792,-23.891467417736937,44.53800137160764,0.9873947939709746,69.52964982129387,-35.881802256459686,78.24241776327868,0.8340920101767786
1501.0,2667.5,0.6753164556962026,38.85717937801622,-22.50738560404982,44.90504198800752,0.9955319798043778,71.36374096698465,-33.80539902449761,78.9657427496784,0.8418029118738934
1502.0,2735.0,0.6924050632911393,40.027383877962336,-20.794518928835135,45.10657909435653,1.0,73.05224261503677,-31.243272285168345,79.45295598133126,0.8469967782623729
1503.0,2802.5,0.709493670886076,40.96208361148688,-18.742075762133283,45.046172952516024,0.9986608130553606,74.39289897394436,-28.174604333934532,79.5494295838836,0.8480252211886297
1504.0,2870.0,0.7265822784810126,41.50270125006226,-16.419796610012675,44.63276746703147,0.9894957312915724,75.14547349197913,-24.702445423604104,79.10153599165997,0.843250516145473
1505.0,2937.5,0.7436708860759493,41.535336196329204,-13.998234575033221,43.83075089659942,0.9717152525557686,75.13941586386942,-21.084325343912475,78.04153119699447,0.8319504879094523
1506.0,3005.0,0.760759493670886,41.06587188177777,-11.69530917264205,42.69878323856865,0.9466198522669803,74.38661357624814,-17.645959703325918,76.45095272914175,0.814994355551566
1507.0,3072.5,0.7778481012658228,40.2176869699156,-9.674868330396277,41.36502656134314,0.9170508469465928,73.07235707975535,-14.628447981400877,74.52221722101285,0.7944333488359787
1508.0,3140.0,0.7949367088607595,39.153371013650435,-7.995484414649281,39.96140929393584,0.8859330522570171,71.43579850774883,-12.117178496528084,72.45618899139268,0.7724087528637587
1509.0,3207.5,0.8120253164556962,38.00436080591356,-6.634751107442805,38.57915709970569,0.8552889151492422,69.67056130934948,-10.082053245699088,70.39627057457615,0.750449289669754
1510.0,3275.0,0.8291139240506329,36.850148340764974,-5.538613175867776,37.2640533040661,0.8261334388962419,67.89855457370011,-8.44514707247329,68.42173793666335,0.7294000692571239
1511.0,3342.5,0.8462025316455696,35.73217985875003,-4.654025409753044,36.03399270095792,0.7988633459784201,66.18459842230838,-7.123849519216842,66.56688591405393,0.7096266867831884
1512.0,3410.0,0.8632911392405064,34.67261561740979,-3.93581558961744,34.895285041221904,0.7736185217731972,64.55801389233902,-6.047551463871409,64.84065111048479,0.6912244096232172
1513.0,3477.5,0.8803797468354431,33.68008735622877,-3.3441131698205395,33.845699537988104,0.7503495103715963,63.02843308637568,-5.160843002190173,63.23936810102542,0.6741541630433788
1514.0,3545.0,0.8974683544303798,32.751398013906986,-2.8486525338192132,32.87504970526714,0.7288304802830917,61.59556156212858,-4.421662650597932,61.754063062681674,0.6583202828978796
1515.0,3612.5,0.9145569620253164,31.881243787215876,-2.4315079233395616,31.97383205374598,0.7088507418587715,60.25436182296992,-3.798382563625506,60.37396648219354,0.6436079623438273
1516.0,3680.0,0.9316455696202531,31.068501931397133,-2.0784912243471485,31.137950125705377,0.6903194777987758,58.997955817758196,-3.267233199185717,59.08835421173964,0.6299028781500449
1517.0,3747.5,0.9487341772151898,30.309684960819308,-1.7738545806776365,30.361547432525686,0.6731068514199149,57.81894719440084,-2.8101575373399754,57.88719754879814,0.6170981207796723
1518.0,3815.0,0.9658227848101266,29.596200046446846,-1.5072743242712734,29.634556400896365,0.6569896674918551,56.71016772743334,-2.413389197543736,56.761497259079086,0.6050977551934621
1519.0,3882.5,0.9829113924050633,28.922900828422335,-1.2754647299844215,28.9510103901088,0.6418356472909952,55.6649408757193,-2.066229902718835,55.70327592438541,0.5938167392752542
1520.0,3950.0,1.0,28.289572194019303,-1.0731045615519312,28.30991784376376,0.627622808294627,54.677199822873085,-1.7603741161656066,54.70553077614053,0.5831804210206019
1521.0,3897.5,0.9867088607594937,27.692413187104993,-0.8920763894787798,27.706778022895623,0.6142513704029072,53.74150989529355,-1.489216314325962,53.76213956918743,0.5731235351179795
1522.0,3845.0,0.9734177215189873,27.124674723032257,-0.7294291614968434,27.13448075294508,0.6015637030727516,52.85300014949787,-1.2475444700034328,52.86772164570229,0.5635887218406731
1523.0,3792.5,0.960126582278481,26.584363815556365,-0.5855858397312944,26.590812515858865,0.5895107332399266,52.00735874112567,-1.031138635425476,52.01757981791933,0.5545259074959501
1524.0,3740.0,0.9468354430379747,26.071820327679003,-0.45710840991657736,26.07582718337412,0.5780936552254873,51.200712553156166,-0.8366299239126872,51.20754744742722,0.5458906742359534
1525.0,3687.5,0.9335443037974683,25.583392715707447,-0.33961118669018053,25.585646730232128,0.5672264943149558,50.42963967377594,-0.6612721810539833,50.43397504187343,0.537644117173801
1526.0,3635.0,0.920253164556962,25.11483790682213,-0.23306861610785082,25.115919335468575,0.5568127718781256,49.69104483734113,-0.5028693392147232,49.693589270639016,0.5297513414405205
1527.0,3582.5,0.9069620253164556,24.665795310525926,-0.13816339736692362,24.666182262870247,0.5468422291850621,48.98219017810251,-0.3596609476692035,48.98351059939539,0.5221816501756985
1528.0,3530.0,0.8936708860759494,24.236206856682454,-0.052533287285219395,24.236263790984257,0.5373110592201072,48.30058955748334,-0.23027722772426906,48.30113848763896,0.514907320692355
1529.0,3477.5,0.8803797468354431,23.82325351400465,0.0258820581084056,23.82326757339276,0.5281550508088383,47.644057150283615,-0.11370662627151659,47.644192835395465,0.5079040463135585
1530.0,3425.0,0.8670886075949367,23.42441912689391,0.09629607354722046,23.424617059114837,0.519317082550505,47.010643828580974,-0.00926611518141911,47.010644741787885,0.5011501982341242
1531.0,3372.5,0.8537974683544304,23.039794649882293,0.15780134073272442,23.04033504035655,0.5107976597418185,46.39872569973,0.08337385505517539,46.398800606895996,0.49462772207635947
1532.0,3320.0,0.8405063291139241,22.669664825514662,0.21158392398069922,22.67065219745704,0.5026018965001373,45.80703335669969,0.16422305204314694,45.80732773424597,0.4883224108217112
1533.0,3267.5,0.8272151898734177,22.312339778322343,0.25860709570255325,22.31383839713045,0.494691436263723,45.23485083710753,0.23296775258956195,45.23545074639043,0.48222599867072913
1534.0,3215.0,0.8139240506329114,21.966685190576037,0.29732052741521053,21.968697224867366,0.48703975486396295,44.68221108841246,0.28916865915639417,44.68314678111746,0.4763382419041003
1535.0,3162.5,0.8006329113924051,21.634781083430934,0.326554597054732,21.63724544466875,0.47969156338384067,44.150163597354386,0.3326289119181505,44.151416598634746,0.470669808981686
1536.0,3110.0,0.7873417721518987,21.318808144889093,0.3485132614641529,21.32165664792504,0.47269504972485654,43.640684464963954,0.36420327376700967,43.642204167470375,0.46524142329961365
1537.0,3057.5,0.7740506329113924,21.018222442073917,0.3656602723157387,21.021402951735872,0.46603851087359327,43.15586638906535,0.3865509173712311,43.157597539744735,0.46007534423636715
1538.0,3005.0,0.760759493670886,20.73294567701513,0.37879626945311917,20.736405741106918,0.4597202039580371,42.6963437440594,0.4040603926382049,42.69825563078402,0.45517859606374983
1539.0,2952.5,0.7474683544303797,20.46387678590792,0.39073600111286777,20.46760679052113,0.4537610078500038,42.260300385919095,0.4212594103707241,42.26239993420794,0.45053221927099746
1540.0,2900.0,0.7341772151898734,20.208383377938564,0.4054355009926903,20.212450041872927,0.4481042554699473,41.844151409564304,0.44111859990506014,41.84647646822519,0.4460983271477908
1541.0,2852.5,0.7221518987341772,19.962100897281868,0.42279248976523587,19.966577716841297,0.44265333611476193,41.4441032968166,0.46460445621404084,41.446707412989255,0.4418366467905063
1542.0,2805.0,0.710126582278481,19.72417496267683,0.4409215662813477,19.72910260974633,0.4373885806874394,41.05714432826531,0.49140070711538775,41.060084937162046,0.437715113646964
1543.0,2757.5,0.6981012658227848,19.494624113568303,0.46064883002928453,19.500065812040894,0.4323109001737759,40.68120652559926,0.5206737635520812,40.68453840891539,0.4337116540451931
1544.0,2710.0,0.6860759493670886,19.27107951463735,0.4823996756947574,19.277116358692908,0.4273681743491992,40.31494864729433,0.5515675319696498,40.31872159650281,0.42981191667581853
1545.0,2662.5,0.6740506329113924,19.052376451105438,0.5041791290061856,19.059046278047663,0.4225336228264807,39.95749177643336,0.5833520452133155,39.96174981995151,0.42600647053558194
1546.0,2615.0,0.6620253164556962,18.83960216766211,0.5253845247606262,18.84692650632025,0.41783098795621737,39.60823362218243,0.6154831816960965,39.61301541433489,0.4222888377001727
1547.0,2567.5,0.65,18.632449497402714,0.5471280858995685,18.640480772116444,0.4132541448803557,39.26672757219241,0.6475557371944254,39.272066697100996,0.4186542030728889
1548.0,2520.0,0.6379746835443038,18.42946619040866,0.5690299708118968,18.43824880977307,0.40877071992542113,38.93261878446265,0.6792944690686527,38.938544482196576,0.4150987376026131
1549.0,2472.5,0.6259493670886076,18.230788444343247,0.5898913379310241,18.240329467774572,0.40438290453413456,38.605604170235516,0.7105013701864071,38.612141685562364,0.4116191676640199
1550.0,2425.0,0.6139240506329114,18.037206059546392,0.6100770829317823,18.047520507860785,0.4001083848568508,38.285413972447635,0.7410520702936081,38.29258519886814,0.40821258182514375
1551.0,2377.5,0.6018987341772152,17.848002365436272,0.6304223255008649,17.85913269856934,0.395931880828528,37.971799009347784,0.7708589842864074,37.979622741411745,0.4048762906839442
1552.0,2330.0,0.589873417721519,17.66221971052872,0.6502194891544884,17.674184294814445,0.3918316274404797,37.66452559281581,0.7998756707130013,37.673018052984226,0.4016077756225377
1553.0,2282.5,0.5778481012658228,17.480541594495886,0.6687701595023278,17.493329813478667,0.38782213514541003,37.36337168918766,0.8280711447646854,37.37254668610612,0.39840464395094016
1554.0,2235.0,0.5658227848101266,17.30332998506472,0.6870579528244348,17.316965011299732,0.3839121777573757,37.068124736318694,0.8554383763297648,37.07799409734809,0.3952646085598653
1555.0,2187.5,0.5537974683544303,17.129343714826927,0.7053394313441983,17.14385953669971,0.3800744787326302,36.77858178804312,0.8819751525834502,36.78915544708184,0.39218548578599843
1556.0,2140.0,0.5417721518987342,16.958503873670136,0.7224805470509114,16.973886760967623,0.3763062307487489,36.49454655711438,0.9076937834918135,36.505832909467756,0.3891651667355071
1557.0,2092.5,0.529746835443038,16.7917539300645,0.7388645035527673,16.808001689744287,0.3726286060085457,36.21583232606785,0.9326065822087203,36.227838275379334,0.386201645032143
1558.0,2045.0,0.5177215189873418,16.62832188412197,0.7553882812500433,16.64547085958879,0.36902534383662383,35.94225731159156,0.9567346420212789,35.95498855274328,0.3832929699153
1559.0,1997.5,0.5056962025316456,16.46747715370703,0.7712235224725759,16.485526668246845,0.365479426709826,35.67364944116356,0.9800973146406153,35.687110491004944,0.3804372944724272
1560.0,1950.0,0.4936708860759494,16.310032108760403,0.7860737214747291,16.32896381539222,0.3620084728933745,35.40984046728441,1.0027189801089034,35.42403488130063,0.377632814876837
1561.0,1925.0,0.4873417721518987,16.15590781147218,0.8008512721240203,16.17574480426946,0.35861165109489035,35.150671750009366,1.0246219754517927,35.16560215138489,0.37487783003162106
1562.0,1900.0,0.4810126582278481,16.00420933743963,0.8153704923885002,16.024966319978574,0.3552689350805484,34.89598767661147,1.0458310709139393,34.911655912533114,0.37217067277733545
1563.0,1875.0,0.47468354430379744,15.855205773471873,0.828994791239256,15.876863118482746,0.3519855293231307,34.64564190065333,1.0663694648693973,34.66204908172498,0.36950977515665473
1564.0,1850.0,0.46835443037974683,15.709307153234963,0.8422216033332816,15.731867926721241,0.34877102725552334,34.39949060863829,1.0862607540037816,34.41663720585559,0.36689359724808773
1565.0,1825.0,0.4620253164556962,15.565858461692963,0.8554207243610661,15.589345536780074,0.3456113464993518,34.15739850062937,1.1055278635107333,34.175284405368096,0.36432069052721594
1566.0,1800.0,0.45569620253164556,15.42458078034313,0.8679815937293374,15.448983277108677,0.34249955521547326,33.919232806701665,1.1241925230022507,33.93785737232097,0.3617896338839544
1567.0,1775.0,0.44936708860759494,15.286043648316037,0.8799150809542429,15.31134811072865,0.3394482228124525,33.68486804633614,1.1422766484114442,33.70423016834213,0.359299084770451
1568.0,1750.0,0.4430379746835443,15.14996117987417,0.8918559704579371,15.176189601600786,0.3364517971946922,33.45418166878793,1.1597999515766289,33.474279783976584,0.3568477318621518
1569.0,1725.0,0.43670886075949367,15.015748177019942,0.903413213145021,15.042900277186002,0.3334968108691727,33.22705693923292,1.1767828433107688,33.24788911650387,0.354434326802394
1570.0,1700.0,0.43037974683544306,14.883878288163784,0.9142827956399874,14.911933004385332,0.3305933037659915,33.00338063468493,1.1932431173738862,33.024944548856645,0.3520576583928176
1571.0,1675.0,0.4240506329113924,14.75436165723062,0.9250765654160834,14.783333675603723,0.3277422933066837,32.783043832410925,1.2091993297500474,32.80533685144604,0.3497165622071438
1572.0,1650.0,0.4177215189873418,14.62657883006004,0.9356629255244707,14.656475476121862,0.32492988318760785,32.56594168348204,1.2246675988212548,32.588960837368774,0.34740991691556067
1573.0,1625.0,0.41139240506329117,14.50077641333842,0.945630459020484,14.531577118628904,0.3221609222067343,32.35197234571485,1.2396643703128398,32.37571439225583,0.3451366339425646
1574.0,1600.0,0.4050632911392405,14.377145499188735,0.9554002011301366,14.408854994383226,0.31944020769657466,32.14103828584886,1.2542043146889563,32.165499693855004,0.3428956704681442
1575.0,1575.0,0.3987341772151899,14.255182693568111,0.9650671932956695,14.287812579768094,0.31675673187008985,31.933044187518195,1.2683016907399178,31.958221168593276,0.3406860076440082
1576.0,1550.0,0.3924050632911392,14.134899770595595,0.9742227153499072,14.168433273438781,0.3141101266801998,31.727898766382097,1.2819697975280706,31.75378728107192,0.33850666967024007
1577.0,1525.0,0.3860759493670886,14.016585855777295,0.9830875882729294,14.051019189318348,0.3115070899064551,31.525512727629263,1.2952208184540865,31.55210848276976,0.33635670192774486
1578.0,1500.0,0.379746835443038,13.89986112528366,0.9919003008658959,13.935207408181258,0.308939575733083,31.325800068418683,1.3080665876514426,31.353098541041682,0.334235185145846
1579.0,1475.0,0.37341772151898733,13.78459659540227,1.0002887368122482,13.820842262864058,0.30640413306344577,31.12867694489897,1.3205174668073716,31.156673357725918,0.33214122280821895
1580.0,1450.0,0.3670886075949367,13.671097653565791,1.0083552010304202,13.708234432806334,0.3039076495721536,30.93406187176274,1.3325836120393906,30.962751217699005,0.3300739438025752
1581.0,1440.0,0.36455696202531646,13.559077558389257,1.0163685583504454,13.597116947383315,0.3014442065965607,30.741875720911047,1.3442738240284298,30.7712527361807,0.3280325018589142
1582.0,1430.0,0.3620253164556962,13.448365885129748,1.0240276362611245,13.487296896715375,0.2990095273796284,30.552040979487746,1.3555963967585507,30.582100150303663,0.32601606799740396
1583.0,1420.0,0.3594936708860759,13.339215885496694,1.0313672221279135,13.37902831997777,0.2966092438974534,30.364482374300813,1.3665586677617976,30.395217920779245,0.32402383694235204
1584.0,1410.0,0.3569620253164557,13.231426859064538,1.0386301843210641,13.272129044978325,0.29423931744446685,30.17912591206182,1.377167022895673,30.21053176998102,0.3220550168678349
1585.0,1400.0,0.35443037974683544,13.124816040643466,1.0455913940321362,13.16639880392532,0.29189530814081666,29.995899331004818,1.3874271970378422,30.027969143830816,0.32010883432156595
1586.0,1390.0,0.3518987341772152,13.019587828831815,1.0522420804477872,13.0620396810196,0.28958169613562745,29.814731607941347,1.3973437318599184,29.847458691797282,0.31818452868149627
1587.0,1380.0,0.3493670886075949,12.915588932072268,1.0587990526410413,12.958915575623651,0.2872954641165637,29.635552800352844,1.4069204652631506,29.668930128639246,0.316281350681949
1588.0,1370.0,0.3468354430379747,12.812649382636575,1.0650736610961815,12.856841218041788,0.2850325047072869,29.45829410796084,1.4161600881868965,29.492314272476037,0.3143985628194629
1589.0,1360.0,0.34430379746835443,12.710936729617742,1.0710597066878775,12.755982182475629,0.2827964886406467,29.282887335425034,1.425064252725753,29.31754250996479,0.3125354336513922
1590.0,1350.0,0.34177215189873417,12.610307490802022,1.0769287754969823,12.656209171788802,0.28058454943598843,29.109265041850094,1.4336335471049928,29.144546941478794,0.3106912393435588
1591.0,1340.0,0.3392405063291139,12.510630487230221,1.0825183479103457,12.557377160919268,0.2783934719290289,28.937360136351817,1.4418671922352746,28.973259959158334,0.308865259172125
1592.0,1330.0,0.3367088607594937,12.412030894234551,1.08783938782695,12.459610967166697,0.27622602328372026,28.76710570454213,1.4497631705831848,28.80361407648491,0.30705677370679346
1593.0,1320.0,0.3341772151898734,12.314366938022829,1.0930151113794795,12.362779425273818,0.2740792956037,28.598434893403105,1.4573178967784106,28.635541793451143,0.3052650633734704
1594.0,1310.0,0.33164556962025316,12.217547326954296,1.0979001248057338,12.266778198468273,0.27195097577246813,28.431280502144226,1.4645261017411821,28.46897517815293,0.3034894039938899
1595.0,1300.0,0.3291139240506329,12.121658685635817,1.1025299776232862,12.17169592302602,0.2698430288309953,28.265574865125732,1.4713806698343301,28.303845737489272,0.30172906540722677
1596.0,1290.0,0.3265822784810127,12.02655222482415,1.1069740234720324,12.077390028688505,0.26775229403729167,28.101249511323964,1.4778722584216077,28.140084052999867,0.2999833075879968
1597.0,1280.0,0.3240506329113924,11.93218125553161,1.1111056680330738,11.98380178909828,0.26567746944475384,27.93823482287658,1.4839890737414678,27.977619423195705,0.29825137683317315
1598.0,1270.0,0.32151898734177214,11.838583681777253,1.1149804803671202,11.890973259663918,0.2636194874098011,27.776459772281488,1.4897164269585819,27.816379572365665,0.2965325026579614
1599.0,1260.0,0.3189873417721519,11.745612851146094,1.1186094128477442,11.798758759611955,0.26157511823121493,27.615851475270244,1.4950362129766475,27.656290170272246,0.2948258926755846
1600.0,1250.0,0.31645569620253167,11.653257230252112,1.1218932626995668,11.707136651090813,0.25954388220399405,27.456334797811312,1.4999263477816807,27.497274402716243,0.29313072801935086
1601.0,1246.0,0.31544303797468354,11.561498264568572,1.1248896137038298,11.616093093834985,0.2575254724933978,27.29783191798689,1.5043599508371053,27.33925248217929,0.29144615812592767
1602.0,1242.0,0.31443037974683546,11.470206737677964,1.1275523018513998,11.525494210596062,0.25551692107899315,27.140261781400834,1.5083043818520514,27.182141042811196,0.2897712942856923
1603.0,1238.0,0.31341772151898734,11.379384860869335,1.1298168219287092,11.435334969422422,0.25351811640384725,26.98353957787254,1.5117200316138786,27.02585254167936,0.28810520325983763
1604.0,1234.0,0.31240506329113926,11.288957541239077,1.1317111037850045,11.345542401768585,0.2515274407761078,26.82757615991384,1.5145587278842056,26.870294578887435,0.286446900032595
1605.0,1230.0,0.31139240506329113,11.198827824416176,1.1331445315923436,11.256010002234165,0.24954253300140972,26.672277425074366,1.5167617332605823,26.715369157015505,0.2847953399166025
1606.0,1226.0,0.31037974683544306,11.108978217643411,1.1340763382950563,11.166715102533802,0.24756289053032876,26.517543754937023,1.5182571509106833,26.560971962096772,0.2831494108878621
1607.0,1222.0,0.30936708860759493,11.019295213782113,1.1344682694350359,11.077539675525262,0.2455858967347674,26.36326953709525,1.5189565225509138,26.40699168029055,0.28150792630122884
1608.0,1218.0,0.30835443037974686,10.929712412605932,1.134200936512111,10.988404123741406,0.24360978696157004,26.2093429120977,1.518750389675129,26.2533094795697,0.279869619365016
1609.0,1214.0,0.30734177215189873,10.840164481771529,1.1332112322495753,10.899235463497318,0.24163294318324763,26.05564600852489,1.5175024351644348,26.09979889888596,0.2782331419594571
1610.0,1210.0,0.30632911392405066,10.750534505226884,1.1313633164630836,10.809901715645346,0.23965243945971992,25.902056065207113,1.5150417101159046,25.94632651818988,0.27659707177935733
1611.0,1206.0,0.3053164556962025,10.660764555585768,1.1284948686333292,10.720326561171799,0.23766658382020955,25.74844817503734,1.5111523312887052,25.79275411411009,0.27495993531440116
1612.0,1202.0,0.30430379746835445,10.570753816014378,1.1244315695984992,10.63038957863221,0.23567270655562125,25.594700937031117,1.5055598695823684,25.638943554229343,0.27332026002387666
1613.0,1198.0,0.3032911392405063,10.480427637883045,1.1188992418389998,10.539985720402598,0.23366847879007738,25.440707213495187,1.497913602249799,25.484766600512373,0.2716766788447036
1614.0,1194.0,0.30227848101265825,10.389747663658792,1.1115941741531585,10.449042928542047,0.23165230301956924,25.28639375729554,1.4877641058129376,25.330123396532045,0.2700281272718422
1615.0,1190.0,0.3012658227848101,10.29869519952026,1.1020999501361617,10.357497145194479,0.22962275909968854,25.13175599681988,1.4745368930862022,25.174976038375178,0.2683742012360927
1616.0,1186.0,0.30025316455696205,10.20737599460641,1.089895496066922,10.26539803844031,0.2275809481576193,24.976917905992988,1.4575063419412058,25.01940752335099,0.2667157855182998
1617.0,1182.0,0.2992405063291139,10.116032228690223,1.0743556415975097,10.172922298756227,0.22553078737086055,24.822230838147522,1.4357828377061033,24.86372088283114,0.2650561105406968
1618.0,1178.0,0.29822784810126585,10.025189850391568,1.054740040096831,10.080521221076694,0.22348228181945876,24.668424998169684,1.4083444131911003,24.708594170379047,0.26340240459550546
1619.0,1174.0,0.2972151898734177,9.935785502465464,1.0303345184724473,9.98906516001166,0.2214547270170047,24.51680881434546,1.3741753301385964,24.55529010777777,0.2617681287461799
1620.0,1170.0,0.29620253164556964,9.849286301419982,1.0006530544209566,9.899987231439306,0.2194798947339798,24.36944546981593,1.3326030889623754,24.405853877687708,0.2601750853675082
1621.0,1166.0,0.2951898734177215,9.767671377754954,0.965879567974678,9.815310870453585,0.21760264394959666,24.22910094559545,1.283879996457633,24.263092970129726,0.25865320330195185
1622.0,1162.0,0.29417721518987344,9.692988345687429,0.9272955192371853,9.737242938821527,0.2158719001601208,24.098657504647306,1.2298042760700487,24.13001682725758,0.25723456427355906
1623.0,1158.0,0.2931645569620253,9.626556593741315,0.8873270765901491,9.667364749162742,0.21432272061554464,23.97996156468278,1.1737850687201823,24.008671933932828,0.2559409845390454
1624.0,1154.0,0.29215189873417724,9.568236771593195,0.848856167435218,9.60581655614248,0.21295821472181434,23.872822637163715,1.1198696549929412,23.899074641283715,0.25477263840725534
1625.0,1150.0,0.2911392405063291,9.516515217996377,0.8141603293337916,9.551278392771176,0.2117491191870539,23.775108684060644,1.0712666619175018,23.7992311892597,0.25370827168671684
1626.0,1146.0,0.29012658227848104,9.469272655389235,0.7843418115432202,9.501700726682419,0.21064999646295976,23.683837173750707,1.0295246885097236,23.70620307761213,0.25271655891932987
1627.0,1142.0,0.2891139240506329,9.42456320521864,0.759454183709249,9.455113022397697,0.20961716033971337,23.596265909126803,0.994723095898687,23.617223352708802,0.2517680033949577
1628.0,1138.0,0.28810126582278484,9.38096085798933,0.7389679503997001,9.410021267289773,0.2086174889832667,23.51038373966074,0.9661135209600318,23.53022564535848,0.25084057688285594
1629.0,1134.0,0.2870886075949367,9.337558301783623,0.7221512764535385,9.36544166098384,0.20762917181976207,23.42491062554103,0.9426666080523031,23.44387037475941,0.24991999897508657
1630.0,1130.0,0.28607594936708863,9.293835061681749,0.7082892505656592,9.320785579349621,0.20663915922003012,23.33911019740903,0.9233729584669148,23.35736891062926,0.24899786259226359
1631.0,1126.0,0.2850632911392405,9.249518531812711,0.6967626989670863,9.275724841165713,0.20564017549994687,23.252596508769745,0.9073604790221103,23.270293239203973,0.24806960495538502
1632.0,1122.0,0.28405063291139243,9.204484352618708,0.6870671762983208,9.230091738566264,0.20462850262393492,23.165191375364397,0.8939166615163284,23.182432539640736,0.24713297863926129
1633.0,1118.0,0.2830379746835443,9.15868974910111,0.6787992015108519,9.183810008719776,0.20360244986676013,23.076832336599256,0.8824726228096188,23.09369932733865,0.24618705102692168
1634.0,1114.0,0.28202531645569623,9.11213511970545,0.6716392133516458,9.136854254757544,0.20256145418708318,22.987517067442365,0.8725765299135363,23.00407204662927,0.24523159232727182
1635.0,1110.0,0.2810126582278481,9.064840368477267,0.6653317096505934,9.089224234765124,0.20150551022172977,22.897270983571975,0.8638675333510887,22.913561172596136,0.2442667142084289
1636.0,1106.0,0.28,9.016832224729914,0.659670647033572,9.04093074475662,0.2004348573152551,22.8061287795415,0.8560537024531522,22.822189593694002,0.2432926606694638
1637.0,1102.0,0.2789873417721519,8.968136741661121,0.654486172757173,8.991986919889424,0.19934978667035394,22.714124092709334,0.8488943834259411,22.729981411633638,0.24230968864318822
1638.0,1098.0,0.2779746835443038,8.918775296443188,0.6496353818556194,8.942403419540184,0.19825053460236808,22.621283821620718,0.8421863562784475,22.636955616801053,0.24131800057387318
1639.0,1094.0,0.2769620253164557,8.868762518664948,0.6449942531640551,8.89218568177087,0.19713722167158113,22.527625069935223,0.8357529343811162,22.543122548992645,0.24031770668742708
1640.0,1090.0,0.2759493670886076,8.81810504550361,0.6404516892207129,8.841332193722952,0.19600981433835063,22.433153544259063,0.829435202161032,22.448481924060854,0.2393088039547358
1641.0,1086.0,0.2749367088607595,8.766801084215839,0.6359042890873534,8.789833645472916,0.19486810620432635,22.337862737857208,0.8230847090900962,22.3530217226595,0.23829116424529287
1642.0,1082.0,0.2739240506329114,8.714840051915877,0.6312518885364324,8.73767223448316,0.19371170259232462,22.24173353105125,0.8165570527846607,22.256717545198388,0.237264527450786
1643.0,1078.0,0.2729113924050633,8.662202531975748,0.6263933967873154,8.684821321852615,0.19254001292550266,22.14473402425647,0.8097058653439473,22.159532228669324,0.23622849740032614
1644.0,1074.0,0.27189873417721516,8.608860273138626,0.6212225901302421,8.631245142441072,0.19135224430089762,22.046819547515195,0.8023767590639871,22.06141565322099,0.23518253979846673
1645.0,1070.0,0.2708860759493671,8.554776370061434,0.6156236397605531,8.576898694026502,0.1901473990320759,21.9479328992996,0.794400790084159,21.96230477812937,0.23412598260866127
1646.0,1066.0,0.26987341772151896,8.49990572024286,0.609465975922606,8.52172787812569,0.1889242777710864,21.848004989024016,0.785586961842225,21.86212407052514,0.23305802062365014
1647.0,1062.0,0.2688607594936709,8.444195976521927,0.602598145970959,8.46567009842911,0.1876814927755912,21.746956226901688,0.7757132152579581,21.76078666149512,0.23197772778991277
1648.0,1058.0,0.26784810126582276,8.387589423967546,0.5948402068294693,8.40865573184639,0.18641750052152437,21.6446992695029,0.7645152438329097,21.6581968322682,0.23088408371129468
1649.0,1054.0,0.2668354430379747,8.330026479984724,0.5859741145794269,8.350611164471966,0.18513066900958458,21.541144164077544,0.751672347207093,21.554254874969068,0.22977602546637124
1650.0,1050.0,0.26582278481012656,8.271452017042998,0.5757315226411314,8.291464602614388,0.18381940659409854,21.43620765852952,0.7367894507402294,21.448866111622817,0.22865254375424585
1651.0,1048.0,0.26531645569620255,8.211826519300743,0.5637784622050264,8.231156719291477,0.18248239801278368,21.329829642276685,0.7193745163123361,21.341957086060894,0.22751285550602765
1652.0,1046.0,0.2648101265822785,8.151145393776087,0.5496968114915736,8.169659589912001,0.18111902418541287,21.22200161699325,0.6988112041382464,21.23350394378406,0.226356706424268
1653.0,1044.0,0.2643037974683544,8.089471749043819,0.5329638034524268,8.10700953461685,0.17973009031915596,21.11281503529794,0.6743286225906703,21.123581083849103,0.22518488962938157
1654.0,1042.0,0.26379746835443035,8.026990580861394,0.5129342290632488,8.04336243797221,0.1783190523304071,21.002541224357167,0.6449750234815974,21.012442282175037,0.22400011046295265
1655.0,1040.0,0.26329113924050634,7.96409450043205,0.488837609414631,7.979082868362142,0.1768939925963137,20.89175786560913,0.6096135253918823,20.900650118251864,0.22280836622249725
1656.0,1038.0,0.2627848101265823,7.901508728890113,0.4598173918608951,7.914876640010532,0.1754705588170129,20.78153348190492,0.5669797482218054,20.789266458786585,0.22162097678489937
1657.0,1036.0,0.2622784810126582,7.840444835603202,0.4250615638534035,7.851958517032704,0.17407568196664897,20.67365454861642,0.5158742310775678,20.680089908359157,0.22045711591488268
1658.0,1034.0,0.26177215189873415,7.782718735215233,0.3840888353424481,7.792190651216441,0.17275064541951385,20.5708003354466,0.45558445567686423,20.57584466400017,0.2193458245219988
1659.0,1032.0,0.26126582278481014,7.730672453540098,0.3372067474078152,7.738023324752972,0.17154977123328574,20.476428819159292,0.38656122866941556,20.480077313565193,0.21832491049458094
1660.0,1030.0,0.2607594936708861,7.686688126637207,0.28596690401428065,7.692005682939719,0.1705295732325242,20.394060780511282,0.3110924859492335,20.396433356202316,0.21743323615053117
1661.0,1028.0,0.260253164556962,7.6523034495636395,0.23318366176325844,7.655855452156662,0.16972813292140165,20.325973452846736,0.23333441989405282,20.327312703782013,0.21669638540422104
1662.0,1026.0,0.25974683544303795,7.627453705301495,0.18219233551920785,7.6296293536212785,0.16914670779313992,20.27207731683347,0.15821861426068934,20.272694736259723,0.2161141384386394
1663.0,1024.0,0.25924050632911394,7.610509999099894,0.13572494069198002,7.6117201542046535,0.1687496659474446,20.22996767547909,0.08978969925955246,20.230166938041368,0.2156607769792369
1664.0,1022.0,0.2587341772151899,7.599075840608443,0.09522794515684589,7.599672492473456,0.16848257272128805,20.196100085439486,0.030192686344764196,20.196122654098673,0.2152978528002487
1665.0,1020.0,0.2582278481012658,7.590850481891676,0.06093404503891755,7.591095045925845,0.16829241317649818,20.167068401239835,-0.020224262184151926,20.16707854204637,0.21498823223255617
1666.0,1018.0,0.25772151898734175,7.584076009112368,0.032329801466390355,7.584144917395543,0.16813833080825288,20.14026841606535,-0.062219037071407954,20.14036452201731,0.21470345127482357
1667.0,1016.0,0.25721518987341774,7.577591893495208,0.008601454179665898,7.577596775322522,0.16799316036517134,20.113980018802593,-0.09699547670593821,20.114213887678815,0.21442467620899183
1668.0,1014.0,0.2567088607594937,7.570710482958719,-0.011094052635828395,7.570718611517994,0.16784067343438147,20.087183448384245,-0.12580157217417837,20.087577378185838,0.21414072154115027
1669.0,1012.0,0.2562025316455696,7.563065089974498,-0.027508238864068668,7.56311511603495,0.1676721061070491,20.05933449225572,-0.14975014107573761,20.059893453778667,0.21384560105767772
1670.0,1010.0,0.25569620253164554,7.554488831143162,-0.04126652128186772,7.554601539832891,0.16748336254961257,20.03018504089692,-0.16976740972050997,20.03090446649811,0.2135365681396641
1671.0,1008.0,0.25518987341772154,7.544932258591912,-0.05287262404370345,7.545117514069222,0.16727310440204102,19.99966104832451,-0.1865994349665273,20.000531527861913,0.21321278180782183
1672.0,1006.0,0.25468354430379747,7.534411564790486,-0.0627265131338316,7.534672669937199,0.1670415451851433,19.96778577579931,-0.20083861773001035,19.968795780882356,0.21287446745418406
1673.0,1004.0,0.2541772151898734,7.522977385432925,-0.07114444264097342,7.523313782732574,0.16678972189389207,19.9346335551725,-0.212953373952716,19.9357709687508,0.21252241120740675
1674.0,1002.0,0.25367088607594934,7.510696527050083,-0.07837684088135694,7.5111054612905495,0.16651906688774576,19.900302705893786,-0.22331461925434376,19.90155564787276,0.21215766371383685
1675.0,1000.0,0.25316455696202533,7.497641521007658,-0.0846229295077502,7.498119058653077,0.16623116204330374,19.864900051282184,-0.2322174201238094,19.86625729667367,0.21178137073172768
1676.0,998.0,0.25265822784810127,7.483884826881113,-0.09004220076793149,7.484426477689555,0.16592760142668328,19.828532325818667,-0.23989799361842418,19.829983490749004,0.21139467905519993
1677.0,996.0,0.2521518987341772,7.469495764645674,-0.09476326154521804,7.470096857056028,0.16560991782217957,19.79130162702222,-0.2465468075021419,19.79283722511914,0.21099868664781402
1678.0,994.0,0.25164556962025314,7.454539031166125,-0.09889059798149373,7.455194934912724,0.16527954645634993,19.753303215581674,-0.2523186005283502,19.754914644282366,0.21059441844412768
1679.0,992.0,0.25113924050632913,7.439074123444257,-0.10250974376463812,7.439780377246672,0.16493781010711792,19.71462465952045,-0.2573400381965139,19.71630415065234,0.21018281684532203
1680.0,990.0,0.25063291139240507,7.423155268958401,-0.10569123872171099,7.423907649277933,0.16458591625288577,19.675345730026244,-0.26171557661569717,19.677086284282673,0.20976474043702276
1681.0,988.0,0.250126582278481,7.4068316281884625,-0.10849367496729433,7.4076261815672675,0.1642249607550945,19.635538700775953,-0.26553197475793217,19.63733401710347,0.20934096712596661
1682.0,986.0,0.24962025316455697,7.3901476321036705,-0.110966054717604,7.390980685239753,0.1638559348466412,19.595268847368782,-0.26886178706932606,19.597113253262776,0.20891219947381884
1683.0,984.0,0.2491139240506329,7.373143375370338,-0.11314962727990892,7.37401153185436,0.16347973355347964,19.554595029414184,-0.2717660845724297,19.556483415203097,0.20847907094495755
1684.0,982.0,0.24860759493670886,7.35585502046736,-0.11507933010634294,7.356755149816569,0.16309716448297454,19.513570288852282,-0.27429658946178126,19.515498047371707,0.20804215234224072
1685.0,980.0,0.2481012658227848,7.3383151883129845,-0.11678492713165638,7.339244410852536,0.16270895639192415,19.472242428342426,-0.27649736128222885,19.47420540045049,0.20760195803510362
1686.0,978.0,0.24759493670886076,7.320553323049709,-0.1182919142111477,7.321508992863553,0.16231576723093985,19.430654551405738,-0.2784061381114695,19.432648977270254,0.20715895177920002
1687.0,976.0,0.2470886075949367,7.302596025661479,-0.11962224419591432,7.303575712985612,0.1619181915282818,19.388845556422233,-0.28005541057185396,19.39086803224097,0.20671355204050584
1688.0,974.0,0.24658227848101266,7.284467355115565,-0.12079491140065976,7.285468829002334,0.1615167670720977,19.346850582539844,-0.2814732875619497,19.348898022231996,0.20626613680186331
1689.0,972.0,0.2460759493670886,7.266189097937962,-0.12182642572922682,7.267210309671687,0.16111198090348905,19.304701408837108,-0.28268419854026877,19.306771010204212,0.20581704786584265
1690.0,970.0,0.24556962025316456,7.247781008272979,-0.12273119964350844,7.248820075794986,0.1607042746609422,19.26242680977491,-0.28370946670629876,19.264516024635398,0.2053665946863446
1691.0,968.0,0.2450632911392405,7.2292610209872645,-0.12352186585110576,7.230316214447966,0.16029404932977018,19.220052870727447,-0.28456777955770496,19.22215937855892,0.20491505776966648
1692.0,966.0,0.24455696202531646,7.21064544052182,-0.12420953958081195,7.211715168990037,0.1598816694545635,19.177603267596233,-0.28527557736788517,19.179724952260404,0.20446269168814893
1693.0,964.0,0.2440506329113924,7.191949108135412,-0.12480403627409782,7.193031907442094,0.15946746687207863,19.13509951442185,-0.28584737562350343,19.137234443591325,0.2040097277486085
1694.0,962.0,0.24354430379746836,7.173185550015598,-0.1253140531984962,7.1742800716783846,0.15905174401877858,19.092561182660468,-0.28629603402164905,19.094707589610525,0.20355637635511428
1695.0,960.0,0.2430379746835443,7.154367108517592,-0.12574732170453878,7.155472109676218,0.15863477686277186,19.050006095473012,-0.2866329819832119,19.052162362942415,0.20310282910223676
1696.0,958.0,0.24253164556962026,7.1355050585601205,-0.12611073546869567,7.136619392845434,0.1582168175049729,19.00745050003201,-0.28686840859607426,19.009615145894394,0.20264926063120128
1697.0,956.0,0.2420253164556962,7.116609710979777,-0.12641045899239195,7.1177323202375575,0.15779809648938967,18.964909220514503,-0.287011423313212,18.967080885035216,0.20219583027774832
1698.0,954.0,0.24151898734177216,7.097690504432198,-0.1266520197884854,7.098820411224916,0.15737882485779284,18.92239579413339,-0.2870701924884798,18.92457322861608,0.20174268353709143
1699.0,952.0,0.2410126582278481,7.078756087233252,-0.1268403870270723,7.079892388046798,0.1569591959797411,18.87992259227075,-0.2870520558559087,18.882104648923715,0.2012899533682446
1700.0,950.0,0.24050632911392406,7.0598143903587465,-0.12698003889095266,7.060956249446189,0.15653938718508612,18.837500928517677,-0.28696362628578376,18.839686551392393,0.2008377613571948
1701.0,948.0,0.24,7.040872692666644,-0.12707502047649458,7.04201933646649,0.15611956122266754,18.795141155196877,-0.286810875536724,18.797329372070426,0.20038621875592996
1702.0,946.0,0.23949367088607595,7.021937679269307,-0.12712899374446285,7.023088391341269,0.15569986756588144,18.752852749741344,-0.2865992082323387,18.75504266483126,0.19993542741214015
1703.0,944.0,0.2389873417721519,7.003015493865255,-0.12714528075940046,7.004169610291873,0.1552804435831888,18.71064439212828,-0.28633352589712185,18.712835179542786,0.19948548060253005
1704.0,942.0,0.23848101265822785,6.984111785735761,-0.12712690124162027,6.985268690943281,0.15486141558931116,18.668524034412872,-0.28601828256844325,18.67071493225191,0.19903646378101153
1705.0,940.0,0.2379746835443038,6.9652317520224365,-0.1270766052820196,6.966390874979062,0.15444289979087894,18.626498963274457,-0.2856575332439706,18.628689268307728,0.1985884552516193
1706.0,938.0,0.23746835443037975,6.94638017582372,-0.12699690192835275,6.947540986577637,0.1540250031385526,18.58457585637167,-0.2852549762142,18.58676491922916,0.19814152677474006
1707.0,936.0,0.2369620253164557,6.927561460580768,-0.12689008423592504,6.928723467104264,0.1536078240961338,18.542760833203687,-0.2848139901583697,18.544948054022225,0.19769574411417262
1708.0,934.0,0.23645569620253165,6.908779661164976,-0.12675825128068274,6.909942406474498,0.1531914533358844,18.501059501087468,-0.28433766674136823,18.50324432556374,0.1972511675315951
1709.0,932.0,0.2359493670886076,6.890038512028119,-0.12660332755438694,6.891201571553288,0.15277597436812657,18.4594769967865,-0.28382883933328185,18.461658912593073,0.19680785223421152
1710.0,930.0,0.23544303797468355,6.871341452732727,-0.12642708009680845,6.872504431910169,0.15236146411222784,18.418018024260633,-0.28329010837731067,18.420196557786618,0.19636584878063967
1711.0,928.0,0.23493670886075949,6.852691651141616,-0.12623113366610858,6.853854183212001,0.15194799341521142,18.376686888950484,-0.2827238638521287,18.378861602333156,0.19592520344949652
1712.0,926.0,0.23443037974683545,6.834092024512501,-0.12601698420374163,6.835253768501444,0.15153562752349423,18.33548752896058,-0.28213230520837485,18.337658017378097,0.19548595857460477
1713.0,924.0,0.23392405063291138,6.815545258714691,-0.12578601081276983,6.816705897580186,0.15112442651260716,18.294423543462383,-0.2815174591034803,18.296589432661236,0.19504815285028215
1714.0,922.0,0.23341772151898735,6.797053825759594,-0.125539486437003,6.798213064690455,0.15071444567918937,18.253498218601514,-0.28088119521242266,18.255659162635364,0.19461182160977475
1715.0,920.0,0.23291139240506328,6.778619999814836,-0.12527858740194422,6.7797775646661975,0.1503057358990552,18.212714551160143,-0.28022524035285773,18.21487023031927,0.1941769970795381
1716.0,918.0,0.23240506329113925,6.760245871852575,-0.1250044019561609,6.761401507705943,0.1498983439547046,18.172075270198,-0.2795511911299107,18.174225389110916,0.1937437086117742
1717.0,916.0,0.23189873417721518,6.741933363065655,-0.12471793793277502,6.743086832902271,0.14949231283526723,18.131582856869613,-0.2788605252779455,18.13372714276043,0.19331198289735022
1718.0,914.0,0.23139240506329115,6.723684237170702,-0.12442012963469723,6.724835320648089,0.1490876820115463,18.091239562594176,-0.2781546118527741,18.093377763681044,0.19288184416099965
1719.0,912.0,0.23088607594936708,6.705500111703992,-0.12411184403354732,6.7066486040265785,0.14868448768853043,18.051047425734875,-0.2774347204075079,18.05317930975642,0.19245331434049442
1720.0,910.0,0.23037974683544304,6.687382468404921,-0.12379388636048563,6.68852817928053,0.14828276303749577,18.011008286927964,-0.2767020292679489,18.013133639785966,0.1920264132512977
1721.0,908.0,0.22987341772151898,6.669332662771437,-0.12346700515720145,6.670475415446221,0.14788253840958626,17.971123803186607,-0.27595763300854353,17.97324242769445,0.19160115873804298
1722.0,906.0,0.22936708860759494,6.651351932863259,-0.12313189684667487,6.652491563228387,0.1474838415325694,17.93139546089162,-0.2752025492172449,17.933507175619056,0.1911775668140469
1723.0,904.0,0.22886075949367088,6.633441407420749,-0.12278920987594706,6.634577763184793,0.14708669769228566,17.89182458776975,-0.2744377246266139,17.89392922597551,0.19075565178993892
1724.0,902.0,0.22835443037974684,6.615602113360387,-0.122439548476753,6.616735053281913,0.14669112990015595,17.852412363949625,-0.2736640406790861,17.854509772594213,0.1903354263923758
1725.0,900.0,0.22784810126582278,6.597834982701558,-0.12208347608433437,6.598964375876968,0.14629715904797114,17.813159832176357,-0.27288231858610806,17.815249871008213,0.18991690187371527
1726.0,898.0,0.22734177215189874,6.580140858974157,-0.12172151844998515,6.58126658417625,0.14590480405107153,17.774067907258246,-0.2720933239337968,17.776150447966987,0.18950008811343658
1727.0,896.0,0.22683544303797468,6.562520503151361,-0.1213541664787084,6.563642448214538,0.14551408198090868,17.735137384811043,-0.2712977708816009,17.737212310242203,0.18908499371201273
1728.0,894.0,0.22632911392405064,6.544974599147813,-0.12098187881976163,6.546092660396187,0.14512500818788973,17.69636894935946,-0.2704963259950871,17.69843615278566,0.1886716260778771
1729.0,892.0,0.22582278481012658,6.527503758919529,-0.12060508423469565,6.528617840634558,0.14473759641531717,17.65776318184973,-0.26968961174930467,17.65982256629362,0.18825999150806202
1730.0,890.0,0.22531645569620254,6.510108527198456,-0.12022418376474873,6.511218541123002,0.14435185890516017,17.61932056662174,-0.26887820973509285,17.621372044226586,0.18785009526303192
1731.0,888.0,0.22481012658227847,6.492789385891304,-0.11983955271703123,6.493895250767308,0.14396780649632074,17.58104149788492,-0.26806266359711367,17.58308498932899,0.18744194163618594
1732.0,886.0,0.22430379746835444,6.475546758170027,-0.11945154248682138,6.476648399307224,0.14358544871600656,17.542926285738066,-0.2672434817292712,17.544961719689397,0.18703553401846115
1733.0,884.0,0.22379746835443037,6.458381012278151,-0.11906048223143079,6.459478361151475,0.14320479386475235,17.504975161769234,-0.26642113975038806,17.507002474377607,0.1866308749584268
1734.0,882.0,0.22329113924050634,6.441292465075655,-0.1186666804094477,6.442385458949178,0.14282584909559704,17.467188284269007,-0.26559608278061186,17.469207418692264,0.18622796621822518
1735.0,880.0,0.22278481012658227,6.424281385342538,-0.11827042619773484,6.425369966917986,0.1424486204878678,17.429565743087075,-0.2647687275368534,17.43157664904916,0.18582680882568295
1736.0,878.0,0.22227848101265824,6.407347996859694,-0.11787199079726424,6.40843211394772,0.14207311311598675,17.39210756415994,-0.2639394642636902,17.394110197538282,0.18542740312289083
1737.0,876.0,0.22177215189873417,6.390492481284155,-0.11747162863774391,6.391572086496726,0.1416993311136823,17.354813713734302,-0.2631086585144589,17.35680803617432,0.1850297488115154
1738.0,874.0,0.22126582278481013,6.373714980834054,-0.11706957848999565,6.374790031296424,0.14132727773394813,17.31768410230978,-0.2622766527958079,17.31967008086455,0.1846338449950983
1739.0,872.0,0.22075949367088607,6.357015600797502,-0.11666606449413285,6.358086057878375,0.14095695540506775,17.280718588321076,-0.26144376808763636,17.282696195114276,0.18423969021855757
1740.0,870.0,0.22025316455696203,6.340394411878517,-0.11626129711081519,6.341460240937114,0.14058836578299774,17.243916981579606,-0.2606103052491827,17.245886193490072,0.1838472825051069
1741.0,868.0,0.21974683544303797,6.323851452391571,-0.11585547400213685,6.324912622540428,0.14022150980036885,17.20727904649158,-0.2597765463209708,17.209239844857954,0.1834566193907757
1742.0,866.0,0.21924050632911393,6.307386730316043,-0.11544878084807834,6.30844321419843,0.13985638771235714,17.170804505069047,-0.25894275573140835,17.17275687541302,0.18306769795670647
1743.0,864.0,0.21873417721518987,6.291000225220322,-0.11504139210389097,6.292051998801293,0.13949299913964253,17.134493039748527,-0.25810918141596617,17.136436971515458,0.18268051485938705
1744.0,862.0,0.21822784810126583,6.274691890064896,-0.11463347170328031,6.2757389324350425,0.13913134310866473,17.09834429603102,-0.25727605585615876,17.100279782346643,0.18229506635896614
1745.0,860.0,0.21772151898734177,6.258461652892923,-0.1142251737117969,6.259503946083964,0.13877141808936505,17.06235788495578,-0.2564435970448467,17.06428492239795,0.18191134834578468
1746.0,858.0,0.21721518987341773,6.242309418415991,-0.11381664293444897,6.243346947227414,0.1384132220305872,17.026533385419494,-0.2556120093838015,17.028451973803897,0.181529356365248
1747.0,856.0,0.21670886075949367,6.226235069502384,-0.11340801548117795,6.227267821338402,0.13805675239330048,16.990870346351542,-0.2547814845189306,16.99278048853047,0.18114908564115403
1748.0,854.0,0.21620253164556963,6.210238468574393,-0.1129994192935171,6.2112664332905485,0.13770200618179146,16.955368288755118,-0.25395220211807323,16.95726999042839,0.1807705310975821
1749.0,852.0,0.21569620253164556,6.194319458920898,-0.11259097463546033,6.195342628679664,0.1373489799729634,16.920026707623187,-0.2531243305958435,16.92191997716044,0.1803936873794387
1750.0,850.0,0.21518987341772153,6.178477865930787,-0.11218279455129596,6.179496235065605,0.1369976699438674,16.884845073737857,-0.2522980277896104,16.88672992201143,0.1800185488717526
1751.0,848.0,0.21468354430379746,6.162713498252547,-0.1117749852929301,6.163727063139751,0.13664807189758532,16.849822835360733,-0.2514734415903387,16.85169927558848,0.1796451097178002
1752.0,846.0,0.21417721518987343,6.147026148884786,-0.11136764671899901,6.148034907822909,0.13630018128756996,16.814959419821555,-0.2506507105317072,16.81682746741893,0.17927336383613995
1753.0,844.0,0.21367088607594936,6.13141559620228,-0.11096087266788153,6.132419549298285,0.13595399324054563,16.780254235011668,-0.24982996434061996,16.782113907452466,0.17890330493662562
1754.0,842.0,0.21316455696202533,6.1158816049216025,-0.1105547513065446,6.116880753983593,0.13560950257805962,16.74570667078851,-0.2490113244519688,16.747557987473762,0.1785349265354654
1755.0,840.0,0.21265822784810126,6.100423927010296,-0.11014936545698427,6.101418275446316,0.13526670383677333,16.711316100296887,-0.24819490449027398,16.713159082431332,0.1781682219693881
1756.0,838.0,0.21215189873417722,6.085042302543101,-0.10974479290189774,6.08603185526564,0.13492559128757092,16.677081881212253,-0.24738081072059825,16.678916551687966,0.1778031844089732
1757.0,836.0,0.21164556962025316,6.069736460508611,-0.1093411066710678,6.070721223844465,0.13458615895356157,16.643003356910956,-0.24656914247094913,16.64482974019765,0.17743980687119704
1758.0,834.0,0.21113924050632912,6.054506119569435,-0.10893837530984249,6.055486101174611,0.13424840062704374,16.609079857572038,-0.245759992528197,16.610897979613643,0.17707808223124563
1759.0,832.0,0.21063291139240506,6.039350988778744,-0.10853666313096116,6.040326197558075,0.13391230988549527,16.575310701214853,-0.24495344750937864,16.577120589331983,0.17671800323363854
1760.0,830.0,0.21012658227848102,6.024270768255959,-0.10813603045089683,6.025241214287186,0.13357788010665228,16.54169519467637,-0.2441495882101062,16.54349687747432,0.17635956250270643
1761.0,828.0,0.20962025316455696,6.009265149823895,-0.10773653381178465,6.010230844285914,0.13324510448272675,16.508232634532053,-0.24334848993166308,16.51002614181398,0.17600275255246323
1762.0,826.0,0.20911392405063292,5.994333817609935,-0.10733822618992261,5.995294772714991,0.1329139760338218,16.474922307963535,-0.24255022278825625,16.476707670648562,0.17564756579590787
1763.0,824.0,0.20860759493670886,5.979476448613177,-0.1069411571917571,5.980432677542751,0.13258448762058722,16.441763493576474,-0.2417548519957661,16.44354074362233,0.17529399455379222
1764.0,822.0,0.20810126582278482,5.964692713239727,-0.10654537323819852,5.96564423008392,0.13225663195616416,16.408755462171378,-0.240962438143247,16.410524632501392,0.17494203106288375
1765.0,820.0,0.20759493670886076,5.949982275808003,-0.1061509177380421,5.950929095508198,0.13193040161746034,16.375897477470506,-0.24017303744832974,16.37765860190467,0.17459166748375857
1766.0,818.0,0.20708860759493672,5.935344795025756,-0.10575783125121768,5.936286933320381,0.13160578905579418,16.343188796803112,-0.23938670199759027,16.34494190999295,0.1742428959081467
1767.0,816.0,0.20658227848101265,5.920779924440497,-0.10536615164253436,5.92171739781371,0.1312827866069453,16.310628671751683,-0.23860347997287282,16.312373809118746,0.17389570836585996
1768.0,814.0,0.20607594936708862,5.906287312864953,-0.10497591422653878,5.907220138498074,0.13096138650064798,16.27821634876144,-0.23782341586448513,16.27995354643918,0.17355009683132538
1769.0,812.0,0.20556962025316455,5.891866604778839,-0.10458715190405922,5.892794800504387,0.13064158086955563,16.245951069715144,-0.23704655067210953,16.24768036449401,0.17320605322974744
1770.0,810.0,0.20506329113924052,5.877517440708434,-0.10419989529097175,5.878441024966609,0.1303233617577105,16.21383207247531,-0.2362729220942192,16.21555350175084,0.17286356944291972
1771.0,808.0,0.20455696202531645,5.863239457585187,-0.10381417283967379,5.864158449382676,0.13000672112854517,16.181858591395514,-0.2355025647067286,16.1835721931193,0.1725226373147067
1772.0,806.0,0.20405063291139242,5.849032289084487,-0.10343001095373375,5.84994670795545,0.12969165087244136,16.15002985780293,-0.23473551013156038,16.151735670436253,0.17218324865621615
1773.0,804.0,0.20354430379746835,5.834895565945846,-0.10304743409613551,5.835805431914972,0.12937814281387422,16.118345100453258,-0.23397178719575443,16.120043162923267,0.17184539525067558
1774.0,802.0,0.20303797468354431,5.820828916275372,-0.10266646489151972,5.821734249822886,0.12906618871816122,16.086803545959967,-0.2332114220817101,16.088493897618246,0.17150906885803416
1775.0,800.0,0.20253164556962025,5.8068319658316625,-0.10228712422278723,5.807732787860179,0.12875578029784152,16.055404419199103,-0.2324544384691053,16.057087099782514,0.17117426121930196
1776.0,798.0,0.2020253164556962,5.792904338295924,-0.10190943132241163,5.793800670099049,0.12844690921870275,16.02414694369107,-0.2317008576690022,16.025821993284723,0.17084096406064272
1777.0,796.0,0.20151898734177215,5.779045655527286,-0.10153340385878026,5.779937518759866,0.12813956710547836,15.993030341960715,-0.23095069875061391,15.994697800962964,0.17050916909723385
1778.0,794.0,0.2010126582278481,5.765255537804036,-0.101159058017862,5.76614295445397,0.12783374554722984,15.962053835876867,-0.23020397866117498,15.963713744966203,0.17017886803690674
1779.0,792.0,0.20050632911392405,5.751533604051608,-0.10078640858048266,5.752416596413148,0.12752943610243447,15.9312166469724,-0.22946071233932372,15.932869047076165,0.16985005258357766
1780.0,790.0,0.2,5.737879472057993,-0.10041546899546519,5.738758062706433,0.1272266303037916,15.900517996746016,-0.22872091282238716,15.902162929010828,0.1695227144404833
1781.0,788.0,0.19949367088607595,5.724292758677271,-0.10004625144888138,5.725166970444969,0.12692531966276438,15.869957106946645,-0.22798459134792493,15.87159461271042,0.16919684531322973
1782.0,786.0,0.1989873417721519,5.710773080021938,-0.09967876692964038,5.711642935975591,0.1266254956738716,15.839533199841474,-0.22725175744986872,15.841163320606992,0.168872436912666
1783.0,784.0,0.19848101265822785,5.697320051644557,-0.09931302529162583,5.698185575063672,0.12632714981874105,15.80924549846839,-0.22652241904957118,15.81086827587831,0.1685494809575907
1784.0,782.0,0.1979746835443038,5.683933288709336,-0.09894903531258342,5.684794503065825,0.12603027356993857,15.779093226873742,-0.22579658254205806,15.780708702686976,0.16822796917730112
1785.0,780.0,0.19746835443037974,5.670612406154215,-0.09858680474994047,5.671469335093059,0.12573485839458484,15.749075610336305,-0.2250742528777604,15.750683826405709,0.16790789331399483
1786.0,778.0,0.1969620253164557,5.657357018843871,-0.09822634039373626,5.658209686164799,0.12544089575777032,15.719191875577913,-0.22435543363998164,15.720792873829183,0.16758924512502807
1787.0,776.0,0.19645569620253164,5.6441667417141455,-0.0978676481168247,5.64501517135428,0.12514837712577834,15.689441250961762,-0.22364012711834322,15.691035073373525,0.16727201638504208
1788.0,774.0,0.1959493670886076,5.631041189908457,-0.09751073292249962,5.631885405925864,0.12485729396912947,15.659822966678849,-0.22292833437843418,15.66140965526383,0.16695619888796265
1789.0,772.0,0.19544303797468354,5.617979978906421,-0.09715559898969187,5.618820005464531,0.12456763776545235,15.630336254923291,-0.22222005532787567,15.631915851710543,0.1666417844488799
1790.0,770.0,0.1949367088607595,5.60498272464522,-0.09680224971586764,5.605818585998071,0.12427940000219252,15.600980350056885,-0.2215152887790012,15.602552897075013,0.1663287649058134
1791.0,768.0,0.19443037974683544,5.59204904363408,-0.09645068775775803,5.592880764112334,0.12399257217916757,15.571754488763942,-0.22081403250834003,15.573320028025256,0.16601713212137265
1792.0,766.0,0.1939240506329114,5.579178553062175,-0.0961009150700356,5.580006157059887,0.12370714581097603,15.542657910196251,-0.22011628331307487,15.544216483681822,0.16570687798431202
1793.0,764.0,0.19341772151898734,5.566370870900312,-0.09575293294205306,5.567194382862386,0.12342311242926692,15.513689856109302,-0.21942203706464578,15.515241505754856,0.16539799441099187
1794.0,762.0,0.1929113924050633,5.553625615996704,-0.0954067420327449,5.554445060407031,0.12314046358487804,15.4848495709898,-0.21873128875964684,15.48639433867243,0.16509047334674656
1795.0,760.0,0.19240506329113924,5.540942408167187,-0.09506234240379471,5.541757809537411,0.12285919084985017,15.456136302175173,-0.21804403256816954,15.457674229700787,0.16478430676716654
1796.0,758.0,0.1918987341772152,5.528320868280106,-0.09471973355115675,5.529132251138989,0.12257928581932212,15.427549299965348,-0.2173602618797229,15.429080429056869,0.16447948667929763
1797.0,756.0,0.19139240506329114,5.515760618336115,-0.0943789144350232,5.516568007219483,0.12230074011331273,15.399087817727226,-0.21667996934686462,15.40061219001346,0.16417600512276204
1798.0,754.0,0.1908860759493671,5.503261281543266,-0.09403988350831527,5.5040647009844905,0.1220235453783975,15.37075111199228,-0.21600314692666145,15.372268768997442,0.16387385417080572
1799.0,752.0,0.19037974683544304,5.490822482387502,-0.09370263874378056,5.491621956908505,0.12174769328928302,15.34253844254759,-0.21532978592009352,15.344049425681444,0.1635730259312756
1800.0,750.0,0.189873417721519,5.478443846698861,-0.09336717765976288,5.479239400801608,0.12147317555028547,15.314449072520658,-0.2146598770095129,15.315953423069246,0.16327351254752964
1801.0,749.0,0.18962025316455697,5.466125001713544,-0.09303349734472097,5.466916659872005,0.12119998389671702,15.286482268458279,-0.21399341029425367,15.287980027575218,0.1629753061992842
1802.0,748.0,0.18936708860759494,5.453865576132165,-0.09270159448055447,5.454653362784721,0.12092811009618716,15.258637300399895,-0.2133303753244936,15.260128509098182,0.16267839910340087
1803.0,747.0,0.1891139240506329,5.441665200174214,-0.09237146536480166,5.4424491397164845,0.12065754594981937,15.230913441945534,-0.21267076113345412,15.232398141089874,0.16238278351461666
1804.0,746.0,0.1888607594936709,5.429523505629091,-0.09204310593176786,5.430303622407165,0.12038828329339153,15.203309970318838,-0.21201455626802845,15.20478820061844,0.16208845172622083
1805.0,745.0,0.18860759493670887,5.417440125903738,-0.09171651177263372,5.4182164442077845,0.12012031399840029,15.175826166425178,-0.21136174881791014,15.177297968427006,0.1617953960706792
1806.0,744.0,0.18835443037974683,5.405414696067153,-0.09139167815460172,5.406187240125398,0.11985362997305614,15.148461314905314,-0.21071232644330898,15.149926728987767,0.1615036089202108
1807.0,743.0,0.1881012658227848,5.393446852891861,-0.09106860003912388,5.394215646864909,0.11958822316321038,15.121214704184712,-0.2100662764013164,15.122673770551723,0.16121308268731804
1808.0,742.0,0.1878481012658228,5.38153623489254,-0.09074727209926037,5.382301302868024,0.1193240855532187,15.094085626518806,-0.20942358557099422,15.095538385194317,0.16092380982527338
1809.0,741.0,0.18759493670886077,5.369682482361923,-0.0904276887362098,5.3704438483494705,0.11906120916674413,15.067073378034298,-0.208784240477247,15.068519868857111,0.1606357828285633
1810.0,740.0,0.18734177215189873,5.357885237404112,-0.09010984409505413,5.358642925330606,0.11879958606750225,15.040177258766914,-0.20814822731354146,15.041617521385897,0.16034899423329482
1811.0,739.0,0.1870886075949367,5.346144143965462,-0.08979373207975601,5.3468981776705835,0.11853920835995199,15.013396572695536,-0.20751553196352934,15.014830646565153,0.16006343661756284
1812.0,738.0,0.1868354430379747,5.334458847863088,-0.08947934636744635,5.3352092510951366,0.11828006818993388,14.986730627773085,-0.20688614002162636,14.988158552149256,0.15977910260178266
1813.0,737.0,0.18658227848101266,5.322828996811203,-0.08916668042203513,5.323575793223164,0.11802215774525936,14.960178735954267,-0.20626003681260147,14.961600549890514,0.15949598484898914
1814.0,736.0,0.18632911392405063,5.3112542404453125,-0.08885572750718036,5.311997453591177,0.11776546925625274,14.933740213220277,-0.2056372074102227,14.93515595556417,0.15921407606510282
1815.0,735.0,0.1860759493670886,5.299734230344456,-0.08854648069864557,5.3004738836757666,0.11750999499624945,14.907414379600784,-0.20501763665500705,14.908824088990649,0.15893336899916755
1816.0,734.0,0.1858227848101266,5.288268620051462,-0.08823893289607511,5.289004736914086,0.11725572728204994,14.881200559193058,-0.20440130917111557,14.88260427405495,0.15865385644355673
1817.0,733.0,0.18556962025316456,5.276857065091488,-0.08793307683421503,5.277589668722597,0.11700265847433544,14.85509808017872,-0.20378820938243988,14.856495838723639,0.158375531234155
1818.0,732.0,0.18531645569620253,5.265499222988808,-0.08762890509360818,5.26622833651406,0.11675078097804449,14.829106274838031,-0.20317832152791412,14.83049811505937,0.15809838625051256
1819.0,731.0,0.1850632911392405,5.254194753281931,-0.08732641011078598,5.254920399712845,0.11650008724271244,14.803224479561747,-0.20257162967609102,14.804610439232968,0.15782241441597417
1820.0,730.0,0.1848101265822785,5.242943317537231,-0.08702558418798112,5.243665519768739,0.11625056976277756,14.777452034861062,-0.20196811773901985,14.778832151533571,0.15754760869778744
1821.0,729.0,0.18455696202531646,5.231744579361072,-0.08672641950238798,5.232463360169248,0.11600222107785389,14.751788285375277,-0.20136776948545607,14.753162596376507,0.15727396210718642
1822.0,728.0,0.18430379746835443,5.220598204410542,-0.08642890811498449,5.221313586450494,0.11575503377297246,14.7262325798776,-0.20077056855343614,14.727601122309286,0.1570014676994559
1823.0,727.0,0.1840506329113924,5.209503860402849,-0.08613304197894465,5.2102158662067675,0.11550900047879353,14.700784271279113,-0.20017649846224828,14.702147082015742,0.1567301185739752
1824.0,726.0,0.1837974683544304,5.198461217123475,-0.0858388129476532,5.19916986909883,0.11526411387179035,14.675442716630926,-0.19958554262382505,14.676799832318357,0.15645990787424313
1825.0,725.0,0.18354430379746836,5.18746994643311,-0.08554621278234692,5.188175266860993,0.11502036667440618,14.65020727712477,-0.19899768435358917,14.651558734179025,0.15619082878788612
1826.0,724.0,0.18329113924050633,5.176529722273478,-0.08525523315939683,5.177231733307076,0.11477775165518639,14.625077318091904,-0.19841290688077293,14.626423152698106,0.15592287454664813
1827.0,723.0,0.1830379746835443,5.16564022067206,-0.08496586567724856,5.16633894433526,0.11453626162888601,14.600052209000648,-0.19783119335824106,14.601392457112103,0.155656038426366
1828.0,722.0,0.1827848101265823,5.154801119745798,-0.08467810186303608,5.155496577931912,0.11429588945655463,14.575131323452394,-0.19725252687183614,14.57646602078983,0.15539031374692813
1829.0,721.0,0.18253164556962026,5.144012099703832,-0.08439193317888646,5.14470431417444,0.11405662804559956,14.550314039176392,-0.19667689044927097,14.5516432212273,0.15512569387222072
1830.0,720.0,0.18227848101265823,5.133272842849321,-0.08410735102792596,5.133961835233223,0.11381847034982873,14.525599738023216,-0.19610426706858872,14.526923440041344,0.15486217221005907
1831.0,719.0,0.1820253164556962,5.122583033580372,-0.08382434676000436,5.123268825372647,0.11358140936947357,14.500987805957065,-0.19553463966620938,14.502306062962019,0.1545997422121071
1832.0,718.0,0.18177215189873416,5.11194235839017,-0.08354291167714882,5.1126249709513365,0.11334543815119415,14.476477633046919,-0.19496799114458305,14.47779047982387,0.154338397373784
1833.0,717.0,0.18151898734177216,5.10135050586629,-0.08326303703875965,5.102029960421555,0.11311054978806606,14.452068613456662,-0.19440430437946876,14.453376084556176,0.1540781312341602
1834.0,716.0,0.18126582278481013,5.090807166689281,-0.08298471406656066,5.091483484327888,0.11287673741955094,14.427760145434169,-0.19384356222685198,14.429062275172125,0.15381893737584212
1835.0,715.0,0.1810126582278481,5.080312033630555,-0.08270793394931372,5.080985235305215,0.11264399423145165,14.403551631299514,-0.19328574752952424,14.404848453757122,0.15356080942484746
1836.0,714.0,0.18075949367088606,5.069864801549589,-0.08243268784730971,5.07053490807599,0.11241231345585205,14.379442477432153,-0.19273084312333236,14.380734026456063,0.15330374105046957
1837.0,713.0,0.18050632911392406,5.059465167390507,-0.08215896689664479,5.0601321994469055,0.11218168837104295,14.355432094257484,-0.19217883184311968,14.356718403459977,0.15304772596513497
1838.0,712.0,0.18025316455696203,5.04911283017806,-0.08188676221329173,5.049776808304944,0.11195211230143459,14.331519896232345,-0.1916296965283664,14.332800998991619,0.15279275792424976
1839.0,711.0,0.18,5.038807491013037,-0.0816160648969771,5.039468435612863,0.11172357861745655,14.307705301830019,-0.19108342002854983,14.308981231290531,0.15253883072604055
1840.0,710.0,0.17974683544303796,5.028548853067184,-0.08134686603487049,5.029206784404176,0.11149608073544642,14.28398773352441,-0.1905399852082307,14.285258522597307,0.1522859382113865
1841.0,709.0,0.17949367088607596,5.018336621577519,-0.08107915670509483,5.018991559777529,0.11126961211752537,14.260366617773546,-0.1899993749518811,14.261632299137158,0.15203407426364418
1842.0,708.0,0.17924050632911392,5.008170503840294,-0.08081292798006898,5.008822468890733,0.11104416627146542,14.23684138500256,-0.18946157216846712,14.238101991102964,0.15178323280846703
1843.0,707.0,0.1789873417721519,4.99805020920441,-0.08054817092968374,4.998699220954224,0.11081973675054495,14.213411469585987,-0.1889265597957929,14.21466703263762,0.15153340781361693
1844.0,706.0,0.17873417721518986,4.987975449064457,-0.08028487662432533,4.988621527224165,0.11059631715339527,14.190076309829621,-0.18839432080462135,14.191326861815961,0.15128459328877183
1845.0,705.0,0.17848101265822786,4.977945936853338,-0.08002303613774849,4.978589100995117,0.11037390112383866,14.166835347951764,-0.18786483820257793,14.16808092062607,0.151036783285326
1846.0,704.0,0.17822784810126582,4.967961388034537,-0.079762640549808,4.968601657592357,0.11015248235071763,14.143688030064137,-0.1873380950378501,14.144928654950224,0.15078997189618745
1847.0,703.0,0.1779746835443038,4.9580215200939834,-0.07950368094905368,4.9586589143637925,0.10993205456771583,14.120633806152163,-0.18681407440268938,14.121869514545242,0.1505441532555681
1848.0,702.0,0.17772151898734176,4.948126052531656,-0.07924614843519581,4.9487605906716,0.10971261155317275,14.09767213005502,-0.18629275943672569,14.098902953022572,0.15029932153877157
1849.0,701.0,0.17746835443037975,4.938274706852809,-0.07899003412144674,4.9389064078835005,0.10949414712989013,14.074802459445234,-0.18577413333010326,14.076028427827934,0.1500554709619763
1850.0,700.0,0.17721518987341772,4.9284672065589294,-0.07873532913674325,4.929096089363753,0.10927665516493254,14.052024255807869,-0.185258179326444,14.05324540022055,0.1498125957820138
