wavelength_nm,photon_energy_eV,chi2_real_pm_per_V,chi2_imag_pm_per_V,chi2_abs_real_pm_per_V,chi2_abs_pm_per_V
400,3.0996049599999997,0.39978921214329421,0.0076503607525825468,0.39978921214329421,0.39986240404144091
401,3.0918752718204487,0.40346227140383473,0.007760679570757191,0.40346227140383473,0.40353690363304023
402,3.084184039800995,0.40716854820851256,0.0078726012214652176,0.40716854820851256,0.40724464944332917
403,3.0765309776674936,0.41090839122944656,0.0079861509473650866,0.41090839122944656,0.41098599074631004
404,3.0689158019801979,0.4146821537539398,0.008101354444772401,0.4146821537539398,0.41476128144493674
405,3.0613382320987652,0.41849019375992147,0.0082182378730938054,0.41849019375992147,0.4185708801469058
406,3.0537979901477832,0.42233287399288533,0.0083368278644858525,0.42233287399288533,0.42241515024195381
407,3.0462948009828006,0.42621056204434682,0.0084571515337457902,0.42621056204434682,0.42629445998068366
408,3.0388283921568626,0.43012363043183366,0.008579236488440601,0.43012363043183366,0.43020918255493484
409,3.0313984938875302,0.43407245668047256,0.0087031108392796007,0.43407245668047256,0.43415969617976008
410,3.0240048390243901,0.43805742340618103,0.008828803210738978,0.43805742340618103,0.43814638417701918
411,3.0166471630170313,0.44207891840057101,0.0089563427519439402,0.44207891840057101,0.44216963506069595
412,3.009325203883495,0.44613733471746808,0.0090857591478160742,0.44613733471746808,0.44622984262384136
413,3.0020387021791763,0.45023307076124564,0.0092170826304931591,0.45023307076124564,0.450327406027346
414,2.9947874009661835,0.45436653037691288,0.0093503439910292765,0.45436653037691288,0.45446272989047698
415,2.9875710457831324,0.45853812294199325,0.009485574591382797,0.45853812294199325,0.45863622438321988
416,2.9803893846153846,0.46274826346031361,0.009622806376699676,0.46274826346031361,0.46284830532054372
417,2.9732421678657071,0.46699737265768748,0.0097620718879020477,0.46699737265768748,0.46709939425857494
418,2.9661291483253587,0.47128587707954384,0.0099034042745887799,0.47128587707954384,0.47138991859273027
419,2.9590500811455844,0.47561420919055153,0.010046837308258002,0.47561420919055153,0.47572031165786088
420,2.9520047238095235,0.47998280747632993,0.01019240539586087,0.47998280747632993,0.48009101283049782
421,2.9449928361045128,0.48439211654721737,0.01034014359369426,0.48439211654721737,0.48450246763317029
422,2.9380141800947865,0.48884258724420016,0.010490087621645227,0.48884258724420016,0.48895512784090239
423,2.9310685200945623,0.49333467674706744,0.010642273877793835,0.49333467674706744,0.49344945158995113
424,2.9241556226415093,0.49786884868479908,0.010796739453386654,0.49786884868479908,0.49798590348879529
425,2.9172752564705879,0.50244557324826378,0.010953522148192611,0.50244557324826378,0.50256495473145302
426,2.9104271924882625,0.50706532730528364,0.011112660486248319,0.50706532730528364,0.50718708321318384
427,2.9036112037470723,0.51172859451814823,0.011274193732009313,0.51172859451814823,0.51185277364865989
428,2.8968270654205606,0.51643586546359366,0.011438161906914955,0.51643586546359366,0.5165625176926214
429,2.8900745547785545,0.52118763775531574,0.011604605806381733,0.52118763775531574,0.5213168140630875
430,2.8833534511627903,0.52598441616914027,0.011773567017235143,0.52598441616914027,0.52611616866724464
431,2.8766635359628769,0.53082671277082327,0.011945087935595584,0.53082671277082327,0.53096109472998798
432,2.8700045925925926,0.53571504704659967,0.012119211785230143,0.53571504704659967,0.53585211292523216
433,2.8633764064665126,0.54064994603658834,0.012295982636384928,0.54064994603658834,0.54078975151010411
434,2.8567787649769585,0.54563194447102625,0.012475445425110688,0.54563194447102625,0.54577454646198742
435,2.8502114574712643,0.55066158490950068,0.012657645973098684,0.55066158490950068,0.5508070416185904
436,2.8436742752293576,0.55573941788315762,0.012842631008040669,0.55573941788315762,0.55588778882101697
437,2.8371670114416472,0.56086600204009196,0.013030448184529694,0.56086600204009196,0.56101734806004544
438,2.8306894611872142,0.56604190429388779,0.013221146105516213,0.56604190429388779,0.56619628762558505
439,2.8242414214123004,0.57126769997541071,0.013414774344339724,0.57126769997541071,0.57142518425941424
440,2.8178226909090909,0.57654397298799553,0.013611383467349351,0.57654397298799553,0.57670462331134276
441,2.8114330702947843,0.58187131596605113,0.013811025057134906,0.58187131596605113,0.58203519889882338
442,2.8050723619909501,0.58725033043720121,0.014013751736385381,0.58725033043720121,0.58741751407012965
443,2.7987403702031601,0.59268162698806148,0.014219617192394302,0.59268162698806148,0.59285218097120451
444,2.7924369009009009,0.59816582543373009,0.014428676202232454,0.59816582543373009,0.59833982101625538
445,2.7861617617977528,0.60370355499106854,0.014640984658608261,0.60370355499106854,0.60388106506217576
446,2.7799147623318383,0.60929545445594724,0.014856599596437647,0.60929545445594724,0.60947655358696795
447,2.7736957136465321,0.6149421723844799,0.015075579220145401,0.6149421723844799,0.61512693687219255
448,2.7675044285714283,0.62064436727840877,0.015297982931720487,0.62064436727840877,0.62083287518960817
449,2.7613407216035633,0.62640270777469342,0.015523871359550169,0.62640270777469342,0.62659503899205571
450,2.7552044088888885,0.63221787283952025,0.015753306388056505,0.63221787283952025,0.63241410910880524
451,2.7490953082039908,0.63809055196668529,0.01598635118816142,0.63809055196668529,0.63829077694531999
452,2.7430132389380528,0.64402144538066119,0.016223070248606558,0.64402144538066119,0.64422574468775096
453,2.7369580220750551,0.65001126424433031,0.016463529408155042,0.65001126424433031,0.65021972551214235
454,2.7309294801762114,0.65606073087158734,0.01670779588870356,0.65606073087158734,0.65627344379855868
455,2.7249274373626373,0.66217057894487463,0.016955938329334869,0.66217057894487463,0.66238763535019174
456,2.7189517192982455,0.66834155373789939,0.017208026821340115,0.66834155373789939,0.6685630476177048
457,2.7130021531728663,0.67457441234355464,0.017464132944243399,0.67457441234355464,0.67480043992883276
458,2.7070785676855893,0.6808699239072431,0.017724329802859706,0.6808699239072431,0.68110058372344362
459,2.701180793028322,0.68722886986579779,0.01798869206542366,0.68722886986579779,0.68746426279425332
460,2.6953086608695651,0.69365204419205573,0.018257296002819182,0.69365204419205573,0.69389227353325689
461,2.6894620043383948,0.70014025364532562,0.018530219528951453,0.70014025364532562,0.70038542518411384
462,2.6836406580086578,0.70669431802788019,0.018807542242296076,0.70669431802788019,0.70694454010062657
463,2.6778444578833693,0.71331507044766473,0.019089345468664809,0.71331507044766473,0.71357045401150043
464,2.67207324137931,0.7200033575873297,0.019375712305230663,0.7200033575873297,0.72026401629150072
465,2.6663268473118276,0.72676003997992877,0.019666727665851994,0.72676003997992877,0.7270260902393465
466,2.6606051158798283,0.73358599229124977,0.019962478327741465,0.73358599229124977,0.73385755336231495
467,2.6549078886509636,0.740482103609162,0.020263052979524611,0.740482103609162,0.74075929766794057
468,2.6492350085470084,0.74744927774008074,0.020568542270734756,0.74744927774008074,0.74773222996291355
469,2.6435863198294243,0.75448843351276018,0.020879038862794942,0.75448843351276018,0.75477727215939205
470,2.6379616680851061,0.76160050508972854,0.021194637481536022,0.76160050508972854,0.76189536158904614
471,2.6323609002123138,0.76878644228641768,0.021515434971305196,0.76878644228641768,0.76908745132488798
472,2.6267838644067796,0.77604721089830653,0.021841530350719986,0.77604721089830653,0.77635451051121096
473,2.6212304101479913,0.7833837930364238,0.022173024870123209,0.7833837930364238,0.78369752470198961
474,2.6157003881856538,0.79079718747122962,0.022510022070800842,0.79079718747122962,0.79111749620775995
475,2.6101936505263157,0.79828840998529471,0.022852627846023196,0.79828840998529471,0.79861544445140731
476,2.6047100504201679,0.80585849373496399,0.023200950503972598,0.80585849373496399,0.80619240633304956
477,2.5992494423480084,0.81350848962135358,0.023555100832626366,0.81350848962135358,0.81384943660437048
478,2.5938116820083681,0.82123946667083758,0.02391519216666408,0.82123946667083758,0.82158760825256516
479,2.5883966263048013,0.8290525124253918,0.024281340456469624,0.8290525124253918,0.82940801289426747
480,2.5830041333333331,0.83694873334317887,0.024653664339304437,0.83694873334317887,0.83731176117985262
481,2.5776340623700622,0.84492925520947226,0.025032285212731716,0.84492925520947226,0.84529998320821298
482,2.5722862738589209,0.85299522355840418,0.025417327310370032,0.85299522355840418,0.85337382895250224
483,2.5669606293995857,0.86114780410583092,0.025808917780060822,0.86114780410583092,0.86153446869714534
484,2.561656991735537,0.8693881831936876,0.026207186764542978,0.8693881831936876,0.86978309348649252
485,2.556375224742268,0.87771756824606717,0.026612267484718496,0.87771756824606717,0.87812091558535832
486,2.5511151934156375,0.88613718823757148,0.027024296325612283,0.88613718823757148,0.8865491689520012
487,2.5458767638603694,0.89464829417417757,0.027443412925120231,0.89464829417417757,0.8950691097237935
488,2.5406598032786882,0.90325215958705041,0.027869760265652334,0.90325215958705041,0.90368201671602122
489,2.5354641799591002,0.91195008103978559,0.028303484768777247,0.91195008103978559,0.91238919193430168
490,2.5302897632653059,0.9207433786493926,0.028744736392981848,0.9207433786493926,0.92119196110094281
491,2.5251364236252543,0.92963339662155575,0.029193668734664037,0.92963339662155575,0.93009167419578598
492,2.5200040325203252,0.93862150380053033,0.0296504391324766,0.93862150380053033,0.93908970601190056
493,2.5148924624746449,0.9477090942343156,0.030115208775158608,0.9477090942343156,0.94818745672677951
494,2.5098015870445343,0.95689758775536937,0.030588142812976282,0.95689758775536937,0.95738635248931325
495,2.5047312808080808,0.96618843057758275,0.031069410472923623,0.96618843057758275,0.96668784602326896
496,2.4996814193548387,0.97558309590992698,0.031559185177817251,0.97558309590992698,0.97609341724769638
497,2.4946518792756538,0.98508308458734062,0.032057644669444871,0.98508308458734062,0.98560457391484457
498,2.4896425381526104,0.99468992571949189,0.032564971135920634,0.99468992571949189,0.99522285226623075
499,2.4846532745490979,1.0044051773578566,0.033081351343414458,1.0044051773578566,1.0049498177073191
500,2.4796839679999998,1.0142304271819711,0.033606976772425648,1.0142304271819711,1.0147870655016775
501,2.4747344990019959,1.024167293205227,0.034142043758781465,1.024167293205227,1.0247362214849967
502,2.4698047490039841,1.034217424501064,0.034686753639550205,1.034217424501064,1.0347989427998392
503,2.464894600397614,1.0443825019501602,0.035241312904061753,1.0443825019501602,1.0449769186517368
504,2.4600039365079365,1.0546642390094467,0.035805933350244096,1.0546642390094467,1.0552718710874736
505,2.4551326415841581,1.0650643825034218,0.036380832246487568,1.0650643825034218,1.065685555796053
506,2.4502806007905136,1.0755847134389724,0.036966232499262577,1.0755847134389724,1.0762197629335684
507,2.4454477001972386,1.0862270478440061,0.037562362826726203,1.0862270478440061,1.0868763179723033
508,2.4406338267716534,1.0969932376311902,0.03816945793856176,1.0969932376311902,1.0976570825753753
509,2.4358388683693515,1.107885171487375,0.038787758722307122,1.107885171487375,1.1085639554975211
510,2.4310627137254901,1.1189047757896344,0.039417512436444743,1.1189047757896344,1.1195988735129778
511,2.4263052524461837,1.130054015549065,0.040058972910530954,1.130054015549065,1.1307638123716257
512,2.4215663749999998,1.141334895383054,0.040712400752658043,1.141334895383054,1.1420607877841231
513,2.4168459727095515,1.1527494605172937,0.041378063564564763,1.1527494605172937,1.1534918564373415
514,2.4121439377431906,1.1642997978182987,0.042056236164710825,1.1642997978182987,1.1650591170408795
515,2.407460163106796,1.1759880368579658,0.042747200819659117,1.1759880368579658,1.1767647114062219
516,2.4027945426356587,1.1878163510108148,0.043451247484117161,1.1878163510108148,1.1886108255592214
517,2.3981469709864602,1.1997869585855878,0.044168674050015191,1.1997869585855878,1.2005996908875962
518,2.3935173436293433,1.2119021239920813,0.04489978660500725,1.2119021239920813,1.2127335853243668
519,2.388905556840077,1.2241641589448204,0.04564489970080518,1.2241641589448204,1.2250148345688618
520,2.3843115076923076,1.2365754237046955,0.046404336631778828,1.2365754237046955,1.2374458133464603
521,2.379735094049904,1.2491383283601101,0.047178429724269333,1.2491383283601101,1.2500289467086503
522,2.3751762145593869,1.2618553341490886,0.047967520637093239,1.2618553341490886,1.2627667113748993
523,2.3706347686424474,1.2747289548239267,0.048771960673731421,1.2747289548239267,1.2756616371179548
524,2.3661106564885492,1.2877617580598679,0.049592111106725872,1.2877617580598679,1.2887163081941131
525,2.361603779047619,1.3009563669096504,0.05042834351483684,1.3009563669096504,1.3019333648203379
526,2.3571140380228135,1.3143154613056183,0.051281040133532935,1.3143154613056183,1.3153155046999854
527,2.3526413358633773,1.3278417796110866,0.052150594219421503,1.3278417796110866,1.328865484598865
528,2.3481855757575758,1.3415381202231949,0.053037410429259968,1.3415381202231949,1.3425861219739408
529,2.3437466616257088,1.3554073432288836,0.053941905214216962,1.3554073432288836,1.3564802966563578
530,2.3393244981132075,1.3694523721163741,0.054864507230086887,1.3694523721163741,1.3705509525912432
531,2.3349189905838039,1.3836761955441625,0.055805657764206762,1.3836761955441625,1.3848010996363569
532,2.3305300451127819,1.3980818691699,0.056765811179853035,1.3980818691699,1.3992338154220358
533,2.3261575684803,1.4126725175414547,0.057745435378942833,1.4126725175414547,1.4138522472748045
534,2.3218014681647938,1.4274513360528558,0.058745012283909603,1.4274513360528558,1.4286596142074288
535,2.3174616523364486,1.4424215929674551,0.059765038339666066,1.4424215929674551,1.4436592089778366
536,2.3131380298507462,1.4575866315112225,0.060806025036621469,1.4575866315112225,1.4588544002199075
537,2.3088305102420854,1.4729498720390359,0.061868499455761755,1.4729498720390359,1.4742486346490948
538,2.3045390037174718,1.488514814276924,0.062953004836881016,1.488514814276924,1.4898454393459268
539,2.3002634211502779,1.5042850396434266,0.064060101171076578,1.5042850396434266,1.5056484241206758
540,2.2960036740740741,1.5202642136532978,0.065190365818717927,1.5202642136532978,1.5216612839625177
541,2.2917596746765247,1.5364560884071268,0.066344394154142838,1.5364560884071268,1.5378878015768929
542,2.287531335793358,1.5528645051703971,0.067522800238416225,1.5528645051703971,1.5543318500147063
543,2.2833185709023938,1.569493397045798,0.068726217521556804,1.569493397045798,1.5709973953973253
544,2.2791212941176471,1.5863467917428458,0.069955299575723023,1.5863467917428458,1.5878884997415745
545,2.274939420183486,1.60342881444886,0.071210720860928667,1.60342881444886,1.6050093238889331
546,2.2707728644688645,1.6207436908058033,0.072493177524957236,1.6207436908058033,1.6223641305435972
547,2.2666215429616088,1.6382957499975506,0.073803388239224554,1.6382957499975506,1.6399572874241652
548,2.2624853722627734,1.656089427952312,0.075142095072474296,1.656089427952312,1.6577932705338434
549,2.2583642695810564,1.674129270665579,0.076510064404257699,1.674129270665579,1.6758766675547478
550,2.2542581527272727,1.6924199376485349,0.07790808788030415,1.6924199376485349,1.6942121813714583
551,2.2501669401088926,1.7109662055079338,0.079336983411995105,1.7109662055079338,1.7128046337300504
552,2.2460905507246376,1.7297729716631292,0.080797596222288576,1.7297729716631292,1.7316589690385324
553,2.2420289041591319,1.7488452582064138,0.082290799940586856,1.7488452582064138,1.7507802583151089
554,2.2379819205776172,1.7681882159135132,0.083817497749195224,1.7681882159135132,1.7701737032913885
555,2.2339495207207207,1.7878071284106922,0.085378623584175056,1.7878071284106922,1.7898446406772892
556,2.2299316258992805,1.8077074165061005,0.086975143393570875,1.8077074165061005,1.809798546595585
557,2.2259281579892281,1.8278946426928195,0.088608056456181084,1.8278946426928195,1.8300410411938994
558,2.2219390394265233,1.8483745158315865,0.090278396764234353,1.8483745158315865,1.8505778934424708
559,2.2179641932021466,1.8691528960218209,0.091987234473552254,1.8691528960218209,1.8714150261267146
560,2.2140035428571427,1.8902357996698869,0.09373567742500441,1.8902357996698869,1.8925585210439284
561,2.2100570124777184,1.9116294047639588,0.095524872741303557,1.9116294047639588,1.9140146244139435
562,2.2061245266903913,1.9333400563653944,0.097356008503454383,1.9333400563653944,1.9357897525141183
563,2.2022060106571932,1.9553742723274299,0.099230315511458556,1.9553742723274299,1.9578904975499856
564,2.1983013900709216,1.9777387492518503,0.10114906913415198,1.9777387492518503,1.9803236337727674
565,2.1944105911504423,2.0004403686957879,0.10311359125342176,2.0004403686957879,2.0030961238564959
566,2.1905335406360424,2.0234862036408368,0.10512525230834124,2.0234862036408368,2.026215125547556
567,2.1866701657848324,2.0468835252376687,0.10718547344519189,2.0468835252376687,2.0496879986005321
568,2.182820394366197,2.0706398098398946,0.10929572877969884,2.0706398098398946,2.0735223120148194
569,2.1789841546572934,2.0947627463421936,0.11145754777826802,2.0947627463421936,2.0977258515878177
570,2.1751613754385963,2.1192602438378394,0.11367251776547257,2.1192602438378394,2.1223066278006959
571,2.1713519859894919,2.1441404396124293,0.11594228656552669,2.1441404396124293,2.1472728840544288
572,2.167555916083916,2.1694117074910482,0.11826856528605029,2.1694117074910482,2.1726331052743455
573,2.1637730959860382,2.1950826665575649,0.12065313125299426,2.1950826665575649,2.1983960269029375
574,2.1600034564459927,2.2211621902655088,0.12309783110623279,2.2211621902655088,2.2245706443015316
575,2.1562469286956518,2.2476594159614471,0.12560458406602054,2.2476594159614471,2.2511662225829867
576,2.1525034444444442,2.2745837548430083,0.12817538538123557,2.2745837548430083,2.2781923068989034
577,2.1487729358752166,2.3019449023749159,0.13081230997113452,2.3019449023749159,2.3056587332061622
578,2.1450553356401381,2.3297528491880479,0.13351751627321456,2.3297528491880479,2.3335756395393736
579,2.1413505768566492,2.3580178924881352,0.13629325031069495,2.3580178924881352,2.3619534778175546
580,2.1376585931034482,2.3867506480020415,0.13914184999417106,2.3867506480020415,2.390803026214825
581,2.133979318416523,2.4159620624920422,0.14206574967305469,2.4159620624920422,2.4201354021275274
582,2.1303126872852234,2.4456634268695883,0.14506748495365512,2.4456634268695883,2.4499620757714347
583,2.1266586346483702,2.4758663899430884,0.14814969780199538,2.4758663899430884,2.4802948844459287
584,2.1230170958904107,2.5065829728356128,0.15131514195092016,2.5065829728356128,2.5111460475036189
585,2.1193880068376068,2.5378255841113146,0.1545666886325337,2.5378255841113146,2.5425281820669681
586,2.1157713037542663,2.5696070356520258,0.15790733265871604,2.5696070356520258,2.57445431953643
587,2.1121669233390117,2.6019405593277991,0.16134019887423695,2.6019405593277991,2.6069379229371452
588,2.1085748027210882,2.6348398245086653,0.16486854900900294,2.6348398245086653,2.6399929051550854
589,2.1049948794567062,2.6683189564678331,0.16849578895810857,2.6683189564678331,2.6736336481167728
590,2.1014270915254234,2.7023925557299968,0.17222547652072773,2.7023925557299968,2.7078750229705384
591,2.0978713773265651,2.7370757184225116,0.17606132963144461,2.7370757184225116,2.7427324113317542
592,2.0943276756756757,2.7723840576908003,0.18000723512046746,2.7723840576908003,2.7782217276585075
593,2.0907959258010118,2.8083337262440917,0.18406725804220697,2.8083337262440917,2.8143594428294341
594,2.087276067340067,2.8449414401020547,0.18824565161512546,2.8449414401020547,2.8511626090003976
595,2.0837680403361345,2.8822245036183691,0.19254686781942104,2.8822245036183691,2.8886488858227861
596,2.0802717852348991,2.9202008358623388,0.19697556870322863,2.9202008358623388,2.9268365681119035
597,2.0767872428810721,2.9588889984461524,0.20153663845240377,2.9588889984461524,2.965744615061177
598,2.0733143545150501,2.9983082248915434,0.20623519628396964,2.9983082248915434,3.0053926811048446
599,2.0698530617696158,3.0384784516366761,0.21107661022861107,3.0384784516366761,3.0458011485397423
600,2.0664033066666665,3.0794203507921551,0.21606651187360948,3.0794203507921551,3.0869911620259152
601,2.0629650316139765,3.1211553647628891,0.22121081214417976,3.1211553647628891,3.1289846650946775
602,2.0595381794019931,3.1637057428616533,0.22651571820836808,3.1637057428616533,3.1718044388031328
603,2.0561226932006633,3.2070945800504944,0.23198775159875179,3.2070945800504944,3.2154741426858191
604,2.0527185165562911,3.2513458579561592,0.23763376765297101,3.2513458579561592,3.2600183581657358
605,2.0493255933884296,3.2964844883179927,0.24346097638499176,3.2964844883179927,3.3054626346010134
606,2.0459438679867987,3.3425363590390429,0.24947696490985438,3.3425363590390429,3.3518335381576772
607,2.042573285008237,3.3895283830253371,0.25568972155673719,3.3895283830253371,3.3991587037153939
608,2.0392137894736839,3.4374885500131755,0.26210766181859568,3.4374885500131755,3.4474668900303733
609,2.0358653267651885,3.4864459816011255,0.26873965630159158,3.4864459816011255,3.4967880383992012
610,2.0325278426229505,3.5364309897212838,0.27559506085410257,3.5364309897212838,3.5471533350883262
611,2.0292012831423896,3.587475138804356,0.28268374907374227,3.587475138804356,3.5985952778174042
612,2.0258855947712417,3.6396113119149875,0.29001614741147108,3.6396113119149875,3.6511477466104996
613,2.0225807243066884,3.6928737811571866,0.29760327311508461,3.6928737811571866,3.7048460793570075
614,2.019286618892508,3.7472982826764873,0.30545677528032977,3.7472982826764873,3.7597271524559881
615,2.0160032260162599,3.8029220966136439,0.31358897930694263,3.8029220966136439,3.8158294669514627
616,2.0127304935064934,3.8597841323966176,0.32201293508963846,3.8597841323966176,3.8731932406046758
617,2.0094683695299835,3.9179250197922482,0.33074246931074136,3.9179250197922482,3.9318605063913261
618,2.0062168025889968,3.9773872061773794,0.33979224224256899,3.9773872061773794,3.9918752179585644
619,2.0029757415185783,4.0382150605314013,0.3491778095143161,4.0382150605314013,4.0532833626283571
620,1.9997451354838709,4.1004549846981728,0.35891568935082319,4.1004549846981728,4.1161330825907791
621,1.9965249339774556,4.1641555325181994,0.36902343585030772,4.1641555325181994,4.1804748049962814
622,1.9933150868167202,4.2293675374865654,0.37951971893560066,4.2293675374865654,4.2463613817250803
623,1.9901155441412519,4.296144249656443,0.39042441169011044,4.296144249656443,4.3138482396926863
624,1.9869262564102563,4.3645414825775628,0.40175868587687857,4.3645414825775628,4.3829935426393076
625,1.9837471743999999,4.4346177711340804,0.41354511653834847,4.4346177711340804,4.4538583654479762
626,1.9805782492012778,4.5064345412343929,0.42580779668766511,4.5064345412343929,4.5265068821499028
627,1.9774194322169059,4.5800562923969483,0.43857246323177057,4.5800562923969483,4.6010065688966435
628,1.9742706751592356,4.6555507943836165,0.45186663541474603,4.6555507943836165,4.6774284233205501
629,1.9711319300476946,4.7329892991465243,0.46571976723984365,4.7329892991465243,4.7558472018593534
630,1.968003149206349,4.8124467694853976,0.48016341552418973,4.8124467694853976,4.8363416767985168
631,1.9648842852614896,4.8940021259546,0.49523142546520016,4.8940021259546,4.9189949149817629
632,1.9617752911392403,4.9777385137199808,0.5109601358577236,4.9777385137199808,5.0038945803650732
633,1.958676120063191,5.0637435912428437,0.52738860640149876,5.0637435912428437,5.0911332628418879
634,1.9555867255520503,5.152109842865892,0.54455886988711999,5.152109842865892,5.1808088360533375
635,1.9525070614173228,5.2429349175951074,0.56251621245360584,5.2429349175951074,5.2730248472211061
636,1.9494370817610061,5.3363219966165687,0.58130948558238016,5.3363219966165687,5.3678909424094945
637,1.9463767409733124,5.432380192356316,0.6009914540429544,5.432380192356316,5.4655233310395728
638,1.9433259937304075,5.5312249821930113,0.62161918465002142,5.5312249821930113,5.5660452939552183
639,1.9402847949921751,5.6329786802650954,0.64325448144740194,5.6329786802650954,5.6695877398822621
640,1.9372531,5.7377709511809236,0.66596437382343754,5.7377709511809236,5.7762898157396565
641,1.9342308642745709,5.8457393698458446,0.68982166511071985,5.8457393698458446,5.8862995769686934
642,1.931218043613707,5.9570300320636989,0.71490555046280591,5.9570300320636989,5.9997747248535385
643,1.928214594090202,6.0717982210544825,0.74130231427048709,6.0717982210544825,6.1168834187307484
644,1.9252204720496893,6.1902091355563176,0.76910611912819227,6.1902091355563176,6.2378051720461194
645,1.9222356341085269,6.3124386857427943,0.79841990044551725,6.3124386857427943,6.3627318424313346
646,1.9192600371517026,6.4386743637870865,0.82935638329243844,6.4386743637870865,6.4918687273694129
647,1.9162936383307572,6.5691161965258686,0.86203924105801022,6.5691161965258686,6.6254357786173106
648,1.9133363950617284,6.7039777883100236,0.89660441910269029,6.7039777883100236,6.7636689503928729
649,1.9103882650231123,6.8434874627464577,0.93320165093061247,6.8434874627464577,6.9068216984418802
650,1.9074492061538459,6.9878895125980716,0.9719961996723312,6.9878895125980716,7.0551666495169041
651,1.9045191766513057,7.1374455675597268,1.013170864064822,7.1374455675597268,7.2089974635636986
652,1.9015981349693249,7.29243608988204,1.0569282959126509,7.29243608988204,7.3686309140650321
653,1.8986860398162326,7.4531620077414029,1.1034936855507751,7.4531620077414029,7.5344092155716034
654,1.895782850152905,7.619946495675233,1.1531178835306664,7.619946495675233,7.7067026314936733
655,1.8928885251908396,7.7931369100447654,1.2060810411554521,7.7931369100447654,7.8859123997503726
656,1.8900030243902437,7.9731068849704485,1.2626968702760237,7.9731068849704485,8.072474018872283
657,1.887126307458143,8.1602585899477198,1.3233176447884389,8.1602585899477198,8.2668609425720945
658,1.8842583343465045,8.355025143589053,1.388340093631232,8.355025143589053,8.46958873650836
659,1.8813990652503791,8.5578731674852868,1.4582123691422679,8.5578731674852868,8.681219756709547
660,1.8785484606060605,8.7693054483507602,1.5334423171279385,8.7693054483507602,8.9023684144407902
661,1.8757064810892585,8.9898636529584195,1.6146073280846123,8.9898636529584195,9.133707096392321
662,1.8728730876132929,9.2201310053219281,1.702366115370924,9.2201310053219281,9.375972810650735
663,1.8700482413273001,9.4607347839376494,1.7974728490226406,9.4607347839376494,9.6299746258742207
664,1.8672319036144578,9.7123484210421829,1.9007941771976551,9.7123484210421829,9.8966019600562429
665,1.8644240360902253,9.9756928745935127,2.0133297953203124,9.9756928745935127,10.176833750874597
666,1.8616246006006005,10.251536780601054,2.1362373804188035,10.251536780601054,10.47174849342338
667,1.8588335592203897,10.540694654285456,2.2708628988017292,10.540694654285456,10.782535049794003
668,1.856050874251497,10.844022057650164,2.4187775204975495,10.844022057650164,11.110503997590188
669,1.8532765082212255,11.162406135935473,2.5818226290185802,11.162406135935473,11.457099058281827
670,1.8505104238805969,11.496749169409995,2.762164681950261,11.496749169409995,11.82390778019445
671,1.8477525842026825,11.847941679195877,2.9623619117869104,11.847941679195877,12.212670065552111
672,1.8450029523809524,12.216820009336192,3.185444960808594,12.216820009336192,12.625282204325494
673,1.8422614918276372,12.604100967733743,3.4350133251746158,12.604100967733743,13.063792624998065
674,1.8395281661721068,13.010282772670259,3.7153485714177918,13.010282772670259,13.530383321694059
675,1.8368029392592591,13.43549691894539,4.0315429992102114,13.43549691894539,14.027327486498343
676,1.8340857751479289,13.879289441418894,4.3896375397401588,13.879289441418894,14.55690877655617
677,1.8313766381093057,14.340302632073289,4.7967531283033047,14.340302632073289,15.121280374139475
678,1.8286754926253685,14.815820986371499,5.2611822902174978,14.815820986371499,15.722232366655325
679,1.8259823033873341,15.301142298809673,5.7923776518771586,15.301142298809673,16.360824994797436
680,1.8232970352941176,15.788746542264121,6.4007268321634321,15.788746542264121,17.03683718757194
681,1.8206196534508075,16.26728171016201,7.0969386933593022,16.26728171016201,17.747985605557378
682,1.8179501231671553,16.720499912525504,7.8908017765238156,16.720499912525504,18.488912082682333
683,1.815288409956076,17.126492889281771,8.7890712631295003,17.126492889281771,19.250052788368862
684,1.8126344795321636,17.457880404556981,9.7924212601307659,17.457880404556981,20.016720569455817
685,1.8099882978102189,17.683831691468313,10.891921463253748,17.683831691468313,20.769011927722197
686,1.8073498309037899,17.774547097456079,12.066347693042193,17.774547097456079,21.483278873790866
687,1.8047190451237263,17.707677881655776,13.282280430999073,17.707677881655776,22.135510597412974
688,1.8020959069767442,17.474424461757415,14.498359822240591,17.474424461757415,22.705901166983576
689,1.7994803831640056,17.082236290793155,15.672857434238136,17.082236290793155,23.182779316735179
690,1.7968724405797101,16.55253823724599,16.771415592086306,16.55253823724599,23.564101999820963
691,1.7942720463096959,15.914818756726156,17.771682021939242,15.914818756726156,23.856113219641653
692,1.7916791676300576,15.200117900980629,18.663759784555474,15.200117900980629,24.070303560597278
693,1.7890937720057718,14.43630979691093,19.447693866273077,14.43630979691093,24.220236110918943
694,1.7865158270893371,13.645851904825207,20.129951251520993,13.645851904825207,24.319214863910251
695,1.7839453007194244,12.845448296090083,20.720278721894324,12.845448296090083,24.378996949023772
696,1.7813821609195402,12.046754810290633,21.229467401030149,12.046754810290633,24.409313541979468
697,1.7788263758967,11.257453650145536,21.668003446521077,11.257453650145536,24.417875338440574
698,1.7762779140401146,10.482323884106929,22.045384805931363,10.482323884106929,24.41061460211332
699,1.7737367439198855,9.7241468015986818,22.36987722537387,9.7241468015986818,24.392015867847874
700,1.7712028342857142,8.9843955717575419,22.648532274932343,8.9843955717575419,24.365454602745842
701,1.7686761540656204,8.263711888096875,22.88733545231689,8.263711888096875,24.333496630701376
702,1.7661566723646722,7.5622049881145657,23.091389330414451,7.5622049881145657,24.298131728407498
703,1.7636443584637267,6.8796273262742691,23.26507582585117,6.8796273262742691,24.26093620062969
704,1.7611391818181816,6.2154800596318633,23.412179427247459,6.2154800596318633,24.223177700403191
705,1.7586411120567376,5.569084644813687,23.535977209868335,5.569084644813687,24.185882803911483
706,1.7561501189801698,4.9396379287545269,23.63930823707139,4.9396379287545269,24.149884405405789
707,1.753666172560113,4.3262562973429208,23.724631759484375,4.3262562973429208,24.115858800246656
708,1.7511892429378531,3.7280100365706286,23.794078632852234,3.7280100365706286,24.084356682691912
709,1.748719300423131,3.1439485427324891,23.849497212091585,3.1439485427324891,24.055829432985966
710,1.7462563154929576,2.5731175484126902,23.892493783028499,2.5731175484126902,24.03065111664694
711,1.743800258790436,2.0145699176214604,23.924467462103507,2.0145699176214604,24.009136496305626
712,1.7413511011235954,1.4673716089154256,23.946639709390915,1.4673716089154256,23.991555447907686
713,1.7389088134642354,0.93060423741124776,23.960078826323794,0.93060423741124776,23.978144248676493
714,1.7364733669467787,0.40336543051944185,23.965719956322253,0.40336543051944185,23.969114224255367
715,1.7340447328671327,-0.11523204712855695,23.964381189405913,0.11523204712855695,23.964658232819371
716,1.7316228826815641,-0.62606159784080229,23.95677643794339,0.62606159784080229,23.964955464633988
717,1.7292077880055787,-1.1299838625480279,23.943525850824948,1.1299838625480279,23.970175086943804
718,1.7267994206128132,-1.6278470531394658,23.925164711992245,1.6278470531394658,23.980479405641034
719,1.724397752433936,-2.1204863006612613,23.902152050660995,2.1204863006612613,23.996027479651914
720,1.7220027555555555,-2.6087222941899415,23.874880542183796,2.6087222941899415,24.016980511957573
721,1.71961440221914,-3.0933604592421364,23.843689532574189,3.0933604592421364,24.043510755640295
722,1.7172326648199445,-3.5751934977394653,23.808882754672368,3.5751934977394653,24.075815802834466
723,1.7148575159059474,-4.0550120868204091,23.770750773673342,4.0550120868204091,24.114139324644189
724,1.7124889281767954,-4.5336298675486981,23.72959459052106,4.5336298675486981,24.15879672513546
725,1.7101268744827585,-5.0119273320327586,23.685741265419622,5.0119273320327586,24.210199397650136
726,1.7077713278236912,-5.4909124491736332,23.639537572172081,5.4909124491736332,24.268865984026235
727,1.7054222613480055,-5.9717845354525441,23.591309021323148,5.9717845354525441,24.335407781202949
728,1.7030796483516482,-6.4559788152851905,23.541283113740576,6.4559788152851905,24.410482852756072
729,1.7007434622770918,-6.9451719018360603,23.489492923747228,6.9451719018360603,24.494727811527614
730,1.6984136767123286,-7.4412446388431093,23.435687244797165,7.4412446388431093,24.588687610587513
731,1.6960902653898768,-7.9462169953674859,23.379267837047578,7.9462169953674859,24.692762687351827
732,1.6937732021857923,-8.462176706185053,23.319258413697575,8.462176706185053,24.807181370955995
733,1.6914624611186901,-8.9912175973995332,23.254297002311134,8.9912175973995332,24.931993962687454
734,1.6891580163487738,-9.5353939824509695,23.182639804145197,9.5353939824509695,25.06708053781492
735,1.6868598421768706,-10.096692358211115,23.102167137980992,10.096692358211115,25.212166171266752
736,1.6845679130434781,-10.677021977456654,23.01038326083129,10.677021977456654,25.366839300895116
737,1.6822822035278153,-11.278226815608395,22.90439712425399,11.278226815608395,25.530566145893491
738,1.6800026883468833,-11.902115473417751,22.780861353142868,11.902115473417751,25.702684621138093
739,1.677729342354533,-12.550486997509768,22.635839921173528,12.550486997509768,25.882348672631217
740,1.6754621405405403,-13.225102468650704,22.464584209370763,13.225102468650704,26.068388500369966
741,1.6732010580296894,-13.92753047095513,22.261230370620211,13.92753047095513,26.259064770726457
742,1.6709460700808625,-14.658798903351371,22.018478357046035,14.658798903351371,26.451725358633979
743,1.6686971520861371,-15.418818986757298,21.727350501194373,15.418818986757298,26.642404897984317
744,1.6664542795698924,-16.205590501044476,21.377141582586042,16.205590501044476,26.825423495808455
745,1.6642174281879194,-17.014233417788667,20.955675589962127,17.014233417788667,26.993044997308679
746,1.6619865737265413,-17.835931960115779,20.449996583435592,17.835931960115779,27.135269100349952
747,1.6597616921017402,-18.656956256334958,19.847633889284346,18.656956256334958,27.239871287395331
748,1.6575427593582885,-19.45806370806784,19.138543801561362,19.45806370806784,27.292858078836478
749,1.6553297516688918,-20.214739927457366,18.317662980804393,20.214739927457366,27.279525058421939
750,1.6531226453333332,-20.898792083053159,17.387663972468786,20.898792083053159,27.18621652511019
751,1.6509214167776296,-21.481564177259635,16.361061936447811,21.481564177259635,27.002628523719796
752,1.6487260425531913,-21.938396285653873,15.260577002542213,21.938396285653873,26.724117235877262
753,1.6465364993359892,-22.253119329788461,14.116997573480425,22.253119329788461,26.353196018613321
754,1.6443527639257294,-22.42095980724433,12.964797269613417,22.42095980724433,25.899525225768933
755,1.6421748132450329,-22.44873488944917,11.836880563809387,22.44873488944917,25.378286774695034
756,1.6400026243386243,-22.352440477577979,10.760232128106193,22.352440477577979,24.807543021315013
757,1.6378361743725229,-22.15341379991348,9.753633310877003,22.15341379991348,24.205518084793113
758,1.6356754406332452,-21.874511048067397,8.827533625599699,21.874511048067397,23.588547719245369
759,1.6335204005270092,-21.537256165321629,7.9853864905091321,21.537256165321629,22.969976067325153
760,1.6313710315789474,-21.16022869792976,7.2255761849126401,21.16022869792976,22.359879913645933
761,1.6292273114323257,-20.758487999618595,6.5432906453367519,20.758487999618595,21.765327392429931
762,1.6270892178477689,-20.343667364445572,5.9320233358689851,20.343667364445572,21.190887255905594
763,1.62495672870249,-19.924406951815875,5.3846342457698011,19.924406951815875,20.639192773514317
764,1.6228298219895287,-19.506900073703477,4.894027361429993,19.506900073703477,20.111455797626341
765,1.6207084758169934,-19.095428084656454,4.4535417699325297,19.095428084656454,19.607891473404788
766,1.6185926684073106,-18.692829134199236,4.0571478539535075,18.692829134199236,19.128050338422035
767,1.6164823780964797,-18.300885628813056,3.699518174785176,18.300885628813056,18.671069854843942
768,1.6143775833333331,-17.920632943907314,3.3760202439402462,17.920632943907314,18.235860215458729
769,1.6122782626788035,-17.552597003952634,3.0826620716151076,17.552597003952634,17.821236405786813
770,1.6101843948051946,-17.19696862209851,2.816012267855827,17.19696862209851,17.426005132621626
771,1.6080959584954604,-16.853723118695072,2.5731120306929522,16.853723118695072,17.049014296554905
772,1.606012932642487,-16.522696058343833,2.3513926500149473,16.522696058343833,16.689174108713562
773,1.6039352962483828,-16.203628042761778,2.1486068810092283,16.203628042761778,16.345460326258667
774,1.6018630284237725,-15.896191075456098,1.9627764749242864,15.896191075456098,16.01690925859063
775,1.5997961083870966,-15.600005905950781,1.7921535674362783,15.600005905950781,15.702611205623537
776,1.5977345154639173,-15.314655703237971,1.6351917627339327,15.314655703237971,15.401705470811736
777,1.595678229086229,-15.039698169091952,1.4905231024756365,15.039698169091952,15.113377522460075
778,1.5936272287917737,-14.774676429868141,1.3569383909555572,14.774676429868141,14.836857666101345
779,1.5915814942233633,-14.519128451010442,1.2333695764776111,14.519128451010442,14.571420366221043
780,1.5895410051282051,-14.272594735316741,1.1188736841386895,14.272594735316741,14.316383579649198
781,1.5875057413572342,-14.034624266786114,1.0126181774097862,14.034624266786114,14.071107770288819
782,1.5854756828644501,-13.804778839975366,0.91386774756242506,13.804778839975366,13.834994509600154
783,1.5834508097062578,-13.582636013373534,0.82197252899804951,13.582636013373534,13.607484701818302
784,1.5814311020408163,-13.36779095411012,0.73635769904038728,13.36779095411012,13.388056530121332
785,1.5794165401273885,-13.159857426942864,0.65651438201946988,13.159857426942864,13.176223230928569
786,1.5774071043256996,-12.958468146042847,0.58199175252639979,12.958468146042847,12.971530792162344
787,1.5754027750952986,-12.763274668515301,0.51239022235809628,12.763274668515301,12.77355565235978
788,1.5734035329949236,-12.57394697188958,0.44735559646265832,12.57394697188958,12.581902458753111
789,1.5714093586818756,-12.390172827467477,0.38657409114276575,12.390172827467477,12.396201927302421
790,1.5694202329113922,-12.211657058463093,0.32976811946479323,12.211657058463093,12.21610883735598
791,1.5674361365360303,-12.038120756204286,0.27669276179737601,12.038120756204286,12.041300188326321
792,1.5654570505050505,-11.86930051876833,0.227132851850119,11.86930051876833,11.871473545319626
793,1.5634829558638081,-11.704947773777189,0.18090061908762234,11.704947773777189,11.706345604877633
794,1.5615138337531485,-11.544828250305233,0.13783383555924145,11.544828250305233,11.545651020850698
795,1.559549665408805,-11.388721673625117,0.097794417379518883,11.388721673625117,11.389141543916693
796,1.5575904321608038,-11.236421770495014,0.060667425952885878,11.236421770495014,11.236585546376
797,1.5556361154328731,-11.087736690930043,0.026360398207307512,11.087736690930043,11.087768025982054
798,1.5536866967418546,-10.942489972652119,-0.0051970962156078215,10.942489972652119,10.942491206823117
799,1.5517421576971213,-10.800522191629348,-0.034053825967752083,10.800522191629348,10.80057587700494
800,1.5498024799999999,-10.66169344620014,-0.060237434542838919,10.66169344620014,10.661863612392876
801,1.5478676454431959,-10.525886794833717,-0.083755496849225786,10.525886794833717,10.526220014844231
802,1.5459376359102244,-10.393012678536394,-0.10459760145969588,10.393012678536394,10.393539012023256
803,1.5440124333748442,-10.263014164880278,-0.1227391302697014,10.263014164880278,10.26374807965553
804,1.5420920199004975,-10.135872501447423,-0.13814753318687645,10.135872501447423,10.136813903121812
805,1.5401763776397515,-10.011611929572066,-0.15079186811484568,10.011611929572066,10.012747455910354
806,1.5382654888337468,-9.8903020250255587,-0.16065601574327193,9.8903020250255587,9.8916067704705668
807,1.5363593358116481,-9.7720552000960339,-0.16775507736850059,9.7720552000960339,9.7734950043322204
808,1.5344579009900989,-9.6570168523395061,-0.17215292998214515,9.6570168523395061,9.6585511914401874
809,1.5325611668726822,-9.5453465794963179,-0.17397702245071511,9.5453465794963179,9.5469319326704571
810,1.5306691160493826,-9.4371913148801063,-0.17342511613831557,9.4371913148801063,9.4387846773065078
811,1.5287817311960541,-9.3326547896763508,-0.17075909328389405,9.3326547896763508,9.3342168440211459
812,1.5268989950738916,-9.2317708212136544,-0.16628404115509321,9.2317708212136544,9.2332682663158181
813,1.5250208905289051,-9.1344883987861287,-0.16031586079105353,9.1344883987861287,9.1358951111962501
814,1.5231474004914003,-9.0406733252243221,-0.15314516128966527,9.0406733252243221,9.0419703391378725
815,1.52127850797546,-8.9501256215093612,-0.14500649597240489,8.9501256215093612,8.9513002141964009
816,1.5194141960784313,-8.8626070545732532,-0.1360593817034581,8.8626070545732532,8.8636513897558675
817,1.5175544479804159,-8.777871389983158,-0.12638286101990714,8.777871389983158,8.7787811663490309
818,1.5156992469437651,-8.6956914114571831,-0.11598133510366382,8.6956914114571831,8.6964648446010884
819,1.5138485763125762,-8.6158797233977076,-0.10479759694484359,8.6158797233977076,8.6165170425399378
820,1.5120024195121951,-8.538303034088031,-0.092729321515758301,8.538303034088031,8.5388065576511138
821,1.510160760048721,-8.4628910734952285,-0.079646698433976537,8.4628910734952285,8.4632658541733559
822,1.5083235815085156,-8.3896415068642582,-0.065410415371970565,8.3896415068642582,8.3898964913840679
823,1.5064908675577156,-8.3186215698263979,-0.049890231767727,8.3186215698263979,8.3187711747112534
824,1.5046626019417475,-8.2499661256665355,-0.032984697226608128,8.2499661256665355,8.2500320644768674
825,1.5028387684848483,-8.1838708216416265,-0.014642115063780992,8.1838708216416265,8.1838839200498636
826,1.5010193510895882,-8.1205783937059124,0.0051183355585995294,8.1205783937059124,8.1205800067287175
827,1.4992043337363965,-8.060356402119254,0.02618811809908772,8.060356402119254,8.0603989446375692
828,1.4973937004830917,-8.0034662074469551,0.048357974268624204,8.0034662074469551,8.003612298669939
829,1.4955874354644147,-7.9501258669809189,0.071318809409097295,7.9501258669809189,7.9504457531269681
830,1.4937855228915662,-7.9004730542170201,0.094678515713225497,7.9004730542170201,7.9010403430021086
831,1.4919879470517448,-7.854536369120467,0.11799452802341492,7.854536369120467,7.8554226036846417
832,1.4901946923076923,-7.8122226966803154,0.14081674743341588,7.8122226966803154,7.8134917174643999
833,1.4884057430972388,-7.7733241139298386,0.16273155053616772,7.7733241139298386,7.7750272885529483
834,1.4866210839328535,-7.7375419361902438,0.18339719056361181,7.7375419361902438,7.7397150944856667
835,1.4848406994011976,-7.7045207595998413,0.20256425160156621,7.7045207595998413,7.7071831696886379
836,1.4830645741626793,-7.6738838905675522,0.22007998528553241,7.6738838905675522,7.6770390884660378
837,1.4812926929510155,-7.6452633236704699,0.23587972999078599,7.6452633236704699,7.6489012632718278
838,1.4795250405727922,-7.6183207944458715,0.24997066570032467,7.6183207944458715,7.6224206824864398
839,1.4777616019070321,-7.59275958337658,0.26241296600268926,7.59275958337658,7.5972928504621455
840,1.4760023619047618,-7.5683287067271721,0.27330196254464312,7.5683287067271721,7.5732617395545851
841,1.474247305588585,-7.5448218339915982,0.28275325476404789,7.5448218339915982,7.5501182712429085
842,1.4724964180522564,-7.5220731322619692,0.29089137042848345,7.5220731322619692,7.5276956631154492
843,1.4707496844602608,-7.499951721275032,0.29784177324573213,7.499951721275032,7.5058634109172591
844,1.4690070900473933,-7.478355850281126,0.30372564210232955,7.478355850281126,7.4845210594335567
845,1.4672686201183431,-7.4572074338806971,0.30865675843079843,7.4572074338806971,7.4635924129369871
846,1.4655342600472812,-7.4364472497643206,0.31273989761372278,7.4364472497643206,7.4430204851314752
847,1.4638039952774498,-7.4160308921623148,0.31607023604362383,7.4160308921623148,7.4227632716946079
848,1.4620778113207547,-7.3959254581478788,0.31873340733010869,7.3959254581478788,7.4027903095676137
849,1.4603556937573614,-7.3761068879842959,0.32080594685793051,7.3761068879842959,7.3830799317431737
850,1.458637628235294,-7.3565578610424041,0.32235594686781144,7.3565578610424041,7.3636171084152551
851,1.4569236004700352,-7.3372661488554911,0.32344380542526308,7.3372661488554911,7.3443917674922989
852,1.4552135962441313,-7.3182233363371942,0.32412299584885562,7.3182233363371942,7.3253974989039561
853,1.4535076014067994,-7.2994238351492911,0.32444081267183611,7.2994238351492911,7.3066305617618807
854,1.4518056018735361,-7.2808641264925633,0.32443906977042558,7.2808641264925633,7.2880891280526896
855,1.4501075836257309,-7.2625421827392103,0.32415473890119606,7.2625421827392103,7.2697727097082279
856,1.4484135327102803,-7.2444570277295348,0.32362052476183023,7.2444570277295348,7.2516817270662779
857,1.4467234352392064,-7.2266084041680614,0.32286537740004051,7.2266084041680614,7.2338171859064921
858,1.4450372773892772,-7.2089965234903843,0.32191494545225019,7.2089965234903843,7.2161804375862149
859,1.4433550454016297,-7.1916218790839075,0.32079197503027135,7.1916218790839075,7.1987730025999683
860,1.4416767255813951,-7.1744851080712984,0.31951665959609976,7.1744851080712984,7.1815964424141994
861,1.4400023042973287,-7.1575868902399407,0.31810694619537361,7.1575868902399407,7.1646522679438123
862,1.4383317679814385,-7.1409278753172813,0.31657880317002884,7.1409278753172813,7.1479418757499662
863,1.4366651031286211,-7.1245086318139883,0.31494645407665811,7.1245086318139883,7.1314665051255393
864,1.4350022962962963,-7.1083296122198245,0.31322258208032994,7.1083296122198245,7.1152272108405858
865,1.4333433341040462,-7.0923911305402996,0.31141850862558751,7.0923911305402996,7.0992248475507029
866,1.4316882032332563,-7.0766933490933752,0.30954434973520883,7.0766933490933752,7.0834600628192579
867,1.4300368904267589,-7.0612362721927209,0.30760915286924773,7.0612362721927209,7.0679332964211747
868,1.4283893824884792,-7.0460197449049318,0.30562101689833354,7.0460197449049318,7.0526447841614797
869,1.426745666283084,-7.0310434554865271,0.30358719740724815,7.0310434554865271,7.0375945648615978
870,1.4251057287356321,-7.0163069404368503,0.30151419924821055,7.0163069404368503,7.0227824894959268
871,1.4234695568312283,-7.0018095913547409,0.29940785800374814,7.0018095913547409,7.0082082317109862
872,1.4218371376146788,-6.9875506629843809,0.29727341179318778,6.9875506629843809,6.9938712991541836
873,1.4202084581901488,-6.9735292819847494,0.29511556466238653,6.9735292819847494,6.9797710451851307
874,1.4185835057208236,-6.9597444560724586,0.29293854262750973,6.9597444560724586,6.9659066806545757
875,1.4169622674285713,-6.9461950832819053,0.29074614329858539,6.9461950832819053,6.9522772855268595
876,1.4153447305936071,-6.9328799611485188,0.28854177988513563,6.9328799611485188,6.9388818201806819
877,1.4137308825541619,-6.9197977956829533,0.28632852027693589,6.9197977956829533,6.9257191362819954
878,1.4121207107061502,-6.9069472100354883,0.2841091218025249,6.9069472100354883,6.9127879871516686
879,1.4105142025028441,-6.8943267527890537,0.28188606218791079,6.8943267527890537,6.9000870375871823
880,1.4089113454545454,-6.8819349058376158,0.27966156716958634,6.8819349058376158,6.8876148731137645
881,1.4073121271282631,-6.8697700918277143,0.27743763515767272,6.8697700918277143,6.8753700086593472
882,1.4057165351473921,-6.8578306811513059,0.27521605929390702,6.8578306811513059,6.8633508966563452
883,1.404124557191393,-6.8461149984920393,0.27299844720553668,6.8461149984920393,6.8515559345855372
884,1.4025361809954751,-6.834621328930556,0.27078623871825191,6.834621328930556,6.8399834719794201
885,1.4009513943502825,-6.8233479236219274,0.26858072175909387,6.8233479236219274,6.8286318169085902
886,1.3993701851015801,-6.8122930050606563,0.26638304665093326,6.8122930050606563,6.817499241975856
887,1.3977925411499434,-6.8014547719520628,0.26419423897673089,6.8014547719520628,6.8065839898452722
888,1.3962184504504505,-6.7908314037095145,0.26201521116927307,6.7908314037095145,6.7958842783328368
889,1.3946479010123733,-6.780421064598265,0.25984677296432535,6.780421064598265,6.7853983050862867
890,1.3930808808988764,-6.7702219075469632,0.25768964083848689,6.7702219075469632,6.775124251880869
891,1.3915173782267114,-6.7602320776457088,0.25554444653903874,6.7602320776457088,6.7650602885552278
892,1.3899573811659192,-6.7504497153537137,0.25341174480066964,6.7504497153537137,6.7552045766151272
893,1.3884008779395296,-6.7408729594339558,0.2512920203332647,6.7408729594339558,6.7455552725265751
894,1.3868478568232661,-6.7314999496332977,0.24918569415516378,6.7314999496332977,6.7361105307205786
895,1.3852983061452513,-6.7223288291281662,0.24709312933848004,6.7223288291281662,6.7268685063329388
896,1.3837522142857142,-6.7133577467498746,0.24501463622512254,6.7133577467498746,6.7178273576961685
897,1.3822095696767001,-6.7045848590076051,0.24295047716632001,6.7045848590076051,6.7089852486042449
898,1.3806703608017816,-6.6960083319238937,0.24090087083223299,6.6960083319238937,6.700340350367429
899,1.379134576195773,-6.687626342695383,0.23886599613384663,6.687626342695383,6.6918908436720814
900,1.3776022044444443,-6.6794370811931589,0.2368459957941228,6.6794370811931589,6.6836349202617207
901,1.3760732341842397,-6.6714387513159608,0.23484097960230021,6.6714387513159608,6.6755707844543775
902,1.3745476541019954,-6.6636295722044423,0.23285102738103769,6.6636295722044423,6.6676966545059599
903,1.3730254529346622,-6.6560077793308903,0.23087619169357698,6.6560077793308903,6.6600107638354649
904,1.3715066194690264,-6.6485716254725045,0.22891650031494715,6.6485716254725045,6.652511362121416
905,1.3699911425414364,-6.6413193815770715,0.22697195848898499,6.6413193815770715,6.6451967162794805
906,1.3684790110375276,-6.6342493375306475,0.22504255099090231,6.6342493375306475,6.6380651113319402
907,1.3669702138919513,-6.6273598028348957,0.22312824401276365,6.6273598028348957,6.6311148511775908
908,1.3654647400881057,-6.6206491072006131,0.22122898688812553,6.6206491072006131,6.6243442592694279
909,1.3639625786578657,-6.6141156010655209,0.21934471366990316,6.6141156010655209,6.6177516792089781
910,1.3624637186813187,-6.6077576560414251,0.21747534457461393,6.6077576560414251,6.6113354752630666
911,1.3609681492864982,-6.6015736652973569,0.2156207873048035,6.6015736652973569,6.6050940328102454
912,1.3594758596491228,-6.5955620438837173,0.21378093826001998,6.5955620438837173,6.5990257587224859
913,1.3579868389923329,-6.5897212290024729,0.21195568364641204,6.5897212290024729,6.5931290816876835
914,1.3565010765864332,-6.5840496802281354,0.21014490049321155,6.5840496802281354,6.5874024524781785
915,1.3550185617486339,-6.5785458796826521,0.20834845758443843,6.5785458796826521,6.5818443441688448
916,1.3535392838427946,-6.573208332170509,0.20656621631275107,6.573208332170509,6.5764532523114294
917,1.352063232279171,-6.5680355652749132,0.20479803146227477,6.5680355652749132,6.5712276950663471
918,1.350590396514161,-6.5630261294203542,0.20304375192608332,6.5630261294203542,6.5661662132975689
919,1.3491207660500544,-6.558178597903634,0.20130322136403089,6.558178597903634,6.5612673706329652
920,1.3476543304347826,-6.5534915668965095,0.19957627880565143,6.5534915668965095,6.5565297534935034
921,1.346191079261672,-6.5489636554224315,0.1978627592029486,6.5489636554224315,6.5519519710940601
922,1.3447310021691974,-6.5445935053100914,0.19616249393683255,6.5445935053100914,6.5475326554187223
923,1.3432740888407366,-6.5403797811256013,0.19447531128124768,6.5403797811256013,6.5432704611726464
924,1.3418203290043289,-6.5363211700852091,0.19280103682836003,6.5363211700852091,6.5391640657125407
925,1.3403697124324323,-6.5324163819520571,0.19113949387785623,6.5324163819520571,6.5352121689594354
926,1.3389222289416847,-6.5286641489155972,0.18949050379339771,6.5286641489155972,6.5314134932925274
927,1.3374778683926645,-6.5250632254581582,0.18785388632873901,6.5250632254581582,6.5277667834287119
928,1.336036620689655,-6.5216123882092116,0.18622945992595497,6.5216123882092116,6.5242708062884827
929,1.334598475780409,-6.5183104357877628,0.18461704198805517,6.5183104357877628,6.5209243508487411
930,1.3331634236559138,-6.5151561886359293,0.18301644912791915,6.5151561886359293,6.5177262279856807
931,1.331731454350161,-6.5121484888428363,0.18142749739551922,6.5121484888428363,6.5146752703069737
932,1.3303025579399141,-6.5092861999617373,0.17985000248503813,6.5092861999617373,6.5117703319762583
933,1.3288767245444801,-6.5065682068193293,0.17828377992353867,6.5065682068193293,6.509010288528966
934,1.3274539443254818,-6.5039934153212933,0.17672864524260851,6.5039934153212933,6.5063940366836084
935,1.3260342074866309,-6.5015607522504659,0.17518441413429314,6.5015607522504659,6.5039204941449915
936,1.3246175042735042,-6.4992691650628736,0.1736509025925268,6.4992691650628736,6.5015885994046307
937,1.3232038249733189,-6.497117621679438,0.1721279270412322,6.497117621679438,6.4993973115362778
938,1.3217931599147121,-6.4951051102741264,0.17061530445008427,6.4951051102741264,6.4973456099873328
939,1.3203854994675186,-6.4932306390615473,0.16911285243895929,6.4932306390615473,6.4954324943692301
940,1.3189808340425531,-6.4914932360814888,0.16762038937180018,6.4914932360814888,6.4936569842443079
941,1.3175791540913921,-6.4898919489824873,0.16613773444092805,6.4898919489824873,6.4920181189113197
942,1.3161804501061569,-6.4884258448048797,0.16466470774233055,6.4884258448048797,6.4905149571900518
943,1.3147847126193,-6.4870940097634247,0.16320113034277189,6.4870940097634247,6.4891465772051768
944,1.3133919322033898,-6.4858955490298644,0.16174682433928383,6.4858955490298644,6.4879120761697484
945,1.3120020994708994,-6.4848295865156498,0.16030161291163431,6.4848295865156498,6.4868105701685792
946,1.3106152050739956,-6.4838952646556063,0.15886532036836931,6.4838952646556063,6.4858411939423197
947,1.3092312397043293,-6.4830917441924782,0.15743777218682253,6.4830917441924782,6.4850031006721824
948,1.3078501940928269,-6.4824182039626397,0.1560187950477005,6.4824182039626397,6.4842954617656305
949,1.3064720590094836,-6.481873840683388,0.154608216864496,6.481873840683388,6.4837174666434718
950,1.3050968252631578,-6.4814578687411668,0.15320586680830917,6.4814578687411668,6.483268322527711
951,1.3037244837013668,-6.4811695199827621,0.15181157532832606,6.4811695199827621,6.4829472542322337
952,1.3023550252100839,-6.4810080435080124,0.15042517416825951,6.4810080435080124,6.4827535039548669
953,1.3009884407135361,-6.4809727054638202,0.14904649637923684,6.4809727054638202,6.4826863310706271
954,1.2996247211740042,-6.4810627888425483,0.14767537632921302,6.4810627888425483,6.4827450119292473
955,1.298263857591623,-6.4812775932802023,0.14631164970930716,6.4812775932802023,6.4829288396523888
956,1.296905841004184,-6.4816164348597596,0.14495515353732669,6.4816164348597596,6.4832371239359414
957,1.2955506624869382,-6.4820786459149389,0.14360572615858763,6.4820786459149389,6.4836691908526598
958,1.2941983131524006,-6.4826635748383996,0.14226320724435465,6.4826635748383996,6.4842243826591961
959,1.2928487841501564,-6.4833705858915121,0.14092743778803812,6.4833705858915121,6.4849020576046277
960,1.2915020666666666,-6.484199059017989,0.13959826009938719,6.484199059017989,6.4857015897428205
961,1.290158151925078,-6.4851483896596314,0.138275517796765,6.4851483896596314,6.4866223687468407
962,1.2888170311850311,-6.4862179885757012,0.13695905579771567,6.4862179885757012,6.4876637997269881
963,1.2874786957424713,-6.487407281665039,0.13564872030798031,6.487407281665039,6.4888253030515282
964,1.2861431369294605,-6.4887157097909611,0.13434435880904444,6.4887157097909611,6.4901063141701947
965,1.2848103461139895,-6.4901427286099516,0.13304582004437471,6.4901427286099516,6.4915062834414563
966,1.2834803146997928,-6.4916878084028209,0.13175295400445636,6.4916878084028209,6.4930246759622534
967,1.2821530341261633,-6.493350433909578,0.13046561191071704,6.493350433909578,6.4946609714014283
968,1.2808284958677685,-6.4951301041667087,0.12918364619847811,6.4951301041667087,6.4964146638355658
969,1.2795066914344684,-6.4970263323485522,0.12790691049894265,6.4970263323485522,6.4982852615889275
970,1.278187612371134,-6.4990386456111811,0.12663525962040373,6.4990386456111811,6.5002722870758829
971,1.2768712502574664,-6.501166584939261,0.12536854952868287,6.501166584939261,6.5023752766463545
972,1.2755575967078188,-6.5034097049970967,0.12410663732686406,6.5034097049970967,6.5045937804354086
973,1.2742466433710173,-6.5057675739817267,0.12284938123443512,6.5057675739817267,6.5069273622149622
974,1.2729383819301847,-6.508239773480069,0.12159664056590036,6.508239773480069,6.5093755992495019
975,1.271632804102564,-6.5108258983283225,0.12034827570881279,6.5108258983283225,6.5119380821541055
976,1.2703299016393441,-6.5135255564752619,0.11910414810143199,6.5135255564752619,6.5146144147563598
977,1.2690296663254861,-6.5163383688485226,0.11786412020995213,6.5163383688485226,6.5174042139612833
978,1.2677320899795501,-6.5192639692235783,0.11662805550536876,6.5192639692235783,6.5203071096189733
979,1.2664371644535239,-6.5223020040961952,0.11539581844002206,6.5223020040961952,6.5233227443957347
980,1.2651448816326529,-6.5254521325580246,0.11416727442387176,6.5254521325580246,6.5264507736483726
981,1.26385523343527,-6.528714026174713,0.11294228980051008,6.528714026174713,6.5296908653010384
982,1.2625682118126271,-6.5320873688678276,0.11172073182299164,6.5320873688678276,6.5330426997258852
983,1.2612838087487284,-6.535571856799125,0.11050246862939378,6.535571856799125,6.5365059696261243
984,1.2600020162601626,-6.5391671982581308,0.10928736921831028,6.5391671982581308,6.5400803799223866
985,1.2587228263959389,-6.5428731135526927,0.10807530342412242,6.5428731135526927,6.5437656476421076
986,1.2574462312373225,-6.5466893349022861,0.10686614189222005,6.5466893349022861,6.5475615018116686
987,1.2561722228976697,-6.5506156063345138,0.10565975605404626,6.5506156063345138,6.5514676833517758
988,1.2549007935222671,-6.5546516835840709,0.10445601810212277,6.5546516835840709,6.5554839449753244
989,1.2536319352881697,-6.5587973339954608,0.10325480096499443,6.5587973339954608,6.5596100510890336
990,1.2523656404040404,-6.563052336427214,0.10205597828207361,6.563052336427214,6.5638457776966268
991,1.2511019011099898,-6.5674164811602722,0.10085942437851195,6.5674164811602722,6.568190912306183
992,1.2498407096774193,-6.571889569808171,0.099665014239991301,6.571889569808171,6.5726452538393465
993,1.248582058408862,-6.5764714152305483,0.098472623487531136,6.5764714152305483,6.5772086125438509
994,1.2473259396378269,-6.5811618414494859,0.097282128352237762,6.5811618414494859,6.5818808099089372
995,1.2460723457286431,-6.5859606835679028,0.096093405650108904,6.5859606835679028,6.5866616785828347
996,1.2448212690763052,-6.5908677876915291,0.094906332756789252,6.5908677876915291,6.5915510622938491
997,1.2435727021063188,-6.5958830108526403,0.093720787582377868,6.5958830108526403,6.5965488157732572
998,1.242326637274549,-6.6010062209373856,0.092536648546190953,6.6010062209373856,6.601654804681794
999,1.2410830670670669,-6.6062372966150154,0.091353794551622208,6.6062372966150154,6.6068689055381036
1000,1.2398419839999999,-6.6115761272700251,0.090172104960943189,6.6115761272700251,6.612191005650093
1001,1.2386033806193806,-6.6170226129367276,0.088991459570174208,6.6170226129367276,6.6176210030487868
1002,1.237367249500998,-6.6225766642368935,0.087811738583969401,6.6225766642368935,6.6231588064252387
1003,1.2361335832502491,-6.6282382023190003,0.086632822590508918,6.6282382023190003,6.628804335069109
1004,1.234902374501992,-6.6340071588008946,0.085454592536438501,6.6340071588008946,6.6345575188106629
1005,1.2336736159203978,-6.6398834757145142,0.084276929701817743,6.6398834757145142,6.6404182979648674
1006,1.232447300198807,-6.6458671054530214,0.083099715675104102,6.6458671054530214,6.6463866232779303
1007,1.2312234200595829,-6.651958010720918,0.081922832328147954,6.651958010720918,6.6524624558768357
1008,1.2300019682539682,-6.6581561644856997,0.080746161791210386,6.6581561644856997,6.6586457672204595
1009,1.2287829375619423,-6.6644615499327777,0.079569586427998606,6.6644615499327777,6.6649365390539703
1010,1.2275663207920791,-6.6708741604227608,0.078392988810743969,6.6708741604227608,6.671334763365631
1011,1.2263521107814044,-6.6773939994500271,0.077216251695225141,6.6773939994500271,6.6778404423448974
1012,1.2251403003952568,-6.6840210806054632,0.076039257995878962,6.6840210806054632,6.6844535883447342
1013,1.2239308825271471,-6.690755427539905,0.074861890760867772,6.690755427539905,6.6911742238446452
1014,1.2227238500986193,-6.697597073930794,0.073684033147149552,6.697597073930794,6.6980023814169529
1015,1.2215191960591132,-6.7045460634510619,0.072505568395578257,6.7045460634510619,6.7049381036953273
1016,1.2203169133858267,-6.7116024497402051,0.07132637980594872,6.7116024497402051,6.7119814433455449
1017,1.219116995083579,-6.7187662963776091,0.070146350712066902,6.7187662963776091,6.7191324630385072
1018,1.2179194341846757,-6.7260376768582883,0.068965364456789441,6.7260376768582883,6.7263912354257167
1019,1.2167242237487732,-6.7334166745708064,0.067783304367026176,6.7334166745708064,6.7337578431169538
1020,1.215531356862745,-6.7409033827776881,0.066600053728727571,6.7409033827776881,6.7412323786604729
1021,1.2143408266405484,-6.7484979045976825,0.065415495761837222,6.7484979045976825,6.7488149445250807
1022,1.2131526262230918,-6.7562003529905788,0.0642295135951991,6.7562003529905788,6.7565056530847878
1023,1.2119667487781036,-6.7640108507441905,0.063041990241408913,6.7640108507441905,6.7643046266056608
1024,1.2107831874999999,-6.77192953046357,0.061852808571615403,6.77192953046357,6.7722119972349324
1025,1.209601935609756,-6.7799565345623858,0.060661851290267188,6.7799565345623858,6.780227906992299
1026,1.2084229863547757,-6.7880920152566038,0.05946900090978241,6.7880920152566038,6.7883525077635483
1027,1.2072463330087633,-6.7963361345603612,0.058274139725144225,6.7963361345603612,6.7965859612964206
1028,1.2060719688715953,-6.80468906428389,0.057077149788405362,6.80468906428389,6.8049284391985143
1029,1.2048998872691934,-6.813150986033861,0.055877912883123382,6.813150986033861,6.8133801229376845
1030,1.203730081553398,-6.821722091215852,0.054676310498668612,6.821722091215852,6.8219412038445562
1031,1.2025625451018427,-6.8304025810388822,0.053472223804439667,6.8304025810388822,6.8306118831171503
1032,1.2013972713178294,-6.8391926665225196,0.052265533623971877,6.8391926665225196,6.8393923718280991
1033,1.2002342536302033,-6.8480925685055052,0.051056120408910943,6.8480925685055052,6.8482828909334295
1034,1.1990734854932301,-6.8571025176572089,0.049843864212837541,6.8571025176572089,6.8572836712841703
1035,1.1979149603864734,-6.8662227544911296,0.048628644664999277,6.8662227544911296,6.8663949536400635
1036,1.1967586718146717,-6.8754535293803585,0.047410340943845761,6.8754535293803585,6.8756169886852501
1037,1.1956046133076181,-6.8847951025752909,0.046188831750424,6.8847951025752909,6.8849500370462513
1038,1.1944527784200385,-6.8942477442240069,0.044963995281618513,6.8942477442240069,6.8943943693126144
1039,1.1933031607314726,-6.9038117343938019,0.043735709203190851,6.9038117343938019,6.9039502660587768
1040,1.1921557538461538,-6.9134873630962623,0.042503850622638076,6.9134873630962623,6.9136180178694762
1041,1.1910105513928915,-6.9232749303137187,0.041268296061880996,6.9232749303137187,6.9233979253665812
1042,1.189867547024952,-6.9331747460275182,0.040028921429703351,6.9331747460275182,6.9332902992377701
1043,1.1887267344199424,-6.9431871302501484,0.038785601994013791,6.9431871302501484,6.9432954602690886
1044,1.1875881072796934,-6.9533124130574535,0.037538212353852643,6.9533124130574535,6.9534137393776305
1045,1.1864516593301435,-6.9635509346247808,0.036286626411187031,6.9635509346247808,6.9636454776481802
1046,1.1853173843212237,-6.973903045264839,0.035030717342435097,6.973903045264839,6.9739910263716087
1047,1.1841852760267431,-6.9843691054671364,0.033770357569741921,6.9843691054671364,6.9844507470848551
1048,1.1830553282442746,-6.9949494859410333,0.032505418732003688,6.9949494859410333,6.9950250116145876
1049,1.1819275347950429,-7.0056445676599228,0.031235771655567623,7.0056445676599228,7.005714202122002
1050,1.1808018895238095,-7.0164547419080794,0.029961286324688988,7.0164547419080794,7.0165187111503249
1051,1.179678386298763,-7.0273804103302844,0.028681831851657139,7.0273804103302844,7.0274389416751388
1052,1.1785570190114067,-7.0384219849829304,0.027397276446601906,7.0384219849829304,7.0384753071562134
1053,1.1774377815764481,-7.0495798883881076,0.026107487386988884,7.0495798883881076,7.0496282315923393
1054,1.1763206679316887,-7.0608545535898166,0.024812330986771644,7.0608545535898166,7.0608981495783558
1055,1.1752056720379147,-7.072246424212727,0.023511672565177402,7.072246424212727,7.0722855063647225
1056,1.1740927878787879,-7.0837559545228448,0.022205376415145736,7.0837559545228448,7.0837907579190675
1057,1.1729820094607379,-7.0953836094915239,0.020893305771372203,7.0953836094915239,7.0954143709911
1058,1.1718733308128544,-7.1071298648606103,0.019575322777977668,7.1071298648606103,7.107156823178693
1059,1.1707667459867799,-7.118995207211551,0.018251288455756721,7.118995207211551,7.1190186029979818
1060,1.1696622490566038,-7.1309801340354415,0.016921062669005789,7.1309801340354415,7.1310002099544194
1061,1.1685598341187557,-7.143085153807089,0.015584504091942931,7.143085153807089,7.1431021546179112
1062,1.167459495291902,-7.1553107860601113,0.014241470174648718,7.1553107860601113,7.1553249586990049
1063,1.1663612267168391,-7.1676575614661076,0.01289181710855581,7.1676575614661076,7.1676691551292073
1064,1.165265022556391,-7.1801260219149636,0.011535399791462758,7.1801260219149636,7.1801352881424698
1065,1.164170876995305,-7.1927167205988454,0.010172071792064696,7.1927167205988454,7.1927239133604139
1066,1.16307878424015,-7.2054302220985171,0.0088016853139466986,7.2054302220985171,7.2054355978799123
1067,1.1619887385192127,-7.2182671024716551,0.007424091159083164,7.2182671024716551,7.2182709203627207
1068,1.1609007340823969,-7.2312279493453051,0.006039138690768879,7.2312279493453051,7.2312304711292974
1069,1.1598147652011224,-7.2443133620094695,0.0046466757960164883,7.2443133620094695,7.2443148522537939
1070,1.1587308261682243,-7.2575239515146936,0.0032465488473586851,7.2575239515146936,7.2575246776630991
1071,1.1576489112978523,-7.2708603407717352,0.0018386026640561069,7.2708603407717352,7.2708605732380143
1072,1.1565690149253731,-7.2843231646545092,0.00042268047272156495,7.2843231646545092,7.2843231769177468
1073,1.1554911314072693,-7.2979130701054729,-0.0010013761327209558,7.2979130701054729,7.297913138806905
1074,1.1544152551210427,-7.3116307162442418,-0.0024337272317072819,7.3116307162442418,7.3116311212857648
1075,1.1533413804651163,-7.3254767744792826,-0.0038745346183726272,7.3254767744792826,7.3254777991236795
1076,1.1522695018587359,-7.339451928622335,-0.0053239618435849253,7.339451928622335,7.3394538595952641
1077,1.1511996137418754,-7.3535568750055891,-0.0067821742576797874,7.3535568750055891,7.3535600025993952
1078,1.150131710575139,-7.3677923226027673,-0.0082493390539289911,7.3677923226027673,7.3677969407821697
1079,1.1490657868396663,-7.3821589931528599,-0.0097256253127595404,7.3821589931528599,7.3821653996625791
1080,1.1480018370370371,-7.3966576212865398,-0.011211204046739316,7.3966576212865398,7.3966661177609216
1081,1.1469398556891766,-7.4112889546568699,-0.012706248246357972,7.4112889546568699,7.4112998467315725
1082,1.1458798373382624,-7.4260537540723863,-0.014210932926637021,7.4260537540723863,7.4260673514981823
1083,1.1448217765466298,-7.4409527936342261,-0.015725435174562482,7.4409527936342261,7.440969410393004
1084,1.143765667896679,-7.4559868608757753,-0.017249934197395504,7.4559868608757753,7.4560068152987906
1085,1.1427115059907833,-7.4711567569065842,-0.018784611371858696,7.4711567569065842,7.4711803717950271
1086,1.1416592854511969,-7.4864632965592364,-0.020329650294260308,7.4864632965592364,7.4864908993072108
1087,1.1406090009199632,-7.5019073085401828,-0.021885236831532734,7.5019073085401828,7.5019392312601267
1088,1.1395606470588235,-7.5174896355838001,-0.023451559173253339,7.5174896355838001,7.5175262152344722
1089,1.1385142185491275,-7.5332111346102621,-0.025028807884664203,7.5332111346102621,7.5332527131273226
1090,1.137469710091743,-7.5490726768871603,-0.026617175960696383,7.5490726768871603,7.5491196013164599
1091,1.1364271164069659,-7.5650751481952376,-0.02821685888106603,7.5650751481952376,7.5651277708288776
1092,1.1353864322344323,-7.5812194489971567,-0.029828054666440666,7.5812194489971567,7.5812781275124008
1093,1.1343476523330283,-7.597506494611391,-0.031450963935719133,7.597506494611391,7.5975715922125229
1094,1.1333107714808044,-7.6139372153887486,-0.033085789964459565,7.6139372153887486,7.6140091009519653
1095,1.1322757844748859,-7.6305125568943666,-0.034732738744467716,7.6305125568943666,7.6305916051157716
1096,1.1312426861313867,-7.6472334800927655,-0.036392019044621603,7.6472334800927655,7.647320071639597
1097,1.1302114712853235,-7.6641009615377946,-0.038063842472904286,7.6641009615377946,7.6641954832029411
1098,1.1291821347905282,-7.6811159935668485,-0.039748423539744879,7.6811159935668485,7.6812188384267728
1099,1.1281546715195632,-7.6982795844986889,-0.041445979722645993,7.6982795844986889,7.6983911520748594
1100,1.1271290763636364,-7.7155927588370758,-0.043156731532189324,7.7155927588370758,7.7157134552610005
1101,1.1261053442325157,-7.7330565574778873,-0.044880902579397419,7.7330565574778873,7.733186795659865
1102,1.1250834700544463,-7.7506720379214471,-0.046618719644551429,7.7506720379214471,7.7508122377231343
1103,1.1240634487760652,-7.7684402744893077,-0.048370412747454794,7.7684402744893077,7.7685908629002256
1104,1.1230452753623188,-7.7863623585461674,-0.050136215219221125,7.7863623585461674,7.786523769864262
1105,1.12202894479638,-7.8044393987265259,-0.051916363775602145,7.8044393987265259,7.8046120747428906
1106,1.121014452079566,-7.8226725211664849,-0.053711098591913198,7.8226725211664849,7.8228569113543918
1107,1.1200017922312555,-7.8410628697404512,-0.055520663379605359,7.8410628697404512,7.8412594314487825
1108,1.1189909602888086,-7.859611606303698,-0.057345305464508736,7.859611606303698,7.8598208049549463
1109,1.1179819513074842,-7.8783199109395667,-0.059185275866833462,7.8783199109395667,7.8785422202325135
1110,1.1169747603603604,-7.8971889822125902,-0.061040829382924114,7.8971889822125902,7.8974248843298076
1111,1.1159693825382537,-7.9162200374274008,-0.062912224668876526,7.9162200374274008,7.9164700232477268
1112,1.1149658129496403,-7.9354143128921031,-0.06479972432601834,7.9354143128921031,7.9356788822082249
1113,1.1139640467205749,-7.9547730641897196,-0.066703594988350212,7.9547730641897196,7.9550527259310275
1114,1.112964078994614,-7.9742975664533802,-0.068624107411955515,7.9742975664533802,7.974592838914246
1115,1.1119659049327353,-7.9939891146488833,-0.070561536566499411,7.9939891146488833,7.9943005257225277
1116,1.1109695197132616,-8.0138490238629707,-0.0725161617287923,8.0138490238629707,8.0141771112810698
1117,1.1099749185317815,-8.0338786295981812,-0.074488266578577045,8.0338786295981812,8.0342239411764123
1118,1.1089820966010733,-8.0540792880740746,-0.07647813929650854,8.0540792880740746,8.0544423819637601
1119,1.1079910491510276,-8.074452376535362,-0.078486072664455425,8.074452376535362,8.0748338214813948
1120,1.1070017714285714,-8.0949992935663069,-0.080512364168154132,8.0949992935663069,8.0953996691715577
1121,1.1060142586975914,-8.1157214594125016,-0.082557316102318146,8.1157214594125016,8.11614135640888
1122,1.1050285062388592,-8.1366203163096316,-0.084621235678222634,8.1366203163096316,8.1370603368360452
1123,1.1040445093499553,-8.1576973288195589,-0.086704435133894531,8.1576973288195589,8.1581580867069281
1124,1.1030622633451956,-8.1789539841735852,-0.088807231846939477,8.1789539841735852,8.179436105237162
1125,1.1020817635555555,-8.2003917926238152,-0.090929948450108156,8.2003917926238152,8.2008959149630218
1126,1.1011030053285966,-8.2220122878016255,-0.093072912949670072,8.2220122878016255,8.2225390621076304
1127,1.1001259840283939,-8.243817027084539,-0.095236458846685551,8.243817027084539,8.2443671169558339
1128,1.0991506950354608,-8.2658075919714662,-0.097420925261259755,8.2658075919714662,8.266381674237639
1129,1.0981771337466784,-8.2879855884653679,-0.099626657059850632,8.2879855884653679,8.288584353519397
1130,1.0972052955752212,-8.3103526474656242,-0.10185400498576488,8.3103526474656242,8.3109767996048802
1131,1.0962351759504863,-8.3329104251682651,-0.10410332579287826,8.3329104251682651,8.3335606829445421
1132,1.0952667703180212,-8.3556606034754211,-0.1063749823827245,8.3556606034754211,8.3563377000542616
1133,1.0943000741394526,-8.3786048904141239,-0.1086693439450418,8.3786048904141239,8.379309573943722
1134,1.0933350828924162,-8.4017450205642881,-0.11098678610184989,8.4017450205642881,8.4024780545542637
1135,1.0923717920704845,-8.4250827554962271,-0.11332769105522603,8.4250827554962271,8.4258449192066074
1136,1.0914101971830985,-8.4486198842181182,-0.11569244773882437,8.4486198842181182,8.44941197305881
1137,1.0904502937554967,-8.4723582236339006,-0.11808145197330633,8.4723582236339006,8.4731810495750128
1138,1.0894920773286467,-8.4962996190106281,-0.12049510662576648,8.4962996190106281,8.4971540110039712
1139,1.0885355434591746,-8.5204459444575136,-0.12293382177330162,8.5204459444575136,8.5213327488696446
1140,1.0875806877192982,-8.5447991034147712,-0.12539801487082289,8.5447991034147712,8.5457191844719205
1141,1.0866275056967571,-8.5693610291545284,-0.1278881109232754,8.5693610291545284,8.5703152693998295
1142,1.0856759929947459,-8.5941336852924479,-0.13040454266236406,8.5941336852924479,8.5951229860558325
1143,1.084726145231846,-8.6191190663117183,-0.13294775072796267,8.6191190663117183,8.6201443481928894
1144,1.083777958041958,-8.6443191980978895,-0.13551818385432651,8.6443191980978895,8.6453814014628012
1145,1.0828314270742356,-8.6697361384873162,-0.13811629906126605,8.6697361384873162,8.6708362239785934
1146,1.0818865479930191,-8.6953719778277794,-0.14074256185043915,8.6953719778277794,8.6965109268895198
1147,1.080943316477768,-8.7212288395515216,-0.14339744640692814,8.7212288395515216,8.7224076549689666
1148,1.0800017282229963,-8.7473088807622119,-0.14608143580625577,8.7473088807622119,8.7485285872167484
1149,1.0790617789382071,-8.7736142928353509,-0.1487950222270284,8.7736142928353509,8.7748759374753735
1150,1.0781234643478259,-8.8001473020324852,-0.15153870716936962,8.8001473020324852,8.8014519550606085
1151,1.0771867801911381,-8.8269101701298673,-0.15431300167934198,8.8269101701298673,8.8282589254070576
1152,1.0762517222222221,-8.853905195062147,-0.15711842657955188,8.853905195062147,8.8552991707293174
1153,1.0753182862098871,-8.8811347115805539,-0.15995551270611597,8.8811347115805539,8.8825750506981969
1154,1.0743864679376083,-8.9086010919271388,-0.16282480115222525,8.9086010919271388,8.910088963133628
1155,1.0734562632034632,-8.9363067465250126,-0.16572684351849654,8.9363067465250126,8.9378433447141514
1156,1.072527667820069,-8.9642541246842349,-0.16866220217034528,8.9642541246842349,8.9658406717027521
1157,1.0716006776145202,-8.9924457153253918,-0.17163145050260348,8.9924457153253918,8.9940834606910123
1158,1.0706752884283246,-9.0208840477198464,-0.17463517321163807,9.0208840477198464,9.0225742693606623
1159,1.0697514961173424,-9.0495716922480902,-0.17767396657518314,9.0495716922480902,9.0513156972639361
1160,1.0688292965517241,-9.0785112611760148,-0.18074843874018681,9.0785112611760148,9.0803103866226245
1161,1.0679086856158484,-9.1077054094501122,-0.18385921001889588,9.1077054094501122,9.1095610231468136
1162,1.0669896592082615,-9.1371568355117851,-0.18700691319349,9.1371568355117851,9.1390703368735426
1163,1.0660722132416165,-9.1668682821317908,-0.19019219382953045,9.1668682821317908,9.1688411030264625
1164,1.0651563436426117,-9.1968425372646472,-0.19341571059853252,9.1968425372646472,9.1988761428963031
1165,1.0642420463519313,-9.227082434923485,-0.196678135609959,9.227082434923485,9.2291783247427031
1166,1.0633293173241851,-9.2575908560779432,-0.19998015475297604,9.2575908560779432,9.2597505647200347
1167,1.0624181525278491,-9.2883707295723106,-0.20332246804827941,9.2883707295723106,9.2905958278244416
1168,1.0615085479452053,-9.3194250330678798,-0.20670579001036243,9.3194250330678798,9.3217171288661227
1169,1.060600499572284,-9.3507567940077116,-0.21013085002056264,9.3507567940077116,9.3531175334650722
1170,1.0596940034188034,-9.3823690906055326,-0.21359839271128672,9.3823690906055326,9.3848001590720589
1171,1.0587890555081128,-9.4142650528604044,-0.21710917836177074,9.4142650528604044,9.4167681760165269
1172,1.0578856518771331,-9.4464478635954663,-0.22066398330581494,9.4464478635954663,9.4490248085797592
1173,1.0569837885763,-9.4789207595239802,-0.22426360035187953,9.4789207595239802,9.4815733360965719
1174,1.0560834616695058,-9.511687032340955,-0.22790883921600635,9.511687032340955,9.5144170940838979
1175,1.0551846672340426,-9.544750029844824,-0.23160052696800648,9.544750029844824,9.5475594754007478
1176,1.0542874013605441,-9.5781131570852232,-0.23533950849138352,9.5781131570852232,9.5810039314356832
1177,1.0533916601529312,-9.6117798775415686,-0.23912664695749142,9.6117798775415686,9.6147539733265219
1178,1.0524974397283531,-9.64575371433207,-0.24296282431444688,9.64575371433207,9.6488131732120177
1179,1.051604736217133,-9.6800382514528707,-0.24684894179130201,9.6800382514528707,9.6831851655152317
1180,1.0507135457627117,-9.7146371350507472,-0.25078592041806391,9.7146371350507472,9.7178736482620991
1181,1.0498238645215918,-9.7495540747275484,-0.25477470156211279,9.7495540747275484,9.752882384433466
1182,1.0489356886632826,-9.7847928448800232,-0.258816247481643,9.7847928448800232,9.7882152033542766
1183,1.048049014370245,-9.820357286073417,-0.26291154189672683,9.820357286073417,9.8238760021184
1184,1.0471638378378378,-9.856251306452954,-0.26706159057867396,9.856251306452954,9.8598687470532784
1185,1.0462801552742615,-9.8924788831913659,-0.27126742195837428,9.8924788831913659,9.8961974752226443
1186,1.0453979629005059,-9.9290440639754216,-0.27553008775428856,9.9290440639754216,9.9328662959703351
1187,1.0445172569502947,-9.9659509685318177,-0.27985066362089217,9.9659509685318177,9.9698793925056766
1188,1.0436380336700335,-10.003203790195439,-0.28423024981827716,10.003203790195439,10.007241023533517
1189,1.0427602893187551,-10.040806797517309,-0.28866997190376675,10.040806797517309,10.044955524926365
1190,1.0418840201680672,-10.078764335918603,-0.29317098144634834,10.078764335918603,10.083027311445059
1191,1.041009222502099,-10.117080829388112,-0.29773445676481936,10.117080829388112,10.121460878505507
1192,1.0401358926174495,-10.155760782226803,-0.30236160369053622,10.155760782226803,10.160260803995252
1193,1.0392640268231348,-10.194808780839402,-0.3070536563557521,10.194808780839402,10.199431750139887
1194,1.038393621440536,-10.234229495576727,-0.31181187800850196,10.234229495576727,10.238978465423193
1195,1.0375246728033471,-10.274027682627505,-0.31663756185511138,10.274027682627505,10.278905786559864
1196,1.036657177257525,-10.31420818596435,-0.3215320319313647,10.31420818596435,10.319218640525646
1197,1.0357911311612364,-10.354775939342229,-0.32649664400352474,10.354775939342229,10.359922046643321
1198,1.0349265308848079,-10.395735968355432,-0.33153278650034079,10.395735968355432,10.401021118730773
1199,1.0340633728106754,-10.437093392550036,-0.33664188147730456,10.437093392550036,10.442521067308229
1200,1.0332016533333332,-10.478853427598395,-0.34182538561444686,10.478853427598395,10.484427201871407
1201,1.032341368859284,-10.521021387534539,-0.34708479124902702,10.521021387534539,10.526744933229624
1202,1.0314825158069882,-10.563602687053031,-0.35242162744452821,10.563602687053031,10.569479775911617
1203,1.0306250906068162,-10.606602843875137,-0.3578374610974383,10.606602843875137,10.612637350643093
1204,1.0297690897009966,-10.650027481182747,-0.36333389808337557,10.650027481182747,10.6562233868967
1205,1.0289145095435683,-10.693882330122833,-0.36891258444417652,10.693882330122833,10.700243725517407
1206,1.0280613466003317,-10.738173232385265,-0.37457520761763208,10.738173232385265,10.744704321426308
1207,1.0272095973487987,-10.782906142856074,-0.38032349771167928,10.782906142856074,10.789611246405261
1208,1.0263592582781456,-10.828087132348799,-0.38615922882487907,10.828087132348799,10.834970691965172
1209,1.0255103258891645,-10.873722390417139,-0.39208422041515567,10.873722390417139,10.880788972301485
1210,1.0246627966942148,-10.91981822825074,-0.39810033871883999,10.91981822825074,10.927072527338929
1211,1.0238166672171758,-10.966381081658046,-0.40420949822214891,10.966381081658046,10.973827925869829
1212,1.0229719339933994,-11.013417514138865,-0.41041366318736838,11.013417514138865,11.02106186878885
1213,1.022128593569662,-11.060934220049127,-0.4167148492360836,11.060934220049127,11.068781192427087
1214,1.0212866425041185,-11.108938027862674,-0.42311512499194348,11.108938027862674,11.116992871990627
1215,1.0204460773662551,-11.15743590353221,-0.42961661378554294,11.15743590353221,11.165704025106084
1216,1.019606894736842,-11.206434953952886,-0.43622149542417776,11.206434953952886,11.214921915477037
1217,1.0187690912078882,-11.25594243053386,-0.44293200802929411,11.25594243053386,11.26465395665705
1218,1.0179326633825942,-11.305965732879571,-0.44975044994467284,11.305965732879571,11.314907715941503
1219,1.0170976078753076,-11.356512412586504,-0.45667918171850275,11.356512412586504,11.365690918384434
1220,1.0162639213114752,-11.407590177158323,-0.46372062816265014,11.407590177158323,11.417011450943832
1221,1.0154316003276003,-11.459206894044652,-0.47087728049262378,11.459206894044652,11.468877366761083
1222,1.0146006415711948,-11.511370594807854,-0.47815169855191619,11.511370594807854,11.521296889579533
1223,1.0137710417007357,-11.564089479422734,-0.48554651312456609,11.564089479422734,11.574278418307681
1224,1.0129427973856209,-11.617371920712724,-0.4930644283399972,11.617371920712724,11.62783053173113
1225,1.0121159053061224,-11.67122646893073,-0.5007082241744587,11.67122646893073,11.681961993382156
1226,1.0112903621533442,-11.725661856486038,-0.50848075905349766,11.725661856486038,11.736681756568984
1227,1.0104661646291768,-11.780687002827481,-0.51638497256027271,11.780687002827481,11.791998969575701
1228,1.009643309446254,-11.836311019483862,-0.52442388825463793,11.836311019483862,11.847922981034577
1229,1.0088217933279089,-11.892543215272269,-0.53260061660833724,11.892543215272269,11.904463345482235
1230,1.00800161300813,-11.949393101677281,-0.54091835806178978,11.949393101677281,11.961629829103593
1231,1.0071827652315191,-12.006870398410218,-0.54938040620835804,12.006870398410218,12.019432415673595
1232,1.0063652467532467,-12.064985039153484,-0.55799015111225891,12.064985039153484,12.077881312702807
1233,1.0055490543390104,-12.123747177498188,-0.56675108276663599,12.123747177498188,12.136986957796092
1234,1.0047341847649918,-12.183167193083754,-0.57566679469867044,12.183167193083754,12.196760025234198
1235,1.0039206348178138,-12.243255697944814,-0.58474098772898375,12.243255697944814,12.257211432784718
1236,1.0031084012944984,-12.304023543076376,-0.59397747389303035,12.304023543076376,12.318352348754685
1237,1.0022974810024252,-12.365481825224318,-0.60338018053253539,12.365481825224318,12.380194199293175
1238,1.0014878707592891,-12.427641893911744,-0.61295315456560573,12.427641893911744,12.442748675955896
1239,1.0006795673930589,-12.490515358708308,-0.62270056694453757,12.490515358708308,12.50602774354036
1240,0.99987256774193545,-12.554114096755526,-0.63262671731091902,12.554114096755526,12.570043648206294
1241,0.99906686865431094,-12.618450260556763,-0.6427360388581711,12.618450260556763,12.634808925891681
1242,0.99826246698872778,-12.683536286042347,-0.6530331034122665,12.683536286042347,12.700336411036725
1243,0.99745935961383747,-12.749384900922792,-0.66352262674201179,12.749384900922792,12.766639245630648
1244,0.9966575434083601,-12.816009133340636,-0.67420947411092613,12.816009133340636,12.83373088859399
1245,0.99585701526104409,-12.883422320835308,-0.68509866608350034,12.883422320835308,12.901625125512941
1246,0.99505777207062596,-12.951638119631042,-0.69619538459937869,12.951638119631042,12.970336078738184
1247,0.99425981074578984,-13.020670514265515,-0.7075049793298509,13.020670514265515,13.039878217868445
1248,0.99346312820512817,-13.090533827570692,-0.71903297433184599,13.090533827570692,13.110266370632942
1249,0.99266772137710158,-13.161242731021687,-0.73078507501569301,13.161242731021687,13.181515734191455
1250,0.99187358719999996,-13.232812255470726,-0.74276717544374637,13.232812255470726,13.253641886872188
1251,0.99108072262190239,-13.305257802281222,-0.75498536597826527,13.305257802281222,13.32666080036581
1252,0.99028912460063889,-13.378595154880287,-0.76744594129780408,13.378595154880287,13.400588852397522
1253,0.98949879010375097,-13.452840490747921,-0.78015540880292433,13.452840490747921,13.475442839899223
1254,0.98870971610845293,-13.528010393862356,-0.79312049743308699,13.528010393862356,13.551239992705332
1255,0.9879218996015936,-13.604121867620378,-0.80634816691815292,13.604121867620378,13.627997987795538
1256,0.9871353375796178,-13.681192348256189,-0.81984561748938689,13.681192348256189,13.70573496411266
1257,0.98635002704852814,-13.759239718778456,-0.83362030007650634,13.759239718778456,13.784469537980426
1258,0.9855659650238473,-13.83828232345051,-0.84767992701901407,13.83828232345051,13.864220819151498
1259,0.9847831485305798,-13.918338982838719,-0.86203248332203075,13.918338982838719,13.945008427516646
1260,0.9840015746031745,-13.99942900945241,-0.87668623848873484,13.99942900945241,14.026852510504744
1261,0.98322124028548763,-14.081572224004603,-0.89164975896380083,14.081572224004603,14.109773761209572
1262,0.98244214263074481,-14.164788972322267,-0.90693192122449973,14.164788972322267,14.193793437279494
1263,0.9816642787015043,-14.249100142933251,-0.9225419255586238,14.249100142933251,14.278933380604935
1264,0.98088764556962016,-14.334527185365374,-0.93848931057114537,14.334527185365374,14.365216037847649
1265,0.98011224031620547,-14.421092129186643,-0.95478396846444391,14.421092129186643,14.452664481849903
1266,0.97933806003159551,-14.508817603824394,-0.97143616114000597,14.508817603824394,14.541302433971142
1267,0.97856510181531164,-14.597726859198815,-0.98845653717295834,14.597726859198815,14.631154287398326
1268,0.97779336277602513,-14.687843787208852,-1.0058561497144298,14.687843787208852,14.722245131479369
1269,0.97702284003152085,-14.779192944112602,-1.0236464753807208,14.779192944112602,14.814600777134263
1270,0.97625353070866139,-14.871799573842324,-1.041839434192477,14.871799573842324,14.908247783397458
1271,0.97548543194335158,-14.965689632300997,-1.0604474106316921,14.965689632300997,15.003213485153005
1272,0.97471854088050303,-15.060889812686916,-1.0794832758894479,15.060889812686916,15.099526022124717
1273,0.97395285467399839,-15.15742757189529,-1.0989604113825959,15.15742757189529,15.197214369187458
1274,0.97318837048665618,-15.255331158050247,-1.1188927336235199,15.255331158050247,15.2963083680715
1275,0.97242508549019602,-15.354629639220583,-1.1392947205334205,15.354629639220583,15.396838760533493
1276,0.97166299686520374,-15.45535293337889,-1.1601814392965708,15.45535293337889,15.498837223075535
1277,0.97090210180109626,-15.557531839662538,-1.1815685758602958,15.557531839662538,15.602336403294675
1278,0.97014239749608755,-15.661198071002985,-1.2034724661937606,15.661198071002985,15.707369957955217
1279,0.9693838811571539,-15.766384288188576,-1.2259101294273083,15.766384288188576,15.813972592877226
1280,0.96862654999999998,-15.873124135432775,-1.2488993030038551,15.873124135432775,15.922180104743886
1281,0.96787040124902413,-15.981452277521079,-1.2724584799841883,15.981452277521079,16.032029424934553
1282,0.96711543213728546,-16.09140443861547,-1.2966069486594849,16.09140443861547,16.143558665498933
1283,0.96636163990646917,-16.203017442798831,-1.3213648346367628,16.203017442798831,16.256807167394765
1284,0.96560902180685348,-16.316329256443126,-1.3467531455765647,16.316329256443126,16.371815551116566
1285,0.96485757509727621,-16.431379032496096,-1.3727938187768451,16.431379032496096,16.488625769857968
1286,0.96410729704510101,-16.548207156774964,-1.3995097718134017,16.548207156774964,16.60728116534851
1287,0.96335818492618486,-16.666855296373356,-1.426924956464545,16.666855296373356,16.727826526528485
1288,0.96261023602484463,-16.787366450280523,-1.455064416167426,16.787366450280523,16.850308151223846
1289,0.96186344763382459,-16.909785002322529,-1.4839543472741226,16.909785002322529,16.974773910999986
1290,0.96111781705426347,-17.034156776541884,-1.5136221643992154,17.034156776541884,17.101273319386728
1291,0.96037334159566223,-17.16052909512991,-1.5440965701756126,17.16052909512991,17.229857603672418
1292,0.95963001857585128,-17.288950839039664,-1.5754076297635908,17.288950839039664,17.360579780486816
1293,0.95888784532095894,-17.419472511404727,-1.6075868504883251,17.419472511404727,17.493494735399441
1294,0.95814681916537858,-17.552146303898411,-1.6406672670151612,17.552146303898411,17.628659306779674
1295,0.95740693745173744,-17.687026166173503,-1.674683532508658,17.687026166173503,17.766132374182114
1296,0.95666819753086418,-17.82416787852106,-1.7096720162622718,17.82416787852106,17.90597495153202
1297,0.95593059676175784,-17.963629127898727,-1.7456709083304802,17.963629127898727,18.048250285412241
1298,0.95519413251155616,-18.105469587477053,-1.7827203317446125,18.105469587477053,18.193023958767053
1299,0.95445880215550416,-18.249750999858506,-1.8208624629483099,18.249750999858506,18.340364000362989
1300,0.95372460307692297,-18.396537264122969,-1.8601416611488677,18.396537264122969,18.490341000365753
1301,0.95299153266717906,-18.545894526858014,-1.9006046073473661,18.545894526858014,18.643028232420079
1302,0.95225958832565283,-18.697891277330662,-1.9423004538843989,18.697891277330662,18.79850178264315
1303,0.95152876745970827,-18.852598446952143,-1.9852809854196956,18.852598446952143,18.956840685965883
1304,0.95079906748466247,-19.010089513190771,-2.0296007923546453,19.010089513190771,19.118127070292534
1305,0.95007048582375475,-19.170440608071694,-2.0753174578069729,19.170440608071694,19.28244630896927
1306,0.94934301990811631,-19.333730631400236,-2.1224917593582466,19.333730631400236,19.449887182091505
1307,0.94861666717674054,-19.500041368827766,-2.1711878869185002,19.500041368827766,19.620542047208986
1308,0.94789142507645252,-19.669457614860988,-2.2214736781900637,19.669457614860988,19.794507020022099
1309,0.94716729106187925,-19.842067300889461,-2.2734208733652688,19.842067300889461,19.971882165696844
1310,0.94644426259541981,-20.017961628280268,-2.3271053908632595,20.017961628280268,20.152771701467916
1311,0.94572233714721576,-20.197235206537961,-2.3826076261007669,20.197235206537961,20.3372842112257
1312,0.94500151219512185,-20.379986196488716,-2.4400127755030239,20.379986196488716,20.525532872831551
1313,0.94428178522467621,-20.566316458374466,-2.4994111881971177,20.566316458374466,20.717635698932671
1314,0.94356315372907151,-20.756331704669769,-2.5608987480929324,20.756331704669769,20.913715792088773
1315,0.94284561520912535,-20.95014165733523,-2.6245772893513388,20.95014165733523,21.113901615054282
1316,0.94212916717325224,-21.147860209100855,-2.6905550485668979,21.147860209100855,21.318327277088137
1317,0.9414138071374335,-21.349605588226751,-2.7589471573604634,21.349605588226751,21.527132837188287
1318,0.94069953262518957,-21.5555005260115,-2.8298761794862228,21.5555005260115,21.740464625166258
1319,0.93998634116755109,-21.765672426097773,-2.9034726970175271,21.765672426097773,21.958475581481498
1320,0.93927423030303026,-21.980253534362632,-2.9798759506884638,21.980253534362632,22.181325616751412
1321,0.93856319757759266,-22.199381107855835,-3.0592345400419498,22.199381107855835,22.409181991826753
1322,0.93785324054462926,-22.423197580859764,-3.1417071896764988,22.423197580859764,22.642219719275325
1323,0.93714435676492813,-22.651850725672553,-3.2274635886003491,22.651850725672553,22.880621987041639
1324,0.93643654380664643,-22.88549380514047,-3.3166853105017582,22.88549380514047,23.124580604932511
1325,0.93572979924528299,-23.124285713270183,-3.4095668236361059,23.124285713270183,23.374296474413761
1326,0.93502412066365004,-23.368391099415724,-3.5063166000245554,23.368391099415724,23.629980081981866
1327,0.93431950565184618,-23.617980470509799,-3.6071583347626595,23.617980470509799,23.891852016062504
1328,0.93361595180722889,-23.873230264581153,-3.7123322874620035,23.873230264581153,24.160143506987836
1329,0.93291345673438664,-24.134322887308088,-3.8220967592006989,24.134322887308088,24.435096989075685
1330,0.93221201804511267,-24.401446701544124,-3.936729719846376,24.401446701544124,24.716966683139344
1331,0.93151163335837706,-24.674795957575803,-4.0565306022456813,24.674795957575803,25.006019196884477
1332,0.93081230030030027,-24.954570649206666,-4.1818222815428978,24.954570649206666,25.302534139501827
1333,0.93011401650412595,-25.240976277562872,-4.3129532597976308,25.240976277562872,25.606804745334603
1334,0.92941677961019487,-25.534223500612327,-4.4503000780979516,25.534223500612327,25.91913849965584
1335,0.92872058726591755,-25.834527641684474,-4.5942699804865157,25.834527641684474,26.239857757285172
1336,0.92802543712574848,-26.142108024551831,-4.7453038561835506,26.142108024551831,26.569300341839035
1337,0.92733132685115927,-26.45718709571986,-4.9038794887306203,26.45718709571986,26.907820109736097
1338,0.92663825411061274,-26.779989286185739,-5.0705151426785093,26.779989286185739,27.25578745845284
1339,0.92594621657953691,-27.110739554789639,-5.2457735201408635,27.110739554789639,27.613589752733098
1340,0.92525521194029847,-27.449661543023446,-5.4302661206936591,27.449661543023446,27.981631635201222
1341,0.92456523788217737,-27.796975256378232,-5.6246580383880485,27.796975256378232,28.360335178775777
1342,0.92387629210134126,-28.152894169522085,-5.8296732285923234,28.152894169522085,28.750139827007395
1343,0.92318837230081896,-28.51762163123378,-6.0461002743418035,28.51762163123378,29.151502054432957
1344,0.92250147619047618,-28.89134641950691,-6.2747986759621153,28.89134641950691,29.564894661672831
1345,0.92181560148698882,-29.274237266902105,-6.5167056777378569,29.274237266902105,29.990805598535378
1346,0.9211307459138186,-29.666436140432275,-6.7728436296818764,29.666436140432275,30.429736182005726
1347,0.92044690720118771,-30.068050018451217,-7.0443278588415073,30.068050018451217,30.882198543739321
1348,0.9197640830860534,-30.479140858775821,-7.3323749901483879,30.479140858775821,31.348712102497146
1349,0.91908227131208298,-30.899713397641463,-7.6383116077736073,30.899713397641463,31.829798809823355
1350,0.91840146962962954,-31.32970035876842,-7.9635830793682096,31.32970035876842,32.325976861221278
1351,0.91772167579570685,-31.768944587682768,-8.3097622711879708,31.768944587682768,32.837752499507594
1352,0.91704288757396446,-32.21717756223498,-8.6785577541428403,32.21717756223498,33.36560946196802
1353,0.91636510273466365,-32.673993672603686,-9.0718209299101105,32.673993672603686,33.909995539688602
1354,0.91568831905465287,-33.138819623821291,-9.4915512816487322,33.138819623821291,34.471305629353971
1355,0.91501253431734308,-33.610878308018684,-9.9398986640609479,33.610878308018684,35.049860571594884
1356,0.91433774631268427,-34.089146547676009,-10.419161181905398,34.089146547676009,35.64588099743721
1357,0.91366395283714064,-34.572306262000268,-10.93177675766059,34.572306262000268,36.259455364813071
1358,0.91299115169366707,-35.058688907049714,-11.480305959811563,35.058688907049714,36.890501390089234
1359,0.91231934069168497,-35.546213553368972,-12.067403072197749,35.546213553368972,37.538720208454087
1360,0.91164851764705879,-36.032319775028199,-12.695771780274331,36.032319775028199,38.20354289155258
1361,0.91097868038207197,-36.513897722427501,-13.368101326216063,36.513897722427501,38.884069488054827
1362,0.91030982672540373,-36.987219421773318,-14.086978701748237,36.987219421773318,39.579001623309217
1363,0.90964195451210561,-37.447877529958632,-14.854772651022209,37.447877529958632,40.286570988511023
1364,0.90897506158357766,-37.890740421907978,-15.673486285524131,37.890740421907978,41.004467830505057
1365,0.90830914578754574,-38.309935369842506,-16.544577383458353,38.309935369842506,41.72977580623639
1366,0.90764420497803799,-38.698874191473038,-17.468749372901428,38.698874191473038,42.45892212881413
1367,0.90698023701536201,-39.050337250073753,-18.445721841555496,39.050337250073753,43.187654411886449
1368,0.90631723976608181,-39.356630893682492,-19.473997029253646,39.356630893682492,43.91105732724894
1369,0.90565521110299485,-39.609828970402035,-20.550647276942904,39.609828970402035,44.623622158738087
1370,0.90499414890510943,-39.80209987938629,-21.671155996242653,39.80209987938629,45.319379486287389
1371,0.9043340510576221,-39.926106622670787,-22.829348629674875,39.926106622670787,45.992098765984949
1372,0.90367491545189493,-39.975450163636253,-24.017447190729236,39.975450163636253,46.635548515535156
1373,0.9030167399854333,-39.945109835493582,-25.226270069784569,39.945109835493582,47.243798549686446
1374,0.90235952256186314,-39.831823880359707,-26.445578030459046,39.831823880359707,47.811534079143414
1375,0.90170326109090904,-39.634353528287804,-27.664541314872196,39.634353528287804,48.334344164036928
1376,0.90104795348837208,-39.353587792615798,-28.872278206486719,39.353587792615798,48.808947140702458
1377,0.90039359767610738,-38.992471317485126,-30.058399824037444,38.992471317485126,49.23332427763328
1378,0.8997401915820028,-38.555767716244958,-31.213494578713103,38.555767716244958,49.606748210343213
1379,0.89908773313995638,-38.049697406134769,-32.329499072081603,38.049697406134769,49.92971042325545
1380,0.89843622028985504,-37.481504968000493,-33.399925694984773,37.481504968000493,50.203767299842646
1381,0.89778565097755247,-36.859013678392373,-34.419943427891724,36.859013678392373,50.431333463663066
1382,0.89713602315484797,-36.19021584176501,-35.386330331040455,36.19021584176501,50.615453143986109
1383,0.89648733477946485,-35.482931687775121,-36.297329746913846,35.482931687775121,50.759576317336538
1384,0.89583958381502882,-34.744552287378895,-37.152446608142654,34.744552287378895,50.867358911401098
1385,0.89519276823104688,-33.98186726080975,-37.952217365526622,33.98186726080975,50.942498029557541
1386,0.8945468860028859,-33.20096800209744,-38.697979954840974,33.20096800209744,50.988605872896471
1387,0.89390193511175187,-32.407211895571805,-39.391661761697776,32.407211895571805,51.009120745142177
1388,0.89325791354466855,-31.605231606384294,-40.0355957134242,31.605231606384294,51.00725035739471
1389,0.89261481929445641,-30.798974663121513,-40.632368440581075,30.798974663121513,50.98594125237593
1390,0.89197265035971218,-29.991760995154209,-41.184700159862018,29.991760995154209,50.947868010822511
1391,0.89133140474478789,-29.186348944245253,-41.695353332842927,29.186348944245253,50.89543647760437
1392,0.89069108045977008,-28.38500299482947,-42.16706586215679,28.38500299482947,50.830796161775268
1393,0.89005167552045938,-27.589558797376291,-42.602504194353003,27.589558797376291,50.755857969930418
1394,0.88941318794835,-26.80148291487577,-43.004231873737027,26.80148291487577,50.672314388495394
1395,0.88877561577060926,-26.021926120620471,-43.374689594286139,26.021926120620471,50.58166007979279
1396,0.8881389570200573,-25.251770067927282,-43.716183468454034,25.251770067927282,50.485211583304292
1397,0.88750320973514663,-24.491667793979317,-44.030878966746059,24.491667793979317,50.384125415798216
1398,0.88686837195994273,-23.742078859910848,-44.320798701455928,23.742078859910848,50.279414337531847
1399,0.88623444174410282,-23.00330001914773,-44.587822864716586,23.00330001914773,50.171961886957
1400,0.88560141714285712,-22.275492209960937,-44.833691629815107,22.275492209960937,50.062535476675407
1401,0.88496929621698783,-21.558704464882631,-45.060009153440305,21.558704464882631,49.951798397177598
1402,0.8843380770328102,-20.852895101815747,-45.268248976895052,20.852895101815747,49.840321021854294
1403,0.88370775766215248,-20.157950377089577,-45.459760652323581,20.157950377089577,49.728591393400166
1404,0.88307833618233611,-19.47370067661123,-45.635777372705476,19.47370067661123,49.617025247926598
1405,0.88244981067615647,-18.799934300066113,-45.797424319626174,18.799934300066113,49.505975437301402
1406,0.88182217923186335,-18.136408931629667,-45.945727402019529,18.136408931629667,49.395740660870594
1407,0.88119543994314142,-17.482860955458108,-46.081622060003284,17.482860955458108,49.286573413748926
1408,0.88056959090909082,-16.839012835919647,-46.20596184794843,16.839012835919647,49.178687086809596
1409,0.87994463023420855,-16.204578823153923,-46.319526575885291,16.204578823153923,49.072262196173028
1410,0.87932055602836878,-15.579269258472905,-46.423029861548585,15.579269258472905,48.96745176292341
1411,0.87869736640680363,-14.962793744383795,-46.517126013525186,14.962793744383795,48.864385898066416
1412,0.87807505949008491,-14.354863417926296,-46.602416221363896,14.354863417926296,48.763175669931094
1413,0.87745363340410465,-13.755192531441494,-46.679454068548949,13.755192531441494,48.663916341728964
1414,0.87683308628005652,-13.163499508228224,-46.748750409831089,13.163499508228224,48.566690068233058
1415,0.87621341625441684,-12.579507606066485,-46.810777668248917,12.579507606066485,48.471568135529886
1416,0.87559462146892653,-12.002945291562277,-46.865973612412205,12.002945291562277,48.378612819215412
1417,0.8749767000705716,-11.433546403519511,-46.914744674198417,11.433546403519511,48.287878926358559
1418,0.87435965021156548,-10.871050163939362,-46.957468863221678,10.871050163939362,48.199415076402325
1419,0.87374347004933051,-10.315201080197216,-46.99449832896704,10.315201080197216,48.11326476675832
1420,0.87312815774647878,-9.7657487706659154,-47.026161615438383,9.7657487706659154,48.029467260558839
1421,0.87251371147079515,-9.2224477377744982,-47.052765647225527,9.2224477377744982,47.948058326992857
1422,0.87190012939521799,-8.6850571065195723,-47.074597480445732,8.6850571065195723,47.869070858848865
1423,0.87128740969782148,-8.1533403422078372,-47.091925847208088,8.1533403422078372,47.792535387179655
1424,0.87067555056179768,-7.6270649582875372,-47.10500251817669,7.6270649582875372,47.718480509288746
1425,0.87006455017543849,-7.1060022231305027,-47.114063504444502,7.1060022231305027,47.646933243346993
1426,0.86945440673211771,-6.5899268733474798,-47.119330117251295,6.5899268733474798,47.577919320779174
1427,0.86884511843027323,-6.0786168404235994,-47.121009902059498,6.0786168404235994,47.511463426026673
1428,0.86823668347338934,-5.5718529970223507,-47.119297462089406,5.5718529970223507,47.447589392310455
1429,0.86762910006997895,-5.0694189290680143,-47.114375185621,5.0694189290680143,47.386320361575379
1430,0.86702236643356634,-4.5711007395837679,-47.106413891172537,4.5711007395837679,47.327678916865082
1431,0.86641648078266942,-4.0766868900732014,-47.095573405095109,4.0766868900732014,47.27168719597806
1432,0.86581144134078203,-3.5859680848654296,-47.082003087189776,3.5859680848654296,47.218366996411696
1433,0.86520724633635726,-3.0987372030699039,-47.065842321686489,3.0987372030699039,47.167739883351892
1434,0.86460389400278936,-2.6147892813687861,-47.047220993310447,2.6147892813687861,47.119827314829507
1435,0.8640013825783972,-2.1339215484918626,-47.026259971159703,2.1339215484918626,47.074650801150028
1436,0.86339971030640661,-1.6559335084471716,-47.003071626565898,1.6559335084471716,47.03223211922311
1437,0.86279887543493383,-1.1806270639565,-46.977760414721288,1.1806270639565,46.992593606302485
1438,0.862198876216968,-0.70780666354058752,-46.950423553087504,0.70780666354058752,46.955758561514756
1439,0.86159971091035437,-0.23727944479046092,-46.921151831597356,0.23727944479046092,46.921751786764446
1440,0.86100137777777774,0.23114466775784326,-46.890030589147472,0.23114466775784326,46.890600300152038
1441,0.86040387508674521,0.69765296903877116,-46.857140886092949,0.69765296903877116,46.862334253474529
1442,0.85980720110956999,1.1624301627960607,-46.822560891177332,1.1624301627960607,46.836988078775811
1443,0.85921135412335403,1.6256588327504207,-46.786367481080077,1.6256588327504207,46.814601875004414
1444,0.85861633240997226,2.0875203118494396,-46.7486380192816,2.0875203118494396,46.79522302233643
1445,0.85802213425605534,2.5481960749528225,-46.709452237044815,2.5481960749528225,46.778907977005787
1446,0.85742875795297369,3.0078697741085554,-46.668894084129647,3.0078697741085554,46.765724153633144
1447,0.85683620179682096,3.466730006160216,-46.627053355370577,3.466730006160216,46.755751748209398
1448,0.85624446408839772,3.9249738432265922,-46.584026841375589,3.9249738432265922,46.749085300442133
1449,0.85565354313319519,4.382811065319955,-46.539918712421439,4.382811065319955,46.745834751270472
1450,0.85506343724137923,4.8404689169693835,-46.494839842144373,4.8404689169693835,46.74612573553879
1451,0.85447414472777394,5.2981970828422815,-46.448905828202001,5.2981970828422815,46.750098876535183
1452,0.85388566391184562,5.7562724680655855,-46.402233578281326,5.7562724680655855,46.757907927750459
1453,0.8532979931176875,6.2150033093098411,-46.354936493736759,6.2150033093098411,46.76971673501027
1454,0.85271113067400273,6.6747321597988911,-46.307118473214047,6.6747321597988911,46.785695150305671
1455,0.85212507491408929,7.1358373958222003,-46.258867133864399,7.1358373958222003,46.806014184591007
1456,0.85153982417582408,7.5987330703293576,-46.210246764255118,7.5987330703293576,46.830840802696116
1457,0.85095537680164712,8.0638671538848037,-46.161291549425101,8.0638671538848037,46.860332809173769
1458,0.85037173113854592,8.5317184056307003,-46.111999537828069,8.5317184056307003,46.894634238147482
1459,0.84978888553803966,9.0027922622943901,-46.06232767253664,9.0027922622943901,46.93387155488201
1460,0.84920683835616428,9.4776161959578307,-46.01218802459708,9.4776161959578307,46.97815083172982
1461,0.84862558795345644,9.9567349705884318,-45.961445188877434,9.9567349705884318,47.027555912727628
1462,0.84804513269493842,10.440706143792017,-45.909914666478358,10.440706143792017,47.082147460203444
1463,0.8474654709501025,10.930096045089638,-45.857361979404544,10.930096045089638,47.141962700602754
1464,0.84688660109289615,11.425476346089372,-45.803502241392692,11.425476346089372,47.207015657763336
1465,0.84630852150170643,11.927421243375861,-45.747999929620505,11.927421243375861,47.277297671054463
1466,0.84573123055934507,12.436505212746713,-45.690468646019525,12.436505212746713,47.352778028322369
1467,0.84515472665303337,12.953301264215892,-45.63047070523514,12.953301264215892,47.433404583930724
1468,0.84457900817438691,13.478379624299038,-45.567516423946259,13.478379624299038,47.519104267055916
1469,0.84400407351940088,14.012306784651706,-45.501063003714364,14.012306784651706,47.6097834052538
1470,0.84342992108843529,14.555644871354136,-45.430512892346769,14.555644871354136,47.70532778718394
1471,0.8428565492861998,15.108951293531625,-45.355211477577356,15.108951293531625,47.805602363803303
1472,0.84228395652173904,15.672778610589834,-45.27444391742371,15.672778610589834,47.910450440467656
1473,0.84171214120841809,16.24767450294387,-45.187430855056448,16.24767450294387,48.019692148473013
1474,0.84114110176390766,16.834181634624453,-45.093322719364764,16.834181634624453,48.133121913920206
1475,0.8405708366101694,17.432837057862063,-44.991192297132869,17.432837057862063,48.250504579781925
1476,0.84000134417344163,18.044170640573668,-44.880025301753363,18.044170640573668,48.371569802851788
1477,0.83943262288422471,18.668701820556151,-44.758708775264907,18.668701820556151,48.496004360089422
1478,0.83886467117726649,19.306933838255873,-44.62601735211372,19.306933838255873,48.623442072172807
1479,0.83829748749154831,19.959344509350451,-44.480597673938419,19.959344509350451,48.753451187313033
1480,0.83773107027027016,20.626372597580939,-44.320951545723659,20.626372597580939,48.885519251130212
1481,0.83716541796083721,21.308398947221299,-44.14541872359645,21.308398947221299,49.019035689980704
1482,0.83660052901484472,22.005721719392056,-43.952160482846352,22.005721719392056,49.153272520771225
1483,0.83603640188806472,22.718525313160839,-43.73914530693061,22.718525313160839,49.287363741485706
1484,0.83547303504043124,23.446842800760621,-43.504138165977864,23.446842800760621,49.420284042972391
1485,0.83491042693602691,24.190511937632444,-43.244694944416693,24.190511937632444,49.550827527301671
1486,0.83434857604306856,24.949125020357229,-42.958163674403536,24.949125020357229,49.67758715515739
1487,0.83378748083389365,25.721973089369456,-42.641694373814303,25.721973089369456,49.798935718346762
1488,0.83322713978494622,26.50798526691824,-42.292259491759836,26.50798526691824,49.913009284449124
1489,0.83266755137676285,27.305664457001846,-41.906687212320378,27.305664457001846,50.017694314608605
1490,0.8321087140939597,28.113021283486162,-41.481710097682765,28.113021283486162,50.110620015261659
1491,0.83155062642521793,28.927509055467702,-41.014031661216549,28.927509055467702,50.189157925406953
1492,0.83099328686327067,29.745963735702986,-40.500413306612657,29.745963735702986,50.250431207823524
1493,0.83043669390488939,30.564554298856926,-39.937783478975646,30.564554298856926,50.29133651734972
1494,0.82988084605087009,31.378750367818562,-39.323369665582973,31.378750367818562,50.30858153935533
1495,0.82932574180602003,32.183315369016114,-38.654851899912757,32.183315369016114,50.298741172575461
1496,0.82877137967914427,32.972334295084707,-37.930533583906694,32.972334295084707,50.258334700094196
1497,0.82821775818303267,33.739285047723541,-37.149521826061402,33.739285047723541,50.183924990344799
1498,0.82766487583444592,34.477160758827566,-36.311905409351226,34.477160758827566,50.072238700179071
1499,0.82711273115410266,35.178647043353209,-35.418914562970329,35.178647043353209,49.920303651117898
1500,0.8265613226666666,35.836352678522843,-34.473043814986696,35.836352678522843,49.725596257555964
1501,0.82601064890073284,36.443085051894627,-33.478118415396892,36.443085051894627,49.486188585654503
1502,0.8254607083888148,36.992153798361159,-32.439287110237856,36.992153798361159,49.200882013049828
1503,0.8249114996673319,37.477678849318593,-31.362929922817088,37.477678849318593,48.869313329288737
1504,0.82436302127659566,37.894874443673942,-30.256478744056537,37.894874443673942,48.492020117658093
1505,0.82381527176079727,38.240280097100722,-29.128159647752611,38.240280097100722,48.070455649699028
1506,0.82326824966799461,38.511913903021821,-27.986676805835771,38.511913903021821,47.606948979199153
1507,0.82272195355009947,38.709332443075866,-26.840866276908486,38.709332443075866,47.104612520255898
1508,0.82217638196286469,38.833593368243555,-25.699351830971793,38.833593368243555,46.567205825797224
1509,0.82163153346587137,38.887128918572969,-24.570233516004826,38.887128918572969,45.99896923367654
1510,0.82108740662251645,38.873548769675281,-23.460833405638716,38.873548769675281,45.404443593501462
1511,0.82054399999999994,38.797396818597221,-22.377513572212507,38.797396818597221,44.788292148442686
1512,0.82000131216931216,38.663888189759973,-21.325571021712229,38.663888189759973,44.155138198768597
1513,0.81945934170522139,38.478650344235973,-20.309205156852713,38.478650344235973,43.509428247416714
1514,0.81891808718626147,38.24748699019365,-19.331546674485331,38.24748699019365,42.855325898805596
1515,0.81837754719471945,37.976177065886901,-18.39473316434772,37.976177065886901,42.196637694574058
1516,0.81783772031662261,37.670314764015487,-17.500015824510783,37.670314764015487,41.5367688714244
1517,0.81729860514172703,37.335191312177983,-16.647882953656215,37.335191312177983,40.878704934911617
1518,0.8167602002635046,36.97571544909863,-15.838188380040826,36.97571544909863,40.225013910928247
1519,0.8162225042791309,36.596367266947524,-15.070275980116406,36.596367266947524,39.577863955172994
1520,0.81568551578947368,36.201179098647913,-14.343094364326952,36.201179098647913,38.939051401855828
1521,0.81514923339907952,35.79373707808351,-13.655298326948873,35.79373707808351,38.310035061494567
1522,0.81461365571616284,35.377197548615172,-13.005335625870135,35.377197548615172,37.691973431159987
1523,0.81407878135259348,34.954313354393804,-12.39151906661262,34.954313354393804,37.085762319997919
1524,0.81354460892388447,34.527466009552512,-11.81208478017566,34.527466009552512,36.492071137369848
1525,0.81301113704918027,34.098700667309757,-11.265238107450401,34.098700667309757,35.91137670455344
1526,0.81247836435124499,33.669761630135383,-10.74918873917445,33.669761630135383,35.343993927972136
1527,0.81194628945645053,33.242126823159424,-10.26217680267872,33.242126823159424,34.79010302451622
1528,0.81141491099476437,32.817040194027953,-9.8024915093624365,32.817040194027953,34.249773238483918
1529,0.81088422759973833,32.395541417379945,-9.3684838343700001,32.395541417379945,33.722983158078286
1530,0.8103542379084967,31.978492592247662,-8.9585745290935321,31.978492592247662,33.209637849060648
1531,0.80982494056172427,31.566601848427027,-8.5712585901994913,31.566601848427027,32.709583092378068
1532,0.80929633420365532,31.160443943429236,-8.2051071372062836,31.160443943429236,32.222617055177707
1533,0.8087684174820613,30.760478050810562,-7.858767488172159,30.760478050810562,31.748499749555883
1534,0.80824118904823983,30.367063024012772,-7.5309620695648256,30.367063024012772,31.286960644933021
1535,0.80771464755700317,29.980470472944987,-7.2204866505013001,29.980470472944987,30.837704798658311
1536,0.80718879166666657,29.600896015092985,-6.9262082530973075,29.600896015092985,30.400417853404928
1537,0.80666362003903702,29.228469059235792,-6.6470629623214847,29.228469059235792,29.974770217163798
1538,0.80613913133940174,28.8632614487559,-6.3820537458892588,28.8632614487559,29.560420691773952
1539,0.80561532423651716,28.505295237139507,-6.1302483044237093,28.505295237139507,29.157019752203382
1540,0.8050921974025973,28.154549798175161,-5.8907769103111747,28.154549798175161,28.764212607769753
1541,0.80456974951330296,27.810968398368928,-5.6628301633499838,27.810968398368928,28.381642107426089
1542,0.80404797924773019,27.474464290527301,-5.4456565901142806,27.474464290527301,28.008951493208652
1543,0.80352688528839922,27.144926334763845,-5.2385600353572137,27.144926334763845,27.645786965897667
1544,0.80300646632124351,26.822224121476239,-5.0408968277044259,26.822224121476239,27.291800007516215
1545,0.80248672103559859,26.506212560413864,-4.8520727383232192,26.506212560413864,26.946649404996922
1546,0.80196764812419141,26.19673590680631,-4.6715397816996802,26.19673590680631,26.610002933163269
1547,0.80144924628312852,25.893631213411162,-4.4987929273611194,25.893631213411162,26.281538676786319
1548,0.80093151421188624,25.5967312195449,-4.3333667989439935,25.5967312195449,25.960945994701628
1549,0.80041445061329886,25.305866709216751,-4.1748324339016776,25.305866709216751,25.647926149219199
1550,0.79989805419354831,25.020868386902222,-4.0227941665045339,25.020868386902222,25.342192638774293
1551,0.79938232366215334,24.741568329718824,-3.8768866819905856,24.741568329718824,25.043471280138892
1552,0.79886725773195866,24.467801078938315,-3.7367722738923828,24.467801078938315,24.751500089195112
1553,0.79835285511912424,24.199404432877962,-3.6021383218560619,24.199404432877962,24.4660290074989
1554,0.79783911454311451,23.936219998752428,-3.4726949949531676,23.936219998752428,24.18681951718019
1555,0.79732603472668806,23.678093554476241,-3.3481731760832911,23.678093554476241,23.913644180500242
1556,0.79681361439588683,23.424875263884942,-3.2283225965049063,23.424875263884942,23.646286133675893
1557,0.79630185228002559,23.1764197812942,-3.1129101654568778,23.1764197812942,23.384538558136438
1558,0.79579074711168163,22.932586274316321,-3.0017184777764481,22.932586274316321,23.128204146642815
1559,0.79528029762668373,22.693238387677091,-2.8945444817702271,22.693238387677091,22.877094576822632
1560,0.79477050256410253,22.458244165584325,-2.7911982900252905,22.458244165584325,22.631030000758749
1561,0.79426136066623954,22.227475945936931,-2.691502116867122,22.227475945936931,22.389838556191179
1562,0.79375287067861711,22.000810236278262,-2.5952893275521269,22.000810236278262,22.153355902581268
1563,0.79324503134996793,21.77812757874986,-2.5024035858215257,21.77812757874986,21.921424783591
1564,0.79273784143222503,21.559312409280537,-2.412698087989213,21.559312409280537,21.693894616337211
1565,0.79223129968051109,21.344252914722709,-2.3260348732076981,21.344252914722709,21.470621106969105
1566,0.79172540485312892,21.132840890516036,-2.2422842009093884,21.132840890516036,21.251465891592382
1567,0.79122015571155069,20.924971600634244,-2.1613239876515689,20.924971600634244,21.03629620125529
1568,0.79071555102040814,20.720543640977368,-2.0830392966599227,20.720543640977368,20.824984549551942
1569,0.79021158954748238,20.519458806953892,-2.0073218742907724,20.519458806953892,20.617408441345962
1570,0.78970827006369426,20.321621965701645,-1.9340697284705861,20.321621965701645,20.413450101133662
1571,0.78920559134309354,20.126940933206868,-1.8631867448264714,20.126940933206868,20.212996219632931
1572,0.78870355216284982,19.935326356454894,-1.7945823368620548,19.935326356454894,20.015937717282757
1573,0.78820215130324212,19.746691600669301,-1.7281711269929847,19.746691600669301,19.822169523443083
1574,0.78770138754764929,19.56095264166234,-1.6638726557470349,19.56095264166234,19.631590370214525
1575,0.78720125968253962,19.378027963312881,-1.6016111167465512,19.378027963312881,19.444102599920164
1576,0.78670176649746182,19.197838460196863,-1.5413151154689988,19.197838460196863,19.259611985421387
1577,0.78620290678503479,19.020307345432094,-1.4829174500143107,19.020307345432094,19.07802756257195
1578,0.78570467934093779,18.845360063830725,-1.4263549123641237,18.845360063830725,18.899261474233619
1579,0.78520708296390118,18.672924210524023,-1.3715681088096261,18.672924210524023,18.723228825421049
1580,0.78471011645569611,18.502929455278085,-1.3185012984121371,18.502929455278085,18.549847549263358
1581,0.78421377862112585,18.335307472802235,-1.2671022484883636,18.335307472802235,18.379038283607816
1582,0.78371806826801516,18.169991879444211,-1.2173221062457555,18.169991879444211,18.21072425823375
1583,0.78322298420720149,18.006918176762781,-1.1691152857922544,18.006918176762781,18.044831192784901
1584,0.78272852525252523,17.846023702590735,-1.1224393698008326,17.846023702590735,17.881287205688221
1585,0.78223469022082015,17.687247590324951,-1.077255025185142,17.687247590324951,17.720022734487181
1586,0.78174147793190407,17.530530737330253,-1.0335259321275263,17.530530737330253,17.560970468196253
1587,0.78124888720856955,17.375815783506241,-0.99121872581989656,17.375815783506241,17.404065292475799
1588,0.78075691687657423,17.223047101243473,-0.9503029502007152,17.223047101243473,17.249244248627573
1589,0.7802655657646318,17.072170798189063,-0.91075102290102006,17.072170798189063,17.09644650763002
1590,0.77977483270440251,16.923134734460952,-0.87253821044264601,16.923134734460952,16.945613360672464
1591,0.77928471653048392,16.775888556161085,-0.83564261253958971,16.775888556161085,16.796688227880768
1592,0.77879521608040192,16.630383747276724,-0.80004515405519339,16.630383747276724,16.649616687185716
1593,0.77830633019460127,16.486573702278683,-0.76572958279021908,16.486573702278683,16.504346525525545
1594,0.77781805771643653,16.344413821932712,-0.73268247079933513,16.344413821932712,16.360827814802089
1595,0.77733039749216293,16.203861635016032,-0.70089321629725987,16.203861635016032,16.219013015205206
1596,0.77684334837092728,16.06487694872618,-0.67035404247888852,16.06487694872618,16.078857108637465
1597,0.77635690920475886,15.927422030574029,-0.64105998863850022,15.927422030574029,15.940317764996033
1598,0.77587107884856066,15.791461824381088,-0.61300888785494667,15.791461824381088,15.803355543917705
1599,0.77538585616010003,15.656964202620621,-0.58620132425493487,15.656964202620621,15.667934134234219
1600,0.77490123999999994,15.523900256628735,-0.56064056135250961,15.523900256628735,15.534020632688479
1601,0.77441722923173006,15.392244625100155,-0.53633243138195219,15.392244625100155,15.401585862367442
1602,0.77393382272159794,15.261975859610473,-0.51328517382047423,15.261975859610473,15.270604729643054
1603,0.77345101933873983,15.133076823581874,-0.49150920961575029,15.133076823581874,15.14105661608753
1604,0.77296881795511219,15.005535117956569,-0.47101683616983081,15.005535117956569,15.012925798663741
1605,0.77248721744548277,14.879343522773055,-0.45182182705574458,14.879343522773055,14.886201887388617
1606,0.77200621668742209,14.754500438768204,-0.43393892023296843,14.754500438768204,14.760880264540598
1607,0.77152581456129432,14.631010307078938,-0.41738317946557846,14.631010307078938,14.636962503345799
1608,0.77104600995024875,14.508883978262823,-0.40216921638940217,14.508883978262823,14.514456737105348
1609,0.7705668017402113,14.388138994563743,-0.3883102657463553,14.388138994563743,14.393377942281992
1610,0.77008818881987573,14.268799742321846,-0.37581711427548914,14.268799742321846,14.273748091859625
1611,0.76961017008069521,14.150897425632415,-0.36469689507266434,14.150897425632415,14.155596129306804
1612,0.7691327444168734,14.034469809201404,-0.35495177401039157,14.034469809201404,14.038957710145677
1613,0.76865591072535644,13.919560679442039,-0.346577572678056,13.919560679442039,13.923874659108087
1614,0.76817966790582404,13.806218979995961,-0.33956239210342609,13.806218979995961,13.810394097987636
1615,0.76770401486068107,13.694497592547325,-0.33388532120805881,13.694497592547325,13.698567214128735
1616,0.76722895049504947,13.584451756899313,-0.32951533060812732,13.584451756899313,13.588447662946294
1617,0.76675447371675942,13.476137155408754,-0.32641046223220727,13.476137155408754,13.480089629570086
1618,0.76628058343634109,13.369607723950541,-0.32451742451344856,13.369607723950541,13.373545612556558
1619,0.76580727856701658,13.264913290578288,-0.32377168839371695,13.264913290578288,13.268864032492226
1620,0.7653345580246913,13.162097178246068,-0.32409814961221528,13.162097178246068,13.166086804368835
1621,0.76486242072794564,13.061193932769701,-0.32541237887291352,13.061193932769701,13.065247038067966
1622,0.76439086559802705,12.962227345526362,-0.32762242793093144,12.962227345526362,12.966367039861039
1623,0.76391989155884155,12.86520892823961,-0.33063110336804558,12.86520892823961,12.869456775395399
1624,0.7634494975369458,12.770136964137286,-0.33433856983829857,12.770136964137286,12.774512920738191
1625,0.76297968246153836,12.67699620941373,-0.33864510920070412,12.67699620941373,12.681518576395954
1626,0.76251044526445255,12.585758258657627,-0.34345384746184893,12.585758258657627,12.59044365742149
1627,0.76204178488014751,12.496382527078996,-0.34867327005438531,12.496382527078996,12.501245910401718
1628,0.76157370024570015,12.408817750312441,-0.35421937546287463,12.408817750312441,12.413872454895872
1629,0.76110619030079796,12.323003866452769,-0.3600173616563751,12.323003866452769,12.328261710123774
1630,0.76063925398773002,12.238874128276212,-0.36600279106112188,12.238874128276212,12.244345550941192
1631,0.76017289025137946,12.156357296030077,-0.37212222977133136,12.156357296030077,12.162051540041821
1632,0.75970709803921566,12.075379779177791,-0.37833339865633375,12.075379779177791,12.081305102178105
1633,0.75924187630128592,11.995867623645474,-0.38460490399103398,11.995867623645474,12.002031535377654
1634,0.75877722399020797,11.91774827365278,-0.39091563196026824,11.91774827365278,11.924157787678956
1635,0.75831314006116202,11.840952069027928,-0.39725389591737192,11.840952069027928,11.847613960576124
1636,0.75784962347188256,11.765413466419918,-0.40361642019992061,11.765413466419918,11.772334528481178
1637,0.75738667318265118,11.691071994007569,-0.41000723270596406,11.691071994007569,11.698259285036357
1638,0.75692428815628809,11.617872963596422,-0.4164365235146299,11.617872963596422,11.625334041496686
1639,0.75646246735814515,11.545767971835488,-0.42291951093606439,11.545767971835488,11.553511110142777
1640,0.75600120975609753,11.474715224703367,-0.42947534158736733,11.474715224703367,11.482749607871401
1641,0.75554051432053615,11.404679717715293,-0.43612603830581875,11.404679717715293,11.413015613103967
1642,0.75508038002436051,11.335633299723611,-0.44289549973508224,11.335633299723611,11.344282204242294
1643,0.75462080584297009,11.267554641818521,-0.44980854826267436,11.267554641818521,11.276529401214555
1644,0.75416179075425782,11.200429125607272,-0.45689001870588353,11.200429125607272,11.209744024149023
1645,0.75370333373860177,11.134248657698425,-0.46416387848803886,11.134248657698425,11.143919475550433
1646,0.75324543377885778,11.069011410175126,-0.47165237085385936,11.069011410175126,11.079055445186615
1647,0.75278808986035206,11.004721480616457,-0.4793751756767568,11.004721480616457,11.01515753064823
1648,0.75233130097087375,10.941388460365904,-0.48734858741324993,10.941388460365904,10.952236761788976
1649,0.75187506610066701,10.879026896692256,-0.49558471643058777,10.879026896692256,10.89030901444551
1650,0.75141938424242416,10.817655633800481,-0.50409072789166753,10.817655633800481,10.829394298548818
1651,0.75096425439127801,10.757297019836791,-0.51286814096847699,10.757297019836791,10.769515908480287
1652,0.75050967554479409,10.697975972499869,-0.52191221953796996,10.697975972499869,10.710699429686539
1653,0.75005564670296421,10.63971890483397,-0.5312114925394793,10.63971890483397,10.652971605316866
1654,0.74960216686819825,10.582552524967745,-0.54074744647161666,10.582552524967745,10.596359079635175
1655,0.74914923504531716,10.526502538253972,-0.55049443269654219,10.526502538253972,10.540887050352888
1656,0.74869685024154586,10.471592295984525,-0.56041982707048277,10.471592295984525,10.486577878216332
1657,0.74824501146650568,10.417841449559926,-0.57048446822857812,10.417841449559926,10.433449716975632
1658,0.74779371773220737,10.365264680273544,-0.58064338380861402,10.365264680273544,10.381515237733215
1659,0.7473429680530439,10.313870580191562,-0.59084679225336245,10.313870580191562,10.330780526023052
1660,0.74689276144578309,10.263660757132378,-0.60104134392462916,10.263660757132378,10.281244225997449
1661,0.74644309692956046,10.214629225567588,-0.61117154234122051,10.214629225567588,10.232896993031215
1662,0.74599397352587238,10.166762126011029,-0.62118126787374495,10.166762126011029,10.185721294756181
1663,0.74554539025856881,10.12003779027529,-0.63101531527920995,10.12003779027529,10.139691573451181
1664,0.74509734615384615,10.074427142144398,-0.64062085492635568,10.074427142144398,10.09477475341289
1665,0.74464984024024017,10.02989439651029,-0.64994873580271584,10.02989439651029,10.050931049625207
1666,0.74420287154861942,9.9863979983459252,-0.65895456498089722,9.9863979983459252,10.008115012332576
1667,0.74375643911217748,9.9438917288046369,-0.66759952050428906,9.9438917288046369,9.9662767287471414
1668,0.74331054196642676,9.902325900297356,-0.67585087912926944,9.902325900297356,9.9253630989762609
1669,0.74286517914919104,9.8616485653370738,-0.68368226373896102,9.8616485653370738,9.8853191078470495
1670,0.74242034970059878,9.8218066736349066,-0.69107363471244865,9.8218066736349066,9.8460890257428524
1671,0.74197605266307598,9.7827471260450736,-0.69801106354693365,9.7827471260450736,9.8076174872890043
1672,0.74153228708133967,9.7444176900564159,-0.70448633492594714,9.7444176900564159,9.7698504141251732
1673,0.74108905200239084,9.706767757315621,-0.71049642577214422,9.706767757315621,9.7327357647013688
1674,0.74064634647550776,9.6697489376322636,-0.71604290756763556,9.6697489376322636,9.6962241085031753
1675,0.74020416955223878,9.6333154949716757,-0.72113131282704668,9.6333154949716757,9.6602690333137744
1676,0.73976252028639611,9.5974246388856876,-0.72577049940675398,9.5974246388856876,9.624827401927746
1677,0.73932139773404881,9.5620366896866607,-0.72997203850835612,9.5620366896866607,9.5898594792581751
1678,0.73888080095351605,9.5271151379559882,-0.73374964469266146,9.5271151379559882,9.5553289526293526
1679,0.73844072900536029,9.492626619239612,-0.73711865950482469,9.492626619239612,9.5212028678359051
1680,0.73800118095238088,9.4585408235985931,-0.74009559476320907,9.4585408235985931,9.4874515019086676
1681,0.73756215585960727,9.424830357665126,-0.74269773720209509,9.424830357665126,9.4540481910984173
1682,0.73712365279429248,9.3914705743280749,-0.74494281300449483,9.3914705743280749,9.4209691297189355
1683,0.73668567082590608,9.3584393825853063,-0.74684870858944263,9.3584393825853063,9.3881931526276858
1684,0.7362482090261282,9.3257170475557238,-0.74843324270549427,9.3257170475557238,9.3557015113703859
1685,0.73581126646884265,9.2932859883822232,-0.74971398420846391,9.2932859883822232,9.3234776516050655
1686,0.73537484223013039,9.2611305797647994,-0.75070810971597712,9.2611305797647994,9.291506997330842
1687,0.73493893538826316,9.2292369612045952,-0.75143229546304902,9.2292369612045952,9.2597767457282636
1688,0.73450354502369664,9.1975928567004317,-0.75190263804544522,9.1975928567004317,9.22827567505038
1689,0.73406867021906452,9.1661874065649442,-0.75213459921219838,9.1661874065649442,9.1969939669221201
1690,0.73363431005917157,9.1350110122260801,-0.75214297040530598,9.1350110122260801,9.1659230436122403
1691,0.73320046363098756,9.1040551942602619,-0.75194185329494134,9.1040551942602619,9.1350554202409668
1692,0.73276713002364058,9.0733124634706783,-0.75154465307829765,9.0733124634706783,9.1043845714766967
1693,0.73233430832841107,9.0427762045198037,-0.75096408181567398,9.0427762045198037,9.0739048119983519
1694,0.73190199763872488,9.0124405714333982,-0.75021216950499214,9.0124405714333982,9.0436111898340776
1695,0.73147019705014749,8.9823003941555015,-0.74930028099868284,8.9823003941555015,9.0134993915765484
1696,0.73103890566037733,8.9523510953074101,-0.74823913720393964,8.9523510953074101,8.9835656584730028
1697,0.73060812256923979,8.9225886162546146,-0.74703883929768811,8.9225886162546146,8.9538067123618248
1698,0.7301778468786807,8.8930093516223465,-0.74570889493972681,8.8930093516223465,8.9242196904846942
1699,0.7297480776927604,8.863610091430882,-0.74425824567057042,8.863610091430882,8.8948020882515433
1700,0.72931881411764699,8.8343879700620853,-0.74269529485553276,8.8343879700620853,8.8655517090916707
1701,0.72889005526161077,8.8053404213339199,-0.74102793568018299,8.8053404213339199,8.8364666206032503
1702,0.72846180023501761,8.7764651390145261,-0.73926357881484384,8.7764651390145261,8.8075451162795293
1703,0.72803404815032291,8.747760042163808,-0.73740917946650475,8.747760042163808,8.7787856821566859
1704,0.72760679812206563,8.7192232447542999,-0.73547126360664139,8.7192232447542999,8.7501869677998787
1705,0.72718004926686208,8.6908530290717358,-0.73345595323202972,8.6908530290717358,8.7217477611002305
1706,0.72675380070339968,8.6626478224572736,-0.73136899055551829,8.6626478224572736,8.6934669664219673
1707,0.72632805155243108,8.6346061769859297,-0.72921576107249986,8.6346061769859297,8.6653435856773804
1708,0.72590280093676807,8.6067267517377068,-0.72700131546881797,8.6067267517377068,8.6373767019721264
1709,0.72547804798127558,8.579008297343119,-0.72473039036702902,8.579008297343119,8.609565465492647
1710,0.72505379181286544,8.5514496425268831,-0.72240742791946677,8.5514496425268831,8.581909081351677
1711,0.72463003156049088,8.5240496824086485,-0.72003659427513433,8.5240496824086485,8.5544067991454753
1712,0.72420676635514014,8.4968073683413579,-0.71762179695154305,8.4968073683413579,8.5270579039994754
1713,0.72378399532983062,8.4697216990978603,-0.71516670115422087,8.4697216990978603,8.4998617089108546
1714,0.72336171761960322,8.4427917132396857,-0.71267474508754969,8.4427917132396857,8.4728175482205614
1715,0.72293993236151599,8.4160164825216732,-0.71014915430577341,8.4160164825216732,8.4459247720683432
1716,0.72251863869463862,8.3893951061986378,-0.7075929551527127,8.3893951061986378,8.4191827416971652
1717,0.72209783576004649,8.3629267061274355,-0.70500898734012019,8.3629267061274355,8.3925908255013724
1718,0.72167752270081487,8.3366104225567383,-0.70239991571338267,8.3366104225567383,8.366148395712079
1719,0.72125769866201273,8.3104454105242027,-0.69976824125361659,8.3104454105242027,8.3398548256411491
1720,0.72083836279069757,8.284430836782132,-0.6971163113609733,8.284430836782132,8.3137094874064612
1721,0.72041951423590933,8.2585658771780963,-0.69444632946636986,8.2585658771780963,8.2877117500670678
1722,0.72000115214866434,8.2328497144437698,-0.69176036401207064,8.2328497144437698,8.2618609781232077
1723,0.71958327568195002,8.207281536328157,-0.689060356843604,8.207281536328157,8.2361565303196187
1724,0.71916588399071923,8.1818605340362005,-0.68634813105151493,8.1818605340362005,8.2105977587150765
1725,0.71874897623188405,8.1565859009337984,-0.68362539829814706,8.1565859009337984,8.1851840079811478
1726,0.71833255156431053,8.1314568314790741,-0.6808937656657692,8.1314568314790741,8.1599146148921324
1727,0.71791660914881295,8.106472520355041,-0.67815474205623216,8.106472520355041,8.1347889079830935
1728,0.71750114814814814,8.0816321617734701,-0.67540974417438138,8.0816321617734701,8.109806207347809
1729,0.71708616772700973,8.0569349489276902,-0.672660102121724,8.0569349489276902,8.0849658245560239
1730,0.71667166705202312,8.032380073573453,-0.66990706462856497,8.032380073573453,8.0602670626710093
1731,0.71625764529173885,8.0079667257200171,-0.66715180394763118,8.0079667257200171,8.035709216351071
1732,0.71584410161662815,7.9836940934165597,-0.66439542043339017,7.9836940934165597,8.0112915720217881
1733,0.71543103519907669,7.9595613626192723,-0.66163894682776858,7.9595613626192723,7.9870134081057431
1734,0.71501844521337943,7.9355677171268191,-0.65888335227275507,7.9355677171268191,7.9628739952989047
1735,0.71460633083573477,7.91171233857348,-0.65612954606844021,7.91171233857348,7.9388725968842593
1736,0.71419469124423962,7.8879944064743377,-0.65337838119302427,7.8879944064743377,7.9150084690782787
1737,0.71378352561888303,7.864413098307498,-0.65063065760189054,7.864413098307498,7.8912808613964565
1738,0.71337283314154198,7.8409675896348787,-0.64788712532022519,7.8409675896348787,7.8676890170405374
1739,0.71296261299597463,7.8176570542475758,-0.64514848734263297,7.8176570542475758,7.844232173294424
1740,0.71255286436781606,7.7944806643368523,-0.64241540235369698,7.7944806643368523,7.8209095619309075
1741,0.71214358644457199,7.771437590681213,-0.63968848728048444,7.771437590681213,7.7977204096205064
1742,0.71173477841561417,7.7485270028505191,-0.63696831968849987,7.7485270028505191,7.7746639383442435
1743,0.71132643947217433,7.7257480694175698,-0.63425544003198553,7.7257480694175698,7.7517393658016829
1744,0.71091856880733939,7.7030999581807116,-0.63155035376699775,7.7030999581807116,7.7289459058183931
1745,0.71051116561604577,7.6805818363907434,-0.62885353333781047,7.6805818363907434,7.7062827687469948
1746,0.71010422909507442,7.6581928709809013,-0.62616542004295117,7.6581928709809013,7.6837491618610416
1747,0.70969775844304517,7.6359322287980227,-0.62348642579137015,7.6359322287980227,7.6613442897406996
1748,0.70929175286041179,7.6137990768331605,-0.62081693475275102,7.6137990768331605,7.6390673546488177
1749,0.70888621154945675,7.5917925824533405,-0.61815730491122989,7.5917925824533405,7.616917556899816
1750,0.70848113371428567,7.5699119136260258,-0.61550786952775272,7.5699119136260258,7.5948940952134301
1751,0.70807651856082232,7.548156239143605,-0.61286893851667257,7.548156239143605,7.5729961670610324
1752,0.70767236529680355,7.5265247288420802,-0.61024079974247569,7.5265247288420802,7.5512229689992392
1753,0.70726867313177411,7.5050165538134941,-0.60762372024145539,7.5050165538134941,7.5295736969907292
1754,0.70686544127708095,7.4836308866149714,-0.60501794737299996,7.4836308866149714,7.5080475467155257
1755,0.70646266894586884,7.4623669014703253,-0.60242370990514282,7.4623669014703253,7.4866437138690998
1756,0.7060603553530751,7.4412237744646639,-0.59984121903819987,7.4412237744646639,7.4653613944480535
1757,0.70565849971542394,7.4202006837327943,-0.59727066937020967,7.4202006837327943,7.4441997850244839
1758,0.70525710125142205,7.3992968096424789,-0.59471223980815102,7.3992968096424789,7.4231580830104242
1759,0.70485615918135303,7.3785113349679747,-0.59216609442785018,7.3785113349679747,7.4022354869080482
1760,0.70445567272727272,7.357843445058311,-0.58963238328593071,7.357843445058311,7.3814311965503689
1761,0.70405564111300389,7.3372923279970017,-0.58711124318678842,7.3372923279970017,7.3607444133294022
1762,0.70365606356413157,7.3168571747571676,-0.58460279840663465,7.3168571747571676,7.3401743404159223
1763,0.70325693930799771,7.2965371793470304,-0.58210716137812302,7.2965371793470304,7.3197201829660958
1764,0.70285826757369607,7.2763315389498366,-0.57962443333734659,7.2763315389498366,7.2993811483192017
1765,0.70246004759206793,7.2562394540569173,-0.57715470493525478,7.2562394540569173,7.2791564461853078
1766,0.70206227859569648,7.2362601285938055,-0.57469805681616126,7.2362601285938055,7.2590452888230903
1767,0.70166495981890209,7.2163927700393771,-0.57225456016474108,7.2163927700393771,7.2390468912078427
1768,0.70126809049773753,7.1966365895397963,-0.56982427722357798,7.1966365895397963,7.2191604711916719
1769,0.70087166986998295,7.1769908020143092,-0.56740726178300505,7.1769908020143092,7.1993852496530621
1770,0.70047569717514124,7.1574546262569605,-0.56500355964466187,7.1574546262569605,7.1797204506400041
1771,0.70008017165443248,7.138027285031054,-0.56261320906036771,7.138027285031054,7.1601653015036604
1772,0.69968509255079003,7.1187080051581049,-0.5602362411478099,7.1187080051581049,7.1407190330244399
1773,0.69929045910885501,7.0994960176011759,-0.55787268028423309,7.0994960176011759,7.1213808795304905
1774,0.69889627057497172,7.0803905575432609,-0.55552254447921268,7.0803905575432609,7.102150079009343
1775,0.698502526197183,7.0613908644602876,-0.5531858457281349,7.0613908644602876,7.0830258732124625
1776,0.69810922522522523,7.0424961821879748,-0.55086259034702789,7.0424961821879748,7.0640075077519588
1777,0.6977163669105233,7.0237057589859511,-0.54855277928993051,7.0237057589859511,7.0450942321930032
1778,0.69732395050618667,7.0050188475955011,-0.54625640844986711,7.0050188475955011,7.0262853001383849
1779,0.6969319752670039,6.9864347052927744,-0.54397346894414222,6.9864347052927744,7.0075799693071259
1780,0.69654044044943819,6.9679525939388061,-0.54170394738502159,6.9679525939388061,6.9889775016085904
1781,0.69614934531162265,6.9495717800248737,-0.53944782613617237,6.9495717800248737,6.9704771632106466
1782,0.6957586891133557,6.9312915347133863,-0.5372050835563944,6.9312915347133863,6.9520782246022153
1783,0.69536847111609645,6.9131111338747449,-0.5349756942303856,6.9131111338747449,6.9337799606506305
1784,0.69497869058295958,6.8950298581224363,-0.5327596291882648,6.8950298581224363,6.9155816506562005
1785,0.69458934677871143,6.8770469928416862,-0.5305568561131575,6.8770469928416862,6.8974825783992779
1786,0.6942004389697648,6.8591618282172497,-0.52836733953906712,6.8591618282172497,6.8794820321855763
1787,0.69381196642417453,6.8413736592567247,-0.52619104103799352,6.8413736592567247,6.8615793048860407
1788,0.69342392841163303,6.8236817858108711,-0.52402791939804216,6.8236817858108711,6.8437736939729152
1789,0.69303632420346561,6.8060855125906894,-0.52187793079224765,6.8060855125906894,6.8260645015517447
1790,0.69264915307262565,6.7885841491833645,-0.51974102893914398,6.7885841491833645,6.8084510343914744
1791,0.69226241429369062,6.7711770100631412,-0.51761716525494461,6.7711770100631412,6.7909326039487521
1792,0.69187610714285708,6.7538634146009944,-0.51550628899821183,6.7538634146009944,6.7735085263903301
1793,0.69149023089793638,6.7366426870718641,-0.51340834740740537,6.7366426870718641,6.7561781226124014
1794,0.69110478483835003,6.719514156659141,-0.51132328583117581,6.719514156659141,6.7389407182565275
1795,0.69071976824512527,6.7024771574568884,-0.50925104785255981,6.7024771574568884,6.7217956437227615
1796,0.69033518040089081,6.6855310284705975,-0.50719157540654747,6.6855310284705975,6.7047422341807064
1797,0.68995102058987201,6.6686751136148885,-0.50514480889195235,6.6686751136148885,6.6877798295770052
1798,0.68956728809788648,6.6519087617104535,-0.50311068727783059,6.6519087617104535,6.6709077746415799
1799,0.68918398221234012,6.6352313264779621,-0.50108914820428962,6.6352313264779621,6.6541254188903443
1800,0.68880110222222213,6.6186421665316981,-0.49908012807837721,6.6186421665316981,6.6374321166271937
1801,0.68841864741810099,6.602140645369829,-0.49708356216531646,6.602140645369829,6.6208272269422119
1802,0.68803661709211983,6.5857261313648667,-0.49509938467496384,6.5857261313648667,6.6043101137096514
1803,0.68765501053799216,6.5693979977512296,-0.49312752884404354,6.5693979977512296,6.5878801455826208
1804,0.68727382705099771,6.5531556226125343,-0.49116792701423195,6.5531556226125343,6.5715366959871515
1805,0.68689306592797783,6.536998388866273,-0.48922051070649575,6.536998388866273,6.5552791431132951
1806,0.68651272646733108,6.5209256842488639,-0.48728521069139807,6.5209256842488639,6.5391068699062469
1807,0.68613280796900933,6.5049369012984801,-0.48536195705612761,6.5049369012984801,6.5230192640549527
1808,0.68575330973451321,6.4890314373362088,-0.48345067926812169,6.4890314373362088,6.5070157179787449
1809,0.68537423106688777,6.4732086944480702,-0.48155130623531828,6.4732086944480702,6.4910956288145245
1810,0.6849955712707182,6.4574680794642898,-0.47966376636366692,6.4574680794642898,6.4752583984009782
1811,0.68461732965212585,6.4418090039376832,-0.47778798761138641,6.4418090039376832,6.4595034332615962
1812,0.68423950551876378,6.4262308841233171,-0.47592389754084263,6.4262308841233171,6.4438301445887616
1813,0.68386209817981247,6.4107331409540862,-0.47407142336745389,6.4107331409540862,6.4282379482235008
1814,0.68348510694597564,6.3953152000183451,-0.47223049200638001,6.3953152000183451,6.4127262646370822
1815,0.68310853112947656,6.3799764915352366,-0.47040103011660572,6.3799764915352366,6.397294518910086
1816,0.68273237004405285,6.3647164503297411,-0.46858296414298506,6.3647164503297411,6.3819421407110104
1817,0.68235662300495314,6.3495345158074965,-0.46677622035593314,6.3495345158074965,6.3666685642744518
1818,0.68198128932893287,6.3344301319284924,-0.46498072488914377,6.3344301319284924,6.3514732283779685
1819,0.68160636833424959,6.3194027471799572,-0.46319640377546611,6.3194027471799572,6.3363555763179917
1820,0.68123185934065933,6.3044518145505428,-0.46142318298069118,6.3044518145505428,6.3213150558868412
1821,0.68085776166941236,6.289576791501057,-0.45966098843574543,6.289576791501057,6.3063511193461519
1822,0.68048407464324911,6.2747771399376244,-0.45790974606713997,6.2747771399376244,6.2914632234025705
1823,0.68011079758639603,6.2600523261826932,-0.45616938182581235,6.2600523261826932,6.2766508291811718
1824,0.67973792982456138,6.2454018209466629,-0.45443982171438924,6.2454018209466629,6.2619134021993395
1825,0.67936547068493147,6.230825099298043,-0.45272099181308123,6.230825099298043,6.2472504123390706
1826,0.67899341949616643,6.2163216406351474,-0.4510128183041282,6.2163216406351474,6.2326613338206878
1827,0.6786217755883962,6.201890928654608,-0.44931522749482267,6.201890928654608,6.2181456451732497
1828,0.67825053829321658,6.1875324513234755,-0.44762814583960409,6.1875324513234755,6.2037028292084475
1829,0.67787970694368505,6.1732457008475592,-0.4459514999604548,6.1732457008475592,6.1893323729906324
1830,0.67750928087431694,6.1590301736415665,-0.44428521666654652,6.1590301736415665,6.1750337678085385
1831,0.67713925942108133,6.1448853702985868,-0.44262922297264962,6.1448853702985868,6.1608065091462647
1832,0.67676964192139732,6.1308107955594231,-0.44098344611646789,6.1308107955594231,6.1466500966540076
1833,0.67640042771412978,6.1168059582809438,-0.43934781357496533,6.1168059582809438,6.1325640341177321
1834,0.67603161613958551,6.1028703714070218,-0.43772225307992407,6.1028703714070218,6.1185478294313462
1835,0.67566320653950951,6.089003551935285,-0.43610669263235446,6.089003551935285,6.1046009945646116
1836,0.67529519825708051,6.0752050208872728,-0.4345010605161328,6.0752050208872728,6.0907230455343786
1837,0.67492759063690799,6.0614743032768299,-0.43290528531094985,6.0614743032768299,6.076913502374004
1838,0.67456038302502719,6.0478109280794428,-0.4313192959042893,6.0478109280794428,6.0631718891036321
1839,0.67419357476889608,6.0342144282005101,-0.42974302150269394,6.0342144282005101,6.0494977336993427
1840,0.67382716521739128,6.0206843404437134,-0.4281763916424427,6.0206843404437134,6.0358905680623547
1841,0.67346115372080384,6.0072202054805981,-0.42661933619941628,6.0072202054805981,6.0223499279893709
1842,0.67309553963083602,5.9938215678192801,-0.42507178539839752,5.9938215678192801,6.0088753531419963
1843,0.67273032230059682,5.9804879757721743,-0.42353366982168095,5.9804879757721743,5.9954663870151235
1844,0.67236550108459869,5.9672189814263525,-0.42200492041712334,5.9672189814263525,5.9821225769079005
1845,0.67200107533875331,5.9540141406112124,-0.42048546850572222,5.9540141406112124,5.9688434738919689
1846,0.67163704442036831,5.9408730128682627,-0.41897524578851697,5.9408730128682627,5.9556286327817629
1847,0.67127340768814292,5.9277951614196311,-0.41747418435306283,5.9277951614196311,5.9424776121034943
1848,0.67091016450216445,5.9147801531374231,-0.41598221667939073,5.9147801531374231,5.9293899740649421
1849,0.67054731422390479,5.9018275585131867,-0.41449927564558509,5.9018275585131867,5.916365284525325
1850,0.67018485621621615,5.8889369516263148,-0.41302529453272296,5.8889369516263148,5.9034031129640532
