wavelength_nm,k_per_nm,k_fraction_pi_over_a,Re_cumulative,Im_cumulative,Re_shell_ending_here,Im_shell_ending_here
540,0,0,0,0,0,0
540,0.0018523814641067001,0.00033333333333318132,1.4396928922676263e-05,1.3655726323348966e-07,1.4396928922676263e-05,1.3655726323348966e-07
540,0.0037047629282133,0.00066666666666634453,5.7587853000087139e-05,5.4623129666690385e-07,4.3190924077410875e-05,4.0967403343341417e-07
540,0.0055571443923200002,0.00099999999999952601,0.00012957318454615048,1.2290288377275999e-06,7.1985331546063345e-05,6.8279754106069597e-07
540,0.0074095258564266997,0.0013333333333327071,0.00023035361183776457,2.1849611330248238e-06,0.00010078042729161407,9.5593229529722383e-07
540,0.0092619073205332993,0.0016666666666658705,0.00035993010054320078,3.4140439614443712e-06,0.00012957648870543618,1.2290828284195475e-06
540,0.01111428878464,0.001999999999999052,0.00051830389571241484,4.9162976663309396e-06,0.00015837379516921407,1.5022537048865684e-06
540,0.012966670248747,0.0023333333333322871,0.00070547652431984114,6.6917471966086376e-06,0.00018717262860742633,1.7754495302776979e-06
540,0.014819051712853,0.0026666666666653425,0.00092144979834780363,8.7404221566519948e-06,0.00021597327402796251,2.0486749600433573e-06
540,0.016671433176960002,0.002999999999998578,0.0011662258183971039,1.1062356864688052e-05,0.00024477602004930037,2.3219347080360564e-06
540,0.018523814641067001,0.0033333333333318135,0.0014398069778064305,1.3657590419450826e-05,0.00027358115940932651,2.595233554762774e-06
540,0.020376196105173001,0.0036666666666648686,0.0017421959724645663,1.6526166858461822e-05,0.00030238899465813576,2.8685764390109955e-06
540,0.022228577569280001,0.003999999999998104,0.0020733958022665952,1.9668135181974544e-05,0.00033119982980202897,3.141968323512721e-06
540,0.024080959033387001,0.0043333333333313391,0.0024334097709269174,2.3083549350567029e-05,0.00036001396866032237,3.4154141685924844e-06
540,0.025933340497493001,0.0046666666666643946,0.002822241495567198,2.6772468440027515e-05,0.00038883172464028069,3.6889190894604853e-06
540,0.0277857219616,0.0049999999999976296,0.003239894913597224,3.0734956752780172e-05,0.00041765341803002583,3.9624883127526571e-06
540,0.029638103425707,0.0053333333333308646,0.0036863742894497308,3.4971083927063197e-05,0.00044647937585250678,4.236127174283023e-06
540,0.031490484889813,0.0056666666666639201,0.0041616842216668989,3.948092505184572e-05,0.00047530993221716852,4.5098411247825213e-06
540,0.033342866353920003,0.005999999999997156,0.0046658296503101025,4.4264560787042984e-05,0.00050414542864320384,4.7836357351972663e-06
540,0.035195247818026999,0.0063333333333303902,0.0051988158646630589,4.9322077488573941e-05,0.00053298621435295655,5.0575167015309573e-06
540,0.037047629282133003,0.0066666666666634466,0.0057606485112063127,5.4653567337882518e-05,0.000561832646543254,5.3314898493085805e-06
540,0.038900010746239999,0.0069999999999966808,0.00635133360183383,6.0259128475472984e-05,0.00059068509062751762,5.6055611375904651e-06
540,0.040752392210347002,0.0073333333333299175,0.0069708775222821545,6.6138865138011275e-05,0.00061954392044832418,5.8797366625382954e-06
540,0.042604773674452999,0.0076666666666629713,0.0076192870407516371,7.2292887798634933e-05,0.00064840951846948281,6.1540226606236546e-06
540,0.044457155138560002,0.0079999999999962081,0.0082965693166920217,7.8721313310048526e-05,0.00067728227594038477,6.4284255114135876e-06
540,0.046309536602666998,0.0083333333333294422,0.0090027319097242941,8.5424265049984308e-05,0.00070616259303227257,6.7029517399357838e-06
540,0.048161918066773002,0.0086666666666624995,0.0097377827886818268,9.2401873068721172e-05,0.00073505087895753263,6.9776080187368704e-06
540,0.050014299530879998,0.0089999999999957336,0.010501730340745205,9.9654274238276868e-05,0.00076394755206337826,7.2524011695557016e-06
540,0.051866680994987001,0.0093333333333289695,0.011294583380645856,0.00010718161240290676,0.00079285303990065032,7.5273381646298993e-06
540,0.053719062459092998,0.0096666666666620233,0.01211635115992585,0.00011498403853066807,0.00082176777927999453,7.8024261277613044e-06
540,0.055571443923200001,0.0099999999999952592,0.012967043376231622,0.00012306171086572012,0.00085069221630577169,8.0776723350520568e-06
540,0.057423825387306997,0.010333333333328493,0.013846670182619963,0.00013141479508105056,0.00087962680638834097,8.3530842153304315e-06
540,0.059276206851413001,0.010666666666661551,0.01475524219686891,0.00014004346443146352,0.0009085720142489466,8.628669350412971e-06
540,0.061128588315519997,0.010999999999994787,0.015692770510774921,0.00014894789990656403,0.00093752831390601032,8.9044354751005088e-06
540,0.062980969779627,0.011333333333328021,0.01665926669941873,0.00015812829038349411,0.00096649618864381027,9.1803904769300718e-06
540,0.064833351243733003,0.011666666666661078,0.017654742830397085,0.00016758483277932681,0.00099547613097835698,9.4565423958326975e-06
540,0.066685732707840006,0.011999999999994312,0.01867921147300583,0.00017731773220291917,0.0010244686426087439,9.7328994235923646e-06
540,0.068538114171946996,0.012333333333327546,0.019732685707360333,0.00018732720210604177,0.0010534742343545019,1.0009469903122612e-05
540,0.070390495636052999,0.012666666666660602,0.02081517913345516,0.00019761346443375951,0.0010824934260948282,1.0286262327717726e-05
540,0.072242877100160002,0.012999999999993838,0.021926705880152352,0.00020817674977393155,0.0011115267466971911,1.0563285340172048e-05
540,0.074095258564267005,0.013333333333327074,0.023067280614087523,0.0002190172975057018,0.0011405747339351708,1.084054773177026e-05
540,0.075947640028372995,0.013666666666660127,0.024236918548499624,0.00023013535594701282,0.0011696379344121001,1.1118058441311029e-05
540,0.077800021492479998,0.013999999999993362,0.02543563545197744,0.00024153118250107303,0.001198716903477815,1.1395826554060202e-05
540,0.079652402956587001,0.014333333333326599,0.026663447657113901,0.00025320504380168206,0.0012278122051364616,1.1673861300609023e-05
540,0.081504784420693005,0.014666666666659655,0.027920372069079262,0.00026515721585752486,0.0012569244119653609,1.1952172055842811e-05
540,0.083357165884799994,0.014999999999992887,0.029206426174107576,0.00027738798419538988,0.0012860541050283129,1.2230768337865007e-05
540,0.085209547348906997,0.015333333333326125,0.030521628047889885,0.0002898976440022549,0.0013152018737823074,1.2509659806865001e-05
540,0.087061928813013001,0.015666666666659182,0.03186599636388935,0.00030268650026641557,0.0013443683159994652,1.2788856264160682e-05
540,0.088914310277120004,0.015999999999992416,0.033239550401573045,0.00031575486791761675,0.0013735540376836985,1.3068367651201205e-05
540,0.090766691741227007,0.01633333333332565,0.034642310054556744,0.00032910307196618201,0.0014027596529836966,1.3348204048565238e-05
540,0.092619073205332997,0.016666666666658704,0.036074295838680326,0.00034273144764134856,0.0014319857841235816,1.3628375675166579e-05
540,0.09447145466944,0.016999999999991942,0.03753552890000976,0.00035664034052879063,0.001461233061329435,1.3908892887442073e-05
540,0.096323836133547003,0.017333333333325176,0.039026031022763051,0.00037083010670734749,0.0014905021227532885,1.4189766178556879e-05
540,0.098176217597653007,0.017666666666658233,0.040545824637179206,0.00038530111288517999,0.0015197936144161575,1.447100617783251e-05
540,0.10002859906176,0.017999999999991467,0.042094932827328325,0.000400053736535377,0.0015491081901491211,1.4752623650196989e-05
540,0.10188098052587,0.018333333333325243,0.0436733793388627,0.00041508836603105375,0.0015784465115343739,1.5034629495676734e-05
540,0.10373336198997,0.018666666666657217,0.045281188586708279,0.00043040540077998068,0.0016078092478455802,1.5317034748926944e-05
540,0.10558574345408001,0.018999999999990993,0.04691838566276868,0.00044600525135948186,0.0016371970760603995,1.5599850579501205e-05
540,0.10743812491819001,0.019333333333324768,0.04858499634349623,0.00046188833965026319,0.0016666106807275529,1.5883088290781333e-05
540,0.10929050638229,0.019666666666656743,0.050281047097511328,0.00047805509897094138,0.0016960507540151014,1.616675932067816e-05
540,0.1111428878464,0.019999999999990518,0.052006565093200084,0.00049450597421266259,0.0017255179956887534,1.6450875241721221e-05
540,0.11299526931051,0.020333333333324294,0.053761578189074101,0.00051124142169583489,0.0017550130958740155,1.6735447483172321e-05
540,0.11484765077461,0.020666666666656269,0.055546114922357163,0.00052826190899784556,0.0017845367332830647,1.702048730201069e-05
540,0.11670003223872,0.020999999999990044,0.057360204567984102,0.00054556791592062597,0.0018140896456269391,1.7306006922780423e-05
540,0.11855241370283,0.021333333333323819,0.059203877165046978,0.0005631599349329797,0.0018436725970628761,1.7592019012353714e-05
540,0.12040479516693001,0.021666666666655794,0.061077163490053127,0.0005810384707521588,0.0018732863250061499,1.7878535819179089e-05
540,0.12225717663103999,0.021999999999989573,0.06298009506450318,0.00059920404048111877,0.0019029315744500583,1.8165569728960003e-05
540,0.12410955809514999,0.022333333333323345,0.064912704162395321,0.00061765717374572134,0.0019326090978921424,1.8453133264602533e-05
540,0.12596193955925,0.022666666666655323,0.066875023817841647,0.00063639841283369847,0.0019623196554463245,1.8741239087977117e-05
540,0.12781432102335999,0.022999999999989095,0.068867087832715002,0.00065542831283464729,0.0019920640148733547,1.9029900000948808e-05
540,0.12966670248747,0.023333333333322871,0.070888930784234319,0.00067474744178023529,0.0020218429515193237,1.9319128945588022e-05
540,0.13151908395157,0.023666666666654849,0.072940588032681122,0.0006943563807864843,0.0020516572484468036,1.9608939006248956e-05
540,0.13337146541568001,0.023999999999988624,0.075022095729162824,0.00071425572419738566,0.002081507696481708,1.9899343410901421e-05
540,0.13522384687979,0.024333333333322396,0.077133490823322659,0.00073444607972892716,0.0021113950941598356,2.0190355531541492e-05
540,0.13707622834388999,0.024666666666654371,0.079274811071200005,0.00075492806861551722,0.0021413202478773492,2.0481988886590055e-05
540,0.13892860980800001,0.024999999999988146,0.081446095043148828,0.00077570232575796755,0.0021712839719488183,2.0774257142450373e-05
540,0.14078099127211,0.025333333333321925,0.083647382131710135,0.0007967694998720756,0.0022012870885613064,2.1067174114108002e-05
540,0.14263337273620999,0.0256666666666539,0.085878712559650613,0.00081813025363987346,0.0022313304279404813,2.1360753767797869e-05
540,0.14448575420032,0.025999999999987675,0.088140127388067743,0.00083978526386261645,0.002261414828417129,2.1655010222742942e-05
540,0.14633813566442999,0.026333333333321447,0.090431668524453585,0.0008617352216145174,0.0022915411363858473,2.194995775190095e-05
540,0.14819051712853001,0.026666666666653425,0.092753378730935795,0.00088398083239934555,0.0023217102064822066,2.2245610784828155e-05
540,0.15004289859264,0.026999999999987201,0.095105301632591219,0.00090652281630891141,0.0023519229016554172,2.2541983909565817e-05
540,0.15189528005674999,0.027333333333320973,0.097487481725718361,0.00092936190818237237,0.0023821800931271408,2.2839091873460966e-05
540,0.15374766152085001,0.027666666666652951,0.099899964386293658,0.00095249885776853543,0.0024124826605752964,2.3136949586163082e-05
540,0.15560004298496,0.027999999999986723,0.10234279587850301,0.00097593442989013469,0.0024428314922093496,2.3435572121599304e-05
540,0.15745242444907001,0.028333333333320505,0.10481602336322712,0.0009996694046089283,0.0024732274847241156,2.3734974718793641e-05
540,0.15930480591317001,0.02866666666665248,0.10731969490671375,0.0010237045773938659,0.0025036715434866353,2.4035172784937606e-05
540,0.16115718737727999,0.028999999999986252,0.10985385948932208,0.0010480407592912289,0.0025341645826083311,2.4336181897363002e-05
540,0.16300956884139001,0.029333333333320027,0.11241856701421044,0.0010726787770955065,0.0025647075248883592,2.4638017804277624e-05
540,0.16486195030549,0.029666666666652002,0.11501386831620911,0.0010976194735233342,0.0025953013019986643,2.4940696427827684e-05
540,0.16671433176959999,0.029999999999985774,0.11763981517075708,0.0011228637073893277,0.0026259468545479715,2.5244233865993371e-05
540,0.16856671323371,0.030333333333319557,0.1202964603027666,0.0011484123537824811,0.0026566451320095192,2.5548646393153487e-05
540,0.17041909469781,0.030666666666651528,0.12298385739566438,0.00117426630424552,0.0026873970928977761,2.5853950463038943e-05
540,0.17227147616192001,0.030999999999985307,0.12570206110048254,0.0012004264669559712,0.0027182037048181689,2.6160162710451212e-05
540,0.17412385762603,0.031333333333319079,0.12845112704485573,0.001226893766907532,0.0027490659443731892,2.6467299951560838e-05
540,0.17597623909012999,0.03166666666665105,0.13123111184218178,0.0012536691460942031,0.0027799847973260434,2.6775379186671168e-05
540,0.17782862055424001,0.031999999999984832,0.13404207310080943,0.0012807535636958306,0.0028109612586276447,2.7084417601627463e-05
540,0.17968100201834999,0.032333333333318608,0.13688406943310669,0.0013081479962636113,0.0028419963322972538,2.7394432567780673e-05
540,0.18153338348244999,0.032666666666650579,0.13975716046467168,0.0013358534379080457,0.0028730910315650049,2.7705441644434443e-05
540,0.18338576494656,0.032999999999984354,0.14266140684354359,0.0013638709004879146,0.0029042463788719066,2.8017462579869018e-05
540,0.18523814641066999,0.03333333333331813,0.1455968702492608,0.0013922014137987587,0.0029354634057171978,2.8330513310844095e-05
540,0.18709052787477001,0.033666666666650108,0.14856361340203483,0.0014208460257633909,0.002966743152774033,2.8644611964632075e-05
540,0.18894290933888,0.033999999999983883,0.15156170007189151,0.0014498058026229509,0.0029980866698566706,2.895977685956001e-05
540,0.19079529080298999,0.034333333333317652,0.15459119508762054,0.0014790818291269044,0.0030294950157290159,2.9276026503953467e-05
540,0.19264767226709001,0.03466666666664963,0.15765216434580831,0.0015086752087245696,0.0030609692581877821,2.9593379597665177e-05
540,0.1945000537312,0.034999999999983412,0.16074467481980062,0.0015385870637566188,0.0030925104739923152,2.9911855032049102e-05
540,0.19635243519531001,0.035333333333317188,0.16386879456842868,0.0015688185356448614,0.0031241197486280474,3.0231471888242704e-05
540,0.19820481665941,0.035666666666649159,0.16702459274478249,0.0015993707850829877,0.0031557981763538057,3.0552249438126277e-05
540,0.20005719812351999,0.035999999999982935,0.1702121396048723,0.0016302449922266365,0.0031875468600898122,3.0874207143648828e-05
540,0.20190957958763001,0.03633333333331671,0.17343150651600403,0.0016614423568810121,0.003219366911131733,3.1197364654375549e-05
540,0.20376196105173,0.036666666666648688,0.176682765965164,0.0016929640986888387,0.0032512594491599573,3.1521741807826617e-05
540,0.20561434251583999,0.036999999999982457,0.17996599156724563,0.0017248114573169238,0.0032832256020816435,3.1847358628085055e-05
540,0.20746672397995,0.037333333333316232,0.1832812580729403,0.0017569856926395056,0.0033152665056946726,3.2174235322581775e-05
540,0.20931910544405,0.03766666666664821,0.18662864137659607,0.0017894880849212626,0.0033473833036557696,3.2502392281756986e-05
540,0.21117148690816001,0.037999999999981986,0.1900082185238724,0.0018223199349981954,0.0033795771472763265,3.2831850076932665e-05
540,0.21302386837227,0.038333333333315761,0.19342006771900827,0.0018554825644545143,0.0034118491951358708,3.3162629456318949e-05
540,0.21487624983636999,0.038666666666647739,0.19686426833201709,0.0018889773157984918,0.0034442006130088222,3.3494751343977419e-05
540,0.21672863130048001,0.038999999999981515,0.20034090090563184,0.0019228055526354548,0.0034766325736147585,3.3828236836963088e-05
540,0.21858101276458999,0.039333333333315283,0.20385004716181582,0.0019569686598360299,0.0035091462561839927,3.4163107200574939e-05
540,0.22043339422868999,0.039666666666647261,0.20739179000815944,0.0019914680437026554,0.0035417428463436216,3.4499383866625264e-05
540,0.2222857756928,0.039999999999981037,0.21096621354398387,0.002026305132132521,0.003574423535824441,3.4837088429865873e-05
540,0.22413815715690999,0.040333333333314805,0.21457340306596395,0.0020614813747750174,0.0036071895219800774,3.5176242642496587e-05
540,0.22599053862101001,0.040666666666646797,0.21821344507360221,0.0020969982431868384,0.0036400420076382702,3.5516868411821074e-05
540,0.22784292008512,0.040999999999980566,0.22188642727437016,0.0021328572309828411,0.0036729822007679621,3.5858987796002825e-05
540,0.22969530154923001,0.041333333333314341,0.22559243858832709,0.0021690598539807321,0.003706011313956922,3.6202622997891221e-05
540,0.23154768301333001,0.04166666666664632,0.22933156915255654,0.0022056076503428096,0.0037391305642294446,3.6547796362077405e-05
540,0.23340006447743999,0.041999999999980088,0.23310391032523747,0.0022425021807128808,0.0037723411726809249,3.6894530370071045e-05
540,0.23525244594155001,0.04233333333331387,0.23690955468915409,0.0022797450283463679,0.003805644363916616,3.7242847633487034e-05
540,0.23710482740565,0.042666666666645842,0.24074859605499863,0.0023173377992369822,0.0038390413658445414,3.7592770890614427e-05
540,0.23895720886975999,0.04299999999997961,0.24462112946428002,0.0023552821222380563,0.0038725334092813983,3.7944323001074266e-05
540,0.24080959033387001,0.043333333333313392,0.24852725119163904,0.0023935796491765054,0.0039061217273590292,3.8297526938449169e-05
540,0.24266197179797,0.043666666666645364,0.25246705874693598,0.0024322320549629321,0.00393980755529691,3.8652405786426781e-05
540,0.24451435326207999,0.043999999999979146,0.25644065087692069,0.0024712410376959409,0.0039735921299847363,3.9008982733008682e-05
540,0.24636673472619,0.044333333333312915,0.26044812756628433,0.0025106083187586233,0.0040074766893636316,3.9367281062682518e-05
540,0.24821911619029,0.044666666666644893,0.2644895900384705,0.002550335642910879,0.0040414624721861591,3.9727324152255623e-05
540,0.25007149765440001,0.044999999999978668,0.26856514075605253,0.0025904247783755836,0.0040755507175820084,4.0089135464704689e-05
540,0.25192387911851,0.045333333333312437,0.2726748834204718,0.0026308775169165488,0.0041097426644192874,4.0452738540965375e-05
540,0.25377626058260999,0.045666666666644415,0.27681892297153099,0.0026716956739121019,0.0041440395510591917,4.0818156995552898e-05
540,0.25562864204671998,0.04599999999997819,0.2809973655864435,0.0027128810884222768,0.0041784426149125307,4.1185414510174753e-05
540,0.25748102351083002,0.046333333333311966,0.2852103186782371,0.0027544356232475958,0.0042129530917936042,4.1554534825319091e-05
540,0.25933340497493002,0.046666666666643951,0.28945789089391016,0.0027963611649833194,0.0042475722156730625,4.1925541735723652e-05
540,0.26118578643904,0.046999999999977719,0.29374019211214891,0.00283865962406726,0.0042823012182387635,4.2298459083940534e-05
540,0.26303816790314999,0.047333333333311495,0.29805733344039653,0.002881332934819081,0.0043171413282476062,4.2673310751820959e-05
540,0.26489054936724998,0.047666666666643473,0.30240942721168979,0.0029243830554751592,0.0043520937712932407,4.3050120656078285e-05
540,0.26674293083136003,0.047999999999977248,0.30679658698107015,0.0029678119682171262,0.0043871597693803518,4.3428912741967061e-05
540,0.26859531229547001,0.048333333333311024,0.31121892752135805,0.0030116216791919899,0.0044223405402878772,4.3809710974863611e-05
540,0.27044769375957001,0.048666666666643002,0.31567656481872475,0.0030558142185281609,0.0044576372973666994,4.4192539336171108e-05
540,0.27230007522367999,0.04899999999997677,0.3201696160678647,0.0031003916403454781,0.0044930512491399332,4.4577421817317177e-05
540,0.27415245668778998,0.049333333333310546,0.32469819966656027,0.0031453560227572,0.0045285835986955437,4.4964382411721652e-05
540,0.27600483815188998,0.049666666666642517,0.32926243521008858,0.0031907094678684943,0.0045642355435283003,4.5353445111294473e-05
540,0.27785721961600002,0.049999999999976293,0.33386244348527411,0.0032364541017695526,0.0046000082751855402,4.5744633901058355e-05
540,0.27970960108011,0.050333333333310075,0.33849834646397919,0.0032825920745213413,0.00463590297870509,4.6137972751788695e-05
540,0.28156198254421,0.050666666666642046,0.3431702672965013,0.0033291255601387761,0.0046719208325221254,4.6533485617434926e-05
540,0.28341436400831999,0.050999999999975822,0.34787833030467857,0.003376056756569453,0.0047080630081772499,4.6931196430676827e-05
540,0.28526674547242997,0.05133333333330959,0.35262266097449935,0.0034233878856660335,0.0047443306698207654,4.733112909658047e-05
540,0.28711912693653002,0.051666666666641575,0.3574033859486988,0.0034711211931572595,0.0047807249741994321,4.7733307491226056e-05
540,0.28897150840064001,0.051999999999975351,0.36222063301914481,0.0035192589486157792,0.0048172470704460164,4.8137755458519794e-05
540,0.29082388986475,0.052333333333309119,0.36707453111881294,0.0035678034454209731,0.0048538980996681112,4.8544496805193916e-05
540,0.29267627132884999,0.052666666666641097,0.37196521031384472,0.0036167570007219212,0.0048906791950318008,4.895355530094801e-05
540,0.29452865279295998,0.052999999999974873,0.376892801795494,0.0036661219553987346,0.0049275914816492754,4.9364954676813186e-05
540,0.29638103425707002,0.053333333333308655,0.38185743787175497,0.0037159006740204196,0.0049646360762609625,4.9778718621685037e-05
540,0.29823341572117001,0.053666666666640633,0.38685925195918414,0.0037660955448046316,0.005001814087429164,5.0194870784212221e-05
540,0.30008579718528,0.053999999999974402,0.39189837857472104,0.0038167089795776037,0.005039126615536931,5.0613434772972119e-05
540,0.30193817864938999,0.054333333333308177,0.39697495332729088,0.0038677434137322788,0.0050765747525698445,5.1034434154675196e-05
540,0.30379056011348998,0.054666666666640149,0.40208911290971699,0.0039192013061902196,0.0051141595824261169,5.1457892457941091e-05
540,0.30564294157760002,0.054999999999973938,0.40724099509074174,0.0039710851393655235,0.0051518821810247481,5.1883833175304144e-05
540,0.30749532304171001,0.055333333333307706,0.41243073870693442,0.0040233974191287341,0.005189743616192696,5.2312279763210336e-05
540,0.30934770450581001,0.055666666666639678,0.41765848365502412,0.0040761406747764298,0.0052277449480897216,5.2743255647695755e-05
540,0.31120008596991999,0.055999999999973446,0.42292437088444484,0.0041293174590046047,0.0052658872294207362,5.3176784228174974e-05
540,0.31305246743402998,0.056333333333307221,0.42822854238986413,0.0041829303478837163,0.0053041715054193026,5.3612888879111911e-05
540,0.31490484889812997,0.0566666666666392,0.43357114120424173,0.0042369819408412113,0.0053425988143775823,5.4051592957495125e-05
540,0.31675723036224002,0.056999999999972982,0.43895231139219604,0.0042914748606494944,0.005381170187954306,5.4492919808282687e-05
540,0.31860961182635,0.05733333333330675,0.44437219804343919,0.0043464117534171096,0.0054198866512431814,5.4936892767614952e-05
540,0.32046199329045,0.057666666666638729,0.44983094726682943,0.0044017952885889097,0.0054587492233902557,5.538353517179993e-05
540,0.32231437475455998,0.057999999999972504,0.4553287061848067,0.0044576281589530416,0.0054977589179772647,5.5832870364131797e-05
540,0.32416675621867003,0.058333333333306286,0.46086562292796823,0.0045139130806524739,0.0055369167431615542,5.6284921699431891e-05
540,0.32601913768277002,0.058666666666638265,0.46644184663032845,0.0045706527932067326,0.0055762237023601977,5.6739712554258795e-05
540,0.32787151914688001,0.058999999999972033,0.47205752742502194,0.0046278500595415715,0.0056156807946934903,5.7197266334839228e-05
540,0.32972390061099,0.059333333333305809,0.47771281644018831,0.0046855076660240582,0.005655289015166402,5.7657606482486336e-05
540,0.33157628207508999,0.059666666666637773,0.4834078657955958,0.0047436284225088879,0.0056950493554074801,5.8120756484829557e-05
540,0.33342866353919998,0.059999999999971548,0.4891428285997404,0.0048022151623933326,0.005734962804144577,5.8586739884444461e-05
540,0.33528104500331002,0.060333333333305338,0.49491785894715484,0.0048612707426782462,0.0057750303474144544,5.9055580284913629e-05
540,0.33713342646741001,0.060666666666637309,0.50073311191648417,0.0049207980440409043,0.0058152529693292834,5.952730136265794e-05
540,0.33898580793152,0.060999999999971077,0.5065887435690577,0.0049807999709169755,0.0058556316525735178,6.0001926876071131e-05
540,0.34083818939562999,0.061333333333304853,0.51248491094767368,0.0050412794515888029,0.0058961673786159536,6.0479480671827117e-05
540,0.34269057085972998,0.061666666666636831,0.51842177207616125,0.0051022394382858275,0.0059368611284875234,6.0959986697024816e-05
540,0.34454295232384002,0.061999999999970613,0.52439948595944319,0.0051636829072943969,0.0059777138832819389,6.1443469008569464e-05
540,0.34639533378795001,0.062333333333304382,0.53041821258379851,0.0052256128590738599,0.0060187266243553203,6.1929951779462992e-05
540,0.34824771525205001,0.062666666666636367,0.53647811291790426,0.0052880323183849779,0.0060599003341057864,6.2419459311117853e-05
540,0.35010009671615999,0.062999999999970135,0.54257934891436244,0.0053509443344276295,0.0061012359964581521,6.2912016042652013e-05
540,0.35195247818026998,0.063333333333303904,0.5487220835114055,0.005414351980984655,0.0061427345970430655,6.3407646557025622e-05
540,0.35380485964436997,0.063666666666635882,0.5549064806353684,0.0054782583565779362,0.0061843971239629141,6.3906375593280918e-05
540,0.35565724110848002,0.063999999999969664,0.56113270520362557,0.0055426665846336071,0.00622622456825712,6.4408228055671201e-05
540,0.35750962257259,0.064333333333303433,0.56740092312767609,0.0056075798136531003,0.006268217924050478,6.4913229019493331e-05
540,0.35936200403669,0.064666666666635411,0.57371130131697601,0.0056730012173962334,0.0063103781892999162,6.5421403743132943e-05
540,0.36121438550079998,0.064999999999969194,0.58006400768320987,0.0057389339950731765,0.0063527063662338259,6.5932777676943436e-05
540,0.36306676696491003,0.065333333333302962,0.58645921114467492,0.0058053813715418442,0.0063952034614650211,6.6447376468667624e-05
540,0.36491914842901002,0.06566666666663494,0.59289708163138866,0.0058723465975170884,0.0064378704867137726,6.696522597524418e-05
540,0.36677152989312001,0.065999999999968709,0.59937779009060843,0.0059398329497884596,0.0064807084592198279,6.748635227137079e-05
540,0.36862391135722999,0.066333333333302477,0.60590150849242908,0.0060078437314430213,0.0065237184018206223,6.8010781654561262e-05
540,0.37047629282132999,0.066666666666634455,0.61246840983608031,0.006076382272099709,0.0065669013436512628,6.853854065668766e-05
540,0.37232867428543998,0.066999999999968238,0.61907866815660095,0.0061454519281518251,0.0066102583205206967,6.9069656052116304e-05
540,0.37418105574955002,0.06733333333330202,0.62573245853156445,0.0062150560830143342,0.0066537903749635348,6.9604154862509216e-05
540,0.37603343721365001,0.067666666666633998,0.63242995708847793,0.0062851981473824002,0.0066974985569134594,7.0142064368066412e-05
540,0.37788581867776,0.067999999999967767,0.63917134101253215,0.0063558815594977908,0.0067413839240542013,7.0683412115390358e-05
540,0.37973820014186999,0.068333333333301535,0.64595678855436933,0.0064271097854197122,0.0067854475418371672,7.1228225921921717e-05
540,0.38159058160596998,0.068666666666633513,0.65278647903850451,0.0064988863193066841,0.0068296904841351385,7.177653388697235e-05
540,0.38344296307008002,0.068999999999967296,0.65966059287207279,0.0065712146837060351,0.0068741138335682911,7.2328364399350744e-05
540,0.38529534453419001,0.069333333333301064,0.66657931155356609,0.0066440984298475423,0.0069187186814932593,7.2883746141507114e-05
540,0.38714772599829,0.069666666666633043,0.67354281768220681,0.0067175411379479678,0.0069635061286407165,7.3442708100425713e-05
540,0.38900010746239999,0.069999999999966825,0.68055129496762878,0.0067915464175230785,0.0070084772854220306,7.4005279575110736e-05
540,0.39085248892650998,0.070333333333300593,0.68760492823951658,0.0068661179077034737,0.0070536332718877832,7.4571490180395299e-05
540,0.39270487039060997,0.070666666666632558,0.69470390345787048,0.0069412592775612751,0.0070989752183539187,7.5141369857801779e-05
540,0.39455725185472001,0.07099999999996634,0.70184840772356438,0.0070169742264442163,0.0071445042656938657,7.5714948882941324e-05
540,0.39640963331883,0.071333333333300122,0.70903862928883565,0.0070932664843133177,0.0071902215652712457,7.6292257869101866e-05
540,0.39826201478293,0.071666666666632087,0.71627475756839643,0.0071701398120914729,0.0072361282795608221,7.6873327778154927e-05
540,0.40011439624703998,0.071999999999965869,0.72355698315081507,0.0072475980020192425,0.0072822255824186756,7.7458189927769586e-05
540,0.40196677771115003,0.072333333333299638,0.73088549780982026,0.0073256448780142829,0.0073285146590052162,7.8046875995040684e-05
540,0.40381915917525002,0.072666666666631616,0.73826049451621412,0.0074042842960416388,0.0073749967063938037,7.8639418027356237e-05
540,0.40567154063936001,0.072999999999965398,0.74568216745004956,0.0074835201444913161,0.0074216729338354975,7.9235848449677062e-05
540,0.40752392210346999,0.073333333333299167,0.75315071201270778,0.007563356344559311,0.007468544562658253,7.9836200067994682e-05
540,0.40937630356756999,0.073666666666631145,0.76066632483958596,0.0076437968506397006,0.007515612826878135,8.0440506080389695e-05
540,0.41122868503167997,0.073999999999964913,0.76822920381304272,0.0077248456507240998,0.007562878973456786,8.1048800084398962e-05
540,0.41308106649579002,0.074333333333298696,0.77583954807522704,0.007806506766804497,0.0076103442621843513,8.1661116080397169e-05
540,0.41493344795989001,0.074666666666630674,0.78349755804151766,0.0078887842552873358,0.0076580099662906555,8.2277488482839558e-05
540,0.416785829424,0.074999999999964442,0.79120343541421589,0.007971682207415072,0.0077058773726982645,8.2897952127736018e-05
540,0.41863821088810999,0.075333333333298225,0.79895738319611043,0.0080552047496911701,0.0077539477818945298,8.3522542276097796e-05
540,0.42049059235220998,0.075666666666630189,0.80675960570465466,0.0081393560443165335,0.0078022225085442867,8.4151294625363495e-05
540,0.42234297381632002,0.075999999999963971,0.8146103085863925,0.0082241402896335442,0.0078507028817378609,8.4784245317010663e-05
540,0.42419535528043001,0.076333333333297754,0.82250969883124658,0.0083095617205736251,0.0078993902448541223,8.5421430940081479e-05
540,0.42604773674453,0.076666666666629718,0.83045798478742561,0.0083956246091165133,0.0079482859561790433,8.6062888542887397e-05
540,0.42790011820863999,0.0769999999999635,0.83845537617657595,0.0084823332647573097,0.00799739138915034,8.6708655640795857e-05
540,0.42975249967274998,0.077333333333297269,0.84650208410878769,0.0085696920349771465,0.0080467079322117004,8.7358770219836355e-05
540,0.43160488113685003,0.077666666666629247,0.85459832109822798,0.0086577053057259219,0.0080962369894402447,8.8013270748775368e-05
540,0.43345726260096001,0.077999999999963029,0.86274430107901534,0.0087463775019129743,0.0081459799807873864,8.8672196187052858e-05
540,0.43530964406507,0.078333333333296798,0.87094023942094267,0.0088357130879015162,0.0081959383419273613,8.933558598854245e-05
540,0.43716202552917,0.078666666666628776,0.87918635294583269,0.0089257165680154561,0.008246113524890044,9.000348011394056e-05
540,0.43901440699327998,0.078999999999962545,0.88748285994413834,0.0090163924870544487,0.0082965069983055879,9.0675919038992595e-05
540,0.44086678845739002,0.079333333333296327,0.89582998019138327,0.0091077454308128511,0.0083471202472449046,9.1352943758402362e-05
540,0.44271916992149002,0.079666666666628291,0.90422793496524367,0.0091997800266114173,0.0083979547738604436,9.2034595798565411e-05
540,0.44457155138560001,0.079999999999962074,0.91267694706287772,0.0092925009438375103,0.0084490120976340299,9.2720917226093763e-05
540,0.44642393284970999,0.080333333333295842,0.92117724081808627,0.0093859128944893816,0.0085002937552085701,9.3411950651871301e-05
540,0.44827631431380999,0.080666666666627834,0.92972904211912877,0.0094800206337336199,0.0085518013010424439,9.4107739244238983e-05
540,0.45012869577791997,0.080999999999961603,0.93833257842678641,0.0095748289604714269,0.0086035363076576322,9.4808326737806574e-05
540,0.45198107724203002,0.081333333333295371,0.94698807879225411,0.0096703427179091455,0.0086555003654677169,9.5513757437718562e-05
540,0.45383345870613001,0.081666666666627363,0.9556957738756926,0.0097665667941423499,0.0087076950834385006,9.6224076233204867e-05
540,0.45568584017024,0.081999999999961132,0.96445589596503645,0.0098635061227491366,0.0087601220893438487,9.693932860678687e-05
540,0.45753822163434998,0.0823333333332949,0.97326867899462455,0.0099611656833879132,0.0088127830295880553,9.7659560638775972e-05
540,0.45939060309844998,0.082666666666626878,0.98213435856450237,0.01005955050240917,0.008865679569877773,9.8384819021256941e-05
540,0.46124298456256002,0.082999999999960661,0.99105317195998199,0.010158665653476805,0.0089188133954796658,9.9115151067633733e-05
540,0.46309536602667001,0.083333333333294443,1.0000253581710228,0.010258516258194215,0.008972186211040763,9.9850604717409679e-05
540,0.46494774749077,0.083666666666626408,1.0090511579122963,0.010359107486744878,0.0090257997412735731,0.00010059122855066373
540,0.46680012895487999,0.083999999999960176,1.018130813643511,0.010460444558542815,0.0090796557312148186,0.00010133707179793687
540,0.46865251041898998,0.084333333333293944,1.0272645695895548,0.010562532742888112,0.0091337559460437645,0.00010208818434529686
540,0.47050489188309003,0.084666666666625937,1.0364526717613356,0.010665377359637473,0.0091881021717807581,0.00010284461674936045
540,0.47235727334720001,0.084999999999959705,1.0456953679768857,0.010768983779885034,0.0092426962155500603,0.00010360642024756122
540,0.47420965481131,0.085333333333293487,1.0549929078822857,0.010873357426648635,0.0092975399054000818,0.00010437364676360094
540,0.47606203627540999,0.085666666666625452,1.0643455429732931,0.010978503775571514,0.0093526350910072813,0.0001051463489228788
540,0.47791441773951998,0.08599999999995922,1.0737535266172427,0.011084428355634786,0.0094079836439495863,0.00010592458006327156
540,0.47976679920363002,0.086333333333293016,1.0832171140747682,0.011191136749875749,0.0094635874575254107,0.00010670839424096286
540,0.48161918066773002,0.086666666666624981,1.0927365625222374,0.011298634596122134,0.0095194484474692125,0.00010749784624638489
540,0.48347156213184,0.086999999999958749,1.1023121310744715,0.011406927587737647,0.0095755685522341365,0.00010829299161551293
540,0.48532394359594999,0.087333333333292532,1.1119440808072751,0.01151602147437362,0.0096319497328036362,0.00010909388663597176
540,0.48717632506004999,0.087666666666624496,1.1216326747807071,0.011625922062737375,0.0096885939734319675,0.00010990058836375521
540,0.48902870652415997,0.087999999999958292,1.1313781780626342,0.011736635217372293,0.0097455032819270503,0.00011071315463491777
540,0.49088108798827002,0.088333333333292061,1.1411808577520977,0.01184816686144439,0.0098026796894633735,0.00011153164407209693
540,0.49273346945237001,0.088666666666624025,1.1510409830034345,0.011960522977546262,0.009860125251336789,0.00011235611610187209
540,0.49458585091648,0.088999999999957793,1.1609588250506946,0.012073709608513328,0.0099178420472601225,0.00011318663096706607
540,0.49643823238058998,0.08933333333329159,1.1709346572318686,0.012187732858247022,0.0099758321811740432,0.000114023249733693
540,0.49829061384468998,0.089666666666623554,1.1809687550138859,0.012302598892555977,0.010034097782017333,0.00011486603430895406
540,0.50014299530880002,0.089999999999957336,1.1910613960179184,0.012418313940010145,0.010092641004032411,0.0001157150474541677
540,0.50199537677290995,0.090333333333291105,1.2012128600444953,0.012534884292802329,0.01015146402657692,0.00011657035279218391
540,0.50384775823701,0.090666666666623097,1.2114234290994152,0.01265231630762857,0.010210569054919872,0.00011743201482624228
540,0.50570013970112004,0.090999999999956865,1.2216933874199585,0.012770616406581886,0.010269958320543138,0.00011830009895331661
540,0.50755252116521998,0.09133333333328883,1.2320230215008698,0.012889791078053478,0.010329634080911459,0.00011917467147159139
540,0.50940490262933003,0.091666666666622626,1.2424126201214891,0.013009846877657417,0.010389598620619195,0.00012005579960394031
540,0.51125728409343996,0.091999999999956381,1.2528624743723518,0.013130790429159638,0.010449854250862636,0.00012094355150222109
540,0.51310966555755,0.092333333333290163,1.2633728776827464,0.013252628425428644,0.010510403310394587,0.00012183799626900701
540,0.51496204702165005,0.092666666666622155,1.273944125848252,0.013375367629396831,0.010571248165505569,0.00012273920396818565
540,0.51681442848575998,0.09299999999995591,1.2845765170589476,0.013499014875040533,0.010632391210695601,0.00012364724564370284
540,0.51866680994986003,0.093333333333287902,1.2952703519273407,0.013623577068368142,0.010693834868393138,0.00012456219332760828
540,0.52051919141396996,0.093666666666621642,1.3060259335174862,0.013749061188433434,0.010755581590145427,0.00012548412006529127
540,0.52237157287808,0.093999999999955439,1.3168435673735943,0.01387547428835458,0.01081763385610815,0.00012641309992114734
540,0.52422395434218005,0.094333333333287431,1.3277235615495624,0.014002823496355815,0.010879994175968159,0.00012734920800123547
540,0.52607633580628999,0.094666666666621185,1.3386662266388716,0.014131116016825433,0.010942665089309097,0.00012829252046961813
540,0.52792871727040003,0.094999999999954968,1.3496718758043147,0.014260359131384116,0.011005649165443044,0.00012924311455868288
540,0.52978109873449997,0.095333333333286946,1.3607408248086117,0.014390560199976159,0.011068949004296894,0.00013020106859204259
540,0.53163348019861001,0.095666666666620714,1.3718733920454171,0.014521726661978136,0.011132567236805417,0.00013116646200197706
540,0.53348586166272005,0.095999999999954497,1.3830698985701533,0.014653866037318471,0.011196506524736071,0.00013213937534033556
540,0.53533824312681999,0.096333333333286475,1.3943306681317682,0.014786985927621149,0.011260769561614833,0.00013311989030267765
540,0.53719062459093003,0.096666666666620243,1.4056560272048961,0.014921094017367739,0.011325359073127948,0.00013410808974658952
540,0.53904300605503996,0.096999999999954012,1.4170463050218585,0.015056198075071289,0.011390277816962354,0.00013510405770355028
540,0.54089538751914001,0.097333333333286004,1.4285018336056177,0.015192305954475491,0.01145552858375924,0.00013610787940420175
540,0.54274776898324995,0.097666666666619759,1.4400229478031421,0.015329425595773084,0.011521114197524548,0.00013711964129759283
540,0.54460015044735999,0.097999999999953541,1.4516099853186364,0.015467565026837202,0.011587037515494277,0.00013813943106411785
540,0.54645253191146004,0.098333333333285519,1.4632632867477406,0.015606732364479134,0.011653301429104326,0.00013916733764193339
540,0.54830491337556997,0.098666666666619288,1.4749831956121797,0.015746935815726663,0.011719908864439096,0.00014020345124753084
540,0.55015729483968001,0.098999999999953084,1.4867700583942722,0.015888183679116111,0.011786862782092573,0.00014124786338944747
540,0.55200967630377995,0.099333333333285034,1.4986242245724508,0.016030484346012282,0.01185416617817869,0.00014230066689617114
540,0.55386205776788999,0.099666666666618817,1.5105460466572465,0.016173846301950033,0.011921822084795546,0.00014336195593775175
540,0.55571443923200003,0.099999999999952585,1.5225358802271514,0.016318278127990835,0.011989833569904886,0.00014443182604080134
760,0,0,0,0,0,0
760,0.0018523814641067001,0.00033333333333318132,-0.00096182408990172366,0.000285046449428807,-0.00096182408990172366,0.000285046449428807
760,0.0037047629282133,0.00066666666666634453,-0.003847040603730251,0.0011400270648923613,-0.0028852165138285274,0.00085498061546355423
760,0.0055571443923200002,0.00099999999999952601,-0.0086548818058413812,0.0025644654699344014,-0.0048078412021111301,0.0014244384050420404
760,0.0074095258564266997,0.0013333333333327071,-0.015384066916974838,0.0045575673272228827,-0.0067291851111334578,0.0019931018572884817
760,0.0092619073205332993,0.0016666666666658705,-0.024032800633760232,0.0071182199976677542,-0.0086487337167853954,0.0025606526704448711
760,0.01111428878464,0.001999999999999052,-0.03459877108144814,0.010244992083399559,-0.010565970447687912,0.0031267720857318057
760,0.012966670248747,0.0023333333333322871,-0.047079147224883371,0.013936132874408293,-0.012480376143435229,0.0036911407910087341
760,0.014819051712853,0.0026666666666653425,-0.061470575769182592,0.018189571723735087,-0.014391428544299222,0.0042534388493267947
760,0.016671433176960002,0.002999999999998578,-0.077769177588438168,0.023002917381356864,-0.016298601819255576,0.0048133456576217766
760,0.018523814641067001,0.0033333333333318135,-0.095970543726127705,0.028373457321178835,-0.018201366137689537,0.0053705399398219708
760,0.020376196105173001,0.0036666666666648686,-0.11606972224502082,0.034298151567174959,-0.020099178518893125,0.0059246942459961205
760,0.022228577569280001,0.003999999999998104,-0.13806121968009791,0.040773636030107224,-0.021991497435077084,0.0064754844629322664
760,0.024080959033387001,0.0043333333333313391,-0.16193900573310793,0.047796228164745512,-0.023877786053010032,0.0070225921346382869
760,0.025933340497493001,0.0046666666666643946,-0.18769650196035678,0.055361922806299979,-0.025757496227248843,0.0075656946415544688
760,0.0277857219616,0.0049999999999976296,-0.21532657558937593,0.063466391559587984,-0.027630073629019137,0.0081044687532880067
760,0.029638103425707,0.0053333333333308646,-0.2448215341455407,0.072104983014103632,-0.029494958556164783,0.0086385914545156501
760,0.031490484889813,0.0056666666666639201,-0.27617312008031758,0.081272723282968931,-0.031351585934776875,0.009167740268865297
760,0.033342866353920003,0.005999999999997156,-0.30937250547279038,0.090964316919391178,-0.033199385392472781,0.0096915936364222483
760,0.035195247818026999,0.0063333333333303902,-0.34441028687669062,0.10117414826413568,-0.035037781403900223,0.010209831344744494
760,0.037047629282133003,0.0066666666666634466,-0.3812764803846514,0.11189628327641289,-0.03686619350796079,0.010722135012277211
760,0.038900010746239999,0.0069999999999966808,-0.4199605169813595,0.12312447189992737,-0.038684036596708118,0.011228188623514471
760,0.040752392210347002,0.0073333333333299175,-0.46045123825532525,0.13485215101376616,-0.04049072127396576,0.011727679113838778
760,0.042604773674452999,0.0076666666666629713,-0.50273689253736809,0.14707244801563818,-0.042285654282042826,0.012220297001872016
760,0.044457155138560002,0.0079999999999962081,-0.54680513153138322,0.15977818508252287,-0.044068238994015137,0.012705737066884697
760,0.046309536602666998,0.0083333333333294422,-0.59264300749974475,0.17296188415074923,-0.045837875968361551,0.013183699068226366
760,0.048161918066773002,0.0086666666666624995,-0.64023697106255206,0.18661577265425641,-0.047593963562807311,0.013653888503507192
760,0.050014299530879998,0.0089999999999957336,-0.68957286966625764,0.20073179005664915,-0.049335898603705609,0.014116017402392739
760,0.051866680994987001,0.0093333333333289695,-0.74063594677203393,0.21530159520844852,-0.051063077105776296,0.014569805151799365
760,0.053719062459092998,0.0096666666666620233,-0.79341084181012356,0.23031657455726642,-0.05277489503808961,0.015014979348817891
760,0.055571443923200001,0.0099999999999952592,-0.84788159094222448,0.24576785123547656,-0.054470749132100905,0.015451276678210134
760,0.057423825387306997,0.010333333333328493,-0.90403162866781295,0.26164629504558823,-0.056150037725588478,0.015878443810111647
760,0.059276206851413001,0.010666666666661551,-0.96184379030532585,0.27794253335986208,-0.057812161637512884,0.016296238314273851
760,0.061128588315519997,0.010999999999994787,-1.0213003153743254,0.2946469629479006,-0.059456525068999587,0.01670442958803851
760,0.062980969779627,0.011333333333328021,-1.0823828518984842,0.31174976274237925,-0.06108253652415864,0.017102799794478631
760,0.064833351243733003,0.011666666666661078,-1.1450724616447379,0.32924090755065555,-0.062689609746253816,0.017491144808276293
760,0.066685732707840006,0.011999999999994312,-1.2093496263084884,0.34711018271799698,-0.064277164663750525,0.017869275167341433
760,0.068538114171946996,0.012333333333327546,-1.2751942546488921,0.36534719974617985,-0.065844628340403638,0.018237017028182853
760,0.070390495636052999,0.012666666666660602,-1.3425856905750675,0.38394141287102967,-0.0673914359261754,0.018594213124849827
760,0.072242877100160002,0.012999999999993838,-1.4115027221777559,0.40288213660168737,-0.068917031602688389,0.018940723730657701
760,0.074095258564267005,0.013333333333327074,-1.4819235916977569,0.4221585642257607,-0.07042086952000097,0.01927642762407334
760,0.075947640028372995,0.013666666666660127,-1.5538260064206515,0.44175978728719911,-0.071902414722894645,0.01960122306143839
760,0.077800021492479998,0.013999999999993362,-1.6271871504814968,0.46167481604539656,-0.073361144060845235,0.019915028758197454
760,0.079652402956587001,0.014333333333326599,-1.7019836975639142,0.48189260093008079,-0.074796547082417369,0.020217784884684249
760,0.081504784420693005,0.014666666666659655,-1.7781918244763586,0.50240205501184221,-0.076208126912444316,0.020509454081761403
760,0.083357165884799994,0.014999999999992887,-1.8557872255885428,0.52319207751596208,-0.07759540111218427,0.020790022504119859
760,0.085209547348906997,0.015333333333326125,-1.9347451281146681,0.5442515784177685,-0.078957902526125279,0.021059500901806378
760,0.087061928813013001,0.015666666666659182,-2.0150403082314141,0.56556950416756024,-0.08029518011674594,0.021317925749791723
760,0.088914310277120004,0.015999999999992416,-2.0966471080292339,0.58713486460975295,-0.081606799797819721,0.021565360442192726
760,0.090766691741227007,0.01633333333332565,-2.1795394533015022,0.60893676117565021,-0.082892345272268492,0.021801896565897205
760,0.092619073205332997,0.016666666666658704,-2.2636908721893123,0.63096441644840673,-0.084151418887810164,0.022027655272756477
760,0.09447145466944,0.016999999999991942,-2.3490745147205105,0.65320720522335352,-0.08538364253119804,0.022242788774946842
760,0.096323836133547003,0.017333333333325176,-2.4356631733011413,0.67565468721069855,-0.086588658580631014,0.022447481987345044
760,0.098176217597653007,0.017666666666658233,-2.5234293042492402,0.69829664155764826,-0.087766130948098833,0.022641954346949659
760,0.10002859906176,0.017999999999991467,-2.6123450504990293,0.72112310340013597,-0.088915746249788999,0.022826461842487669
760,0.10188098052587,0.018333333333325243,-2.7023822656531964,0.74412440269124158,-0.090037215154167294,0.023001299291105622
760,0.10373336198997,0.018666666666657217,-2.7935125396236073,0.7672912055937493,-0.09113027397041075,0.02316680290250769
760,0.10558574345408001,0.018999999999990993,-2.8857072261836052,0.79061455876850517,-0.092194686559998004,0.023323353174755871
760,0.10743812491819001,0.019333333333324768,-2.9789374728453124,0.81408593693378828,-0.093230246661707303,0.023471378165283146
760,0.10929050638229,0.019666666666656743,-3.0731742536221458,0.83769729412238458,-0.094236780776833548,0.02361135718859635
760,0.1111428878464,0.019999999999990518,-3.1683884053814926,0.86144111910269971,-0.095214151759346652,0.023743824980315159
760,0.11299526931051,0.020333333333324294,-3.2645506894958332,0.88531050471034145,-0.096162284114340704,0.023869385607641756
760,0.11484765077461,0.020666666666656269,-3.3616318603583442,0.90929922224317283,-0.097081170862511029,0.023988717532831341
760,0.11670003223872,0.020999999999990044,-3.4596026560188511,0.93340176406948827,-0.09797079566050701,0.024102541826315476
760,0.11855241370283,0.021333333333323819,-3.5584338388106964,0.9576134116303977,-0.098831182791845384,0.024211647560909443
760,0.12040479516693001,0.021666666666655794,-3.6580963116376402,0.98193033831842691,-0.099662472826943849,0.024316926688029157
760,0.12225717663103999,0.021999999999989573,-3.7585612065248428,1.0063497001092123,-0.10046489488720256,0.024419361790785334
760,0.12410955809514999,0.022333333333323345,-3.8597999912998606,1.0308697328386336,-0.10123878477501796,0.02452003272942117
760,0.12596193955925,0.022666666666655323,-3.9617845990295062,1.0554898554247965,-0.10198460772964577,0.024620122586162901
760,0.12781432102335999,0.022999999999989095,-4.0644875858630423,1.0802107774708543,-0.10270298683353619,0.024720922046057858
760,0.12966670248747,0.023333333333322871,-4.1678823241094323,1.1050346083884086,-0.10339473824638958,0.024823830917554367
760,0.13151908395157,0.023666666666654849,-4.2719432386642433,1.1299649632820519,-0.10406091455481095,0.024930354893643203
760,0.13337146541568001,0.023999999999988624,-4.3766460961232019,1.1550070580897076,-0.10470285745895823,0.025042094807655735
760,0.13522384687979,0.024333333333322396,-4.4819683569125477,1.1801677826229255,-0.10532226078934606,0.02516072453321791
760,0.13707622834388999,0.024666666666654371,-4.5878896011276273,1.2054557348764099,-0.10592124421507927,0.02528795225348434
760,0.13892860980800001,0.024999999999988146,-4.6943920378047279,1.230881192961361,-0.10650243667710049,0.025425458084951134
760,0.14078099127211,0.025333333333321925,-4.8014611040877062,1.256455992083632,-0.10706906628297853,0.02557479912227098
760,0.14263337273620999,0.0256666666666539,-4.9090861536978174,1.2821932632635809,-0.10762504961011155,0.025737271179948909
760,0.14448575420032,0.025999999999987675,-5.0172612212102559,1.3081069787787152,-0.10817506751243861,0.025913715515134283
760,0.14633813566442999,0.026333333333321447,-5.1259858274889192,1.33421123864915,-0.10872460627866332,0.026104259870434823
760,0.14819051712853001,0.026666666666653425,-5.2352657598866701,1.360519226892366,-0.10927993239775109,0.02630798824321591
760,0.15004289859264,0.026999999999987201,-5.345113717329502,1.387041772459737,-0.10984795744283153,0.026522545567370995
760,0.15189528005674999,0.027333333333320973,-5.455549657559196,1.4137854774437453,-0.1104359402296939,0.026743704984008188
760,0.15374766152085001,0.027666666666652951,-5.5666006306152997,1.4407504357493288,-0.11105097305610356,0.026964958305583452
760,0.15560004298496,0.027999999999986723,-5.6782998481062945,1.4679276679396909,-0.11169921749099454,0.027177232190361975
760,0.15745242444907001,0.028333333333320505,-5.7906847521455687,1.4952965407077625,-0.11238490403927379,0.027368872768071661
760,0.15930480591317001,0.02866666666665248,-5.9037939464316684,1.5228225987394317,-0.11310919428609979,0.027526058031669097
760,0.16115718737727999,0.028999999999986252,-6.0176630585017898,1.5504563587177083,-0.11386911207012172,0.027633759978276554
760,0.16300956884139001,0.029333333333320027,-6.132319901926949,1.5781336219066369,-0.11465684342515949,0.027677263188928644
760,0.16486195030549,0.029666666666652002,-6.2477796241263004,1.6057776825510217,-0.11545972219935122,0.027644060644384835
760,0.16671433176959999,0.029999999999985774,-6.3640407290985745,1.6333034332807077,-0.11626110497227457,0.027525750729685987
760,0.16856671323371,0.030333333333319557,-6.4810828245536349,1.6606228862745585,-0.11704209545506077,0.027319452993850718
760,0.17041909469781,0.030666666666651528,-6.598866613990646,1.6876512179913956,-0.11778378943701094,0.027028331716837189
760,0.17227147616192001,0.030999999999985307,-6.7173361291920193,1.7143122860026057,-0.11846951520137292,0.026661068011210026
760,0.17412385762603,0.031333333333319079,-6.8364226770070546,1.7405427332387842,-0.11908654781503494,0.026230447236178497
760,0.17597623909012999,0.03166666666665105,-6.9560496532017071,1.7662942081996258,-0.11962697619465271,0.025751474960841538
760,0.17782862055424001,0.031999999999984832,-7.0761373430937073,1.7915337080057208,-0.12008768989200008,0.025239499806094915
760,0.17968100201834999,0.032333333333318608,-7.1966070340818487,1.8162424199371898,-0.1204696909881411,0.024708711931468962
760,0.18153338348244999,0.032666666666650579,-7.3173840787452669,1.840413610323558,-0.12077704466341843,0.024171190386368151
760,0.18338576494656,0.032999999999984354,-7.4383998412252232,1.864050100801991,-0.12101576247995667,0.023636490478432953
760,0.18523814641066999,0.03333333333331813,-7.5595926611696935,1.8871617514765175,-0.12119281994446997,0.023111650674526623
760,0.18709052787477001,0.033666666666650108,-7.6809080654332549,1.9097632146068935,-0.12131540426356176,0.022601463130375851
760,0.18894290933888,0.033999999999983883,-7.8022984716679504,1.9318720832104666,-0.12139040623469534,0.022108868603573067
760,0.19079529080298999,0.034333333333317652,-7.9237225945640697,1.9535074589864785,-0.12142412289611959,0.021635375776011906
760,0.19264767226709001,0.03466666666664963,-8.0451447140170025,1.9746889047168172,-0.12142211945293364,0.021181445730338672
760,0.1945000537312,0.034999999999983412,-8.1665339132675427,1.9954357189767706,-0.12138919925053977,0.020746814259953419
760,0.19635243519531001,0.035333333333317188,-8.2878633528365242,2.0157664645499063,-0.12132943956898141,0.020330745573135522
760,0.19820481665941,0.035666666666649159,-8.4091096151328912,2.0356986870152918,-0.1212462622963668,0.019932222465385483
760,0.20005719812351999,0.035999999999982935,-8.5302521338802837,2.0552487700503055,-0.12114251874739319,0.019550083035013658
760,0.20190957958763001,0.03633333333331671,-8.651272709780951,2.0744318851862129,-0.12102057590066709,0.019183115135907626
760,0.20376196105173,0.036666666666648688,-8.7721551067854762,2.0932620040729071,-0.1208823970045254,0.018830118886694388
760,0.20561434251583999,0.036999999999982457,-8.8928847199743668,2.1117519499435655,-0.12072961318889103,0.018489945870658397
760,0.20746672397995,0.037333333333316232,-9.0134483049850367,2.1299134717784458,-0.12056358501066938,0.018161521834880279
760,0.20931910544405,0.03766666666664821,-9.1338337591538465,2.1477573298208865,-0.12038545416880968,0.01784385804244059
760,0.21117148690816001,0.037999999999981986,-9.2540299454032358,2.1652933848755902,-0.12019618624938995,0.017536055054703886
760,0.21302386837227,0.038333333333315761,-9.3740265510434693,2.1825306865223464,-0.11999660564023343,0.017237301646756364
760,0.21487624983636999,0.038666666666647739,-9.493813974862066,2.1994775572733167,-0.1197874238185969,0.016946870750970396
760,0.21672863130048001,0.038999999999981515,-9.6133832369728509,2.2161416709969974,-0.11956926211078525,0.016664113723680693
760,0.21858101276458999,0.039333333333315283,-9.732725906885646,2.2325301248012086,-0.11934266991279487,0.016388453804211316
760,0.22043339422868999,0.039666666666647261,-9.8518340461243774,2.2486495041372967,-0.11910813923873137,0.016119379336088292
760,0.2222857756928,0.039999999999981037,-9.9707001624153406,2.2645059412427622,-0.11886611629096264,0.015856437105465662
760,0.22413815715690999,0.040333333333314805,-10.089317173052718,2.2801051672530952,-0.11861701063737702,0.015599226010333197
760,0.22599053862101001,0.040666666666646797,-10.207678375543896,2.2954525584331948,-0.11836120249117719,0.01534739118009968
760,0.22784292008512,0.040999999999980566,-10.325777424007203,2.3105531770301546,-0.11809904846330659,0.015100618596959638
760,0.22969530154923001,0.041333333333314341,-10.44360831010394,2.3254118072613377,-0.11783088609673782,0.014858630231183235
760,0.23154768301333001,0.04166666666664632,-10.561165347553038,2.3400329869411478,-0.11755703744909761,0.014621179679810086
760,0.23340006447743999,0.041999999999980088,-10.678443159458562,2.3544210352200241,-0.11727781190552319,0.014388048278876377
760,0.23525244594155001,0.04233333333331387,-10.795436667837549,2.3685800768733123,-0.11699350837898778,0.014159041653288343
760,0.23710482740565,0.042666666666645842,-10.912141084879352,2.3825140635409605,-0.11670441704180205,0.013933986667648409
760,0.23895720886975999,0.04299999999997961,-11.0285519055512,2.3962267922775422,-0.11641082067184894,0.013712728736581839
760,0.24080959033387001,0.043333333333313392,-11.144664901244003,2.4097219217339414,-0.11611299569280166,0.01349512945639935
760,0.24266197179797,0.043666666666645364,-11.260476114232841,2.4230029862583522,-0.11581121298883738,0.013281064524410835
760,0.24451435326207999,0.043999999999979146,-11.375981852760665,2.4360734081694284,-0.11550573852782456,0.013070421911076354
760,0.24636673472619,0.044333333333312915,-11.491178686593052,2.4489365084244397,-0.11519683383238775,0.012863100255011225
760,0.24821911619029,0.044666666666644893,-11.606063442940867,2.4615955158804455,-0.114884756347815,0.012659007456005875
760,0.25007149765440001,0.044999999999978668,-11.720633202657531,2.4740535753209363,-0.11456975971666478,0.012458059440490823
760,0.25192387911851,0.045333333333312437,-11.834885296636633,2.4863137543989353,-0.11425209397910158,0.012260179077999055
760,0.25377626058260999,0.045666666666644415,-11.948817302368303,2.4983790496305907,-0.11393200573166909,0.012065295231655558
760,0.25562864204671998,0.04599999999997819,-12.062427040610155,2.5102523915552077,-0.1136097382418523,0.011873341924616983
760,0.25748102351083002,0.046333333333311966,-12.175712572137728,2.5219366491629494,-0.11328553152757381,0.011684257607741661
760,0.25933340497493002,0.046666666666643951,-12.288672194565216,2.5334346336806597,-0.11295962242748665,0.011497984517710487
760,0.26118578643904,0.046999999999977719,-12.401304439216235,2.5447491017930708,-0.11263224465101836,0.011314468112411033
760,0.26303816790314999,0.047333333333311495,-12.51360806802974,2.5558827583669332,-0.11230362881350543,0.011133656573862238
760,0.26489054936724998,0.047666666666643473,-12.625582070507694,2.5668382587388301,-0.1119740024779538,0.010955500371896658
760,0.26674293083136003,0.047999999999977248,-12.737225660696383,2.5776182106178367,-0.11164359018869068,0.01077995187900665
760,0.26859531229547001,0.048333333333311024,-12.848538274197459,2.58822517564791,-0.11131261350107563,0.010606965030073251
760,0.27044769375957001,0.048666666666643002,-12.959519565222363,2.5986616706704173,-0.11098129102490477,0.010436495022507132
760,0.27230007522367999,0.04899999999997677,-13.070169403689016,2.6089301687203994,-0.11064983846665351,0.010268498049982113
760,0.27415245668778998,0.049333333333310546,-13.180487872361912,2.6190330997858196,-0.11031846867289527,0.010102931065420321
760,0.27600483815188998,0.049666666666642517,-13.290475264053075,2.6289728513562989,-0.10998739169116338,0.0099397515704791797
760,0.27785721961600002,0.049999999999976293,-13.400132078886873,2.6387517687828463,-0.10965681483379841,0.0097789174265473077
760,0.27970960108011,0.050333333333310075,-13.509459021632377,2.6483721554669009,-0.10932694274550414,0.0096203866840547207
760,0.28156198254421,0.050666666666642046,-13.618456999123234,2.6578362728954441,-0.10899797749085657,0.0094641174285433078
760,0.28341436400831999,0.050999999999975822,-13.727127117770465,2.6671463405350488,-0.10867011864723075,0.009310067639604935
760,0.28526674547242997,0.05133333333330959,-13.835470681174142,2.6763045355953761,-0.10834356340367658,0.0091581950603271782
760,0.28711912693653002,0.051666666666641575,-13.943489187855922,2.6853129926717423,-0.10801850668178109,0.0090084570763662528
760,0.28897150840064001,0.051999999999975351,-14.051184329120273,2.6941738032731952,-0.10769514126435045,0.008860810601452801
760,0.29082388986475,0.052333333333309119,-14.158557987052138,2.7028890152405589,-0.10737365793186468,0.0087152119673636046
760,0.29267627132884999,0.052666666666641097,-14.265612232675565,2.7114606320585075,-0.10705424562342637,0.0085716168179488048
760,0.29452865279295998,0.052999999999974873,-14.372349324284016,2.7198906120629069,-0.10673709160845218,0.0084299800043993317
760,0.29638103425707002,0.053333333333308655,-14.478771705953104,2.7281808675428936,-0.10642238166908845,0.0082902554799866267
760,0.29823341572117001,0.053666666666640633,-14.584882006263346,2.7363332637368458,-0.1061103003102416,0.0081523961939521505
760,0.30008579718528,0.053999999999974402,-14.69068303724665,2.7443496177185769,-0.10580103098330396,0.0080163539817308862
760,0.30193817864938999,0.054333333333308177,-14.796177793572184,2.7522316971686038,-0.10549475632553372,0.0078820794500267331
760,0.30379056011348998,0.054666666666640149,-14.901369452003307,2.7599812190246409,-0.10519165843112224,0.0077495218560369979
760,0.30564294157760002,0.054999999999973938,-15.00626137114404,2.7675998480025639,-0.10489191914073291,0.0076186289779231363
760,0.30749532304171001,0.055333333333307706,-15.110857091496294,2.77508919497736,-0.10459572035225354,0.0074893469747962941
760,0.30934770450581001,0.055666666666639678,-15.215160335865619,2.7824508152124525,-0.10430324436932399,0.0073616202350923867
760,0.31120008596991999,0.055999999999973446,-15.319175010140874,2.7896862064224992,-0.10401467427525508,0.0072353912100468721
760,0.31305246743402998,0.056333333333307221,-15.422905204477003,2.7967968066524378,-0.10373019433612889,0.0071106002299387632
760,0.31490484889812997,0.0566666666666392,-15.526355194926435,2.8037839919534977,-0.10344999044943215,0.0069871853010599694
760,0.31675723036224002,0.056999999999972982,-15.629529445554516,2.8106490738329462,-0.10317425062808191,0.0068650818794486626
760,0.31860961182635,0.05733333333330675,-15.732432611078377,2.8173932964507871,-0.10290316552386015,0.0067442226178410017
760,0.32046199329045,0.057666666666638729,-15.835069540087549,2.8240178335334707,-0.10263692900917208,0.0066245370826836878
760,0.32231437475455998,0.057999999999972504,-15.937445278894833,2.8305237849690146,-0.10237573880728454,0.0065059514355438053
760,0.32416675621867003,0.058333333333306286,-16.039565076071494,2.8369121730425291,-0.10211979717666086,0.0063883880735146155
760,0.32601913768277002,0.058666666666638265,-16.141434387742862,2.8431839382659465,-0.10186931167136722,0.0062717652234174108
760,0.32787151914688001,0.058999999999972033,-16.243058883712429,2.8493399347474249,-0.10162449596956658,0.0061559964814782864
760,0.32972390061099,0.059333333333305809,-16.344444454490702,2.8553809250373745,-0.10138557077827164,0.006040990289949616
760,0.33157628207508999,0.059666666666637773,-16.445597219329596,2.8613075743789818,-0.10115276483889356,0.0059266493416074185
760,0.33342866353919998,0.059999999999971548,-16.546523535359999,2.8671204442785254,-0.10092631603040168,0.0058128698995438604
760,0.33528104500331002,0.060333333333305338,-16.647230007941292,2.8728199852966569,-0.10070647258129217,0.0056995410181314701
760,0.33713342646741001,0.060666666666637309,-16.747723502361563,2.8784065289462482,-0.10049349442027196,0.0055865436495913905
760,0.33898580793152,0.060999999999971077,-16.848011157029404,2.8838802785618798,-0.1002876546678404,0.0054737496156314173
760,0.34083818939562999,0.061333333333304853,-16.948100398316303,2.8892412989823804,-0.10008924128689908,0.0053610204205007932
760,0.34269057085972998,0.061666666666636831,-17.04799895724603,2.8944895048603745,-0.099898558929725489,0.0052482058779939195
760,0.34454295232384002,0.061999999999970613,-17.147714888237573,2.8996246473777685,-0.099715930991544743,0.0051351425173939485
760,0.34639533378795001,0.062333333333304382,-17.247256590138381,2.9046462991049093,-0.099541701900807855,0.0050216517271407472
760,0.34824771525205001,0.062666666666636367,-17.346632829832437,2.9095538366914901,-0.099376239694054874,0.0049075375865807206
760,0.35010009671615999,0.062999999999970135,-17.445852768733193,2.9143464210152819,-0.099219938900757726,0.004792584323791628
760,0.35195247818026998,0.063333333333303904,-17.544925992517452,2.9190229743395104,-0.099073223784258174,0.0046765533242287315
760,0.35380485964436997,0.063666666666635882,-17.643862544522918,2.9235821539375539,-0.098936552005465583,0.0045591795980433631
760,0.35565724110848002,0.063999999999969664,-17.74267296328031,2.9280223215282364,-0.098810418757391466,0.0044401675906824683
760,0.35750962257259,0.064333333333303433,-17.84136832472204,2.9323415077221453,-0.098695361441730564,0.0043191861939089722
760,0.35936200403669,0.064666666666635411,-17.939960289705894,2.9365373705013305,-0.098591964983854891,0.004195862779185041
760,0.36121438550079998,0.064999999999969194,-18.038461157572659,2.9406071465294841,-0.098500867866765152,0.0040697760281535435
760,0.36306676696491003,0.065333333333302962,-18.136883926565918,2.9445475938058725,-0.098422768993258414,0.0039404472763883876
760,0.36491914842901002,0.06566666666663494,-18.235242362077976,2.9483549238156561,-0.098358435512059,0.0038073300097835384
760,0.36677152989312001,0.065999999999968709,-18.333551073809812,2.9520247208669845,-0.098308711731834253,0.0036697970513284504
760,0.36862391135722999,0.066333333333302477,-18.431825603082977,2.9555518457111325,-0.098274529273164296,0.0035271248441479616
760,0.37047629282132999,0.066666666666634455,-18.530082521714277,2.9589303197730561,-0.098256918631300955,0.0033784740619234132
760,0.37232867428543998,0.066999999999968238,-18.628339544008565,2.9621531853166805,-0.098257022294286941,0.0032228655436243904
760,0.37418105574955002,0.06733333333330202,-18.726615653564881,2.9652123355539062,-0.098276109556315674,0.0030591502372256285
760,0.37603343721365001,0.067666666666633998,-18.824931246698409,2.9680983069701385,-0.098315593133527987,0.0028859714162321826
760,0.37788581867776,0.067999999999967767,-18.923308294255886,2.9708000238294825,-0.098377047557476352,0.0027017168593439426
760,0.37973820014186999,0.068333333333301535,-19.021770523395997,2.9733044817321952,-0.098462229140110477,0.002504457902712844
760,0.38159058160596998,0.068666666666633513,-19.120343620364661,2.9755963529344838,-0.09857309696866258,0.0022918712022886784
760,0.38344296307008002,0.068999999999967296,-19.219055454106346,2.9776574904976809,-0.098711833741684449,0.0020611375631973483
760,0.38529534453419001,0.069333333333301064,-19.317936318313109,2.9794663006449276,-0.098880864206762217,0.0018088101472468184
760,0.38714772599829,0.069666666666633043,-19.417019185464699,2.980996942181894,-0.099082867151590731,0.0015306415369666924
760,0.38900010746239999,0.069999999999966825,-19.516339959216403,2.9822182974046467,-0.099320773751701966,0.001221355222752732
760,0.39085248892650998,0.070333333333300593,-19.615937698981192,2.983092639136204,-0.099597739764788557,0.00087434173155714477
760,0.39270487039060997,0.070666666666632558,-19.715854768922807,2.9835738915823833,-0.099917069941613049,0.00048125244617939599
760,0.39455725185472001,0.07099999999996634,-19.816136826205565,2.9836053465247332,-0.10028205728275644,3.1454942349986896e-05
760,0.39640963331883,0.071333333333300122,-19.916832498873745,2.9831166493399714,-0.10069567266817969,-0.00048869718476184456
760,0.39826201478293,0.071666666666632087,-20.017992492414052,2.9820198121676054,-0.10115999354030633,-0.0010968371723659429
760,0.40011439624703998,0.071999999999965869,-20.119667672003537,2.9802039524232589,-0.10167517958948388,-0.0018158597443463577
760,0.40196677771115003,0.072333333333299638,-20.221905338212775,2.9775284220867353,-0.1022376662092392,-0.0026755303365236052
760,0.40381915917525002,0.072666666666631616,-20.324742358815033,2.9738140651669114,-0.10283702060225725,-0.0037143569198237942
760,0.40567154063936001,0.072999999999965398,-20.428192918524818,2.9688327130418872,-0.10345055970978352,-0.0049813521250243352
760,0.40752392210346999,0.073333333333299167,-20.532227308337621,2.9622961505969485,-0.10403438981280215,-0.0065365624449388862
760,0.40937630356756999,0.073666666666631145,-20.636736584164275,2.9538485986497167,-0.10450927582665513,-0.0084475519472315772
760,0.41122868503167997,0.073999999999964913,-20.741477358979306,2.9430728732766003,-0.10474077481503216,-0.010775725373116243
760,0.41308106649579002,0.074333333333298696,-20.845995746720178,2.9295313249484769,-0.10451838774086986,-0.013541548328123395
760,0.41493344795989001,0.074666666666630674,-20.949549283749342,2.9128751793158405,-0.10355353702916276,-0.016656145632636288
760,0.416785829424,0.074999999999964442,-21.051090844323003,2.8930493442106644,-0.10154156057366175,-0.019825835105176128
760,0.41863821088810999,0.075333333333298225,-21.149426976710853,2.8705487519119712,-0.098336132387850994,-0.022500592298693011
760,0.42049059235220998,0.075666666666630189,-21.243611281584268,2.846540416569145,-0.09418430487341671,-0.024008335342826256
760,0.42234297381632002,0.075999999999963971,-21.333396751405715,2.8226258799106581,-0.089785469821446487,-0.023914536658487157
760,0.42419535528043001,0.076333333333297754,-21.419381743927339,2.8002960815184963,-0.085984992521622422,-0.022329798392161735
760,0.42604773674453,0.076666666666629718,-21.502711248889426,2.7804691396067476,-0.083329504962088463,-0.019826941911748584
760,0.42790011820863999,0.0769999999999635,-21.584610059135191,2.763403529258603,-0.081898810245764883,-0.017065610348144574
760,0.42975249967274998,0.077333333333297269,-21.666075173366579,2.7488983635252811,-0.08146511423138901,-0.014505165733321774
760,0.43160488113685003,0.077666666666629247,-21.747797018392976,2.7365412333317511,-0.081721845026398204,-0.012357130193529724
760,0.43345726260096001,0.077999999999963029,-21.83020934811973,2.7258747048436103,-0.082412329726753886,-0.010666528488141059
760,0.43530964406507,0.078333333333296798,-21.913570414860629,2.7164746150185222,-0.083361066740899437,-0.009400089825088085
760,0.43716202552917,0.078666666666628776,-21.998031742216945,2.7079738520629042,-0.084461327356315133,-0.0085007629556180866
760,0.43901440699327998,0.078999999999962545,-22.083685666883945,2.7000606155298916,-0.085653924667001058,-0.0079132365330125409
760,0.44086678845739002,0.079333333333296327,-22.170595358472713,2.6924673136722412,-0.086909691588767643,-0.007593301857650182
760,0.44271916992149002,0.079666666666628291,-22.258812987851751,2.6849572815002269,-0.088217629379039528,-0.0075100321720143731
760,0.44457155138560001,0.079999999999962074,-22.348390509860707,2.6773118544787322,-0.089577522008953817,-0.0076454270214946253
760,0.44642393284970999,0.080333333333295842,-22.439385963077051,2.6693182501542143,-0.090995453216344668,-0.0079936043245176901
760,0.44827631431380999,0.080666666666627834,-22.53186696775651,2.6607578505701097,-0.092481004679459217,-0.0085603995841046082
760,0.45012869577791997,0.080999999999961603,-22.625912234116516,2.6513941217594668,-0.094045266360004584,-0.0093637288106430648
760,0.45198107724203002,0.081333333333295371,-22.721611224240171,2.6409592168195206,-0.095698990123653169,-0.010434904939946102
760,0.45383345870613001,0.081666666666627363,-22.819061465324847,2.6291381468927435,-0.097450241084676426,-0.01182106992677732
760,0.45568584017024,0.081999999999961132,-22.918362194505399,2.6155492404135323,-0.099300729180550329,-0.013588906479211314
760,0.45753822163434998,0.0823333333332949,-23.01960177414831,2.5997195215681304,-0.10123957964291005,-0.015829718845401752
760,0.45939060309844998,0.082666666666626878,-23.122834293635695,2.5810538944239441,-0.10323251948738373,-0.018665627144186417
760,0.46124298456256002,0.082999999999960661,-23.228037494145379,2.5587983281224602,-0.10520320050968472,-0.022255566301484002
760,0.46309536602667001,0.083333333333294443,-23.335039223780154,2.5320012781873884,-0.10700172963477508,-0.026797049935071912
760,0.46494774749077,0.083666666666626408,-23.443393714346353,2.4994879227544464,-0.10835449056619817,-0.03251335543294185
760,0.46680012895487999,0.083999999999960176,-23.552187001398476,2.4598846818035032,-0.10879328705212217,-0.03960324095094328
760,0.46865251041898998,0.084333333333293944,-23.659769782464537,2.4117726683985983,-0.10758278106606038,-0.048112013404904716
760,0.47050489188309003,0.084666666666625937,-23.763494455617472,2.3540937063194334,-0.10372467315293685,-0.057678962079164869
760,0.47235727334720001,0.084999999999959705,-23.85970744425854,2.2868945990572302,-0.096212988641065908,-0.067199107262203225
760,0.47420965481131,0.085333333333293487,-23.94440864559547,2.2121979062018706,-0.084701201336929016,-0.074696692855359612
760,0.47606203627540999,0.085666666666625452,-24.01471095607398,2.1342636640352524,-0.070302310478508698,-0.07793424216661804
760,0.47791441773951998,0.08599999999995922,-24.070300035349455,2.0585157254027573,-0.055589079275473796,-0.075747938632495224
760,0.47976679920363002,0.086333333333293016,-24.113606894687706,1.9895908254890851,-0.043306859338250729,-0.068924899913672247
760,0.48161918066773002,0.086666666666624981,-24.148521598309049,1.9299949638668341,-0.034914703621343503,-0.059595861622250924
760,0.48347156213184,0.086999999999958749,-24.178834492319961,1.8801259052305594,-0.030312894010911116,-0.0498690586362747
760,0.48532394359594999,0.087333333333292532,-24.20739971121683,1.8390925577796708,-0.028565218896868593,-0.041033347450888519
760,0.48717632506004999,0.087666666666624496,-24.236039345021275,1.8055179366368301,-0.028639633804446469,-0.033574621142840801
760,0.48902870652415997,0.087999999999958292,-24.265780521824993,1.7780124673434854,-0.029741176803719419,-0.027505469293344825
760,0.49088108798827002,0.088333333333292061,-24.297131367560972,1.7553688569020045,-0.031350845735977656,-0.022643610441480819
760,0.49273346945237001,0.088666666666624025,-24.330291192962676,1.7366057539537636,-0.033159825401702765,-0.01876310294824083
760,0.49458585091648,0.088999999999957793,-24.365286887827608,1.720948995096075,-0.034995694864931606,-0.015656758857688573
760,0.49643823238058998,0.08933333333329159,-24.402054823424557,1.7077948223118209,-0.036767935596949713,-0.013154172784254179
760,0.49829061384468998,0.089666666666623554,-24.440487956297432,1.6966731384047129,-0.038433132872874136,-0.01112168390710801
760,0.50014299530880002,0.089999999999957336,-24.480462115052124,1.6872165634035619,-0.039974158754692464,-0.0094565750011510637
760,0.50199537677290995,0.090333333333291105,-24.521850228677287,1.679136113712228,-0.041388113625163703,-0.0080804496913338218
760,0.50384775823701,0.090666666666623097,-24.564529692695302,1.6722026637062624,-0.042679464018014757,-0.0069334500059657399
760,0.50570013970112004,0.090999999999956865,-24.608385880774282,1.6662329922314139,-0.043856188078980618,-0.0059696714748485114
760,0.50755252116521998,0.09133333333328883,-24.653313523468675,1.6610793134998818,-0.044927642694394275,-0.0051536787315320321
760,0.50940490262933003,0.091666666666622626,-24.69921693442064,1.6566214063936453,-0.045903410951965894,-0.004457907106236475
760,0.51125728409343996,0.091999999999956381,-24.746009639860578,1.652760667888667,-0.046792705439938617,-0.0038607385049782201
760,0.51310966555755,0.092333333333290163,-24.793613724482071,1.6494155905532397,-0.0476040846214928,-0.0033450773354273774
760,0.51496204702165005,0.092666666666622155,-24.841959067778173,1.6465182974061754,-0.048345343296100851,-0.0028972931470643455
760,0.51681442848575998,0.09299999999995591,-24.890982565338518,1.6440118660612097,-0.049023497560344097,-0.0025064313449656098
760,0.51866680994986003,0.093333333333287902,-24.940627384102111,1.641848245929395,-0.049644818763592349,-0.0021636201318146245
760,0.52051919141396996,0.093666666666621642,-24.990842274734561,1.6399866242624219,-0.050214890632448959,-0.0018616216669730852
760,0.52237157287808,0.093999999999955439,-25.041580949815181,1.6383921344514749,-0.050738675080620514,-0.0015944898109469619
760,0.52422395434218005,0.094333333333287431,-25.092801528644934,1.6370348272927377,-0.051220578829753255,-0.0013573071587372619
760,0.52607633580628999,0.094666666666621185,-25.144466045387404,1.6358888458231982,-0.051664516742471064,-0.0011459814695396326
760,0.52792871727040003,0.094999999999954968,-25.196540015339696,1.6349317589093373,-0.05207396995229438,-0.00095708691386097561
760,0.52978109873449997,0.095333333333286946,-25.248992053448326,1.6341440195251642,-0.052452038108629639,-0.00078773938417308557
760,0.53163348019861001,0.095666666666620714,-25.301793539158847,1.6335085216429979,-0.052801485710520221,-0.00063549788216627065
760,0.53348586166272005,0.095999999999954497,-25.354918322014377,1.6330102356327294,-0.053124782855531384,-0.00049828601026846568
760,0.53533824312681999,0.096333333333286475,-25.408342462913527,1.6326359065632161,-0.053424140899149139,-0.0003743290695132154
760,0.53719062459093003,0.096666666666620243,-25.462044006472112,1.6323738032102266,-0.053701543558585509,-0.00026210335298940086
760,0.53904300605503996,0.096999999999954012,-25.516002780470874,1.6322135081789866,-0.053958773998761193,-0.00016029503124006142
760,0.54089538751914001,0.097333333333286004,-25.570200218884814,1.6321457415505549,-0.054197438413939987,-6.7766628431635805e-05
760,0.54274776898324995,0.097666666666619759,-25.62461920544029,1.6321622120090551,-0.054418986555474037,1.6470458500185423e-05
760,0.54460015044735999,0.097999999999953541,-25.679243935053531,1.6322554906111855,-0.054624729613241399,9.327860213028164e-05
760,0.54645253191146004,0.098333333333285519,-25.734059790869978,1.6324189033027068,-0.054815855816448225,0.00016341269152121135
760,0.54830491337556997,0.098666666666619288,-25.78905323492717,1.6326464390293578,-0.054993444057192996,0.00022753572665111104
760,0.55015729483968001,0.098999999999953084,-25.844211710732623,1.6329326708777432,-0.055158475805453543,0.00028623184838535558
760,0.55200967630377995,0.099333333333285034,-25.899523556287658,1.6332726881501356,-0.055311845555034371,0.00034001727239244852
760,0.55386205776788999,0.099666666666618817,-25.954977926279689,1.6336620376519231,-0.055454369992030191,0.00038934950178737938
760,0.55571443923200003,0.099999999999952585,-26.010564722335904,1.6340966727718496,-0.055586796056214055,0.00043463511992656873
1080,0,0,0,0,0,0
1080,0.0018523814641067001,0.00033333333333318132,-8.2524422552326013e-05,1.5369408680705939e-07,-8.2524422552326013e-05,1.5369408680705939e-07
1080,0.0037047629282133,0.00066666666666634453,-0.00033009761864008692,6.1476634076442532e-07,-0.00024757319608776089,4.6107225395736588e-07
1080,0.0055571443923200002,0.00099999999999952601,-0.00074271937301335802,1.3831867026178284e-06,-0.0004126217543732711,7.6842036185340293e-07
1080,0.0074095258564266997,0.0013333333333327071,-0.0013203893254175585,2.4589049608918525e-06,-0.00057766995240420048,1.0757182582740241e-06
1080,0.0092619073205332993,0.0016666666666658705,-0.0020631069686448855,3.8418506033297373e-06,-0.00074271764322732692,1.3829456424378846e-06
1080,0.01111428878464,0.001999999999999052,-0.0029708716458211118,5.5319326099175251e-06,-0.00090776467717622648,1.6900820065877882e-06
1080,0.012966670248747,0.0023333333333322871,-0.0040436825469418632,7.529039188489312e-06,-0.0010728109011207516,1.9971065785717865e-06
1080,0.014819051712853,0.0026666666666653425,-0.0052815387046756968,9.8330374541613736e-06,-0.0012378561577338332,2.3039982656720608e-06
1080,0.016671433176960002,0.002999999999998578,-0.0066844389894614598,1.2443773054134405e-05,-0.0014029002847857632,2.6107355999730311e-06
1080,0.018523814641067001,0.0033333333333318135,-0.0082523821039137517,1.536106973958554e-05,-0.0015679431144522921,2.9172966854511358e-06
1080,0.020376196105173001,0.0036666666666648686,-0.0099853665686939451,1.8584728359029668e-05,-0.0017329844647801925,3.223658619444127e-06
1080,0.022228577569280001,0.003999999999998104,-0.011883390721149434,2.2114526698722927e-05,-0.0018980241524554893,3.5297983396932597e-06
1080,0.024080959033387001,0.0043333333333313391,-0.013946452716520735,2.5950219488723441e-05,-0.0020630619953713007,3.8356927900005132e-06
1080,0.025933340497493001,0.0046666666666643946,-0.016174550514424124,3.0091537416509966e-05,-0.0022280977979033906,4.1413179277865234e-06
1080,0.0277857219616,0.0049999999999976296,-0.018567681869538704,3.4538186414833555e-05,-0.002393131355114579,4.4466489983235886e-06
1080,0.029638103425707,0.0053333333333308646,-0.021125844322596472,3.9289846963776453e-05,-0.0025581624530577663,4.7516605489428944e-06
1080,0.031490484889813,0.0056666666666639201,-0.023849035190949719,4.4346173357097271e-05,-0.0027231908683532486,5.0563263933208193e-06
1080,0.033342866353920003,0.005999999999997156,-0.026737251558749803,4.9706792935743265e-05,-0.0028882163678000837,5.3606195786459961e-06
1080,0.035195247818026999,0.0063333333333303902,-0.029790490266765488,5.5371305291431589e-05,-0.0030532387080156823,5.6645123556883275e-06
1080,0.037047629282133003,0.0066666666666634466,-0.033008747901910516,6.1339281443242914e-05,-0.003218257635145029,5.9679761518113185e-06
1080,0.038900010746239999,0.0069999999999966808,-0.03639202078651313,6.7610262990156438e-05,-0.0033832728846026157,6.2709815469135195e-06
1080,0.040752392210347002,0.0073333333333299175,-0.039940304967353464,7.4183761242379155e-05,-0.0035482841808403319,6.5734982522227144e-06
1080,0.042604773674452999,0.0076666666666629713,-0.04365359620454249,8.1059256334354985e-05,-0.0037132912371890246,6.8754950919758257e-06
1080,0.044457155138560002,0.0079999999999962081,-0.047531889960271356,8.823619632220643e-05,-0.0038782937557288663,7.1769399878514495e-06
1080,0.046309536602666998,0.0083333333333294422,-0.051575181387451929,9.5713996268271206e-05,-0.0040432914271805705,7.4777999460647762e-06
1080,0.048161918066773002,0.0086666666666624995,-0.055783465318324801,0.00010349203731538156,-0.0042082839308728755,7.7780410471103458e-06
1080,0.050014299530879998,0.0089999999999957336,-0.06015673625305714,0.00011156966575337307,-0.0043732709347323361,8.0776284379915148e-06
1080,0.051866680994987001,0.0093333333333289695,-0.064694988348345139,0.00011994619208013517,-0.0045382520952879958,8.3765263267620986e-06
1080,0.053719062459092998,0.0096666666666620233,-0.06939821540609678,0.00012862089005949754,-0.0047032270577516367,8.6746979793623807e-06
1080,0.055571443923200001,0.0099999999999952592,-0.074266410862211002,0.00013759299577807634,-0.0048681954561142259,8.9721057185788071e-06
1080,0.057423825387306997,0.010333333333328493,-0.079299567775459767,0.00014686170670299636,-0.0050331569132487652,9.2687109249200312e-06
1080,0.059276206851413001,0.010666666666661551,-0.084497678816548669,0.00015642618074237092,-0.005198111041088898,9.5644740393745487e-06
1080,0.061128588315519997,0.010999999999994787,-0.089860736257363211,0.00016628553531022368,-0.0053630574408145395,9.8593545678527649e-06
1080,0.062980969779627,0.011333333333328021,-0.095388731960400291,0.00017643884639734285,-0.005527995703037086,1.0153311087119163e-05
1080,0.064833351243733003,0.011666666666661078,-0.1010816573684587,0.00018688514764954417,-0.0056929254080584028,1.0446301252201339e-05
1080,0.066685732707840006,0.011999999999994312,-0.10693950349458857,0.00019762342945459416,-0.0058578461261298703,1.0738281805049984e-05
1080,0.068538114171946996,0.012333333333327546,-0.11296226091229034,0.00020865263803884518,-0.0060227574177017665,1.1029208584251031e-05
1080,0.070390495636052999,0.012666666666660602,-0.11914991974603752,0.00021997167457469446,-0.0061876588337471811,1.1319036535849271e-05
1080,0.072242877100160002,0.012999999999993838,-0.12550246966211367,0.00023157939429965091,-0.0063525499160761454,1.1607719724956468e-05
1080,0.074095258564267005,0.013333333333327074,-0.13201989985974782,0.0002434746056477043,-0.0065174301976341411,1.1895211348053383e-05
1080,0.075947640028372995,0.013666666666660127,-0.13870219906262204,0.00025565606939377788,-0.0066822992028742235,1.2181463746073563e-05
1080,0.077800021492479998,0.013999999999993362,-0.14554935551073492,0.00026812249781164545,-0.0068471564481128646,1.2466428417867551e-05
1080,0.079652402956587001,0.014333333333326599,-0.15256135695259723,0.00028087255384573169,-0.007012001441862317,1.275005603408622e-05
1080,0.081504784420693005,0.014666666666659655,-0.1597381906378347,0.0002939048502971717,-0.0071768336852374836,1.3032296451440017e-05
1080,0.083357165884799994,0.014999999999992887,-0.16707984331017467,0.00030721794902429354,-0.0073416526723399768,1.3313098727121821e-05
1080,0.085209547348906997,0.015333333333326125,-0.17458630120078852,0.00032081036015767797,-0.0075064578906138537,1.3592411133384425e-05
1080,0.087061928813013001,0.015666666666659182,-0.18225755002206243,0.0003346805413298037,-0.0076712488212738964,1.3870181172125702e-05
1080,0.088914310277120004,0.015999999999992416,-0.19009357496177243,0.00034882689691939791,-0.0078360249397100151,1.4146355589594238e-05
1080,0.090766691741227007,0.01633333333332565,-0.19809436067762679,0.00036324777731026599,-0.0080007857158543548,1.4420880390868105e-05
1080,0.092619073205332997,0.016666666666658704,-0.20625989129225172,0.00037794147816447537,-0.0081655306146249263,1.4693700854209367e-05
1080,0.09447145466944,0.016999999999991942,-0.21459015038859131,0.00039290623970982908,-0.0083302590963395904,1.4964761545353709e-05
1080,0.096323836133547003,0.017333333333325176,-0.22308512100567957,0.00040814024604123522,-0.0084949706170882721,1.5234006331406147e-05
1080,0.098176217597653007,0.017666666666658233,-0.23174478563486656,0.00042364162443581706,-0.0086596646291869969,1.5501378394581842e-05
1080,0.10002859906176,0.017999999999991467,-0.24056912621646087,0.00043940844468139649,-0.0088243405815943126,1.5766820245579399e-05
1080,0.10188098052587,0.018333333333325243,-0.24955812413676115,0.00045543871841798598,-0.0089889979203002703,1.6030273736589508e-05
1080,0.10373336198997,0.018666666666657217,-0.25871176022544212,0.00047173039849186202,-0.0091536360886809616,1.6291680073876056e-05
1080,0.10558574345408001,0.018999999999990993,-0.2680300147536685,0.00048828137832242788,-0.0093182545282263583,1.6550979830565902e-05
1080,0.10743812491819001,0.019333333333324768,-0.27751286743207743,0.00050508949127996475,-0.0094828526784089245,1.6808112957536837e-05
1080,0.10929050638229,0.019666666666656743,-0.28716029740963217,0.00052215251007570835,-0.0096474299775547601,1.7063018795743586e-05
1080,0.1111428878464,0.019999999999990518,-0.29697228327290748,0.00053946814616295552,-0.0098119858632753059,1.7315636087247178e-05
1080,0.11299526931051,0.020333333333324294,-0.3069488030695402,0.00055703405084798205,-0.0099765197966327369,1.7565904685026575e-05
1080,0.11484765077461,0.020666666666656269,-0.31708983433488791,0.0005748478165887084,-0.010141031265347713,1.7813765740726392e-05
1080,0.11670003223872,0.020999999999990044,-0.32739535401968761,0.00059290697131956474,-0.010305519684799693,1.8059154730856391e-05
1080,0.11855241370283,0.021333333333323819,-0.33786533846393124,0.00061120897601445331,-0.010469984444243656,1.8302004694888601e-05
1080,0.12040479516693001,0.021666666666655794,-0.3484997634468503,0.00062975122754291518,-0.010634424982919038,1.8542251528461836e-05
1080,0.12225717663103999,0.021999999999989573,-0.3592986041887033,0.00064853105812847137,-0.010798840741852998,1.8779830585556134e-05
1080,0.12410955809514999,0.022333333333323345,-0.37026183535245827,0.00066754573481407435,-0.01096323116375496,1.9014676685603003e-05
1080,0.12596193955925,0.022666666666655323,-0.3813894310464031,0.00068679245893622939,-0.011127595693944822,1.9246724122155021e-05
1080,0.12781432102335999,0.022999999999989095,-0.39268136482719079,0.000706268365606561,-0.011291933780787675,1.9475906670331633e-05
1080,0.12966670248747,0.023333333333322871,-0.40413760970275736,0.00072597052319933221,-0.011456244875566563,1.9702157592771198e-05
1080,0.13151908395157,0.023666666666654849,-0.41575813813619705,0.00074589593284673942,-0.011620528433439687,1.992540964740724e-05
1080,0.13337146541568001,0.023999999999988624,-0.42754292205007743,0.00076604152794058206,-0.011784783913880393,2.0145595093842626e-05
1080,0.13522384687979,0.024333333333322396,-0.43949193283060933,0.00078640417363911967,-0.01194901078053189,2.0362645698537609e-05
1080,0.13707622834388999,0.024666666666654371,-0.45160514133280855,0.00080698066638086661,-0.012113208502199234,2.0576492741746969e-05
1080,0.13892860980800001,0.024999999999988146,-0.4638825178861038,0.00082776773340411335,-0.012277376553295263,2.0787067023246751e-05
1080,0.14078099127211,0.025333333333321925,-0.47632403229978931,0.00084876203227102697,-0.012441514413685541,2.0994298866913625e-05
1080,0.14263337273620999,0.0256666666666539,-0.4889296538695036,0.0008699601503981202,-0.01260562156971428,2.11981181270932e-05
1080,0.14448575420032,0.025999999999987675,-0.50169935138416943,0.00089135860459216157,-0.012769697514665841,2.1398454194041326e-05
1080,0.14633813566442999,0.026333333333321447,-0.51463309313277006,0.00091295384059028682,-0.012933741748600586,2.1595235998125233e-05
1080,0.14819051712853001,0.026666666666653425,-0.52773084691219274,0.0009347422326063887,-0.013097753779422705,2.1788392016101938e-05
1080,0.15004289859264,0.026999999999987201,-0.54099258003555217,0.00095672008288286581,-0.013261733123359438,2.1977850276477126e-05
1080,0.15189528005674999,0.027333333333320973,-0.55441825934034894,0.00097888362124667525,-0.013425679304796781,2.2163538363809378e-05
1080,0.15374766152085001,0.027666666666652951,-0.56800785119773944,0.001001229004671931,-0.013589591857390455,2.234538342525585e-05
1080,0.15560004298496,0.027999999999986723,-0.58176132152231119,0.0010237523168481809,-0.013753470324571733,2.2523312176249888e-05
1080,0.15745242444907001,0.028333333333320505,-0.59567863578169622,0.0010464495677535112,-0.013917314259385067,2.269725090533022e-05
1080,0.15930480591317001,0.02866666666665248,-0.60975975900734602,0.0010693166932348461,-0.014081123225649804,2.2867125481334965e-05
1080,0.16115718737727999,0.028999999999986252,-0.62400465580584463,0.0010923495545947658,-0.014244896798498656,2.3032861359919706e-05
1080,0.16300956884139001,0.029333333333320027,-0.63841329037006456,0.0011155439381841318,-0.014408634564219893,2.3194383589366039e-05
1080,0.16486195030549,0.029666666666652002,-0.6529856264915439,0.0011388955550030613,-0.014572336121479301,2.335161681892946e-05
1080,0.16671433176959999,0.029999999999985774,-0.66772162757343534,0.0011624000403096376,-0.01473600108189148,2.3504485306576308e-05
1080,0.16856671323371,0.030333333333319557,-0.6826212566433113,0.0011860529532359237,-0.014899629069876002,2.3652912926286071e-05
1080,0.17041909469781,0.030666666666651528,-0.69768447636725239,0.0012098497764139826,-0.015063219723941118,2.3796823178058908e-05
1080,0.17227147616192001,0.030999999999985307,-0.71291124906454795,0.0012337859156114188,-0.01522677269729558,2.3936139197436085e-05
1080,0.17412385762603,0.031333333333319079,-0.72830153672226838,0.0012578566993761708,-0.015390287657720414,2.4070783764751974e-05
1080,0.17597623909012999,0.03166666666665105,-0.74385530101118957,0.0012820573786934092,-0.01555376428892118,2.4200679317238263e-05
1080,0.17782862055424001,0.031999999999984832,-0.75957250330237025,0.001306383126654356,-0.015717202291180669,2.4325747960946846e-05
1080,0.17968100201834999,0.032333333333318608,-0.77545310468362283,0.0013308290381366631,-0.015880601381252614,2.4445911482306997e-05
1080,0.18153338348244999,0.032666666666650579,-0.79149706597740477,0.001355390129499556,-0.016043961293781956,2.4561091362892892e-05
1080,0.18338576494656,0.032999999999984354,-0.80770434775940747,0.0013800613382936437,-0.016207281782002692,2.4671208794087768e-05
1080,0.18523814641066999,0.03333333333331813,-0.82407491037706104,0.0014048375229851406,-0.01637056261765352,2.4776184691496967e-05
1080,0.18709052787477001,0.033666666666650108,-0.84060871396952941,0.0014297134626979383,-0.016533803592468397,2.4875939712797771e-05
1080,0.18894290933888,0.033999999999983883,-0.8573057184884465,0.0014546838569734237,-0.016697004518917063,2.4970394275485324e-05
1080,0.19079529080298999,0.034333333333317652,-0.87416588371859216,0.001479743325547972,-0.01686016523014568,2.50594685745484e-05
1080,0.19264767226709001,0.03466666666664963,-0.89118916930012215,0.0015048864081516143,-0.017023285581530042,2.5143082603642293e-05
1080,0.1945000537312,0.034999999999983412,-0.90837553475158417,0.0015301075643278613,-0.017186365451462026,2.522115617624708e-05
1080,0.19635243519531001,0.035333333333317188,-0.9257249394928907,0.0015554011732747243,-0.017349404741306581,2.5293608946863091e-05
1080,0.19820481665941,0.035666666666649159,-0.94323734286990646,0.0015807615337103701,-0.017512403377015758,2.5360360435645883e-05
1080,0.20005719812351999,0.035999999999982935,-0.9609127041798623,0.0016061828637635204,-0.017675361309955836,2.5421330053150273e-05
1080,0.20190957958763001,0.03633333333331671,-0.97875098269673244,0.0016316593008886366,-0.017838278516870185,2.5476437125116311e-05
1080,0.20376196105173,0.036666666666648688,-0.99675213769828308,0.0016571849018092142,-0.018001155001550671,2.552560092057752e-05
1080,0.20561434251583999,0.036999999999982457,-1.0149161284939749,0.0016827536424894023,-0.018163990795691851,2.556874068018805e-05
1080,0.20746672397995,0.037333333333316232,-1.033242914452829,0.0017083594181338656,-0.018326785958854085,2.5605775644463259e-05
1080,0.20931910544405,0.03766666666664821,-1.0517324550330074,0.0017339960432191345,-0.018489540580178453,2.5636625085268787e-05
1080,0.21117148690816001,0.037999999999981986,-1.0703847098122645,0.0017596572515566091,-0.018652254779257155,2.5661208337474605e-05
1080,0.21302386837227,0.038333333333315761,-1.0891996385183456,0.0017853366963869214,-0.018814928706081063,2.5679444830312328e-05
1080,0.21487624983636999,0.038666666666647739,-1.1081772010611344,0.0018110279505089294,-0.018977562542788925,2.5691254122007835e-05
1080,0.21672863130048001,0.038999999999981515,-1.1273173575656661,0.0018367245064431683,-0.019140156504531703,2.5696555934238863e-05
1080,0.21858101276458999,0.039333333333315283,-1.1466200684050611,0.0018624197766293137,-0.019302710839395113,2.569527018614542e-05
1080,0.22043339422868999,0.039666666666647261,-1.1660852942352218,0.0018881070936609145,-0.019465225830160648,2.5687317031600882e-05
1080,0.2222857756928,0.039999999999981037,-1.1857129960303756,0.0019137797105569349,-0.019627701795153722,2.5672616896020504e-05
1080,0.22413815715690999,0.040333333333314805,-1.2055031351184946,0.0019394308010693938,-0.019790139088119094,2.5651090512458943e-05
1080,0.22599053862101001,0.040666666666646797,-1.2254556732184698,0.0019650534600300492,-0.019952538099975228,2.5622658960655359e-05
1080,0.22784292008512,0.040999999999980566,-1.2455705724780957,0.0019906407037355604,-0.020114899259625823,2.5587243705511162e-05
1080,0.22969530154923001,0.041333333333314341,-1.2658477955118692,0.0020161854703701259,-0.020277223033773644,2.554476663456568e-05
1080,0.23154768301333001,0.04166666666664632,-1.2862873054405131,0.0020416806204683678,-0.020439509928643792,2.5495150098241788e-05
1080,0.23340006447743999,0.041999999999980088,-1.3068890659312615,0.0020671189374175444,-0.020601760490748501,2.5438316949176532e-05
1080,0.23525244594155001,0.04233333333331387,-1.3276530412378702,0.002092493127997851,-0.020763975306608628,2.5374190580306481e-05
1080,0.23710482740565,0.042666666666645842,-1.3485791962423082,0.0021177958229632913,-0.020926155004438004,2.5302694965440355e-05
1080,0.23895720886975999,0.04299999999997961,-1.3696674964971403,0.0021430195776619069,-0.02108830025483209,2.5223754698615524e-05
1080,0.24080959033387001,0.043333333333313392,-1.3909179082675269,0.0021681568726939645,-0.021250411770386755,2.5137295032057721e-05
1080,0.24266197179797,0.043666666666645364,-1.4123303985748488,0.0021932001146103049,-0.021412490307321768,2.5043241916340368e-05
1080,0.24451435326207999,0.043999999999979146,-1.4339049352409272,0.0022181416366493767,-0.021574536666078534,2.4941522039071734e-05
1080,0.24636673472619,0.044333333333312915,-1.4556414869317449,0.0022429736995112338,-0.021736551690817573,2.4832062861856988e-05
1080,0.24821911619029,0.044666666666644893,-1.4775400232027069,0.0022676884921703369,-0.021898536270962162,2.4714792659103317e-05
1080,0.25007149765440001,0.044999999999978668,-1.4996005145443965,0.0022922781327256157,-0.022060491341689602,2.458964055527862e-05
1080,0.25192387911851,0.045333333333312437,-1.521822932427688,0.0023167346692858043,-0.022222417883291594,2.4456536560188411e-05
1080,0.25377626058260999,0.045666666666644415,-1.5442072493503154,0.0023410500808915082,-0.022384316922627486,2.4315411605704002e-05
1080,0.25562864204671998,0.04599999999997819,-1.5667534388838018,0.0023652162784721493,-0.022546189533486367,2.4166197580640944e-05
1080,0.25748102351083002,0.046333333333311966,-1.5894614757196035,0.0023892251058354195,-0.022708036835801727,2.4008827363270381e-05
1080,0.25933340497493002,0.046666666666643951,-1.6123313357165936,0.0024130683406907542,-0.022869859996990125,2.3843234855334682e-05
1080,0.26118578643904,0.046999999999977719,-1.6353629959487801,0.0024367376957043175,-0.023031660232186588,2.3669355013563258e-05
1080,0.26303816790314999,0.047333333333311495,-1.6585564347520658,0.0024602248195829232,-0.023193438803285636,2.3487123878605565e-05
1080,0.26489054936724998,0.047666666666643473,-1.6819116317722329,0.0024835212981880448,-0.02335519702016706,2.3296478605121513e-05
1080,0.26674293083136003,0.047999999999977248,-1.7054285680130075,0.0025066186556768812,-0.023516936240774656,2.3097357488836404e-05
1080,0.26859531229547001,0.048333333333311024,-1.7291072258829947,0.0025295083556678534,-0.023678657869987137,2.2889699990972339e-05
1080,0.27044769375957001,0.048666666666643002,-1.7529475892437094,0.0025521818024309257,-0.023840363360714694,2.2673446763072414e-05
1080,0.27230007522367999,0.04899999999997677,-1.7769496434575229,0.0025746303420995146,-0.024002054213813434,2.2448539668589042e-05
1080,0.27415245668778998,0.049333333333310546,-1.8011133754343034,0.0025968452639009614,-0.024163731976780366,2.2214921801446912e-05
1080,0.27600483815188998,0.049666666666642517,-1.8254387736790061,0.0026188178014053018,-0.024325398244702697,2.1972537504340193e-05
1080,0.27785721961600002,0.049999999999976293,-1.8499258283390236,0.0026405391337889143,-0.024487054660017483,2.1721332383612466e-05
1080,0.27970960108011,0.050333333333310075,-1.874574531250035,0.0026620003871094871,-0.02464870291101149,2.1461253320572726e-05
1080,0.28156198254421,0.050666666666642046,-1.8993848759826721,0.0026831926355915274,-0.024810344732637206,2.1192248482040404e-05
1080,0.28341436400831999,0.050999999999975822,-1.9243568578887733,0.0027041069029186703,-0.02497198190610125,2.0914267327142973e-05
1080,0.28526674547242997,0.05133333333330959,-1.9494904741459589,0.0027247341635288575,-0.025133616257185683,2.0627260610186932e-05
1080,0.28711912693653002,0.051666666666641575,-1.9747857238028792,0.0027450653439111809,-0.025295249656920298,2.0331180382323308e-05
1080,0.28897150840064001,0.051999999999975351,-2.000242607823898,0.0027650913239004619,-0.025456884021018873,2.0025979989280964e-05
1080,0.29082388986475,0.052333333333309119,-2.0258611291319246,0.002784802937965142,-0.025618521308026807,1.9711614064679942e-05
1080,0.29267627132884999,0.052666666666641097,-2.0516412926517864,0.0028041909764870564,-0.025780163519861871,1.9388038521914331e-05
1080,0.29452865279295998,0.052999999999974873,-2.077583105352903,0.0028232461870291163,-0.025941812701116687,1.9055210542060152e-05
1080,0.29638103425707002,0.053333333333308655,-2.1036865762899448,0.0028419592755864428,-0.026103470937041611,1.8713088557326615e-05
1080,0.29823341572117001,0.053666666666640633,-2.1299517166439306,0.0028603209078193218,-0.026265140353985902,1.8361632232878964e-05
1080,0.30008579718528,0.053999999999974402,-2.1563785397625153,0.0028783217102637507,-0.026426823118584651,1.8000802444428671e-05
1080,0.30193817864938999,0.054333333333308177,-2.1829670611981187,0.0028959522715157368,-0.026588521435603356,1.7630561251986173e-05
1080,0.30379056011348998,0.054666666666640149,-2.2097172987464315,0.0029132031433876239,-0.026750237548313037,1.7250871871887166e-05
1080,0.30564294157760002,0.054999999999973938,-2.2366292724840133,0.0029300648420323909,-0.026911973737581849,1.6861698644767018e-05
1080,0.30749532304171001,0.055333333333307706,-2.2637030048036375,0.0029465278490324537,-0.027073732319624136,1.6463007000062803e-05
1080,0.30934770450581001,0.055666666666639678,-2.2909385204499788,0.0029625826124515479,-0.02723551564634118,1.6054763419094331e-05
1080,0.31120008596991999,0.055999999999973446,-2.3183358465543313,0.0029782195478461285,-0.027397326104352495,1.5636935394580481e-05
1080,0.31305246743402998,0.056333333333307221,-2.3458950126670248,0.0029934290392335814,-0.027559166112693524,1.5209491387452995e-05
1080,0.31490484889812997,0.0566666666666392,-2.3736160507901691,0.0030082014400158626,-0.027721038123144137,1.4772400782280981e-05
1080,0.31675723036224002,0.056999999999972982,-2.4014989954094257,0.0030225270738558924,-0.027882944619256483,1.4325633840029739e-05
1080,0.31860961182635,0.05733333333330675,-2.4295438835234457,0.0030363962355044378,-0.028044888114019863,1.3869161648545365e-05
1080,0.32046199329045,0.057666666666638729,-2.4577507546736812,0.0030497991915771393,-0.028206871150235267,1.3402956072701382e-05
1080,0.32231437475455998,0.057999999999972504,-2.4861196509732406,0.0030627261812795226,-0.028368896299559292,1.2926989702383113e-05
1080,0.32416675621867003,0.058333333333306286,-2.5146506171334275,0.0030751674170780949,-0.028530966160186976,1.2441235798572257e-05
1080,0.32601913768277002,0.058666666666638265,-2.5433437004907118,0.0030871130853181773,-0.028693083357284089,1.1945668240082206e-05
1080,0.32787151914688001,0.058999999999972033,-2.5721989510328158,0.0030985533467870726,-0.028855250542104142,1.1440261468895437e-05
1080,0.32972390061099,0.059333333333305809,-2.6012164214225169,0.0031094783372214423,-0.029017470389701049,1.0924990434369648e-05
1080,0.33157628207508999,0.059666666666637773,-2.6303961670219844,0.0031198781677597189,-0.029179745599467368,1.0399830538276538e-05
1080,0.33342866353919998,0.059999999999971548,-2.6597382459163099,0.0031297429253393794,-0.029342078894325375,9.8647575796603396e-06
1080,0.33528104500331002,0.060333333333305338,-2.6892427189348234,0.0031390626730382668,-0.029504473018513527,9.3197476988872864e-06
1080,0.33713342646741001,0.060666666666637309,-2.7189096496730589,0.0031478274503613899,-0.029666930738235488,8.764777323123164e-06
1080,0.33898580793152,0.060999999999971077,-2.7487391045140215,0.0031560272734735191,-0.02982945484096235,8.1998231121294019e-06
1080,0.34083818939562999,0.061333333333304853,-2.7787311526473122,0.0031636521353775532,-0.029992048133290553,7.6248619040342264e-06
1080,0.34269057085972998,0.061666666666636831,-2.8088858660890454,0.0031706920060404855,-0.030154713441733247,7.0398706629322536e-06
1080,0.34454295232384002,0.061999999999970613,-2.8392033197011681,0.0031771368324672151,-0.030317453612122902,6.4448264267297507e-06
1080,0.34639533378795001,0.062333333333304382,-2.8696835912087337,0.0031829765387232974,-0.030480271507565704,5.8397062560821614e-06
1080,0.34824771525205001,0.062666666666636367,-2.9003267612181096,0.0031882010259080963,-0.030643170009375869,5.2244871847987891e-06
1080,0.35010009671615999,0.062999999999970135,-2.9311329132346944,0.003192800172079326,-0.030806152016584935,4.5991461712295709e-06
1080,0.35195247818026998,0.063333333333303904,-2.9621021336786924,0.0031967638321303152,-0.030969220443998139,3.9636600509891104e-06
1080,0.35380485964436997,0.063666666666635882,-2.9932345119019494,0.0032000818376213295,-0.031132378223256922,3.3180054910144906e-06
1080,0.35565724110848002,0.063999999999969664,-3.0245301402044231,0.0032027439965662827,-0.031295628302473816,2.6621589449530063e-06
1080,0.35750962257259,0.064333333333303433,-3.0559891138487916,0.0032047400931763058,-0.031458973644368567,1.9960966100231295e-06
1080,0.35936200403669,0.064666666666635411,-3.0876115310762677,0.0032060598875615983,-0.031622417227476128,1.3197943852926276e-06
1080,0.36121438550079998,0.064999999999969194,-3.1193974931221478,0.0032066931153926555,-0.031785962045880155,6.3322783105713426e-07
1080,0.36306676696491003,0.065333333333302962,-3.1513471042295911,0.0032066294875229386,-0.031949611107443529,-6.3627869716740057e-08
1080,0.36491914842901002,0.06566666666663494,-3.1834604716647199,0.0032058586895737933,-0.03211336743512886,-7.7079794914526421e-07
1080,0.36677152989312001,0.065999999999968709,-3.215737705731573,0.0032043703814830602,-0.032277234066852942,-1.4883080907329919e-06
1080,0.36862391135722999,0.066333333333302477,-3.2481789197853481,0.0032021541970190335,-0.032441214053775279,-2.2161844640268069e-06
1080,0.37047629282132999,0.066666666666634455,-3.2807842302470971,0.0031991997432607297,-0.032605310461749179,-2.9544537583037041e-06
1080,0.37232867428543998,0.066999999999968238,-3.3135537566183553,0.0031954966000461152,-0.032769526371258344,-3.7031432146144936e-06
1080,0.37418105574955002,0.06733333333330202,-3.3464876214941359,0.003191034319389116,-0.032933864875780837,-4.4622806569990776e-06
1080,0.37603343721365001,0.067666666666633998,-3.3795859505774759,0.0031858024248667162,-0.033098329083340178,-5.2318945223999368e-06
1080,0.37788581867776,0.067999999999967767,-3.4128488726940112,0.0031797904109775489,-0.033262922116535462,-6.0120138891673882e-06
1080,0.37973820014186999,0.068333333333301535,-3.446276519804961,0.0031729877424727291,-0.03342764711094999,-6.8026685048196443e-06
1080,0.38159058160596998,0.068666666666633513,-3.479869027021774,0.0031653838536600913,-0.033592507216812915,-7.6038888126376759e-06
1080,0.38344296307008002,0.068999999999967296,-3.5136265326208673,0.0031569681476829132,-0.033757505599093122,-8.4157059771779334e-06
1080,0.38529534453419001,0.069333333333301064,-3.5475491780568258,0.0031477299957739045,-0.033922645435958333,-9.2381519090089708e-06
1080,0.38714772599829,0.069666666666633043,-3.5816371079773606,0.0031376587364853781,-0.034087929920534596,-1.0071259288526236e-05
1080,0.38900010746239999,0.069999999999966825,-3.6158904702384151,0.0031267436748962682,-0.034253362261054361,-1.091506158910991e-05
1080,0.39085248892650998,0.070333333333300593,-3.6503094159177798,0.0031149740817974507,-0.034418945679364626,-1.1769593098817275e-05
1080,0.39270487039060997,0.070666666666632558,-3.6848940993305384,0.0031023391928552352,-0.034584683412758367,-1.2634888942215394e-05
1080,0.39455725185472001,0.07099999999996634,-3.7196446780447299,0.0030888282077538194,-0.034750578714191419,-1.3510985101415618e-05
1080,0.39640963331883,0.071333333333300122,-3.7545613128955413,0.0030744302893182698,-0.034916634850811319,-1.4397918435549762e-05
1080,0.39826201478293,0.071666666666632087,-3.7896441680014186,0.0030591345626173531,-0.035082855105877248,-1.5295726700916607e-05
1080,0.40011439624703998,0.071999999999965869,-3.8248934107804344,0.0030429301140474803,-0.035249242779015873,-1.6204448569872859e-05
1080,0.40196677771115003,0.072333333333299638,-3.8603092119652218,0.00302580599039838,-0.035415801184787182,-1.7124123649100352e-05
1080,0.40381915917525002,0.072666666666631616,-3.8958917456198798,0.0030077511979002512,-0.035582533654657938,-1.805479249812895e-05
1080,0.40567154063936001,0.072999999999965398,-3.9316411891572036,0.0029887547012533095,-0.035749443537323899,-1.899649664694184e-05
1080,0.40752392210346999,0.073333333333299167,-3.9675577233544828,0.002968805422640729,-0.035916534197278929,-1.9949278612580664e-05
1080,0.40937630356756999,0.073666666666631145,-4.0036415323713479,0.0029478922407238806,-0.036083809016865212,-2.0913181916848442e-05
1080,0.41122868503167997,0.073999999999964913,-4.0398928037679731,0.002926003989620782,-0.036251271396625491,-2.1888251103098612e-05
1080,0.41308106649579002,0.074333333333298696,-4.07631172852187,0.0029031294578693392,-0.036418924753897117,-2.2874531751442678e-05
1080,0.41493344795989001,0.074666666666630674,-4.1128985010467858,0.0028792573873734693,-0.03658677252491551,-2.3872070495869804e-05
1080,0.416785829424,0.074999999999964442,-4.1496533192119998,0.0028543764723332585,-0.036754818165214198,-2.488091504021076e-05
1080,0.41863821088810999,0.075333333333298225,-4.186576384360218,0.0028284753581604726,-0.036923065148217783,-2.590111417278575e-05
1080,0.42049059235220998,0.075666666666630189,-4.2236679013276328,0.0028015426403776209,-0.037091516967415299,-2.6932717782851916e-05
1080,0.42234297381632002,0.075999999999963971,-4.2609280784644152,0.0027735668635015067,-0.037260177136782827,-2.7975776876114067e-05
1080,0.42419535528043001,0.076333333333297754,-4.2983571276538051,0.0027445365199127041,-0.037429049189389683,-2.9030343588802746e-05
1080,0.42604773674453,0.076666666666629718,-4.335955264333438,0.0027144400487087803,-0.037598136679633319,-3.0096471203924029e-05
1080,0.42790011820863999,0.0769999999999635,-4.3737227075171194,0.0026832658345422446,-0.037767443183681852,-3.117421416653559e-05
1080,0.42975249967274998,0.077333333333297269,-4.4116596798152159,0.0026510022064449804,-0.037936972298096221,-3.2263628097264242e-05
1080,0.43160488113685003,0.077666666666629247,-4.4497664074573242,0.0026176374366360883,-0.038106727642108318,-3.3364769808892115e-05
1080,0.43345726260096001,0.077999999999963029,-4.488043120315421,0.0025831597393148674,-0.038276712858096827,-3.4477697321221052e-05
1080,0.43530964406507,0.078333333333296798,-4.5264900519256397,0.0025475572694404636,-0.038446931610218386,-3.5602469874403901e-05
1080,0.43716202552917,0.078666666666628776,-4.5651074395123654,0.0025108181214947693,-0.038617387586726067,-3.6739147945694265e-05
1080,0.43901440699327998,0.078999999999962545,-4.6038955240128487,0.0024729303282303573,-0.038788084500483086,-3.7887793264412008e-05
1080,0.44086678845739002,0.079333333333296327,-4.6428545501004326,0.0024338818594051149,-0.038959026087584149,-3.904846882524231e-05
1080,0.44271916992149002,0.079666666666628291,-4.6819847662101619,0.0023936606204999515,-0.039130216109729159,-4.0221238905163244e-05
1080,0.44457155138560001,0.079999999999962074,-4.72128642456493,0.0023522544514213346,-0.039301658354767871,-4.140616907861705e-05
1080,0.44642393284970999,0.080333333333295842,-4.7607597812002389,0.0023096511251905426,-0.039473356635308675,-4.2603326230791965e-05
1080,0.44827631431380999,0.080666666666627834,-4.8004050959913931,0.0022658383466154521,-0.03964531479115399,-4.3812778575090317e-05
1080,0.45012869577791997,0.080999999999961603,-4.8402226326812485,0.0022208037509468181,-0.039817536689855111,-4.5034595668634009e-05
1080,0.45198107724203002,0.081333333333295371,-4.8802126589065802,0.002174534902521218,-0.039990026225331314,-4.6268848425600247e-05
1080,0.45383345870613001,0.081666666666627363,-4.9203754462269211,0.0021270192933861049,-0.040162787320341294,-4.7515609135113059e-05
1080,0.45568584017024,0.081999999999961132,-4.960711270153995,0.002078244341908825,-0.040335823927073806,-4.8774951477280046e-05
1080,0.45753822163434998,0.0823333333332949,-5.0012204101797462,0.0020281973913719607,-0.040509140025751497,-5.00469505368642e-05
1080,0.45939060309844998,0.082666666666626878,-5.041903149806906,0.0019768657085502731,-0.040682739627159466,-5.133168282168762e-05
1080,0.46124298456256002,0.082999999999960661,-5.0827597765801524,0.0019242364822710848,-0.040856626773246245,-5.2629226279188231e-05
1080,0.46309536602667001,0.083333333333294443,-5.1237905821158822,0.0018702968219606153,-0.041030805535729749,-5.393966031046949e-05
1080,0.46494774749077,0.083666666666626408,-5.1649958621345595,0.0018150337561711537,-0.041205280018677709,-5.526306578946165e-05
1080,0.46680012895487999,0.083999999999960176,-5.2063759164936769,0.0017584342310911299,-0.041380054359117187,-5.6599525080023879e-05
1080,0.46865251041898998,0.084333333333293944,-5.2479310492193241,0.0017004851090407864,-0.041555132725647197,-5.7949122050343462e-05
1080,0.47050489188309003,0.084666666666625937,-5.2896615685403781,0.0016411731669476305,-0.041730519321054003,-5.9311942093155998e-05
1080,0.47235727334720001,0.084999999999959705,-5.3315677869233244,0.001580485094804246,-0.041906218382946427,-6.0688072143384574e-05
1080,0.47420965481131,0.085333333333293487,-5.3736500211056946,0.0015184074941109562,-0.042082234182369956,-6.2077600693289918e-05
1080,0.47606203627540999,0.085666666666625452,-5.4159085921321477,0.0014549268762976727,-0.042258571026452765,-6.348061781328356e-05
1080,0.47791441773951998,0.08599999999995922,-5.4583438253912222,0.0013900296611271744,-0.042435233259074417,-6.4897215170498266e-05
1080,0.47976679920363002,0.086333333333293016,-5.5009560506506858,0.001323702175082419,-0.042612225259463933,-6.6327486044755296e-05
1080,0.48161918066773002,0.086666666666624981,-5.54374560209558,0.0012559306497322306,-0.042789551444894415,-6.7771525350188318e-05
1080,0.48347156213184,0.086999999999958749,-5.5867128183669585,0.0011867012200774338,-0.042967216271378943,-6.9229429654796954e-05
1080,0.48532394359594999,0.087333333333292532,-5.6298580425992073,0.0011159999228805442,-0.043145224232248654,-7.0701297196889494e-05
1080,0.48717632506004999,0.087666666666624496,-5.6731816224601159,0.0010438126949722187,-0.043323579860908713,-7.2187227908325518e-05
1080,0.48902870652415997,0.087999999999958292,-5.7166839101916542,0.0009701253715374504,-0.043502287731538206,-7.3687323434768295e-05
1080,0.49088108798827002,0.088333333333292061,-5.7603652626493291,0.00089492368438456762,-0.043681352457675147,-7.5201687152882718e-05
1080,0.49273346945237001,0.088666666666624025,-5.8042260413443358,0.00081819326018968083,-0.043860778695007062,-7.673042419488681e-05
1080,0.49458585091648,0.088999999999957793,-5.8482666124864409,0.00073991961871968217,-0.044040571142105002,-7.8273641469998702e-05
1080,0.49643823238058998,0.08933333333329159,-5.8924873470254306,0.00066008817103711543,-0.044220734538989788,-7.9831447682566692e-05
1080,0.49829061384468998,0.089666666666623554,-5.9368886206954095,0.00057868421767938211,-0.044401273669979008,-8.14039533577333e-05
1080,0.50014299530880002,0.089999999999957336,-5.9814708140598407,0.00049569294681510098,-0.04458219336443154,-8.2991270864281124e-05
1080,0.50199537677290995,0.090333333333291105,-6.026234312555153,0.00041109943238141491,-0.044763498495312325,-8.4593514433686047e-05
1080,0.50384775823701,0.090666666666623097,-6.0711795065372574,0.00032488863219385695,-0.044945193982104413,-8.6210800187557941e-05
1080,0.50570013970112004,0.090999999999956865,-6.1163067913287952,0.0002370453860325472,-0.045127284791538082,-8.7843246161309739e-05
1080,0.50755252116521998,0.09133333333328883,-6.1616165672647378,0.000147554413708364,-0.045309775935942924,-8.9490972324183203e-05
1080,0.50940490262933003,0.091666666666622626,-6.2071092397423957,5.6400313097139539e-05,-0.045492672477657724,-9.1154100611224459e-05
1080,0.51125728409343996,0.091999999999956381,-6.2527852192685067,-3.6432441843732682e-05,-0.045675979526110681,-9.2832754940872222e-05
1080,0.51310966555755,0.092333333333290163,-6.2986449215098359,-0.00013095950309047574,-0.04585970224132941,-9.452706124674304e-05
1080,0.51496204702165005,0.092666666666622155,-6.3446887673430501,-0.00022719665059131244,-0.046043845833214171,-9.6237147500836706e-05
1080,0.51681442848575998,0.09299999999995591,-6.3909171829068905,-0.00032515979433437464,-0.046228415563840643,-9.7963143743062196e-05
1080,0.51866680994986003,0.093333333333287902,-6.4373305996524248,-0.00042486497643793463,-0.046413416745533911,-9.9705182103560009e-05
1080,0.52051919141396996,0.093666666666621642,-6.483929454397809,-0.00052632837327623442,-0.046598854745383771,-0.00010146339683829981
1080,0.52237157287808,0.093999999999955439,-6.5307141893801672,-0.0006295662976257188,-0.046784734982358224,-0.00010323792434948437
1080,0.52422395434218005,0.094333333333287431,-6.5776852523107578,-0.00073459520084605311,-0.04697106293059046,-0.0001050289032203343
1080,0.52607633580628999,0.094666666666621185,-6.6248430964310172,-0.0008414316750909338,-0.047157844120259661,-0.00010683647424488068
1080,0.52792871727040003,0.094999999999954968,-6.6721881805671703,-0.00095009245554412774,-0.04734508413615348,-0.00010866078045319391
1080,0.52978109873449997,0.095333333333286946,-6.7197209691879394,-0.0010605944226914842,-0.047532788620769394,-0.00011050196714735652
1080,0.53163348019861001,0.095666666666620714,-6.7674419324631856,-0.0011729546046251574,-0.047720963275246463,-0.00011236018193367321
1080,0.53348586166272005,0.095999999999954497,-6.8153515463210681,-0.0012871901793743978,-0.047909613857882366,-0.00011423557474924054
1080,0.53533824312681999,0.096333333333286475,-6.8634502925084178,-0.0014033184772747134,-0.048098746187349786,-0.00011612829790031563
1080,0.53719062459093003,0.096666666666620243,-6.9117386586520357,-0.0015213569833712587,-0.048288366143617534,-0.00011803850609654527
1080,0.53904300605503996,0.096999999999954012,-6.9602171383185238,-0.0016413233398508765,-0.048478479666487835,-0.00011996635647961764
1080,0.54089538751914001,0.097333333333286004,-7.00888623107741,-0.0017632353485147619,-0.048669092758885792,-0.0001219120086638854
1080,0.54274776898324995,0.097666666666619759,-7.0577464425651772,-0.001887110973287478,-0.048860211487767057,-0.00012387562477271595
1080,0.54460015044735999,0.097999999999953541,-7.1067982845479127,-0.0020129683427566139,-0.049051841982735163,-0.000125857369469136
1080,0.54645253191146004,0.098333333333285519,-7.1560422749872252,-0.0021408257527558835,-0.049243990439312359,-0.00012785740999926974
1080,0.54830491337556997,0.098666666666619288,-7.2054789381071842,-0.002270701668987117,-0.04943666311995857,-0.00012987591623123357
1080,0.55015729483968001,0.098999999999953084,-7.2551088044598329,-0.0024026147296746197,-0.049629866352648232,-0.00013191306068750292
1080,0.55200967630377995,0.099333333333285034,-7.3049324109940583,-0.0025365837482661255,-0.049823606534225656,-0.00013396901859150592
1080,0.55386205776788999,0.099666666666618817,-7.3549503011255277,-0.0026726277161746225,-0.050017890131469553,-0.00013604396790849716
1080,0.55571443923200003,0.099999999999952585,-7.4051630248051792,-0.0028107658055556758,-0.05021272367965128,-0.00013813808938105334
1520,0,0,0,0,0,0
1520,0.0018523814641067001,0.00033333333333318132,0.0019138987024965601,-0.00056042178098109682,0.0019138987024965601,-0.00056042178098109682
1520,0.0037047629282133,0.00066666666666634453,0.0076551073470551793,-0.0022413499016550728,0.0057412086445586194,-0.0016809281206739762
1520,0.0055571443923200002,0.00099999999999952601,0.017222162675652145,-0.0050417722715954284,0.0095670553285969653,-0.0028004223699403556
1520,0.0074095258564266997,0.0013333333333327071,0.030612623691458507,-0.0089600011078287082,0.013390461015806362,-0.0039182288362332798
1520,0.0092619073205332993,0.0016666666666658705,0.047823068991360046,-0.013993671946492335,0.017210445299901542,-0.0050336708386636269
1520,0.01111428878464,0.001999999999999052,0.068849093083832386,-0.020139742297002595,0.021026024092472336,-0.0061460703505102588
1520,0.012966670248747,0.0023333333333322871,0.093685301743684557,-0.027394489975737495,0.024836208659852171,-0.0072547476787349014
1520,0.014819051712853,0.0026666666666653425,0.12232530646851376,-0.035753511165625182,0.028640004724829204,-0.0083590211898876832
1520,0.016671433176960002,0.002999999999998578,0.15476171811585607,-0.045211718257700394,0.03243641164734231,-0.00945820709207521
1520,0.018523814641067001,0.0033333333333318135,0.19098613981117923,-0.055763337538356661,0.036224421695323167,-0.010551619280656271
1520,0.020376196105173001,0.0036666666666648686,0.23098914210294674,-0.067401895387130983,0.040003002291767523,-0.011638557848774319
1520,0.022228577569280001,0.003999999999998104,0.27476026675449439,-0.080120223916723354,0.043771124651547644,-0.012718328529592374
1520,0.024080959033387001,0.0043333333333313391,0.3222880369870692,-0.09391047123187353,0.04752777023257479,-0.013790247315150181
1520,0.025933340497493001,0.0046666666666643946,0.37355993659770337,-0.1087640912667337,0.051271899610634178,-0.014853620034860173
1520,0.0277857219616,0.0049999999999976296,0.42856239923640493,-0.12467184074737095,0.055002462638701573,-0.015907749480637248
1520,0.029638103425707,0.0053333333333308646,0.48728079941537444,-0.14162377764633249,0.058718400178969517,-0.016951936898961541
1520,0.031490484889813,0.0056666666666639201,0.54969944368115164,-0.15960926007774234,0.062418644265777243,-0.017985482431409839
1520,0.033342866353920003,0.005999999999997156,0.6158015620995031,-0.17861694572492348,0.06610211841835141,-0.019007685647181125
1520,0.035195247818026999,0.0063333333333303902,0.68556930020448037,-0.19863479189044897,0.069767738104977314,-0.020017846165525498
1520,0.037047629282133003,0.0066666666666634466,0.7589837115626159,-0.21965005625417294,0.073414411358135548,-0.021015264363723987
1520,0.038900010746239999,0.0069999999999966808,0.836024751103562,-0.24164929842123961,0.077041039540946071,-0.021999242167066675
1520,0.040752392210347002,0.0073333333333299175,0.91667126936511611,-0.2646183823353257,0.080646518261554098,-0.022969083914086089
1520,0.042604773674452999,0.0076666666666629713,1.0009010077978031,-0.28854247962517271,0.084229738432686926,-0.023924097289847037
1520,0.044457155138560002,0.0079999999999962081,1.0886905952695567,-0.31340607394440817,0.087789587471753638,-0.024863594319235478
1520,0.046309536602666998,0.0083333333333294422,1.1800155459051067,-0.3391929663549843,0.091324950635550087,-0.025786892410576159
1520,0.048161918066773002,0.0086666666666624995,1.274850258388756,-0.36588628179404076,0.094834712483649206,-0.026693315439056429
1520,0.050014299530879998,0.0089999999999957336,1.3731680168522602,-0.39346847665325979,0.098317758463504282,-0.027582194859219047
1520,0.051866680994987001,0.0093333333333289695,1.474940993459412,-0.4219213474863534,0.10177297660715179,-0.028452870833093627
1520,0.053719062459092998,0.0096666666666620233,1.5801402527909256,-0.45122604084728235,0.10519925933151375,-0.029304693360928929
1520,0.055571443923200001,0.0099999999999952592,1.6887357581248472,-0.48136306424919834,0.10859550533392151,-0.030137023401915992
1520,0.057423825387306997,0.010333333333328493,1.8006963796952686,-0.51231229821821156,0.11196062157042139,-0.030949233969013199
1520,0.059276206851413001,0.010666666666661551,1.9159899050018905,-0.54405300940059087,0.11529352530662186,-0.031740711182379283
1520,0.061128588315519997,0.010999999999994787,2.0345830512326639,-0.57656386466733256,0.11859314623077342,-0.032510855266741683
1520,0.062980969779627,0.011333333333328021,2.1564414798482532,-0.60982294614247756,0.12185842861558917,-0.03325908147514501
1520,0.064833351243733003,0.011666666666661078,2.2815298133665323,-0.64380776706501652,0.12508833351827897,-0.033984820922538996
1520,0.066685732707840006,0.011999999999994312,2.4098116543724011,-0.67849528837686757,0.12828184100586881,-0.034687521311851072
1520,0.068538114171946996,0.012333333333327546,2.5412496067637131,-0.71386193591029978,0.13143795239131212,-0.035366647533432161
1520,0.070390495636052999,0.012666666666660602,2.6758052992339141,-0.74988361803059278,0.13455569247020088,-0.036021682120292997
1520,0.072242877100160002,0.012999999999993838,2.8134394109745728,-0.78653574356844891,0.1376341117406587,-0.036652125537856087
1520,0.074095258564267005,0.013333333333327074,2.9541116995680192,-0.82379323985715946,0.14067228859344649,-0.037257496288710591
1520,0.075947640028372995,0.013666666666660127,3.0977810310285188,-0.86163057066922855,0.14366933146049968,-0.037837330812069081
1520,0.077800021492479998,0.013999999999993362,3.2444054119281391,-0.90002175382130989,0.14662438089962024,-0.038391183152081322
1520,0.079652402956587001,0.014333333333326599,3.3939420235312787,-0.93894037819519305,0.1495366116031395,-0.038918624373883132
1520,0.081504784420693005,0.014666666666659655,3.546347257841532,-0.97835961989481635,0.15240523431025341,-0.03941924169962327
1520,0.083357165884799994,0.014999999999992887,3.7015767554429186,-1.0182522572314625,0.1552294976013866,-0.039892637336646074
1520,0.085209547348906997,0.015333333333326125,3.8595854449973239,-1.0585906842004773,0.15800868955440509,-0.040338426969014685
1520,0.087061928813013001,0.015666666666659182,4.0203275842278137,-1.0993469220753254,0.16074213923048963,-0.040756237874848139
1520,0.088914310277120004,0.015999999999992416,4.1837568021944191,-1.1404926287131318,0.16342921796660545,-0.041145706637806562
1520,0.090766691741227007,0.01633333333332565,4.3498261426257967,-1.1819991051208019,0.16606934043137717,-0.041506476407669926
1520,0.092619073205332997,0.016666666666658704,4.5184881080268253,-1.2238372987844106,0.16866196540102871,-0.041838193663608705
1520,0.09447145466944,0.016999999999991942,4.6896947042357109,-1.2659778032177742,0.17120659620888576,-0.042140504433363653
1520,0.096323836133547003,0.017333333333325176,4.8633974850325838,-1.3083908531249477,0.17370278079687268,-0.042413049907173581
1520,0.098176217597653007,0.017666666666658233,5.0395475963258134,-1.3510463145086817,0.17615011129322919,-0.042655461383734085
1520,0.10002859906176,0.017999999999991467,5.2180958193427713,-1.3939136689861458,0.17854822301695802,-0.042867354477463954
1520,0.10188098052587,0.018333333333325243,5.3989926121295948,-1.4369619914951468,0.18089679278682352,-0.043048322509001029
1520,0.10373336198997,0.018666666666657217,5.5821881485108991,-1.4801599204885998,0.18319553638130415,-0.04319792899345299
1520,0.10558574345408001,0.018999999999990993,5.7676323534747116,-1.5234756196243251,0.18544420496381211,-0.04331569913572527
1520,0.10743812491819001,0.019333333333324768,5.9552749336850646,-1.5668767298577855,0.18764258021035268,-0.043401110233460286
1520,0.10929050638229,0.019666666666656743,6.1450654015601121,-1.6103303107594988,0.18979046787504705,-0.04345358090171339
1520,0.1111428878464,0.019999999999990518,6.3369530909400442,-1.6538027697811799,0.19188768937993197,-0.043472459021681044
1520,0.11299526931051,0.020333333333324294,6.5308872006423151,-1.6972598009464899,0.1939341097022709,-0.04345703116531003
1520,0.11484765077461,0.020666666666656269,6.7268168261059129,-1.7406663100550845,0.1959296254635978,-0.043406509108594629
1520,0.11670003223872,0.020999999999990044,6.9246908150856212,-1.7839862305906993,0.19787398897970865,-0.043319920535614752
1520,0.11855241370283,0.021333333333323819,7.1244576776077713,-1.8271823672731606,0.19976686252215031,-0.04319613668246132
1520,0.12040479516693001,0.021666666666655794,7.3260655871551643,-1.8702162916204303,0.20160790954739333,-0.043033924347269624
1520,0.12225717663103999,0.021999999999989573,7.5294622675761866,-1.9130481723876225,0.20339668042102194,-0.042831880767192076
1520,0.12410955809514999,0.022333333333323345,7.7345948352864546,-1.9556365875227535,0.2051325677102683,-0.042588415135131001
1520,0.12596193955925,0.022666666666655323,7.9414095856334876,-1.9979383193455722,0.20681475034703312,-0.042301731822818801
1520,0.12781432102335999,0.022999999999989095,8.1498517098187548,-2.0399081367213707,0.20844212418526664,-0.041969817375798406
1520,0.12966670248747,0.023333333333322871,8.3598649260000197,-2.0814985711102234,0.21001321618126406,-0.041590434388852862
1520,0.13151908395157,0.023666666666654849,8.5713910052708773,-2.1226596979425421,0.21152607927085773,-0.041161126832318685
1520,0.13337146541568001,0.023999999999988624,8.7843691702873752,-2.1633389413019102,0.21297816501649744,-0.040679243359368109
1520,0.13522384687979,0.024333333333322396,8.9987353420427176,-2.2034809290749959,0.21436617175534195,-0.040141987773085808
1520,0.13707622834388999,0.024666666666654371,9.2144212096030156,-2.2430274382862527,0.21568586756029748,-0.039546509211256797
1520,0.13892860980800001,0.024999999999988146,9.43135309997378,-2.2819174869706078,0.21693189037076505,-0.038890048684355187
1520,0.14078099127211,0.025333333333321925,9.6494506331830259,-2.3200876501073147,0.2180975332092456,-0.038170163136706833
1520,0.14263337273620999,0.0256666666666539,9.8686251646759988,-2.3574727025060893,0.21917453149297259,-0.037385052398774599
1520,0.14448575420032,0.025999999999987675,10.088778047912731,-2.3940067191359171,0.22015288323673163,-0.036534016629827734
1520,0.14633813566442999,0.026333333333321447,10.30979880046673,-2.4296247883459747,0.22102075255399961,-0.035618069210057675
1520,0.14819051712853001,0.026666666666653425,10.531563332487174,-2.4642655061967123,0.22176453202044416,-0.034640717850737524
1520,0.15004289859264,0.026999999999987201,10.753932499491356,-2.4978744046844774,0.22236916700418097,-0.033608898487765007
1520,0.15189528005674999,0.027333333333320973,10.976751366472747,-2.5304084000317935,0.22281886698139097,-0.032533995347316221
1520,0.15374766152085001,0.027666666666652951,11.19984969567648,-2.5618412024241404,0.22309832920373343,-0.031432802392346949
1520,0.15560004298496,0.027999999999986723,11.423044250590873,-2.5921693845470903,0.22319455491439269,-0.030328182122950145
1520,0.15745242444907001,0.028333333333320505,11.646143472277661,-2.6214184675807402,0.22309922168678781,-0.029249083033649929
1520,0.15930480591317001,0.02866666666665248,11.868954847397264,-2.6496480066946209,0.22281137511960261,-0.028229539113880733
1520,0.16115718737727999,0.028999999999986252,12.091294794700772,-2.6769543719268118,0.22233994730350831,-0.027306365232191026
1520,0.16300956884139001,0.029333333333320027,12.313000184908679,-2.7034699095316146,0.22170539020790658,-0.026515537604802599
1520,0.16486195030549,0.029666666666652002,12.53393985949794,-2.7293575997925625,0.22093967458926014,-0.025887690260947817
1520,0.16671433176959999,0.029999999999985774,12.75402403673402,-2.7548012236804382,0.22008417723607951,-0.025443623887875889
1520,0.16856671323371,0.030333333333319557,12.973209596022532,-2.7799921956206086,0.21918555928851102,-0.025190971940170396
1520,0.17041909469781,0.030666666666651528,13.191500019769663,-2.8051151898741371,0.2182904237471304,-0.025122994253528406
1520,0.17227147616192001,0.030999999999985307,13.408940021398291,-2.8303350573145214,0.21744000162862856,-0.02521986744038425
1520,0.17412385762603,0.031333333333319079,13.625606123900191,-2.8557871245129856,0.21666610250189994,-0.025452067198464271
1520,0.17597623909012999,0.03166666666665105,13.84159520881685,-2.8815719803534674,0.21598908491665914,-0.025784855840481902
1520,0.17782862055424001,0.031999999999984832,14.05701312586381,-2.9077547190118942,0.21541791704695978,-0.026182738658426956
1520,0.17968100201834999,0.032333333333318608,14.271964959449429,-2.9343677359627458,0.21495183358561931,-0.026613016950851564
1520,0.18153338348244999,0.032666666666650579,14.486547800896423,-2.961415767686765,0.21458284144699385,-0.027048031724019199
1520,0.18338576494656,0.032999999999984354,14.700846177054808,-2.9888818917353892,0.21429837615838548,-0.027466124048624089
1520,0.18523814641066999,0.03333333333331813,14.914929809404914,-3.0167334933173868,0.21408363235010536,-0.027851601581997745
1520,0.18709052787477001,0.033666666666650108,15.1288531527226,-3.0449275764093922,0.2139233433176872,-0.028194083092005225
1520,0.18894290933888,0.033999999999983883,15.342656131559242,-3.0734151282557591,0.21380297883664195,-0.028487551846367136
1520,0.19079529080298999,0.034333333333317652,15.556365573739393,-3.1021444829450799,0.21370944218015095,-0.028729354689320724
1520,0.19264767226709001,0.03466666666664963,15.769996963403848,-3.1310637695884016,0.21363138966445502,-0.028919286643321763
1520,0.1945000537312,0.034999999999983412,15.983556258162332,-3.1601225946131781,0.21355929475848431,-0.029058825024776674
1520,0.19635243519531001,0.035333333333317188,16.197041615297131,-3.1892731222572208,0.21348535713479785,-0.029150527644042759
1520,0.19820481665941,0.035666666666649159,16.410444945410397,-3.2184707047779453,0.21340333011326634,-0.029197582520724435
1520,0.20005719812351999,0.035999999999982935,16.623753260904536,-3.2476741896039427,0.2133083154941397,-0.029203484825997623
1520,0.20190957958763001,0.03633333333331671,16.836949816710007,-3.2768460038549367,0.21319655580546928,-0.029171814250994198
1520,0.20376196105173,0.036666666666648688,17.050015057302002,-3.3059520920366148,0.21306524059199536,-0.029106088181678081
1520,0.20561434251583999,0.036999999999982457,17.262927391824874,-3.3349617621469183,0.21291233452287336,-0.029009670110303361
1520,0.20746672397995,0.037333333333316232,17.475663821564229,-3.3638474792392548,0.21273642973935378,-0.028885717092336623
1520,0.20931910544405,0.03766666666664821,17.688200443421223,-3.3925846332584464,0.21253662185699515,-0.028737154019191809
1520,0.21117148690816001,0.037999999999981986,17.900512850875717,-3.4211512990014992,0.21231240745449284,-0.028566665743052666
1520,0.21302386837227,0.038333333333315761,18.112576451161335,-3.4495279996502339,0.21206360028561819,-0.028376700648734723
1520,0.21487624983636999,0.038666666666647739,18.324366714552884,-3.4776974808494776,0.21179026339155024,-0.028169481199243826
1520,0.21672863130048001,0.038999999999981515,18.535859368966864,-3.5056444992371203,0.21149265441397894,-0.027947018387642585
1520,0.21858101276458999,0.039333333333315283,18.747030550704991,-3.5333556272810118,0.21117118173812782,-0.027711128043891371
1520,0.22043339422868999,0.039666666666647261,18.957856920174077,-3.5608190749466373,0.21082636946908509,-0.027463447665625518
1520,0.2222857756928,0.039999999999981037,19.168315749687647,-3.5880245278762062,0.21045882951356976,-0.027205452929568968
1520,0.22413815715690999,0.040333333333314805,19.378384989055068,-3.6149630012594423,0.21006923936742239,-0.026938473383236256
1520,0.22599053862101001,0.040666666666646797,19.588043313555939,-3.6416267083080816,0.20965832450087288,-0.026663707048639119
1520,0.22784292008512,0.040999999999980566,19.797270157948276,-3.6680089421201334,0.20922684439233727,-0.026382233812051809
1520,0.22969530154923001,0.041333333333314341,20.006045739416461,-3.6941039696930549,0.20877558146818384,-0.026095027572921457
1520,0.23154768301333001,0.04166666666664632,20.214351071804153,-3.7199069368822144,0.20830533238769006,-0.025802967189159424
1520,0.23340006447743999,0.041999999999980088,20.422167972974673,-3.7454137831649179,0.20781690117051982,-0.025506846282703454
1520,0.23525244594155001,0.04233333333331387,20.629479066762524,-3.7706211651557551,0.20731109378785226,-0.025207381990837347
1520,0.23710482740565,0.042666666666645842,20.836267780710717,-3.7955263879162042,0.20678871394819218,-0.024905222760449361
1520,0.23895720886975999,0.04299999999997961,21.042518340520154,-3.8201273431918383,0.2062505598094361,-0.02460095527563429
1520,0.24080959033387001,0.043333333333313392,21.248215761946454,-3.8444224538009419,0.20569742142630229,-0.024295110609103807
1520,0.24266197179797,0.043666666666645364,21.453345840758274,-3.8684106234866378,0.20513007881182047,-0.023988169685695945
1520,0.24451435326207999,0.043999999999979146,21.657895141221779,-3.8920911916192042,0.20454930046350481,-0.023680568132566568
1520,0.24636673472619,0.044333333333312915,21.861850983478735,-3.9154638922055671,0.20395584225695482,-0.023372700586362843
1520,0.24821911619029,0.044666666666644893,22.065201430139105,-3.9385288167296295,0.20335044666037125,-0.023064924524062353
1520,0.25007149765440001,0.044999999999978668,22.267935272321044,-3.9612863804006206,0.20273384218193957,-0.022757563670991254
1520,0.25192387911851,0.045333333333312437,22.470042015320011,-3.9837372914359346,0.20210674299896758,-0.022450911035313825
1520,0.25377626058260999,0.045666666666644415,22.67151186407947,-4.0058825230521977,0.20146984875945714,-0.022145231616262757
1520,0.25562864204671998,0.04599999999997819,22.872335708577598,-4.0277232878741813,0.20082384449812832,-0.021840764821983622
1520,0.25748102351083002,0.046333333333311966,23.072505109217442,-4.0492610145045402,0.20016940063984301,-0.021537726630358793
1520,0.25933340497493002,0.046666666666643951,23.272012282320095,-4.070497326030833,0.19950717310265367,-0.021236311526292632
1520,0.26118578643904,0.046999999999977719,23.470850085773669,-4.0914340202685473,0.19883780345357513,-0.020936694237714003
1520,0.26303816790314999,0.047333333333311495,23.669012004878695,-4.1120730515617074,0.19816191910502468,-0.020639031293160019
1520,0.26489054936724998,0.047666666666643473,23.8664921384519,-4.1324165139859392,0.19748013357320487,-0.020343462424231806
1520,0.26674293083136003,0.047999999999977248,24.06328518521034,-4.1524666258123579,0.19679304675844062,-0.020050111826419109
1520,0.26859531229547001,0.048333333333311024,24.259386430454938,-4.1722257151065198,0.19610124524459799,-0.019759089294161852
1520,0.27044769375957001,0.048666666666643002,24.454791733095071,-4.1916962063524048,0.19540530264013084,-0.0194704912458851
1520,0.27230007522367999,0.04899999999997677,24.649497513023114,-4.2108806079998669,0.19470577992804247,-0.019184401647462233
1520,0.27415245668778998,0.049333333333310546,24.843500738847137,-4.2297815008444202,0.19400322582402255,-0.018900892844553471
1520,0.27600483815188998,0.049666666666642517,25.036798916014359,-4.2484015271593218,0.19329817716722236,-0.018620026314901679
1520,0.27785721961600002,0.049999999999976293,25.229390075329931,-4.2667433805049582,0.192591159315571,-0.018341853345636563
1520,0.27970960108011,0.050333333333310075,25.421272761874654,-4.2848097961471234,0.19188268654472315,-0.018066415642165233
1520,0.28156198254421,0.050666666666642046,25.612446024352135,-4.3026035420239186,0.19117326247747923,-0.017793745876795015
1520,0.28341436400831999,0.050999999999975822,25.80290940486945,-4.3201274102034892,0.19046338051731407,-0.017523868179570603
1520,0.28526674547242997,0.05133333333330959,25.992662929155689,-4.3373842087789578,0.18975352428623826,-0.017256798575468354
1520,0.28711912693653002,0.051666666666641575,26.181707097250413,-4.3543767541528444,0.18904416809472493,-0.01699254537388625
1520,0.28897150840064001,0.051999999999975351,26.370042874669434,-4.3711078636639629,0.18833577741901905,-0.016731109511118839
1520,0.29082388986475,0.052333333333309119,26.557671684055105,-4.3875803485119356,0.187628809385672,-0.01647248484797308
1520,0.29267627132884999,0.052666666666641097,26.744595397348103,-4.4037970069389099,0.18692371329299776,-0.016216658426974284
1520,0.29452865279295998,0.052999999999974873,26.930816328494238,-4.4197606176273778,0.18622093114613458,-0.015963610688467963
1520,0.29638103425707002,0.053333333333308655,27.116337226700253,-4.4354739332736441,0.18552089820601347,-0.015713315646266761
1520,0.29823341572117001,0.053666666666640633,27.301161270282712,-4.4509396742994225,0.18482404358246041,-0.015465741025778065
1520,0.30008579718528,0.053999999999974402,27.485292061130835,-4.466160522661851,0.18413079084812392,-0.015220848362428223
1520,0.30193817864938999,0.054333333333308177,27.66873361980856,-4.4811391157221392,0.18344155867772427,-0.014978593060288321
1520,0.30379056011348998,0.054666666666640149,27.851490381349784,-4.4958780401340235,0.18275676154122528,-0.014738924411883899
1520,0.30564294157760002,0.054999999999973938,28.033567191778943,-4.5103798257097383,0.18207681042916038,-0.014501785575714932
1520,0.30749532304171001,0.055333333333307706,28.214969305395293,-4.5246469392196822,0.18140211361635133,-0.014267113509944059
1520,0.30934770450581001,0.055666666666639678,28.395702382889091,-4.5386817780811928,0.18073307749379913,-0.014034838861511007
1520,0.31120008596991999,0.055999999999973446,28.575772490337826,-4.5524866638867598,0.18007010744873558,-0.01380488580556735
1520,0.31305246743402998,0.056333333333307221,28.755186099139131,-4.5660638357184755,0.17941360880130311,-0.013577171831715753
1520,0.31490484889812997,0.0566666666666392,28.933950086966508,-4.5794154431922314,0.1787639878273771,-0.013351607473756138
1520,0.31675723036224002,0.056999999999972982,29.112071739818685,-4.5925435391679992,0.17812165285217707,-0.013128095975768181
1520,0.31860961182635,0.05733333333330675,29.289558755242492,-4.60545007205587,0.1774870154238084,-0.012906532887871084
1520,0.32046199329045,0.057666666666638729,29.466419246843969,-4.6181368776412919,0.17686049160147863,-0.012686805585421892
1520,0.32231437475455998,0.057999999999972504,29.642661750188026,-4.6306056703416525,0.17624250334405647,-0.01246879270036085
1520,0.32416675621867003,0.058333333333306286,29.818295230199571,-4.6428580337951937,0.17563348001154472,-0.012252363453541625
1520,0.32601913768277002,0.058666666666638265,29.993329090220342,-4.6548954106721174,0.1750338600207704,-0.012037376876923387
1520,0.32787151914688001,0.058999999999972033,30.1677731828654,-4.6667190915801822,0.1744440926450572,-0.011823680908064628
1520,0.32972390061099,0.059333333333305809,30.341637822841623,-4.6783302029186791,0.1738646399762219,-0.011611111338496532
1520,0.33157628207508999,0.059666666666637773,30.514933801937499,-4.6897296935146313,0.17329597909587527,-0.011399490595952152
1520,0.33342866353919998,0.059999999999971548,30.687672406393716,-4.7009183198476325,0.17273860445621753,-0.011188626333000985
1520,0.33528104500331002,0.060333333333305338,30.859865436889361,-4.7118966296385434,0.17219303049564427,-0.010978309790910818
1520,0.33713342646741001,0.060666666666637309,31.031525231437278,-4.7226649435423624,0.17165979454791802,-0.010768313903818699
1520,0.33898580793152,0.060999999999971077,31.202664691494483,-4.733223334639999,0.17113946005720554,-0.010558391097636522
1520,0.34083818939562999,0.061333333333304853,31.373297311634101,-4.743571605370688,0.17063262013961844,-0.01034827073068877
1520,0.34269057085972998,0.061666666666636831,31.543437213200761,-4.7537092614847891,0.17013990156666156,-0.010137656114101003
1520,0.34454295232384002,0.061999999999970613,31.713099182401962,-4.7636354825181542,0.16966196920120094,-0.0099262210333648203
1520,0.34639533378795001,0.062333333333304382,31.882298713354981,-4.7733490881961291,0.16919953095302004,-0.0097136056779749333
1520,0.34824771525205001,0.062666666666636367,32.0510520567084,-4.7828485000628067,0.16875334335341735,-0.0094994118666772258
1520,0.35010009671615999,0.062999999999970135,32.219376274521679,-4.7921316974908734,0.16832421781327966,-0.0092831974280671338
1520,0.35195247818026998,0.063333333333303904,32.387289302189544,-4.8011961670566832,0.16791302766786143,-0.0090644695658101838
1520,0.35380485964436997,0.063666666666635882,32.554810018339616,-4.8100388440556632,0.16752071615007308,-0.0088426769989801458
1520,0.35565724110848002,0.063999999999969664,32.721958323747366,-4.8186560446709414,0.16714830540774708,-0.0086172006152784465
1520,0.35750962257259,0.064333333333303433,32.888755230472221,-4.8270433869828473,0.16679690672485722,-0.0083873423119057572
1520,0.35936200403669,0.064666666666635411,33.05522296262756,-4.8351956986009768,0.16646773215533639,-0.0081523116181296922
1520,0.36121438550079998,0.064999999999969194,33.221385070386127,-4.843106908186944,0.1661621077585691,-0.0079112095859676865
1520,0.36306676696491003,0.065333333333302962,33.387266559068266,-4.8507699174880203,0.16588148868214153,-0.0076630093010762153
1520,0.36491914842901002,0.06566666666663494,33.552894035457953,-4.8581764496778721,0.16562747638968653,-0.0074065321898516816
1520,0.36677152989312001,0.065999999999968709,33.718295873778409,-4.8653168687441122,0.1654018383204558,-0.0071404190662396538
1520,0.36862391135722999,0.066333333333302477,33.883502404096767,-4.872179963303334,0.16520653031835511,-0.0068630945592220672
1520,0.37047629282132999,0.066666666666634455,34.048546126307585,-4.8787526864643169,0.16504372221082034,-0.006572723160982937
1520,0.37232867428543998,0.066999999999968238,34.213461953176974,-4.8850198410632073,0.16491582686939243,-0.0062671545988899563
1520,0.37418105574955002,0.06733333333330202,34.378287486240779,-4.8909636965808785,0.16482553306380282,-0.0059438555176713568
1520,0.37603343721365001,0.067666666666633998,34.543063328576551,-4.896563520072716,0.16477584233577197,-0.0055998234918373021
1520,0.37788581867776,0.067999999999967767,34.707833438408755,-4.9017949981447675,0.16477010983220355,-0.0052314780720517252
1520,0.37973820014186999,0.068333333333301535,34.872645527019706,-4.906629519920287,0.16481208861095425,-0.0048345217755198788
1520,0.38159058160596998,0.068666666666633513,35.037551503170086,-4.9110332813879936,0.16490597615037766,-0.0044037614677061862
1520,0.38344296307008002,0.068999999999967296,35.202607963493691,-4.9149661585692632,0.16505646032360152,-0.00393287718126942
1520,0.38529534453419001,0.069333333333301064,35.367876723167058,-4.9183802792853974,0.16526875967336835,-0.0034141207161341746
1520,0.38714772599829,0.069666666666633043,35.533425371821814,-4.9212181991386208,0.1655486486547591,-0.0028379198532231895
1520,0.38900010746239999,0.069999999999966825,35.699327823115787,-4.9234105541596822,0.1659024512939751,-0.0021923550210615609
1520,0.39085248892650998,0.070333333333300593,35.865664797603081,-4.9248730171156172,0.16633697448729692,-0.0014624629559349754
1520,0.39270487039060997,0.070666666666632558,36.032524128792893,-4.9255023225215391,0.16685933118981536,-0.00062930540592170026
1520,0.39455725185472001,0.07099999999996634,36.200000696367574,-4.925171042232936,0.1674765675746803,0.00033128028860292648
1520,0.39640963331883,0.071333333333300122,36.368195642291631,-4.9237206853380142,0.16819494592406012,0.0014503568949214775
1520,0.39826201478293,0.071666666666632087,36.537214269583522,-4.9209525645430103,0.16901862729189407,0.0027681207950035445
1520,0.40011439624703998,0.071999999999965869,36.707161581938699,-4.9166157351150055,0.16994731235518035,0.0043368294280051239
1520,0.40196677771115003,0.072333333333299638,36.878133665313953,-4.9103912367354621,0.17097208337525158,0.0062244983795434481
1520,0.40381915917525002,0.072666666666631616,37.050201835920291,-4.9018720334331336,0.17206817060633395,0.0085192033023288576
1520,0.40567154063936001,0.072999999999965398,37.223384407036889,-4.890538901649232,0.1731825711165999,0.011333131783901801
1520,0.40752392210346999,0.073333333333299167,37.397597843674781,-4.8757350974190565,0.17421343663789252,0.014803804230175551
1520,0.40937630356756999,0.073666666666631145,37.572575409080933,-4.8566490987035786,0.17497756540615447,0.019085998715478194
1520,0.41122868503167997,0.073999999999964913,37.747740097317767,-4.832328779431406,0.17516468823683018,0.02432031927217241
1520,0.41308106649579002,0.074333333333298696,37.922029560535876,-4.8017755400380482,0.17428946321811059,0.030553239393357957
1520,0.41493344795989001,0.074666666666630674,38.093716265349421,-4.7641957358640559,0.17168670481354412,0.037579804173992669
1520,0.416785829424,0.074999999999964442,38.260370032860237,-4.7194717367181749,0.16665376751081279,0.044723999145880614
1520,0.41863821088810999,0.075333333333298225,38.419221538132874,-4.6687517799062954,0.15885150527263872,0.050719956811879637
1520,0.42049059235220998,0.075666666666630189,38.568066441156219,-4.6147314441740042,0.14884490302334466,0.05402033573229164
1520,0.42234297381632002,0.075999999999963971,38.706305610993532,-4.5611083719195218,0.13823916983731505,0.053623072254482325
1520,0.42419535528043001,0.076333333333297754,38.83528133401601,-4.5113293442743458,0.12897572302247551,0.049779027645175854
1520,0.42604773674453,0.076666666666629718,38.957590808115057,-4.4675273867231677,0.12230947409904773,0.043801957551177911
1520,0.42790011820863999,0.0769999999999635,39.076012506397554,-4.4303218816042946,0.11842169828249625,0.037205505118872953
1520,0.42975249967274998,0.077333333333297269,39.192798188805959,-4.39927918396819,0.11678568240840531,0.031042697636104306
1520,0.43160488113685003,0.077666666666629247,39.309490929164106,-4.3734830706739452,0.11669274035815017,0.02579611329424519
1520,0.43345726260096001,0.077999999999963029,39.427039081247834,-4.3519185119240005,0.11754815208373057,0.021564558749944368
1520,0.43530964406507,0.078333333333296798,39.545982218593629,-4.3336528907836644,0.11894313734579751,0.01826562114033636
1520,0.43716202552917,0.078666666666628776,39.666608576846322,-4.3178921236662227,0.12062635825269595,0.015760767117441933
1520,0.43901440699327998,0.078999999999962545,39.789063644532568,-4.3039784194762349,0.12245506768624632,0.013913704189987689
1520,0.44086678845739002,0.079333333333296327,39.913418413420935,-4.2913669446083356,0.12435476888836396,0.01261147486789972
1520,0.44271916992149002,0.079666666666628291,40.03971033723478,-4.2795980673111398,0.12629192381384652,0.011768877297195692
1520,0.44457155138560001,0.079999999999962074,40.167967309568333,-4.2682712173712636,0.12825697233355074,0.011326849939876467
1520,0.44642393284970999,0.080333333333295842,40.298221424747126,-4.2570216791462725,0.13025411517879049,0.011249538224990979
1520,0.44827631431380999,0.080666666666627834,40.430516554993233,-4.2454997587314027,0.13229513024610909,0.011521920414869553
1520,0.45012869577791997,0.080999999999961603,40.564911914544894,-4.2333510816791016,0.13439535955166376,0.012148677052300945
1520,0.45198107724203002,0.081333333333295371,40.70148247911667,-4.2201965208346142,0.13657056457177741,0.013154560844486962
1520,0.45383345870613001,0.081666666666627363,40.840316056760074,-4.2056101039234033,0.13883357764340465,0.014586416911210527
1520,0.45568584017024,0.081999999999961132,40.981505646541429,-4.1890931122173196,0.1411895897813519,0.016516991706083627
1520,0.45753822163434998,0.0823333333332949,41.12513411893238,-4.1700425263047283,0.14362847239094903,0.019050585912591719
1520,0.45939060309844998,0.082666666666626878,41.271245742430253,-4.1477123241876379,0.14611162349787676,0.022330202117090369
1520,0.46124298456256002,0.082999999999960661,41.419795069607652,-4.1211677482169593,0.14854932717740241,0.026544575970678455
1520,0.46309536602667001,0.083333333333294443,41.570557691443199,-4.0892375641586227,0.15076262183554989,0.031930184058336697
1520,0.46494774749077,0.083666666666626408,41.722980158440826,-4.0504818722809581,0.15242246699762466,0.038755691877664915
1520,0.46680012895487999,0.083999999999960176,41.875943907615365,-4.0032207763055814,0.15296374917454242,0.047261095975376831
1520,0.46865251041898998,0.084333333333293944,42.027440904390296,-3.9457191850915159,0.15149699677492756,0.05750159121406536
1520,0.47050489188309003,0.084666666666625937,42.174253641442213,-3.8766777701372663,0.14681273705191403,0.069041414954249744
1520,0.47235727334720001,0.084999999999959705,42.311943544113987,-3.7961346219798653,0.13768990267177145,0.080543148157400907
1520,0.47420965481131,0.085333333333293487,42.435647468702832,-3.706522182675958,0.12370392458884361,0.089612439303907471
1520,0.47606203627540999,0.085666666666625452,42.541845530009589,-3.6129884502503367,0.10619806130675614,0.093533732425621255
1520,0.47791441773951998,0.08599999999995922,42.630133082643113,-3.5220999583788597,0.088287552633525876,0.090888491871477087
1520,0.47976679920363002,0.086333333333293016,42.703435405898411,-3.439477960232026,0.073302323255300297,0.082621998146833631
1520,0.48161918066773002,0.086666666666624981,42.766452724201613,-3.3681663883519084,0.063017318303203285,0.071311571880117774
1520,0.48347156213184,0.086999999999958749,42.823771106773464,-3.308654548207441,0.057318382571852323,0.059511840144467434
1520,0.48532394359594999,0.087333333333292532,42.878846355165251,-3.2598675877550574,0.055075248391785965,0.048786960452383794
1520,0.48717632506004999,0.087666666666624496,42.933885500224115,-3.2201392210966557,0.055039145058863939,0.039728366658401529
1520,0.48902870652415997,0.087999999999958292,42.990132692923666,-3.1877859287963588,0.056247192699552799,0.032353292300296856
1520,0.49088108798827002,0.088333333333292061,43.048203016159896,-3.1613438644300014,0.058070323236229085,0.026442064366357442
1520,0.49273346945237001,0.088666666666624025,43.108337031858703,-3.1396223353697184,0.060134015698808815,0.021721529060282817
1520,0.49458585091648,0.088999999999957793,43.170566087991567,-3.1216814406158093,0.062229056132860623,0.017940894753909076
1520,0.49643823238058998,0.08933333333329159,43.234811646332552,-3.1067877076092674,0.064245558340988496,0.014893733006542172
1520,0.49829061384468998,0.089666666666623554,43.300942443296812,-3.09436967818207,0.066130796964260621,0.012418029427197603
1520,0.50014299530880002,0.089999999999957336,43.368806410167828,-3.0839804671685753,0.06786396687101906,0.010389211013494735
1520,0.50199537677290995,0.090333333333291105,43.438247963887925,-3.075268314350291,0.069441553720096319,0.0087121528182841582
1520,0.50384775823701,0.090666666666623097,43.509116967577469,-3.0679541260538308,0.070869003689545781,0.0073141882964600814
1520,0.50570013970112004,0.090999999999956865,43.581273008721809,-3.0618145635490337,0.072156041144337393,0.0061395625047971835
1520,0.50755252116521998,0.09133333333328883,43.654587084347611,-3.0566693493320591,0.07331407562580354,0.0051452142169745247
1520,0.50940490262933003,0.091666666666622626,43.728941883550554,-3.0523717202351661,0.074354799202942273,0.0042976290968930507
1520,0.51125728409343996,0.091999999999956381,43.804231342729452,-3.0488012116638883,0.075289459178900273,0.0035705085712780136
1520,0.51310966555755,0.092333333333290163,43.880359854218078,-3.0458581677390306,0.076128511488623554,0.0029430439248576746
1520,0.51496204702165005,0.092666666666622155,43.957241340204796,-3.0434595333193006,0.076881485986714432,0.002398634419729912
1520,0.51681442848575998,0.09299999999995591,44.034798307117775,-3.0415356032060807,0.077556966912976852,0.0019239301132197605
1520,0.51866680994986003,0.093333333333287902,44.112960940312718,-3.0400274907810871,0.078162633194940434,0.0015081124249935593
1520,0.52051919141396996,0.093666666666621642,44.191666267469543,-3.0388851412956965,0.078705327156822519,0.0011423494853905777
1520,0.52237157287808,0.093999999999955439,44.27085740144927,-3.0380657606033052,0.079191133979724465,0.00081938069239122929
1520,0.52422395434218005,0.094333333333287431,44.350482863755232,-3.0375325631920811,0.079625462305961014,0.00053319741122417473
1520,0.52607633580628999,0.094666666666621185,44.430495984723038,-3.0372537674780502,0.080013120967805607,0.00027879571403094887
1520,0.52792871727040003,0.094999999999954968,44.510854374207419,-3.0372017839871099,0.080358389484384479,5.198349094007663e-05
1520,0.52978109873449997,0.095333333333286946,44.591519455685479,-3.0373525550905671,0.08066508147806295,-0.00015077110345727517
1520,0.53163348019861001,0.095666666666620714,44.67245605664359,-3.0376850146424714,0.080936600958107868,-0.00033245955190442316
1520,0.53348586166272005,0.095999999999954497,44.753632048498247,-3.0381806431097842,0.081175991854654461,-0.0004956284673129607
1520,0.53533824312681999,0.096333333333286475,44.83501802989511,-3.0388230992424425,0.081385981396865786,-0.00064245613265852784
1520,0.53719062459093003,0.096666666666620243,44.916587047868582,-3.039597913468274,0.081569017973474489,-0.00077481422583148012
1520,0.53904300605503996,0.096999999999954012,44.998314351991837,-3.0404922313572222,0.081727304123254935,-0.00089431788894820839
1520,0.54089538751914001,0.097333333333286004,45.080177177268986,-3.0414945979284633,0.081862825277152121,-0.0010023665712412264
1520,0.54274776898324995,0.097666666666619759,45.162154552062383,-3.0425947754529021,0.081977374793396549,-0.0011001775244388681
1520,0.54460015044735999,0.097999999999953541,45.244227127840944,-3.0437835888660709,0.082072575778560961,-0.0011888134131688428
1520,0.54645253191146004,0.098333333333285519,45.326377027980058,-3.0450527940523076,0.082149900139111096,-0.0012692051862366962
1520,0.54830491337556997,0.098666666666619288,45.408587713208533,-3.0463949651633038,0.082210685228473981,-0.0013421711109962938
1520,0.55015729483968001,0.098999999999953084,45.490843861623759,-3.0478033978487717,0.082256148415223912,-0.0014084326854680194
1520,0.55200967630377995,0.099333333333285034,45.573131261488527,-3.0492720258464754,0.082287399864769128,-0.0014686279977036642
1520,0.55386205776788999,0.099666666666618817,45.655436715253344,-3.0507953488344031,0.08230545376482,-0.0015233229879276183
1520,0.55571443923200003,0.099999999999952585,45.737747953454566,-3.052368369814435,0.082311238201222131,-0.0015730209800320974
1550,0,0,0,0,0,0
1550,0.0018523814641067001,0.00033333333333318132,0.00067752855540699312,-6.1935286985191466e-05,0.00067752855540699312,-6.1935286985191466e-05
1550,0.0037047629282133,0.00066666666666634453,0.0027100667269539355,-0.00024774848630717801,0.0020325381715469424,-0.00018581319932198657
1550,0.0055571443923200002,0.00099999999999952601,0.0060974718004644319,-0.00055746147451346485,0.0033874050735104963,-0.00030971298820628684
1550,0.0074095258564266997,0.0013333333333327071,0.01083950524232459,-0.0009911102605087692,0.0047420334418601575,-0.0004336487859953044
1550,0.0092619073205332993,0.0016666666666658705,0.016935831777804618,-0.0015487443201837522,0.0060963265354800284,-0.00055763405967498316
1550,0.01111428878464,0.001999999999999052,0.024386018108491697,-0.0022304256727472471,0.0074501863306870812,-0.00068168135256349495
1550,0.012966670248747,0.0023333333333322871,0.033189531276553143,-0.0030362277065221965,0.0088035131680614439,-0.00080580203377494919
1550,0.014819051712853,0.0026666666666653425,0.04334573668559269,-0.0039662337640152655,0.010156205409039549,-0.00093000605749306948
1550,0.016671433176960002,0.002999999999998578,0.05485389579008601,-0.005020535498039486,0.011508159104493322,-0.0010543017340242202
1550,0.018523814641067001,0.0033333333333318135,0.06771316346708689,-0.0061992310124397597,0.012859267677000881,-0.0011786955144002739
1550,0.020376196105173001,0.0036666666666648686,0.081922582705026059,-0.0075024225325095832,0.014209419237939173,-0.0013031915200698233
1550,0.022228577569280001,0.003999999999998104,0.097481083051013523,-0.0089302143446630313,0.015558500345987466,-0.0014277918121534487
1550,0.024080959033387001,0.0043333333333313391,0.11438747974944302,-0.010482710682585999,0.016906396698429499,-0.0015524963379229672
1550,0.025933340497493001,0.0046666666666643946,0.13264046835471829,-0.012160012987229331,0.018252988605275265,-0.0016773023046433311
1550,0.0277857219616,0.0049999999999976296,0.15223862054510645,-0.013962217198216702,0.019598152190388164,-0.001802204210987371
1550,0.029638103425707,0.0053333333333308646,0.17318037997479491,-0.015889410966089007,0.020941759429688442,-0.0019271937678723029
1550,0.031490484889813,0.0056666666666639201,0.19546405795025323,-0.017941670779614102,0.02228367797545832,-0.0020522598135250944
1550,0.033342866353920003,0.005999999999997156,0.21908782895594039,-0.020119059029421675,0.023623771005687157,-0.0021773882498075737
1550,0.035195247818026999,0.0063333333333303902,0.24404972605504341,-0.022421621029217582,0.024961897099103011,-0.0023025619997959069
1550,0.037047629282133003,0.0066666666666634466,0.2703476361915827,-0.024849382015658769,0.026297910136539267,-0.0024277609864411854
1550,0.038900010746239999,0.0069999999999966808,0.29797929542056317,-0.027402344147588943,0.027631659228980462,-0.0025529621319301723
1550,0.040752392210347002,0.0073333333333299175,0.32694228409285042,-0.030080483524762829,0.028962988672287249,-0.0026781393771738845
1550,0.042604773674452999,0.0076666666666629713,0.35723402202179466,-0.03288374724547994,0.030291737928944237,-0.00280326372071711
1550,0.044457155138560002,0.0079999999999962081,0.38885176365820551,-0.035812050521632999,0.031617741636410852,-0.0029283032761530619
1550,0.046309536602666998,0.0083333333333294422,0.42179259329991581,-0.038865273868678794,0.032940829641710315,-0.003053223347045793
1550,0.048161918066773002,0.0086666666666624995,0.45605342036204027,-0.042043260386911814,0.034260827062124466,-0.0031779865182330175
1550,0.050014299530879998,0.0089999999999957336,0.49163097473323658,-0.045345813149204779,0.035577554371196286,-0.0033025527622929647
1550,0.051866680994987001,0.0093333333333289695,0.52852180224219325,-0.048772692708998519,0.036890827508956711,-0.0034268795597937416
1550,0.053719062459092998,0.0096666666666620233,0.56672226025815831,-0.052323614741015004,0.038200458015965104,-0.0035509220320164817
1550,0.055571443923200001,0.0099999999999952592,0.60622851344820872,-0.05599824782577064,0.039506253190050383,-0.0036746330847556344
1550,0.057423825387306997,0.010333333333328493,0.64703652971246717,-0.059796211387453835,0.040808016264258458,-0.0037979635616831914
1550,0.059276206851413001,0.010666666666661551,0.68914207631772084,-0.063717073793346402,0.042105546605253702,-0.0039208624058925685
1550,0.061128588315519997,0.010999999999994787,0.73254071624839256,-0.067760350621525828,0.043398639930671709,-0.0040432768281794202
1550,0.062980969779627,0.011333333333328021,0.77722780479219455,-0.071925503102156146,0.044687088543802038,-0.0041651524806303204
1550,0.064833351243733003,0.011666666666661078,0.82319848637692006,-0.076211936736322677,0.045970681584725476,-0.0042864336341665275
1550,0.066685732707840006,0.011999999999994312,0.87044769167300295,-0.080619000095058013,0.04724920529608289,-0.0044070633587353306
1550,0.068538114171946996,0.012333333333327546,0.9189701349746765,-0.085145983799888164,0.048522443301673553,-0.0045269837048301544
1550,0.070390495636052999,0.012666666666660602,0.96876031187190814,-0.089792119685125682,0.049790176897231628,-0.0046461358852375109
1550,0.072242877100160002,0.012999999999993838,1.0198124972228571,-0.094556580140935195,0.051052185350948923,-0.0047644604558095141
1550,0.074095258564267005,0.013333333333327074,1.0721207434352154,-0.099438477635158354,0.052308246212358356,-0.0048818974942231551
1550,0.075947640028372995,0.013666666666660127,1.1256788790642707,-0.10443686441108524,0.053558135629055321,-0.0049983867759268909
1550,0.077800021492479998,0.013999999999993362,1.180480507732637,-0.10955073235728142,0.054801628668366298,-0.0051138679461961833
1550,0.079652402956587001,0.014333333333326599,1.2365190073758829,-0.11477901304493901,0.056038499643245879,-0.005228280687657582
1550,0.081504784420693005,0.014666666666659655,1.2937875298171202,-0.12012057792753306,0.057268522441237257,-0.0053415648825940508
1550,0.083357165884799994,0.014999999999992887,1.3522790006716452,-0.12557423869689247,0.058491470854525003,-0.0054536607693594068
1550,0.085209547348906997,0.015333333333326125,1.411986119581911,-0.1311387477894006,0.059707118910265804,-0.0055645090925081362
1550,0.087061928813013001,0.015666666666659182,1.4729013607814345,-0.13681279903544108,0.060915241199523545,-0.0056740512460404739
1550,0.088914310277120004,0.015999999999992416,1.5350169739859316,-0.1425950284450769,0.062115613204497072,-0.0057822294096358251
1550,0.090766691741227007,0.01633333333332565,1.5983249856077115,-0.14848401512248249,0.06330801162178,-0.0058889866774055888
1550,0.092619073205332997,0.016666666666658704,1.6628172002889323,-0.15447828230145608,0.064492214681220877,-0.0059942671789735922
1550,0.09447145466944,0.016999999999991942,1.7284852027489461,-0.16057629849439303,0.065668002460013863,-0.0060980161929369532
1550,0.096323836133547003,0.017333333333325176,1.7953203599388297,-0.16677647874676868,0.066835157189883448,-0.006200180252375659
1550,0.098176217597653007,0.017666666666658233,1.8633138234966202,-0.17307718598931196,0.067993463557790498,-0.0063007072425432893
1550,0.10002859906176,0.017999999999991467,1.9324565324953233,-0.17947673248001572,0.069142708998703187,-0.0063995464907037666
1550,0.10188098052587,0.018333333333325243,2.0027392164752222,-0.18597338132819841,0.070282683979899063,-0.0064966488481826724
1550,0.10373336198997,0.018666666666657217,2.0741523987513215,-0.19256534809291329,0.071413182276099274,-0.006591966764714869
1550,0.10558574345408001,0.018999999999990993,2.1466863999891324,-0.19925080244838717,0.072534001237810619,-0.0066854543554738782
1550,0.10743812491819001,0.019333333333324768,2.2203313420324244,-0.20602786990852931,0.073644942043292042,-0.0067770674601421339
1550,0.10929050638229,0.019666666666656743,2.2950771519808963,-0.2128946336041049,0.074745809948471797,-0.0068667636955755838
1550,0.1111428878464,0.019999999999990518,2.3709135665034764,-0.21984913610521306,0.075836414522580095,-0.0069545025011081597
1550,0.11299526931051,0.020333333333324294,2.4478301434508043,-0.22688938250064514,0.076916576947327883,-0.007040246395432089
1550,0.11484765077461,0.020666666666656269,2.5258162742988892,-0.23401334362378076,0.077986130848084853,-0.0071239611231356378
1550,0.11670003223872,0.020999999999990044,2.6048611677688269,-0.24121895430056037,0.079044893469937802,-0.007205610676779611
1550,0.11855241370283,0.021333333333323819,2.6849538472612404,-0.24850411394972299,0.080092679492413332,-0.0072851596491626128
1550,0.12040479516693001,0.021666666666655794,2.7660831704243618,-0.25586669098249287,0.081129323163121464,-0.0073625770327698662
1550,0.12225717663103999,0.021999999999989573,2.848237834652581,-0.26330452476403587,0.082154664228219251,-0.0074378337815430122
1550,0.12410955809514999,0.022333333333323345,2.9314063827400489,-0.27081542757799315,0.083168548087467986,-0.0075109028139572582
1550,0.12596193955925,0.022666666666655323,3.0155772086870298,-0.27839718658998314,0.084170825946980846,-0.0075817590119899875
1550,0.12781432102335999,0.022999999999989095,3.1007385636446192,-0.28604756580505025,0.085161354957589225,-0.0076503792150671287
1550,0.12966670248747,0.023333333333322871,3.1868785619824438,-0.29376430801411313,0.0861399983378245,-0.0077167422090628881
1550,0.13151908395157,0.023666666666654849,3.2739851874784738,-0.30154513672619448,0.087106625496029863,-0.0077808287120813462
1550,0.13337146541568001,0.023999999999988624,3.3620462996162543,-0.30938775808198166,0.088061112137780395,-0.0078426213557871941
1550,0.13522384687979,0.024333333333322396,3.4510496399758601,-0.31728986274469262,0.089003340359605915,-0.0079021046627109591
1550,0.13707622834388999,0.024666666666654371,3.5409828387179356,-0.32524912776557047,0.08993319874207531,-0.0079592650208778499
1550,0.13892860980800001,0.024999999999988146,3.631833421147511,-0.33326321842035311,0.090850582429575472,-0.0080140906547826497
1550,0.14078099127211,0.025333333333321925,3.7235888143446068,-0.34132979001329922,0.091755393197095622,-0.0080665715929460913
1550,0.14263337273620999,0.0256666666666539,3.8162363538618558,-0.34944648964665931,0.09264753951724905,-0.0081166996333600881
1550,0.14448575420032,0.025999999999987675,3.9097632904776076,-0.35761095795267833,0.093526936615751649,-0.0081644683060189994
1550,0.14633813566442999,0.026333333333321447,4.0041567969918761,-0.36582083078515348,0.094393506514268422,-0.0082098728324751739
1550,0.14819051712853001,0.026666666666653425,4.0994039750672568,-0.3740737408690723,0.09524717807538087,-0.0082529100839188255
1550,0.15004289859264,0.026999999999987201,4.1954918621039603,-0.38236731940584107,0.096087887036703026,-0.0082935785367687434
1550,0.15189528005674999,0.027333333333320973,4.2924074381378885,-0.3906991976316892,0.096915576033928502,-0.0083318782258481466
1550,0.15374766152085001,0.027666666666652951,4.3901376327652377,-0.39906700832820635,0.097730194627349443,-0.0083678106965171285
1550,0.15560004298496,0.027999999999986723,4.488669332083739,-0.40746838728289747,0.098531699318501254,-0.0084013789546911292
1550,0.15745242444907001,0.028333333333320505,4.5879893856410083,-0.41590097469778259,0.099320053557268931,-0.0084325874148850916
1550,0.15930480591317001,0.02866666666665248,4.6880846133947216,-0.42436241654530754,0.10009522775371339,-0.0084614418475249288
1550,0.16115718737727999,0.028999999999986252,4.7889418126763017,-0.43285036586983844,0.10085719928157988,-0.0084879493245308968
1550,0.16300956884139001,0.029333333333320027,4.8905477651497042,-0.44136248403303091,0.1016059524734023,-0.008512118163192476
1550,0.16486195030549,0.029666666666652002,4.992889243771546,-0.44989644190259842,0.10234147862184183,-0.0085339578695675291
1550,0.16671433176959999,0.029999999999985774,5.0959530197452167,-0.45844992098292892,0.10306377597367078,-0.0085534790803304898
1550,0.16856671323371,0.030333333333319557,5.1997258694622639,-0.46702061448610677,0.10377284971704673,-0.0085706935031778439
1550,0.17041909469781,0.030666666666651528,5.3041945814387317,-0.47560622834301702,0.10446871197646763,-0.0085856138569102465
1550,0.17227147616192001,0.030999999999985307,5.4093459632401641,-0.4842044821530575,0.10515138180143273,-0.0085982538100405018
1550,0.17412385762603,0.031333333333319079,5.515166848389927,-0.49281311007113526,0.10582088514976322,-0.0086086279180777759
1550,0.17597623909012999,0.03166666666665105,5.6216441032698343,-0.50142986163163339,0.10647725487990704,-0.0086167515604980913
1550,0.17782862055424001,0.031999999999984832,5.7287646340084892,-0.51005250250796019,0.10712053073865482,-0.0086226408763267915
1550,0.17968100201834999,0.032333333333318608,5.8365153933524354,-0.51867881520619441,0.10775075934394604,-0.0086263126982342349
1550,0.18153338348244999,0.032666666666650579,5.9448833875311191,-0.52730659969252791,0.10836799417868331,-0.008627784486333466
1550,0.18338576494656,0.032999999999984354,6.0538556831121086,-0.53593367395297553,0.1089722955809895,-0.0086270742604476289
1550,0.18523814641066999,0.03333333333331813,6.1634194138427487,-0.54455787448366977,0.10956373073064046,-0.0086242005306942093
1550,0.18709052787477001,0.033666666666650108,6.2735617874909124,-0.55317705671126272,0.1101423736481635,-0.0086191822275928955
1550,0.18894290933888,0.033999999999983883,6.384270092682141,-0.56178909534158239,0.11070830519122853,-0.0086120386303197276
1550,0.19079529080298999,0.034333333333317652,6.4955317057307767,-0.57039188463456714,0.1112616130486356,-0.0086027892929847836
1550,0.19264767226709001,0.03466666666664963,6.6073340974789412,-0.57898333860457307,0.11180239174816446,-0.0085914539700059096
1550,0.1945000537312,0.034999999999983412,6.7196648401419576,-0.58756139114376205,0.1123307426630165,-0.0085780525391889843
1550,0.19635243519531001,0.035333333333317188,6.8325116141592011,-0.59612399606610833,0.11284677401724323,-0.0085626049223463275
1550,0.19820481665941,0.035666666666649159,6.9458622150652891,-0.60466912707044163,0.11335060090608799,-0.0085451310043332864
1550,0.20005719812351999,0.035999999999982935,7.0597045603818502,-0.61319477761962082,0.11384234531656115,-0.0085256505491791857
1550,0.20190957958763001,0.03633333333331671,7.1740266965301842,-0.62169896073260866,0.11432213614833438,-0.0085041831129878797
1550,0.20376196105173,0.036666666666648688,7.2888168057810301,-0.63017970868695117,0.11479010925084558,-0.0084807479543425445
1550,0.20561434251583999,0.036999999999982457,7.4040632132435942,-0.63863507262786245,0.11524640746256369,-0.0084553639409113181
1550,0.20746672397995,0.037333333333316232,7.5197543938955569,-0.64706312207957983,0.11569118065196315,-0.0084280494517173735
1550,0.20931910544405,0.03766666666664821,7.6358789796722082,-0.65546194435528737,0.11612458577665129,-0.0083988222757074953
1550,0.21117148690816001,0.037999999999981986,7.752425766618833,-0.6638296438604826,0.11654678694662444,-0.0083676995051952634
1550,0.21302386837227,0.038333333333315761,7.8693837221098919,-0.67216434128393288,0.11695795549105906,-0.0083346974234502283
1550,0.21487624983636999,0.038666666666647739,7.9867419921560678,-0.6804641726709203,0.11735827004617561,-0.0082998313869874739
1550,0.21672863130048001,0.038999999999981515,8.1044899088052382,-0.68872728837171748,0.11774791664917086,-0.0082631157007972151
1550,0.21858101276458999,0.039333333333315283,8.2226169976437564,-0.69695185185736641,0.11812708883851814,-0.0082245634856489679
1550,0.22043339422868999,0.039666666666647261,8.3411129854228392,-0.70513603839523598,0.11849598777908224,-0.0081841865378695176
1550,0.2222857756928,0.039999999999981037,8.4599678078193126,-0.71327803357466812,0.11885482239647281,-0.0081419951794321939
1550,0.22413815715690999,0.040333333333314805,8.5791716173407604,-0.72137603167188158,0.11920380952144816,-0.0080979980972134824
1550,0.22599053862101001,0.040666666666646797,8.6987147914040808,-0.72942823384331379,0.11954317406331978,-0.00805220217143225
1550,0.22784292008512,0.040999999999980566,8.8185879406017413,-0.73743284613410631,0.11987314919766041,-0.0080046122907925475
1550,0.22969530154923001,0.041333333333314341,8.9387819171710134,-0.74538807728679835,0.12019397656927275,-0.007955231152692083
1550,0.23154768301333001,0.04166666666664632,9.059287823701391,-0.75329213633478154,0.12050590653037709,-0.0079040590479831935
1550,0.23340006447743999,0.041999999999980088,9.1800970221008811,-0.7611432299619646,0.12080919839949043,-0.0078510936271830051
1550,0.23525244594155001,0.04233333333331387,9.3012011428437944,-0.76893955960779348,0.12110412074291392,-0.0077963296458288369
1550,0.23710482740565,0.042666666666645842,9.4225920945436084,-0.77667931829543435,0.12139095169981408,-0.0077397586876408533
1550,0.23895720886975999,0.04299999999997961,9.5442620738806685,-0.78436068715693552,0.12166997933706009,-0.0076813688615012081
1550,0.24080959033387001,0.043333333333313392,9.6662035759178551,-0.79198183162586588,0.12194150203718598,-0.0076211444689303597
1550,0.24266197179797,0.043666666666645364,9.7884094048593742,-0.79954089726527455,0.12220582894151823,-0.0075590656394086651
1550,0.24451435326207999,0.043999999999979146,9.9108726852952245,-0.80703600519346674,0.12246328043584966,-0.0074951079281922271
1550,0.24636673472619,0.044333333333312915,10.033586873978621,-0.81446524706507573,0.12271418868339623,-0.0074292418716090294
1550,0.24821911619029,0.044666666666644893,10.156545772207556,-0.82182667956031141,0.12295889822893559,-0.0073614324952356478
1550,0.25007149765440001,0.044999999999978668,10.279743538871408,-0.82911831832776717,0.12319776666385118,-0.0072916387674557964
1550,0.25192387911851,0.045333333333312437,10.403174704230013,-0.8363381313184608,0.12343116535860513,-0.0072198129906936859
1550,0.25377626058260999,0.045666666666644415,10.526834184518947,-0.84348403144107365,0.12365948028893395,-0.0071459001226128376
1550,0.25562864204671998,0.04599999999997819,10.650717297467187,-0.85055386845720526,0.12388311294824068,-0.0070698370161315924
1550,0.25748102351083002,0.046333333333311966,10.774819778822994,-0.85754542002351986,0.1241024813558079,-0.006991551566314546
1550,0.25933340497493002,0.046666666666643951,10.899137800014845,-0.86445638177496964,0.12431802119185154,-0.0069109617514498201
1550,0.26118578643904,0.046999999999977719,11.023667987069276,-0.8712843563259437,0.12453018705442981,-0.0068279745509740785
1550,0.26303816790314999,0.047333333333311495,11.148407440922604,-0.8780268410472909,0.12473945385332878,-0.0067424847213471729
1550,0.26489054936724998,0.047666666666643473,11.273353759300118,-0.88468121445587744,0.1249463183775141,-0.0066543734085865005
1550,0.26674293083136003,0.047999999999977248,11.398505060336738,-0.89124472102584429,0.12515130103662014,-0.0065635065699667988
1550,0.26859531229547001,0.048333333333311024,11.523860008136529,-0.89771445419977725,0.12535494779978981,-0.0064697331739329827
1550,0.27044769375957001,0.048666666666643002,11.649417840511846,-0.90408733734183722,0.12555783237531726,-0.0063728831420599161
1550,0.27230007522367999,0.04899999999997677,11.775178399153619,-0.91036010232986431,0.12576055864177305,-0.0062727649880270657
1550,0.27415245668778998,0.049333333333310546,11.901142162517838,-0.91652926543098767,0.12596376336421822,-0.0061691631011233858
1550,0.27600483815188998,0.049666666666642517,12.027310281768647,-0.92259110004297484,0.12616811925081045,-0.0060618346119872156
1550,0.27785721961600002,0.049999999999976293,12.153684620143782,-0.92854160580681533,0.12637433837513362,-0.0059505057638404501
1550,0.27970960108011,0.050333333333310075,12.280267796156695,-0.93437647350441078,0.12658317601291258,-0.0058348676975954455
1550,0.28156198254421,0.050666666666642046,12.407063231123447,-0.94009104504502616,0.12679543496675219,-0.0057145715406153744
1550,0.28341436400831999,0.050999999999975822,12.534075201547916,-0.94568026770819136,0.12701197042446971,-0.0055892226631652333
1550,0.28526674547242997,0.05133333333330959,12.661308896970221,-0.9511386416457045,0.12723369542230561,-0.0054583739375130983
1550,0.28711912693653002,0.051666666666641575,12.78877048398207,-0.9564601594436708,0.12746158701185001,-0.0053215177979662482
1550,0.28897150840064001,0.051999999999975351,12.916467177185915,-0.96163823629523948,0.12769669320384475,-0.0051780768515686595
1550,0.29082388986475,0.052333333333309119,13.044407317974645,-0.96666562902594466,0.12794014078873145,-0.0050273927307052015
1550,0.29267627132884999,0.052666666666641097,13.172600462138238,-0.97153434183050957,0.12819314416359223,-0.0048687128045648738
1550,0.29452865279295998,0.052999999999974873,13.301057477406014,-0.97623551609986303,0.12845701526777467,-0.0047011742693534335
1550,0.29638103425707002,0.053333333333308655,13.42979065215812,-0.98075930111538923,0.1287331747521068,-0.0045237850155261947
1550,0.29823341572117001,0.053666666666640633,13.558813816685753,-0.98509470162924928,0.12902316452763227,-0.0043354005138600271
1550,0.30008579718528,0.053999999999974402,13.688142478480723,-0.98922939738673354,0.12932866179496927,-0.0041346957574842818
1550,0.30193817864938999,0.054333333333308177,13.81779397313011,-0.99314952842101312,0.12965149464938788,-0.0039201310342795778
1550,0.30379056011348998,0.054666666666640149,13.947787632455727,-0.99683943838093914,0.12999365932561621,-0.0036899099599260036
1550,0.30564294157760002,0.054999999999973938,14.078144971474956,-1.0002813661302661,0.13035733901922789,-0.003441927749327034
1550,0.30749532304171001,0.055333333333307706,14.208889895557283,-1.0034550732408347,0.13074492408232635,-0.0031737071105686007
1550,0.30934770450581001,0.055666666666639678,14.340048928704155,-1.0063373915997995,0.1311590331468715,-0.0028823183589648774
1550,0.31120008596991999,0.055999999999973446,14.471651462965367,-1.0089016709040679,0.13160253426121221,-0.0025642793042684039
1550,0.31305246743402998,0.056333333333307221,14.603730027414356,-1.0111170999795398,0.13207856444898883,-0.0022154290754718485
1550,0.31490484889812997,0.0566666666666392,14.736320572412057,-1.0129478681765709,0.1325905449977007,-0.0018307681970311284
1550,0.31675723036224002,0.056999999999972982,14.869462760368609,-1.0143521229444317,0.13314218795655347,-0.0014042547678608359
1550,0.31860961182635,0.05733333333330675,15.003200246840624,-1.0152806662768257,0.13373748647201514,-0.0009285433323939316
1550,0.32046199329045,0.057666666666638729,15.137580923846365,-1.0156753150323308,0.13438067700574016,-0.00039464875550507765
1550,0.32231437475455998,0.057999999999972504,15.272657077889148,-1.0154668269408018,0.13507615404278442,0.00020848809152893439
1550,0.32416675621867003,0.058333333333306286,15.408485383874027,-1.0145722640826829,0.13582830598487775,0.00089456285811900804
1550,0.32601913768277002,0.058666666666638265,15.545126605522551,-1.0128916277035105,0.13664122164852457,0.0016806363791723625
1550,0.32787151914688001,0.058999999999972033,15.682644791025929,-1.0103035525274404,0.13751818550337802,0.0025880751760700951
1550,0.32972390061099,0.059333333333305809,15.821105620309199,-1.006659798810803,0.13846082928327058,0.0036437537166373367
1550,0.33157628207508999,0.059666666666637773,15.960573346777947,-1.0017782382050129,0.13946772646874794,0.0048815606057901126
1550,0.33342866353919998,0.059999999999971548,16.101105434626337,-0.99543402632321254,0.14053208784839114,0.0063442118818003591
1550,0.33528104500331002,0.060333333333305338,16.242743455150809,-0.98734876395171722,0.14163802052447033,0.008085262371495313
1550,0.33713342646741001,0.060666666666637309,16.385497989527078,-0.97717783071232978,0.1427545343762712,0.010170933239387449
1550,0.33898580793152,0.060999999999971077,16.529324135403471,-0.96449706147782366,0.14382614587639234,0.012680769234506119
1550,0.34083818939562999,0.061333333333304853,16.674082850309507,-0.94879216092720497,0.14475871490603617,0.015704900550618659
1550,0.34269057085972998,0.061666666666636831,16.819482498066815,-0.92945876993818743,0.1453996477573091,0.019333390989017558
1550,0.34454295232384002,0.061999999999970613,16.964996846986605,-0.90582915594733571,0.14551434891978782,0.023629613990851759
1550,0.34639533378795001,0.062333333333304382,17.109765709123479,-0.87725287153346054,0.14476886213687604,0.028576284413875209
1550,0.34824771525205001,0.062666666666636367,17.252511018019685,-0.84326643431095916,0.1427453088962071,0.033986437222501414
1550,0.35010009671615999,0.062999999999970135,17.391547828034053,-0.80386837836311809,0.13903681001436891,0.03939805594784105
1550,0.35195247818026998,0.063333333333303904,17.525006375641162,-0.75983544785905666,0.1334585476071081,0.044032930504061464
1550,0.35380485964436997,0.063666666666635882,17.651319098977538,-0.7128821387644938,0.12631272333637711,0.046953309094562821
1550,0.35565724110848002,0.063999999999969664,17.769804111433107,-0.6654253283995375,0.11848501245556799,0.047456810364956283
1550,0.35750962257259,0.064333333333303433,17.880970175645789,-0.61995042002279022,0.11116606421268388,0.045474908376747288
1550,0.35936200403669,0.064666666666635411,17.98630322867335,-0.57833443838683107,0.10533305302756123,0.041615981635959115
1550,0.36121438550079998,0.064999999999969194,18.08770647983663,-0.54152405729406783,0.10140325116327914,0.036810381092763203
1550,0.36306676696491003,0.065333333333302962,18.186975669029227,-0.50963474044605905,0.09926918919259653,0.031889316848008754
1550,0.36491914842901002,0.06566666666663494,18.285527385100533,-0.48225416632743229,0.098551716071304196,0.027380574118626787
1550,0.36677152989312001,0.065999999999968709,18.384357116748806,-0.45873159191926388,0.098829731648271177,0.023522574408168382
1550,0.36862391135722999,0.066333333333302477,18.484112387278188,-0.43836607728954829,0.099755270529381115,0.020365514629715611
1550,0.37047629282132999,0.066666666666634455,18.585192479591491,-0.42050017967289227,0.10108009231330388,0.017865897616656017
1550,0.37232867428543998,0.066999999999968238,18.6878346534657,-0.40455328912494148,0.10264217387420745,0.015946890547950784
1550,0.37418105574955002,0.06733333333330202,18.792177144504077,-0.39002378147893363,0.104342491038378,0.014529507646007873
1550,0.37603343721365001,0.067666666666633998,18.898301533758477,-0.37647770570475225,0.10612438925440215,0.013546075774181378
1550,0.37788581867776,0.067999999999967767,19.006259946319918,-0.36353296477532893,0.10795841256144041,0.012944740929423351
1550,0.37973820014186999,0.068333333333301535,19.116091938459579,-0.35084284068212745,0.10983199213966155,0.012690124093201489
1550,0.38159058160596998,0.068666666666633513,19.227834540508468,-0.33808010186596027,0.11174260204888685,0.012762738816167204
1550,0.38344296307008002,0.068999999999967296,19.341527627056848,-0.32492169667331838,0.11369308654837983,0.0131584051926419
1550,0.38529534453419001,0.069333333333301064,19.457215751675388,-0.31103347971854295,0.11568812461853858,0.013888216954775438
1550,0.38714772599829,0.069666666666633043,19.574946732609313,-0.29605417277078611,0.11773098093392415,0.014979306947756853
1550,0.38900010746239999,0.069999999999966825,19.694766462449884,-0.27957767123502497,0.11981972984057078,0.016476501535761138
1550,0.39085248892650998,0.070333333333300593,19.816708467241931,-0.26113285794439767,0.12194200479204712,0.018444813290627322
1550,0.39270487039060997,0.070666666666632558,19.94077546469795,-0.24016041006388161,0.12406699745602078,0.020972447880516065
1550,0.39455725185472001,0.07099999999996634,20.066908366434262,-0.21598704179678105,0.12613290173631378,0.024173368267100575
1550,0.39640963331883,0.071333333333300122,20.194935738878282,-0.18779998555185484,0.12802737244402099,0.028187056244926192
1550,0.39826201478293,0.071666666666632087,20.324494083374272,-0.15462974322773937,0.12955834449598896,0.033170242324115473
1550,0.40011439624703998,0.071999999999965869,20.454908404492009,-0.11535957141022384,0.1304143211177379,0.039270171817515534
1550,0.40196677771115003,0.072333333333299638,20.58502933271626,-0.068798039708794806,0.13012092822424995,0.046561531701429029
1550,0.40381915917525002,0.072666666666631616,20.713050543589624,-0.013873336307893135,0.12802121087336324,0.054924703400901671
1550,0.40567154063936001,0.072999999999965398,20.836395658822152,0.049987487894104142,0.12334511523252888,0.063860824201997277
1550,0.40752392210346999,0.073333333333299167,20.951859281663317,0.12230281458469763,0.11546362284116375,0.072315326690593498
1550,0.40937630356756999,0.073666666666631145,21.056209593157114,0.20101983310759175,0.10435031149379664,0.07871701852289413
1550,0.41122868503167997,0.073999999999964913,21.147214533611802,0.28248674308168753,0.091004940454686711,0.08146690997409578
1550,0.41308106649579002,0.074333333333298696,21.224566116344903,0.36224215371276958,0.077351582733101831,0.079755410631082019
1550,0.41493344795989001,0.074666666666630674,21.290010840686747,0.43630828944384836,0.06544472434184477,0.074066135731078814
1550,0.416785829424,0.074999999999964442,21.346578124694791,0.50217234221105755,0.056567284008042784,0.065864052767209191
1550,0.41863821088810999,0.075333333333298225,21.397513827853608,0.5589596394732177,0.050935703158817902,0.056787297262160176
1550,0.42049059235220998,0.075666666666630189,21.445546886653105,0.60699865569898948,0.048033058799495577,0.048039016225771801
1550,0.42234297381632002,0.075999999999963971,21.492643381305562,0.64724617710895505,0.047096494652456182,0.040247521409965598
1550,0.42419535528043001,0.076333333333297754,21.540072643328951,0.68085668802675225,0.047429262023387674,0.033610510917797223
1550,0.42604773674453,0.076666666666629718,21.588581762933714,0.70894479269994937,0.048509119604764388,0.028088104673197136
1550,0.42790011820863999,0.0769999999999635,21.638566076886562,0.73248622032607735,0.049984313952847477,0.023541427626127948
1550,0.42975249967274998,0.077333333333297269,21.690199093448609,0.75229468010378642,0.051633016562045192,0.019808459777709068
1550,0.43160488113685003,0.077666666666629247,21.743520973948272,0.76903265825610767,0.053321880499662792,0.016737978152321243
1550,0.43345726260096001,0.077999999999963029,21.798495302825987,0.7832338172831248,0.054974328877715729,0.0142011590270171
1550,0.43530964406507,0.078333333333296798,21.855044257168167,0.79532676942938629,0.056548954342178138,0.012092952146261542
1550,0.43716202552917,0.078666666666628776,21.913069876140572,0.80565626629452258,0.058025618972404977,0.010329496865136335
1550,0.43901440699327998,0.078999999999962545,21.972466649505428,0.81450073677714274,0.05939677336485711,0.0088444704826201245
1550,0.44086678845739002,0.079333333333296327,22.033128775062472,0.82208629168555702,0.060662125557045983,0.0075855549084142687
1550,0.44271916992149002,0.079666666666628291,22.094954177645253,0.82859771305394603,0.061825402582779541,0.00651142136838905
1550,0.44457155138560001,0.079999999999962074,22.157846579514477,0.83418701227849312,0.062892401869225262,0.0055892992245470917
1550,0.44642393284970999,0.080333333333295842,22.221716412019788,0.83898008246282041,0.063869832505309934,0.0047930701843273303
1550,0.44827631431380999,0.080666666666627834,22.286481050571609,0.84308187730237516,0.064764638551819867,0.0041017948395548022
1550,0.45012869577791997,0.080999999999961603,22.352064666227843,0.84658045738136634,0.065583615656234981,0.0034985800789911897
1550,0.45198107724203002,0.081333333333295371,22.41839787157555,0.84955016687503337,0.066333205347706856,0.0029697094936670487
1550,0.45383345870613001,0.081666666666627363,22.485417267702349,0.85205414141655167,0.067019396126799941,0.0025039745415182764
1550,0.45568584017024,0.081999999999961132,22.553064955536119,0.85414629972723966,0.067647687833768858,0.0020921583106880306
1550,0.45753822163434998,0.0823333333332949,22.621288048141349,0.85587293495190286,0.06822309260522913,0.001726635224663262
1550,0.45939060309844998,0.082666666666626878,22.690038204238267,0.85727399396442472,0.068750156096917273,0.0014010590125218497
1550,0.46124298456256002,0.082999999999960661,22.759271193269221,0.85838411207281595,0.069232989030954109,0.0011101181083912094
1550,0.46309536602667001,0.083333333333294443,22.828946496367841,0.85923345486527847,0.069675303098620384,0.00084934279246246642
1550,0.46494774749077,0.083666666666626408,22.899026944083275,0.85984840710101706,0.070080447715432967,0.0006149522357386172
1550,0.46680012895487999,0.083999999999960176,22.96947838970631,0.86025213958540037,0.070451445623034029,0.00040373248438333419
1550,0.46865251041898998,0.084333333333293944,23.040269415982902,0.86046507815210205,0.07079102627659252,0.00021293856670165983
1550,0.47050489188309003,0.084666666666625937,23.111371072517361,0.86050529366568218,0.071101656534458726,4.0215513580138934e-05
1550,0.47235727334720001,0.084999999999959705,23.182756641004222,0.86038882795663252,0.071385568486859147,-0.00011646570904966054
1550,0.47420965481131,0.085333333333293487,23.254401425471176,0.86012996751126081,0.071644784466955463,-0.00025886044537171132
1550,0.47606203627540999,0.085666666666625452,23.3262825648786,0.85974147433989179,0.071881139407422259,-0.00038849317136901903
1550,0.47791441773951998,0.08599999999995922,23.398378865616579,0.85923478157458999,0.07209630073797707,-0.00050669276530181464
1550,0.47976679920363002,0.086333333333293016,23.470670651666588,0.85862015987861051,0.072291786050008189,-0.00061462169597948713
1550,0.48161918066773002,0.086666666666624981,23.543139630433917,0.85790685959071133,0.072468978767327608,-0.00071330028789916365
1550,0.48347156213184,0.086999999999958749,23.615768772463777,0.85710323260874455,0.072629142029861898,-0.00080362698196682208
1550,0.48532394359594999,0.087333333333292532,23.688542203456265,0.85621683728484721,0.072773430992487162,-0.00088639532389730503
1550,0.48717632506004999,0.087666666666624496,23.761445107189925,0.85525452901824406,0.072902903733659527,-0.0009623082666031915
1550,0.48902870652415997,0.087999999999958292,23.834463638118567,0.85422253876012921,0.073018530928641273,-0.0010319902581148342
1550,0.49088108798827002,0.088333333333292061,23.907584842552478,0.85312654126408105,0.073121204433911666,-0.0010959974960481937
1550,0.49273346945237001,0.088666666666624025,23.980796587476316,0.85197171460583976,0.073211744923839972,-0.0011548266582412628
1550,0.49458585091648,0.088999999999957793,24.054087496159916,0.85076279224420759,0.073290908683598416,-0.0012089223616321824
1550,0.49643823238058998,0.08933333333329159,24.127446889818412,0.84950410868840787,0.073359393658495059,-0.0012586835557997775
1550,0.49829061384468998,0.089666666666623554,24.200864734677413,0.84819963966729783,0.073417844858999839,-0.0013044690211100874
1550,0.50014299530880002,0.089999999999957336,24.274331593865107,0.8468530375559673,0.073466859187691566,-0.0013466021113305536
1550,0.50199537677290995,0.090333333333291105,24.347838583620717,0.84546766269931739,0.073506989755610763,-0.0013853748566499506
1550,0.50384775823701,0.090666666666623097,24.42137733337875,0.84404661117555857,0.07353874975803143,-0.0014210515237588282
1550,0.50570013970112004,0.090999999999956865,24.494939949329286,0.84259273946235458,0.073562615950536508,-0.0014538717132040442
1550,0.50755252116521998,0.09133333333328883,24.568518981099388,0.84110868640105374,0.07357903177010007,-0.0014840530613008805
1550,0.50940490262933003,0.091666666666622626,24.642107391254406,0.83959689279761007,0.073588410155017187,-0.0015117936034436284
1550,0.51125728409343996,0.091999999999956381,24.715698527331,0.83805961895164338,0.073591136076592359,-0.0015372738459667314
1550,0.51310966555755,0.092333333333290163,24.789286096166077,0.83649896036438876,0.073587568835075265,-0.0015606585872546006
1550,0.51496204702165005,0.092666666666622155,24.86286414029605,0.83491686184251601,0.073578044129974193,-0.0015820985218727539
1550,0.51681442848575998,0.09299999999995591,24.936427016236081,0.83331513018556769,0.073562875940030775,-0.0016017316569483134
1550,0.51866680994986003,0.093333333333287902,25.009969374457587,0.8316954456203316,0.073542358221507051,-0.0016196845652360801
1550,0.52051919141396996,0.093666666666621642,25.083486140918453,0.83005937212394898,0.073516766460866384,-0.0016360734963826646
1550,0.52237157287808,0.093999999999955439,25.156972499994282,0.82840836675994378,0.073486359075829122,-0.0016510053640051482
1550,0.52422395434218005,0.094333333333287431,25.230423878694747,0.82674378813536076,0.07345137870046374,-0.0016645786245830429
1550,0.52607633580628999,0.094666666666621185,25.303835932048624,0.8250669040740779,0.07341205335387721,-0.0016768840612828571
1550,0.52792871727040003,0.094999999999954968,25.377204529552362,0.82337889858982782,0.073368597503736782,-0.0016880054842500531
1550,0.52978109873449997,0.095333333333286946,25.450525742597804,0.82168087823220926,0.073321213045440828,-0.0016980203576185977
1550,0.53163348019861001,0.095666666666620714,25.523795832793141,0.81997387787052012,0.073270090195337811,-0.0017070003616891925
1550,0.53348586166272005,0.095999999999954497,25.59701124109894,0.81825886597273723,0.073215408305799798,-0.0017150118977829055
1550,0.53533824312681999,0.096333333333286475,25.670168577719018,0.81653674943013332,0.073157336620076258,-0.0017221165426039369
1550,0.53719062459093003,0.096666666666620243,25.743264612681433,0.81480837797254146,0.073096034962415235,-0.0017283714575919091
1550,0.53904300605503996,0.096999999999954012,25.816296267050664,0.81307454821428404,0.073031654369230314,-0.0017338297582574528
1550,0.54089538751914001,0.097333333333286004,25.889260604727948,0.81133600736611466,0.072964337677285301,-0.0017385408481693746
1550,0.54274776898324995,0.097666666666619759,25.962154824790286,0.80959345664493265,0.072894220062338116,-0.0017425507211820072
1550,0.54460015044735999,0.097999999999953541,26.034976254323109,0.80784755440964395,0.072821429532822071,-0.0017459022352887183
1550,0.54645253191146004,0.098333333333285519,26.107722341715579,0.80609891904829689,0.072746087392469475,-0.0017486353613470798
1550,0.54830491337556997,0.098666666666619288,26.180390650380456,0.8043481316392288,0.072668308664878459,-0.0017507874090680886
1550,0.55015729483968001,0.098999999999953084,26.252978852863524,0.80259573840663512,0.072588202483069506,-0.0017523932325936846
1550,0.55200967630377995,0.099333333333285034,26.325484725320404,0.80084225298866429,0.072505872456877979,-0.0017534854179708462
1550,0.55386205776788999,0.099666666666618817,26.397906142331077,0.79908815853454096,0.072421417010671965,-0.0017540944541232972
1550,0.55571443923200003,0.099999999999952585,26.470241072024059,0.79733390964561757,0.072334929692982053,-0.0017542488889233901
