wavelength_nm,photon_energy_eV,chi2_real_pm_per_V,chi2_imag_pm_per_V,chi2_abs_real_pm_per_V,chi2_abs_pm_per_V
400,3.0996049599999997,0.39993599197226093,0.0019132896048087468,0.39993599197226093,0.39994056852480997
401,3.0918752718204487,0.4036118070411765,0.0019408858661685239,0.4036118070411765,0.40361647367394388
402,3.084184039800995,0.40732089287178896,0.0019688832391552766,0.40732089287178896,0.40732565137869825
403,3.0765309776674936,0.41106359923733971,0.0019972880448324978,0.41106359923733971,0.41106845144998688
404,3.0689158019801979,0.41484028055136035,0.0020261067179669365,0.41484028055136035,0.41484522833987608
405,3.0613382320987652,0.41865129594377237,0.0020553458093957424,0.41865129594377237,0.41865634121770595
406,3.0537979901477832,0.42249700933846146,0.0020850119884503679,0.42249700933846146,0.42250215404768765
407,3.0462948009828006,0.42637778953241712,0.0021151120454385329,0.42637778953241712,0.42638303566806562
408,3.0388283921568626,0.430294010276421,0.0021456528941860746,0.430294010276421,0.43029935987183038
409,3.0313984938875302,0.43424605035734343,0.0021766415746401714,0.43424605035734343,0.43425150548903907
410,3.0240048390243901,0.43823429368209066,0.0022080852555356953,0.43823429368209066,0.43823985647078767
411,3.0166471630170313,0.44225912936322342,0.0022399912371264688,0.44225912936322342,0.44226480197485624
412,3.009325203883495,0.44632095180629761,0.002272366953983025,0.44632095180629761,0.44632673645307536
413,3.0020387021791763,0.45042016079897929,0.0023052199778590471,0.45042016079897929,0.45042605974046918
414,2.9947874009661835,0.45455716160194592,0.0023385580206280879,0.45455716160194592,0.45456317714618444
415,2.9875710457831324,0.4587323650416375,0.0023723889372926918,0.4587323650416375,0.45873849954627083
416,2.9803893846153846,0.46294618760491169,0.0024067207290679295,0.46294618760491169,0.46295244347836606
417,2.9732421678657071,0.46719905153560992,0.0024415615465414198,0.46719905153560992,0.46720543123829261
418,2.9661291483253587,0.47149138493312526,0.0024769196929119996,0.47149138493312526,0.47149789097865707
419,2.9590500811455844,0.47582362185298877,0.0025128036273092931,0.47582362185298877,0.47583025680946928
420,2.9520047238095235,0.48019620240953675,0.0025492219681964101,0.48019620240953675,0.48020296890084291
421,2.9449928361045128,0.48460957288070539,0.0025861834968582478,0.48460957288070539,0.48461647358782511
422,2.9380141800947865,0.48906418581500377,0.0026236971609777809,0.48906418581500377,0.48907122347740423
423,2.9310685200945623,0.49356050014073172,0.0026617720783028579,0.49356050014073172,0.49356767755776521
424,2.9241556226415093,0.49809898127745833,0.0027004175404061167,0.49809898127745833,0.4981063013098051
425,2.9172752564705879,0.50268010124988916,0.0027396430165408381,0.50268010124988916,0.50268756682103943
426,2.9104271924882625,0.50730433880407677,0.0027794581575952184,0.50730433880407677,0.50731195290185249
427,2.9036112037470723,0.51197217952615293,0.0028198728001482985,0.51197217952615293,0.51197994520427104
428,2.8968270654205606,0.51668411596353603,0.0028608969706302775,0.51668411596353603,0.51669203634321414
429,2.8900745547785545,0.52144064774875543,0.0029025408895902811,0.52144064774875543,0.52144872602036085
430,2.8833534511627903,0.52624228172590959,0.0029448149760749097,0.52624228172590959,0.52625052115065396
431,2.8766635359628769,0.53108953207984322,0.0029877298521206229,0.53108953207984322,0.53109793599152322
432,2.8700045925925926,0.53598292046810969,0.0030312963473635721,0.53598292046810969,0.53599149227489573
433,2.8633764064665126,0.54092297615580653,0.0030755255037701124,0.54092297615580653,0.54093171934208073
434,2.8567787649769585,0.54591023615330281,0.003120428580491815,0.54591023615330281,0.54591915428154814
435,2.8502114574712643,0.5509452453570034,0.0031660170588486474,0.5509452453570034,0.55095434206974503
436,2.8436742752293576,0.55602855669318352,0.0032123026474441315,0.55602855669318352,0.556037835714984
437,2.8371670114416472,0.56116073126496602,0.0032592972874164149,0.56116073126496602,0.56117019640447696
438,2.8306894611872142,0.56634233850256521,0.003307013157829654,0.56634233850256521,0.5663519936546354
439,2.8242414214123004,0.57157395631683694,0.0033554626812095298,0.57157395631683694,0.57158380546468113
440,2.8178226909090909,0.57685617125624566,0.0034046585292278209,0.57685617125624566,0.57686621847367314
441,2.8114330702947843,0.58218957866732945,0.0034546136285399992,0.58218957866732945,0.5821998281210371
442,2.8050723619909501,0.58757478285875298,0.0035053411667811691,0.58757478285875298,0.58758523881068203
443,2.7987403702031601,0.59301239726905641,0.003556854598724863,0.59301239726905641,0.59302306407881777
444,2.7924369009009009,0.59850304463817472,0.0036091676526096919,0.59850304463817472,0.59851392676554283
445,2.7861617617977528,0.60404735718285751,0.003662294336639409,0.60404735718285751,0.60405845919033596
446,2.7799147623318383,0.60964597677603916,0.003716248945661511,0.60964597677603916,0.60965730333150026
447,2.7736957136465321,0.61529955513035572,0.0037710460680300244,0.61529955513035572,0.61531111100975655
448,2.7675044285714283,0.62100875398581512,0.003826700592658475,0.62100875398581512,0.6210205440759915
449,2.7613407216035633,0.62677424530180459,0.0038832277162686758,0.62677424530180459,0.62678627460334768
450,2.7552044088888885,0.6325967114535429,0.0039406429508419168,0.6325967114535429,0.63260898508375851
451,2.7490953082039908,0.6384768454330374,0.0039989621312788697,0.6384768454330374,0.63848936862899297
452,2.7430132389380528,0.64441535105478231,0.0040582014232746749,0.64441535105478231,0.64442812917644288
453,2.7369580220750551,0.65041294316621556,0.0041183773314164614,0.65041294316621556,0.65042598169967247
454,2.7309294801762114,0.65647034786312064,0.0041795067075102652,0.65647034786312064,0.65648365242391593
455,2.7249274373626373,0.66258830271009761,0.0042416067591448461,0.66258830271009761,0.6626018790466468
456,2.7189517192982455,0.6687675569662741,0.0043046950584998533,0.6687675569662741,0.66878141096339194
457,2.7130021531728663,0.67500887181632985,0.0043687895514068278,0.67500887181632985,0.67502300949886063
458,2.7070785676855893,0.68131302060706278,0.0044339085666707037,0.68131302060706278,0.68132744814362023
459,2.701180793028322,0.68768078908958641,0.0045000708256609425,0.68768078908958641,0.68769551279640628
460,2.6953086608695651,0.69411297566738472,0.0045672954521806738,0.69411297566738472,0.69412800201229374
461,2.6894620043383948,0.70061039165030814,0.0046356019826235013,0.70061039165030814,0.70062572725681405
462,2.6836406580086578,0.70717386151476491,0.0047050103764272461,0.70717386151476491,0.70718951316627021
463,2.6778444578833693,0.7138042231702042,0.0047755410268347735,0.7138042231702042,0.71382019781435002
464,2.67207324137931,0.72050232823213411,0.0048472147719719524,0.72050232823213411,0.72051863298527652
465,2.6663268473118276,0.72726904230183997,0.0049200529062537121,0.72726904230183997,0.72728568445366482
466,2.6606051158798283,0.73410524525297194,0.0049940771921290882,0.73410524525297194,0.73412223227125273
467,2.6549078886509636,0.7410118315252292,0.0050693098721769116,0.7410118315252292,0.74102917106073152
468,2.6492350085470084,0.74798971042536366,0.005145773681563947,0.74798971042536366,0.7480074103169041
469,2.6435863198294243,0.75503980643566515,0.005223491860878119,0.75503980643566515,0.7550578747153277
470,2.6379616680851061,0.76216305953018137,0.0053024881693495302,0.76216305953018137,0.76218150442869759
471,2.6323609002123138,0.76936042549891681,0.005382786898472847,0.76936042549891681,0.76937925545121677
472,2.6267838644067796,0.77663287628019706,0.0054644128860447845,0.77663287628019706,0.7766520999311346
473,2.6212304101479913,0.78398140030149355,0.0055473915306313674,0.78398140030149355,0.78400102651175452
474,2.6157003881856538,0.79140700282891974,0.005631748806479946,0.79140700282891974,0.79142704068111869
475,2.6101936505263157,0.79891070632567929,0.0057175112788914028,0.79891070632567929,0.79893116513065121
476,2.6047100504201679,0.80649355081975993,0.0058047061200693605,0.80649355081975993,0.80651444012305518
477,2.5992494423480084,0.81415659428108378,0.0058933611254624214,0.81415659428108378,0.81417792386967136
478,2.5938116820083681,0.82190091300847801,0.0059835047306181013,0.82190091300847801,0.82192269291766795
479,2.5883966263048013,0.82972760202670748,0.0060751660285656237,0.82972760202670748,0.82974984254729744
480,2.5830041333333331,0.83763777549394414,0.0061683747877477567,0.83763777549394414,0.83766048717960029
481,2.5776340623700622,0.84563256711987878,0.0062631614705203655,0.84563256711987878,0.84565576079475857
482,2.5722862738589209,0.85371313059497633,0.0063595572522413633,0.85371313059497633,0.85373681736160345
483,2.5669606293995857,0.86188064003102727,0.0064575940409696379,0.86188064003102727,0.86190483127842554
484,2.561656991735537,0.87013629041352658,0.0065573044977967308,0.87013629041352658,0.8701609978256265
485,2.556375224742268,0.87848129806611031,0.0066587220578348313,0.87848129806611031,0.87850653363043452
486,2.5511151934156375,0.88691690112752286,0.0067618809518844979,0.88691690112752286,0.88694267714416342
487,2.5458767638603694,0.89544436004147587,0.0068668162288081595,0.89544436004147587,0.89547068913237393
488,2.5406598032786882,0.90406495805979237,0.0069735637786353423,0.90406495805979237,0.90409185317833118
489,2.5354641799591002,0.91278000175930485,0.0070821603564269822,0.91278000175930485,0.91280747620022862
490,2.5302897632653059,0.9215908215729236,0.0071926436069277341,0.9215908215729236,0.92161888898259481
491,2.5251364236252543,0.93049877233530265,0.007305052090035501,0.93049877233530265,0.93052744672231102
492,2.5200040325203252,0.93950523384365359,0.0074194253071200762,0.93950523384365359,0.939534529589789
493,2.5148924624746449,0.94861161143414874,0.0075358037282226356,0.94861161143414874,0.94864154330575401
494,2.5098015870445343,0.95781933657437923,0.0076542288201698339,0.95781933657437923,0.95784991973409661
495,2.5047312808080808,0.96712986747254925,0.0077747430756386314,0.96712986747254925,0.96716111749147726
496,2.4996814193548387,0.9765446897037533,0.0078973900432077228,0.9765446897037533,0.97657662257402733
497,2.4946518792756538,0.98606531685410292,0.0080222143584344832,0.98606531685410292,0.98609794900192094
498,2.4896425381526104,0.9956932911831502,0.0081492617759973511,0.9956932911831502,0.99572663948225637
499,2.4846532745490979,1.0054301843052995,0.0082785792029459356,1.0054301843052995,1.0054642660909479
500,2.4796839679999998,1.0152775978908584,0.0084102147331020401,1.0152775978908584,1.0153124309742732
501,2.4747344990019959,1.0252371643873088,0.0085442176826577565,1.0252371643873088,1.0252727670706652
502,2.4698047490039841,1.0353105477616085,0.008680638627018452,1.0353105477616085,1.035346938853549
503,2.464894600397614,1.0454994442641223,0.0088195294389400332,1.0454994442641223,1.0455366430958377
504,2.4600039365079365,1.0558055832150375,0.0089609433280136049,1.0558055832150375,1.0558436096569288
505,2.4551326415841581,1.0662307278139567,0.0091049348815512854,1.0662307278139567,1.0662696022929083
506,2.4502806007905136,1.0767766759735222,0.0092515601069304287,1.0767766759735222,1.0768164194908061
507,2.4454477001972386,1.0874452611779093,0.0094008764754569991,1.0874452611779093,1.0874858953277502
508,2.4406338267716534,1.098238353367031,0.0095529429678086475,1.098238353367031,1.0982799003558583
509,2.4358388683693515,1.1091578598474219,0.0097078201211250083,1.1091578598474219,1.1092003425138388
510,2.4310627137254901,1.1202057262306462,0.0098655700778124376,1.1202057262306462,1.1202491680661451
511,2.4263052524461837,1.1313839374003978,0.010026256636134896,1.1313839374003978,1.1314283625708528
512,2.4215663749999998,1.1426945185090882,0.010189945302667095,1.1426945185090882,1.1427399518770613
513,2.4168459727095515,1.1541395360051676,0.010356703346687406,1.1541395360051676,1.15418600315306
514,2.4121439377431906,1.1657210986922295,0.010526599856594026,1.1657210986922295,1.1657686259463151
515,2.407460163106796,1.177441358821083,0.010699705798429944,1.177441358821083,1.1774899732764654
516,2.4027945426356587,1.189302513215921,0.010876094076608091,1.189302513215921,1.1893522427624499
517,2.3981469709864602,1.2013068044359847,0.011055839596931263,1.2013068044359847,1.2013576777851755
518,2.3935173436293433,1.2134565219739395,0.011239019332006914,1.2134565219739395,1.213508568686944
519,2.388905556840077,1.2257540034923045,0.01142571238916092,1.2257540034923045,1.2258072540089704
520,2.3843115076923076,1.2382016360995496,0.011616000080960684,1.2382016360995496,1.2382561217686276
521,2.379735094049904,1.2508018576670734,0.011809965998462416,1.2508018576670734,1.2508576107776164
522,2.3751762145593869,1.2635571581888989,0.012007696087303912,1.2635571581888989,1.2636142120029086
523,2.3706347686424474,1.2764700811855034,0.012209278726769985,1.2764700811855034,1.2765284699718817
524,2.3661106564885492,1.2895432251536474,0.012414804811963942,1.2895432251536474,1.2896029842235126
525,2.361603779047619,1.3027792450637925,0.012624367839225738,1.3027792450637925,1.30284041080722
526,2.3571140380228135,1.31618085390719,0.012838063994944377,1.31618085390719,1.3162434638314442
527,2.3526413358633773,1.3297508242943175,0.013055992247919944,1.3297508242943175,1.3298149170636471
528,2.3481855757575758,1.3434919901069629,0.013278254445438141,1.3434919901069629,1.3435576055840277
529,2.3437466616257088,1.3574072482058428,0.013504955413229901,1.3574072482058428,1.3574744274948503
530,2.3393244981132075,1.3714995601960855,0.013736203059495852,1.3714995601960855,1.3715683456877195
531,2.3349189905838039,1.385771954252891,0.01397210848318773,1.385771954252891,1.3858423896711136
532,2.3305300451127819,1.4002275270097408,0.014212786086745179,1.4002275270097408,1.4002996574605602
533,2.3261575684803,1.4148694455117767,0.01445835369350134,1.4148694455117767,1.4149433175340733
534,2.3218014681647938,1.4297009492368926,0.014708932669978386,1.4297009492368926,1.4297766108554026
535,2.3174616523364486,1.4447253521874321,0.014964648053308612,1.4447253521874321,1.4448028529679955
536,2.3131380298507462,1.459946045055339,0.015225628684028061,1.459946045055339,1.4600254361625173
537,2.3088305102420854,1.475366497463829,0.015492007344504496,1.475366497463829,1.4754478317210165
538,2.3045390037174718,1.4909902602888003,0.015763920903274546,1.4909902602888003,1.4910735922409428
539,2.3002634211502779,1.5068209680633164,0.016041510465581638,1.5068209680633164,1.5069063540423764
540,2.2960036740740741,1.5228623414686546,0.016324921530421269,1.5228623414686546,1.5229498396619527
541,2.2917596746765247,1.5391181899157558,0.016614304154418454,1.5391181899157558,1.539207860437338
542,2.287531335793358,1.5555924142206843,0.016909813122880452,1.5555924142206843,1.5556843191858649
543,2.2833185709023938,1.5722890093784687,0.017211608128386346,1.5722890093784687,1.5723832129817119
544,2.2791212941176471,1.5892120674393517,0.017519853957297667,1.5892120674393517,1.5893086360356645
545,2.274939420183486,1.6063657804920841,0.017834720684595337,1.6063657804920841,1.6064647826820979
546,2.2707728644688645,1.6237544437588745,0.018156383877471378,1.6237544437588745,1.6238559504778118
547,2.2666215429616088,1.6413824588070898,0.01848502480813044,1.6413824588070898,1.6414865434178147
548,2.2624853722627734,1.6592543368827188,0.018820830676281243,1.6592543368827188,1.6593610752730872
549,2.2583642695810564,1.6773747023712562,0.01916399484182893,1.6773747023712562,1.677484173055996
550,2.2542581527272727,1.6957482963917321,0.019514717068306771,1.6957482963917321,1.6958605806190903
551,2.2501669401088926,1.7143799805298552,0.019873203777621695,1.7143799805298552,1.7144951623932725
552,2.2460905507246376,1.7332747407167433,0.020239668316719014,1.7332747407167433,1.7333929072718237
553,2.2420289041591319,1.752437691260067,0.020614331236813936,1.752437691260067,1.752558932647132
554,2.2379819205776172,1.7718740790344572,0.020997420585871104,1.7718740790344572,1.7719984886069924
555,2.2339495207207207,1.7915892878389008,0.021389172215060884,1.7915892878389008,1.7917169622982156
556,2.2299316258992805,1.8115888429288343,0.021789830099964193,1.8115888429288343,1.8117198824652829
557,2.2259281579892281,1.8318784157313455,0.022199646677346759,1.8318784157313455,1.832012924172475
558,2.2219390394265233,1.8524638287522159,0.022618883198375468,1.8524638287522159,1.8526019137182332
559,2.2179641932021466,1.8733510606841106,0.023047810099206076,1.8733510606841106,1.8734928337510797
560,2.2140035428571427,1.8945462517256595,0.023486707389929806,1.8945462517256595,1.8946918285968741
561,2.2100570124777184,1.9160557091217276,0.023935865062933222,1.9160557091217276,1.9162052098077278
562,2.2061245266903913,1.9378859129359407,0.024395583521791275,1.9378859129359407,1.9380394619436758
563,2.2022060106571932,1.960043522066897,0.024866174031889572,1.960043522066897,1.9602012485985696
564,2.1983013900709216,1.9825353805202965,0.025347959194050473,1.9825353805202965,1.9826974186824522
565,2.1944105911504423,2.0053685239499526,0.025841273442524536,2.0053685239499526,2.0055350129734317
566,2.1905335406360424,2.0285501864814597,0.02634646356879667,2.0285501864814597,2.0287212709528499
567,2.1866701657848324,2.052087807832832,0.026863889272759886,2.052087807832832,2.0522636379381227
568,2.182820394366197,2.0759890407476593,0.027393923742913072,2.0759890407476593,2.0761697725288313
569,2.1789841546572934,2.1002617587570178,0.027936954267353674,2.1002617587570178,2.1004475543823649
570,2.1751613754385963,2.1249140642873741,0.028493382877461539,2.1249140642873741,2.1251050923363977
571,2.1713519859894919,2.1499542971329628,0.029063627026301095,2.1499542971329628,2.150150732896746
572,2.167555916083916,2.1753910433119783,0.029648120303914588,2.1753910433119783,2.1755930691100147
573,2.1637730959860382,2.2012331443273041,0.03024731319183345,2.2012331443273041,2.2014409498418064
574,2.1600034564459927,2.2274897068538548,0.030861673859302802,2.2274897068538548,2.2277034894826713
575,2.1562469286956518,2.2541701128758254,0.031491689003895623,2.2541701128758254,2.2543900781051467
576,2.1525034444444442,2.2812840302987398,0.032137864739389246,2.2812840302987398,2.2815103920968824
577,2.1487729358752166,2.3088414240627815,0.032800727533990034,2.3088414240627815,2.3090744052964194
578,2.1450553356401381,2.3368525677856633,0.033480825202221454,2.3368525677856633,2.3370924006599889
579,2.1413505768566492,2.3653280559649668,0.034178727954040811,2.3653280559649668,2.3655749824893664
580,2.1376585931034482,2.3942788167721067,0.034895029505022837,2.3942788167721067,2.3945330892530583
581,2.133979318416523,2.423716125472005,0.035630348251737748,2.423716125472005,2.423978007035041
582,2.1303126872852234,2.4536516185050017,0.036385328516778212,2.4536516185050017,2.4539213836477094
583,2.1266586346483702,2.4840973082699884,0.037160641868230357,2.4840973082699884,2.4843752434481909
584,2.1230170958904107,2.5150655986502297,0.03795698851876754,2.5150655986502297,2.5153520028996441
585,2.1193880068376068,2.5465693013266879,0.038775098809955291,2.5465693013266879,2.5468644869225407
586,2.1157713037542663,2.5786216529261416,0.039615734787807028,2.5786216529261416,2.578925946083432
587,2.1121669233390117,2.6112363330553787,0.040479691876115997,2.6112363330553787,2.6115500746726812
588,2.1085748027210882,2.6444274832758312,0.041367800654632664,2.6444274832758312,2.644751029725775
589,2.1049948794567062,2.6782097270774843,0.042280928749731106,2.6782097270774843,2.6785434510473021
590,2.1014270915254234,2.7125981909146661,0.043219982845856764,2.7125981909146661,2.7129424823004848
591,2.0978713773265651,2.7476085263711871,0.044185910826741948,2.7476085263711871,2.7479637932300407
592,2.0943276756756757,2.78325693352744,0.045179704056147171,2.78325693352744,2.7836236030913319
593,2.0907959258010118,2.8195601856070107,0.046202399808723024,2.8195601856070107,2.8199387053637048
594,2.087276067340067,2.8565356549869438,0.047255083862515854,2.8565356549869438,2.8569264938325842
595,2.0837680403361345,2.8942013406615121,0.048338893265650509,2.8942013406615121,2.8946049901306123
596,2.0802717852348991,2.9325758972568456,0.049455019290845489,2.9325758972568456,2.9329928728356727
597,2.0767872428810721,2.971678665701039,0.050604710592632413,2.971678665701039,2.9721095082309588
598,2.0733143545150501,3.0115297056629373,0.051789276583523974,3.0115297056629373,3.0119749828408842
599,2.0698530617696158,3.0521498298814249,0.053010091046845814,3.0521498298814249,3.0526101378653001
600,2.0664033066666665,3.0935606405173361,0.054268596005618147,3.0935606405173361,3.0940366056448743
601,2.0629650316139765,3.1357845676706066,0.055566305868677793,3.1357845676706066,3.1362768483010273
602,2.0595381794019931,3.1788449102171583,0.05690481187726304,3.1788449102171583,3.1793541987058189
603,2.0561226932006633,3.2227658791328837,0.058285786877507642,3.2227658791328837,3.2232929039501013
604,2.0527185165562911,3.2675726434863783,0.059710990446780396,3.2675726434863783,3.2681181714926852
605,2.0493255933884296,3.3132913792975005,0.06118227440454968,3.3132913792975005,3.3138562181887807
606,2.0459438679867987,3.3599493214757103,0.062701588741524733,3.3599493214757103,3.3605343224129993
607,2.042573285008237,3.4075748190715407,0.064270988004226703,3.4075748190715407,3.4081808795117499
608,2.0392137894736839,3.4561973940942794,0.065892638175943929,3.4561973940942794,3.4568254608397391
609,2.0358653267651885,3.5058478041726895,0.067568824099273589,3.5058478041726895,3.5064988766592564
610,2.0325278426229505,3.5565581093599885,0.069301957490181254,3.5565581093599885,3.5572332432054927
611,2.0292012831423896,3.608361743412301,0.071094585598825921,3.608361743412301,3.6090620542494039
612,2.0258855947712417,3.6612935899009962,0.072949400578339429,3.6612935899009962,3.6620202575210947
613,2.0225807243066884,3.7153900635523431,0.074869249629423373,3.7153900635523431,3.7161443363900108
614,2.019286618892508,3.7706891972467851,0.076857145996132026,3.7706891972467851,3.7714723972374862
615,2.0160032260162599,3.8272307351510353,0.078916280896653257,3.8272307351510353,3.8280442629984432
616,2.0127304935064934,3.8850562325037821,0.081050036482425036,3.8850562325037821,3.8859015733971294
617,2.0094683695299835,3.9442091626266222,0.083261999929676117,3.9442091626266222,3.9450878924531061
618,2.0062168025889968,4.0047350317908563,0.085555978779651765,4.0047350317908563,4.0056488238933099
619,2.0029757415185783,4.0666815026345287,0.087936017657566451,4.0666815026345287,4.0676321351704479
620,1.9997451354838709,4.1300985268968393,0.090406416515973281,4.1300985268968393,4.1310878908615223
621,1.9965249339774556,4.1950384883182501,0.092971750566040012,4.1950384883182501,4.196068596302351
622,1.9933150868167202,4.2615563566450039,0.095636892080483565,4.2615563566450039,4.26262935240542
623,1.9901155441412519,4.3297098537795957,0.098407034275064392,4.3297098537795957,4.3308280227123941
624,1.9869262564102563,4.3995596332333822,0.10128771750198903,4.3995596332333822,4.4007254138486553
625,1.9837471743999999,4.4711694741677004,0.10428485801890705,4.4711694741677004,4.4723854706790531
626,1.9805782492012778,4.5446064914559212,0.10740477963199405,4.5446064914559212,4.5458754876119407
627,1.9774194322169059,4.6199413633660704,0.11065424855169423,4.6199413633660704,4.6212663376679863
628,1.9742706751592356,4.6972485786507523,0.11404051184590316,4.6972485786507523,4.6986327211198988
629,1.9711319300476946,4.776606705046099,0.11757133992878949,4.776606705046099,4.7780534357271476
630,1.968003149206349,4.8580986814248899,0.12125507358536231,4.8580986814248899,4.8596116708367187
631,1.9648842852614896,4.9418121361276661,0.12510067610378012,4.9418121361276661,4.943395327903719
632,1.9617752911392403,5.0278397343133854,0.12911779117111249,5.0278397343133854,5.0294973703082304
633,1.958676120063191,5.1162795575366733,0.13331680728601075,5.1162795575366733,5.1180162057160965
634,1.9555867255520503,5.2072355191780524,0.13770892955616232,5.2072355191780524,5.2090561046574484
635,1.9525070614173228,5.3008178198358689,0.14230625988270856,5.3008178198358689,5.3027276594872657
636,1.9494370817610061,5.397143447347446,0.14712188669195497,5.397143447347446,5.3991482884608084
637,1.9463767409733124,5.4963367267520251,0.15216998556141315,5.4963367267520251,5.4984427903133559
638,1.9433259937304075,5.5985299262583919,0.15746593230843198,5.5985299262583919,5.6007439554981051
639,1.9402847949921751,5.7038639261525041,0.16302643037251158,5.7038639261525041,5.7061932411252831
640,1.9372531,5.8124889585999391,0.16886965463585801,5.8124889585999391,5.8149415176855435
641,1.9342308642745709,5.9245654274913111,0.17501541420177552,5.9245654274913111,5.927149896858821
642,1.931218043613707,6.040264818881198,0.18148533710092069,6.040264818881198,6.0429906511425742
643,1.928214594090202,6.1597707142233915,0.18830308043843474,6.1597707142233915,6.1626482377227045
644,1.9252204720496893,6.2832799205606467,0.19549457015217475,6.2832799205606467,6.2863204410115454
645,1.9222356341085269,6.4110037341454831,0.20308827535093238,6.4110037341454831,6.4142196506521625
646,1.9192600371517026,6.5431693567338627,0.2111155231764193,6.5431693567338627,6.546574294623646
647,1.9162936383307572,6.6800214870967132,0.21961086132807711,6.6800214870967132,6.6836304504727844
648,1.9133363950617284,6.8218241142632383,0.2286124768622354,6.8218241142632383,6.8256536617763217
649,1.9103882650231123,6.9688625437939411,0.23816268170011973,6.9688625437939411,6.9729309918605082
650,1.9074492061538459,7.1214456941763924,0.24830847754780438,7.1214456941763924,7.1257733527755143
651,1.9045191766513057,7.2799087074862978,0.25910221576987069,7.2799087074862978,7.2845181547959426
652,1.9015981349693249,7.4446159270767591,0.27060237133088227,7.4446159270767591,7.4495323306268606
653,1.8986860398162326,7.6159643056510031,0.28287445444169712,7.6159643056510031,7.6212157994591569
654,1.895782850152905,7.7943873201599843,0.29599208931065268,7.7943873201599843,7.8000054495881752
655,1.8928885251908396,7.9803594862250762,0.31003829679216499,7.9803594862250762,7.9863797352029504
656,1.8900030243902437,8.1744015851047465,0.32510702727579732,8.1744015851047465,8.1808640041102674
657,1.887126307458143,8.3770867417780259,0.34130500259031349,8.3770867417780259,8.3840366998282114
658,1.8842583343465045,8.5890475250646503,0.35875394200849764,8.5890475250646503,8.5965366153309581
659,1.8813990652503791,8.8109842819355784,0.37759326902234758,8.8109842819355784,8.8190714189945645
660,1.8785484606060605,9.0436749711165554,0.39798342437828504,9.0436749711165554,9.0524277290282686
661,1.8757064810892585,9.2879868296111709,0.42010994971585613,9.2879868296111709,9.2974830850548393
662,1.8728730876132929,9.5448902951813714,0.4441885590761826,9.5448902951813714,9.555220260311204
663,1.8700482413273001,9.8154757255175973,0.47047148843072339,9.8154757255175973,9.8267444832788549
664,1.8672319036144578,10.100973611192003,0.4992555149496023,10.100973611192003,10.113304304884966
665,1.8644240360902253,10.402779189274405,0.53089218108336866,10.402779189274405,10.416317073166317
666,1.8616246006006005,10.722482648910248,0.56580096366005916,10.722482648910248,10.737400285295319
667,1.8588335592203897,11.061906510048139,0.60448642611104564,11.061906510048139,11.078410512180794
668,1.856050874251497,11.423152297260607,0.64756083162947875,11.423152297260607,11.441492185771528
669,1.8532765082212255,11.808659389913732,0.69577435548677813,11.808659389913732,11.829139382928531
670,1.8505104238805969,12.221280009985342,0.75005604586575902,12.221280009985342,12.244274954214607
671,1.8477525842026825,12.664375865775561,0.81157026345702499,12.664375865775561,12.690353122043776
672,1.8450029523809524,13.141944244848364,0.88179585937204097,13.141944244848364,13.171494314325491
673,1.8422614918276372,13.658784718569674,0.96263950179752489,13.658784718569674,13.69266499986958
674,1.8395281661721068,14.220722670215729,1.0566015681463963,14.220722670215729,14.259921463212798
675,1.8368029392592591,14.834913495827148,1.1670252205581999,14.834913495827148,14.880746160528828
676,1.8340857751479289,15.510262902734631,1.298481280984435,15.510262902734631,15.564520839043297
677,1.8313766381093057,16.258016042517383,1.4573827490271021,16.258016042517383,16.323205877397811
678,1.8286754926253685,17.092592784930687,1.6530034630207293,17.092592784930687,17.17233672393548
679,1.8259823033873341,18.032775621744499,1.899240866983019,18.032775621744499,18.132515338336297
680,1.8232970352941176,19.103366783360329,2.2178201006839648,19.103366783360329,19.231675653946347
681,1.8206196534508075,20.337306654274208,2.6444492702816271,20.337306654274208,20.508514180531922
682,1.8179501231671553,21.777475079628282,3.24136731925487,21.777475079628282,22.017376840626685
683,1.815288409956076,23.473699531809288,4.1243375138045444,23.473699531809288,23.833269386247434
684,1.8126344795321636,25.453410198103661,5.5213198011593221,25.453410198103661,26.045365481398058
685,1.8099882978102189,27.569137636647483,7.87392617541974,27.569137636647483,28.671520075579757
686,1.8073498309037899,28.923036155840848,11.709645764922826,28.923036155840848,31.203490580575306
687,1.8047190451237263,27.654644885737426,15.709568166028401,27.654644885737426,31.805186931054756
688,1.8020959069767442,26.048485929259854,16.738511758465201,26.048485929259854,30.962903531405555
689,1.7994803831640056,27.239720784930277,18.349489909991455,27.239720784930277,32.8436625302027
690,1.7968724405797101,27.147657932372844,23.465706498434947,27.147657932372844,35.883627362403288
691,1.7942720463096959,21.807402422905547,27.086187224580115,21.807402422905547,34.77390312863303
692,1.7916791676300576,18.283278560485499,24.832173006297651,18.283278560485499,30.836911180191287
693,1.7890937720057718,19.478637132095862,24.450679733595898,19.478637132095862,31.261046750848582
694,1.7865158270893371,18.632511991247704,28.013378240297378,18.632511991247704,33.644016756890906
695,1.7839453007194244,13.829627792856847,28.487439606161161,13.829627792856847,31.666904177763229
696,1.7813821609195402,12.97007608284602,25.585609080273464,12.97007608284602,28.685297028327707
697,1.7788263758967,14.669289590780778,26.435416311945552,14.669289590780778,30.232751986613231
698,1.7762779140401146,12.486507703405447,29.456627850661583,12.486507703405447,31.993840015846416
699,1.7737367439198855,8.8660780296379293,27.855942638086148,8.8660780296379293,29.232873274517068
700,1.7712028342857142,9.8455286296609934,25.840958347127334,9.8455286296609934,27.653020852981758
701,1.7686761540656204,10.759866341891478,27.996299781007096,10.759866341891478,29.992791219281131
702,1.7661566723646722,7.3875926869608541,29.482648114617653,7.3875926869608541,30.394128800786596
703,1.7636443584637267,5.7590129879800607,26.837458988407512,5.7590129879800607,27.448414080783941
704,1.7611391818181816,7.517054469486828,26.477859631318054,7.517054469486828,27.524228573259123
705,1.7586411120567376,6.720178974244666,29.063742123599205,6.720178974244666,29.830553324954519
706,1.7561501189801698,3.4635611393491725,28.350288349479712,3.4635611393491725,28.561076752543045
707,1.753666172560113,3.9228304038490975,26.164486611125405,3.9228304038490975,26.456926465504708
708,1.7511892429378531,5.1204332961479899,27.550591861160271,5.1204332961479899,28.022383000746593
709,1.748719300423131,2.6251388832906164,29.039001095677285,2.6251388832906164,29.157416531498654
710,1.7462563154929576,1.0729102824651093,26.868892165325107,1.0729102824651093,26.890304993920914
711,1.743800258790436,2.5812464520293794,26.388933463459388,2.5812464520293794,26.514875873460184
712,1.7413511011235954,1.9686289277998181,28.490288532892897,1.9686289277998181,28.558221942951185
713,1.7389088134642354,-0.64920624388119619,27.781943839696332,0.64920624388119619,27.789528104290206
714,1.7364733669467787,-0.096981071540493957,26.060194448082022,0.096981071540493957,26.060374901372434
715,1.7340447328671327,0.67650284830759499,27.4104425671825,0.67650284830759499,27.418789503414963
716,1.7316228826815641,-1.5997145796525389,28.203862916078116,1.5997145796525389,28.249194150015665
717,1.7292077880055787,-2.3417480824010473,26.317983489925808,2.3417480824010473,26.421961302246974
718,1.7267994206128132,-1.1486279767926044,26.539198891876111,1.1486279767926044,26.564043819637643
719,1.724397752433936,-2.4325618210735014,28.016650115313276,2.4325618210735014,28.122056124992497
720,1.7220027555555555,-4.0332711077002967,26.721653097760338,4.0332711077002967,27.024322750168128
721,1.71961440221914,-3.0970502393018924,26.099030965394761,3.0970502393018924,26.28214484240954
722,1.7172326648199445,-3.5341390144569349,27.547049617785277,3.5341390144569349,27.772829910151948
723,1.7148575159059474,-5.3779027711792651,26.958921307688719,5.3779027711792651,27.490094148445731
724,1.7124889281767954,-4.9078337608307354,25.957737684882254,4.9078337608307354,26.417626273779902
725,1.7101268744827585,-4.9190614459313009,27.086566353648827,4.9190614459313009,27.529606650649193
726,1.7077713278236912,-6.6071516808601238,26.900720235281639,6.6071516808601238,27.700238311443886
727,1.7054222613480055,-6.4031521024096367,25.910317880171881,6.4031521024096367,26.689790735375723
728,1.7030796483516482,-6.3352960443081567,26.858636213884729,6.3352960443081567,27.595693780712001
729,1.7007434622770918,-7.8415805011009088,26.82464567527046,7.8415805011009088,27.94730756904951
730,1.6984136767123286,-7.8049399288860855,26.041806064592997,7.8049399288860855,27.186260323909814
731,1.6960902653898768,-7.9455810421552968,26.797388195822265,7.9455810421552968,27.950532592690468
732,1.6937732021857923,-9.1046331633225268,26.630495877596829,9.1046331633225268,28.143874213145818
733,1.6914624611186901,-9.0280525991337388,26.376442298838334,9.0280525991337388,27.878709476528382
734,1.6891580163487738,-9.7110215700367881,27.088797274280331,9.7110215700367881,28.776846208380398
735,1.6868598421768706,-10.627487178467469,26.681699998530021,10.627487178467469,28.720316825203156
736,1.6845679130434781,-10.730465321334488,26.854568330417116,10.730465321334488,28.919037436010971
737,1.6822822035278153,-11.714698106898236,27.141574875839822,11.714698106898236,29.561786794383462
738,1.6800026883468833,-12.222555863142109,26.977646886371602,12.222555863142109,29.617297367474045
739,1.677729342354533,-12.971952111190891,27.302501740685742,12.971952111190891,30.227440230280465
740,1.6754621405405403,-13.66543727239549,27.190589254394894,13.66543727239549,30.431436375021651
741,1.6732010580296894,-14.311900278533479,27.618407196284856,14.311900278533479,31.106380465147112
742,1.6709460700808625,-15.366964820446707,27.831310584191215,15.366964820446707,31.791908665988593
743,1.6686971520861371,-16.453067063332909,28.063578232500312,16.453067063332909,32.531028864796077
744,1.6664542795698924,-17.589028355033044,28.08673862439376,17.589028355033044,33.139686254235556
745,1.6642174281879194,-18.682435782907042,28.357810554264269,18.682435782907042,33.958781282813838
746,1.6619865737265413,-20.156686399242638,28.81758738588573,20.156686399242638,35.167390425514569
747,1.6597616921017402,-22.209706803617784,29.149221687344202,22.209706803617784,36.646257670880985
748,1.6575427593582885,-24.68440232219438,29.094337791957059,24.68440232219438,38.154950000707068
749,1.6553297516688918,-27.493814387219423,28.60329672629878,27.493814387219423,39.6744050134538
750,1.6531226453333332,-30.817591405745809,27.580004071188704,30.817591405745809,41.356747510149823
751,1.6509214167776296,-34.756836615783115,25.221648622326327,34.756836615783115,42.943791760443524
752,1.6487260425531913,-38.056515387187133,20.599742652829235,38.056515387187133,43.27410034625796
753,1.6465364993359892,-38.756213541990277,14.732149891709525,38.756213541990277,41.461793600182659
754,1.6443527639257294,-37.012017846069824,9.9551422518112105,37.012017846069824,38.327461725133695
755,1.6421748132450329,-34.561405154454405,7.0038842272699036,34.561405154454405,35.263935125271367
756,1.6400026243386243,-32.412908707640838,5.1687321832379851,32.412908707640838,32.822438106757083
757,1.6378361743725229,-30.588760192738377,3.7934259454286163,30.588760192738377,30.823081133013083
758,1.6356754406332452,-28.855265502066722,2.6989396199163949,28.855265502066722,28.981211538973252
759,1.6335204005270092,-27.192546364454259,2.0313041051624197,27.192546364454259,27.268310804863663
760,1.6313710315789474,-25.888168679496424,1.697939832184284,25.888168679496424,25.943790726333297
761,1.6292273114323257,-24.908796436249496,1.3513202650415064,24.908796436249496,24.945424557646387
762,1.6270892178477689,-23.986007442920155,0.89894967962145778,23.986007442920155,24.002846989020128
763,1.62495672870249,-22.95802072226973,0.54155726068353616,22.95802072226973,22.964407237086821
764,1.6228298219895287,-22.047328462802177,0.44912521006479533,22.047328462802177,22.051902543794327
765,1.6207084758169934,-21.418247530265965,0.37569614489884984,21.418247530265965,21.42154230817744
766,1.6185926684073106,-20.878609381696585,0.13940024888752056,20.878609381696585,20.879074743456869
767,1.6164823780964797,-20.211885632177321,-0.14501006690659102,20.211885632177321,20.212405812463793
768,1.6143775833333331,-19.508936751338858,-0.23248189193175639,19.508936751338858,19.510321909128415
769,1.6122782626788035,-19.014489717358096,-0.23256325761051944,19.014489717358096,19.015911886636076
770,1.6101843948051946,-18.632574843378933,-0.36834992351046814,18.632574843378933,18.636215467746332
771,1.6080959584954604,-18.144325652169648,-0.59634524147908419,18.144325652169648,18.154122975759975
772,1.606012932642487,-17.558712170816094,-0.67547026797972443,17.558712170816094,17.571699780627082
773,1.6039352962483828,-17.13286506919453,-0.62119537214791021,17.13286506919453,17.144122875481386
774,1.6018630284237725,-16.848321264580377,-0.67254151357527903,16.848321264580377,16.861738982738213
775,1.5997961083870966,-16.489605392938685,-0.84083517640820882,16.489605392938685,16.511029338255021
776,1.5977345154639173,-16.018547319373241,-0.90789605466235079,16.018547319373241,16.044255466336576
777,1.595678229086229,-15.665561855348813,-0.84344773411591822,15.665561855348813,15.688251410655843
778,1.5936272287917737,-15.445003796501151,-0.86644355981056342,15.445003796501151,15.469287854205577
779,1.5915814942233633,-15.15846994223914,-1.0009288143773465,15.15846994223914,15.191480160972409
780,1.5895410051282051,-14.769059328337111,-1.0486860008370182,14.769059328337111,14.806243810375843
781,1.5875057413572342,-14.4829160548434,-0.98630395513938984,14.4829160548434,14.516461447045705
782,1.5854756828644501,-14.30294467157367,-1.0093752468863477,14.30294467157367,14.338516822430572
783,1.5834508097062578,-14.049349236930144,-1.1192557844422311,14.049349236930144,14.093862050276959
784,1.5814311020408163,-13.722661766608351,-1.1372149589106135,13.722661766608351,13.769702386889294
785,1.5794165401273885,-13.500381464180425,-1.0847104604444016,13.500381464180425,13.543887789751654
786,1.5774071043256996,-13.340908004974178,-1.1231413980975267,13.340908004974178,13.388101919140913
787,1.5754027750952986,-13.098585275698866,-1.2044842190104079,13.098585275698866,13.153848047571486
788,1.5734035329949236,-12.831904198731426,-1.1917365202310537,12.831904198731426,12.887125408681085
789,1.5714093586818756,-12.66192148457457,-1.1622777279858261,12.66192148457457,12.715154155514709
790,1.5694202329113922,-12.501381988318649,-1.2132296498345991,12.501381988318649,12.560114561623065
791,1.5674361365360303,-12.271552351239066,-1.257001328149465,12.271552351239066,12.33576302658942
792,1.5654570505050505,-12.064141729520554,-1.2305146766598076,12.064141729520554,12.126734186887845
793,1.5634829558638081,-11.920830635759661,-1.2283159391248817,11.920830635759661,11.983946056820113
794,1.5615138337531485,-11.753753780864436,-1.2754437883353358,11.753753780864436,11.822752843495808
795,1.559549665408805,-11.545877768677837,-1.287798790860663,11.545877768677837,11.617474733133328
796,1.5575904321608038,-11.38308020594221,-1.2614773315052124,11.38308020594221,11.452765606298545
797,1.5556361154328731,-11.253393259989608,-1.2805011132046724,11.253393259989608,11.326011785482919
798,1.5536866967418546,-11.074011182156575,-1.31790769690843,11.074011182156575,11.152156937565906
799,1.5517421576971213,-10.895444821220856,-1.2963165090297641,10.895444821220856,10.972290296189374
800,1.5498024799999999,-10.773732149218581,-1.2908337891125352,10.773732149218581,10.850785975873853
801,1.5478676454431959,-10.622257697076453,-1.3273710555586802,10.622257697076453,10.704871437912503
802,1.5459376359102244,-10.445454592388582,-1.3210321113527324,10.445454592388582,10.528658389409202
803,1.5440124333748442,-10.314363725668972,-1.3034754850421146,10.314363725668972,10.396400694735737
804,1.5420920199004975,-10.179868703245333,-1.3265693805786811,10.179868703245333,10.265939466839004
805,1.5401763776397515,-10.008545328148024,-1.3300326562771858,10.008545328148024,10.096532397430188
806,1.5382654888337468,-9.8657986476169768,-1.3059270006413561,9.8657986476169768,9.9518555197674115
807,1.5363593358116481,-9.7305043275191672,-1.3122278637283469,9.7305043275191672,9.818587293201313
808,1.5344579009900989,-9.5587511385772999,-1.3062712458190682,9.5587511385772999,9.6475938915828401
809,1.5325611668726822,-9.402612575346641,-1.2631068246558463,9.402612575346641,9.4870734208479135
810,1.5306691160493826,-9.2607291897962689,-1.2271223512646752,9.2607291897962689,9.3416772793603826
811,1.5287817311960541,-9.1078136858999166,-1.1675556779918193,9.1078136858999166,9.1823448202665947
812,1.5268989950738916,-8.9986312590244957,-1.0794365411674585,8.9986312590244957,9.0631422686781402
813,1.5250208905289051,-8.9226244161375519,-1.0221034725901963,8.9226244161375519,8.9809755583753237
814,1.5231474004914003,-8.8395427618412796,-0.97613091855071854,8.8395427618412796,8.893275426330348
815,1.52127850797546,-8.7728169156645421,-0.93343687027319944,8.7728169156645421,8.8223364834127338
816,1.5194141960784313,-8.7033241035317097,-0.91420934589008773,8.7033241035317097,8.7512072983805389
817,1.5175544479804159,-8.623324034995143,-0.89037464964327218,8.623324034995143,8.6691686123441105
818,1.5156992469437651,-8.5517585206594156,-0.87101087955017809,8.5517585206594156,8.5960010323385667
819,1.5138485763125762,-8.4703829850340355,-0.85802161205755223,8.4703829850340355,8.5137294413148901
820,1.5120024195121951,-8.3896005147222112,-0.83924395366678795,8.3896005147222112,8.4314724224416135
821,1.510160760048721,-8.307085240714887,-0.82575894257431903,8.307085240714887,8.3480262953433826
822,1.5083235815085156,-8.2199263482591824,-0.80792516399075009,8.2199263482591824,8.2595358369229821
823,1.5064908675577156,-8.1319472127623627,-0.79002879954212912,8.1319472127623627,8.1702332264911224
824,1.5046626019417475,-8.0389657111158463,-0.76822986320264686,8.0389657111158463,8.0755895653018825
825,1.5028387684848483,-7.9429484779718678,-0.74204246914300231,7.9429484779718678,7.9775345533396118
826,1.5010193510895882,-7.8420573736154537,-0.70813374339133528,7.8420573736154537,7.8739645191990757
827,1.4992043337363965,-7.7372851919959764,-0.6627208575575243,7.7372851919959764,7.7656153057772572
828,1.4973937004830917,-7.6312398083999291,-0.59940540365092732,7.6312398083999291,7.654744140154766
829,1.4955874354644147,-7.5329174914604735,-0.51148823381186515,7.5329174914604735,7.5502626541385389
830,1.4937855228915662,-7.4600889598279636,-0.39954965851184732,7.4600889598279636,7.4707808974807977
831,1.4919879470517448,-7.4277917438880685,-0.28246885630687901,7.4277917438880685,7.4331607574002518
832,1.4901946923076923,-7.4288311498916109,-0.1847994769274309,7.4288311498916109,7.4311293287274021
833,1.4884057430972388,-7.4438283901100206,-0.11403088379322016,7.4438283901100206,7.4447017498262884
834,1.4866210839328535,-7.460011414210225,-0.064863378410850048,7.460011414210225,7.4602933962415783
835,1.4848406994011976,-7.4725611172451885,-0.030383826167230066,7.4725611172451885,7.4726228881067751
836,1.4830645741626793,-7.4804422778917896,-0.0055795606714600376,7.4804422778917896,7.4804443587509022
837,1.4812926929510155,-7.4839309886385799,0.012754340715141921,7.4839309886385799,7.4839418567965845
838,1.4795250405727922,-7.4836472099792246,0.026635420153395595,7.4836472099792246,7.4836946095519279
839,1.4777616019070321,-7.4802290682206554,0.037357745815894738,7.4802290682206554,7.4803223536306032
840,1.4760023619047618,-7.4742385644182256,0.045775407914037947,7.4742385644182256,7.4743787371129606
841,1.474247305588585,-7.4661454213265017,0.052469204385796608,7.4661454213265017,7.4663297857651294
842,1.4724964180522564,-7.4563351155716617,0.057845373028968583,7.4563351155716617,7.4565594910044082
843,1.4707496844602608,-7.4451225793495013,0.062195408755883974,7.4451225793495013,7.4453823602559241
844,1.4690070900473933,-7.432765541677778,0.065733298601148238,7.432765541677778,7.4330561994443132
845,1.4672686201183431,-7.4194758531164062,0.068619344006556393,7.4194758531164062,7.4197931608198688
846,1.4655342600472812,-7.4054286215356626,0.070975805391416902,7.4054286215356626,7.405768740219381
847,1.4638039952774498,-7.3907694361582514,0.072897428522441576,7.3907694361582514,7.391128932276593
848,1.4620778113207547,-7.3756200440027975,0.074458686484417003,7.3756200440027975,7.3759958737440199
849,1.4603556937573614,-7.3600828120656274,0.075718864237857786,7.3600828120656274,7.360472291019466
850,1.458637628235294,-7.3442442484938475,0.076725695123070481,7.3442442484938475,7.3446450161888066
851,1.4569236004700352,-7.3281777968276778,0.077518005933208178,7.3281777968276778,7.3285877809549387
852,1.4552135962441313,-7.3119460677620474,0.078127670687930362,7.3119460677620474,7.3123634504028843
853,1.4535076014067994,-7.2956026338253182,0.078581074231342696,7.2956026338253182,7.2960258206715709
854,1.4518056018735361,-7.2791934824916034,0.078900222862089198,7.2791934824916034,7.2796210753524759
855,1.4501075836257309,-7.2627582006673812,0.07910359716076068,7.2627582006673812,7.2631889732021335
856,1.4484135327102803,-7.2463309465011925,0.079206814037109663,7.2463309465011925,7.2467638229495774
857,1.4467234352392064,-7.2299412516755268,0.079223145873666051,7.2299412516755268,7.2303752882904773
858,1.4450372773892772,-7.2136146876794385,0.079163931418492123,7.2136146876794385,7.2140490565522324
859,1.4433550454016297,-7.1973734222314114,0.079038903817523293,7.1973734222314114,7.1978073972119994
860,1.4416767255813951,-7.1812366864305588,0.078856454603021653,7.1812366864305588,7.1816696308705747
861,1.4400023042973287,-7.1652211689208976,0.078623847732295221,7.1652211689208976,7.1656525249961982
862,1.4383317679814385,-7.1493413500415102,0.078347394338625836,7.1493413500415102,7.1497706294407104
863,1.4366651031286211,-7.1336097863573649,0.078032596335506854,7.1336097863573649,7.1340365621508015
864,1.4350022962962963,-7.1180373539499797,0.077684265144856629,7.1180373539499797,7.1184612534787561
865,1.4333433341040462,-7.1026334572640444,0.077306620418856525,7.1026334572640444,7.1030541559111855
866,1.4316882032332563,-7.0874062090493268,0.076903372566405392,7.0874062090493268,7.0878234247745642
867,1.4300368904267589,-7.072362585936391,0.076477792088286561,7.072362585936391,7.0727760744728503
868,1.4283893824884792,-7.0575085633876142,0.076032768105523785,7.0575085633876142,7.0579181140131748
869,1.426745666283084,-7.0428492331169714,0.075570857985708145,7.0428492331169714,7.0432546649253718
870,1.4251057287356321,-7.0283889055532995,0.075094329598396098,7.0283889055532995,7.0287900641605843
871,1.4234695568312283,-7.014131199495651,0.074605197437296045,7.014131199495651,7.014527954126561
872,1.4218371376146788,-7.0000791207634236,0.074105253615476124,7.0000791207634236,7.0004713616699723
873,1.4202084581901488,-6.9862351313587236,0.07359609455582708,6.9862351313587236,6.9866227675297257
874,1.4185835057208236,-6.9726012104242656,0.073079144051947736,6.9726012104242656,6.9729841675501669
875,1.4169622674285713,-6.9591789080849171,0.07255567325668752,6.9591789080849171,6.959557126747054
876,1.4153447305936071,-6.9459693930990571,0.072026818060063197,6.9459693930990571,6.9463428271565126
877,1.4137308825541619,-6.9329734951116215,0.071493594240982172,6.9329734951116215,6.9333421102623909
878,1.4121207107061502,-6.9201917421869439,0.070956910714007643,6.9201917421869439,6.9205555146830839
879,1.4105142025028441,-6.9076243942035305,0.070417581140786195,6.9076243942035305,6.9079833097025798
880,1.4089113454545454,-6.8952714726144535,0.069876334133136375,6.8952714726144535,6.8956255251516225
881,1.4073121271282631,-6.8831327870069341,0.069333822239752346,6.8831327870069341,6.8834819780744843
882,1.4057165351473921,-6.8712079588372692,0.068790629879219911,6.8712079588372692,6.8715522965591846
883,1.404124557191393,-6.8594964426702738,0.068247280357897733,6.8594964426702738,6.8598359410617391
884,1.4025361809954751,-6.8479975452051853,0.067704242090852712,6.8479975452051853,6.8483322235076569
885,1.4009513943502825,-6.8367104423401432,0.067161934127047102,6.8367104423401432,6.8370403244238984
886,1.3993701851015801,-6.8256341944911281,0.06662073106570815,6.8256341944911281,6.8259593083180832
887,1.3977925411499434,-6.8147677603569505,0.0660809674386936,6.8147677603569505,6.8150881374974244
888,1.3962184504504505,-6.8041100092988085,0.065542941623446899,6.8041100092988085,6.8044256844965894
889,1.3946479010123733,-6.7936597324818422,0.065006919342464831,6.7936597324818422,6.7939707432625625
890,1.3930808808988764,-6.7834156529092464,0.064473136797786712,6.7834156529092464,6.7837220392276345
891,1.3915173782267114,-6.7733764344647955,0.063941803482687409,6.7733764344647955,6.7736782383868555
892,1.3899573811659192,-6.7635406900658985,0.063413104707393697,6.7635406900658985,6.7638379554825026
893,1.3884008779395296,-6.7539069890173096,0.062887203870889113,6.7539069890173096,6.7541997613860634
894,1.3868478568232661,-6.7444738636473964,0.06236424450704145,6.7444738636473964,6.7447621897599745
895,1.3852983061452513,-6.7352398152971151,0.061844352129620001,6.7352398152971151,6.7355237430695656
896,1.3837522142857142,-6.7262033197273112,0.061327635897994642,6.7262033197273112,6.7264828980110805
897,1.3822095696767001,-6.7173628320002585,0.060814190122569695,6.7173628320002585,6.7176381104119329
898,1.3806703608017816,-6.7087167908863456,0.060304095626832227,6.7087167908863456,6.7089878196543005
899,1.379134576195773,-6.7002636228437336,0.059797420980912341,6.7002636228437336,6.7005304526700717
900,1.3776022044444443,-6.6920017456086107,0.059294223619848346,6.6920017456086107,6.6922644275449379
901,1.3760732341842397,-6.6839295714358062,0.058794550858275202,6.6839295714358062,6.6841881567715209
902,1.3745476541019954,-6.676045510021277,0.058298440811899804,6.676045510021277,6.6763000501832117
903,1.3730254529346622,-6.6683479711363649,0.057805923235040274,6.6683479711363649,6.6685985175986975
904,1.3715066194690264,-6.6608353670012512,0.05731702028246588,6.6608353670012512,6.6610819712047347
905,1.3699911425414364,-6.6535061144207326,0.056831747202872263,6.6535061144207326,6.6537488277003805
906,1.3684790110375276,-6.646358636705207,0.056350112970595362,6.646358636705207,6.6465975102256429
907,1.3669702138919513,-6.6393913653958432,0.055872120861401003,6.6393913653958432,6.6396264500935906
908,1.3654647400881057,-6.6326027418118692,0.055397768977671263,6.6326027418118692,6.6328340883439871
909,1.3639625786578657,-6.6259912184363507,0.054927050727662019,6.6259912184363507,6.626218877134777
910,1.3624637186813187,-6.6195552601546179,0.054459955263113258,6.6195552601546179,6.6197792809857292
911,1.3609681492864982,-6.6132933453593559,0.05399646787901663,6.6132933453593559,6.6135137778882527
912,1.3594758596491228,-6.6072039669333691,0.053536570378972859,6.6072039669333691,6.6074208602924625
913,1.3579868389923329,-6.6012856331218295,0.053080241409253659,6.6012856331218295,6.6014990359833225
914,1.3565010765864332,-6.5955368683033893,0.052627456764341801,6.5955368683033893,6.5957468288553009
915,1.3550185617486339,-6.5899562136693959,0.052178189666504865,6.5899562136693959,6.5901627795948068
916,1.3535392838427946,-6.5845422278193091,0.05173241102164497,6.5845422278193091,6.5847454462785269
917,1.352063232279171,-6.579293487279994,0.051290089653539553,6.579293487279994,6.5794934048953664
918,1.350590396514161,-6.5742085869556313,0.05085119251831223,6.5742085869556313,6.5744052497987742
919,1.3491207660500544,-6.5692861405141976,0.050415684900842556,6.5692861405141976,6.569479594095406
920,1.3476543304347826,-6.5645247807166722,0.049983530594654685,6.5645247807166722,6.5647150699763035
921,1.346191079261672,-6.5599231596934846,0.049554692066702766,6.5599231596934846,6.5601103289951439
922,1.3447310021691974,-6.555479949174071,0.049129130608284943,6.555479949174071,6.5556640422994228
923,1.3432740888407366,-6.5511938406720791,0.048706806473301723,6.5511938406720791,6.5513749008171267
924,1.3418203290043289,-6.5470635456323425,0.048287679004861986,6.5470635456323425,6.5472416154050421
925,1.3403697124324323,-6.5430877955410995,0.04787170675123717,6.5430877955410995,6.5432629169601739
926,1.3389222289416847,-6.5392653420044464,0.047458847572010798,6.5392653420044464,6.5394375564992879
927,1.3374778683926645,-6.5355949567972615,0.047049058735261162,6.5355949567972615,6.535764305208815
928,1.336036620689655,-6.5320754318850813,0.046642297006453379,6.5320754318850813,6.5322419544676009
929,1.334598475780409,-6.5287055794222066,0.046238518729787348,6.5287055794222066,6.5288693158458129
930,1.3331634236559138,-6.525484231728262,0.045837679902530876,6.525484231728262,6.5256452210822058
931,1.331731454350161,-6.5224102412444793,0.045439736242963699,6.5224102412444793,6.5225685220410439
932,1.3303025579399141,-6.519482480472746,0.0450446432524024,6.519482480472746,6.5196380906517195
933,1.3288767245444801,-6.5166998418982534,0.044652356271804527,6.5166998418982534,6.5168528188319055
934,1.3274539443254818,-6.5140612378987139,0.044262830533367686,6.5140612378987139,6.5142116183972218
935,1.3260342074866309,-6.5115656006397966,0.043876021207518906,6.5115656006397966,6.5117134209570775
936,1.3246175042735042,-6.5092118819597165,0.0434918834456689,6.5092118819597165,6.5093571777996031
937,1.3232038249733189,-6.5069990532437334,0.043110372419055534,6.5069990532437334,6.5071418597664641
938,1.3217931599147121,-6.504926105289222,0.042731443353978799,6.504926105289222,6.5050664571181995
939,1.3203854994675186,-6.5029920481635042,0.042355051563725196,6.5029920481635042,6.5031299793922877
940,1.3189808340425531,-6.5011959110538093,0.04198115247742272,6.5011959110538093,6.5013314552533084
941,1.3175791540913921,-6.4995367421120953,0.041609701666077151,6.4995367421120953,6.4996699323379366
942,1.3161804501061569,-6.4980136082940572,0.041240654866008641,6.4980136082940572,6.4981444770940984
943,1.3147847126193,-6.496625595193807,0.040873967999876734,6.496625595193807,6.4967541746157629
944,1.3133919322033898,-6.4953718068748536,0.040509597195498154,6.4953718068748536,6.495498128474031
945,1.3120020994708994,-6.4942513656976359,0.040147498802628814,6.4942513656976359,6.4943754605447408
946,1.3106152050739956,-6.4932634121448043,0.039787629407844347,6.4932634121448043,6.4933853108338093
947,1.3092312397043293,-6.49240710464416,0.039429945847700418,6.49240710464416,6.4925268373002138
948,1.3078501940928269,-6.491681619389956,0.039074405220275235,6.491681619389956,6.4917992156773234
949,1.3064720590094836,-6.4910861501635342,0.038720964895242863,6.4910861501635342,6.4912016392935508
950,1.3050968252631578,-6.4906199081525244,0.038369582522578161,6.4906199081525244,6.4907333188915439
951,1.3037244837013668,-6.4902821217701678,0.038020216040006133,6.4902821217701678,6.4903934824475176
952,1.3023550252100839,-6.4900720364743893,0.037672823679289258,6.4900720364743893,6.4901813749902866
953,1.3009884407135361,-6.4899889145872383,0.037327363971446967,6.4899889145872383,6.4900962584206949
954,1.2996247211740042,-6.4900320351146128,0.036983795750988743,6.4900320351146128,6.4901374113312951
955,1.298263857591623,-6.4902006935672567,0.036642078159240227,6.4902006935672567,6.4903041288273018
956,1.296905841004184,-6.4904942017822371,0.036302170646831625,6.4904942017822371,6.4905957223480275
957,1.2955506624869382,-6.4909118877460621,0.035964032975416643,6.4909118877460621,6.4910115194899332
958,1.2941983131524006,-6.4914530954189047,0.035627625218681735,6.4914530954189047,6.491550863830799
959,1.2928487841501564,-6.4921171845608967,0.035292907762699638,6.4921171845608967,6.4922131147559581
960,1.2915020666666666,-6.49290353055952,0.034959841305689424,6.49290353055952,6.4929976472856046
961,1.290158151925078,-6.4938115242593444,0.034628386857218058,6.4938115242593444,6.4939038519044772
962,1.2888170311850311,-6.4948405717937732,0.034298505736895565,6.4948405717937732,6.4949311343935161
963,1.2874786957424713,-6.4959900944186533,0.033970159572609807,6.4959900944186533,6.4960789156634062
964,1.2861431369294605,-6.4972595283483567,0.033643310298326595,6.4972595283483567,6.4973466315905712
965,1.2848103461139895,-6.4986483245938818,0.033317920151501965,6.4986483245938818,6.4987337328552002
966,1.2834803146997928,-6.5001559488039788,0.032993951670134566,6.5001559488039788,6.5002396847822901
967,1.2821530341261633,-6.5017818811077372,0.032671367689489167,6.5017818811077372,6.5018639671841463
968,1.2808284958677685,-6.5035256159608377,0.032350131338518162,6.5035256159608377,6.503606074206556
969,1.2795066914344684,-6.505386661993402,0.032030206036008577,6.505386661993402,6.5054655141765494
970,1.278187612371134,-6.5073645418611381,0.03171155548648151,6.5073645418611381,6.5074418094534661
971,1.2768712502574664,-6.5094587920988918,0.031394143675854358,6.5094587920988918,6.5095344962824111
972,1.2755575967078188,-6.5116689629767457,0.031077934866905771,6.5116689629767457,6.511743124650283
973,1.2742466433710173,-6.5139946183592414,0.030762893594540874,6.5139946183592414,6.5140672581449035
974,1.2729383819301847,-6.5164353355671487,0.030448984660891312,6.5164353355671487,6.5165064738167038
975,1.271632804102564,-6.5189907052417784,0.030136173130256433,6.5189907052417784,6.5190603620429561
976,1.2703299016393441,-6.5216603312126153,0.029824424323903337,6.5216603312126153,6.5217285263953215
977,1.2690296663254861,-6.5244438303672911,0.029513703814741721,6.5244438303672911,6.5245105835097448
978,1.2677320899795501,-6.5273408325245796,0.029203977421879634,6.5273408325245796,6.5274061629593678
979,1.2664371644535239,-6.5303509803102457,0.028895211205081858,6.5303509803102457,6.5304149071302957
980,1.2651448816326529,-6.5334739290354058,0.028587371459130498,6.5334739290354058,6.5335364710998798
981,1.26385523343527,-6.5367093465782329,0.028280424708104421,6.5367093465782329,6.5367705225183563
982,1.2625682118126271,-6.5400569132680335,0.027974337699586863,6.5400569132680335,6.5401167414928247
983,1.2612838087487284,-6.5435163217723122,0.027669077398805156,6.5435163217723122,6.5435748204742605
984,1.2600020162601626,-6.5470872769866286,0.027364610982713838,6.5470872769866286,6.5471444641472845
985,1.2587228263959389,-6.5507694959271472,0.027060905834025706,6.5507694959271472,6.5508253893226449
986,1.2574462312373225,-6.5545627076261805,0.026757929535198566,6.5545627076261805,6.5546173248326909
987,1.2561722228976697,-6.5584666530303544,0.02645564986238369,6.5584666530303544,6.5585200114294704
988,1.2549007935222671,-6.5624810849015098,0.026154034779337823,6.5624810849015098,6.5625332016855609
989,1.2536319352881697,-6.5666057677205245,0.025853052431310357,6.5666057677205245,6.5666566598978271
990,1.2523656404040404,-6.5708404775936344,0.025552671138901362,6.5708404775936344,6.5708901619936757
991,1.2511019011099898,-6.5751850021615486,0.025252859391900723,6.5751850021615486,6.5752334954401146
992,1.2498407096774193,-6.5796391405117269,0.024953585843109867,6.5796391405117269,6.5796864591559627
993,1.248582058408862,-6.5842027030923251,0.024654819302147919,6.5842027030923251,6.5842488634257359
994,1.2473259396378269,-6.5888755116298157,0.024356528729247144,6.5888755116298157,6.5889205298172175
995,1.2460723457286431,-6.5936573990488601,0.024058683229037203,6.5936573990488601,6.5937012911012651
996,1.2448212690763052,-6.5985482093946555,0.023761252044325894,6.5985482093946555,6.5985909911741096
997,1.2435727021063188,-6.6035477977581856,0.023464204549870304,6.6035477977581856,6.603589484982554
998,1.242326637274549,-6.6086560302039157,0.023167510246147452,6.6086560302039157,6.6086966384516073
999,1.2410830670670669,-6.6138727837001543,0.022871138753119129,6.6138727837001543,6.6139123284148154
1000,1.2398419839999999,-6.6191979460519335,0.022575059804000944,6.6191979460519335,6.6192364425470762
1001,1.2386033806193806,-6.6246314158364026,0.022279243239021064,6.6246314158364026,6.6246688792999997
1002,1.237367249500998,-6.6301731023409456,0.021983658999193294,6.6301731023409456,6.6302095478399732
1003,1.2361335832502491,-6.6358229255034207,0.021688277120077842,6.6358229255034207,6.6358583679883667
1004,1.234902374501992,-6.6415808158554448,0.021393067725550836,6.6415808158554448,6.6416152701647659
1005,1.2336736159203978,-6.6474467144675788,0.02109800102157218,6.6474467144675788,6.6474801953321316
1006,1.232447300198807,-6.6534205728975468,0.020803047289955807,6.6534205728975468,6.6534530949449753
1007,1.2312234200595829,-6.6595023531404216,0.020508176882141481,6.6595023531404216,6.6595339308995065
1008,1.2300019682539682,-6.6656920275815388,0.020213360212965284,6.6656920275815388,6.6657226754865206
1009,1.2287829375619423,-6.6719895789517008,0.019918567754437171,6.6719895789517008,6.6720193113465642
1010,1.2275663207920791,-6.6783950002848016,0.019623770029507139,6.6783950002848016,6.6784238314275326
1011,1.2263521107814044,-6.684908294878106,0.019328937605845455,6.684908294878106,6.6849362389449221
1012,1.2251403003952568,-6.6915294762542565,0.019034041089608593,6.6915294762542565,6.691556547343807
1013,1.2239308825271471,-6.698258568126457,0.018739051119212383,6.698258568126457,6.6982847802640002
1014,1.2227238500986193,-6.7050956043653169,0.018443938359097599,6.7050956043653169,6.705120971506874
1015,1.2215191960591132,-6.7120406289685786,0.01814867349349298,6.7120406289685786,6.7120651650050664
1016,1.2203169133858267,-6.7190936960327683,0.017853227220174642,6.7190936960327683,6.7191174147941082
1017,1.219116995083579,-6.7262548697272795,0.017557570244217204,6.7262548697272795,6.7262777849864941
1018,1.2179194341846757,-6.7335242242710862,0.017261673271739983,6.7335242242710862,6.7335463497483756
1019,1.2167242237487732,-6.7409018439110149,0.016965507003642841,6.7409018439110149,6.7409231932778173
1020,1.215531356862745,-6.748387822903295,0.016669042129333386,6.748387822903295,6.7484084097863386
1021,1.2143408266405484,-6.7559822654965327,0.016372249320442546,6.7559822654965327,6.7560021034818716
1022,1.2131526262230918,-6.7636852859172034,0.016075099224525921,6.7636852859172034,6.7637043885542445
1023,1.2119667487781036,-6.7714970083579402,0.015777562458755626,6.7714970083579402,6.7715153891634676
1024,1.2107831874999999,-6.779417566967135,0.015479609603589205,6.779417566967135,6.7794352394293185
1025,1.209601935609756,-6.7874471058417463,0.015181211196425987,6.7874471058417463,6.7874640834241546
1026,1.2084229863547757,-6.7955857790214456,0.014882337725243035,6.7955857790214456,6.7956020751670465
1027,1.2072463330087633,-6.8038337504859658,0.014582959622208763,6.8038337504859658,6.8038493786211394
1028,1.2060719688715953,-6.8121911941538951,0.014283047257276291,6.8121911941538951,6.812206167692433
1029,1.2048998872691934,-6.820658293883973,0.01398257093174838,6.820658293883973,6.8206726262310884
1030,1.203730081553398,-6.8292352434790313,0.013681500871819186,6.8292352434790313,6.8292489480353709
1031,1.2025625451018427,-6.8379222466913046,0.013379807222084789,6.8379222466913046,6.8379353368569644
1032,1.2013972713178294,-6.8467195172309463,0.013077460039024845,6.8467195172309463,6.8467320064094981
1033,1.2002342536302033,-6.8556272787761152,0.012774429284450523,6.8556272787761152,6.8556391803786427
1034,1.1990734854932301,-6.8646457649854309,0.012470684818917957,6.8646457649854309,6.8646570924345713
1035,1.1979149603864734,-6.8737752195128845,0.012166196395104391,6.8737752195128845,6.8737859862468893
1036,1.1967586718146717,-6.8830158960248298,0.011860933651145544,6.8830158960248298,6.8830261155016386
1037,1.1956046133076181,-6.8923680582191622,0.011554866103932034,6.8923680582191622,6.8923777439204867
1038,1.1944527784200385,-6.9018319798469072,0.011247963142359346,6.9018319798469072,6.9018411452823454
1039,1.1933031607314726,-6.9114079447359362,0.010940194020536746,6.9114079447359362,6.9114166034470985
1040,1.1921557538461538,-6.9210962468170187,0.010631527850941382,6.9210962468170187,6.9211044123816734
1041,1.1910105513928915,-6.9308971901521641,0.010321933597527283,6.9308971901521641,6.9309048761884151
1042,1.189867547024952,-6.9408110889650914,0.010011380068777487,6.9408110889650914,6.9408183091355777
1043,1.1887267344199424,-6.9508382676741256,0.0096998359107013307,6.9508382676741256,6.9508450356902456
1044,1.1875881072796934,-6.9609790609274551,0.0093872695997733735,6.9609790609274551,6.9609853905536259
1045,1.1864516593301435,-6.9712338136404028,0.0090736494358105817,6.9712338136404028,6.9712397186983459
1046,1.1853173843212237,-6.9816028810352773,0.0087589435347858735,6.9816028810352773,6.9816083754083431
1047,1.1841852760267431,-6.9920866286835928,0.0084431198215752928,6.9920866286835928,6.9920917263211164
1048,1.1830553282442746,-7.0026854325502779,0.008126146022636449,7.0026854325502779,7.0026901474719736
1049,1.1819275347950429,-7.0133996790406687,0.0078079896586132624,7.0133996790406687,7.0134040253410657
1050,1.1808018895238095,-7.0242297650495757,0.0074886180368666164,7.0242297650495757,7.0242337569024933
1051,1.179678386298763,-7.0351760980127445,0.0071679982439266411,7.0351760980127445,7.0351797496758133
1052,1.1785570190114067,-7.0462390959610239,0.0068460971378648608,7.0462390959610239,7.046242421780252
1053,1.1774377815764481,-7.057419187576615,0.0065228813405794582,7.057419187576615,7.0574222019910033
1054,1.1763206679316887,-7.0687168122517683,0.0061983172299976304,7.0687168122517683,7.0687195297979732
1055,1.1752056720379147,-7.0801324201502283,0.0058723709321823504,7.0801324201502283,7.0801348554672812
1056,1.1740927878787879,-7.0916664722708855,0.0055450083133510228,7.0916664722708855,7.091668640104964
1057,1.1729820094607379,-7.103319440513939,0.0052161949717902112,7.103319440513939,7.1033213557231969
1058,1.1718733308128544,-7.1150918077498631,0.0048858962296779596,7.1150918077498631,7.1150934853093242
1059,1.1707667459867799,-7.1269840678905272,0.0045540771247944301,7.1269840678905272,7.12698552289703
1060,1.1696622490566038,-7.1389967259631888,0.0042207024021306532,7.1389967259631888,7.1389979736404108
1061,1.1685598341187557,-7.1511302981867573,0.003885736505383099,7.1511302981867573,7.1511313538902934
1062,1.167459495291902,-7.1633853120512754,0.0035491435683350156,7.1633853120512754,7.1633861912737897
1063,1.1663612267168391,-7.1757623063993297,0.0032108874061179057,7.1757623063993297,7.1757630247757866
1064,1.165265022556391,-7.188261831510518,0.0028709315063520837,7.188261831510518,7.1882624048234822
1065,1.164170876995305,-7.2008844491888215,0.0025292390201590489,7.2008844491888215,7.2008848933738276
1066,1.16307878424015,-7.2136307328522715,0.0021857727530456839,7.2136307328522715,7.2136310640032963
1067,1.1619887385192127,-7.2265012676256308,0.0018404951556514944,7.2265012676256308,7.226501502000624
1068,1.1609007340823969,-7.2394966504359211,0.001493368314358927,7.2394966504359211,7.2394968044624362
1069,1.1598147652011224,-7.2526174901108416,0.0011443539417600491,7.2526174901108416,7.2526175803917603
1070,1.1587308261682243,-7.2658644074796239,0.00079341336697578025,7.2658644074796239,7.2658644507989543
1071,1.1576489112978523,-7.2792380354776309,0.0004405075258224235,7.2792380354776309,7.2792380488064214
1072,1.1565690149253731,-7.2927390192529895,8.5596950823121909e-05,7.2927390192529895,7.2927390197553263
1073,1.1554911314072693,-7.3063680162769167,-0.00027135823894243721,7.3063680162769167,7.3063680213160334
1074,1.1544152551210427,-7.3201256964568184,-0.00063039834815612145,7.3201256964568184,7.3201257236013015
1075,1.1533413804651163,-7.3340127422523818,-0.00099156411574818481,7.3340127422523818,7.3340128092824939
1076,1.1522695018587359,-7.348029848794992,-0.0013548967255615631,7.348029848794992,7.3480299737090951
1077,1.1511996137418754,-7.3621777240101949,-0.0017204378171968627,7.3621777240101949,7.3621779250313031
1078,1.150131710575139,-7.3764570887436065,-0.0020882294970456213,7.3764570887436065,7.376457384326045
1079,1.1490657868396663,-7.3908686768895144,-0.0024583143495133936,7.3908686768895144,7.3908690857257113
1080,1.1480018370370371,-7.4054132355237385,-0.0028307354484419533,7.4054132355237385,7.4054137765511339
1081,1.1469398556891766,-7.4200915250387958,-0.0032055363687356047,7.4200915250387958,7.4200922174468946
1082,1.1458798373382624,-7.4349043192835502,-0.0035827611981945526,7.4349043192835502,7.4349051825210921
1083,1.1448217765466298,-7.4498524057054922,-0.0039624545495658111,7.4498524057054922,7.449853459487775
1084,1.143765667896679,-7.4649365854969005,-0.0043446615728159723,7.4649365854969005,7.4649378498132384
1085,1.1427115059907833,-7.4801576737449089,-0.0047294279676295915,7.4801576737449089,7.4801591688662459
1086,1.1416592854511969,-7.4955164995846886,-0.0051167999961436016,7.4955164995846886,7.4955182460713488
1087,1.1406090009199632,-7.5110139063566308,-0.0055068244959232829,7.5110139063566308,7.5110159250662436
1088,1.1395606470588235,-7.5266507517675585,-0.0058995488931855057,7.5266507517675585,7.5266530638631339
1089,1.1385142185491275,-7.5424279080551351,-0.0062950212162766958,7.5424279080551351,7.5424305350133043
1090,1.137469710091743,-7.5583462621570199,-0.0066932901094137257,7.5583462621570199,7.5583492257764515
1091,1.1364271164069659,-7.5744067158832848,-0.007094404846694588,7.5744067158832848,7.5744100382932746
1092,1.1353864322344323,-7.5906101860936026,-0.0074984153463861815,7.5906101860936026,7.5906138897628468
1093,1.1343476523330283,-7.6069576048778487,-0.0079053721854973717,7.6069576048778487,7.6069617126233986
1094,1.1333107714808044,-7.6234499197415282,-0.0083153266146452128,7.6234499197415282,7.6234544547379457
1095,1.1322757844748859,-7.6400880937952884,-0.0087283305732231246,7.6400880937952884,7.6400930795839868
1096,1.1312426861313867,-7.6568731059486517,-0.0091444367048788815,7.6568731059486517,7.6568785664474532
1097,1.1302114712853235,-7.6738059511085908,-0.009563698373311464,7.6738059511085908,7.6738119106214873
1098,1.1291821347905282,-7.6908876403823072,-0.0099861696783958218,7.6908876403823072,7.6908941236094384
1099,1.1281546715195632,-7.7081192012848767,-0.010411905472645217,7.7081192012848767,7.7081262333327265
1100,1.1271290763636364,-7.7255016779515238,-0.010840961378019588,7.7255016779515238,7.7255092843433584
1101,1.1261053442325157,-7.743036131354895,-0.011273393803090864,7.743036131354895,7.7430443380414147
1102,1.1250834700544463,-7.7607236395269439,-0.011709259960574061,7.7607236395269439,7.760732472897204
1103,1.1240634487760652,-7.7785652977862902,-0.012148617885236995,7.7785652977862902,7.7785747846788524
1104,1.1230452753623188,-7.7965622189702906,-0.012591526452195929,7.7965622189702906,7.7965723866846348
1105,1.12202894479638,-7.8147155336726861,-0.013038045395610681,7.8147155336726861,7.8147264099808957
1106,1.121014452079566,-7.8330263904863351,-0.013488235327789533,7.8330263904863351,7.8330380036450498
1107,1.1200017922312555,-7.8514959562516573,-0.013942157758716045,7.8514959562516573,7.8515083350143042
1108,1.1189909602888086,-7.8701254163104473,-0.014399875116009122,7.8701254163104473,7.8701385899397636
1109,1.1179819513074842,-7.8889159747654958,-0.014861450765329309,7.8889159747654958,7.8889299730463502
1110,1.1169747603603604,-7.9078688547461482,-0.01532694903124408,7.9078688547461482,7.9078837079986686
1111,1.1159693825382537,-7.9269852986795293,-0.015796435218564827,7.9269852986795293,7.9270010377725448
1112,1.1149658129496403,-7.9462665685680101,-0.016269975634168776,7.9462665685680101,7.9462832249328201
1113,1.1139640467205749,-7.9657139462728956,-0.016747637609321429,7.9657139462728956,7.9657315519173757
1114,1.112964078994614,-7.9853287338045789,-0.017229489522511993,7.9853287338045789,7.9853473213276231
1115,1.1119659049327353,-8.0051122536189077,-0.017715600822817784,8.0051122536189077,8.0051318562252352
1116,1.1109695197132616,-8.0250658489203488,-0.018206042053810899,8.0250658489203488,8.0250865004356768
1117,1.1099749185317815,-8.0451908839718804,-0.018700884878028783,8.0451908839718804,8.0452126188584643
1118,1.1089820966010733,-8.0654887444120718,-0.019200202102014848,8.0654887444120718,8.0655115977846421
1119,1.1079910491510276,-8.0859608375788312,-0.019704067701956665,8.0859608375788312,8.0859848452209295
1120,1.1070017714285714,-8.1066085928406117,-0.020212556849931305,8.1066085928406117,8.1066337912213395
1121,1.1060142586975914,-8.1274334619354427,-0.020725745940780138,8.1274334619354427,8.1274598882266247
1122,1.1050285062388592,-8.1484369193168291,-0.021243712619628111,8.1484369193168291,8.1484646114106312
1123,1.1040445093499553,-8.169620462507833,-0.021766535810070473,8.169620462507833,8.169649459034817
1124,1.1030622633451956,-8.1909856124632867,-0.0222942957430418,8.1909856124632867,8.1910159528109361
1125,1.1020817635555555,-8.2125339139398186,-0.022827073986392894,8.2125339139398186,8.212565638271542
1126,1.1011030053285966,-8.2342669358744125,-0.023364953475191554,8.2342669358744125,8.2343000851490391
1127,1.1001259840283939,-8.2561862717715044,-0.023908018542771518,8.2561862717715044,8.256220887763293
1128,1.0991506950354608,-8.2782935400985735,-0.024456354952552786,8.2782935400985735,8.2783296654177381
1129,1.0981771337466784,-8.3005903846913895,-0.025010049930652221,8.3005903846913895,8.300628062805167
1130,1.0972052955752212,-8.3230784751675344,-0.02556919219931407,8.3230784751675344,8.3231177504218259
1131,1.0962351759504863,-8.3457595073499604,-0.026133872011179483,8.3457595073499604,8.3458004249915145
1132,1.0952667703180212,-8.3686352036999523,-0.026704181184423734,8.3686352036999523,8.368677809899177
1133,1.0943000741394526,-8.3917073137603069,-0.027280213138787431,8.3917073137603069,8.3917516556346641
1134,1.0933350828924162,-8.4149776146078494,-0.027862062932526195,8.4149776146078494,8.4150237402458981
1135,1.0923717920704845,-8.4384479113172546,-0.028449827300310863,8.4384479113172546,8.4384958698033348
1136,1.0914101971830985,-8.4621200374349428,-0.029043604692102931,8.4621200374349428,8.4621698788745352
1137,1.0904502937554967,-8.4859958554640542,-0.029643495313039663,8.4859958554640542,8.4860476310098267
1138,1.0894920773286467,-8.5100772573605958,-0.0302496011643556,8.5100772573605958,8.5101310192391662
1139,1.0885355434591746,-8.5343661650411171,-0.03086202608537706,8.5343661650411171,8.5344219665805561
1140,1.0875806877192982,-8.5588645309019711,-0.031480875796618173,8.5588645309019711,8.5589224265600592
1141,1.0866275056967571,-8.5835743383509531,-0.032106257944017239,8.5835743383509531,8.5836343837442293
1142,1.0856759929947459,-8.6084976023510826,-0.032738282144345904,8.6084976023510826,8.6085598542846942
1143,1.084726145231846,-8.633636369977026,-0.033377060031829761,8.633636369977026,8.6337008864754203
1144,1.083777958041958,-8.6589927209850188,-0.034022705306017642,8.6589927209850188,8.6590595613234971
1145,1.0828314270742356,-8.684568768395593,-0.034675333780939677,8.684568768395593,8.6846379931327586
1146,1.0818865479930191,-8.7103666590903579,-0.035335063435594033,8.7103666590903579,8.7104383301014714
1147,1.080943316477768,-8.736388574422989,-0.036002014465807461,8.736388574422989,8.7364627549342959
1148,1.0800017282229963,-8.7626367308445516,-0.036676309337509011,8.7626367308445516,8.7627134854685682
1149,1.0790617789382071,-8.7891133805434691,-0.037358072841466403,8.7891133805434691,8.7891927753153016
1150,1.0781234643478259,-8.8158208121014674,-0.038047432149531796,8.8158208121014674,8.8159029145161618
1151,1.0771867801911381,-8.8427613511641852,-0.038744516872441445,8.8427613511641852,8.8428462302151747
1152,1.0762517222222221,-8.8699373611290184,-0.039449459119228175,8.8699373611290184,8.8700250873476794
1153,1.0753182862098871,-8.8973512438487106,-0.040162393558288781,8.8973512438487106,8.89744188934508
1154,1.0743864679376083,-8.9250054403523862,-0.040883457480170832,8.9250054403523862,8.9250990788570643
1155,1.0734562632034632,-8.9529024315836843,-0.041612790862128532,8.9529024315836843,8.9529991384909895
1156,1.072527667820069,-8.9810447391575643,-0.042350536434508437,8.9810447391575643,8.9811445915699455
1157,1.0716006776145202,-9.0094349261348192,-0.043096839749026034,9.0094349261348192,9.0095380029085987
1158,1.0706752884283246,-9.0380755978160892,-0.043851849248996891,9.0380755978160892,9.0381819796085772
1159,1.0697514961173424,-9.066969402555106,-0.044615716341585746,9.066969402555106,9.0670791718731092
1160,1.0688292965517241,-9.096119032592501,-0.045388595472142496,9.096119032592501,9.0962322738423111
1161,1.0679086856158484,-9.1255272249096464,-0.046170644200696748,9.1255272249096464,9.1256440244485244
1162,1.0669896592082615,-9.1551967621041968,-0.046962023280681761,9.1551967621041968,9.1553172082934289
1163,1.0660722132416165,-9.1851304732875541,-0.047762896739965532,9.1851304732875541,9.1852546565471247
1164,1.0651563436426117,-9.2153312350044665,-0.048573431964268318,9.2153312350044665,9.2154592478694042
1165,1.0642420463519313,-9.2458019721761247,-0.049393799783045686,9.2458019721761247,9.2459339093545836
1166,1.0633293173241851,-9.2765456590669402,-0.050224174557926562,9.2765456590669402,9.2766816175000688
1167,1.0624181525278491,-9.3075653202760549,-0.051064734273790491,9.3075653202760549,9.3077053991997385
1168,1.0615085479452053,-9.3388640317535625,-0.051915660632580823,9.3388640317535625,9.3390083327620665
1169,1.060600499572284,-9.370444921843827,-0.052777139149943586,9.370444921843827,9.3705935489554566
1170,1.0596940034188034,-9.4023111723542421,-0.053649359254798523,9.4023111723542421,9.4024642320790495
1171,1.0587890555081128,-9.4344660196527812,-0.054532514391938486,9.4344660196527812,9.4346236210624159
1172,1.0578856518771331,-9.466912755793178,-0.055426802127771568,9.466912755793178,9.4670750105929624
1173,1.0569837885763,-9.4996547296699383,-0.056332424259312133,9.4996547296699383,9.4998217522732151
1174,1.0560834616695058,-9.5326953482030738,-0.057249586926541654,9.5326953482030738,9.5328672558079699
1175,1.0551846672340426,-9.5660380775542144,-0.058178500728257504,9.5660380775542144,9.5662149902228357
1176,1.0542874013605441,-9.5996864443749033,-0.059119380841539032,9.5996864443749033,9.5998684851151133
1177,1.0533916601529312,-9.6336440370874676,-0.060072447144957103,9.6336440370874676,9.633831331937305
1178,1.0524974397283531,-9.6679145072006598,-0.061037924345671735,9.6679145072006598,9.6681071853155096
1179,1.051604736217133,-9.7025015706597451,-0.062016042110552033,9.7025015706597451,9.7026997644023751
1180,1.0507135457627117,-9.7374090092332537,-0.063007035201472661,9.7374090092332537,9.7376128542667892
1181,1.0498238645215918,-9.7726406719371717,-0.064011143614939814,9.7726406719371717,9.7728503073211712
1182,1.0489356886632826,-9.8082004764974045,-0.065028612726207524,9.8082004764974045,9.8084160447870978
1183,1.048049014370245,-9.8440924108522374,-0.066059693438052347,9.8440924108522374,9.8443140582010962
1184,1.0471638378378378,-9.8803205346959473,-0.067104642334381681,9.8803205346959473,9.8805484109616728
1185,1.0462801552742615,-9.91688898106473,-0.068163721838861269,9.91688898106473,9.9171232399188227
1186,1.0453979629005059,-9.9538019579662063,-0.069237200378746894,9.9538019579662063,9.954042757007235
1187,1.0445172569502947,-9.9910637500547281,-0.070325352554124865,9.9910637500547281,9.9913112509254525
1188,1.0436380336700335,-10.028678720352534,-0.071428459312764703,10.028678720352534,10.028933088861026
1189,1.0427602893187551,-10.066651312020003,-0.07254680813080433,10.066651312020003,10.066912718264922
1190,1.0418840201680672,-10.104986050174947,-0.073680693199490527,10.104986050174947,10.105254668675137
1191,1.041009222502099,-10.143687543764024,-0.07483041561821388,10.143687543764024,10.1439635535926
1192,1.0401358926174495,-10.182760487486778,-0.075996283594081282,10.182760487486778,10.183044072409885
1193,1.0392640268231348,-10.222209663775111,-0.07717861264828843,10.222209663775111,10.222501012395526
1194,1.038393621440536,-10.262039944829375,-0.078377725829558154,10.262039944829375,10.262339250735179
1195,1.0375246728033471,-10.302256294713185,-0.079593953934928602,10.302256294713185,10.302563756631669
1196,1.036657177257525,-10.342863771509268,-0.080827635738180026,10.342863771509268,10.343179593466312
1197,1.0357911311612364,-10.383867529537916,-0.082079118226219466,10.383867529537916,10.384191921023064
1198,1.0349265308848079,-10.42527282164048,-0.083348756843731359,10.42527282164048,10.425605997777925
1199,1.0340633728106754,-10.467085001530354,-0.084636915746440861,10.467085001530354,10.467427183256101
1200,1.0332016533333332,-10.509309526213571,-0.085943968063340009,10.509309526213571,10.509660940459009
1201,1.032341368859284,-10.551951958481261,-0.087270296168243139,10.551951958481261,10.552312838363436
1202,1.0314825158069882,-10.595017969477137,-0.088616291961061744,10.595017969477137,10.595388554495978
1203,1.0306250906068162,-10.638513341341781,-0.089982357159198306,10.638513341341781,10.638893877584595
1204,1.0297690897009966,-10.68244396993752,-0.091368903599491014,10.68244396993752,10.682834710291059
1205,1.0289145095435683,-10.726815867655663,-0.092776353551145607,10.726815867655663,10.72721707202607
1206,1.0280613466003317,-10.771635166310638,-0.094205140040123009,10.771635166310638,10.772047101851623
1207,1.0272095973487987,-10.81690812012144,-0.095655707185474032,10.81690812012144,10.817331061471046
1208,1.0263592582781456,-10.862641108787809,-0.097128510548126989,10.862641108787809,10.863075338314106
1209,1.0255103258891645,-10.908840640659509,-0.098624017492669913,10.908840640659509,10.909286448715651
1210,1.0246627966942148,-10.955513356006875,-0.10014270756268981,10.955513356006875,10.955971041195891
1211,1.0238166672171758,-11.002666030393655,-0.10168507287025982,11.002666030393655,11.003135899843421
1212,1.0229719339933994,-11.050305578156003,-0.10325161850019382,11.050305578156003,11.050787947804835
1213,1.022128593569662,-11.098439055993303,-0.10484286292972561,11.098439055993303,11.098934250886652
1214,1.0212866425041185,-11.147073666673254,-0.10645933846429073,11.147073666673254,11.147582021271992
1215,1.0204460773662551,-11.196216762856967,-0.10810159169013592,11.196216762856967,11.196738621357795
1216,1.019606894736842,-11.245875851047376,-0.10977018394451366,11.245875851047376,11.24641156771589
1217,1.0187690912078882,-11.296058595667251,-0.11146569180425078,11.296058595667251,11.296608535184239
1218,1.0179326633825942,-11.346772823270186,-0.11318870759353769,11.346772823270186,11.347337361091787
1219,1.0170976078753076,-11.398026526891005,-0.11493983991180798,11.398026526891005,11.398606049623348
1220,1.0162639213114752,-11.449827870540656,-0.11671971418264684,11.449827870540656,11.450422776329635
1221,1.0154316003276003,-11.502185193851219,-0.11852897322469105,11.502185193851219,11.502795892788148
1222,1.0146006415711948,-11.555107016877141,-0.12036827784556095,11.555107016877141,11.555733931421008
1223,1.0137710417007357,-11.608602045058749,-0.12223830745989611,11.608602045058749,11.609245610475853
1224,1.0129427973856209,-11.6626791743548,-0.12413976073263916,11.6626791743548,11.663339839176595
1225,1.0121159053061224,-11.717347496551277,-0.12607335624877697,11.717347496551277,11.718025723051316
1226,1.0112903621533442,-11.772616304752585,-0.12803983321079226,11.772616304752585,11.773312569443448
1227,1.0104661646291768,-11.828495099063744,-0.13003995216517922,11.828495099063744,11.829209893214937
1228,1.009643309446254,-11.884993592471179,-0.13207449575942304,11.884993592471179,11.885727422649028
1229,1.0088217933279089,-11.942121716929655,-0.13414426953094039,11.942121716929655,11.942875105560255
1230,1.00800161300813,-11.999889629665198,-0.13625010272955346,11.999889629665198,12.000663115621576
1231,1.0071827652315191,-12.058307719702601,-0.13839284917515482,12.058307719702601,12.05910185891728
1232,1.0063652467532467,-12.117386614626287,-0.14057338815232945,12.117386614626287,12.118201980730513
1233,1.0055490543390104,-12.177137187586229,-0.14279262534378279,12.177137187586229,12.177974372577241
1234,1.0047341847649918,-12.237570564557917,-0.14505149380454463,12.237570564557917,12.238430179495623
1235,1.0039206348178138,-12.298698131868147,-0.14735095497902562,12.298698131868147,12.299580807602762
1236,1.0031084012944984,-12.360531543998292,-0.14969199976312964,12.360531543998292,12.361437931930487
1237,1.0022974810024252,-12.423082731676914,-0.15207564961374287,12.423082731676914,12.424013504552166
1238,1.0014878707592891,-12.486363910275138,-0.15450295770808031,12.486363910275138,12.487319763014078
1239,1.0006795673930589,-12.550387588517406,-0.15697501015549536,12.550387588517406,12.551369239084041
1240,0.99987256774193545,-12.61516657752297,-0.15949292726452835,12.61516657752297,12.61617476783276
1241,0.99906686865431094,-12.680714000191948,-0.16205786486813706,12.680714000191948,12.681749497061896
1242,0.99826246698872778,-12.747043300952782,-0.16467101571022347,12.747043300952782,12.748106897095751
1243,0.99745935961383747,-12.814168255886692,-0.16733361089677945,12.814168255886692,12.815260770952339
1244,0.9966575434083601,-12.882102983247592,-0.17004692141515865,12.882102983247592,12.883225264912481
1245,0.99585701526104409,-12.950861954394924,-0.17281225972521824,12.950861954394924,12.952014879504469
1246,0.99505777207062596,-13.02046000515978,-0.17563098142630462,13.02046000515978,13.021644480924911
1247,0.99425981074578984,-13.090912347664403,-0.1785044870043066,13.090912347664403,13.092129312915947
1248,0.99346312820512817,-13.162234582616758,-0.18143422366326961,13.162234582616758,13.16348500912083
1249,0.99266772137710158,-13.234442712102702,-0.18442168724636232,13.234442712102702,13.23572760594049
1250,0.99187358719999996,-13.307553152900898,-0.18746842425128735,13.307553152900898,13.308873555916515
1251,0.99108072262190239,-13.381582750345093,-0.19057603394556966,13.381582750345093,13.382939741665425
1252,0.99028912460063889,-13.456548792761097,-0.19374617058750904,13.456548792761097,13.457943490391742
1253,0.98949879010375097,-13.532469026507009,-0.1969805457589765,13.532469026507009,13.5339025890088
1254,0.98870971610845293,-13.609361671647047,-0.20028093081663906,13.609361671647047,13.610835299897817
1255,0.9879218996015936,-13.687245438290937,-0.20364915946864848,13.687245438290937,13.688760377337617
1256,0.9871353375796178,-13.766139543632313,-0.20708713048431765,13.766139543632313,13.767697084638721
1257,0.98635002704852814,-13.846063729722772,-0.21059681054480589,13.846063729722772,13.847665212018816
1258,0.9855659650238473,-13.927038282019197,-0.214180237243417,13.927038282019197,13.928685095257695
1259,0.9847831485305798,-14.009084048745002,-0.21783952224469239,14.009084048745002,14.010777635172627
1260,0.9840015746031745,-14.092222461107827,-0.22157685461215104,14.092222461107827,14.093964317957235
1261,0.98322124028548763,-14.176475554419085,-0.22539450431521202,14.176475554419085,14.178267236429754
1262,0.98244214263074481,-14.261865990164797,-0.22929482592661232,14.261865990164797,14.263709112240619
1263,0.9816642787015043,-14.348417079077677,-0.23328026252243117,14.348417079077677,14.350313319089954
1264,0.98088764556962016,-14.436152805265706,-0.23735334979773809,14.436152805265706,14.438103907010822
1265,0.98011224031620547,-14.525097851455488,-0.24151672041183597,14.525097851455488,14.527105627777177
1266,0.97933806003159551,-14.615277625412123,-0.24577310857811019,14.615277625412123,14.617343961499037
1267,0.97856510181531164,-14.70671828760149,-0.25012535491462307,14.70671828760149,14.708845144471516
1268,0.97779336277602513,-14.79944678016491,-0.25457641157282829,14.79944678016491,14.801636198348575
1269,0.97702284003152085,-14.893490857281272,-0.25912934766310614,14.893490857281272,14.895744960717511
1270,0.97625353070866139,-14.988879116997147,-0.26378735499726269,14.988879116997147,14.991200117155717
1271,0.97548543194335158,-15.085641034608795,-0.26855375416971528,15.085641034608795,15.088031234854713
1272,0.97471854088050303,-15.183806997688663,-0.27343200100081588,15.183806997688663,15.18626879790525
1273,0.97395285467399839,-15.283408342852617,-0.27842569336759848,15.283408342852617,15.285944244341081
1274,0.97318837048665618,-15.384477394372837,-0.28353857844930985,15.384477394372837,15.38709000504767
1275,0.97242508549019602,-15.487047504747274,-0.28877456041727934,15.487047504747274,15.489739544648351
1276,0.97166299686520374,-15.591153097345625,-0.2941377086011282,15.591153097345625,15.593927404489584
1277,0.97090210180109626,-15.69682971125939,-0.29963226616596994,15.69682971125939,15.699689247854662
1278,0.97014239749608755,-15.804114048492821,-0.30526265933814956,15.804114048492821,15.807061907544815
1279,0.9693838811571539,-15.913044023643494,-0.31103350722026379,15.913044023643494,15.916083435978512
1280,0.96862654999999998,-16.023658816228171,-0.31694963223968642,16.023658816228171,16.02679315796718
1281,0.96787040124902413,-16.13599892582674,-0.32301607127865928,16.13599892582674,16.139231726342679
1282,0.96711543213728546,-16.250106230223942,-0.32923808753817607,16.250106230223942,16.253441180619223
1283,0.96636163990646917,-16.366024046748045,-0.3356211831925825,16.366024046748045,16.369465008892099
1284,0.96560902180685348,-16.48379719701682,-0.34217111289681101,16.48379719701682,16.487348213187001
1285,0.96485757509727621,-16.60347207531931,-0.34889389821384709,16.60347207531931,16.607137378492389
1286,0.96410729704510101,-16.725096720880693,-0.35579584303616529,16.725096720880693,16.728880745726411
1287,0.96335818492618486,-16.848720894273967,-0.36288355008168915,16.848720894273967,16.852628288906867
1288,0.96261023602484463,-16.974396158268007,-0.37016393855240437,16.974396158268007,16.978431796818821
1289,0.96186344763382459,-17.102175963421445,-0.37764426305205756,17.102175963421445,17.106344959495186
1290,0.96111781705426347,-17.232115738758594,-0.38533213386863197,17.232115738758594,17.236423459852784
1291,0.96037334159566223,-17.364272987892733,-0.39323553873753936,17.364272987892733,17.368725070856161
1292,0.95963001857585128,-17.498707390990511,-0.401362866212845,17.498707390990511,17.503309758610815
1293,0.95888784532095894,-17.635480913006838,-0.40972293078646294,17.635480913006838,17.640239791823713
1294,0.95814681916537858,-17.7746579186567,-0.41832499990940808,17.7746579186567,17.77957985810729
1295,0.95740693745173744,-17.916305294628764,-0.42717882308478272,17.916305294628764,17.921397187642338
1296,0.95666819753086418,-18.06049257959414,-0.43629466321978949,18.06049257959414,18.065761684765164
1297,0.95593059676175784,-18.207292102609031,-0.44568333044354225,18.207292102609031,18.212746068091008
1298,0.95519413251155616,-18.356779130568952,-0.45535621861941611,18.356779130568952,18.362426019846268
1299,0.95445880215550416,-18.509032025427111,-0.46532534480517118,18.509032025427111,18.514880345138728
1300,0.95372460307692297,-18.664132411962406,-0.47560339194164258,18.664132411962406,18.670191141969919
1301,0.95299153266717906,-18.822165356950308,-0.48620375508175284,18.822165356950308,18.828443982863689
1302,0.95225958832565283,-18.983219560676169,-0.49714059150642842,18.983219560676169,18.989728109074171
1303,0.95152876745970827,-19.147387561819315,-0.50842887511330015,19.147387561819315,19.154136638427794
1304,0.95079906748466247,-19.314765956836879,-0.52008445550842675,19.314765956836879,19.321766787958246
1305,0.95007048582375475,-19.485455635091967,-0.53212412228147898,19.485455635091967,19.492720112612584
1306,0.94934301990811631,-19.659562031091099,-0.54456567500165476,19.659562031091099,19.667102761431554
1307,0.94861666717674054,-19.837195395341958,-0.55742799953614219,19.837195395341958,19.845025752758371
1308,0.94789142507645252,-20.01847108549363,-0.57073115136637598,20.01847108549363,20.026605270187069
1309,0.94716729106187925,-20.203509879601931,-0.58449644666088663,20.203509879601931,20.211962981148861
1310,0.94644426259541981,-20.392438313555793,-0.59874656195900666,20.392438313555793,20.401226380235968
1311,0.94572233714721576,-20.585389044923716,-0.6135056434288384,20.585389044923716,20.594529159594408
1312,0.94500151219512185,-20.782501245728632,-0.62879942678793155,20.782501245728632,20.792011608977159
1313,0.94428178522467621,-20.983921026940074,-0.64465536911881904,20.983921026940074,20.993821048341619
1314,0.94356315372907151,-21.189801897789089,-0.66110279397675353,21.189801897789089,21.200112296206118
1315,0.94284561520912535,-21.400305263372196,-0.67817305137775663,21.400305263372196,21.411048177357657
1316,0.94212916717325224,-21.61560096441638,-0.69589969447538147,21.61560096441638,21.626800073927932
1317,0.9414138071374335,-21.835867863540358,-0.71431867499016022,21.835867863540358,21.847548524340993
1318,0.94069953262518957,-22.061294482873265,-0.73346855975218461,22.061294482873265,22.073483875188334
1319,0.93998634116755109,-22.292079698492628,-0.75339077106297525,22.292079698492628,22.304806991719744
1320,0.93927423030303026,-22.528433497828708,-0.77412985398615719,22.528433497828708,22.541730033360864
1321,0.93856319757759266,-22.770577806969982,-0.79573377414871493,22.770577806969982,22.784477301500573
1322,0.93785324054462926,-23.018747395703059,-0.81825425018925957,23.018747395703059,23.033286167742958
1323,0.93714435676492813,-23.273190869162242,-0.84174712564260679,23.273190869162242,23.288408091923852
1324,0.93643654380664643,-23.534171756156063,-0.86627278582111811,23.534171756156063,23.55010974045998
1325,0.93572979924528299,-23.801969705625289,-0.89189662616679377,23.801969705625289,23.818674217077486
1326,0.93502412066365004,-24.076881804287133,-0.91868957963392273,24.076881804287133,24.094402419677085
1327,0.93431950565184618,-24.359224030384119,-0.94672871195681085,24.359224030384119,24.377614539090708
1328,0.93361595180722889,-24.649332860625435,-0.97609789520661172,24.649332860625435,24.668651717816594
1329,0.93291345673438664,-24.947567049942663,-1.0068885719022287,24.947567049942663,24.967877889552646
1330,0.93221201804511267,-25.254309606650907,-1.0392006241835192,25.254309606650907,25.275681823560838
1331,0.93151163335837706,-25.569969989093458,-1.0731433652704827,25.569969989093458,25.592479401682915
1332,0.93081230030030027,-25.8949865539577,-1.1088366737314366,25.8949865539577,25.918716160308982
1333,0.93011401650412595,-26.229829291305904,-1.146412295110387,26.229829291305904,26.254870134918388
1334,0.92941677961019487,-26.57500288712199,-1.1860153404000653,26.57500288712199,26.601455051147227
1335,0.92872058726591755,-26.931050161023329,-1.2278060169270013,26.931050161023329,26.959023913909729
1336,0.92802543712574848,-27.298555934955807,-1.271961634738501,27.298555934955807,27.328173055185331
1337,0.92733132685115927,-27.67815139847194,-1.3186789409401287,27.67815139847194,27.709546712027127
1338,0.92663825411061274,-28.070519047940742,-1.3681768461342925,28.070519047940742,28.103842219580972
1339,0.92594621657953691,-28.47639829119916,-1.4206996218252876,28.47639829119916,28.511815919973689
1340,0.92525521194029847,-28.896591826280087,-1.4765206662665022,28.896591826280087,28.934289907522341
1341,0.92456523788217737,-29.331972923635504,-1.5359469599071542,29.331972923635504,29.372159754715597
1342,0.92387629210134126,-29.783493766575958,-1.5993243619251118,29.783493766575958,29.826403392938886
1343,0.92318837230081896,-30.25219503555477,-1.6670439384367244,30.25219503555477,30.298091358399518
1344,0.92250147619047618,-30.739216959787242,-1.7395495637514151,30.739216959787242,30.788398659001732
1345,0.92181560148698882,-31.245812106206458,-1.8173471024666403,31.245812106206458,31.298618574422768
1346,0.9211307459138186,-31.773360233011573,-1.9010155677827667,31.773360233011573,31.830178772442885
1347,0.92044690720118771,-32.323385605652732,-1.9912207678568494,32.323385605652732,32.384660213719435
1348,0.9197640830860534,-32.897577260161469,-2.0887321081651935,32.897577260161469,32.963819429913968
1349,0.91908227131208298,-33.497812805985674,-2.194443429181284,33.497812805985674,33.569614903193852
1350,0.91840146962962954,-34.12618649215753,-2.3093990474777337,34.12618649215753,34.204238457507074
1351,0.91772167579570685,-34.785042421089457,-2.4348265670602416,34.785042421089457,34.870152805066049
1352,0.91704288757396446,-35.477013987300097,-2.5721785840810476,35.477013987300097,35.570136689693669
1353,0.91636510273466365,-36.205070845132326,-2.7231861931706307,36.205070845132326,36.307339450085372
1354,0.91568831905465287,-36.972574964813461,-2.8899283246595893,36.972574964813461,37.08534731198322
1355,0.91501253431734308,-37.783347600209993,-3.0749225624862788,37.783347600209993,37.908264331720353
1356,0.91433774631268427,-38.641749213563813,-3.2812454651921499,38.641749213563813,38.780811673903933
1357,0.91366395283714064,-39.552774467280059,-3.5126939318235602,39.552774467280059,39.70844981509844
1358,0.91299115169366707,-40.522164053402349,-3.7740044443450769,40.522164053402349,40.697529275335498
1359,0.91231934069168497,-41.556533869969272,-4.0711550722262899,41.556533869969272,41.755476418165998
1360,0.91164851764705879,-42.663518793423449,-4.4117875358378029,42.663518793423449,42.891021264341205
1361,0.91097868038207197,-43.851920795998922,-4.8058059416874386,43.851920795998922,44.114473002040057
1362,0.91030982672540373,-45.131834713764576,-5.2662390433449477,45.131834713764576,45.438043292952393
1363,0.90964195451210561,-46.514689609203685,-5.8105001203087028,46.514689609203685,46.87620143621568
1364,0.90897506158357766,-48.013067974726496,-6.4622509829312929,48.013067974726496,48.446004831276888
1365,0.90830914578754574,-49.640002561455546,-7.2541815224290662,49.640002561455546,50.167250311948187
1366,0.90764420497803799,-51.407100617791883,-8.232145057533355,51.407100617791883,52.062061101881554
1367,0.90698023701536201,-53.320093417877899,-9.4611600713794424,53.320093417877899,54.152986177933812
1368,0.90631723976608181,-55.36883224226672,-11.033443601839611,55.36883224226672,56.457457094588051
1369,0.90565521110299485,-57.50570854139302,-13.076609355466001,57.50570854139302,58.973758800699677
1370,0.90499414890510943,-59.602055896305359,-15.752520643856769,59.602055896305359,61.648576412610232
1371,0.9043340510576221,-61.373124936846992,-19.214684659239275,61.373124936846992,64.310687844773014
1372,0.90367491545189493,-62.304286736602677,-23.448124520150209,62.304286736602677,66.570554220836058
1373,0.9030167399854333,-61.776571710114723,-27.931790395037574,61.776571710114723,67.797711811883886
1374,0.90235952256186314,-59.740678191723319,-31.472699894916076,59.740678191723319,67.523917758691226
1375,0.90170326109090904,-57.440061091192419,-33.127237070176577,57.440061091192419,66.30817788224617
1376,0.90104795348837208,-56.496521548389282,-33.532748161565436,56.496521548389282,65.698570352288371
1377,0.90039359767610738,-57.269061223357582,-34.33325413887566,57.269061223357582,66.772132758878541
1378,0.8997401915820028,-58.864604205374292,-36.759963745463338,58.864604205374292,69.399831144053564
1379,0.89908773313995638,-59.856455957204375,-41.196382714632648,59.856455957204375,72.663176840317348
1380,0.89843622028985504,-58.652988986814037,-47.021804594430478,58.652988986814037,75.174618219211013
1381,0.89778565097755247,-54.271297997550732,-52.242362144335445,54.271297997550732,75.330194402768186
1382,0.89713602315484797,-47.901808279904216,-54.278877027208594,47.901808279904216,72.393229847959759
1383,0.89648733477946485,-42.72931267606215,-52.660337432918368,42.72931267606215,67.815229117931253
1384,0.89583958381502882,-40.790677159705467,-49.740206999136774,40.790677159705467,64.327035805050841
1385,0.89519276823104688,-41.536597937015983,-48.10529319375776,41.536597937015983,63.556338798256128
1386,0.8945468860028859,-43.146440700730281,-48.955194796355258,43.146440700730281,65.255087485120441
1387,0.89390193511175187,-43.621172030551179,-52.125137513772941,43.621172030551179,67.969379945300943
1388,0.89325791354466855,-41.395467533530905,-56.079421396929021,41.395467533530905,69.702842384898133
1389,0.89261481929445641,-36.582139242851653,-58.217517558502863,36.582139242851653,68.75705245469716
1390,0.89197265035971218,-31.69133379582847,-56.98910558464506,31.69133379582847,65.208119073443925
1391,0.89133140474478789,-29.359356637374347,-53.746556512520939,29.359356637374347,61.242666165951199
1392,0.89069108045977008,-29.893997320699825,-51.095824661324386,29.893997320699825,59.198263265325728
1393,0.89005167552045938,-31.829984596473622,-50.663109713182806,31.829984596473622,59.832253887194874
1394,0.88941318794835,-33.239001259280471,-52.688054020055603,33.239001259280471,62.296566848701588
1395,0.88877561577060926,-32.412101698709677,-56.095988354093734,32.412101698709677,64.786605451668166
1396,0.8881389570200573,-28.851420249648179,-58.592075740669216,28.851420249648179,65.310303857983442
1397,0.88750320973514663,-24.348558026174068,-58.155771472486634,24.348558026174068,63.047173081067299
1398,0.88686837195994273,-21.665822629020774,-55.274432032078266,21.665822629020774,59.368937220241939
1399,0.88623444174410282,-21.785299146617923,-52.323771804860328,21.785299146617923,56.677829482035818
1400,0.88560141714285712,-23.648509041199475,-51.205682127319079,23.648509041199475,56.40278239586889
1401,0.88496929621698783,-25.445776810013058,-52.48157706829339,25.445776810013058,58.324981689154583
1402,0.8843380770328102,-25.435517303600612,-55.418046701399149,25.435517303600612,60.976433486226661
1403,0.88370775766215248,-22.791103294002106,-58.036619043856263,22.791103294002106,62.351291401217772
1404,0.88307833618233611,-18.740311322211262,-58.187803751997023,18.740311322211262,61.131168596177837
1405,0.88244981067615647,-15.912331055479662,-55.763035362993335,15.912331055479662,57.988950607108144
1406,0.88182217923186335,-15.697587794721606,-52.816674880658923,15.697587794721606,55.10004907458994
1407,0.88119543994314142,-17.386626121605069,-51.365882346388616,17.386626121605069,54.228669881489047
1408,0.88056959090909082,-19.297728489233471,-52.182941482561674,19.297728489233471,55.636873623673623
1409,0.87994463023420855,-19.709600909232812,-54.751945753367394,19.709600909232812,58.191442083702626
1410,0.87932055602836878,-17.65538153992955,-57.330950323253603,17.65538153992955,59.987918469370634
1411,0.87869736640680363,-14.015172495067588,-57.807524231757668,14.015172495067588,59.482223545121016
1412,0.87807505949008491,-11.209725026174198,-55.757623252980522,11.209725026174198,56.873284466291821
1413,0.87745363340410465,-10.798286258770229,-52.950503706566181,10.798286258770229,54.040344455836191
1414,0.87683308628005652,-12.308917174316381,-51.397660746349331,12.308917174316381,52.851007295991998
1415,0.87621341625441684,-14.172100311063097,-51.972670557689256,14.172100311063097,53.870278559934462
1416,0.87559462146892653,-14.713973902802323,-54.263874327590926,14.713973902802323,56.223385570889704
1417,0.8749767000705716,-12.962627184353757,-56.664232724857257,12.962627184353757,58.128005073435403
1418,0.87435965021156548,-9.6694637711711096,-57.176655433463864,9.6694637711711096,57.988520037840615
1419,0.87374347004933051,-7.0721069383115065,-55.327752005146834,7.0721069383115065,55.777906365244149
1420,0.87312815774647878,-6.6830935847688977,-52.725300344513684,6.6830935847688977,53.147163953328253
1421,0.87251371147079515,-8.1000857848221379,-51.282797775888724,8.1000857848221379,51.918558699603508
1422,0.87190012939521799,-9.8242380631147483,-51.842392594186649,9.8242380631147483,52.765038836435359
1423,0.87128740969782148,-10.257659463058292,-53.971432812592838,10.257659463058292,54.937556712182719
1424,0.87067555056179768,-8.5508789139037198,-56.094909965064971,8.5508789139037198,56.742897830380393
1425,0.87006455017543849,-5.5342940628063335,-56.387198011218317,5.5342940628063335,56.65813719431619
1426,0.86945440673211771,-3.3122744567217133,-54.567121786193013,3.3122744567217133,54.667558406296799
1427,0.86884511843027323,-3.1614782437152709,-52.222393399141438,3.1614782437152709,52.318001844682257
1428,0.86823668347338934,-4.5700630401876587,-51.09398995856003,4.5700630401876587,51.297965710900492
1429,0.86762910006997895,-6.0583641722660442,-51.847867217972649,6.0583641722660442,52.200623669610685
1430,0.86702236643356634,-6.1522583839091816,-53.891983564827555,6.1522583839091816,54.242014857249032
1431,0.86641648078266942,-4.2822895427981464,-55.606027314427124,4.2822895427981464,55.770675784153575
1432,0.86581144134078203,-1.5417459796242579,-55.445488373022172,1.5417459796242579,55.466919524962123
1433,0.86520724633635726,0.11675458423272911,-53.552199786584509,0.11675458423272911,53.552327060690843
1434,0.86460389400278936,-0.14715952957243772,-51.574437822057618,0.14715952957243772,51.574647769892046
1435,0.8640013825783972,-1.5613741012276368,-50.975260400572608,1.5613741012276368,50.999167267614965
1436,0.86339971030640661,-2.6441828770219633,-52.080571682397533,2.6441828770219633,52.147652390615669
1437,0.86279887543493383,-2.1576284365030425,-53.997621291326055,2.1576284365030425,54.040711186951228
1438,0.862198876216968,-0.034502548331020844,-55.074521913275916,0.034502548331020844,55.074532720684523
1439,0.86159971091035437,2.2724724208316598,-54.289018012822709,2.2724724208316598,54.33655866633466
1440,0.86100137777777774,3.1503220724048111,-52.386823548014974,3.1503220724048111,52.48146158988655
1441,0.86040387508674521,2.4088373077279259,-51.003094262487693,2.4088373077279259,51.059946352530645
1442,0.85980720110956999,1.1467010362613881,-51.1414220130236,1.1467010362613881,51.154276153423751
1443,0.85921135412335403,0.76766721016617145,-52.599503119359298,0.76766721016617145,52.605104708089435
1444,0.85861633240997226,2.0163126792853001,-54.107991817246059,2.0163126792853001,54.145547326772984
1445,0.85802213425605534,4.2116635190482539,-54.240008398306216,4.2116635190482539,54.403277664548952
1446,0.85742875795297369,5.7261181967255732,-52.86678157978011,5.7261181967255732,53.175981647798935
1447,0.85683620179682096,5.6862378772820508,-51.288853601871352,5.6862378772820508,51.603098792526303
1448,0.85624446408839772,4.6731539812151786,-50.815409845606425,4.6731539812151786,51.029836820326025
1449,0.85565354313319519,3.9921352436434683,-51.723758480832231,3.9921352436434683,51.877589913054024
1450,0.85506343724137923,4.6476758140748036,-53.133778748178756,4.6476758140748036,53.336660324144297
1451,0.85447414472777394,6.4525112163395164,-53.647903178281453,6.4525112163395164,54.034548359574991
1452,0.85388566391184562,8.0416897135526177,-52.719490579721295,8.0416897135526177,53.329292705176393
1453,0.8532979931176875,8.3133442355479072,-51.285544015408107,8.3133442355479072,51.954968167972922
1454,0.85271113067400273,7.5222704982720341,-50.673693813067828,7.5222704982720341,51.228974205128509
1455,0.85212507491408929,6.8413808000318994,-51.355272234376812,6.8413808000318994,51.80896136304991
1456,0.85153982417582408,7.3023304335209502,-52.63452214826745,7.3023304335209502,53.138657788250377
1457,0.85095537680164712,8.8579096263562693,-53.228783077144655,8.8579096263562693,53.960781228800016
1458,0.85037173113854592,10.328398577179403,-52.558679294208247,10.328398577179403,53.563892561318916
1459,0.84978888553803966,10.697602213786649,-51.400576488784836,10.697602213786649,52.501980500775716
1460,0.84920683835616428,10.168063274268739,-50.924655209903165,10.168063274268739,51.929856720359346
1461,0.84862558795345644,9.7759735791627165,-51.508513474892425,9.7759735791627165,52.428013693193279
1462,0.84804513269493842,10.343251843948156,-52.467611225071266,10.343251843948156,53.477407251778402
1463,0.8474654709501025,11.640927729535932,-52.751291269817969,11.640927729535932,54.020458430463663
1464,0.84688660109289615,12.619190164795032,-52.139618666353442,12.619190164795032,53.644979216027394
1465,0.84630852150170643,12.689608141935018,-51.482526569798324,12.689608141935018,53.023359916227996
1466,0.84573123055934507,12.358190858955552,-51.616851319612536,12.358190858955552,53.075646217991157
1467,0.84515472665303337,12.565680864201322,-52.45471296157524,12.565680864201322,53.938791675956224
1468,0.84457900817438691,13.636777616874923,-53.106251091868629,13.636777616874923,54.829149262091413
1469,0.84400407351940088,14.873049049430282,-52.917790071338317,14.873049049430282,54.96817346484228
1470,0.84342992108843529,15.430224130178907,-52.294780808945603,15.430224130178907,54.523718843850162
1471,0.8428565492861998,15.375269986002113,-52.118466435349603,15.375269986002113,54.339060267133078
1472,0.84228395652173904,15.494918610851137,-52.641340291394243,15.494918610851137,54.874431299388128
1473,0.84171214120841809,16.284584442553033,-53.255759827414437,16.284584442553033,55.689888177854066
1474,0.84114110176390766,17.345375007128059,-53.330216404639373,17.345375007128059,56.080067902094846
1475,0.8405708366101694,18.00957156172473,-53.066443471121772,18.00957156172473,56.03920137288403
1476,0.84000134417344163,18.310075853304021,-53.10210467924442,18.310075853304021,56.170209178168271
1477,0.83943262288422471,18.825331752333497,-53.541898183660933,18.825331752333497,56.754981954846308
1478,0.83886467117726649,19.765246461940528,-53.870594475966968,19.765246461940528,57.382104500404438
1479,0.83829748749154831,20.672605288572207,-53.801560173801363,20.672605288572207,57.636485723474436
1480,0.83773107027027016,21.200274435505676,-53.730426399907088,21.200274435505676,57.761668580959359
1481,0.83716541796083721,21.661512629022525,-54.053156821176714,21.661512629022525,58.231991995053932
1482,0.83660052901484472,22.470979737368566,-54.558734723743086,22.470979737368566,59.005088467122881
1483,0.83603640188806472,23.507412193348756,-54.864824874413955,23.507412193348756,59.688754690713004
1484,0.83547303504043124,24.459063552883862,-55.051760051000343,24.459063552883862,60.240701146292523
1485,0.83491042693602691,25.416441338882819,-55.363964683500129,25.416441338882819,60.919324321669237
1486,0.83434857604306856,26.587154207087551,-55.678282561400096,26.587154207087551,61.700469348446319
1487,0.83378748083389365,27.819576771409828,-55.797984148631642,27.819576771409828,62.348567640253883
1488,0.83322713978494622,28.915349569457881,-55.883382478690606,28.915349569457881,62.92098122235199
1489,0.83266755137676285,30.0066407067591,-56.131373582658341,30.0066407067591,63.648484559968011
1490,0.8321087140939597,31.251356112995367,-56.47647294557413,31.251356112995367,64.546411637467642
1491,0.83155062642521793,32.643217048920626,-56.8623988386164,32.643217048920626,65.566088955990253
1492,0.83099328686327067,34.243626004445943,-57.303851427811594,34.243626004445943,66.755953370415369
1493,0.83043669390488939,36.127052000203633,-57.70029546921451,36.127052000203633,68.077073846193429
1494,0.82988084605087009,38.252459068006104,-57.961827760705262,38.252459068006104,69.446555725328423
1495,0.82932574180602003,40.600354339816121,-58.068112105909535,40.600354339816121,70.854035989935696
1496,0.82877137967914427,43.164433459996189,-57.970833988265099,43.164433459996189,72.275762944554458
1497,0.82821775818303267,45.914634861235442,-57.64695790582627,45.914634861235442,73.697526757935933
1498,0.82766487583444592,48.865992147529454,-57.094252339133959,48.865992147529454,75.150774039440975
1499,0.82711273115410266,52.082868261518371,-56.268280615454074,52.082868261518371,76.672971572557188
1500,0.8265613226666666,55.641331589313836,-55.025082685484008,55.641331589313836,78.254185227221711
1501,0.82601064890073284,59.525295905951566,-53.102263915685,59.525295905951566,79.769112353480253
1502,0.8254607083888148,63.528521178508285,-50.200014259561726,63.528521178508285,80.968601536573274
1503,0.8249114996673319,67.225077709669165,-46.120748111467293,67.225077709669165,81.525054304995535
1504,0.82436302127659566,70.041692879986329,-40.937275976988118,70.041692879986329,81.127672873751379
1505,0.82381527176079727,71.484526298934639,-35.093632445624976,71.484526298934639,79.634166903482452
1506,0.82326824966799461,71.413389554463947,-29.266585949768114,71.413389554463947,77.177751073821682
1507,0.82272195355009947,70.090641931051863,-24.047269598557534,70.090641931051863,74.101074630889357
1508,0.82217638196286469,67.984403206666173,-19.739314730205386,67.984403206666173,70.792087307725751
1509,0.82163153346587137,65.552596974532435,-16.360991117275077,65.552596974532435,67.563488663959873
1510,0.82108740662251645,63.114791724174907,-13.749095919633639,63.114791724174907,64.595004241762098
1511,0.82054399999999994,60.82349642281757,-11.689352078375897,60.82349642281757,61.936569723457659
1512,0.82000131216931216,58.715387131236142,-10.003283473780616,58.715387131236142,59.561416758063636
1513,0.81945934170522139,56.771844979166119,-8.5665088637350699,56.771844979166119,57.414523044704652
1514,0.81891808718626147,54.94826246209422,-7.3013618184217606,54.94826246209422,55.431231557730158
1515,0.81837754719471945,53.190348190251143,-6.1775083602824381,53.190348190251143,53.547873441823178
1516,0.81783772031662261,51.461364477678657,-5.2122939879799191,51.461364477678657,51.724656040631324
1517,0.81729860514172703,49.774877440076878,-4.4452714247079292,49.774877440076878,49.972981322050416
1518,0.8167602002635046,48.194473393940484,-3.884330049396592,48.194473393940484,48.350752689610559
1519,0.8162225042791309,46.781189348946569,-3.4763567697621696,46.781189348946569,46.910177289077289
1520,0.81568551578947368,45.546728320470592,-3.1394638913441959,45.546728320470592,45.654799246342243
1521,0.81514923339907952,44.457993568052672,-2.8072714903299989,44.457993568052672,44.546537074361147
1522,0.81461365571616284,43.461622551200549,-2.4443143177154631,43.461622551200549,43.530303321557646
1523,0.81407878135259348,42.500659322460933,-2.0457102989798948,42.500659322460933,42.549864552912943
1524,0.81354460892388447,41.526126812360246,-1.6361805347550593,41.526126812360246,41.558348075669898
1525,0.81301113704918027,40.514072247394083,-1.2681246586056094,40.514072247394083,40.533914074720578
1526,0.81247836435124499,39.488936782372377,-1.0008668991642242,39.488936782372377,39.501618482690617
1527,0.81194628945645053,38.518955711256126,-0.85355254439232553,38.518955711256126,38.528411607951732
1528,0.81141491099476437,37.663016632083284,-0.7832298072997137,37.663016632083284,37.671159668367331
1529,0.81088422759973833,36.928712005086012,-0.72228317793558983,36.928712005086012,36.935774844230799
1530,0.8103542379084967,36.282560282752513,-0.62170660777370657,36.282560282752513,36.287886405489637
1531,0.80982494056172427,35.67598108671649,-0.46238667336532746,35.67598108671649,35.678977394755279
1532,0.80929633420365532,35.059758528814527,-0.25302185496037222,35.059758528814527,35.060671530332534
1533,0.8087684174820613,34.396021727209828,-0.030712114622136077,34.396021727209828,34.396035438589067
1534,0.80824118904823983,33.679763927587757,0.14501287771216465,33.679763927587757,33.680076112632882
1535,0.80771464755700317,32.955940863762081,0.22448026113112451,32.955940863762081,32.956705381506524
1536,0.80718879166666657,32.295352195476625,0.21043200463919209,32.295352195476625,32.296037760977022
1537,0.80666362003903702,31.740927883511588,0.15676876475601276,31.740927883511588,31.741315022410248
1538,0.80613913133940174,31.285518119339116,0.12539843699083608,31.285518119339116,31.285769428983134
1539,0.80561532423651716,30.889580164046677,0.1544242093760797,30.889580164046677,30.889966162938858
1540,0.8050921974025973,30.503395995651303,0.25164742968238762,30.503395995651303,30.5044340005905
1541,0.80456974951330296,30.081728997922177,0.39531517417118067,30.081728997922177,30.084326377556838
1542,0.80404797924773019,29.601356200760279,0.53683529257087725,29.601356200760279,29.606223687860613
1543,0.80352688528839922,29.081793770052073,0.62066957710608861,29.081793770052073,29.088416244405341
1544,0.80300646632124351,28.581006439125211,0.62462178876613361,28.581006439125211,28.587831002934067
1545,0.80248672103559859,28.151890616683453,0.5794573356089554,28.151890616683453,28.157853542084862
1546,0.80196764812419141,27.805139118488263,0.54054474558902044,27.805139118488263,27.810392841894018
1547,0.80144924628312852,27.513360803721802,0.54995045362897654,27.513360803721802,27.518856593565474
1548,0.80093151421188624,27.233047918877446,0.62187582475862824,27.233047918877446,27.240147365484173
1549,0.80041445061329886,26.921474564922299,0.7419981470002841,26.921474564922299,26.931697941271921
1550,0.79989805419354831,26.552801795486403,0.86984327035105524,26.552801795486403,26.567045573517596
1551,0.79938232366215334,26.137458049297649,0.95376060111720795,26.137458049297649,26.154853709455882
1552,0.79886725773195866,25.72412450534285,0.96567122600874056,25.72412450534285,25.742243540202978
1553,0.79835285511912424,25.365398210145749,0.92547227107302321,25.365398210145749,25.382275809780932
1554,0.79783911454311451,25.079036552099147,0.8826852032387893,25.079036552099147,25.094565299075054
1555,0.79732603472668806,24.84419657510233,0.87984689494881563,24.84419657510233,24.859771399207947
1556,0.79681361439588683,24.620844204736763,0.93344468823907478,24.620844204736763,24.63853259307302
1557,0.79630185228002559,24.368624241287598,1.0311223761909127,24.368624241287598,24.390429696250763
1558,0.79579074711168163,24.064263156280184,1.1354021502619518,24.064263156280184,24.091033587156936
1559,0.79528029762668373,23.718832947186485,1.2001651897500853,23.718832947186485,23.749177519636902
1560,0.79477050256410253,23.37663724098423,1.2026207193200795,23.37663724098423,23.407551458687617
1561,0.79426136066623954,23.083010678518256,1.1627745278195978,23.083010678518256,23.112278697418258
1562,0.79375287067861711,22.850922803398859,1.1253512038564299,22.850922803398859,22.878616398264018
1563,0.79324503134996793,22.658659099297914,1.1268859707724768,22.658659099297914,22.686663575090101
1564,0.79273784143222503,22.468226632111723,1.1780703974059614,22.468226632111723,22.499090156119177
1565,0.79223129968051109,22.245054534944536,1.2615456584487921,22.245054534944536,22.280797757508765
1566,0.79172540485312892,21.976105170241041,1.3396303319438114,21.976105170241041,22.016898234759569
1567,0.79122015571155069,21.681315696224743,1.3757454532966857,21.681315696224743,21.724919467552187
1568,0.79071555102040814,21.402398413263285,1.3618584353956633,21.402398413263285,21.445682927762249
1569,0.79021158954748238,21.170842692286307,1.3249192020973903,21.170842692286307,21.212260398024984
1570,0.78970827006369426,20.986066203393783,1.3037707480171539,20.986066203393783,21.026525934081743
1571,0.78920559134309354,20.821086269964056,1.3220913663996878,20.821086269964056,20.863018934046778
1572,0.78870355216284982,20.642180396446314,1.3771407663397652,20.642180396446314,20.688067290342694
1573,0.78820215130324212,20.428340587892947,1.4434175999320467,20.428340587892947,20.479271313763778
1574,0.78770138754764929,20.184208763703502,1.488201831126013,20.184208763703502,20.238997705097258
1575,0.78720125968253962,19.937808286929211,1.49384282069895,19.937808286929211,19.993693147072577
1576,0.78670176649746182,19.719958895382618,1.4710614143828256,19.719958895382618,19.77475159187761
1577,0.78620290678503479,19.540768105387791,1.4493976584595409,19.540768105387791,19.59444747169179
1578,0.78570467934093779,19.384733073451912,1.4533915855181108,19.384733073451912,19.439141530166275
1579,0.78520708296390118,19.225530517137351,1.4867316358535889,19.225530517137351,19.282930135807359
1580,0.78471011645569611,19.044667543769904,1.5336110112672121,19.044667543769904,19.106316353148841
1581,0.78421377862112585,18.84144853181499,1.5715075216607128,18.84144853181499,18.906872260309726
1582,0.78371806826801516,18.631315316596947,1.585540110927834,18.631315316596947,18.698658985869042
1583,0.78322298420720149,18.43505313918164,1.5777948861857729,18.43505313918164,18.502449052688263
1584,0.78272852525252523,18.263325399792336,1.5652324421608961,18.263325399792336,18.330275700509603
1585,0.78223469022082015,18.109713309801108,1.564875340191159,18.109713309801108,18.177198656380632
1586,0.78174147793190407,17.959584955234419,1.5816991463739936,17.959584955234419,18.029100475451422
1587,0.78124888720856955,17.801552240213987,1.6101421350439791,17.801552240213987,17.874222216815802
1588,0.78075691687657423,17.630716740508696,1.6401083948684481,17.630716740508696,17.706838462327813
1589,0.7802655657646318,17.449779034544704,1.6602768505646184,17.449779034544704,17.528585441357119
1590,0.77977483270440251,17.269670067374925,1.664333431016624,17.269670067374925,17.349683282572769
1591,0.77928471653048392,17.102565769965906,1.6567038000315555,17.102565769965906,17.182619805985599
1592,0.77879521608040192,16.953273344332665,1.6492185757362141,16.953273344332665,17.033302645060171
1593,0.77830633019460127,16.816759488873217,1.6540168570797373,16.816759488873217,16.89790435143102
1594,0.77781805771643653,16.679372683840754,1.6765141573336655,16.679372683840754,16.763417695869581
1595,0.77733039749216293,16.526304291702928,1.7085563520293796,16.526304291702928,16.614388292983243
1596,0.77684334837092728,16.355425854498385,1.7312308707687738,16.355425854498385,16.44679650296364
1597,0.77635690920475886,16.182739928459156,1.7316348699063373,16.182739928459156,16.275123069114464
1598,0.77587107884856066,16.028226013974717,1.7169921474855738,16.028226013974717,16.119928386614593
1599,0.77538585616010003,15.896161079039103,1.7080385179797746,15.896161079039103,15.987661887520019
1600,0.77490123999999994,15.77178101832974,1.7192082248494613,15.77178101832974,15.865205747500925
1601,0.77441722923173006,15.63554304374621,1.7463543591930919,15.63554304374621,15.73276707450769
1602,0.77393382272159794,15.480346312959966,1.7716043995235582,15.480346312959966,15.581389672220656
1603,0.77345101933873983,15.316783316252135,1.7801064690931121,15.316783316252135,15.419877762107161
1604,0.77296881795511219,15.161675596738739,1.7727986581374868,15.161675596738739,15.264967146477488
1605,0.77248721744548277,15.022638539994574,1.7627601746438937,15.022638539994574,15.125706335131621
1606,0.77200621668742209,14.894379242541319,1.7624659763925208,14.894379242541319,14.998293880924821
1607,0.77152581456129432,14.764735595630711,1.7758079844657182,14.764735595630711,14.871143574270835
1608,0.77104600995024875,14.622521299422985,1.7960072260073348,14.622521299422985,14.732405475955018
1609,0.7705668017402113,14.4663266238856,1.8092425365579026,14.4663266238856,14.579024814610605
1610,0.77008818881987573,14.307417744421443,1.8066841073704403,14.307417744421443,14.421037063166105
1611,0.76961017008069521,14.158669944881499,1.7937470819150412,14.158669944881499,14.27184161914535
1612,0.7691327444168734,14.021410829023235,1.7835394250218455,14.021410829023235,14.134389782260051
1613,0.76865591072535644,13.885593541753536,1.7835861486688307,13.885593541753536,13.999674551806939
1614,0.76817966790582404,13.73935483462094,1.7899442934755805,13.73935483462094,13.855460001218566
1615,0.76770401486068107,13.578648012832964,1.7904078834172221,13.578648012832964,13.696176190653185
1616,0.76722895049504947,13.410948141456814,1.7745066782821208,13.410948141456814,13.527838112725618
1617,0.76675447371675942,13.24803879264833,1.7425087718697563,13.24803879264833,13.362143116714401
1618,0.76628058343634109,13.094663651766314,1.7028795780959154,13.094663651766314,13.204923892638915
1619,0.76580727856701658,12.946028069387665,1.6616418521715335,12.946028069387665,13.05222955736917
1620,0.7653345580246913,12.79535999556899,1.6155841835295028,12.79535999556899,12.896951177323963
1621,0.76486242072794564,12.643567281002131,1.5551061332498533,12.643567281002131,12.738844087078661
1622,0.76439086559802705,12.502081476753471,1.4746674474316901,12.502081476753471,12.58875233420282
1623,0.76391989155884155,12.384354379044154,1.3811781324859123,12.384354379044154,12.461135037363466
1624,0.7634494975369458,12.293829188308784,1.2901953608552317,12.293829188308784,12.361344594358874
1625,0.76297968246153836,12.221599015322564,1.2137528713944836,12.221599015322564,12.281721317639146
1626,0.76251044526445255,12.155046844511013,1.1527202771446661,12.155046844511013,12.209583442099801
1627,0.76204178488014751,12.088050422412106,1.0998200173137562,12.088050422412106,12.13798035446019
1628,0.76157370024570015,12.023378787416949,1.0493296735174993,12.023378787416949,12.069081581853368
1629,0.76110619030079796,11.965495432435237,1.0031258981974376,11.965495432435237,12.00747027942451
1630,0.76063925398773002,11.912853055133422,0.9666848140562283,11.912853055133422,11.95201018418779
1631,0.76017289025137946,11.858698887879779,0.9411555921579613,11.858698887879779,11.895987271431125
1632,0.75970709803921566,11.798239936391671,0.92114799667816227,11.798239936391671,11.834144634423374
1633,0.75924187630128592,11.73348977585156,0.90028593186083583,11.73348977585156,11.767977612109892
1634,0.75877722399020797,11.670035057170743,0.8778605742737956,11.670035057170743,11.703006341255159
1635,0.75831314006116202,11.609783932147149,0.85822368123903159,11.609783932147149,11.64146171398513
1636,0.75784962347188256,11.549145880816159,0.84412684668113036,11.549145880816159,11.57995339842353
1637,0.75738667318265118,11.484296434157546,0.83301208672538107,11.484296434157546,11.514468017422008
1638,0.75692428815628809,11.416132658044152,0.82053300230864223,11.416132658044152,11.445582522263331
1639,0.75646246735814515,11.348519942327442,0.80612020321935973,11.348519942327442,11.37711451394606
1640,0.75600120975609753,11.28271601579052,0.79283797217766872,11.28271601579052,11.310538127918703
1641,0.75554051432053615,11.21617166655675,0.78229812976726087,11.21617166655675,11.243420174373446
1642,0.75508038002436051,11.146819210202004,0.77245113143414112,11.146819210202004,11.173551774408276
1643,0.75462080584297009,11.075939132438414,0.76099006152601689,11.075939132438414,11.102050870862643
1644,0.75416179075425782,11.005577842532531,0.74854926895758478,11.005577842532531,11.031004925032892
1645,0.75370333373860177,10.935286146922085,0.73682952211031649,10.935286146922085,10.960082155701178
1646,0.75324543377885778,10.863411417175428,0.72547134120673484,10.863411417175428,10.88760838227247
1647,0.75278808986035206,10.789964288123375,0.71291280183070938,10.789964288123375,10.813490370920571
1648,0.75233130097087375,10.716024306798193,0.69893524387650707,10.716024306798193,10.738793573722441
1649,0.75187506610066701,10.641529952547433,0.68418635253315918,10.641529952547433,10.663501802689249
1650,0.75141938424242416,10.565717273995599,0.66830741678400163,10.565717273995599,10.586832213525321
1651,0.75096425439127801,10.488634038950881,0.65036781833180102,10.488634038950881,10.508778344896266
1652,0.75050967554479409,10.410668270453126,0.6299931642423573,10.410668270453126,10.429712614660653
1653,0.75005564670296421,10.33177645372426,0.60681925659408931,10.33177645372426,10.349581358678448
1654,0.74960216686819825,10.252055116101044,0.57997445717540563,10.252055116101044,10.268447033244584
1655,0.74914923504531716,10.17207680131305,0.54851586588148393,10.17207680131305,10.186855064588624
1656,0.74869685024154586,10.092713488271034,0.51152710355222475,10.092713488271034,10.105667990489129
1657,0.74824501146650568,10.015362885515763,0.46808453043066828,10.015362885515763,10.026295270746576
1658,0.74779371773220737,9.9421598644308915,0.41766827534831857,9.9421598644308915,9.9509290801478905
1659,0.7473429680530439,9.8758175506302486,0.36071439277053541,9.8758175506302486,9.8824029044806849
1660,0.74689276144578309,9.8190446406439733,0.29910568655455744,9.8190446406439733,9.8235992317830423
1661,0.74644309692956046,9.7735171227402873,0.23615998709188529,9.7735171227402873,9.7763699033946541
1662,0.74599397352587238,9.7390290909716306,0.17573090585021489,9.7390290909716306,9.7406144049573502
1663,0.74554539025856881,9.7135928565081571,0.12090658162559376,9.7135928565081571,9.7143452987572303
1664,0.74509734615384615,9.6943909123924392,0.073262110735271002,9.6943909123924392,9.694667735366
1665,0.74464984024024017,9.6787637454210795,0.032982219586844663,9.6787637454210795,9.6788199418362151
1666,0.74420287154861942,9.6647013508393194,-0.00058441463060909804,9.6647013508393194,9.6647013685087959
1667,0.74375643911217748,9.6508883398923508,-0.02841393785058699,9.6508883398923508,9.650930167654014
1668,0.74331054196642676,9.636552620990237,-0.051502269777730314,9.636552620990237,9.6366902461844255
1669,0.74286517914919104,9.6212883680635812,-0.070731714660832279,9.6212883680635812,9.621548359640169
1670,0.74242034970059878,9.6049166519505107,-0.086834654494913011,9.6049166519505107,9.6053091646306452
1671,0.74197605266307598,9.5873912734676274,-0.10040052742356254,9.5873912734676274,9.5879169633695813
1672,0.74153228708133967,9.5687397565216514,-0.11189748192340587,9.5687397565216514,9.5693940024694797
1673,0.74108905200239084,9.5490278958190338,-0.12169600365513833,9.5490278958190338,9.5498033316103275
1674,0.74064634647550776,9.5283390420972687,-0.13008982629254173,9.5283390420972687,9.5292270549116385
1675,0.74020416955223878,9.5067622965981258,-0.13731296473611454,9.5067622965981258,9.5077538995445341
1676,0.73976252028639611,9.4843859918282938,-0.14355306891481057,9.4843859918282938,9.4854723195834385
1677,0.73932139773404881,9.4612942711754862,-0.14896170997078895,9.4612942711754862,9.4624668494434108
1678,0.73888080095351605,9.4375654647536642,-0.15366224958798314,9.4375654647536642,9.438816344672647
1679,0.73844072900536029,9.4132714907230621,-0.15775585568719475,9.4132714907230621,9.4145933033808298
1680,0.73800118095238088,9.3884778276983667,-0.16132611373399708,9.3884778276983667,9.3898637922046753
1681,0.73756215585960727,9.3632437913937281,-0.16444257850453514,9.3632437913937281,9.3646876968053991
1682,0.73712365279429248,9.3376229598481864,-0.16716352614651719,9.3376229598481864,9.3391191332350907
1683,0.73668567082590608,9.3116636575300298,-0.16953810073628495,9.3116636575300298,9.3132069255743914
1684,0.7362482090261282,9.28540944780136,-0.17160800015798461,9.28540944780136,9.2869950963181296
1685,0.73581126646884265,9.2588996064165521,-0.17340880945664716,9.2588996064165521,9.2605233403354568
1686,0.73537484223013039,9.2321695624025857,-0.17497106271368079,9.2321695624025857,9.2338274676181769
1687,0.73493893538826316,9.2052513006321313,-0.17632109447758804,9.2052513006321313,9.2069398084351199
1688,0.73450354502369664,9.1781737249306055,-0.17748172696863884,9.1781737249306055,9.1798895793149011
1689,0.73406867021906452,9.1509629830477408,-0.17847282827249022,9.1509629830477408,9.1527032109394639
1690,0.73363431005917157,9.1236427560892892,-0.17931176852316388,9.1236427560892892,9.1254046404020617
1691,0.73320046363098756,9.0962345155511741,-0.18001379490988845,9.0962345155511741,9.0980155708957966
1692,0.73276713002364058,9.0687577512359283,-0.18059234168734317,9.0687577512359283,9.0705557020767955
1693,0.73233430832841107,9.0412301732376683,-0.18105928783289138,9.0412301732376683,9.0430429342768122
1694,0.73190199763872488,9.0136678909667758,-0.18142517229201049,9.0136678909667758,9.0154935495394053
1695,0.73147019705014749,8.9860855719238053,-0.18169937467473385,8.9860855719238053,8.9879223722000621
1696,0.73103890566037733,8.9584965826506249,-0.18189026765897442,8.9584965826506249,8.9603429114533313
1697,0.73060812256923979,8.9309131140135101,-0.18200534610522945,8.9309131140135101,8.9327674880783388
1698,0.7301778468786807,8.9033462927150246,-0.18205133690811215,8.9033462927150246,8.9052073472363578
1699,0.7297480776927604,8.8758062807020934,-0.18203429283978323,8.8758062807020934,8.8776727590242022
1700,0.72931881411764699,8.8483023639279068,-0.18195967303026828,8.8483023639279068,8.8501731082562145
1701,0.72889005526161077,8.8208430317378976,-0.18183241224436719,8.8208430317378976,8.822716974759059
1702,0.72846180023501761,8.7934360479930902,-0.18165698072738712,8.7934360479930902,8.7953122053052404
1703,0.72803404815032291,8.7660885148969676,-0.18143743607934359,8.7660885148969676,8.7679659781627546
1704,0.72760679812206563,8.7388069303738973,-0.18117746836657378,8.7388069303738973,8.7406848611189822
1705,0.72718004926686208,8.7115972397367116,-0.18088043947448473,8.7115972397367116,8.7134748637253079
1706,0.72675380070339968,8.6844648822887969,-0.18054941753976061,8.6844648822887969,8.6863414844157099
1707,0.72632805155243108,8.6574148334273922,-0.1801872071634481,8.6574148334273922,8.6592897530729385
1708,0.72590280093676807,8.6304516427416722,-0.17979637599514664,8.6304516427416722,8.6323242695419768
1709,0.72547804798127558,8.6035794685417564,-0.17937927818589355,8.6035794685417564,8.6054492385322767
1710,0.72505379181286544,8.5768021091999778,-0.17893807513109899,8.5768021091999778,8.5786685012948727
1711,0.72463003156049088,8.5501230316425207,-0.17847475386146705,8.5501230316425207,8.5519855644165936
1712,0.72420676635514014,8.5235453972852326,-0.17799114338684685,8.5235453972852326,8.5254036260288828
1713,0.72378399532983062,8.4970720856793314,-0.17748892925348581,8.4970720856793314,8.4989255997001454
1714,0.72336171761960322,8.4707057160951607,-0.17696966653828822,8.4707057160951607,8.4725541362426195
1715,0.72293993236151599,8.444448667253841,-0.17643479147212643,8.444448667253841,8.4462916436461608
1716,0.72251863869463862,8.4183030953835676,-0.17588563185756045,8.4183030953835676,8.4201403053178669
1717,0.72209783576004649,8.3922709507699054,-0.1753234164244078,8.3922709507699054,8.394102096798866
1718,0.72167752270081487,8.3663539929368334,-0.17474928324693767,8.3663539929368334,8.3681788010967733
1719,0.72125769866201273,8.3405538045940943,-0.1741642873305651,8.3405538045940943,8.3423720227708849
1720,0.72083836279069757,8.3148718044614078,-0.17356940746184996,8.3148718044614078,8.3166832008820659
1721,0.72041951423590933,8.289309259074674,-0.17296555240370987,8.289309259074674,8.2911136209136256
1722,0.72000115214866434,8.2638672936653492,-0.17235356650757455,8.2638672936653492,8.2656644257554852
1723,0.71958327568195002,8.2385469021984257,-0.17173423480520983,8.2385469021984257,8.2403366258380135
1724,0.71916588399071923,8.2133489566386935,-0.17110828763554026,8.2133489566386935,8.2151311084860659
1725,0.71874897623188405,8.1882742155167918,-0.17047640485500104,8.1882742155167918,8.1900486465655025
1726,0.71833255156431053,8.163323331853622,-0.16983921967444188,8.163323331853622,8.1650899064814553
1727,0.71791660914881295,8.1384968604971775,-0.16919732216027633,8.1384968604971775,8.1402554555829898
1728,0.71750114814814814,8.1137952649218015,-0.16855126243374635,8.1137952649218015,8.115545769024747
1729,0.71708616772700973,8.0892189235347374,-0.16790155359782644,8.0892189235347374,8.0909612361309122
1730,0.71667166705202312,8.0647681355286878,-0.16724867441847557,8.0647681355286878,8.0665021663006815
1731,0.71625764529173885,8.0404431263203087,-0.16659307178363464,8.0404431263203087,8.0421687944955362
1732,0.71584410161662815,8.0162440526035077,-0.1659351629611468,8.0162440526035077,8.017961286337572
1733,0.71543103519907669,7.9921710070519829,-0.16527533767427843,7.9921710070519829,7.9938797428536326
1734,0.71501844521337943,7.9682240226958427,-0.16461396001170692,7.9682240226958427,7.9699242048903978
1735,0.71460633083573477,7.9444030769990981,-0.16395137018704231,7.9444030769990981,7.9460946572274702
1736,0.71419469124423962,7.9207080956593323,-0.1632878861613819,7.9207080956593323,7.9223910324099975
1737,0.71378352561888303,7.8971389561523395,-0.16262380514102315,7.8971389561523395,7.8988132143238703
1738,0.71337283314154198,7.8736954910396761,-0.161959404961322,7.8736954910396761,7.8753610415316171
1739,0.71296261299597463,7.8503774910568076,-0.16129494536652855,7.8503774910568076,7.8520343103868422
1740,0.71255286436781606,7.827184707998228,-0.16063066919446894,7.827184707998228,7.828832777943795
1741,0.71214358644457199,7.8041168574145452,-0.15996680347418923,7.8041168574145452,7.8057561646771685
1742,0.71173477841561417,7.7811736211341014,-0.15930356044368749,7.7811736211341014,7.7828041570248461
1743,0.71132643947217433,7.7583546496226035,-0.15864113849452438,7.7583546496226035,7.7599764097672042
1744,0.71091856880733939,7.7356595641917814,-0.15797972304908592,7.7356595641917814,7.7372725482540963
1745,0.71051116561604577,7.7130879590679164,-0.1573194873760676,7.7130879590679164,7.7146921704904567
1746,0.71010422909507442,7.6906394033289232,-0.15666059334907922,7.6906394033289232,7.6922348490893038
1747,0.70969775844304517,7.6683134427204394,-0.15600319215277941,7.6683134427204394,7.6699001331027024
1748,0.70929175286041179,7.6461096013584644,-0.15534742494076453,7.6461096013584644,7.6476875497382757
1749,0.70888621154945675,7.6240273833258172,-0.15469342344886389,7.6240273833258172,7.6255966059686271
1750,0.70848113371428567,7.6020662741706104,-0.15404131056725201,7.6020662741706104,7.6036267900419396
1751,0.70807651856082232,7.5802257423107129,-0.15339120087449831,7.5802257423107129,7.5817775728977779
1752,0.70767236529680355,7.5585052403555402,-0.15274320113644585,7.5585052403555402,7.5600484094994762
1753,0.70726867313177411,7.536904206343447,-0.15209741077247357,7.536904206343447,7.538438740081479
1754,0.70686544127708095,7.5154220649063639,-0.15145392229155014,7.5154220649063639,7.5169479913232697
1755,0.70646266894586884,7.4940582283637518,-0.15081282170030552,7.4940582283637518,7.4955755774520529
1756,0.7060603553530751,7.472812097749344,-0.15017418888511241,7.472812097749344,7.4743209012776699
1757,0.70565849971542394,7.4516830637773381,-0.14953809797001072,7.4516830637773381,7.4531833551664697
1758,0.70525710125142205,7.4306705077504169,-0.14890461765222446,7.4306705077504169,7.4321623219565103
1759,0.70485615918135303,7.409773802412591,-0.14827381151682156,7.409773802412591,7.4112571758171812
1760,0.70445567272727272,7.3889923127527837,-0.14764573833194089,7.3889923127527837,7.3904672830591238
1761,0.70405564111300389,7.3683253967588129,-0.14702045232597782,7.3683253967588129,7.369792002894183
1762,0.70365606356413157,7.3477724061277776,-0.14639800344788201,7.3477724061277776,7.3492306881514011
1763,0.70325693930799771,7.3273326869338931,-0.14577843761181475,7.3273326869338931,7.3287826859501308
1764,0.70285826757369607,7.3070055802563729,-0.14516179692705861,7.3070055802563729,7.3084473383328747
1765,0.70246004759206793,7.2867904227702525,-0.1445481199143332,7.2867904227702525,7.2882239828607789
1766,0.70206227859569648,7.2666865473030491,-0.14393744170930278,7.2666865473030491,7.2681119531746985
1767,0.70166495981890209,7.2466932833567235,-0.14332979425410192,7.2466932833567235,7.2481105795212848
1768,0.70126809049773753,7.2268099576004836,-0.14272520647776415,7.2268099576004836,7.2282191892497023
1769,0.70087166986998295,7.2070358943330213,-0.1421237044661342,7.2070358943330213,7.2084371072775371
1770,0.70047569717514124,7.1873704159179432,-0.1415253116220036,7.1873704159179432,7.1887636565296944
1771,0.70008017165443248,7.1678128431932215,-0.14093004881613747,7.1678128431932215,7.1691981583511142
1772,0.69968509255079003,7.1483624958563894,-0.14033793452963111,7.1483624958563894,7.1497399328950584
1773,0.69929045910885501,7.129018692825845,-0.13974898498826338,7.129018692825845,7.1303882994873113
1774,0.69889627057497172,7.1097807525820134,-0.13916321428926881,7.1097807525820134,7.111142576970102
1775,0.698502526197183,7.0906479934866837,-0.13858063452104508,7.0906479934866837,7.0920020840240152
1776,0.69810922522522523,7.0716197340834661,-0.13800125587615519,7.0716197340834661,7.0729661394709167
1777,0.6977163669105233,7.0526952933804239,-0.1374250867581277,7.0526952933804239,7.0540340625588742
1778,0.69732395050618667,7.0338739911153709,-0.13685213388232115,7.0338739911153709,7.035205173229663
1779,0.6969319752670039,7.0151551480041014,-0.13628240237130806,7.0151551480041014,7.0164787923690417
1780,0.69654044044943819,6.9965380859749953,-0.13571589584501581,6.9965380859749953,6.997854242043319
1781,0.69614934531162265,6.9780221283871331,-0.13515261650601473,6.9780221283871331,6.9793308457193017
1782,0.6957586891133557,6.9596066002367341,-0.13459256522014845,6.9596066002367341,6.9609079284724968
1783,0.69536847111609645,6.9412908283487216,-0.13403574159287013,6.9412908283487216,6.9425848171803004
1784,0.69497869058295958,6.9230741415579136,-0.13348214404144904,6.9230741415579136,6.9243608407047752
1785,0.69458934677871143,6.9049558708773535,-0.13293176986336053,6.9049558708773535,6.9062353300624384
1786,0.6942004389697648,6.8869353496564454,-0.1323846153010117,6.8869353496564454,6.8882076185838024
1787,0.69381196642417453,6.8690119137283983,-0.13184067560304352,6.8690119137283983,6.870277042062142
1788,0.69342392841163303,6.8511849015478123,-0.13129994508241083,6.8511849015478123,6.8524429388923309
1789,0.69303632420346561,6.8334536543198716,-0.1307624171713978,6.8334536543198716,6.834704650201215
1790,0.69264915307262565,6.8158175161197541,-0.13022808447373663,6.8158175161197541,6.8170615199681572
1791,0.69226241429369062,6.7982758340044764,-0.12969693881403571,6.7982758340044764,6.7995128951379309
1792,0.69187610714285708,6.7808279581164221,-0.12916897128460142,6.7808279581164221,6.7820581257252615
1793,0.69149023089793638,6.7634732417802681,-0.12864417228983677,6.7634732417802681,6.7646965649127111
1794,0.69110478483835003,6.7462110415918719,-0.12812253158835413,6.7462110415918719,6.7474275691404575
1795,0.69071976824512527,6.7290407175016185,-0.12760403833288403,6.7290407175016185,6.7302504981905056
1796,0.69033518040089081,6.7119616328904925,-0.12708868110815458,6.7119616328904925,6.7131647152635701
1797,0.68995102058987201,6.6949731546408948,-0.12657644796680001,6.6949731546408948,6.6961695870506555
1798,0.68956728809788648,6.6780746532022093,-0.12606732646344176,6.6780746532022093,6.6792644837993533
1799,0.68918398221234012,6.6612655026493428,-0.12556130368700297,6.6612655026493428,6.6624487793730749
1800,0.68880110222222213,6.6445450807386806,-0.12505836629140266,6.6445450807386806,6.6457218513076572
1801,0.68841864741810099,6.627912768957188,-0.12455850052464634,6.627912768957188,6.6290830808610846
1802,0.68803661709211983,6.6113679525683686,-0.12406169225645641,6.6113679525683686,6.6125318530600365
1803,0.68765501053799216,6.5949100206531792,-0.1235679270044801,6.5949100206531792,6.5960675567413576
1804,0.68727382705099771,6.578538366147173,-0.12307718995918304,6.578538366147173,6.5796895845897296
1805,0.68689306592797783,6.5622523858740642,-0.12258946600745352,6.5622523858740642,6.5633973331717348
1806,0.68651272646733108,6.5460514805754926,-0.12210473975502056,6.5460514805754926,6.5471902029660969
1807,0.68613280796900933,6.5299350549371358,-0.12162299554773182,6.5299350549371358,6.5310675983902406
1808,0.68575330973451321,6.5139025176121166,-0.12114421749175519,6.5139025176121166,6.5150289278241234
1809,0.68537423106688777,6.4979532812407008,-0.12066838947273945,6.4979532812407008,6.4990736036303467
1810,0.6849955712707182,6.4820867624677163,-0.12019549517401135,6.4820867624677163,6.4832010421719399
1811,0.68461732965212585,6.4663023819571901,-0.11972551809386633,6.4663023819571901,6.4674106638273772
1812,0.68423950551876378,6.4505995644038165,-0.11925844156192944,6.4505995644038165,6.4517018930023795
1813,0.68386209817981247,6.4349777385426119,-0.11879424875475575,6.4349777385426119,6.4360741581398972
1814,0.68348510694597564,6.4194363371559913,-0.11833292271055296,6.4194363371559913,6.4205268917274969
1815,0.68310853112947656,6.4039747970788827,-0.11787444634323624,6.4039747970788827,6.4050595303027631
1816,0.68273237004405285,6.388592559201367,-0.11741880245570091,6.388592559201367,6.3896715144562162
1817,0.68235662300495314,6.3732890684696368,-0.11696597375245515,6.3732890684696368,6.3743622888325406
1818,0.68198128932893287,6.3580637738854744,-0.11651594285157452,6.3580637738854744,6.3591313021303
1819,0.68160636833424959,6.3429161285033508,-0.11606869229607336,6.3429161285033508,6.3439780070992722
1820,0.68123185934065933,6.3278455894260954,-0.11562420456466949,6.3278455894260954,6.3289018605363516
1821,0.68085776166941236,6.312851617799538,-0.11518246208199939,6.312851617799538,6.3139023232803915
1822,0.68048407464324911,6.2979336788048368,-0.11474344722829727,6.2979336788048368,6.2989788602047287
1823,0.68011079758639603,6.2830912416501423,-0.1143071423485828,6.2830912416501423,6.2841309402090468
1824,0.67973792982456138,6.2683237795607649,-0.11387352976136417,6.2683237795607649,6.2693580362097103
1825,0.67936547068493147,6.2536307697679394,-0.11344259176687072,6.2536307697679394,6.2546596251287037
1826,0.67899341949616643,6.2390116934968347,-0.11301431065488299,6.2390116934968347,6.2400351878817988
1827,0.6786217755883962,6.224466035952954,-0.11258866871211864,6.224466035952954,6.2254842093651037
1828,0.67825053829321658,6.2099932863082046,-0.11216564822923186,6.2099932863082046,6.2110061784412718
1829,0.67787970694368505,6.1955929376854719,-0.11174523150745941,6.1955929376854719,6.196600587924217
1830,0.67750928087431694,6.1812644871426166,-0.11132740086488091,6.1812644871426166,6.1822669345632271
1831,0.67713925942108133,6.1670074356554245,-0.11091213864235389,6.1670074356554245,6.1680047190260412
1832,0.67676964192139732,6.1528212881000091,-0.11049942720913114,6.1528212881000091,6.1538134458813589
1833,0.67640042771412978,6.1387055532345531,-0.11008924896815064,6.1387055532345531,6.1396926235806886
1834,0.67603161613958551,6.1246597436797074,-0.10968158636105507,6.1246597436797074,6.1256417644388454
1835,0.67566320653950951,6.1106833758994643,-0.10927642187290976,6.1106833758994643,6.1116603846149218
1836,0.67529519825708051,6.0967759701806088,-0.10887373803667394,6.0967759701806088,6.0977480040918213
1837,0.67492759063690799,6.0829370506115996,-0.10847351743740724,6.0829370506115996,6.0839041466552208
1838,0.67456038302502719,6.0691661450617218,-0.10807574271622628,6.0691661450617218,6.0701283398728094
1839,0.67419357476889608,6.0554627851587473,-0.10768039657405667,6.0554627851587473,6.0564201150720116
1840,0.67382716521739128,6.041826506267352,-0.10728746177513976,6.041826506267352,6.0427790073184795
1841,0.67346115372080384,6.0282568474655722,-0.10689692115034008,6.0282568474655722,6.0292045553926084
1842,0.67309553963083602,6.0147533515225273,-0.10650875760025785,6.0147533515225273,6.0156963017673206
1843,0.67273032230059682,6.0013155648747993,-0.10612295409814809,6.0013155648747993,6.0022537925845025
1844,0.67236550108459869,5.9879430376026601,-0.10573949369265087,5.9879430376026601,5.98887657763128
1845,0.67200107533875331,5.9746353234063019,-0.10535835951036626,5.9746353234063019,5.975564210316298
1846,0.67163704442036831,5.9613919795815207,-0.10497953475824751,5.9613919795815207,5.9623162476454521
1847,0.67127340768814292,5.9482125669954886,-0.10460300272584591,5.9482125669954886,5.9491322501976978
1848,0.67091016450216445,5.9350966500617179,-0.10422874678741131,5.9350966500617179,5.9360117821000582
1849,0.67054731422390479,5.9220437967155064,-0.10385675040383899,5.9220437967155064,5.9229544110030981
1850,0.67018485621621615,5.9090535783892086,-0.10348699712449297,5.9090535783892086,5.9099597080562365
