wavelength_nm,photon_energy_eV,chi2_real_pm_per_V,chi2_imag_pm_per_V,chi2_abs_real_pm_per_V,chi2_abs_pm_per_V
400,3.0996049599999997,0.094298597913754612,0.0004340955306233982,0.094298597913754612,0.094299597069285895
401,3.0918752718204487,0.095136282942092393,0.00044012090988349332,0.095136282942092393,0.095137300983647727
402,3.084184039800995,0.095981120042535756,0.00044622911690881913,0.095981120042535756,0.095982157326476233
403,3.0765309776674936,0.096833178613444343,0.00045242136519019975,0.096833178613444343,0.096834235503126143
404,3.0689158019801979,0.097692528895492264,0.00045869888826965413,0.097692528895492264,0.097693605761414559
405,3.0613382320987652,0.098559241984227969,0.00046506294012099453,0.098559241984227969,0.098560339204184361
406,3.0537979901477832,0.099433389842865316,0.00047151479553869061,0.099433389842865316,0.099434507802098795
407,3.0462948009828006,0.10031504531529778,0.00047805575053519022,0.10031504531529778,0.10031618440665926
408,3.0388283921568626,0.10120428213934365,0.00048468712274692041,0.10120428213934365,0.10120544276345433
409,3.0313984938875302,0.10210117496024149,0.00049141025184915466,0.10210117496024149,0.10210235752565885
410,3.0240048390243901,0.10300579934437681,0.0004982264999800097,0.10300579934437681,0.10300700426776474
411,3.0166471630170313,0.10391823179326209,0.00050513725217374728,0.10391823179326209,0.10391945949956478
412,3.009325203883495,0.10483854975776954,0.00051214391680367492,0.10483854975776954,0.10483980068038969
413,3.0020387021791763,0.10576683165262582,0.00051924792603479726,0.10576683165262582,0.10576810623360702
414,2.9947874009661835,0.10670315687116494,0.00052645073628656484,0.10670315687116494,0.10670445556137835
415,2.9875710457831324,0.10764760580036489,0.00053375382870590239,0.10764760580036489,0.10764892905970042
416,2.9803893846153846,0.10860025983613605,0.00054115870965078705,0.10860025983613605,0.10860160813369799
417,2.9732421678657071,0.10956120139892267,0.00054866691118467563,0.10956120139892267,0.10956257521323019
418,2.9661291483253587,0.11053051394956367,0.00055627999158201703,0.11053051394956367,0.11053191376875604
419,2.9590500811455844,0.11150828200547094,0.00056399953584514812,0.11150828200547094,0.11150970832751769
420,2.9520047238095235,0.11249459115708846,0.00057182715623288125,0.11249459115708846,0.11249604449000457
421,2.9449928361045128,0.1134895280846723,0.000579764492801043,0.1134895280846723,0.11349100894673876
422,2.9380141800947865,0.1144931805753803,0.00058781321395528813,0.1144931805753803,0.1144946894953698
423,2.9310685200945623,0.11550563754068274,0.00059597501701655494,0.11550563754068274,0.11550717505809102
424,2.9241556226415093,0.1165269890340947,0.00060425162879937421,0.1165269890340947,0.11652855569937752
425,2.9172752564705879,0.11755732626925833,0.00061264480620348252,0.11755732626925833,0.11755892264407421
426,2.9104271924882625,0.1185967416383481,0.00062115633681901765,0.1185967416383481,0.11859836829580692
427,2.9036112037470723,0.11964532873084294,0.00062978803954566128,0.11964532873084294,0.11964698625576084
428,2.8968270654205606,0.12070318235264305,0.00063854176522612342,0.12070318235264305,0.12070487134180349
429,2.8900745547785545,0.1217703985455631,0.00064741939729427668,0.1217703985455631,0.12177211960798444
430,2.8833534511627903,0.12284707460719357,0.0006564228524384146,0.12284707460719357,0.12284882836440315
431,2.8766635359628769,0.12393330911114098,0.00066555408127996893,0.12393330911114098,0.12393509619745621
432,2.8700045925925926,0.12502920192766614,0.00067481506906809266,0.12502920192766614,0.12503102299048247
433,2.8633764064665126,0.12613485424471998,0.00068420783639059441,0.12613485424471998,0.12613670994480605
434,2.8567787649769585,0.12725036858938304,0.00069373443990155431,0.12725036858938304,0.12725225960118328
435,2.8502114574712643,0.12837584884972769,0.0007033969730662103,0.12837584884972769,0.12837777586167259
436,2.8436742752293576,0.12951140029710773,0.00071319756692338394,0.12951140029710773,0.12951336401193175
437,2.8371670114416472,0.13065712960888287,0.00072313839086613949,0.13065712960888287,0.13065913074395055
438,2.8306894611872142,0.13181314489159113,0.00073322165344097694,0.13181314489159113,0.13181518417923133
439,2.8242414214123004,0.1329795557045797,0.00074344960316615589,0.1329795557045797,0.1329816338924284
440,2.8178226909090909,0.13415647308410478,0.00075382452936969993,0.13415647308410478,0.13415859093545673
441,2.8114330702947843,0.13534400956790055,0.00076434876304747761,0.13534400956790055,0.13534616786206963
442,2.8050723619909501,0.1365422792202593,0.00077502467774207299,0.1365422792202593,0.13654447875294837
443,2.7987403702031601,0.13775139765758576,0.00078585469044292235,0.13775139765758576,0.13775363924126585
444,2.7924369009009009,0.13897148207448906,0.00079684126250828958,0.13897148207448906,0.13897376653878843
445,2.7861617617977528,0.14020265127038145,0.00080798690060974966,0.14020265127038145,0.14020497946248467
446,2.7799147623318383,0.14144502567662781,0.00081929415769973774,0.14144502567662781,0.14144739846168519
447,2.7736957136465321,0.14269872738423528,0.00083076563400284373,0.14269872738423528,0.14270114564578287
448,2.7675044285714283,0.14396388017211315,0.00084240397803151258,0.14396388017211315,0.14396634481250384
449,2.7613407216035633,0.14524060953590462,0.00085421188762676713,0.14524060953590462,0.14524312147675039
450,2.7552044088888885,0.14652904271741163,0.00086619211102476014,0.14652904271741163,0.14653160290003736
451,2.7490953082039908,0.14782930873462224,0.00087834744794981247,0.14782930873462224,0.14783191812053165
452,2.7430132389380528,0.14914153841236044,0.00089068075073468322,0.14914153841236044,0.14914419798371412
453,2.7369580220750551,0.15046586441356119,0.00090319492546885971,0.15046586441356119,0.1504685751736673
454,2.7309294801762114,0.15180242127121069,0.00091589293317568404,0.15180242127121069,0.15180518424502887
455,2.7249274373626373,0.15315134542092823,0.00092877779101907358,0.15315134542092823,0.15315416165558662
456,2.7189517192982455,0.15451277523425477,0.00094185257354077213,0.15451277523425477,0.15451564579958116
457,2.7130021531728663,0.15588685105262001,0.00095512041392890141,0.15588685105262001,0.15588977704168688
458,2.7070785676855893,0.15727371522202949,0.00096858450531881043,0.15727371522202949,0.15727669775171391
459,2.701180793028322,0.15867351212849207,0.00098224810212707049,0.15867351212849207,0.15867655234005071
460,2.6953086608695651,0.16008638823418636,0.00099611452141966849,0.16008638823418636,0.16008948729384584
461,2.6894620043383948,0.16151249211440116,0.0010101871443153288,0.16151249211440116,0.16151565121396452
462,2.6836406580086578,0.16295197449526799,0.0010244694174249302,0.16295197449526799,0.16295519485273768
463,2.6778444578833693,0.16440498829229555,0.0010389648543282491,0.16440498829229555,0.16440827115251339
464,2.67207324137931,0.16587168864972984,0.001053677037088971,0.16587168864972984,0.16587503528503436
465,2.6663268473118276,0.16735223298077484,0.0010686096178091323,0.16735223298077484,0.16735564469167694
466,2.6606051158798283,0.16884678100867173,0.0010837663202241752,0.16884678100867173,0.16885025912454857
467,2.6549078886509636,0.17035549480867529,0.0010991509413398968,0.17035549480867529,0.17035904068848368
468,2.6492350085470084,0.17187853885094573,0.0011147673531123293,0.17187853885094573,0.17188215388395509
469,2.6435863198294243,0.1734160800443757,0.0011306195041720824,0.1734160800443757,0.17341976565092154
470,2.6379616680851061,0.17496828778138257,0.0011467114215943058,0.17496828778138257,0.17497204541364064
471,2.6323609002123138,0.17653533398368709,0.0011630472127157131,0.17653533398368709,0.17653916512646972
472,2.6267838644067796,0.17811739314910435,0.0011796310670001151,0.17811739314910435,0.17812129932067877
473,2.6212304101479913,0.17971464239936796,0.0011964672579538429,0.17971464239936796,0.17971862515229761
474,2.6157003881856538,0.18132726152903039,0.0012135601450926742,0.18132726152903039,0.18133132245104028
475,2.6101936505263157,0.18295543305544598,0.001230914175961776,0.18295543305544598,0.18295957377031233
476,2.6047100504201679,0.18459934226988539,0.0012485338882103065,0.18459934226988539,0.18460356443835069
477,2.5992494423480084,0.18625917728978897,0.0012664239117224029,0.18625917728978897,0.18626348261050318
478,2.5938116820083681,0.1879351291122181,0.0012845889708061327,0.1879351291122181,0.18793951932270658
479,2.5883966263048013,0.18962739166849907,0.0013030338864424805,0.18962739166849907,0.18963186854615857
480,2.5830041333333331,0.19133616188013219,0.0013217635785959347,0.19133616188013219,0.19134072724325538
481,2.5776340623700622,0.19306163971596901,0.0013407830685888394,0.19306163971596901,0.19306629542479867
482,2.5722862738589209,0.19480402825069615,0.0013600974815413413,0.19480402825069615,0.19480877620850998
483,2.5669606293995857,0.19656353372468172,0.0013797120488791047,0.19656353372468172,0.19656837587890863
484,2.561656991735537,0.19834036560518864,0.0013996321109108621,0.19834036560518864,0.19834530394855782
485,2.556375224742268,0.20013473664902781,0.0014198631194780784,0.20013473664902781,0.20013977322075133
486,2.5511151934156375,0.20194686296665076,0.0014404106406789249,0.20194686296665076,0.20195199985364096
487,2.5458767638603694,0.2037769640877643,0.0014612803576690143,0.2037769640877643,0.20378220342588726
488,2.5406598032786882,0.20562526302846229,0.0014824780735414249,0.20562526302846229,0.20563060700382821
489,2.5354641799591002,0.20749198635995691,0.0015040097142883005,0.20749198635995691,0.20749743721024896
490,2.5302897632653059,0.20937736427893811,0.0015258813318469885,0.20937736427893811,0.20938292429478109
491,2.5251364236252543,0.211281630679588,0.0015480991072331948,0.211281630679588,0.21128730220595754
492,2.5200040325203252,0.21320502322733531,0.0015706693537641848,0.21320502322733531,0.21321080866500985
493,2.5148924624746449,0.21514778343435559,0.0015935985203747909,0.21514778343435559,0.21515368524141185
494,2.5098015870445343,0.2171101567369047,0.0016168931950294235,0.2171101567369047,0.21711617743025843
495,2.5047312808080808,0.21909239257450247,0.0016405601082331387,0.21909239257450247,0.21909853473149615
496,2.4996814193548387,0.22109474447105348,0.0016646061366451049,0.22109474447105348,0.22110101073109228
497,2.4946518792756538,0.22311747011792676,0.0016890383067977681,0.22311747011792676,0.22312386318416455
498,2.4896425381526104,0.22516083145907151,0.0017138637989254496,0.22516083145907151,0.22516735410014854
499,2.4846532745490979,0.22722509477823044,0.0017390899509057371,0.22722509477823044,0.22723174983006481
500,2.4796839679999998,0.22931053078827718,0.0017647242623176854,0.22931053078827718,0.22931732115591144
501,2.4747344990019959,0.2314174147227856,0.0017907743986206714,0.2314174147227856,0.23142434338229093
502,2.4698047490039841,0.23354602642987249,0.0018172481954580365,0.23354602642987249,0.23355309643031197
503,2.464894600397614,0.23569665046836547,0.0018441536630896659,0.23569665046836547,0.23570386493381887
504,2.4600039365079365,0.23786957620639115,0.0018714989909580249,0.23786957620639115,0.23787693833804335
505,2.4551326415841581,0.24006509792243547,0.0018992925523921194,0.24006509792243547,0.24007261100073055
506,2.4502806007905136,0.24228351490896949,0.0019275429094541595,0.24228351490896949,0.2422911822958331
507,2.4454477001972386,0.24452513157867817,0.0019562588179339434,0.24452513157867817,0.24453295671981026
508,2.4406338267716534,0.24679025757342365,0.0019854492324958622,0.24679025757342365,0.24679824400066466
509,2.4358388683693515,0.24907920787596627,0.0020151233119841943,0.24907920787596627,0.24908735920973854
510,2.4310627137254901,0.25139230292457915,0.0020452904248917563,0.25139230292457915,0.25140062287640719
511,2.4263052524461837,0.25372986873060377,0.0020759601549981401,0.25372986873060377,0.25373836110571563
512,2.4215663749999998,0.25609223699905226,0.0021071423071831645,0.25609223699905226,0.25610090569906513
513,2.4168459727095515,0.25847974525235118,0.002138846913421903,0.25847974525235118,0.25848859427804433
514,2.4121439377431906,0.26089273695731563,0.0021710842389676393,0.26089273695731563,0.26090177041149376
515,2.407460163106796,0.2633315616554549,0.0022038647887297385,0.2633315616554549,0.2633407837459053
516,2.4027945426356587,0.26579657509670973,0.0022371993138529007,0.26579657509670973,0.26580599013925693
517,2.3981469709864602,0.26828813937673557,0.002271098818505719,0.26828813937673557,0.26829775179839677
518,2.3935173436293433,0.27080662307782599,0.0023055745668855388,0.27080662307782599,0.27081643742007094
519,2.388905556840077,0.27335240141360972,0.0023406380904477638,0.27335240141360972,0.27336242233572938
520,2.3843115076923076,0.27592585637761646,0.0023763011953678408,0.27592585637761646,0.2759360886602043
521,2.379735094049904,0.27852737689586016,0.0024125759702442401,0.27852737689586016,0.27853782544441025
522,2.3751762145593869,0.28115735898353866,0.0024494747940515546,0.28115735898353866,0.28116802883216491
523,2.3706347686424474,0.28381620590598999,0.002487010344352697,0.28381620590598999,0.28382710222127172
524,2.3661106564885492,0.28650432834406203,0.0025251956057801075,0.28650432834406203,0.28651545642901982
525,2.361603779047619,0.28922214456400008,0.0025640438787957924,0.28922214456400008,0.28923350986220764
526,2.3571140380228135,0.29197008059202167,0.0026035687887407764,0.29197008059202167,0.29198168869185842
527,2.3526413358633773,0.29474857039373059,0.0026437842951847548,0.29474857039373059,0.29476042703278105
528,2.3481855757575758,0.29755805605850483,0.0026847047015874084,0.29755805605850483,0.29757016712810952
529,2.3437466616257088,0.30039898798904718,0.0027263446652831848,0.30039898798904718,0.30041135953901216
530,2.3393244981132075,0.30327182509626538,0.0027687192078018723,0.30327182509626538,0.30328446333973563
531,2.3349189905838039,0.30617703499961424,0.0028118437255378378,0.30617703499961424,0.3061899463181178
532,2.3305300451127819,0.30911509423315331,0.0028557340007814127,0.30911509423315331,0.309128285181823
533,2.3261575684803,0.31208648845744125,0.0029004062131264639,0.31208648845744125,0.31209996577042065
534,2.3218014681647938,0.31509171267750447,0.0029458769512685744,0.31509171267750447,0.31510548327354609
535,2.3174616523364486,0.31813127146706854,0.0029921632252094769,0.31813127146706854,0.31814534245533116
536,2.3131380298507462,0.32120567919925125,0.0030392824788832299,0.32120567919925125,0.32122005788530505
537,2.3088305102420854,0.32431546028396552,0.0030872526032211809,0.32431546028396552,0.32433015417601319
538,2.3045390037174718,0.32746114941223103,0.0031360919496728323,0.32746114941223103,0.3274761662275536
539,2.3002634211502779,0.33064329180764673,0.0031858193442009216,0.33064329180764673,0.33065863947928309
540,2.2960036740740741,0.33386244348527538,0.0032364541017695508,0.33386244348527538,0.33387813016894585
541,2.2917596746765247,0.3371191715181564,0.0032880160413453303,0.3371191715181564,0.33713520559943944
542,2.287531335793358,0.34041405431178151,0.003340525501432135,0.34041405431178151,0.34043044441355458
543,2.2833185709023938,0.34374768188674076,0.0033940033561613587,0.34374768188674076,0.34376443687689617
544,2.2791212941176471,0.34712065616986321,0.0034484710319598044,0.34712065616986321,0.34713778516931093
545,2.274939420183486,0.35053359129414086,0.00350395052481982,0.35053359129414086,0.35055110368510917
546,2.2707728644688645,0.35398711390775472,0.0035604644181953891,0.35398711390775472,0.35400501934240275
547,2.2666215429616088,0.35748186349251432,0.0036180359015509627,0.35748186349251432,0.35750017190186856
548,2.2624853722627734,0.36101849269203867,0.0036766887895897556,0.36101849269203867,0.36103721429526775
549,2.2583642695810564,0.36459766765007395,0.0037364475421900935,0.36459766765007395,0.36461681296411624
550,2.2542581527272727,0.36822006835924292,0.0037973372850795498,0.36822006835924292,0.36823964820880195
551,2.2501669401088926,0.37188638902067961,0.0038593838312778947,0.37188638902067961,0.37190641454860307
552,2.2460905507246376,0.37559733841486898,0.0039226137033418814,0.37559733841486898,0.37561782109292857
553,2.2420289041591319,0.37935364028418794,0.0039870541564456744,0.37935364028418794,0.37937459192427675
554,2.2379819205776172,0.38315603372749774,0.00405273320233299,0.38315603372749774,0.38317746649326428
555,2.2339495207207207,0.38700527360727965,0.0041196796341785996,0.38700527360727965,0.38702720002621732
556,2.2299316258992805,0.39090213096978332,0.0041879230523984828,0.39090213096978332,0.39092456394579561
557,2.2259281579892281,0.39484739347864317,0.0042574938914501335,0.39484739347864317,0.39487034630510587
558,2.2219390394265233,0.39884186586250403,0.0043284234476662804,0.39884186586250403,0.39886535223584663
559,2.2179641932021466,0.40288637037716379,0.0044007439081675537,0.40288637037716379,0.40291040441099368
560,2.2140035428571427,0.40698174728279346,0.0044744883809021124,0.40698174728279346,0.4070063435225873
561,2.2100570124777184,0.41112885533680521,0.004549690925861917,0.41112885533680521,0.41115402877519341
562,2.2061245266903913,0.41532857230299824,0.0046263865875290997,0.41532857230299824,0.41535433839566921
563,2.2022060106571932,0.41958179547755337,0.0047046114286068332,0.41958179547755337,0.41960817015980706
564,2.1983013900709216,0.4238894422325824,0.0047844025650938104,0.4238894422325824,0.42391644193656219
565,2.1944105911504423,0.42825245057792771,0.0048657982027627781,0.42825245057792771,0.42828009225056257
566,2.1905335406360424,0.43267177974186455,0.0049488376751077919,0.43267177974186455,0.43270008086355516
567,2.1866701657848324,0.43714841077150968,0.005033561482827428,0.43714841077150968,0.43717738937559203
568,2.182820394366197,0.44168334715372726,0.0051200113349154901,0.44168334715372726,0.44171302184675243
569,2.1789841546572934,0.44627761545729228,0.0052082301914336115,0.44627761545729228,0.44630800544015992
570,2.1751613754385963,0.45093226599721281,0.0052982623080446486,0.45093226599721281,0.45096339108719891
571,2.1713519859894919,0.45564837352212928,0.0053901532823899135,0.45564837352212928,0.45568025417585251
572,2.167555916083916,0.46042703792565565,0.005483950102397054,0.46042703792565565,0.46045969526302594
573,2.1637730959860382,0.46526938498269788,0.0055797011966111781,0.46526938498269788,0.46530284081189677
574,2.1600034564459927,0.47017656711178346,0.0056774564866454522,0.47017656711178346,0.47021084395532514
575,2.1562469286956518,0.4751497641644421,0.00577726744185399,0.4751497641644421,0.47518488528636899
576,2.1525034444444442,0.48019018424277515,0.0058791871363338254,0.48019018424277515,0.48022617367704395
577,2.1487729358752166,0.48529906454644012,0.0059832703083705745,0.48529906454644012,0.48533594712655775
578,2.1450553356401381,0.49047767225019423,0.0060895734224466567,0.49047767225019423,0.4905154736401659
579,2.1413505768566492,0.49572730541342014,0.006198154733938999,0.49572730541342014,0.49576605214007557
580,2.1376585931034482,0.50104929392286923,0.0063090743566398752,0.50104929392286923,0.50108901340963707
581,2.133979318416523,0.50644500047014307,0.006422394333240964,0.50644500047014307,0.50648572107234657
582,2.1303126872852234,0.51191582156538518,0.0065381787089308172,0.51191582156538518,0.51195757260713814
583,2.1266586346483702,0.51746318858871865,0.0066564936082619507,0.51746318858871865,0.5175060004015033
584,2.1230170958904107,0.5230885688811604,0.0067774073154542678,0.5230885688811604,0.52313247284417363
585,2.1193880068376068,0.52879346687664941,0.0069009903583110953,0.52879346687664941,0.52883849545901207
586,2.1157713037542663,0.53457942527711588,0.0070273155959331094,0.53457942527711588,0.53462561208204051
587,2.1121669233390117,0.54044802627243071,0.0071564583104274573,0.54044802627243071,0.54049540608345115
588,2.1085748027210882,0.54640089280725879,0.0072884963028204894,0.54640089280725879,0.54644950163663408
589,2.1049948794567062,0.55243968989699654,0.0074235099933945871,0.55243968989699654,0.55248956503640112
590,2.1014270915254234,0.55856612599494149,0.0075615825266826669,0.55856612599494149,0.55861730606856841
591,2.0978713773265651,0.56478195441307633,0.0077027998813682975,0.56478195441307633,0.56483447943328202
592,2.0943276756756757,0.57108897479896203,0.0078472509853538784,0.57108897479896203,0.57114288622459153
593,2.0907959258010118,0.57748903467126667,0.0079950278362751967,0.57748903467126667,0.57754437546880688
594,2.087276067340067,0.58398403101675034,0.0081462256277578214,0.58398403101675034,0.58404084572446735
595,2.0837680403361345,0.59057591195153369,0.0083009428817286714,0.59057591195153369,0.59063424674675902
596,2.0802717852348991,0.59726667844972092,0.0084592815871157474,0.59726667844972092,0.59732658121946358
597,2.0767872428810721,0.60405838614255147,0.0086213473452892986,0.60405838614255147,0.6041199065576236
598,2.0733143545150501,0.61095314719150595,0.0087872495226199582,0.61095314719150595,0.61101633678436018
599,2.0698530617696158,0.6179531322388816,0.0089571014105531525,0.6179531322388816,0.61801804448537234
600,2.0664033066666665,0.62506057243967805,0.0091310203936243416,0.62506057243967805,0.62512726284497211
601,2.0629650316139765,0.63227776157867677,0.0093091281258662825,0.63227776157867677,0.63234628776755364
602,2.0595381794019931,0.63960705827698749,0.009491550716089911,0.63960705827698749,0.639677480088785
603,2.0561226932006633,0.64705088829248925,0.0096784189225491181,0.64705088829248925,0.64712326788096541
604,2.0527185165562911,0.65461174691882063,0.0098698683575362302,0.65461174691882063,0.65468614885722543
605,2.0493255933884296,0.66229220148793266,0.01006603970248772,0.66229220148793266,0.66236869287959599
606,2.0459438679867987,0.67009489398141375,0.010267078934220436,0.67009489398141375,0.67017354457618195
607,2.042573285008237,0.67802254375619575,0.010473137562958621,0.67802254375619575,0.67810342607306973
608,2.0392137894736839,0.68607795039044639,0.010684372882856778,0.68607795039044639,0.68616113984679716
609,2.0358653267651885,0.6942639966559836,0.010900948235771004,0.6942639966559836,0.69434957170374823
610,2.0325278426229505,0.70258365162370939,0.011123033289083404,0.70258365162370939,0.70267169389299866
611,2.0292012831423896,0.71103997390917995,0.011350804328437353,0.71103997390917995,0.71113056835975619
612,2.0258855947712417,0.71963611506562097,0.011584444566304336,0.71963611506562097,0.71972935014674044
613,2.0225807243066884,0.72837532313238573,0.011824144467362546,0.72837532313238573,0.72847129095153251
614,2.019286618892508,0.7372609463471218,0.012070102091741738,0.7372609463471218,0.73735974284819672
615,2.0160032260162599,0.74629643703061599,0.012322523457257779,0.74629643703061599,0.74639816218218735
616,2.0127304935064934,0.7554853556536949,0.012581622921845358,0.7554853556536949,0.75559011364796014
617,2.0094683695299835,0.76483137509626409,0.012847623587481916,0.76483137509626409,0.76493927455941757
618,2.0062168025889968,0.77433828510912628,0.013120757726988435,0.77433828510912628,0.77444943932388044
619,2.0029757415185783,0.78400999698998053,0.013401267235198043,0.78400999698998053,0.78412452413104539
620,1.9997451354838709,0.79385054848561842,0.013689404106087863,0.79385054848561842,0.7939685718689985
621,1.9965249339774556,0.80386410893329763,0.013985430937593166,0.80386410893329763,0.80398575728033561
622,1.9933150868167202,0.81405498465493031,0.014289621465948268,0.81405498465493031,0.81418039237209527
623,1.9901155441412519,0.82442762461874675,0.014602261131538976,0.82442762461874675,0.82455693209423864
624,1.9869262564102563,0.83498662638407639,0.01492364767840253,0.83498662638407639,0.83511998030240553
625,1.9837471743999999,0.84573674234585594,0.015254091789676107,0.84573674234585594,0.8458742960216421
626,1.9805782492012778,0.85668288629665645,0.015593917761470143,0.85668288629665645,0.85682480002899164
627,1.9774194322169059,0.8678301403253128,0.01594346421784068,0.8678301403253128,0.86797658177413839
628,1.9742706751592356,0.87918376207233284,0.016303084869741261,0.87918376207233284,0.8793349066583962
629,1.9711319300476946,0.89074919236397099,0.016673149321067053,0.89074919236397099,0.89090522369405223
630,1.968003149206349,0.90253206324815616,0.01705404392515223,0.90253206324815616,0.90269317356739476
631,1.9648842852614896,0.91453820645714834,0.017446172695353555,0.91453820645714834,0.91470459713044738
632,1.9617752911392403,0.92677366232370395,0.017849958273651031,0.92677366232370395,0.92694554434835164
633,1.958676120063191,0.93924468917932691,0.018265842961518557,0.93924468917932691,0.93942228373115844
634,1.9555867255520503,0.9519577732652631,0.018694289817673286,0.9519577732652631,0.95214131228087429
635,1.9525070614173228,0.96491963918933044,0.019135783827697317,0.96491963918933044,0.96510936598707187
636,1.9494370817610061,0.97813726096385922,0.01959083315095117,0.97813726096385922,0.97833343090657454
637,1.9463767409733124,0.99161787366286669,0.020059970450658222,0.99161787366286669,0.99182075486558885
638,1.9433259937304075,1.0053689857394397,0.020543754313551481,1.0053689857394397,1.0055788598255462
639,1.9402847949921751,1.0193983920473078,0.021042770766028486,1.0193983920473078,1.0196155549569397
640,1.9372531,1.03371418761416,0.021557634894371985,1.03371418761416,1.0339389504690506
641,1.9342308642745709,1.0483247822178492,0.022088992577268408,1.0483247822178492,1.048557472247077
642,1.931218043613707,1.0632389158205648,0.022637522339592424,1.0632389158205648,1.0634798773521601
643,1.928214594090202,1.0784656749207264,0.023203937337242207,1.0784656749207264,1.0787152704445082
644,1.9252204720496893,1.0940145098867893,0.023788987483705372,1.0940145098867893,1.0942731211943075
645,1.9222356341085269,1.1098952533426134,0.024393461730024997,1.1098952533426134,1.1101632827506225
646,1.9192600371517026,1.1261181396795941,0.025018190510928427,1.1261181396795941,1.1263960113440881
647,1.9162936383307572,1.1426938257771031,0.025664048371085012,1.1426938257771031,1.1429819871056175
648,1.9133363950617284,1.1596334130195101,0.026331956786796992,1.1596334130195101,1.1599323361901328
649,1.9103882650231123,1.1769484707055105,0.027022887199905754,1.1769484707055105,1.1772586543018737
650,1.9074492061538459,1.1946510609538286,0.027737864282332339,1.1946510609538286,1.1949730317262617
651,1.9045191766513057,1.2127537652180407,0.028477969451490961,1.2127537652180407,1.2130880799820822
652,1.9015981349693249,1.2312697125334893,0.029244344658838219,1.2312697125334893,1.2316169602180811
653,1.8986860398162326,1.2502126096297697,0.030038196476059834,1.2502126096297697,1.2505734134887136
654,1.895782850152905,1.2695967730544124,0.03086080050591046,1.2695967730544124,1.2699717930560674
655,1.8928885251908396,1.2894371634665061,0.031713506147501763,1.2894371634665061,1.2898270988782632
656,1.8900030243902437,1.3097494222733461,0.032597741748957007,1.3097494222733461,1.3101550144591654
657,1.887126307458143,1.3305499107994527,0.033515020183825295,1.3305499107994527,1.3309719462506917
658,1.8842583343465045,1.3518557521948287,0.034466944891548945,1.3518557521948287,1.3522950658167778
659,1.8813990652503791,1.3736848763088729,0.035455216426636099,1.3736848763088729,1.3741423549878604
660,1.8785484606060605,1.3960560677783702,0.036481639566095583,1.3960560677783702,1.396532654257048
661,1.8757064810892585,1.4189890176015334,0.037548131030186879,1.4189890176015334,1.4194857146930451
662,1.8728730876132929,1.4425043784973814,0.038656727877729669,1.4425043784973814,1.443022253672593
663,1.8700482413273001,1.4666238243790901,0.039809596644198073,1.4666238243790901,1.4671640147649894
664,1.8672319036144578,1.4913701143031428,0.041009043298685502,1.4913701143031428,1.4919338321349387
665,1.8644240360902253,1.5167671612930613,0.042257524104728522,1.5167671612930613,1.5173556998675271
666,1.8616246006006005,1.5428401064778576,0.043557657480039785,1.5428401064778576,1.5434548466611373
667,1.8588335592203897,1.5696153990310875,0.044912236961614699,1.5696153990310875,1.5702578163806147
668,1.856050874251497,1.5971208824483267,0.046324245395631014,1.5971208824483267,1.5977925550158243
669,1.8532765082212255,1.6253858877585632,0.047796870486300519,1.6253858877585632,1.6260885046494169
670,1.8505104238805969,1.6544413343300977,0.049333521854621351,1.6544413343300977,1.6551767051038793
671,1.8477525842026825,1.6843198390045413,0.050937849777146882,1.6843198390045413,1.6850899040123062
672,1.8450029523809524,1.715055834374811,0.052613765796791515,1.715055834374811,1.7158626761411875
673,1.8422614918276372,1.7466856971161762,0.054365465422808679,1.7466856971161762,1.7475315528884909
674,1.8395281661721068,1.7792478873840634,0.056197453165873837,1.7792478873840634,1.7801351629870645
675,1.8368029392592591,1.8127831004116612,0.058114570187354928,1.8127831004116612,1.8137143855652069
676,1.8340857751479289,1.847334431574728,0.060122024880019179,1.847334431574728,1.8483125168534666
677,1.8313766381093057,1.8829475563449081,0.062225426741538969,1.8829475563449081,1.8839754519840293
678,1.8286754926253685,1.9196709267268468,0.064430823953179062,1.9196709267268468,1.9207518835069763
679,1.8259823033873341,1.9575559859736273,0.066744745135246392,1.9575559859736273,1.9586935184516103
680,1.8232970352941176,1.9966574036029652,0.06917424581970702,1.9966574036029652,1.9978553159944441
681,1.8206196534508075,2.0370333329964136,0.071726960260566491,2.0370333329964136,2.0382957480617718
682,1.8179501231671553,2.0787456941640432,0.074411159296308343,2.0787456941640432,2.0800770855026913
683,1.815288409956076,2.1218604846003188,0.077235815088428278,2.1218604846003188,2.1232657128208596
684,1.8126344795321636,2.1664481215544473,0.080210673688953626,2.1664481215544473,2.1679324748618045
685,1.8099882978102189,2.212583819496647,0.083346336541596344,2.212583819496647,2.2141530593238752
686,1.8073498309037899,2.2603480070935653,0.086654352200365714,2.2603480070935653,2.26200841950845
687,1.8047190451237263,2.3098267886230994,0.090147319761684747,2.3098267886230994,2.3115852423609899
688,1.8020959069767442,2.3611124554778611,0.093839005758148603,2.3611124554778611,2.3629764675964027
689,1.7994803831640056,2.4143040542456857,0.09774447656247548,2.4143040542456857,2.4162818645691209
690,1.7968724405797101,2.46950801883888,0.10188024870935702,2.46950801883888,2.471608674565335
691,1.7942720463096959,2.5268388752979734,0.10626445997380377,2.5268388752979734,2.5290723273901548
692,1.7916791676300576,2.5864200292556454,0.11091706456327086,2.5864200292556454,2.5887972425329311
693,1.7890937720057718,2.6483846476536215,0.11586005640766739,2.6483846476536215,2.6509177268633186
694,1.7865158270893371,2.712876648210071,0.12111772529161299,2.712876648210071,2.7155789827923114
695,1.7839453007194244,2.7800518124017906,0.12671695149921491,2.7800518124017906,2.7829382431947236
696,1.7813821609195402,2.850079040430316,0.13268754577394853,2.850079040430316,2.8531660522135236
697,1.7788263758967,2.9231417698838467,0.13906264278703723,2.9231417698838467,2.926447714458364
698,1.7762779140401146,2.9994395837051364,0.14587915802382795,2.9994395837051364,3.0029849391968293
699,1.7737367439198855,3.0791900377855761,0.15317832012530519,3.0791900377855761,3.0829977110848374
700,1.7712028342857142,3.1626307442159982,0.16100629337297478,3.1626307442159982,3.1667264249956841
701,1.7686761540656204,3.2500217531813043,0.16941490832607736,3.2500217531813043,3.2544343298513199
702,1.7661566723646722,3.3416482849977553,0.17846252280257707,3.3416482849977553,3.3464103353703503
703,1.7636443584637267,3.4378238742577283,0.18821504069394618,3.4378238742577283,3.4429722467600343
704,1.7611391818181816,3.5388940009789716,0.19874712285734897,3.5388940009789716,3.5444705061558945
705,1.7586411120567376,3.6452402997217499,0.21014363299265332,3.6452402997217499,3.6512925367878792
706,1.7561501189801698,3.7572854577043895,0.22250137260195013,3.7572854577043895,3.7638678073873204
707,1.753666172560113,3.8754989381621643,0.23593117368704336,3.8754989381621643,3.8826737615222591
708,1.7511892429378531,4.000403697066707,0.25056043692413865,4.000403697066707,4.0082427910565244
709,1.748719300423131,4.1325841018732863,0.26653622827484924,4.1325841018732863,4.1411704770558302
710,1.7462563154929576,4.2726953129011527,0.28402908060972687,4.2726953129011527,4.2821253783045039
711,1.743800258790436,4.421474454954275,0.30323769214280327,4.421474454954275,4.4318607213843375
712,1.7413511011235954,4.5797539938693212,0.32439477490666713,4.5797539938693212,4.5912284428406247
713,1.7389088134642354,4.7484778467508271,0.34777439082332251,4.7484778467508271,4.761196161469921
714,1.7364733669467787,4.9287209053266938,0.37370122998158872,4.9287209053266938,4.9428678286895487
715,1.7340447328671327,5.121712852609889,0.40256245018462422,5.121712852609889,5.137509033655121
716,1.7316228826815641,5.3288674229754633,0.43482293088033286,5.3288674229754633,5.346578250887994
717,1.7292077880055787,5.5518186221395212,0.4710451323653847,5.5518186221395212,5.5717657461401133
718,1.7267994206128132,5.7924659257229649,0.51191524604332539,5.7924659257229649,5.8150424521058488
719,1.724397752433936,6.05303117037157,0.55827805855882695,6.05303117037157,6.0787219660186826
720,1.7220027555555555,6.3361308237332725,0.6111840700147928,6.3361308237332725,6.3655400228812269
721,1.71961440221914,6.6448686925999141,0.67195413366150913,6.6448686925999141,6.6787575416120086
722,1.7172326648199445,6.9829560843773351,0.74226961144080006,6.9829560843773351,7.0222959103423523
723,1.7148575159059474,7.3548692419198414,0.82430044656873314,7.3548692419198414,7.4009170237175308
724,1.7124889281767954,7.7660579045567744,0.92089085978569352,7.7660579045567744,7.8204664408566824
725,1.7101268744827585,8.2232246130264564,1.0358348312614152,8.2232246130264564,8.2882070940546893
726,1.7077713278236912,8.7347024251706316,1.1742954308753091,8.7347024251706316,8.813285211273735
727,1.7054222613480055,9.310969223642747,1.3434618912767036,9.310969223642747,9.4073927172694987
728,1.7030796483516482,9.9653479836135759,1.5536134644320589,9.9653479836135759,10.085726311544239
729,1.7007434622770918,10.714944824540169,1.8199064850200917,10.714944824540169,10.868399247688608
730,1.6984136767123286,11.581833743602395,2.1655015752371316,11.581833743602395,11.782540894764658
731,1.6960902653898768,12.594274621752184,2.6272810896299035,12.594274621752184,12.865393859965501
732,1.6937732021857923,13.786858297611666,3.2667525769441674,13.786858297611666,14.16859675893823
733,1.6914624611186901,15.195073228544828,4.1913728409423392,15.195073228544828,15.762546009849702
734,1.6891580163487738,16.827166202001855,5.5943113588464435,16.827166202001855,17.732733629350889
735,1.6868598421768706,18.555811505149173,7.8029171269620559,18.555811505149173,20.129671043135907
736,1.6845679130434781,19.834452426068943,11.166174174003309,19.834452426068943,22.761567360930368
737,1.6822822035278153,19.658072645098564,15.332244439635861,19.658072645098564,24.930253502054832
738,1.6800026883468833,17.862183522103599,19.001220292625582,17.862183522103599,26.078803131781097
739,1.677729342354533,15.388761028744938,21.575786680296488,15.388761028744938,26.501481786373347
740,1.6754621405405403,12.878266138957411,23.32826510475202,12.878266138957411,26.646907729479754
741,1.6732010580296894,10.496959963041995,24.596333488601509,10.496959963041995,26.742583823337018
742,1.6709460700808625,8.2351431257963306,25.586660865979084,8.2351431257963306,26.879263319015575
743,1.6686971520861371,6.0390259497406298,26.41247615816836,6.0390259497406298,27.094071883485007
744,1.6664542795698924,3.8449598656896722,27.134617777453165,3.8449598656896722,27.405678212685078
745,1.6642174281879194,1.58294588302594,27.782560843601757,1.58294588302594,27.827619457959788
746,1.6619865737265413,-0.83025826689282312,28.359230604528953,0.83025826689282312,28.371381518540751
747,1.6597616921017402,-3.4973743143680505,28.828395807329656,3.4973743143680505,29.039766388847955
748,1.6575427593582885,-6.5350705744448909,29.094013024753444,6.5350705744448909,29.818932598225214
749,1.6553297516688918,-10.072239272966076,28.964718453890569,10.072239272966076,30.66602222468752
750,1.6531226453333332,-14.201462003049702,28.046539025424295,14.201462003049702,31.437078018300497
751,1.6509214167776296,-18.691732524606024,25.621731894300694,18.691732524606024,31.715201560684427
752,1.6487260425531913,-22.341645220112902,21.071478837901772,22.341645220112902,30.710850388055615
753,1.6465364993359892,-23.451092936042173,15.445580407973743,23.451092936042173,28.080593192346733
754,1.6443527639257294,-22.309267085156613,10.849613400098068,22.309267085156613,24.80760989713519
755,1.6421748132450329,-20.409026156918713,7.815723067172943,20.409026156918713,21.854378868696575
756,1.6400026243386243,-18.542767750428212,5.8829870286015566,18.542767750428212,19.453631337748096
757,1.6378361743725229,-16.917556984596516,4.6113239571560882,16.917556984596516,17.534766692628452
758,1.6356754406332452,-15.543352539565603,3.7358212870797178,15.543352539565603,15.985999151076497
759,1.6335204005270092,-14.384107183011775,3.1070241031260633,14.384107183011775,14.715846500618893
760,1.6313710315789474,-13.400132078886877,2.6387517687828472,13.400132078886877,13.657472336741808
761,1.6292273114323257,-12.557814549833896,2.2791635950623732,12.557814549833896,12.762965680478716
762,1.6270892178477689,-11.830580842544133,1.9956360743123018,11.830580842544133,11.997716716653585
763,1.62495672870249,-11.197818186826364,1.7666983211161265,11.197818186826364,11.336328995889888
764,1.6228298219895287,-10.643552093046619,1.5775243658852109,10.643552093046619,10.759822688239739
765,1.6207084758169934,-10.155262667531282,1.4172279446863323,10.155262667531282,10.25367714011683
766,1.6185926684073106,-9.7227336569604468,1.277063492555822,9.7227336569604468,9.8062449963383216
767,1.6164823780964797,-9.3364490164695297,1.1492854139666204,9.3364490164695297,9.4069196445962753
768,1.6143775833333331,-8.9851176424830044,1.0279138514482802,8.9851176424830044,9.0437241187056667
769,1.6122782626788035,-8.6560993454047015,0.91368733128392154,8.6560993454047015,8.7041875219266984
770,1.6101843948051946,-8.3445125415892036,0.8141584021309376,8.3445125415892036,8.3841364170974639
771,1.6080959584954604,-8.0538866736964305,0.73203841470661302,8.0538866736964305,8.0870866690886363
772,1.606012932642487,-7.7863692383450296,0.66407227485339448,7.7863692383450296,7.8146361336964834
773,1.6039352962483828,-7.5410994080773683,0.60648951731533041,7.5410994080773683,7.5654484214168169
774,1.6018630284237725,-7.3161423664034064,0.55660750740625864,7.3161423664034064,7.3372849912473654
775,1.5997961083870966,-7.1094873105241678,0.51262641818602694,7.1094873105241678,7.1279447011832522
776,1.5977345154639173,-6.9193359081158299,0.47329138258742776,6.9193359081158299,6.9355038852395321
777,1.595678229086229,-6.7441511270446224,0.43767544242582068,6.7441511270446224,6.758338125406266
778,1.5936272287917737,-6.5826418419401218,0.40505269025471158,6.5826418419401218,6.5950922132403438
779,1.5915814942233633,-6.433735798140825,0.37482072968133229,6.433735798140825,6.4446448233923341
780,1.5895410051282051,-6.2965555320854421,0.34644776177875392,6.2965555320854421,6.306079417536484
781,1.5875057413572342,-6.1704007399971399,0.31942981426222516,6.1704007399971399,6.1786633423740485
782,1.5854756828644501,-6.0547372189493629,0.29324775568352035,6.0547372189493629,6.0618344613445272
783,1.5834508097062578,-5.9491906640380758,0.26731343247109229,5.9491906640380758,5.9551931982310427
784,1.5814311020408163,-5.8535398286139984,0.24088948937405652,5.8535398286139984,5.8584943689706899
785,1.5794165401273885,-5.7676917220084434,0.21295645845526512,5.7676917220084434,5.771621804425731
786,1.5774071043256996,-5.691583719292943,0.18198299317808664,5.691583719292943,5.6944923429157885
787,1.5754027750952986,-5.6248410466083651,0.14555462636437722,5.6248410466083651,5.626723997928667
788,1.5734035329949236,-5.5657218228823382,0.1000176745672271,5.5657218228823382,5.5666204240036468
789,1.5714093586818756,-5.5087273305884761,0.041472335250252068,5.5087273305884761,5.5088834401685736
790,1.5694202329113922,-5.4435758019935481,-0.028552693362502823,5.4435758019935481,5.4436506839021144
791,1.5674361365360303,-5.3646554385072083,-0.098140969824788371,5.3646554385072083,5.3655530585265039
792,1.5654570505050505,-5.279445404727344,-0.15696061070901862,5.279445404727344,5.2817781489580584
793,1.5634829558638081,-5.1976552787424577,-0.20529077276580135,5.1976552787424577,5.2017078635792409
794,1.5615138337531485,-5.1240358310087917,-0.24768263131224244,5.1240358310087917,5.130018507112398
795,1.559549665408805,-5.0602179629879469,-0.28848209038845041,5.0602179629879469,5.068434447580513
796,1.5575904321608038,-5.0067950234168457,-0.33154892126614316,5.0067950234168457,5.0177605656013951
797,1.5556361154328731,-4.9640020138628991,-0.38111546881992425,4.9640020138628991,4.9786107494168235
798,1.5536866967418546,-4.931340278977606,-0.44292306786441804,4.931340278977606,4.9511915526581447
799,1.5517421576971213,-4.905641702384921,-0.52540133093623476,4.905641702384921,4.9336970996127834
800,1.5498024799999999,-4.8760431166720357,-0.63891355629330704,4.8760431166720357,4.9177237628866566
801,1.5478676454431959,-4.8182034504949991,-0.78579605556794796,4.8182034504949991,4.8818602941202718
802,1.5459376359102244,-4.7078091170802265,-0.94189377935497476,4.7078091170802265,4.8011072238027861
803,1.5440124333748442,-4.5524644758362838,-1.0711008470024626,4.5524644758362838,4.6767713038164187
804,1.5420920199004975,-4.3794460031756222,-1.1620662530400543,4.3794460031756222,4.5309982643105791
805,1.5401763776397515,-4.2058100048643592,-1.2224759195448776,4.2058100048643592,4.3798727345533948
806,1.5382654888337468,-4.0366399965853343,-1.2614030895452126,4.0366399965853343,4.2291370533888655
807,1.5363593358116481,-3.8717321619811651,-1.2841181147537615,3.8717321619811651,4.079126042028868
808,1.5344579009900989,-3.7094511222100417,-1.2919719622388153,3.7094511222100417,3.9280044780112648
809,1.5325611668726822,-3.5491499353197034,-1.2825774382233353,3.5491499353197034,3.7737872420712044
810,1.5306691160493826,-3.3947544896775899,-1.2506725101122802,3.3947544896775899,3.6178086976423591
811,1.5287817311960541,-3.2587972714617957,-1.1944038380693294,3.2587972714617957,3.4707866809819343
812,1.5268989950738916,-3.1548003676529346,-1.1267699988519309,3.1548003676529346,3.3499814910019832
813,1.5250208905289051,-3.0789698569222494,-1.0677714247488201,3.0789698569222494,3.258863482158457
814,1.5231474004914003,-3.0166738250332585,-1.0243721631080034,3.0166738250332585,3.185852993342813
815,1.52127850797546,-2.9581417775737462,-0.99333996888367904,2.9581417775737462,3.1204690464750633
816,1.5194141960784313,-2.8995273766637704,-0.97016628484556622,2.8995273766637704,3.0575286798775472
817,1.5175544479804159,-2.8396573533031129,-0.95165175693986548,2.8396573533031129,2.994878119499218
818,1.5156992469437651,-2.7782325394257343,-0.93577132524466078,2.7782325394257343,2.9315941083775758
819,1.5138485763125762,-2.7151586443729583,-0.92121144817828737,2.7151586443729583,2.8671792752403782
820,1.5120024195121951,-2.6503233771657335,-0.90703635253655734,2.6503233771657335,2.8012370389479719
821,1.510160760048721,-2.5835243437726616,-0.89247461640245851,2.5835243437726616,2.7333329427255428
822,1.5083235815085156,-2.5144448179569707,-0.87676779684711759,2.5144448179569707,2.6629221753815511
823,1.5064908675577156,-2.442646157613134,-0.85903342753833845,2.442646157613134,2.5892969472292036
824,1.5046626019417475,-2.3675767532463459,-0.83810025582437442,2.3675767532463459,2.5115397112778028
825,1.5028387684848483,-2.2886272275280177,-0.81226599003695998,2.2886272275280177,2.4284955476906487
826,1.5010193510895882,-2.2053269295134488,-0.77891123765378145,2.2053269295134488,2.3388393664765781
827,1.4992043337363965,-2.1179504806865612,-0.73392277061225619,2.1179504806865612,2.2415077229096503
828,1.4973937004830917,-2.0291912963585625,-0.67118433212273076,2.0291912963585625,2.1373127344645613
829,1.4955874354644147,-1.9477741129627937,-0.5838822242670354,1.9477741129627937,2.0334066113158524
830,1.4937855228915662,-1.8912631246261427,-0.47229750624910888,1.8912631246261427,1.9493437718831861
831,1.4919879470517448,-1.87501050080217,-0.35486385989508179,1.87501050080217,1.9082957677409549
832,1.4901946923076923,-1.8923845300154323,-0.2563273514256838,1.8923845300154323,1.9096656567395862
833,1.4884057430972388,-1.9240200714719755,-0.18465865402243625,1.9240200714719755,1.932861105701184
834,1.4866210839328535,-1.9568988061460084,-0.13472709834282795,1.9568988061460084,1.9615311184183519
835,1.4848406994011976,-1.9860433671835835,-0.099600240407452995,1.9860433671835835,1.9885392790244623
836,1.4830645741626793,-2.0103512798023546,-0.074219321861071941,2.0103512798023546,2.0117208494074128
837,1.4812926929510155,-2.0300724481673482,-0.055346456626044788,2.0300724481673482,2.0308267713099579
838,1.4795250405727922,-2.0458161010132612,-0.040944630613051675,2.0458161010132612,2.0462257895797182
839,1.4777616019070321,-2.0582152791640116,-0.029708940337534878,2.0582152791640116,2.0584296821898409
840,1.4760023619047618,-2.067829043769545,-0.020779466760340856,2.067829043769545,2.0679334468245623
841,1.474247305588585,-2.0751250971159987,-0.013572424568854977,2.0751250971159987,2.075169482087996
842,1.4724964180522564,-2.0804873913286057,-0.007680201463072564,2.0804873913286057,2.0805015671639904
843,1.4707496844602608,-2.0842296868591097,-0.0028108454696101071,2.0842296868591097,2.0842315822472979
844,1.4690070900473933,-2.0866088451352045,0.0012495685940693557,2.0866088451352045,2.0866092192881118
845,1.4672686201183431,-2.0878361335661344,0.0046609933718580465,2.0878361335661344,2.087841336280992
846,1.4655342600472812,-2.0880863479931042,0.007545190422752035,2.0880863479931042,2.0880999800233928
847,1.4638039952774498,-2.0875050229067282,0.0099963380945611441,2.0875050229067282,2.0875289572688858
848,1.4620778113207547,-2.086214092134675,0.012088322111996702,2.086214092134675,2.0862491140208519
849,1.4603556937573614,-2.0843163336559813,0.013879848886857588,2.0843163336559813,2.0843625473871463
850,1.458637628235294,-2.081898872527689,0.015418098608740952,2.081898872527689,2.0819559633183338
851,1.4569236004700352,-2.0790359566899541,0.016741379381231991,2.0790359566899541,2.0791033603439004
852,1.4552135962441313,-2.0757911706303735,0.017881085384113121,2.0757911706303735,2.0758681839850843
853,1.4535076014067994,-2.0722192126693679,0.018863161959709496,2.0722192126693679,2.0723050654368369
854,1.4518056018735361,-2.0683673316107116,0.019709215950774267,2.0683673316107116,2.0684612328172385
855,1.4501075836257309,-2.0642764958247879,0.020437367167437284,2.0642764958247879,2.0643776634112769
856,1.4484135327102803,-2.0599823507679424,0.021062908462097324,2.0599823507679424,2.0600900299715792
857,1.4467234352392064,-2.0555160081023782,0.021598822581659835,2.0555160081023782,2.0556294823489107
858,1.4450372773892772,-2.0509046998877425,0.022056190637105746,2.0509046998877425,2.051023296690472
859,1.4433550454016297,-2.0461723239668688,0.022444517699365826,2.0461723239668688,2.0462954175149624
860,1.4416767255813951,-2.0413399010640045,0.022771994411692503,2.0413399010640045,2.0414669126403902
861,1.4400023042973287,-2.0364259598177954,0.023045708756562255,2.0364259598177954,2.0365563568219569
862,1.4383317679814385,-2.0314468626515989,0.023271818663687563,2.0314468626515989,2.0315801567550662
863,1.4366651031286211,-2.0264170828116912,0.0234556936119584,2.0264170828116912,2.0265528276050104
864,1.4350022962962963,-2.0213494408880353,0.023602031499507917,2.0213494408880353,2.0214872292619797
865,1.4333433341040462,-2.0162553075522807,0.023714955649788108,2.0162553075522807,2.0163947689761081
866,1.4316882032332563,-2.0111447779941747,0.023798095759501064,2.0111447779941747,2.0112855757984782
867,1.4300368904267589,-2.0060268225437428,0.023854655785637321,2.0060268225437428,2.0061686512772541
868,1.4283893824884792,-2.0009094171688471,0.023887471147907097,2.0009094171688471,2.0010520000721659
869,1.426745666283084,-1.9957996568981935,0.023899057143054334,1.9957996568981935,1.9959427435192807
870,1.4251057287356321,-1.9907038547011062,0.02389165009349177,1.9907038547011062,1.9908472186649664
871,1.4234695568312283,-1.9856276279359335,0.023867242459839857,1.9856276279359335,1.9857710648725646
872,1.4218371376146788,-1.9805759741343509,0.023827612915548135,1.9805759741343509,1.9807192997634686
873,1.4202084581901488,-1.9755533376074048,0.023774352198395257,1.9755533376074048,1.975696385974882
874,1.4185835057208236,-1.9705636681280581,0.023708885407089805,1.9705636681280581,1.9707062899868042
875,1.4169622674285713,-1.9656104727513535,0.023632491293623048,1.9656104727513535,1.9657525340781181
876,1.4153447305936071,-1.9606968616762881,0.023546319007202013,1.9606968616762881,1.960838242315269
877,1.4137308825541619,-1.9558255889171887,0.023451402668646676,1.9558255889171887,1.9559661813411791
878,1.4121207107061502,-1.9509990884452115,0.023348674091471983,1.9509990884452115,1.9511387966251594
879,1.4105142025028441,-1.9462195063634633,0.023238973914692818,1.9462195063634633,1.9463582447376564
880,1.4089113454545454,-1.9414887296028596,0.023123061370103226,1.9414887296028596,1.9416264221373922
881,1.4073121271282631,-1.9368084115580722,0.023001622872225971,1.9368084115580722,1.9369449908907732
882,1.4057165351473921,-1.9321799950269547,0.022875279590104103,1.9321799950269547,1.9323154016874906
883,1.404124557191393,-1.9276047327685122,0.022744594136345581,1.9276047327685122,1.9277389144679302
884,1.4025361809954751,-1.9230837059532124,0.022610076488697631,1.9230837059532124,1.9232166169367313
885,1.4009513943502825,-1.9186178407452399,0.022472189242802365,1.9186178407452399,1.9187494412026005
886,1.3993701851015801,-1.9142079232247804,0.022331352280585928,1.9142079232247804,1.9143381787529619
887,1.3977925411499434,-1.9098546128335032,0.022187946927031792,1.9098546128335032,1.9099834939470675
888,1.3962184504504505,-1.9055584545042183,0.022042319657883072,1.9055584545042183,1.9056859361889633
889,1.3946479010123733,-1.901319889614788,0.021894785412473819,1.901319889614788,1.9014459509207848
890,1.3930808808988764,-1.8971392658918536,0.02174563055851636,1.8971392658918536,1.8972638895623004
891,1.3915173782267114,-1.8930168463732793,0.021595115549605241,1.8930168463732793,1.8931400185059308
892,1.3899573811659192,-1.8889528175269614,0.02144347731084012,1.8889528175269614,1.889074527265197
893,1.3884008779395296,-1.8849472966119354,0.021290931383499898,1.8849472966119354,1.8850675358627922
894,1.3868478568232661,-1.8810003383579375,0.021137673855770242,1.8810003383579375,1.8811191015346975
895,1.3852983061452513,-1.8771119410317088,0.0209838831031922,1.8771119410317088,1.8772292248188334
896,1.3837522142857142,-1.8732820519500004,0.02082972135960473,1.8732820519500004,1.8733978550884283
897,1.3822095696767001,-1.8695105724940246,0.020675336136842561,1.8695105724940246,1.8696248955850228
898,1.3806703608017816,-1.8657973626722315,0.020520861509273534,1.8657973626722315,1.8659102079981602
899,1.379134576195773,-1.8621422452758152,0.020366419277378374,1.8621422452758152,1.8622536166363153
900,1.3776022044444443,-1.8585450096646543,0.020212120022918861,1.8585450096646543,1.8586549122269069
901,1.3760732341842397,-1.8550054152184332,0.02005806406682397,1.8550054152184332,1.8551138553802624
902,1.3745476541019954,-1.851523194484284,0.019904342339627963,1.851523194484284,1.8516301797489856
903,1.3730254529346622,-1.8480980560485758,0.019751037173253008,1.8480980560485758,1.8482035949104589
904,1.3715066194690264,-1.8447296871580328,0.019598223021888989,1.8447296871580328,1.8448337889977484
905,1.3699911425414364,-1.8414177561130156,0.019445967118952565,1.8414177561130156,1.8415204311018343
906,1.3684790110375276,-1.838161914453095,0.019294330076297196,1.838161914453095,1.8382631734653665
907,1.3669702138919513,-1.8349617989537323,0.019143366431210715,1.8349617989537323,1.8350616534868349
908,1.3654647400881057,-1.8318170334503368,0.018993125146173274,1.8318170334503368,1.8319154955514758
909,1.3639625786578657,-1.8287272305051303,0.018843650065791591,1.8287272305051303,1.8288243127044124
910,1.3624637186813187,-1.8256919929305324,0.018694980334899948,1.8256919929305324,1.8257877081797824
911,1.3609681492864982,-1.8227109151810827,0.018547150781414036,1.8227109151810827,1.8228052767979277
912,1.3594758596491228,-1.8197835846254851,0.018400192267127066,1.8197835846254851,1.8198766062422602
913,1.3579868389923329,-1.8169095827090898,0.01825413200937874,1.8169095827090898,1.8170012782261697
914,1.3565010765864332,-1.814088486015689,0.01810899387616538,1.814088486015689,1.8141788695588708
915,1.3550185617486339,-1.8113198672377067,0.017964798657090678,1.8113198672377067,1.8114089531193149
916,1.3535392838427946,-1.8086032960616141,0.017821564312238275,1.8086032960616141,1.8086910987450207
917,1.352063232279171,-1.8059383399766844,0.017679306200928488,1.8059383399766844,1.8060248740439566
918,1.350590396514161,-1.8033245650126277,0.017538037292072969,1.8033245650126277,1.8034098451350544
919,1.3491207660500544,-1.800761536412272,0.0173977683577159,1.800761536412272,1.800845577323529
920,1.3476543304347826,-1.7982488192445909,0.017258508151189525,1.7982488192445909,1.7983316357163297
921,1.346191079261672,-1.7957859789633082,0.017120263571185082,1.7957859789633082,1.7958675857829702
922,1.3447310021691974,-1.7933725819147375,0.016983039812911792,1.7933725819147375,1.7934529938654145
923,1.3432740888407366,-1.791008195799856,0.01684684050742357,1.791008195799856,1.7910874276420283
924,1.3418203290043289,-1.7886923900938001,0.016711667850082261,1.7886923900938001,1.7887704565488003
925,1.3403697124324323,-1.7864247364263321,0.016577522719059386,1.7864247364263321,1.7865016521613943
926,1.3389222289416847,-1.7842048089263844,0.01644440478466825,1.7842048089263844,1.7842805885411515
927,1.3374778683926645,-1.7820321845339784,0.016312312610282355,1.7820321845339784,1.7821068425483471
928,1.336036620689655,-1.7799064432814387,0.016181243745509742,1.7799064432814387,1.7799799941246341
929,1.334598475780409,-1.7778271685468172,0.016051194812236151,1.7778271685468172,1.7778996265475995
930,1.3331634236559138,-1.7757939472819708,0.015922161584109674,1.7757939472819708,1.7758653266598776
931,1.331731454350161,-1.773806370216648,0.015794139059973789,1.773806370216648,1.7738766850741925
932,1.3303025579399141,-1.771864032041079,0.01566712153173145,1.771864032041079,1.7719332963568237
933,1.3288767245444801,-1.7699665315688184,0.015541102647064944,1.7699665315688184,1.7700347591912537
934,1.3274539443254818,-1.7681134718806675,0.015416075467414588,1.7681134718806675,1.7681806765228278
935,1.3260342074866309,-1.7663044604523797,0.01529203252157852,1.7663044604523797,1.7663706556871388
936,1.3246175042735042,-1.7645391092664244,0.015168965855267821,1.7645391092664244,1.7646043085224135
937,1.3232038249733189,-1.7628170349095962,0.015046867076926387,1.7628170349095962,1.7628812514676906
938,1.3217931599147121,-1.7611378586576181,0.014925727400095852,1.7611378586576181,1.76120110564795
939,1.3203854994675186,-1.759501206547486,0.014805537682589895,1.759501206547486,1.7595634969469356
940,1.3189808340425531,-1.7579067094390077,0.01468628846270878,1.7579067094390077,1.7579680560691342
941,1.3175791540913921,-1.7563540030659333,0.014567969992725194,1.7563540030659333,1.7564144185913062
942,1.3161804501061569,-1.754842728078017,0.014450572269838938,1.754842728078017,1.7549022250049213
943,1.3147847126193,-1.7533725300742908,0.014334085064781101,1.7533725300742908,1.7534311207497613
944,1.3133919322033898,-1.751943059628728,0.014218497948256636,1.751943059628728,1.7520007562398978
945,1.3120020994708994,-1.7505539723085124,0.014103800315367697,1.7505539723085124,1.7506107868822378
946,1.3106152050739956,-1.7492049286859448,0.013989981408176144,1.7492049286859448,1.7492608730886892
947,1.3092312397043293,-1.7478955943442078,0.013877030336533626,1.7478955943442078,1.7479506802821561
948,1.3078501940928269,-1.7466256398776459,0.01376493609731147,1.7466256398776459,1.7466798788970346
949,1.3064720590094836,-1.7453947408872175,0.013653687592139176,1.7453947408872175,1.7454481443748537
950,1.3050968252631578,-1.744202577971115,0.013543273643766077,1.744202577971115,1.7442551571550744
951,1.3037244837013668,-1.7430488367113957,0.013433683011139293,1.7430488367113957,1.7431006026618754
952,1.3023550252100839,-1.7419332076568996,0.013324904403293446,1.7419332076568996,1.7419841712872173
953,1.3009884407135361,-1.7408553863026159,0.01321692649213594,1.7408553863026159,1.7409055583703354
954,1.2996247211740042,-1.7398150730659157,0.013109737924208088,1.7398150730659157,1.7398644641740915
955,1.298263857591623,-1.7388119732601974,0.013003327331490018,1.7388119732601974,1.7388605938587232
956,1.296905841004184,-1.7378457970658148,0.012897683341326169,1.7378457970658148,1.7378936574528634
957,1.2955506624869382,-1.7369162594988743,0.012792794585524708,1.7369162594988743,1.7369633698224232
958,1.2941983131524006,-1.7360230803778451,0.01268864970869572,1.7360230803778451,1.7360694506372758
959,1.2928487841501564,-1.7351659842884857,0.012585237375879514,1.7351659842884857,1.735211624336247
960,1.2915020666666666,-1.7343447005472235,0.012482546279511775,1.7343447005472235,1.7343896200905546
961,1.290158151925078,-1.7335589631629413,0.012380565145783579,1.7335589631629413,1.7336031717656439
962,1.2888170311850311,-1.7328085107975806,0.012279282740423666,1.7328085107975806,1.732852017881835
963,1.2874786957424713,-1.7320930867257438,0.012178687873957102,1.7320930867257438,1.7321359015739632
964,1.2861431369294605,-1.7314124387932761,0.012078769406466003,1.7314124387932761,1.7314545705499913
965,1.2848103461139895,-1.7307663193750016,0.011979516251902935,1.7307663193750016,1.7308077770487744
966,1.2834803146997928,-1.7301544853318989,0.011880917381965745,1.7301544853318989,1.7301952777972562
967,1.2821530341261633,-1.7295766979676745,0.011782961829590662,1.7295766979676745,1.7296168339670617
968,1.2808284958677685,-1.7290327229846705,0.011685638692067069,1.7290327229846705,1.7290722111304158
969,1.2795066914344684,-1.7285223304398802,0.011588937133820899,1.7285223304398802,1.728561179216173
970,1.278187612371134,-1.7280452947001765,0.01149284638887298,1.7280452947001765,1.728083512465048
971,1.2768712502574664,-1.7276013943976278,0.011397355763007648,1.7276013943976278,1.72763898938494
972,1.2755575967078188,-1.727190412384831,0.011302454635668566,1.727190412384831,1.7272273927062625
973,1.2742466433710173,-1.7268121356898249,0.011208132461594814,1.7268121356898249,1.7268485093368589
974,1.2729383819301847,-1.7264663554713326,0.011114378772230118,1.7264663554713326,1.7265021303172374
975,1.271632804102564,-1.7261528669740791,0.011021183176904911,1.7261528669740791,1.7261880507758856
976,1.2703299016393441,-1.7258714694840407,0.010928535363819145,1.7258714694840407,1.7259060698845115
977,1.2690296663254861,-1.7256219662841055,0.010836425100837207,1.7256219662841055,1.7256559908136928
978,1.2677320899795501,-1.7254041646098126,0.010744842236107898,1.7254041646098126,1.7254376206886077
979,1.2664371644535239,-1.7252178756055185,0.010653776698518698,1.7252178756055185,1.7252507705451867
980,1.2651448816326529,-1.7250629142806577,0.01056321849800634,1.7250629142806577,1.7250952552863603
981,1.26385523343527,-1.7249390994667269,0.010473157725723929,1.7249390994667269,1.7249708936390291
982,1.2625682118126271,-1.7248462537740807,0.01038358455407919,1.7248462537740807,1.7248775081108434
983,1.2612838087487284,-1.7247842035497283,0.010294489236655886,1.7247842035497283,1.7248149249479823
984,1.2600020162601626,-1.7247527788352,0.010205862108025512,1.7247527788352,1.7247829740930052
985,1.2587228263959389,-1.7247518133250201,0.010117693583452277,1.7247518133250201,1.7247814891433042
986,1.2574462312373225,-1.7247811443255063,0.010029974158510785,1.7247811443255063,1.7248103073098862
987,1.2561722228976697,-1.7248406127142744,0.0099426944086125936,1.7248406127142744,1.7248692693768581
988,1.2549007935222671,-1.7249300629001034,0.0098558449884536548,1.7249300629001034,1.7249582196612738
989,1.2536319352881697,-1.7250493427834437,0.0097694166313884515,1.7250493427834437,1.7250770059736198
990,1.2523656404040404,-1.7251983037172858,0.0096834001487363271,1.7251983037172858,1.7252254795786668
991,1.2511019011099898,-1.7253768004688448,0.009597786429025628,1.7253768004688448,1.7254034951571315
992,1.2498407096774193,-1.7255846911814841,0.0095125664371789251,1.7255846911814841,1.7256109107675808
993,1.248582058408862,-1.7258218373375667,0.0094277312136482674,1.7258218373375667,1.725847587809263
994,1.2473259396378269,-1.7260881037216476,0.0093432718735004562,1.7260881037216476,1.7261133909852782
995,1.2460723457286431,-1.7263833583842692,0.0092591796054582141,1.7263833583842692,1.7264081882663538
996,1.2448212690763052,-1.7267074726064662,0.0091754456709024178,1.7267074726064662,1.7267318508553289
997,1.2435727021063188,-1.7270603208647475,0.0090920614028368874,1.7270603208647475,1.7270842531521147
998,1.242326637274549,-1.7274417807967559,0.0090090182048183746,1.7274417807967559,1.7274652727193338
999,1.2410830670670669,-1.7278517331674705,0.0089263075498600131,1.7278517331674705,1.7278747902485023
1000,1.2398419839999999,-1.7282900618361468,0.0088439209793024949,1.7282900618361468,1.7283126895269501
1001,1.2386033806193806,-1.7287566537235892,0.0087618501016643695,1.7287566537235892,1.728778857405072
1002,1.237367249500998,-1.7292513987803861,0.0086800865914685478,1.7292513987803861,1.7292731837645425
1003,1.2361335832502491,-1.7297741899554282,0.0085986221880468838,1.7297741899554282,1.7297955614868163
1004,1.234902374501992,-1.7303249231652207,0.0085174486943311589,1.7303249231652207,1.7303458864224188
1005,1.2336736159203978,-1.7309034972637791,0.0084365579756228437,1.7309034972637791,1.730924057360824
1006,1.232447300198807,-1.7315098140131422,0.0083559419583531663,1.7315098140131422,1.7315299760009466
1007,1.2312234200595829,-1.7321437780542639,0.0082755926288273426,1.7321437780542639,1.7321635469220156
1008,1.2300019682539682,-1.7328052968789156,0.0081955020319607226,1.7328052968789156,1.7328246775554597
1009,1.2287829375619423,-1.7334942808017964,0.0081156622700017146,1.7334942808017964,1.7335132781569971
1010,1.2275663207920791,-1.7342106429335233,0.0080360655012503036,1.7342106429335233,1.734229261779608
1011,1.2263521107814044,-1.7349542991538924,0.0079567039387672192,1.7349542991538924,1.7349725442467794
1012,1.2251403003952568,-1.735725168086232,0.0078775698490780484,1.735725168086232,1.7357430441268389
1013,1.2239308825271471,-1.7365231710717008,0.0077986555508709511,1.7365231710717008,1.7365406827072369
1014,1.2227238500986193,-1.7373482321447447,0.0077199534136932618,1.7373482321447447,1.7373653839699865
1015,1.2215191960591132,-1.7382002780087595,0.0076414558566428245,1.7382002780087595,1.73821707456731
1016,1.2203169133858267,-1.7390792380124749,0.0075631553470564931,1.7390792380124749,1.7390956837980058
1017,1.219116995083579,-1.7399850441269074,0.0074850443991994302,1.7399850441269074,1.740001143584387
1018,1.2179194341846757,-1.7409176309228598,0.0074071155729507274,1.7409176309228598,1.7409333884497631
1019,1.2167242237487732,-1.7418769355489045,0.0073293614724906191,1.7418769355489045,1.7418923554964116
1020,1.215531356862745,-1.7428628977101144,0.0072517747449871925,1.7428628977101144,1.742877984384291
1021,1.2143408266405484,-1.7438754596470987,0.0071743480792830147,1.7438754596470987,1.7438902173100641
1022,1.2131526262230918,-1.7449145661157606,0.0070970742045834249,1.7449145661157606,1.7449289989868408
1023,1.2119667487781036,-1.745980164367591,0.0070199458891466657,1.745980164367591,1.7459942766244587
1024,1.2107831874999999,-1.7470722041304496,0.0069429559389737258,1.7470722041304496,1.7470859999102502
1025,1.209601935609756,-1.7481906375897833,0.0068660971965036795,1.7481906375897833,1.7482041209902479
1026,1.2084229863547757,-1.7493354193706216,0.00678936253930695,1.7493354193706216,1.7493485944511686
1027,1.2072463330087633,-1.75050650651982,0.0067127448787844858,1.75050650651982,1.7505193773026426
1028,1.2060719688715953,-1.7517038584891398,0.0066362371588684528,1.7517038584891398,1.751716428960284
1029,1.2048998872691934,-1.7529274371184216,0.0065598323547236895,1.7529274371184216,1.752939711228849
1030,1.203730081553398,-1.7541772066196879,0.0064835234714560389,1.7541772066196879,1.7541891882863307
1031,1.2025625451018427,-1.7554531335615353,0.006407303542819362,1.7554531335615353,1.7554648266683393
1032,1.2013972713178294,-1.7567551868540234,0.0063311656299293965,1.7567551868540234,1.7567665952529805
1033,1.2002342536302033,-1.7580833377341407,0.0062551028199770656,1.7580833377341407,1.7580944652463091
1034,1.1990734854932301,-1.7594375597517495,0.0061791082249474001,1.7594375597517495,1.7594484101682684
1035,1.1979149603864734,-1.7608178287559344,0.0061031749803404228,1.7608178287559344,1.7608284058390253
1036,1.1967586718146717,-1.7622241228819777,0.0060272962438950445,1.7622241228819777,1.7622344303659396
1037,1.1956046133076181,-1.7636564225387268,0.0059514651943159431,1.7636564225387268,1.7636664641309194
1038,1.1944527784200385,-1.7651147103964213,0.0058756750300037169,1.7651147103964213,1.7651244897782423
1039,1.1933031607314726,-1.7665989713750618,0.0057999189677862793,1.7665989713750618,1.7666084922029159
1040,1.1921557538461538,-1.7681091926332391,0.005724190241655604,1.7681091926332391,1.7681184585394969
1041,1.1910105513928915,-1.7696453635573075,0.0056484821015038017,1.7696453635573075,1.769654378151261
1042,1.189867547024952,-1.7712074757513205,0.0055727878118640179,1.7712074757513205,1.771216242620127
1043,1.1887267344199424,-1.7727955230269661,0.0054971006506521983,1.7727955230269661,1.7728040457365888
1044,1.1875881072796934,-1.7744095013945018,0.0054214139079118134,1.7744095013945018,1.7744177834906427
1045,1.1864516593301435,-1.7760494090536292,0.0053457208845594222,1.7760494090536292,1.7760574540626555
1046,1.1853173843212237,-1.7777152463852595,0.0052700148911330562,1.7777152463852595,1.7777230578151244
1047,1.1841852760267431,-1.7794070159433057,0.005194289246541044,1.7794070159433057,1.7794145972844655
1048,1.1830553282442746,-1.7811247224473195,0.0051185372768126642,1.7811247224473195,1.781132077173643
1049,1.1819275347950429,-1.7828683727753294,0.0050427523138503808,1.7828683727753294,1.7828755043450033
1050,1.1808018895238095,-1.7846379759570961,0.0049669276941809466,1.7846379759570961,1.7846448878135279
1051,1.179678386298763,-1.7864335431680494,0.0048910567577101615,1.7864335431680494,1.7864402387407639
1052,1.1785570190114067,-1.7882550877232846,0.0048151328464748205,1.7882550877232846,1.7882615704288176
1053,1.1774377815764481,-1.790102625072413,0.0047391493033967225,1.790102625072413,1.7901088983152014
1054,1.1763206679316887,-1.7919761727944787,0.0046630994710361844,1.7919761727944787,1.7919822399677472
1055,1.1752056720379147,-1.793875750593517,0.0045869766903439448,1.793875750593517,1.7938816150801624
1056,1.1740927878787879,-1.7958013802944404,0.0045107742994142733,1.7958013802944404,1.7958070454679138
1057,1.1729820094607379,-1.7977530858394228,0.0044344856322355401,1.7977530858394228,1.7977585550646087
1058,1.1718733308128544,-1.7997308932846772,0.0043581040174394386,1.7997308932846772,1.7997361699187713
1059,1.1707667459867799,-1.8017348307975358,0.0042816227770502008,1.8017348307975358,1.8017399181909217
1060,1.1696622490566038,-1.8037649286542008,0.0042050352252296919,1.8037649286542008,1.803769830151325
1061,1.1685598341187557,-1.8058212192376741,0.0041283346670219281,1.8058212192376741,1.8058259381779196
1062,1.167459495291902,-1.8079037370362006,0.0040515143970945838,1.8079037370362006,1.807908276754761
1063,1.1663612267168391,-1.8100125186421656,0.0039745676984769326,1.8100125186421656,1.8100168824709193
1064,1.165265022556391,-1.8121476027512844,0.003897487841295828,1.8121476027512844,1.8121517940196674
1065,1.164170876995305,-1.8143090301624194,0.0038202680815072349,1.8143090301624194,1.8143130521983006
1066,1.16307878424015,-1.8164968437775215,0.0037429016596237322,1.8164968437775215,1.8165006999080762
1067,1.1619887385192127,-1.8187110886021989,0.0036653817994389826,1.8187110886021989,1.818714782154786
1068,1.1609007340823969,-1.8209518117466335,0.003587701706746077,1.8209518117466335,1.8209553460496726
1069,1.1598147652011224,-1.8232190624269284,0.0035098545680522005,1.8232190624269284,1.8232224408107796
1070,1.1587308261682243,-1.8255128919667958,0.0034318335492869723,1.8255128919667958,1.8255161177646404
1071,1.1576489112978523,-1.8278333537997247,0.0033536317945064269,1.8278333537997247,1.8278364303484496
1072,1.1565690149253731,-1.8301805034715195,0.0032752424245889485,1.8301805034715195,1.8301834341126042
1073,1.1554911314072693,-1.8325543986432926,0.0031966585359272277,1.8325543986432926,1.8325571867236981
1074,1.1544152551210427,-1.8349550990948247,0.0031178731991112901,1.8349550990948247,1.8349577479678882
1075,1.1533413804651163,-1.8373826667283444,0.0030388794576054669,1.8373826667283444,1.8373851797546752
1076,1.1522695018587359,-1.8398371655727348,0.0029596703264170559,1.8398371655727348,1.8398395461211166
1077,1.1511996137418754,-1.8423186617881515,0.0028802387907584295,1.8423186617881515,1.8423209132364475
1078,1.150131710575139,-1.8448272236709875,0.002800577804698513,1.8448272236709875,1.8448293494070513
1079,1.1490657868396663,-1.847362921659367,0.0027206802898071267,1.847362921659367,1.8473649250819593
1080,1.1480018370370371,-1.8499258283390128,0.0026405391337888228,1.8499258283390128,1.8499277128587213
1081,1.1469398556891766,-1.8525160184494407,0.0025601471891093033,1.8525160184494407,1.8525177874896097
1082,1.1458798373382624,-1.8551335688906567,0.0024794972716084647,1.8551335688906567,1.8551352258883191
1083,1.1448217765466298,-1.8577785587302778,0.0023985821591052071,1.8577785587302778,1.8577801071370967
1084,1.143765667896679,-1.8604510692110479,0.0023173945899905438,1.8604510692110479,1.8604525124942632
1085,1.1427115059907833,-1.863151183758764,0.0022359272618095068,1.863151183758764,1.8631525254021484
1086,1.1416592854511969,-1.8658789879906799,0.0021541728298304147,1.8658789879906799,1.865880231495501
1087,1.1406090009199632,-1.8686345697242084,0.0020721239056024597,1.8686345697242084,1.8686357186101996
1088,1.1395606470588235,-1.8714180189862013,0.0019897730555000631,1.8714180189862013,1.871419076792542
1089,1.1385142185491275,-1.8742294280225611,0.0019071127992538661,1.8742294280225611,1.8742303983088646
1090,1.137469710091743,-1.8770688913083768,0.0018241356084681744,1.8770688913083768,1.8770697776556888
1091,1.1364271164069659,-1.8799365055583541,0.0017408339051237683,1.8799365055583541,1.8799373115701599
1092,1.1353864322344323,-1.8828323697378009,0.0016572000600657104,1.8828323697378009,1.882833099041044
1093,1.1343476523330283,-1.8857565850739828,0.0015732263914757585,1.8857565850739828,1.8857572413200931
1094,1.1333107714808044,-1.8887092550680595,0.0014889051633299203,1.8887092550680595,1.8887098419339934
1095,1.1322757844748859,-1.8916904855071959,0.0014042285838376514,1.8916904855071959,1.8916910066964863
1096,1.1312426861313867,-1.8947003844774146,0.0013191888038658409,1.8947003844774146,1.8947008437212356
1097,1.1302114712853235,-1.8977390623767372,0.0012337779153443387,1.8977390623767372,1.8977394634349789
1098,1.1291821347905282,-1.9008066319287611,0.0011479879496534267,1.9008066319287611,1.9008069785911177
1099,1.1281546715195632,-1.9039032081968328,0.0010618108759928484,1.9039032081968328,1.9039035042839039
1100,1.1271290763636364,-1.907028908598611,0.00097523859973150774,1.907028908598611,1.9070291579630172
1101,1.1261053442325157,-1.9101838529209951,0.00088826296073703584,1.9101838529209951,1.9101840594485091
1102,1.1250834700544463,-1.9133681633357069,0.00080087573168583989,1.9133681633357069,1.9133683309463951
1103,1.1240634487760652,-1.9165819644152693,0.00071306861635049741,1.9165819644152693,1.9165820970646532
1104,1.1230452753623188,-1.9198253831494068,0.00062483324786698213,1.9198253831494068,1.9198254848296377
1105,1.12202894479638,-1.9230985489620274,0.00053616118697842868,1.9230985489620274,1.9230986237030785
1106,1.121014452079566,-1.9264015937286185,0.00044704392025656002,1.9264015937286185,1.926401645599491
1107,1.1200017922312555,-1.9297346517942495,0.00035747285829966068,1.9297346517942495,1.9297346849042016
1108,1.1189909602888086,-1.9330978599919133,0.00026743933390507347,1.9330978599919133,1.9330978784916999
1109,1.1179819513074842,-1.9364913576615796,0.00017693460021760664,1.9364913576615796,1.9364913657447174
1110,1.1169747603603604,-1.9399152866694669,8.5949828852552009e-05,1.9399152866694669,1.9399152885735123
1111,1.1159693825382537,-1.9433697914281893,-5.5238920091793108e-06,1.9433697914281893,1.9433697914360399
1112,1.1149658129496403,-1.9468550189171996,-9.7495559551390642e-05,1.9468550189171996,1.9468550213584148
1113,1.1139640467205749,-1.9503711187036954,-0.00018997425828237442,1.9503711187036954,1.9503711279558364
1114,1.112964078994614,-1.9539182429643693,-0.00028296916202245946,1.9539182429643693,1.9539182634543633
1115,1.1119659049327353,-1.9574965465073877,-0.00037648953592097587,1.9574965465073877,1.9574965827129096
1116,1.1109695197132616,-1.9611061867950941,-0.00047054473850461178,1.9611061867950941,1.9611062432459763
1117,1.1099749185317815,-1.9647473239672095,-0.00056514422375521863,1.9647473239672095,1.964747405246869
1118,1.1089820966010733,-1.9684201208645993,-0.00066029754322099782,1.9684201208645993,1.9684202316114945
1119,1.1079910491510276,-1.972124743053655,-0.00075601434815948806,1.972124743053655,1.9721248879627626
1120,1.1070017714285714,-1.9758613588512057,-0.00085230439171482151,1.9758613588512057,1.9758615426755259
1121,1.1060142586975914,-1.9796301393500428,-0.00094917753112884766,1.9796301393500428,1.9796303669021285
1122,1.1050285062388592,-1.983431258445072,-0.0010466437299883721,1.983431258445072,1.9834315345985851
1123,1.1040445093499553,-1.9872648928599652,-0.0011447130605084408,1.9872648928599652,1.987265222551263
1124,1.1030622633451956,-1.9911312221745288,-0.0012433957058526795,1.9911312221745288,1.9911316104042731
1125,1.1020817635555555,-1.9950304288527212,-0.0013427019624924028,1.9950304288527212,1.9950308806875225
1126,1.1011030053285966,-1.9989626982711428,-0.0014426422426043908,1.9989626982711428,1.9989632188452311
1127,1.1001259840283939,-2.0029282187483375,-0.0015432270765095872,2.0029282187483375,2.0029288132652638
1128,1.0991506950354608,-2.0069271815746612,-0.0016444671151526515,2.0069271815746612,2.0069278553090308
1129,1.0981771337466784,-2.0109597810427795,-0.0017463731326238588,2.0109597810427795,2.0109605393420185
1130,1.0972052955752212,-2.015026214478997,-0.0018489560287248772,2.015026214478997,2.0150270627651512
1131,1.0962351759504863,-2.0191266822750116,-0.0019522268315785448,2.0191266822750116,2.01912762604658
1132,1.0952667703180212,-2.0232613879205719,-0.0020561967002846334,2.0232613879205719,2.023262432754374
1133,1.0943000741394526,-2.0274305380368034,-0.0021608769276228075,2.0274305380368034,2.0274316895898856
1134,1.0933350828924162,-2.0316343424101433,-0.0022662789428027417,2.0316343424101433,2.0316356064217183
1135,1.0923717920704845,-2.0358730140271515,-0.0023724143142645629,2.0358730140271515,2.0358743963205774
1136,1.0914101971830985,-2.040146769109902,-0.0024792947525289783,2.040146769109902,2.0401482755947034
1137,1.0904502937554967,-2.0444558271522535,-0.0025869321130995741,2.0444558271522535,2.0444574638261765
1138,1.0894920773286467,-2.0488004109568569,-0.0026953383994182609,2.0488004109568569,2.0488021839079713
1139,1.0885355434591746,-2.0531807466728367,-0.0028045257658752178,2.0531807466728367,2.0531826620816762
1140,1.0875806877192982,-2.0575970638344128,-0.00291450652087419,2.0575970638344128,2.0575991279761605
1141,1.0866275056967571,-2.0620495954002935,-0.0030252931299558352,2.0620495954002935,2.0620518146470124
1142,1.0856759929947459,-2.0665385777936915,-0.0031368982189790388,2.0665385777936915,2.0665409586165984
1143,1.084726145231846,-2.0710642509435244,-0.003249334577362809,2.0710642509435244,2.0710667999153136
1144,1.083777958041958,-2.0756268583261068,-0.0033626151613896649,2.0756268583261068,2.0756295821233204
1145,1.0828314270742356,-2.0802266470079767,-0.0034767530975725819,2.0802266470079767,2.0802295524134231
1146,1.0818865479930191,-2.0848638676894327,-0.0035917616860861997,2.0848638676894327,2.0848669615946602
1147,1.080943316477768,-2.0895387747490037,-0.003707654404265316,2.0895387747490037,2.089542064156821
1148,1.0800017282229963,-2.0942516262888979,-0.0038244449101710112,2.0942516262888979,2.094255118315953
1149,1.0790617789382071,-2.0990026841812739,-0.0039421470462265963,2.0990026841812739,2.0990063860606822
1150,1.0781234643478259,-2.1037922141154883,-0.0040607748429258867,2.1037922141154883,2.1037961331995252
1151,1.0771867801911381,-2.108620485646437,-0.0041803425226142254,2.108620485646437,2.1086246294092796
1152,1.0762517222222221,-2.1134877722435981,-0.0043008645033452662,2.1134877722435981,2.1134921482841338
1153,1.0753182862098871,-2.1183943513413519,-0.0044223554028150047,2.1183943513413519,2.1183989673860437
1154,1.0743864679376083,-2.1233405043901472,-0.0045448300423749192,2.1233405043901472,2.1233453682959631
1155,1.0734562632034632,-2.1283265169087588,-0.0046683034511264786,2.1283265169087588,2.1283316366661662
1156,1.072527667820069,-2.1333526785376762,-0.004792790870099017,2.1333526785376762,2.1333580622737012
1157,1.0716006776145202,-2.1384192830933273,-0.0049183077565126288,2.1384192830933273,2.1384249390746843
1158,1.0706752884283246,-2.1435266286237731,-0.0050448697881296731,2.1435266286237731,2.1435325652600614
1159,1.0697514961173424,-2.1486750174651323,-0.0051724928676950242,2.1486750174651323,2.148681243312105
1160,1.0688292965517241,-2.1538647562994688,-0.0053011931274691525,2.1538647562994688,2.1538712800623774
1161,1.0679086856158484,-2.1590961562135913,-0.0054309869338558647,2.1590961562135913,2.1591029867506046
1162,1.0669896592082615,-2.1643695327592551,-0.0055618908921263761,2.1643695327592551,2.1643766790849535
1163,1.0660722132416165,-2.1696852060144227,-0.0056939218512436374,2.1696852060144227,2.1696926773033773
1164,1.0651563436426117,-2.1750435006458053,-0.0058270969087881735,2.1750435006458053,2.1750513062362331
1165,1.0642420463519313,-2.1804447459727543,-0.0059614334159889867,2.1804447459727543,2.1804528953702627
1166,1.0633293173241851,-2.185889276032241,-0.0060969489828613509,2.185889276032241,2.185897778913656
1167,1.0624181525278491,-2.191377429645371,-0.0062336614834554455,2.191377429645371,2.191386295862654
1168,1.0615085479452053,-2.1969095504851239,-0.0063715890612174187,2.1969095504851239,2.1969187900693816
1169,1.060600499572284,-2.2024859871454403,-0.0065107501344670964,2.2024859871454403,2.2024956103110256
1170,1.0596940034188034,-2.2081070932118196,-0.0066511634019940317,2.2081070932118196,2.2081171103605337
1171,1.0587890555081128,-2.2137732273331636,-0.0067928478487762466,2.2137732273331636,2.2137836490585494
1172,1.0578856518771331,-2.2194847532952799,-0.0069358227518242343,2.2194847532952799,2.2194955903870266
1173,1.0569837885763,-2.2252420400957833,-0.0070801076861530983,2.2252420400957833,2.2252533035442261
1174,1.0560834616695058,-2.2310454620204538,-0.0072257225308876676,2.2310454620204538,2.2310571630211884
1175,1.0551846672340426,-2.2368953987213018,-0.0073726874755021734,2.2368953987213018,2.2369075486799055
1176,1.0542874013605441,-2.2427922352959575,-0.0075210230261998617,2.2427922352959575,2.2428048458328242
1177,1.0533916601529312,-2.2487363623690761,-0.0076707500124348262,2.2487363623690761,2.248749445324369
1178,1.0524974397283531,-2.2547281761750453,-0.0078218895935808375,2.2547281761750453,2.2547417436137689
1179,1.051604736217133,-2.2607680786425322,-0.0079744632657504019,2.2607680786425322,2.2607821428597279
1180,1.0507135457627117,-2.2668564774807614,-0.0081284928687686969,2.2668564774807614,2.2668710510068286
1181,1.0498238645215918,-2.2729937862675014,-0.0082840005933058104,2.2729937862675014,2.27300888187365
1182,1.0489356886632826,-2.2791804245389997,-0.0084410089881725298,2.2791804245389997,2.2791960552428381
1183,1.048049014370245,-2.2854168178815959,-0.0085995409677829017,2.2854168178815959,2.285432996952852
1184,1.0471638378378378,-2.2917033980252635,-0.0087596198197889517,2.2917033980252635,2.2917201389916544
1185,1.0462801552742615,-2.298040602939194,-0.0089212692128920849,2.298040602939194,2.2980579195924333
1186,1.0453979629005059,-2.3044288769292507,-0.0090845132048355468,2.3044288769292507,2.3044467833312137
1187,1.0445172569502947,-2.3108686707374417,-0.0092493762505835506,2.3108686707374417,2.3108871812264775
1188,1.0436380336700335,-2.3173604416435349,-0.0094158832106912803,2.3173604416435349,2.3173795708409437
1189,1.0427602893187551,-2.3239046535686843,-0.0095840593598721623,2.3239046535686843,2.3239244163853519
1190,1.0418840201680672,-2.3305017771812864,-0.0097539303957666947,2.3305017771812864,2.3305221888244914
1191,1.041009222502099,-2.3371522900050881,-0.0099255224479193396,2.3371522900050881,2.3371733659854783
1192,1.0401358926174495,-2.3438566765294473,-0.010098862086968138,2.3438566765294473,2.3438784326681961
1193,1.0392640268231348,-2.3506154283219374,-0.010273976334054413,2.3506154283219374,2.3506378807580797
1194,1.038393621440536,-2.3574290441434016,-0.010450892670457276,2.3574290441434016,2.3574522093413646
1195,1.0375246728033471,-2.3642980300653962,-0.01062963904746022,2.3642980300653962,2.3643219248227161
1196,1.036657177257525,-2.3712228995900064,-0.010810243896455504,2.3712228995900064,2.3712475410452485
1197,1.0357911311612364,-2.3782041737724056,-0.010992736139293885,2.3782041737724056,2.3782295794132908
1198,1.0349265308848079,-2.3852423813458277,-0.011177145198885723,2.3852423813458277,2.3852685690175672
1199,1.0340633728106754,-2.3923380588492948,-0.011363501010061058,2.3923380588492948,2.3923650467631434
1200,1.0332016533333332,-2.3994917507580897,-0.011551834030696307,2.3994917507580897,2.3995195575001254
1201,1.032341368859284,-2.4067040096169263,-0.011742175253114218,2.4067040096169263,2.4067326541570555
1202,1.0314825158069882,-2.4139753961761432,-0.011934556215765925,2.4139753961761432,2.4140048978773501
1203,1.0306250906068162,-2.4213064795306414,-0.012129009015202235,2.4213064795306414,2.421336858158476
1204,1.0297690897009966,-2.4286978372618835,-0.012325566318343559,2.4286978372618835,2.4287291129942052
1205,1.0289145095435683,-2.4361500555830791,-0.012524261375055842,2.4361500555830791,2.4361822490200584
1206,1.0280613466003317,-2.4436637294873949,-0.012725128031042386,2.4436637294873949,2.4436968616617838
1207,1.0272095973487987,-2.4512394628994398,-0.0129282007410602,2.4512394628994398,2.4512735552871154
1208,1.0263592582781456,-2.4588778688299531,-0.013133514582470245,2.4588778688299531,2.4589129433607484
1209,1.0255103258891645,-2.4665795695341206,-0.013341105269131921,2.4665795695341206,2.4666156486029456
1210,1.0246627966942148,-2.4743451966731245,-0.013551009165651176,2.4743451966731245,2.4743823031513887
1211,1.0238166672171758,-2.4821753914794069,-0.013763263301993182,2.4821753914794069,2.4822135487267545
1212,1.0229719339933994,-2.4900708049254012,-0.013977905388469852,2.4900708049254012,2.4901100368017643
1213,1.022128593569662,-2.49803209789627,-0.014194973831113955,2.49803209789627,2.4980724287742548
1214,1.0212866425041185,-2.5060599413662947,-0.014414507747450563,2.5060599413662947,2.5061013961439067
1215,1.0204460773662551,-2.5141550165791715,-0.014636546982678165,2.5141550165791715,2.5141976206928902
1216,1.019606894736842,-2.5223180152325426,-0.014861132126271947,2.5223180152325426,2.5223617946707622
1217,1.0187690912078882,-2.5305496396663614,-0.015088304529020897,2.5305496396663614,2.5305946209832011
1218,1.0179326633825942,-2.5388506030559546,-0.015318106320513298,2.5388506030559546,2.538896813385457
1219,1.0170976078753076,-2.5472216296088117,-0.015550580427082614,2.5472216296088117,2.5472690966795382
1220,1.0162639213114752,-2.5556634547664947,-0.015785770590229196,2.5556634547664947,2.5557122069165268
1221,1.0154316003276003,-2.5641768254106756,-0.016023721385530952,2.5641768254106756,2.5642268916030448
1222,1.0146006415711948,-2.5727625000740435,-0.016264478242059371,2.5727625000740435,2.5728139099125937
1223,1.0137710417007357,-2.5814212491561381,-0.016508087462315038,2.5814212491561381,2.5814740329018417
1224,1.0129427973856209,-2.5901538551438881,-0.016754596242699281,2.5901538551438881,2.5902080437316228
1225,1.0121159053061224,-2.5989611128374968,-0.017004052694539321,2.5989611128374968,2.5990167378933049
1226,1.0112903621533442,-2.6078438295813244,-0.017256505865682212,2.6078438295813244,2.6079009234401678
1227,1.0104661646291768,-2.6168028255003675,-0.017512005762677217,2.6168028255003675,2.616861421224391
1228,1.009643309446254,-2.6258389337420587,-0.017770603373563724,2.6258389337420587,2.6258990651393845
1229,1.0088217933279089,-2.6349530007236988,-0.018032350691284511,2.6349530007236988,2.6350147023677644
1230,1.00800161300813,-2.6441458863859006,-0.018297300737743785,2.6441458863859006,2.6442091936353611
1231,1.0071827652315191,-2.6534184644518302,-0.018565507588529727,2.6534184644518302,2.653483413471041
1232,1.0063652467532467,-2.6627716226926417,-0.01883702639832447,2.6627716226926417,2.6628382504727424
1233,1.0055490543390104,-2.6722062631990102,-0.019111913427021024,2.6722062631990102,2.6722746075796291
1234,1.0047341847649918,-2.6817233026595879,-0.019390226066571724,2.6817233026595879,2.6817934023511882
1235,1.0039206348178138,-2.691323672645562,-0.01967202286859094,2.691323672645562,2.6913955672524508
1236,1.0031084012944984,-2.701008319902523,-0.019957363572736218,2.701008319902523,2.7010820499465442
1237,1.0022974810024252,-2.7107782066488868,-0.020246309135893217,2.7107782066488868,2.710853813593824
1238,1.0014878707592891,-2.7206343108820361,-0.020538921762190882,2.7206343108820361,2.7207118371587469
1239,1.0006795673930589,-2.7305776266914128,-0.020835264933873589,2.7305776266914128,2.7306571157237176
1240,0.99987256774193545,-2.740609164579535,-0.021135403443058386,2.740609164579535,2.7406906608108907
1241,0.99906686865431094,-2.7507299517908006,-0.0214394034244067,2.7507299517908006,2.7508135007117831
1242,0.99826246698872778,-2.7609410326482289,-0.021747332388740256,2.7609410326482289,2.7610266808248514
1243,0.99745935961383747,-2.7712434688987146,-0.022059259257633315,2.7712434688987146,2.7713312640016126
1244,0.9966575434083601,-2.7816383400665439,-0.02237525439901282,2.7816383400665439,2.7817283309010565
1245,0.99585701526104409,-2.7921267438160644,-0.022695389663800726,2.7921267438160644,2.7922189803532405
1246,0.99505777207062596,-2.8027097963228993,-0.023019738423633383,2.8027097963228993,2.802804329731464
1247,0.99425981074578984,-2.8133886326549087,-0.023348375609694612,2.8133886326549087,2.8134855153342215
1248,0.99346312820512817,-2.8241644071624652,-0.023681377752699302,2.8241644071624652,2.8242636927765057
1249,0.99266772137710158,-2.8350382938786609,-0.024018823024067763,2.8350382938786609,2.8351400373910796
1250,0.99187358719999996,-2.8460114869296032,-0.024360791278330428,2.8460114869296032,2.846115744639869
1251,0.99108072262190239,-2.8570852009552254,-0.024707364096806218,2.8570852009552254,2.85719203053592
1252,0.99028912460063889,-2.8682606715407468,-0.02505862483259718,2.8682606715407468,2.8683701320760329
1253,0.98949879010375097,-2.8795391556592174,-0.025414658656946254,2.8795391556592174,2.8796513076845343
1254,0.98870971610845293,-2.8909219321255195,-0.025775552607004121,2.8909219321255195,2.8910368376685454
1255,0.9879218996015936,-2.9024103020620649,-0.026141395635055346,2.9024103020620649,2.9025280246849907
1256,0.9871353375796178,-2.9140055893765622,-0.026512278659254651,2.9140055893765622,2.9141261942197274
1257,0.98635002704852814,-2.9257091412523266,-0.026888294615926192,2.9257091412523266,2.9258326950792619
1258,0.9855659650238473,-2.9375223286512409,-0.027269538513480913,2.9375223286512409,2.9376488998951773
1259,0.9847831485305798,-2.9494465468301723,-0.02765610748801052,2.9494465468301723,2.9495762056420607
1260,0.9840015746031745,-2.9614832158709756,-0.028048100860616328,2.9614832158709756,2.9616160341690794
1261,0.98322124028548763,-2.9736337812242297,-0.028445620196535966,2.9736337812242297,2.9737698327453446
1262,0.98244214263074481,-2.9858997142681023,-0.028848769366132544,2.9858997142681023,2.9860390746204706
1263,0.9816642787015043,-2.9982825128815591,-0.029257654607813439,2.9982825128815591,2.9984252595995295
1264,0.98088764556962016,-3.0107837020332404,-0.029672384592948749,3.0107837020332404,3.0109299146337527
1265,0.98011224031620547,-3.0234048343863131,-0.030093070492861668,3.0234048343863131,3.0235545944272642
1266,0.97933806003159551,-3.0361474909194577,-0.030519826047968587,3.0361474909194577,3.0363008820600301
1267,0.97856510181531164,-3.0490132815650872,-0.030952767639144951,3.0490132815650872,3.0491703896281077
1268,0.97779336277602513,-3.0620038458647585,-0.031392014361402196,3.0620038458647585,3.0621647589011665
1269,0.97702284003152085,-3.0751208536427574,-0.031837688099959419,3.0751208536427574,3.075285661998266
1270,0.97625353070866139,-3.0883660056981643,-0.032289913608799931,3.0883660056981643,3.0885348020821941
1271,0.97548543194335158,-3.1017410345162117,-0.032748818591805687,3.1017410345162117,3.1019139140731897
1272,0.97471854088050303,-3.1152477049994527,-0.033214533786566816,3.1152477049994527,3.1154247653825662
1273,0.97395285467399839,-3.1288878152192838,-0.033687193050966499,3.1288878152192838,3.1290691566667803
1274,0.97318837048665618,-3.1426631971886723,-0.034166933452648637,3.1426631971886723,3.1428489226028167
1275,0.97242508549019602,-3.1565757176567457,-0.034653895361475243,3.1565757176567457,3.1567659326855271
1276,0.97166299686520374,-3.1706272789259309,-0.035148222545091631,3.1706272789259309,3.1708220920476333
1277,0.97090210180109626,-3.1848198196922466,-0.035650062267716651,3.1848198196922466,3.1850193423030015
1278,0.97014239749608755,-3.1991553159098984,-0.036159565392283891,3.1991553159098984,3.1993596624143277
1279,0.9693838811571539,-3.2136357816806118,-0.036676886486064375,3.2136357816806118,3.2138450695856933
1280,0.96862654999999998,-3.2282632701686005,-0.037202183929906457,3.2282632701686005,3.2284776201808834
1281,0.96787040124902413,-3.2430398745425366,-0.037735620031235262,3.2430398745425366,3.2432594106688435
1282,0.96711543213728546,-3.2579677289444362,-0.038277361140959421,3.2579677289444362,3.2581925785961894
1283,0.96636163990646917,-3.2730490094874316,-0.038827577774442151,3.2730490094874316,3.2732793035887551
1284,0.96560902180685348,-3.2882859352828779,-0.039386444736695683,3.2882859352828779,3.2885218083826335
1285,0.96485757509727621,-3.3036807694977117,-0.039954141251971192,3.3036807694977117,3.3039223598856218
1286,0.96410729704510101,-3.319235820443553,-0.040530851097919415,3.319235820443553,3.3194832702705863
1287,0.96335818492618486,-3.3349534426981924,-0.041116762744508303,3.3349534426981924,3.3352068981013923
1288,0.96261023602484463,-3.3508360382609874,-0.041712069497888971,3.3508360382609874,3.3510956494929216
1289,0.96186344763382459,-3.3668860577430273,-0.042316969649415892,3.3668860577430273,3.3671519793060565
1290,0.96111781705426347,-3.3831060015937187,-0.042931666630029799,3.3831060015937187,3.3833783923792904
1291,0.96037334159566223,-3.399498421364334,-0.043556369170225914,3.399498421364334,3.3997774447975107
1292,0.95963001857585128,-3.4160659210110556,-0.044191291465841706,3.4160659210110556,3.4163517452005046
1293,0.95888784532095894,-3.4328111582375582,-0.044836653349902084,3.4328111582375582,3.4331039561312298
1294,0.95814681916537858,-3.4497368458796229,-0.045492680470782407,3.4497368458796229,3.4500367954263771
1295,0.95740693745173744,-3.4668457533327883,-0.046159604476950125,3.4668457533327883,3.4671530376502071
1296,0.95666819753086418,-3.4841407080247953,-0.04683766320856822,3.4841407080247953,3.4844555155734676
1297,0.95593059676175784,-3.5016245969343291,-0.047527100896250785,3.5016245969343291,3.5019471216988847
1298,0.95519413251155616,-3.5193003681579409,-0.048228168367277002,3.5193003681579409,3.5196308098351281
1299,0.95445880215550416,-3.537171032526861,-0.048941123259587951,3.537171032526861,3.5375095967209833
1300,0.95372460307692297,-3.5552396652755363,-0.049666230243898921,3.5552396652755363,3.5555865637015716
1301,0.95299153266717906,-3.5735094077637912,-0.05040376125428396,3.5735094077637912,3.5738648584585428
1302,0.95225958832565283,-3.5919834692549646,-0.051153995727604346,3.5919834692549646,3.5923476967965993
1303,0.95152876745970827,-3.6106651287515303,-0.051917220852166338,3.6106651287515303,3.6110383644878823
1304,0.95079906748466247,-3.6295577368910017,-0.052693731826021814,3.6295577368910017,3.6299402191770431
1305,0.95007048582375475,-3.648664717904281,-0.053483832125338429,3.648664717904281,3.6490566923491796
1306,0.94934301990811631,-3.6679895716384845,-0.054287833783290967,3.6679895716384845,3.6683912913626799
1307,0.94861666717674054,-3.6875358756473036,-0.055106057679946849,3.6875358756473036,3.6879476015500745
1308,0.94789142507645252,-3.707307287351072,-0.055938833843646327,3.707307287351072,3.707729288389074
1309,0.94716729106187925,-3.7273075462697109,-0.056786501764397673,3.7273075462697109,3.7277400997469998
1310,0.94644426259541981,-3.7475404763309879,-0.057649410719840477,3.7475404763309879,3.7479838682010667
1311,0.94572233714721576,-3.7680099882574378,-0.058527920114353649,3.7680099882574378,3.7684645134378973
1312,0.94500151219512185,-3.7887200820348657,-0.059422399831920519,3.7887200820348657,3.7891860447352097
1313,0.94428178522467621,-3.8096748494658428,-0.060333230603390131,3.8096748494658428,3.8101525635291345
1314,0.94356315372907151,-3.8308784768115363,-0.061260804388808293,3.8308784768115363,3.8313682660705224
1315,0.94284561520912535,-3.8523352475256196,-0.062205524775535731,3.8523352475256196,3.8528374461740369
1316,0.94212916717325224,-3.8740495450836541,-0.063167807392892711,3.8740495450836541,3.8745644980634526
1317,0.9414138071374335,-3.8960258559125283,-0.064148080344128194,3.8960258559125283,3.8965539193177841
1318,0.94069953262518957,-3.9182687724233567,-0.065146784656541307,3.9182687724233567,3.9188103139217043
1319,0.93998634116755109,-3.9407829961526062,-0.066164374750629557,3.9407829961526062,3.9413383954250429
1320,0.93927423030303026,-3.9635733410160476,-0.067201318929196979,3.9635733410160476,3.9641429902160361
1321,0.93856319757759266,-3.9866447366797804,-0.068258099887388624,3.9866447366797804,3.9872290409126023
1322,0.93785324054462926,-4.0100022320539335,-0.069335215244688941,4.0100022320539335,4.0106016098773205
1323,0.93714435676492813,-4.0336509989138012,-0.07043317809996813,4.0336509989138012,4.0342658828609164
1324,0.93643654380664643,-4.0575963356540434,-0.071552517610725591,4.0575963356540434,4.0582271727799508
1325,0.93572979924528299,-4.0818436711818951,-0.072693779597744701,4.0818436711818951,4.0824909236347242
1326,0.93502412066365004,-4.1063985689550933,-0.073857527176441617,4.1063985689550933,4.1070627145731606
1327,0.93431950565184618,-4.1312667311709443,-0.075044341416261123,4.1312667311709443,4.1319482641071952
1328,0.93361595180722889,-4.1564540031134278,-0.076254822029558245,4.1564540031134278,4.1571534344886043
1329,0.93291345673438664,-4.1819663776651321,-0.077489588091479128,4.1819663776651321,4.182684236251192
1330,0.93221201804511267,-4.2078099999912926,-0.07874927879244592,4.2078099999912926,4.2085468329266638
1331,0.93151163335837706,-4.2339911724038934,-0.080034554224950483,4.2339911724038934,4.2347475459422705
1332,0.93081230030030027,-4.2605163594137903,-0.081346096206450197,4.2605163594137903,4.2612928597082567
1333,0.93011401650412595,-4.2873921929794374,-0.082684609140280613,4.2873921929794374,4.2881894269038199
1334,0.92941677961019487,-4.3146254779614619,-0.084050820916598823,4.3146254779614619,4.3154440739709434
1335,0.92872058726591755,-4.3422231977920376,-0.085445483855509013,4.3422231977920376,4.3430638068251559
1336,0.92802543712574848,-4.3701925203696579,-0.086869375694638012,4.3701925203696579,4.3710558167939793
1337,0.92733132685115927,-4.3985408041893557,-0.088323300623577572,4.3985408041893557,4.399427486793229
1338,0.92663825411061274,-4.4272756047197301,-0.089808090367751142,4.4272756047197301,4.4281863977526905
1339,0.92594621657953691,-4.4564046810382809,-0.091324605324429708,4.4564046810382809,4.457340335302832
1340,0.92525521194029847,-4.4859360027377502,-0.092873735753784992,4.4859360027377502,4.4868972967354193
1341,0.92456523788217737,-4.5158777571156197,-0.094456403028051056,4.5158777571156197,4.5168654982503744
1342,0.92387629210134126,-4.5462383566617355,-0.096073560942060349,4.5462383566617355,4.5472533825040458
1343,0.92318837230081896,-4.5770264468573902,-0.097726197088636058,4.5770264468573902,4.5780696264724279
1344,0.92250147619047618,-4.6082509143019372,-0.099415334302527136,4.6082509143019372,4.6093231496456308
1345,0.92181560148698882,-4.6399208951826321,-0.1011420321768384,4.6399208951826321,4.6410231225695551
1346,0.9211307459138186,-4.6720457841051477,-0.10290738865613672,4.6720457841051477,4.6731789757524496
1347,0.92044690720118771,-4.7046352433025938,-0.10471254171071387,4.7046352433025938,4.7058004089545031
1348,0.9197640830860534,-4.7376992122422159,-0.10655867109676936,4.7376992122422159,4.7388974008799165
1349,0.91908227131208298,-4.7712479176503262,-0.10844700020759521,4.7712479176503262,4.7724802192923335
1350,0.91840146962962954,-4.8052918839759968,-0.1103787980211928,4.8052918839759968,4.8065594315745424
1351,0.91772167579570685,-4.8398419443176071,-0.11235538115011354,4.8398419443176071,4.8411459157568695
1352,0.91704288757396446,-4.8749092518349535,-0.11437811599971587,4.8749092518349535,4.8762508720374171
1353,0.91636510273466365,-4.9105052916730312,-0.11644842104144668,4.9105052916730312,4.911885834820664
1354,0.91568831905465287,-4.9466418934247098,-0.11856776920823273,4.9466418934247098,4.9480626853021388
1355,0.91501253431734308,-4.9833312441605386,-0.1207376904195408,4.9833312441605386,4.9847936646279019
1356,0.91433774631268427,-5.020585902056359,-0.12295977424420929,5.020585902056359,5.0220913876600504
1357,0.91366395283714064,-5.0584188106509504,-0.12523567270974084,5.0584188106509504,5.0599688573810848
1358,0.91299115169366707,-5.0968433137684972,-0.12756710326733478,5.0968433137684972,5.0984394799725381
1359,0.91231934069168497,-5.1358731711415402,-0.12995585192265136,5.1358731711415402,5.1375170806042485
1360,0.91164851764705879,-5.1755225747741438,-0.13240377654298519,5.1755225747741438,5.1772159199747145
1361,0.91097868038207197,-5.21580616608607,-0.13491281035234481,5.21580616608607,5.2175507116441748
1362,0.91030982672540373,-5.256739053882221,-0.13748496562676066,5.256739053882221,5.2585366402055183
1363,0.90964195451210561,-5.2983368331939413,-0.14012233760307752,5.2983368331939413,5.3001893803405702
1364,0.90897506158357766,-5.3406156050424389,-0.14282710861548603,5.3406156050424389,5.3425251168130492
1365,0.90830914578754574,-5.3835919971773762,-0.1456015524751198,5.3835919971773762,5.3855605654523515
1366,0.90764420497803799,-5.4272831858474131,-0.14844803910923288,5.4272831858474131,5.4293129951861703
1367,0.90698023701536201,-5.4717069186634362,-0.15136903947774416,5.4717069186634362,5.473800251183973
1368,0.90631723976608181,-5.5168815386191792,-0.15436713078631503,5.5168815386191792,5.5190407791775131
1369,0.90565521110299485,-5.5628260093383179,-0.15744500201665323,5.5628260093383179,5.5650536510289728
1370,0.90499414890510943,-5.6095599416222992,-0.16060545979636059,5.6095599416222992,5.6118585916227408
1371,0.9043340510576221,-5.657103621377523,-0.16385143463244278,5.657103621377523,5.6594760071612455
1372,0.90367491545189493,-5.7054780390071187,-0.16718598753455238,5.7054780390071187,5.7079270149521379
1373,0.9030167399854333,-5.7547049203575575,-0.17061231705615687,5.7547049203575575,5.7572334747792491
1374,0.90235952256186314,-5.8048067593179589,-0.17413376678415987,5.8048067593179589,5.8074180219575977
1375,0.90170326109090904,-5.8558068521753643,-0.17775383331002875,5.8558068521753643,5.8585041021783324
1376,0.90104795348837208,-5.9077293338388568,-0.18147617471828076,5.9077293338388568,5.9105160082593873
1377,0.90039359767610738,-5.9605992160520103,-0.18530461963121186,5.9605992160520103,5.9634789189244657
1378,0.8997401915820028,-6.0144424277227877,-0.1892431768520752,6.0144424277227877,6.0174189397429396
1379,0.89908773313995638,-6.0692858575102147,-0.19329604565260011,6.0692858575102147,6.0723631463737764
1380,0.89843622028985504,-6.1251573988160928,-0.19746762675472207,6.1251573988160928,6.1283396302659066
1381,0.89778565097755247,-6.1820859973434725,-0.2017625340608255,6.1820859973434725,6.1853775469813383
1382,0.89713602315484797,-6.2401017013945008,-0.20618560719163465,6.2401017013945008,6.243507167318664
1383,0.89648733477946485,-6.2992357150946514,-0.21074192489622917,6.2992357150946514,6.3027599314294829
1384,0.89583958381502882,-6.3595204547443043,-0.21543681940453768,6.3595204547443043,6.3631685061348442
1385,0.89519276823104688,-6.4209896085162566,-0.22027589179913259,6.4209896085162566,6.4247668456669818
1386,0.8945468860028859,-6.4836781997327524,-0.22526502849032709,6.4836781997327524,6.4875902560774046
1387,0.89390193511175187,-6.5476226539778075,-0.23041041888645236,6.5476226539778075,6.5516754635753154
1388,0.89325791354466855,-6.6128608703189578,-0.2357185743599714,6.6128608703189578,6.617060687079567
1389,0.89261481929445641,-6.6794322969369837,-0.24119634861975192,6.6794322969369837,6.6837857152928208
1390,0.89197265035971218,-6.7473780114864343,-0.24685095961055559,6.7473780114864343,6.7518919886318738
1391,0.89133140474478789,-6.816740806538327,-0.25269001307274752,6.816740806538327,6.8214226863779315
1392,0.89069108045977008,-6.8875652804846688,-0.25872152790845393,6.8875652804846688,6.8924228194402826
1393,0.89005167552045938,-6.9598979343201481,-0.26495396351512979,6.9598979343201481,6.9649393291640544
1394,0.88941318794835,-7.0337872747499155,-0.27139624926393191,7.0337872747499155,7.0390211926480495
1395,0.88877561577060926,-7.1092839241151431,-0.27805781631858806,7.1092839241151431,7.1147195350834362
1396,0.8881389570200573,-7.1864407376699795,-0.28494863201089582,7.1864407376699795,7.1920877496682083
1397,0.88750320973514663,-7.2653129287936906,-0.29207923701184135,7.2653129287936906,7.2711816257050117
1398,0.88686837195994273,-7.3459582027747174,-0.29946078556292388,7.3459582027747174,7.352059485545742
1399,0.88623444174410282,-7.4284368998633603,-0.30710508906099077,7.4284368998633603,7.4347823311095498
1400,0.88560141714285712,-7.5128121483547829,-0.31502466332202406,7.5128121483547829,7.5194140007694985
1401,0.88496929621698783,-7.5991500285377676,-0.32323277988566734,7.5991500285377676,7.606021337481125
1402,0.8843380770328102,-7.6875197484247941,-0.3317435217629201,7.6875197484247941,7.6946743691109418
1403,0.88370775766215248,-7.7779938322689723,-0.34057184407555618,7.7779938322689723,7.7854465020184422
1404,0.88307833618233611,-7.8706483229733877,-0.3497336400876746,7.8706483229733877,7.8784147290513182
1405,0.88244981067615647,-7.9655629996090234,-0.35924581318859816,7.9655629996090234,7.9736598532313776
1406,0.88182217923186335,-8.0628216113817928,-0.36912635545292438,8.0628216113817928,8.0712667285411435
1407,0.88119543994314142,-8.1625121295275278,-0.37939443347910196,8.1625121295275278,8.1713245193688735
1408,0.88056959090909082,-8.2647270187682409,-0.39007048229384622,8.2647270187682409,8.2739269803349575
1409,0.87994463023420855,-8.369563530135899,-0.40117630820755112,8.369563530135899,8.3791727584080711
1410,0.87932055602836878,-8.4771240171658278,-0.41273520161762822,8.4771240171658278,8.4871657194297807
1411,0.87869736640680363,-8.5875162776772278,-0.42477206088426955,8.5875162776772278,8.598015301398295
1412,0.87807505949008491,-8.7008539236063278,-0.43731352854946515,8.7008539236063278,8.7118368971295599
1413,0.87745363340410465,-8.8172567816324943,-0.45038814133796135,8.8172567816324943,8.8287522692112095
1414,0.87683308628005652,-8.9368513276504231,-0.46402649557187237,8.9368513276504231,8.9488900005039653
1415,0.87621341625441684,-9.0597711584936782,-0.47826142985319464,9.0597711584936782,9.0723859838280205
1416,0.87559462146892653,-9.1861575047138189,-0.49312822712545046,9.1861575047138189,9.1993839549068674
1417,0.8749767000705716,-9.3161597886734917,-0.50866483852329369,9.3161597886734917,9.3300360731374923
1418,0.87435965021156548,-9.4499362327246992,-0.52491213176400886,9.4499362327246992,9.464503555318478
1419,0.87374347004933051,-9.5876545228300181,-0.54191416723658281,9.5876545228300181,9.602957368112941
1420,0.87312815774647878,-9.729492533653918,-0.55971850541215229,9.729492533653918,9.7455789857621156
1421,0.87251371147079515,-9.8756391219116466,-0.57837654974701791,9.8756391219116466,9.8925612204084494
1422,0.87190012939521799,-10.026294995641233,-0.59794392989119061,10.026294995641233,10.044109133363404
1423,0.87128740969782148,-10.181673668064661,-0.6184809307693746,10.181673668064661,10.200441036773197
1424,0.87067555056179768,-10.342002505858538,-0.64005297399037975,10.342002505858538,10.361789596430638
1425,0.87006455017543849,-10.50752388298439,-0.66273115909174418,10.50752388298439,10.528403047980184
1426,0.86945440673211771,-10.678496452762456,-0.686592873372464,10.678496452762456,10.70054654050092
1427,0.86884511843027323,-10.8551965526506,-0.7117224805490685,10.8551965526506,10.878503623476732
1428,0.86823668347338934,-11.037919758250769,-0.73821210023931383,11.037919758250769,11.062577895523377
1429,0.86762910006997895,-11.226982605461153,-0.76616249239639256,11.226982605461153,11.253094836003219
1430,0.86702236643356634,-11.422724502486982,-0.79568406336248865,11.422724502486982,11.450403843900247
1431,0.86641648078266942,-11.625509856686907,-0.82689801328165879,11.625509856686907,11.654880512141411
1432,0.86581144134078203,-11.835730445054661,-0.85993764833053521,11.835730445054661,11.866929170051117
1433,0.86520724633635726,-12.053808061625496,-0.89494988574575696,12.053808061625496,12.086985731955844
1434,0.86460389400278936,-12.280197480383379,-0.9320969851456169,12.280197480383379,12.315520896289033
1435,0.8640013825783972,-12.515389778481364,-0.97155854640848993,12.515389778481364,12.553043747092383
1436,0.86339971030640661,-12.759916071968306,-1.0135338227030206,12.759916071968306,12.800105818837517
1437,0.86279887543493383,-13.014351724968904,-1.0582444075742621,13.014351724968904,13.05730569632814
1438,0.862198876216968,-13.279321103671521,-1.1059373678095845,13.279321103671521,13.325294234497541
1439,0.86159971091035437,-13.555502958880048,-1.1568889098299353,13.555502958880048,13.604780498703137
1440,0.86100137777777774,-13.843636535698639,-1.2114086874844774,13.843636535698639,13.896538545286846
1441,0.86040387508674521,-14.14452852664056,-1.269844884566298,14.14452852664056,14.201415185530198
1442,0.85980720110956999,-14.459061005690621,-1.3325902377013015,14.459061005690621,14.520338904719127
1443,0.85921135412335403,-14.788200506335485,-1.4000892066150117,14.788200506335485,14.854330143162329
1444,0.85861633240997226,-15.133008437162196,-1.4728465520068883,15.133008437162196,15.204513189345484
1445,0.85802213425605534,-15.494653065329345,-1.5514376502332965,15.494653065329345,15.572129989101732
1446,0.85742875795297369,-15.874423342172165,-1.6365209640071225,15.874423342172165,15.958556241469191
1447,0.85683620179682096,-16.273744897668436,-1.7288532066541258,16.273744897668436,16.365320235319189
1448,0.85624446408839772,-16.694198592701603,-1.8293078942438035,16.694198592701603,16.794124985378158
1449,0.85565354313319519,-17.137542091043152,-1.9388981893173121,17.137542091043152,17.246874357715186
1450,0.85506343724137923,-17.605734997102736,-2.0588052220076545,17.605734997102736,17.725704040471118
1451,0.85447414472777394,-18.100968199643937,-2.190413457671986,18.100968199643937,18.233018424826746
1452,0.85388566391184562,-18.625698161635519,-2.3353552058719851,18.625698161635519,18.771534725374643
1453,0.8532979931176875,-19.182686992028948,-2.4955670934039054,19.182686992028948,19.344336001833639
1454,0.85271113067400273,-19.775049204943592,-2.6733623416744381,19.775049204943592,19.954935160702057
1455,0.85212507491408929,-20.40630607246851,-2.8715241254720905,20.40630607246851,20.607352530745754
1456,0.85153982417582408,-21.080448325937702,-3.0934273388128002,21.080448325937702,21.306210229016429
1457,0.85095537680164712,-21.802007498683736,-3.3431990425465399,21.802007498683736,22.056847254554441
1458,0.85037173113854592,-22.576135130673066,-3.625932150737885,22.576135130673066,22.865460008496772
1459,0.84978888553803966,-23.408686802224452,-3.9479731759548837,23.408686802224452,23.739273577822395
1460,0.84920683835616428,-24.306303443041124,-4.3173140526449441,24.306303443041124,24.68674923302698
1461,0.84862558795345644,-25.276473484336947,-4.7441315542371267,25.276473484336947,25.717832257177061
1462,0.84804513269493842,-26.327542135975015,-5.2415374027657826,26.327542135975015,26.844239405617966
1463,0.8474654709501025,-27.468600476998638,-5.8266297145598482,27.468600476998638,28.079772541734762
1464,0.84688660109289615,-28.709121716934156,-6.5219722995886205,28.709121716934156,29.440614674872904
1465,0.84630852150170643,-30.058085117948565,-7.3576659522374523,30.058085117948565,30.945496105613739
1466,0.84573123055934507,-31.522084327886546,-8.3741851172645632,31.522084327886546,32.615468366292184
1467,0.84515472665303337,-33.101464224745285,-9.6260336614613848,33.101464224745285,34.472705984208424
1468,0.84457900817438691,-34.782763466319437,-11.185733586459907,34.782763466319437,36.537121810854003
1469,0.84400407351940088,-36.52475363476087,-13.14596613013688,36.52475363476087,38.81847567299215
1470,0.84342992108843529,-38.235364297684754,-15.613427994873408,38.235364297684754,41.300390031182069
1471,0.8428565492861998,-39.742503082450156,-18.680412765615145,39.742503082450156,43.913828942057847
1472,0.84228395652173904,-40.782669087533847,-22.357459566193285,40.782669087533847,46.508946409881794
1473,0.84171214120841809,-41.061448094107206,-26.483603684949983,41.061448094107206,48.861270795248025
1474,0.84114110176390766,-40.407258309075928,-30.711481281722861,40.407258309075928,50.753734902704444
1475,0.8405708366101694,-38.893478176919473,-34.653004850622096,38.893478176919473,52.09158655556336
1476,0.84000134417344163,-36.778386967594244,-38.066314769716158,36.778386967594244,52.931031239578324
1477,0.83943262288422471,-34.341790075534021,-40.900943140799328,34.341790075534021,53.406419982984694
1478,0.83886467117726649,-31.785702415955186,-43.222539819906331,31.785702415955186,53.651829666461957
1479,0.83829748749154831,-29.225004026943338,-45.132320791381147,29.225004026943338,53.76827354854337
1480,0.83773107027027016,-26.713556554818886,-46.725627344430251,26.713556554818886,53.822842311959654
1481,0.83716541796083721,-24.269967920347007,-48.079312010834386,24.269967920347007,53.85769755837913
1482,0.83660052901484472,-21.894383612296714,-49.251583932863099,21.894383612296714,53.898817738965903
1483,0.83603640188806472,-19.577866760209162,-50.28544572663867,19.577866760209162,53.962198980464329
1484,0.83547303504043124,-17.307251575247804,-51.212352404676011,17.307251575247804,54.057802359230642
1485,0.83491042693602691,-15.067515269656017,-52.055152847282898,15.067515269656017,54.191963927830685
1486,0.83434857604306856,-12.842850498594661,-52.830219677367282,12.842850498594661,54.368841445152555
1487,0.83378748083389365,-10.617076282427838,-53.548900848329481,10.617076282427838,54.591273028306588
1488,0.83322713978494622,-8.3737294690234023,-54.218453864050119,8.3737294690234023,54.86128037722527
1489,0.83266755137676285,-6.0960263897837432,-54.842610386882768,6.0960263897837432,55.180371979467132
1490,0.8321087140939597,-3.7667884355107226,-55.421926105029044,3.7667884355107226,55.549784772843154
1491,0.83155062642521793,-1.3682860347731847,-55.95409914634277,1.3682860347731847,55.970826489803706
1492,0.83099328686327067,1.1183257624653338,-56.434345103939847,1.1183257624653338,56.445424613706059
1493,0.83043669390488939,3.7145221917775419,-56.855350632319514,3.7145221917775419,56.976561590159186
1494,0.82988084605087009,6.4466934888449394,-57.20548855028305,6.4466934888449394,57.56759311640257
1495,0.82932574180602003,9.3474393825919577,-57.46456825672864,9.3474393825919577,58.219852524233147
1496,0.82877137967914427,12.454413863641893,-57.598408944309767,12.454413863641893,58.929526874079173
1497,0.82821775818303267,15.807274438293359,-57.553245007308419,15.807274438293359,59.68455357995731
1498,0.82766487583444592,19.442734446263465,-57.248813033457367,19.442734446263465,60.460288756237993
1499,0.82711273115410266,23.384755124925263,-56.568994988244071,23.384755124925263,61.211910329875359
1500,0.8265613226666666,27.624093599840585,-55.351917971515022,27.624093599840585,61.862148122564257
1501,0.82601064890073284,32.079930039042416,-53.388337636744978,32.079930039042416,62.28512267728896
1502,0.8254607083888148,36.541819667323708,-50.450679812590081,36.541819667323708,62.294266816069765
1503,0.8249114996673319,40.618970264663872,-46.388147606276519,40.618970264663872,61.65842183922117
1504,0.82436302127659566,43.782154799489049,-41.291787945476727,43.782154799489049,60.182130492536061
1505,0.82381527176079727,45.582868094593167,-35.604694077645775,45.582868094593167,57.840229115139437
1506,0.82326824966799461,45.926679935487044,-29.978684757481872,45.926679935487044,54.845067870184501
1507,0.82272195355009947,45.10293000721326,-24.946551784141086,45.10293000721326,51.542261700030309
1508,0.82217638196286469,43.553736923968572,-20.739406472178622,43.553736923968572,48.239516797543772
1509,0.82163153346587137,41.657645851391777,-17.345174686642963,41.657645851391777,45.124433988584698
1510,0.82108740662251645,39.661093104034535,-14.642061352180654,39.661093104034535,42.277562215055852
1511,0.82054399999999994,37.699961797496826,-12.488397868666773,37.699961797496826,39.714571643904719
1512,0.82000131216931216,35.83964689569018,-10.759848175105809,35.83964689569018,37.419976247441447
1513,0.81945934170522139,34.106015290975378,-9.3579946044831672,34.106015290975378,35.366542692858488
1514,0.81891808718626147,32.504403093900279,-8.208092896129596,32.504403093900279,33.524752191213096
1515,0.81837754719471945,31.030191319211248,-7.2541622977137266,31.030191319211248,31.866842390616998
1516,0.81783772031662261,29.674411272175711,-6.4543015417114429,29.674411272175711,30.368218465059282
1517,0.81729860514172703,28.426617893195036,-5.7769610712568724,28.426617893195036,29.007686637588556
1518,0.8167602002635046,27.276308372922806,-5.198169391188463,27.276308372922806,27.767210221307206
1519,0.8162225042791309,26.213579162392655,-4.6995232830186104,26.213579162392655,26.631508624008902
1520,0.81568551578947368,25.229390075329931,-4.2667433805049573,25.229390075329931,25.58763808264138
1521,0.81514923339907952,24.315630145013685,-3.8886352136715505,24.315630145013685,24.624608690781358
1522,0.81461365571616284,23.465087616592918,-3.5563379470681724,23.465087616592918,23.733054511548641
1523,0.81407878135259348,22.671377618231183,-3.2627772353896196,22.671377618231183,22.90495750697238
1524,0.81354460892388447,21.928855195070355,-3.0022638009736582,21.928855195070355,22.133419936760809
1525,0.81301113704918027,21.232527742509589,-2.7701971666393312,21.232527742509589,21.412478293707522
1526,0.81247836435124499,20.577973804058509,-2.5628464281076475,20.577973804058509,20.736952227716163
1527,0.81194628945645053,19.961271780034203,-2.3771886414171615,19.961271780034203,20.102323172043391
1528,0.81141491099476437,19.378940880617783,-2.2107914931848445,19.378940880617783,19.504639157923879
1529,0.81088422759973833,18.827897101658586,-2.0617311130249778,18.827897101658586,18.940444674110982
1530,0.8103542379084967,18.305429175698272,-1.9285382301702443,18.305429175698272,18.406737815586276
1531,0.80982494056172427,17.80920364045835,-1.8101653083888456,17.80920364045835,17.900961782848693
1532,0.80929633420365532,17.337314000522369,-1.7059609562317357,17.337314000522369,17.421043583462389
1533,0.8087684174820613,16.888392918387339,-1.6156198628550902,16.888392918387339,16.965495657571797
1534,0.80824118904823983,16.461793111558322,-1.5390387813421018,16.461793111558322,16.533580157310876
1535,0.80771464755700317,16.057770108256939,-1.4759621246076264,16.057770108256939,16.125459529666323
1536,0.80718879166666657,15.677421532649532,-1.4253405421534331,15.677421532649532,15.742081869101348
1537,0.80666362003903702,15.321992007243939,-1.3846635246905614,15.321992007243939,15.384431485974893
1538,0.80613913133940174,14.991579498954462,-1.3500488923537342,14.991579498954462,15.052245277207557
1539,0.80561532423651716,14.684298992357487,-1.3175170691086668,14.684298992357487,14.743286205061061
1540,0.8050921974025973,14.396847127948355,-1.2844193134130037,14.396847127948355,14.454028511047817
1541,0.80456974951330296,14.125783961820797,-1.2497737341425186,14.125783961820797,14.180962834821413
1542,0.80404797924773019,13.868348824470981,-1.2136928574390859,13.868348824470981,13.921355877550299
1543,0.80352688528839922,13.622591813319925,-1.1767211446087411,13.622591813319925,13.673320019823288
1544,0.80300646632124351,13.387188521390513,-1.1394482410250681,13.387188521390513,13.435592982865513
1545,0.80248672103559859,13.161221781348814,-1.1023601031288761,13.161221781348814,13.207306938767674
1546,0.80196764812419141,12.944022266795894,-1.0658105891318979,12.944022266795894,12.987827557186522
1547,0.80144924628312852,12.735069622980618,-1.0300374267904537,12.735069622980618,12.776657442490691
1548,0.80093151421188624,12.533935174214822,-0.99518829818749976,12.533935174214822,12.573381832278415
1549,0.80041445061329886,12.340249574471166,-0.96134485254171809,12.340249574471166,12.377638849382553
1550,0.79989805419354831,12.153684620143803,-0.928541605806815,12.153684620143803,12.189103304166158
1551,0.79938232366215334,11.973942937442505,-0.89677986587008807,11.973942937442505,12.007477819965324
1552,0.79886725773195866,11.800752030913454,-0.86603765789188758,11.800752030913454,11.832487892239522
1553,0.79835285511912424,11.633860761482858,-0.83627665454178435,11.633860761482858,11.663879065752615
1554,0.79783911454311451,11.473037196915552,-0.8074469251589087,11.473037196915552,11.501415263295053
1555,0.79732603472668806,11.318067256252395,-0.77949010586047662,11.318067256252395,11.344877753514446
1556,0.79681361439588683,11.168753831786081,-0.75234141554216638,11.168753831786081,11.19406448795862
1557,0.79630185228002559,11.02491621613467,-0.72593080763756568,11.02491621613467,11.048789667210908
1558,0.79579074711168163,10.886389741382303,-0.70018344713868452,10.886389741382303,10.908883465365319
1559,0.79528029762668373,10.753025580836177,-0.67501962693086792,10.753025580836177,10.774191878691369
1560,0.79477050256410253,10.624690686980312,-0.65035417811195617,10.624690686980312,10.644576682564407
1561,0.79426136066623954,10.501267849452987,-0.62609537826409611,10.501267849452987,10.519915487713702
1562,0.79375287067861711,10.382655857598859,-0.60214331330264126,10.382655857598859,10.400101885418575
1563,0.79324503134996793,10.268769743298218,-0.57838759661373484,10.268769743298218,10.285045661191475
1564,0.79273784143222503,10.159541058158965,-0.55470428750720457,10.159541058158965,10.174673034500749
1565,0.79223129968051109,10.054918097272491,-0.53095177244570535,10.054918097272491,10.068926840906189
1566,0.79172540485312892,9.9548659053068356,-0.50696526868189262,9.9548659053068356,9.9677664988848012
1567,0.79122015571155069,9.8593657636229644,-0.48254947159736306,9.8593657636229644,9.8711674716539761
1568,0.79071555102040814,9.7684136122586729,-0.45746868678792185,9.7684136122586729,9.779119699622866
1569,0.79021158954748238,9.6820164235640434,-0.43143356918910269,9.6820164235640434,9.6916240615692022
1570,0.78970827006369426,9.6001847656026058,-0.40408337368942671,9.6001847656026058,9.6086851809496068
1571,0.78920559134309354,9.5229184174650001,-0.37496254583308608,9.5229184174650001,9.5302975869839308
1572,0.78870355216284982,9.450179521651819,-0.343490952519383,9.450179521651819,9.4564199899280101
1573,0.78820215130324212,9.3818438683994145,-0.30892911623270769,9.3818438683994145,9.3869287613084609
1574,0.78770138754764929,9.3176153270697633,-0.27034593000839391,9.3176153270697633,9.3215364777013825
1575,0.78720125968253962,9.2568831941215528,-0.22661152739823631,9.2568831941215528,9.2596565408204974
1576,0.78670176649746182,9.1985071821469759,-0.1764697331849614,9.1985071821469759,9.200199777545043
1577,0.78620290678503479,9.1405589142282118,-0.11879287274364758,9.1405589142282118,9.1413308118179106
1578,0.78570467934093779,9.080181207797402,-0.053138943797396809,9.080181207797402,9.0803366960584118
1579,0.78520708296390118,9.0139287253360987,0.019440363956093165,9.0139287253360987,9.0139496888539377
1580,0.78471011645569611,8.9389038045848537,0.095884513393733828,8.9389038045848537,8.9394180497127618
1581,0.78421377862112585,8.854225796715772,0.17175147320968787,8.854225796715772,8.8558914304420391
1582,0.78371806826801516,8.7615360168367165,0.24293955700880909,8.7615360168367165,8.7649034793708154
1583,0.78322298420720149,8.6639995102190834,0.30711688788448865,8.6639995102190834,8.6694410601780074
1584,0.78272852525252523,8.5648417415599454,0.36386130995697619,8.5648417415599454,8.5725672415473788
1585,0.78223469022082015,8.4665141688278727,0.41395042647795249,8.4665141688278727,8.4766276977666291
1586,0.78174147793190407,8.3705789184680324,0.45862651856231329,8.3705789184680324,8.3831336452325544
1587,0.78124888720856955,8.2779187703926542,0.49916834381340863,8.2779187703926542,8.2929553359875552
1588,0.78075691687657423,8.1889838899167042,0.53672401803028735,8.1889838899167042,8.2065540771291996
1589,0.7802655657646318,8.1039761310662914,0.57228312259646907,8.1039761310662914,8.1241576243510298
1590,0.77977483270440251,8.0229648853048179,0.60670574601854543,8.0229648853048179,8.0458720728760085
1591,0.77928471653048392,7.9459525113078762,0.64076947279666974,7.9459525113078762,7.9717467865724423
1592,0.77879521608040192,7.8729059602532914,0.67522000738731924,7.8729059602532914,7.901808041035161
1593,0.77830633019460127,7.8037642285903335,0.71082221439038074,7.8037642285903335,7.836070721726351
1594,0.77781805771643653,7.7384242425159382,0.7484123244914086,7.7384242425159382,7.7745309031869567
1595,0.77733039749216293,7.6767010231216641,0.7889520265902279,7.6767010231216641,7.7171357315171045
1596,0.77684334837092728,7.6182506423074106,0.83358112105798798,7.6182506423074106,7.6637197452935055
1597,0.77635690920475886,7.5624366796528051,0.88365417451524264,7.5624366796528051,7.613888181073869
1598,0.77587107884856066,7.50811741732646,0.94072145403457164,7.50811741732646,7.5668212616951562
1599,0.77538585616010003,7.4533500144634139,1.0063682795622197,7.4533500144634139,7.5209842143306487
1600,0.77490123999999994,7.3950926849643324,1.0817735964446571,7.3950926849643324,7.4737962196716188
1601,0.77441722923173006,7.3291830463578904,1.1668824719305109,7.3291830463578904,7.4214916849861519
1602,0.77393382272159794,7.2510695209142604,1.2594174711392534,7.2510695209142604,7.3596291729775736
1603,0.77345101933873983,7.1574747109670707,1.3545775749518578,7.1574747109670707,7.2845263843777532
1604,0.77296881795511219,7.048057000311994,1.4462977877812282,7.048057000311994,7.1949207619394793
1605,0.77248721744548277,6.9255300991281672,1.5295041038043811,6.9255300991281672,7.0924149594820411
1606,0.77200621668742209,6.7941074386766491,1.6015682773307602,6.7941074386766491,6.9803235480336863
1607,0.77152581456129432,6.6577461383781245,1.6621617959711406,6.6577461383781245,6.8620962889684698
1608,0.77104600995024875,6.5192820315192463,1.7122774490605817,6.5192820315192463,6.7403955573134677
1609,0.7705668017402113,6.3803811457097055,1.753336952464708,6.3803811457097055,6.6169066816304829
1610,0.77008818881987573,6.2418242152121852,1.7866819237351277,6.2418242152121852,6.4925035102193878
1611,0.76961017008069521,6.103812935693524,1.8133613713357635,6.103812935693524,6.3674808061738437
1612,0.7691327444168734,5.966199512358461,1.8340685713324971,5.966199512358461,6.241742076184817
1613,0.76865591072535644,5.828641458690468,1.8491299780540822,5.828641458690468,6.1149278760835468
1614,0.76817966790582404,5.6907117818872184,1.8584977992787173,5.6907117818872184,5.9865027064584071
1615,0.76770401486068107,5.5519985494861039,1.8617269229259921,5.5519985494861039,5.8558274418773042
1616,0.76722895049504947,5.4122294099255068,1.857934936955179,5.4122294099255068,5.7222503803679592
1617,0.76675447371675942,5.2714614710378971,1.8457642318047567,5.2714614710378971,5.5852620028112234
1618,0.76628058343634109,5.1303785161737139,1.8234021248609404,5.1303785161737139,5.4447753882198109
1619,0.76580727856701658,4.990708905036584,1.788780298429822,4.990708905036584,5.3015950742075857
1620,0.7653345580246913,4.8556577745739489,1.7401474396201699,4.8556577745739489,5.1580544331556899
1621,0.76486242072794564,4.7299795856793487,1.6771547534347393,4.7299795856793487,5.0185211913383538
1622,0.76439086559802705,4.6190729905942991,1.60214229455095,4.6190729905942991,4.8890382719331154
1623,0.76391989155884155,4.5269167466050018,1.5205288101716685,4.5269167466050018,4.7754563230391804
1624,0.7634494975369458,4.4540738956285484,1.4392831979912253,4.4540738956285484,4.6808450510286628
1625,0.76297968246153836,4.3975829380420155,1.3642880633032219,4.3975829380420155,4.6043476863318977
1626,0.76251044526445255,4.3527381445991917,1.2987122690248631,4.3527381445991917,4.5423543359324716
1627,0.76204178488014751,4.3150201999718139,1.2431793541147063,4.3150201999718139,4.4905338471791802
1628,0.76157370024570015,4.2810316745976102,1.1968099792240814,4.2810316745976102,4.4451756236709441
1629,0.76110619030079796,4.2485647058180227,1.1581589706732478,4.2485647058180227,4.4035933350927738
1630,0.76063925398773002,4.2163168462190335,1.1257478794661775,4.2163168462190335,4.3640160444060019
1631,0.76017289025137946,4.1835782617810473,1.0982830220395206,4.1835782617810473,4.3253384455955803
1632,0.75970709803921566,4.1499961372909784,1.0747069475726605,4.1499961372909784,4.286894326046653
1633,0.75924187630128592,4.115421253409993,1.0541809354391867,4.115421253409993,4.2482925437947561
1634,0.75877722399020797,4.0798147980897514,1.0360467603151058,4.0798147980897514,4.2093089309614173
1635,0.75831314006116202,4.0431938177782065,1.0197875600672308,4.0431938177782065,4.1698180914504874
1636,0.75784962347188256,4.0056000003153489,1.004994353005271,4.0056000003153489,4.1297512046246574
1637,0.75738667318265118,3.9670821312605575,0.99133932250889578,3.9670821312605575,4.0890701007098427
1638,0.75692428815628809,3.9276864336565644,0.97855508969604976,3.9276864336565644,4.0477513244639756
1639,0.75646246735814515,3.8874514005178913,0.96641873005913803,3.8874514005178913,4.0057762734827858
1640,0.75600120975609753,3.846405156289336,0.95473934031017571,3.846405156289336,3.963125008659846
1641,0.75554051432053615,3.8045642189200102,0.94334815434533392,3.8045642189200102,3.9197722684096297
1642,0.75508038002436051,3.7619330238679911,0.93209040345464567,3.7619330238679911,3.8756847906248533
1643,0.75462080584297009,3.7185038644097954,0.92081827106102954,3.7185038644097954,3.8308194003307441
1644,0.75416179075425782,3.674257088684092,0.90938439710447283,3.674257088684092,3.7851215483049372
1645,0.75370333373860177,3.6291615288972938,0.8976354435806797,3.6291615288972938,3.7385241462909433
1646,0.75324543377885778,3.583175261572018,0.88540524495572825,3.583175261572018,3.6909466811289504
1647,0.75278808986035206,3.5362469446475284,0.87250703905439075,3.5362469446475284,3.6422947418802396
1648,0.75233130097087375,3.4883181893265167,0.85872421044136082,3.4883181893265167,3.592460307308122
1649,0.75187506610066701,3.4393277644280129,0.84379889216049953,3.4393277644280129,3.5413234872822166
1650,0.75141938424242416,3.3892190006879588,0.82741770703675022,3.3892190006879588,3.4887570131125845
1651,0.75096425439127801,3.3379527126672599,0.80919401420859693,3.3379527126672599,3.4346358270759567
1652,0.75050967554479409,3.2855294707959271,0.78864655167088049,3.2855294707959271,3.3788559139050212
1653,0.75005564670296421,3.2320273175114576,0.76517593699365238,3.2320273175114576,3.3213694157221383
1654,0.74960216686819825,3.1776639983035828,0.73804439321117488,3.1776639983035828,3.2622473867665467
1655,0.74914923504531716,3.1228952882987819,0.70637278270536563,3.1228952882987819,3.2017866090396554
1656,0.74869685024154586,3.0685582311393826,0.66918599099150178,3.0685582311393826,3.1406781924343248
1657,0.74824501146650568,3.0160471529946289,0.62556335673889518,3.0160471529946289,3.0802386177667214
1658,0.74779371773220737,2.9674483110261924,0.57496781466701674,2.9674483110261924,3.0226375016722011
1659,0.7473429680530439,2.9254486131894843,0.51777254053196475,2.9254486131894843,2.9709153458389226
1660,0.74689276144578309,2.8927748364582815,0.4557839916789308,2.8927748364582815,2.9284612514965978
1661,0.74644309692956046,2.8711735025970757,0.3922616234269698,2.8711735025970757,2.8978451413471222
1662,0.74599397352587238,2.8605367572432936,0.33105974050237075,2.8605367572432936,2.8796303740795404
1663,0.74554539025856881,2.8589485298696271,0.27532695124479167,2.8589485298696271,2.8721754170881444
1664,0.74509734615384615,2.8636087918126485,0.22671709547955898,2.8636087918126485,2.8725695733836254
1665,0.74464984024024017,2.8718352929750495,0.18547438902731733,2.8718352929750495,2.877818392282971
1666,0.74420287154861942,2.881581917872154,0.15097804114279403,2.881581917872154,2.8855343904232154
1667,0.74375643911217748,2.8915007539491722,0.12226117853117519,2.8915007539491722,2.8940843812619672
1668,0.74331054196642676,2.9007960360078275,0.098326113212176797,2.9007960360078275,2.9024620009671338
1669,0.74286517914919104,2.9090464725114717,0.07828460729715267,2.9090464725114717,2.9100996304200835
1670,0.74242034970059878,2.9160636424261677,0.061397649912025731,2.9160636424261677,2.9167099338286087
1671,0.74197605266307598,2.9217957686733405,0.047069876602392813,2.9217957686733405,2.9221748898929376
1672,0.74153228708133967,2.9262672345435083,0.034828304063799859,2.9262672345435083,2.9264744896764214
1673,0.74108905200239084,2.929542175078379,0.024298675726752761,2.929542175078379,2.9296429443201832
1674,0.74064634647550776,2.9317031718791089,0.015184386227804769,2.9317031718791089,2.9317424944205355
1675,0.74020416955223878,2.9328390913730802,0.0072492629202578485,2.9328390913730802,2.9328480505643251
1676,0.73976252028639611,2.9330383529509598,0.00030404791868568481,2.9330383529509598,2.9330383687102382
1677,0.73932139773404881,2.9323853822629644,-0.0058040208520373504,2.9323853822629644,2.9323911261575528
1678,0.73888080095351605,2.9309589121578457,-0.011199181901966421,2.9309589121578457,2.9309803080936545
1679,0.73844072900536029,2.9288313396497845,-0.015983244015554454,2.9288313396497845,2.9288749512746377
1680,0.73800118095238088,2.9260686721066831,-0.020240256331934381,2.9260686721066831,2.9261386744070332
1681,0.73756215585960727,2.9227307884427649,-0.02404010416589944,2.9227307884427649,2.9228296543451817
1682,0.73712365279429248,2.9188718552603472,-0.02744129409815238,2.9188718552603472,2.9190008448187816
1683,0.73668567082590608,2.9145408056300699,-0.030493125350220834,2.9145408056300699,2.9147003170783101
1684,0.7362482090261282,2.90978182842463,-0.03323739437184639,2.90978182842463,2.9099716516514058
1685,0.73581126646884265,2.9046348399431663,-0.035709742350220897,2.9046348399431663,2.9048543404292033
1686,0.73537484223013039,2.8991359236265115,-0.037940727838006144,2.8991359236265115,2.8993841764227493
1687,0.73493893538826316,2.8933177318391738,-0.039956686380708123,2.8933177318391738,2.8935936193877518
1688,0.73450354502369664,2.887209848373395,-0.041780423990393278,2.887209848373395,2.8875121319871786
1689,0.73406867021906452,2.8808391128937529,-0.043431780146340665,2.8808391128937529,2.8811664849336882
1690,0.73363431005917157,2.8742299098635931,-0.044928087670927347,2.8742299098635931,2.874581031701184
1691,0.73320046363098756,2.8674044250614132,-0.046284550576540656,2.8674044250614132,2.8677779545292288
1692,0.73276713002364058,2.8603828729585068,-0.047514556259854207,2.8603828729585068,2.8607774840016709
1693,0.73233430832841107,2.8531836981390608,-0.048629934836014882,2.8531836981390608,2.853598094667265
1694,0.73190199763872488,2.8458237537372515,-0.049641175667999388,2.8458237537372515,2.8462566791589405
1695,0.73147019705014749,2.8383184596065121,-0.050557609041127688,2.8383184596065121,2.8387687031484332
1696,0.73103890566037733,2.8306819426527259,-0.051387559305653474,2.8306819426527259,2.8311483432896276
1697,0.73060812256923979,2.8229271614943325,-0.052138474544060343,2.8229271614943325,2.8234086101076885
1698,0.7301778468786807,2.8150660173498299,-0.052817036828664482,2.8150660173498299,2.8155614575812744
1699,0.7297480776927604,2.8071094528280067,-0.053429256356551491,2.8071094528280067,2.8076178809786714
1700,0.72931881411764699,2.7990675400786449,-0.05398055213097247,2.7990675400786449,2.7995880043196144
1701,0.72889005526161077,2.7909495595795901,-0.054475821369099509,2.7909495595795901,2.7914811586738941
1702,0.72846180023501761,2.7827640706774694,-0.054919499422871443,2.7827640706774694,2.7833059523649748
1703,0.72803404815032291,2.7745189748482835,-0.055315611685517074,2.7745189748482835,2.7750703340076468
1704,0.72760679812206563,2.7662215725278276,-0.055667818701749416,2.7662215725278276,2.7667816492013495
1705,0.72718004926686208,2.757878614252431,-0.055979455493358754,2.757878614252431,2.7584466915980528
1706,0.72675380070339968,2.7494963467542854,-0.056253565944300421,2.7494963467542854,2.7500717489724904
1707,0.72632805155243108,2.7410805545783417,-0.056492932952024677,2.7410805545783417,2.741662644849113
1708,0.72590280093676807,2.732636597718014,-0.056700104938609108,2.732636597718014,2.7332247761733632
1709,0.72547804798127558,2.7241694457010572,-0.056877419222789827,2.7241694457010572,2.7247631474512883
1710,0.72505379181286544,2.7156837085102596,-0.057027022676514827,2.7156837085102596,2.7162824017364953
1711,0.72463003156049088,2.7071836646744529,-0.057150890025916501,2.7071836646744529,2.7077868487957013
1712,0.72420676635514014,2.6986732868256427,-0.057250840103224315,2.6986732868256427,2.6992804907454215
1713,0.72378399532983062,2.6901562649853501,-0.05732855031136902,2.6901562649853501,2.6907670454204564
1714,0.72336171761960322,2.6816360278087297,-0.057385569525804397,2.6816360278087297,2.6822499677009195
1715,0.72293993236151599,2.673115761994759,-0.057423329626166003,2.673115761994759,2.6737324690047384
1716,0.72251863869463862,2.6645984300414733,-0.05744315582417589,2.6645984300414733,2.6652175351236389
1717,0.72209783576004649,2.6560867865096967,-0.057446275931080509,2.6560867865096967,2.656707942565339
1718,0.72167752270081487,2.6475833929375652,-0.057433828689196831,2.6475833929375652,2.6482062735437903
1719,0.72125769866201273,2.6390906315347396,-0.057406871275437837,2.6390906315347396,2.6397149297460256
1720,0.72083836279069757,2.6306107177713427,-0.057366386070910824,2.6306107177713427,2.6312361449904675
1721,0.72041951423590933,2.6221457119623333,-0.057313286778483852,2.6221457119623333,2.622771996877312
1722,0.72000115214866434,2.613697529940203,-0.057248423960285066,2.613697529940203,2.6143244175238571
1723,0.71958327568195002,2.6052679528981679,-0.057172590057674527,2.6052679528981679,2.6058952034669609
1724,0.71916588399071923,2.5968586364768678,-0.057086523949220425,2.5968586364768678,2.5974860248057352
1725,0.71874897623188405,2.5884711191614693,-0.056990915095098849,2.5884711191614693,2.5890984336514524
1726,0.71833255156431053,2.5801068300491838,-0.056886407310787757,2.5801068300491838,2.5807338719447954
1727,0.71791660914881295,2.5717670960408086,-0.056773602207909585,2.5717670960408086,2.5723936786941914
1728,0.71750114814814814,2.5634531485047241,-0.056653062335831061,2.5634531485047241,2.5640790966837996
1729,0.71708616772700973,2.5551661294584456,-0.056525314053597064,2.5551661294584456,2.5557912786963866
1730,0.71667166705202312,2.5469070973063435,-0.056390850158710315,2.5469070973063435,2.5475312932898482
1731,0.71625764529173885,2.5386770321703676,-0.056250132296180311,2.5386770321703676,2.5393001301643499
1732,0.71584410161662815,2.5304768408470455,-0.056103593168824212,2.5304768408470455,2.5310987051534948
1733,0.71543103519907669,2.5223073614193048,-0.055951638567536627,2.5223073614193048,2.5229278648681985
1734,0.71501844521337943,2.514169367551701,-0.055794649238139538,2.514169367551701,2.5147883910219817
1735,0.71460633083573477,2.5060635724926659,-0.055632982599963771,2.5060635724926659,2.5066810044614121
1736,0.71419469124423962,2.4979906328071282,-0.055466974329398844,2.4979906328071282,2.4986063689251683
1737,0.71378352561888303,2.4899511518594988,-0.055296939820628443,2.4899511518594988,2.4905650945518309
1738,0.71337283314154198,2.4819456830659652,-0.055123175534310065,2.4819456830659652,2.4825577411554329
1739,0.71296261299597463,2.4739747329341304,-0.054945960244011799,2.4739747329341304,2.4745848212869239
1740,0.71255286436781606,2.4660387639040042,-0.054765556189227932,2.4660387639040042,2.466646803095633
1741,0.71214358644457199,2.4581381970067406,-0.054582210142869098,2.4581381970067406,2.4587441130072136
1742,0.71173477841561417,2.4502734143531075,-0.054396154400539687,2.4502734143531075,2.4508771382301484
1743,0.71132643947217433,2.4424447614640528,-0.054207607697996762,2.4424447614640528,2.4430462291032344
1744,0.71091856880733939,2.4346525494550884,-0.054016776062779354,2.4346525494550884,2.4352517012958592
1745,0.71051116561604577,2.4268970570844477,-0.053823853605360378,2.4268970570844477,2.4274938378710837
1746,0.71010422909507442,2.4191785326741915,-0.053629023254642194,2.4191785326741915,2.4197728912207652
1747,0.70969775844304517,2.4114971959136362,-0.0534324574422603,2.4114971959136362,2.4120890848821586
1748,0.70929175286041179,2.4038532395525403,-0.053234318739776576,2.4038532395525403,2.4044426152434855
1749,0.70888621154945675,2.3962468309922871,-0.053034760452336155,2.3962468309922871,2.3968336531467545
1750,0.70848113371428567,2.3886781137809434,-0.052833927172229761,2.3886781137809434,2.3892623453937674
1751,0.70807651856082232,2.3811472090191481,-0.052631955295365962,2.3811472090191481,2.3817288161623043
1752,0.70767236529680355,2.3736542166831383,-0.052428973503527376,2.3736542166831383,2.3742331683388382
1753,0.70726867313177411,2.3661992168691581,-0.052225103214881802,2.3661992168691581,2.3667754847720603
1754,0.70686544127708095,2.3587822709656043,-0.052020459005201275,2.3587822709656043,2.3593558294536172
1755,0.70646266894586884,2.3514034227565244,-0.051815149001841532,2.3514034227565244,2.3519742486296868
1756,0.7060603553530751,2.3440626994616647,-0.051609275252525483,2.3440626994616647,2.3446307718486503
1757,0.70565849971542394,2.3367601127165338,-0.051402934070744283,2.3367601127165338,2.3373254129483274
1758,0.70525710125142205,2.3294956594964811,-0.051196216359399138,2.3294956594964811,2.330058170986824
1759,0.70485615918135303,2.3222693229882845,-0.050989207914290929,2.3222693229882845,2.3228290311204982
1760,0.70445567272727272,2.315081073412304,-0.050781989708756914,2.315081073412304,2.3156379654321282
1761,0.70405564111300389,2.3079308687986284,-0.050574638160933133,2.3079308687986284,2.3084849337127369
1762,0.70365606356413157,2.3008186557194774,-0.050367225384653463,2.3008186557194774,2.3013698841993504
1763,0.70325693930799771,2.2937443699809599,-0.050159819425243779,2.2937443699809599,2.294292754271809
1764,0.70285826757369607,2.2867079372766108,-0.049952484481143006,2.2867079372766108,2.2872534711110815
1765,0.70246004759206793,2.279709273804408,-0.049745281112362205,2.279709273804408,2.2802519523207887
1766,0.70206227859569648,2.2727482868501658,-0.049538266436602474,2.2727482868501658,2.2732881065148578
1767,0.70166495981890209,2.2658248753391979,-0.049331494313904767,2.2658248753391979,2.266361833873209
1768,0.70126809049773753,2.2589389303571519,-0.049125015520521398,2.2589389303571519,2.2594730266663965
1769,0.70087166986998295,2.2520903356436417,-0.048918877912741493,2.2520903356436417,2.2526215697528365
1770,0.70047569717514124,2.2452789680577014,-0.048713126581328273,2.2452789680577014,2.2458073410476653
1771,0.70008017165443248,2.2385046980198586,-0.048507803997130797,2.2385046980198586,2.2390302119680303
1772,0.69968509255079003,2.2317673899286223,-0.048302950148465543,2.2317673899286223,2.2322900478526218
1773,0.69929045910885501,2.2250669025561249,-0.048098602670749876,2.2250669025561249,2.2255867083601992
1774,0.69889627057497172,2.2184030894217504,-0.047894796968908776,2.2184030894217504,2.2189200478459465
1775,0.698502526197183,2.2117757991458378,-0.047691566332970198,2.2117757991458378,2.2122899157177618
1776,0.69810922522522523,2.2051848757853367,-0.047488942047297075,2.2051848757853367,2.2056961567743554
1777,0.6977163669105233,2.1986301591504462,-0.047286953493793221,2.1986301591504462,2.1991386115242126
1778,0.69732395050618667,2.1921114851054657,-0.047085628249525502,2.1921114851054657,2.1926171164886368
1779,0.6969319752670039,2.1856286858535041,-0.046884992179018023,2.1856286858535041,2.1861315044885434
1780,0.69654044044943819,2.179181590205598,-0.046685069521613165,2.179181590205598,2.1796816049155519
1781,0.69614934531162265,2.1727700238362919,-0.046485882974094242,2.1727700238362919,2.1732672439894367
1782,0.6957586891133557,2.1663938095257143,-0.046287453768979997,2.1663938095257143,2.166888245001978
1783,0.69536847111609645,2.1600527673884056,-0.046089801748601694,2.1600527673884056,2.1605444285474751
1784,0.69497869058295958,2.1537467150905645,-0.045892945435322741,2.1537467150905645,2.1542356127415885
1785,0.69458934677871143,2.1474754680557302,-0.045696902098066025,2.1474754680557302,2.1479616134285404
1786,0.6942004389697648,2.141238839659847,-0.045501687815359695,2.141238839659847,2.1417222443776165
1787,0.69381196642417453,2.1350366414156294,-0.045307317535133382,2.1350366414156294,2.1355173174688984
1788,0.69342392841163303,2.1288686831478323,-0.045113805131410015,2.1288686831478323,2.1293466428698311
1789,0.69303632420346561,2.1227347731586814,-0.044921163458100072,2.1227347731586814,2.1232100292018847
1790,0.69264915307262565,2.1166347183852814,-0.044729404400032785,2.1166347183852814,2.1171072836991329
1791,0.69226241429369062,2.1105683245481437,-0.044538538921409285,2.1105683245481437,2.1110382123578937
1792,0.69187610714285708,2.1045353962922198,-0.044348577111779863,2.1045353962922198,2.1050026200788183
1793,0.69149023089793638,2.0985357373204456,-0.044159528229726061,2.0985357373204456,2.099000310801439
1794,0.69110478483835003,2.0925691505201467,-0.043971400744330577,2.0925691505201467,2.0930310876315303
1795,0.69071976824512527,2.0866354380828058,-0.043784202374593531,2.0866354380828058,2.0870947529617823
1796,0.69033518040089081,2.0807344016175113,-0.043597940126866686,2.0807344016175113,2.0811911085861117
1797,0.68995102058987201,2.0748658422582134,-0.043412620330456106,2.0748658422582134,2.0753199558077404
1798,0.68956728809788648,2.0690295607654425,-0.043228248671444564,2.0690295607654425,2.0694810955416916
1799,0.68918398221234012,2.0632253576225388,-0.0430448302248716,2.0632253576225388,2.0636743284117633
1800,0.68880110222222213,2.0574530331264889,-0.042862369485317242,2.0574530331264889,2.0578994548420693
1801,0.68841864741810099,2.0517123874744314,-0.042680870396012496,2.0517123874744314,2.0521562751442182
1802,0.68803661709211983,2.0460032208446073,-0.042500336376525907,2.0460032208446073,2.0464445895989036
1803,0.68765501053799216,2.0403253334735973,-0.042320770349101713,2.0403253334735973,2.040764198533747
1804,0.68727382705099771,2.0346785257292979,-0.042142174763737425,2.0346785257292979,2.0351149023968564
1805,0.68689306592797783,2.0290625981794808,-0.041964551622052662,2.0290625981794808,2.0294965018259346
1806,0.68651272646733108,2.0234773516568021,-0.041787902500005844,2.0234773516568021,2.0239087977138137
1807,0.68613280796900933,2.0179225873202542,-0.041612228569538515,2.0179225873202542,2.0183515912704086
1808,0.68575330973451321,2.0123981067129799,-0.041437530619165108,2.0123981067129799,2.0128246840810058
1809,0.68537423106688777,2.006903711817019,-0.041263809073609284,2.006903711817019,2.0073278781614605
1810,0.6849955712707182,2.0014392051047851,-0.041091064012496348,2.0014392051047851,2.0018609760101107
1811,0.68461732965212585,1.9960043895875783,-0.040919295188154611,1.9960043895875783,1.9964237806566965
1812,0.68423950551876378,1.9905990688615072,-0.040748502042598375,1.9905990688615072,1.9910160957086749
1813,0.68386209817981247,1.9852230471503853,-0.040578683723689335,1.9852230471503853,1.9856377253944912
1814,0.68348510694597564,1.9798761293462999,-0.040409839100555761,1.9798761293462999,1.9802884746045006
1815,0.68310853112947656,1.9745581210477861,-0.040241966778283719,1.9745581210477861,1.974968148929483
1816,0.68273237004405285,1.9692688285954407,-0.040075065111916719,1.9692688285954407,1.9696765546965787
1817,0.68235662300495314,1.9640080591058071,-0.039909132219816679,1.9640080591058071,1.9644134990034807
1818,0.68198128932893287,1.9587756205025348,-0.039744165996386943,1.9587756205025348,1.9591787897498887
1819,0.68160636833424959,1.9535713215460246,-0.039580164124215722,1.9535713215460246,1.9539722356674318
1820,0.68123185934065933,1.9483949718611955,-0.039417124085652719,1.9483949718611955,1.948793646347702
1821,0.68085776166941236,1.9432463819630481,-0.039255043173847246,1.9432463819630481,1.9436428322680732
1822,0.68048407464324911,1.9381253632809576,-0.039093918503279909,1.9381253632809576,1.9385196048162334
1823,0.68011079758639603,1.9330317281810476,-0.038933747019808854,1.9330317281810476,1.9334237763127899
1824,0.67973792982456138,1.9279652899871147,-0.03877452551024653,1.9279652899871147,1.9283551600324158
1825,0.67936547068493147,1.9229258630000681,-0.038616250611503852,1.9229258630000681,1.9233135702234954
1826,0.67899341949616643,1.9179132625160378,-0.038458918819304674,1.9179132625160378,1.9182988221264334
1827,0.6786217755883962,1.9129273048429649,-0.038302526496503758,1.9129273048429649,1.9133107319904377
1828,0.67825053829321658,1.9079678073161395,-0.038147069881034515,1.9079678073161395,1.9083491170892355
1829,0.67787970694368505,1.9030345883121784,-0.037992545093461158,1.9030345883121784,1.903413795735226
1830,0.67750928087431694,1.8981274672624284,-0.037838948144223325,1.8981274672624284,1.8985045872930471
1831,0.67713925942108133,1.8932462646646728,-0.037686274940511591,1.8932462646646728,1.8936213121914394
1832,0.67676964192139732,1.8883908020940705,-0.037534521292853201,1.8883908020940705,1.8887637919343356
1833,0.67640042771412978,1.8835609022132473,-0.037383682921389341,1.8835609022132473,1.8839318491110948
1834,0.67603161613958551,1.8787563887810848,-0.037233755461858364,1.8787563887810848,1.8791253074054255
1835,0.67566320653950951,1.8739770866608767,-0.037084734471303449,1.8739770866608767,1.8743439916036742
1836,0.67529519825708051,1.8692228218275995,-0.036936615433534881,1.8692228218275995,1.8695877276022159
1837,0.67492759063690799,1.8644934213743429,-0.036789393764316072,1.8644934213743429,1.8648563424140072
1838,0.67456038302502719,1.8597887135178297,-0.036643064816336099,1.8597887135178297,1.8601496641742132
1839,0.67419357476889608,1.8551085276035,-0.03649762388393657,1.8551085276035,1.8554675221454024
1840,0.67382716521739128,1.8504526941095527,-0.03635306620762796,1.8504526941095527,1.8508097467216875
1841,0.67346115372080384,1.8458210446506778,-0.036209386978398858,1.8458210446506778,1.8461761694325571
1842,0.67309553963083602,1.8412134119809007,-0.036066581341813189,1.8412134119809007,1.8415666229458099
1843,0.67273032230059682,1.8366296299958531,-0.035924644401942971,1.8366296299958531,1.8369809410699149
1844,0.67236550108459869,1.8320695337346473,-0.035783571225092695,1.8320695337346473,1.8324189587559687
1845,0.67200107533875331,1.827532959381057,-0.035643356843368681,1.827532959381057,1.8278805120989576
1846,0.67163704442036831,1.8230197442641449,-0.03550399625807224,1.8230197442641449,1.8233654383384592
1847,0.67127340768814292,1.8185297268586549,-0.035365484442942338,1.8185297268586549,1.8188735758591079
1848,0.67091016450216445,1.8140627467846642,-0.035227816347238261,1.8140627467846642,1.814404764190316
1849,0.67054731422390479,1.8096186448069309,-0.035090986898685242,1.8096186448069309,1.8099588440056853
1850,0.67018485621621615,1.8051972628338788,-0.034954991006277705,1.8051972628338788,1.8055356571220567
