wavelength_nm,consistent scalar Abrupt reference production,consistent scalar Abrupt reference k0_only,consistent scalar Linear 0.2 nm production,consistent scalar Linear 0.2 nm k0_only,consistent scalar Linear 0.4 nm production,consistent scalar Linear 0.4 nm k0_only,consistent scalar Linear 0.7 nm production,consistent scalar Linear 0.7 nm k0_only,consistent scalar Linear 1.0 nm production,consistent scalar Linear 1.0 nm k0_only,consistent scalar Linear 1.4 nm production,consistent scalar Linear 1.4 nm k0_only,consistent scalar Asymmetric inner grading A production,consistent scalar Asymmetric inner grading A k0_only,consistent scalar Asymmetric inner grading B production,consistent scalar Asymmetric inner grading B k0_only,consistent scalar Inner interfaces graded only production,consistent scalar Inner interfaces graded only k0_only,consistent scalar Outer interfaces graded only production,consistent scalar Outer interfaces graded only k0_only,consistent scalar Fermi-like 0.7 nm production,consistent scalar Fermi-like 0.7 nm k0_only,consistent scalar erf 0.7 nm production,consistent scalar erf 0.7 nm k0_only,consistent scalar Cosine 0.7 nm production,consistent scalar Cosine 0.7 nm k0_only,raw unanchored production labels frozen matrices,pureHH alternative branch A k0_only,pureHH alternative branch A production,pureHH alternative branch B k0_only,pureHH alternative branch B production
400.0,0.00926726650652535,0.0005861263290693563,0.009293444279560163,0.0005899803634336032,0.009322910530944924,0.0005887859576007225,0.009387401774061289,0.0005933810935214109,0.009472617677724117,0.0005971960342144299,0.009616709797952589,0.0006017430864909772,0.009316934092660852,0.0005885545042222467,0.009316911219707395,0.0005924830486016465,0.009329261802293737,0.0005892732213939423,0.00932783282048507,0.0005884269388773818,0.009326202816349691,0.0005886386363685959,0.009347055912712128,0.0005916307261682551,0.00934817815400536,0.0005900631178135095,0.005105364306016408,0.0006511168616883029,0.0058453206910518895,0.0006511168616867715,0.006070546550316715
401.0,0.009355046960206077,0.0005912464315802581,0.00938156496548587,0.0005951389182293646,0.009411447135820549,0.0005939411155219972,0.009476834771858378,0.0005985911454123287,0.009563227622237356,0.0006024583602252272,0.009709291902289316,0.0006070757351486481,0.00940547994720449,0.0005937110677197734,0.00940529784696198,0.000597665728580158,0.009417892979504277,0.0005944344230784244,0.009416433504183681,0.0005935798480063595,0.009414780244116436,0.0005937929974589321,0.0094359251233814,0.0005968161344831276,0.009437069813632341,0.0005952353940455911,0.0051529827843560215,0.000656980070594922,0.005900620339679707,0.0006569800705933758,0.0061283022772036745
402.0,0.009443664750014366,0.0005964090177158266,0.009470527685190067,0.0006003403434102387,0.009500831895317037,0.0005991392152205417,0.009567128989765866,0.0006038448041697017,0.009654715910029463,0.0006077649980496556,0.009802780964995058,0.0006124537218359287,0.009494875058419531,0.0005989106322422921,0.009494529744870991,0.0006028915116436592,0.00950737374629842,0.0005996386416175665,0.009505883228346107,0.0005987756928191915,0.009504206367720865,0.0005989903006546523,0.009525647300704064,0.0006020448121511053,0.009526814840808634,0.0006004508386467625,0.005201042921034535,0.0006628945044695452,0.005956445148190362,0.0006628945044679861,0.006186611746834924
403.0,0.0095331293523562,0.0006016144840720455,0.009560341989651682,0.0006055850400390137,0.009591074461436927,0.0006043806596852706,0.009658294294684162,0.0006091424816593452,0.009747092690438533,0.0006131163696259698,0.00989718760933125,0.0006178774838655132,0.009585129105237629,0.0006041536019160444,0.009584616511663174,0.0006081608014489905,0.009597713778591237,0.0006048862810097428,0.009596191659034754,0.0006040148764065947,0.009594490847531337,0.0006042309490356177,0.009616232175401786,0.0006073171661909718,0.009617422973562629,0.0006057098577945902,0.005249549510397514,0.0006688606760088294,0.006012800997971719,0.0006688606760072573,0.0062454812411333795
404.0,0.00962345038055699,0.0006068632318632147,0.009651017568176325,0.000610873413859455,0.009682184626457998,0.0006096658566241637,0.009750340697935669,0.0006144845946029422,0.0098403682627062,0.0006185129019100746,0.009992522617737656,0.0006233474638221947,0.009676251907468111,0.0006094403856065501,0.009675567884745844,0.0006134740063695926,0.009688922893033443,0.0006101777499878855,0.009687368602852313,0.0006092978065814913,0.009685643484347025,0.0006095153504028925,0.009707689619984243,0.0006126336083996267,0.009708904091859602,0.0006110128624362348,0.005298507412600561,0.0006748791043433984,0.006069693853909038,0.0006748791043418115,0.006304917132496841
405.0,0.00971463758732916,0.0006121556669879673,0.009742564250894805,0.0006162058753633554,0.009774172325476525,0.0006149952185320812,0.009843278357902333,0.0006198715646483476,0.009934553078740369,0.0006239550269487321,0.010088796934808951,0.0006288641096409223,0.009768253428355836,0.0006147713969868068,0.009767393743222755,0.0006188315395631525,0.009781011049564942,0.0006155134620875572,0.00977942400949069,0.0006146248959469145,0.009777674221944267,0.0006148439173466326,0.009800029651326496,0.0006179945554209441,0.00980126822018209,0.0006163602683571983,0.005347921554727376,0.0006809503151371725,0.0061271297658532465,0.0006809503151355732,0.006364925885413561
406.0,0.009806700867293152,0.0006174922000963953,0.009834992011317127,0.0006215828398587592,0.00986704763900577,0.0006203691627597921,0.009937117582720997,0.0006253038184410634,0.010029657745939247,0.0006294431819541511,0.010186021670339166,0.0006344278746862715,0.009861143777194992,0.0006201470546067203,0.009860104110466112,0.0006242338190404402,0.009873988354023814,0.0006208938357162602,0.009872367974335362,0.0006199965619650771,0.009870593149678827,0.0006202170673151281,0.009893262433303008,0.0006234004288158169,0.009894525530167864,0.0006217524962512825,0.005397796931929705,0.0006870748406885384,0.006185114870120093,0.0006870748406869258,0.006425514058112482
407.0,0.00989965025955386,0.0006228732466583495,0.00992831096894148,0.0006270047275393295,0.00996082079563217,0.0006257881115841316,0.010031868833038589,0.0006307817876970024,0.010125693030078962,0.0006349778093798183,0.010284208102435242,0.0006400392178332749,0.009954933212000363,0.00062556778196366,0.009953709156746154,0.0006296812677352794,0.009967865060813914,0.0006263192942239094,0.009966210741128087,0.000625413227027656,0.009964410505145968,0.0006256352226850641,0.009987398279479913,0.0006288516551334175,0.0099886863433053,0.0006271899717917085,0.005448138608591149,0.000693253220033382,0.006243655391021325,0.0006932532200317542,0.006486688304248984
408.0,0.00999349595033383,0.0006282992270328949,0.010022531391921542,0.0006324719635549313,0.010055502174730167,0.0006312524922794334,0.010127542724828806,0.0006363059092764792,0.010222669858265416,0.0006405593569976745,0.010383367680701595,0.0006456986035497234,0.01004963214223844,0.0006310340075742951,0.010048219201917842,0.0006351743135757644,0.01006265157563006,0.0006317902659745059,0.010060962704687903,0.0006308753185272609,0.010059136676898296,0.0006310988108329378,0.010082447655866288,0.0006343486659836691,0.010083761133689209,0.0006326731257035311,0.005498951719514207,0.0006994859990500492,0.0063027576424281315,0.0006994859990484097,0.00654845537462741
409.0,0.010088248275664244,0.000633770566538977,0.010117663699792544,0.0006379849780834329,0.010151102309237199,0.0006367627371901525,0.010224150032271869,0.0006418766252595195,0.010320599321954069,0.0006461882779766612,0.010483512029497493,0.0006514065019799291,0.010145251131618325,0.0006365461650476612,0.010143644718167814,0.0006407133895566966,0.010158358458245259,0.0006373071844191046,0.010156634413692966,0.000636383268930147,0.010154782207225268,0.0006366082642077825,0.010178421183728022,0.0006398918981110215,0.010179760530837585,0.0006382023938372465,0.005550241471132884,0.0007057737305662581,0.006362428029368355,0.0007057737305646031,0.0066108221189607125
410.0,0.010183917724135553,0.0006392876955272826,0.010213718466257602,0.0006435442064037177,0.010247631888490682,0.0006423192838047622,0.010321701690698732,0.0006474943830224774,0.010419492680036944,0.0006518650309626382,0.010584652951269917,0.0006571633890299881,0.010241800900945655,0.0006421046931594743,0.010239996332821756,0.0006462989338132586,0.01025499642535922,0.0006428704881699885,0.010253236573523472,0.0006419375158502212,0.010251357794993646,0.000642164020405106,0.010275329642462906,0.0006454817934694468,0.01027669532257194,0.0006437782172437345,0.005602013142749269,0.0007121169744680036,0.0064226730496579,0.0007121169744663358,0.006673795487668628
411.0,0.010280514939709854,0.0006448510494533798,0.01031070642203672,0.0006491500889700286,0.010345101761128303,0.0006479225748309681,0.010420208799601928,0.0006531596353159825,0.010519361362000327,0.0006575900801597268,0.010686802429962583,0.0006629697464545679,0.01033929233104019,0.0006477100359277684,0.010337284831215206,0.0006519313896960054,0.010352576353510536,0.0006484806210761934,0.01035078004916981,0.0006475385021242953,0.010348874298551896,0.0006477665222421322,0.010373183972541836,0.0006511187992988182,0.010374576457961191,0.0006494010422504832,0.005654272087796711,0.0007185162978105177,0.0064834992955669826,0.0007185162978088352,0.00673738253371529
412.0,0.010378050724595099,0.000650461068952111,0.010408638457778691,0.000654803071487533,0.010443522938053418,0.0006535730582721747,0.010519682625714295,0.0006588728403442869,0.01062021697115474,0.0006633638954130994,0.01078997263450515,0.0006688260619452752,0.010437736465719029,0.0006533626426898463,0.010435521159627887,0.0006576112058471214,0.010451109282055265,0.0006541380323003084,0.010449275868204643,0.0006531866758886802,0.010447342738700169,0.0006534162178343619,0.010471995278515148,0.0006568033682025594,0.010473415050333213,0.0006550713205391519,0.005707023735128169,0.0007249722749313037,0.0065449134555226555,0.0007249722749296065,0.0068015904144869
413.0,0.01047653604218461,0.0006561181999132616,0.01050752562703992,0.0006605036049892567,0.010542906595467947,0.0006592711875053638,0.010620134606157516,0.0006646344618459784,0.010722071287938763,0.0006691869522932169,0.010894175922382378,0.0006747328292205957,0.01053714451484771,0.0006590629681805883,0.010534716428284603,0.0006633388362780433,0.010550606416211562,0.000659843176396651,0.010548735223822693,0.0006588824906571274,0.010546774301726562,0.0006591135606734764,0.010571774832087074,0.0006625359582267099,0.01057322238035354,0.0006607895092244978,0.005760273590333109,0.0007314854875653102,0.006606922315848367,0.000731485487563598,0.0068664263937112165
414.0,0.010575982020062163,0.000661822893558605,0.010607379149328477,0.000666252145914358,0.010643264077972997,0.0006650174213602755,0.010721576351663471,0.0006704449691761631,0.010824936273299291,0.0006750597321816047,0.010999424843288062,0.0006806905481174851,0.010637527857459063,0.0006648114726121045,0.010634881914424143,0.0006691147404484307,0.010651079130174221,0.0006655965133908105,0.010649169477949487,0.0006646264054001176,0.010647180342512838,0.0006648590097065925,0.010672534075261052,0.0006683170329403524,0.010674009899174362,0.0006665560709347054,0.005814027237080328,0.0007380565249622906,0.0066695327625408436,0.0007380565249605635,0.006931897843419171
415.0,0.010676399953075354,0.0006675756065202287,0.010708210413219042,0.0006720491561877464,0.010744606901740833,0.0006708122242000407,0.010824019649867837,0.000676304837390064,0.010928824072149543,0.0006809827223581661,0.011105732142863811,0.0006866997246846111,0.010738898044944904,0.0006706086217548624,0.010736029065436943,0.0006749393833465283,0.01075253897029974,0.0006713985088605769,0.010750590164420499,0.0006704188846255719,0.010748572387710438,0.0006706530294169466,0.01077428462355516,0.0006741470615174712,0.010775789231655312,0.0006723714738931195,0.0058682903384902245,0.0007446859840063797,0.00673275178308661,0.0007446859840046393,0.006998012245950361
416.0,0.010777801306478447,0.0006733768009203056,0.010810030979537186,0.0006778951033011568,0.01084694675775847,0.000676656066003193,0.010927476468680792,0.0006822145473281502,0.011033747016907918,0.0006869564160900141,0.011213110766526677,0.0006927608712772888,0.010841266804319682,0.0006764548870201724,0.010838169502074703,0.0006808132355709425,0.010854997658363964,0.0006772496340183428,0.010853008992232786,0.0006762603984609599,0.010850962138988987,0.0006764960899059698,0.010877038269292308,0.0006800265188202633,0.010878572179658047,0.000678236192001439,0.00592306863853575,0.0007513744693379581,0.006796586468317373,0.0007513744693362027,0.00706477719600307
417.0,0.010880197719146696,0.0006792269444522007,0.010912852584617258,0.0006837904603955951,0.010950295515146508,0.0006825494224471652,0.01103195895973477,0.0006881745857027358,0.01113971763111864,0.0006929813127219637,0.011321573863386942,0.0006988745066541917,0.010944646041559019,0.000682350745544195,0.010941315021734023,0.000686736773413858,0.010958467094894767,0.0006831503657949133,0.01095643784887179,0.00068215142273692,0.010954361476359507,0.0006823886669768504,0.01098080698496595,0.0006859558854839334,0.010982370725416276,0.0006841507049243822,0.0059783679634726455,0.0007581225934778354,0.006861044014307249,0.0007581225934760637,0.007132200402730189
418.0,0.010983601006864695,0.000685126510463087,0.011016687143634766,0.0006897357063452953,0.011054665224553376,0.0006884927749932594,0.01113747946191264,0.0006941854451861787,0.011246748633157765,0.0006990579177686208,0.011431134790259267,0.0007050411560757564,0.011049047845015121,0.0006882966802734097,0.011045477601814159,0.000692710478945751,0.011062959362581412,0.0006891011869248373,0.011060888803714232,0.000688092439072282,0.011058782461573801,0.0006883312422195614,0.011085602926682203,0.0006919356480029726,0.011087197034984472,0.0006901154981758538,0.006034194223300899,0.0007649309769538218,0.006926131724311013,0.0007649309769520363,0.0072002896918825
419.0,0.01108802316568947,0.00069107597803796,0.01112154675401498,0.0006957313258431455,0.011160068121628858,0.0006944866109731265,0.011244050504957474,0.0007002476245006323,0.011354852940026179,0.0007051867430081632,0.011541807115769695,0.0007112613514045007,0.011154484488912441,0.0006942931800516314,0.011150669403153212,0.0006987348401015907,0.011168486729762716,0.0006951025860332841,0.011166374111509761,0.0006940839349606873,0.011164237341602575,0.0006943243030973965,0.011191438437684116,0.0006979662988190403,0.011193063461764907,0.0006961310632066887,0.006090553413256663,0.0007718002484297389,0.006991857010745894,0.0007718002484279371,0.007269053007999938
420.0,0.011193476375392034,0.0006970758320851743,0.011227443698921218,0.000701777809487614,0.011266516630577485,0.0007005314236768046,0.011351684813167439,0.0007063616285094346,0.011464043671232067,0.000711368306577809,0.011653604624561179,0.000717535631207092,0.011260968436922172,0.0007003407397085639,0.011256902773543184,0.0007048103507685855,0.011275061653996058,0.0007011550577244142,0.011272906215943148,0.0007001264038587208,0.011270738552194471,0.0007003683430350929,0.011298326051955257,0.0007040483364103428,0.011299982550118342,0.0007021978974939164,0.0061474516153364805,0.0007787310448368977,0.0070582273972173955,0.0007787310448350812,0.007338498416652604
421.0,0.011299973002977356,0.0007031265634235152,0.011334390450823541,0.0007078756538712979,0.011374023367795406,0.0007066277124423198,0.011460395309176823,0.0007125279683101161,0.011574334152765547,0.0007176031330710317,0.01176654132160011,0.0007238645408583666,0.011368512345822741,0.0007064398601499697,0.011364190251327483,0.0007109375108754969,0.011382696785709741,0.0007072591026714009,0.011380497753280637,0.0007062203452756144,0.011378298721517745,0.0007064638615084887,0.011406278497909785,0.0007101822653826833,0.011407967039058466,0.0007083165046316692,0.006204894999854679,0.000785724011508145,0.00712525052059005,0.0007857240115063136,0.007408634106733091
422.0,0.011407525606287605,0.000709228668870806,0.011442399675150051,0.0007140253616709674,0.011482601145591645,0.0007127759827469175,0.011570195117826362,0.0007187471613291333,0.011685737921167769,0.000723891753636556,0.011880631436587236,0.0007302486326472636,0.011477129069244326,0.000712591048449435,0.011472544569081299,0.000717116826483566,0.011491404971941085,0.0007134152277080177,0.011489161556099598,0.0007123662648645944,0.011486930673886871,0.0007126113641358273,0.01151530870216719,0.0007163685965621291,0.01151702986603278,0.0007144873944237238,0.006262889827033431,0.0007927798023144989,0.007192934133105151,0.0007927798023126525,0.0074794683928004245
423.0,0.01151614693768829,0.0007153826513341111,0.011551484234025229,0.0007202274417393125,0.011592262975997263,0.0007189767462999282,0.011681097570125492,0.0007250197314182966,0.011798268727697235,0.0007302347060791721,0.011995889428476028,0.0007366884658847395,0.01158683166150201,0.0007187948179418292,0.011581978657379357,0.00072334880987906,0.0116011992601618,0.0007196239459219194,0.011598910657108068,0.0007185646745158575,0.0115966474335777,0.0007188113627706964,0.011625429793417285,0.0007226078470893452,0.011627184170793104,0.0007207110829777217,0.00632144244862833,0.0007998990798044502,0.007261286104545638,0.0007998990798025889,0.007551009717478428
424.0,0.011625849947841308,0.0007215890199015729,0.011661657190094214,0.0007264824091982761,0.011703022074664123,0.0007252305211373145,0.011793116207308154,0.0007313462089529669,0.011911940542596715,0.0007366325349623866,0.012112329990100668,0.0007431846070136492,0.011697633381519624,0.0007250516883184044,0.011692505648651479,0.0007296339796675008,0.011712092902194488,0.0007258857767495873,0.011709758293052954,0.0007248160924512228,0.011707462228731407,0.0007250643755966282,0.011736655106376332,0.0007289005405156525,0.011738443299357058,0.0007269880928010522,0.006380559309588576,0.0008070825153459756,0.007330314424450153,0.0008070825153440991,0.007623266653908722
425.0,0.011736647789566847,0.0007278482899358849,0.011772931810438814,0.0007327907855341336,0.011814891864856143,0.0007315378317179277,0.011906264784986046,0.0007377271309320214,0.012026767559462075,0.0007430857917129945,0.012229968052917472,0.0007497376297207519,0.011809547696846065,0.0007313621857236838,0.011804138881129822,0.0007359728608696014,0.011824099358221008,0.0007322012460730122,0.011821717908721078,0.0007311210433205368,0.01181938849535227,0.0007313709272234622,0.011848998185836438,0.000735247206900846,0.011850820808064539,0.0007333189528985727,0.006440246949753823,0.0008143307892713567,0.0074000272043774845,0.000814330789269464,0.007696247908260515
426.0,0.0118485538217964,0.0007341609831694765,0.01188532157058563,0.0007391530986942447,0.011927885981535467,0.0007378992090215463,0.012020557277401428,0.0007441630410797151,0.012142764199718001,0.0007495950347275492,0.012348818791864141,0.0007563481150508054,0.011922588287768578,0.0007377268428540778,0.011916891902889434,0.00074236598501894,0.01193723230088727,0.0007385708863181423,0.011934803161035887,0.0007374800582997904,0.011932439881398985,0.0007377315487854329,0.011962472790812837,0.0007416483829127643,0.01196433046773,0.0007397041988720188,0.0065005120055879415,0.0008216445910248209,0.007470432680222204,0.0008216445910229103,0.007769962322298972
427.0,0.01196158161361975,0.0007405276278014054,0.011998840158609475,0.0007455698831856089,0.012042018275546105,0.0007443151906486502,0.012136007881781567,0.0007506544899493441,0.012259945117201883,0.0007561608294808692,0.012468897630337416,0.0007630166515227497,0.012036769051522834,0.0007441461990583089,0.0120307784759853,0.0007488138902614047,0.012051505619505375,0.0007449952365551145,0.012049027923251918,0.0007438936751910554,0.012046630250974853,0.0007441467780410474,0.012077092898788644,0.000748104611928715,0.012078986267894902,0.0007461443730212899,0.006561361211951089,0.0008290246193131069,0.0075415392145835826,0.0008290246193111807,0.007844418876012555
428.0,0.012075744948427752,0.0007469487585960327,0.012113501479335214,0.0007520416801751771,0.012157302817897973,0.0007507863209220821,0.012252631022799746,0.0007572020350288464,0.012378325202859296,0.0007627837486364916,0.012590220245295011,0.0007697438352481617,0.012152104106605329,0.0007506208004396673,0.0121458125806882,0.0007553171214564803,0.0121669334243571,0.0007514748426003205,0.012164406289249514,0.0007503624385242499,0.012161973688618873,0.0007506171594748025,0.01219287271006423,0.0007546164441387328,0.0121948024211824,0.000752640024447587,0.0066228014039108945,0.0008364715822590241,0.007613355299188724,0.000836471582257083,0.007919626690302689
429.0,0.012191057828155336,0.0007534249169834883,0.012229319658640247,0.00075856903759206,0.012273753904154507,0.0007573131509905326,0.012370441357142737,0.0007638062408484025,0.012497919589556362,0.0007694643721592401,0.012712802572485785,0.0007765302700519399,0.012268607797188831,0.0007571511999602046,0.012262008419822418,0.0007618762302803644,0.01228353005110079,0.0007580102571203762,0.01228095257793362,0.0007568868996607644,0.01227848450369873,0.0007571432444007584,0.012309826652209217,0.0007611844366507861,0.012311793367757066,0.0007591917091584362,0.006684839518593451,0.0008439861975580351,0.007685889557371411,0.0008439861975560774,0.00799559502973563
430.0,0.012307534477625786,0.0007599566511619656,0.012346309047860634,0.0007651525102315229,0.012391386058925492,0.0007638962389339478,0.012489453778192331,0.0007704676790899451,0.012618743657008132,0.0007762032874298878,0.012836660811809363,0.0007833765675952411,0.012386294697646691,0.0007637379575467682,0.012379380423208523,0.0007684917753309926,0.012401310065285644,0.000764602039737977,0.012398681337738554,0.0007634676168989921,0.012396177234911305,0.0007637255910680431,0.012427969384624104,0.0007678091535978506,0.012429973779893027,0.0007657999901746619,0.006747482597076181,0.000851569192637969,0.007759150746608576,0.0008515691926359966,0.008072333305359981
431.0,0.01242518934900008,0.0007665445162019332,0.012464484228303771,0.0007717926598609837,0.012510214040470554,0.0007705361498708932,0.012609683420818413,0.0007771869286987865,0.012740813036831484,0.000783001089361975,0.012961811432811138,0.000790283347500803,0.012505179617184406,0.0007703816401990391,0.01249794325221315,0.0007751643222349947,0.012520288266974619,0.0007712507571397402,0.012517607351242865,0.0007701051555818431,0.012515066654892477,0.0007703647647682789,0.012547315803212836,0.0007744911662470613,0.012549358566653726,0.0007724654376393401,0.006810737786322115,0.0008592213048219409,0.007833147761115463,0.0008592213048199487,0.008149851077590226
432.0,0.012544037126333406,0.0007731890741522062,0.012583860015871449,0.0007784900553279303,0.012630252845413373,0.0007772334560678783,0.012731145666292722,0.0007839645759972797,0.012864143617721662,0.000789858380520818,0.013088271180316758,0.0007972512374806775,0.012625277604586989,0.0007770828220995874,0.01261771180441023,0.0007818944437566316,0.01264047969548153,0.0007779569831860083,0.012637745639896366,0.0007768000882062075,0.01263516777493895,0.0007770613379450277,0.01266788104516873,0.0007812310531107961,0.012669962878685518,0.000779188628928783,0.006874612341158309,0.0008669432814945149,0.007907889634501428,0.0008669432814925083,0.008228158059159045
433.0,0.012664092730244592,0.0007798908941480338,0.012704451465794336,0.0007852452726698073,0.012751517713572774,0.0007839887370507543,0.012853856147322583,0.000790801214800643,0.012988751550759394,0.0007967757712447854,0.013216057080208898,0.0008042808734663644,0.012746603953081595,0.0007838420847259679,0.012738701218355448,0.0007886827199087579,0.01276189963422345,0.0007847212990227415,0.012759111468862883,0.0007835529945344882,0.012756495849846037,0.0007838158903052499,0.012789680493879105,0.0007880294000599258,0.01279180211312969,0.000785970148765592,0.006939113626297889,0.0008747358802712275,0.007983385542487615,0.0008747358802692021,0.008307264118139927
434.0,0.012785371322696693,0.0007866505525211628,0.012826273877484373,0.0007920588952260128,0.012874024132911601,0.0007908025797181568,0.012977830753209343,0.0007976974465349381,0.013114653254850303,0.0008037538797688725,0.013345186445351471,0.0008113728997414863,0.012869174205320178,0.000790660016964872,0.012860926878478616,0.0007955297380658396,0.01288456361569315,0.0007915442931954587,0.012881720351983357,0.0007903644617081911,0.012879066382865078,0.000790629008932847,0.012912729783951103,0.0007948868004390917,0.012914891918656335,0.0007928105893338095,0.0070042491184088215,0.0008825998691715251,0.008059644805689034,0.0008825998691694827,0.008387179281042195
435.0,0.01290788831189813,0.0007934686329119397,0.012949342799505291,0.0007989315137519143,0.012997787844609053,0.0007976755784570876,0.013103085635136482,0.0008046538803572746,0.013241865422301467,0.000810793332350599,0.013475676881665632,0.0008185279690770369,0.012993004158485748,0.0007975372152284774,0.012984404420096787,0.0008024360930790748,0.013008487426554223,0.0007984265617653327,0.013005588056860515,0.0007972350843636647,0.013002895130782392,0.0007975012884043426,0.013037044806361453,0.0008018038551842036,0.013039248200621419,0.0007997105503962541,0.0070700264082286515,0.0008905360267952114,0.008136676892461728,0.0008905360267931497,0.0084679137359804
436.0,0.013031659357322577,0.0008003457263835362,0.01307367403466675,0.0008058637265350449,0.013122824848258325,0.0008046083352606481,0.013229637211589667,0.0008116711332782923,0.013370405024539678,0.0008178947633983676,0.013607546294362853,0.0008257467428692344,0.013118109869525326,0.000804474283572931,0.013109149734550919,0.0008094023873936983,0.01313368711286335,0.0008053687084274689,0.013130730610070576,0.0008041654647499871,0.013127998109125787,0.0008044333309067085,0.0131626417137346,0.000808781172942147,0.013164887126354805,0.0008066706394140548,0.007136453202727717,0.000898545142502472,0.008214491421817622,0.0008985451425003953,0.008549477835920272
437.0,0.013156700374853569,0.0008072824315382681,0.013199283645244246,0.0008128561395134466,0.013249151407193915,0.0008116014598480048,0.013357502173912463,0.0008187498302869751,0.01350028931797436,0.0008250588156022097,0.013740812894337838,0.0008330298912800306,0.01324450766051437,0.000811471833819121,0.013235178974470255,0.0008164292311684507,0.013260178985422595,0.0008123713446313882,0.013257164302504976,0.0008111562128490905,0.013254391597499625,0.0008114257463574444,0.0132895369257532,0.0008158193701927117,0.013291825130578024,0.0008136914716684364,0.00720353732732219,0.0009066280165975747,0.008293098166408965,0.0009066280165954814,0.008631882102003125
438.0,0.01328302754205835,0.0008142793546361227,0.013326187958331006,0.0008199093663962581,0.013376784053952767,0.0008186555697866239,0.013486697492003605,0.0008258906044778208,0.01363153585001026,0.0008322861400671014,0.013875495204728775,0.0008403780933804051,0.013372214124154505,0.0008185304856756652,0.013362508559169794,0.0008235172423973346,0.013387979625265615,0.0008194350897038154,0.01338490569484529,0.0008182079464981538,0.013382092145054775,0.0008184791525268878,0.013417747134705147,0.0008229190713728717,0.013420078920960423,0.0008207736703848053,0.007271286728136733,0.0009147854605163327,0.008372507055583461,0.0009147854605142234,0.008715137226951603
439.0,0.013410657303591792,0.0008213371097155213,0.013454403571321879,0.0008270240287865819,0.013505739595872495,0.0008257712906167967,0.013617240420157675,0.0008330940971804382,0.01376416246521503,0.0008395773964488157,0.014011612067647639,0.0008477920372964615,0.013501246129411759,0.0008256508668642917,0.013491155180181173,0.0008306670470336248,0.013517105889283051,0.0008265605709737757,0.013513971623177329,0.0008253212915143029,0.013511116576095389,0.0008255941751628655,0.013547289311168999,0.000830080909003389,0.013549665483813804,0.0008279178668592305,0.007339709474320894,0.0009230182970174147,0.008452728178513237,0.0009230182970152849,0.008799254078558184
440.0,0.013539606376737501,0.0008284563187163391,0.01358394735753668,0.0008342007563066394,0.013636035120831584,0.0008329492559785524,0.013749148503055827,0.0008403609580916418,0.013898187311644732,0.0008469332530924071,0.01414918265108755,0.0008552724203583389,0.01363162082729539,0.000832833613247568,0.01362113580692464,0.0008378792791162954,0.013647574915989254,0.0008337484239000683,0.01364437920474596,0.0008324968818216762,0.013641481995827718,0.0008327714481176996,0.013678180709845467,0.0008373055238178437,0.013680602089933809,0.000835124700587276,0.0074088137604174905,0.0009313273603775656,0.008533771787398808,0.0009313273603754169,0.008884243703259792
441.0,0.013669891757087915,0.0008356376116052819,0.013714836471985792,0.0008414401867253584,0.013767688003135044,0.0008401901077409808,0.013882439581909127,0.000847691845410071,0.014033628847334258,0.0008543543871733927,0.014288226456012522,0.0008628199492521272,0.013763355656785313,0.0008400793689590918,0.013752467692523834,0.0008451545808987862,0.013779404131436208,0.0008409992922011946,0.013776145843857524,0.0008397353595809538,0.013773205796255681,0.0008400116134776463,0.013810438875536228,0.0008445935648941518,0.013812906300587464,0.0008423948193953534,0.007478607908786728,0.0009397134965909395,0.008615648300750636,0.0009397134965887735,0.008970117329799979
442.0,0.013801530724368183,0.0008428816265036098,0.013847088357281387,0.0008487429660883427,0.013900715909549822,0.0008474944961340286,0.014017131800760278,0.0008550874259734217,0.014170505846955292,0.0008618414848416538,0.014428763323633678,0.000870435340174724,0.01389646835091053,0.000847388786536134,0.013885168379769252,0.0008524936029802446,0.013912611255278595,0.0008483138279877406,0.013909289237930765,0.0008470373753213029,0.013906305662225659,0.0008473153216948146,0.013944081649276175,0.0008519456897885726,0.013946595973655914,0.0008497288795745416,0.007549100372086837,0.000948177563572467,0.008698368306750342,0.0009481775635702874,0.009056886372982253
443.0,0.013934540848408637,0.0008501890098173232,0.013980720749700503,0.0008561097488503542,0.014035136805496241,0.0008548630798828082,0.014153243612948363,0.0008625483753982631,0.014308837408649308,0.000869395241368178,0.014570813442879832,0.000878119318991787,0.014030976942983246,0.0008547625270548885,0.014019255707233292,0.0008598970044393176,0.014047214306993003,0.0008556926918973146,0.014043827383705819,0.000854403588074903,0.014040799577627265,0.0008546832317215734,0.014079127174623137,0.0008593625646722907,0.014081689269935194,0.0008571275460170358,0.007620299735812511,0.000956720431365544,0.008781942566693767,0.0009567204313633404,0.009144562437516414
444.0,0.014068939995270122,0.0008575604163698385,0.014115751685402696,0.0008635411980103027,0.014170968961397173,0.0008622965263445357,0.014290793787740784,0.0008700753782226824,0.014448642961039839,0.0008770163612946501,0.014714397358067196,0.0008858726213988585,0.014166899772994755,0.0008622012602682907,0.014154747815542943,0.000867365452970443,0.014183231612260516,0.0008631365532320844,0.014179778583610176,0.0008618346655140247,0.014176705831753499,0.0008621160111476041,0.014215593904110594,0.0008668448644706751,0.014218204659597871,0.0008645914923551631,0.007692214720892763,0.0009653429823539837,0.008866382018518559,0.0009653429823517599,0.009233157321960837
445.0,0.014204746333526206,0.0008649965095371849,0.014252199506808831,0.0008710379852488919,0.014308230959193168,0.000869795511648051,0.014429801417139388,0.0008776691280515836,0.014589942270428721,0.0008847055585859957,0.014859535976775827,0.0008936959930856326,0.014304255494175177,0.0008697056647464825,0.014291663153814707,0.0008748996250228092,0.014320681809510448,0.0008706460900989822,0.014317161452292062,0.0008693312840907907,0.01431404302582521,0.0008696143363395641,0.01435350060586705,0.0008743932730051674,0.014356160928824998,0.0008721214011031581,0.0077648541863504445,0.0009740461114784739,0.00895169778041821,0.0009740461114762331,0.009322683022764101
446.0,0.014341978340707813,0.0008724979613858164,0.014390082869143766,0.0008786007910688351,0.01444694169902515,0.0008773607208360793,0.014570285922864114,0.0008853303277048971,0.014732755448183883,0.000892463556785919,0.015006250577936767,0.0009015901899035828,0.014443063079726287,0.0008772764280200471,0.014430020486254727,0.0008825002059420057,0.014459583856638236,0.0008782219895525843,0.014455994923321886,0.0008768941291796314,0.01445283007968576,0.0008771788925834619,0.01449286637040852,0.0008820084831380026,0.014495577186609574,0.0008797179638016449,0.00783822713202461,0.0009828307264575435,0.009037901154545452,0.0009828307264552838,0.009413151738407536
447.0,0.014480654809914395,0.0008800654528130651,0.014529420747150523,0.0008862303049378445,0.014587120406092821,0.0008849928480102358,0.014712267063520374,0.0008930596893686574,0.014877102958324371,0.0009002910891755203,0.015154562820140006,0.0009095559780369019,0.01458334182972849,0.0008849142467259983,0.014569838898933178,0.0008901678901143806,0.01459995703789563,0.0008858649477408318,0.014596298256068941,0.0008845238952224676,0.014593086238669383,0.0008848103742297798,0.014633710617609158,0.0008896911969196761,0.014636472871737666,0.0008873818811649414,0.00791234270135755,0.0009916977480132,0.009125003630807422,0.0009916977480109248,0.009504575873653411
448.0,0.014620794856597914,0.0008876996736903711,0.014670232441978492,0.000893927225434379,0.014728786637692988,0.0008926925964788883,0.014855764941957603,0.0009008579347490676,0.015023005625306975,0.0009081888989350617,0.01530449475016891,0.0009175941341769348,0.014725111378230312,0.000892619826756617,0.014711137806733544,0.0008979033811142386,0.014741820970964504,0.0008935756700535303,0.014738091042759851,0.000892221285876792,0.014734831080651623,0.0008925094848414739,0.014776053103853956,0.0008974421257393362,0.014778867759954968,0.0008951138632312687,0.007987210184247757,0.0010006481101013731,0.009213016890755255,0.001000648110099079,0.00959696804390042
449.0,0.014762417925524626,0.0008954013230092141,0.014812537588253356,0.0009016922603962489,0.014871960290442186,0.0009004606789078559,0.015000800012820965,0.0009087257952295656,0.015170484642023446,0.0009161577393089407,0.015456068811766805,0.0009257054457000972,0.014868391700524612,0.0009003938834112253,0.014853936960485987,0.0009057073918538896,0.014885195614214973,0.0009013548712737765,0.014881393215721461,0.0008999870141665917,0.014878084523283907,0.0009002769373448116,0.014919913929382782,0.0009052619904781235,0.01492278197132194,0.0009029146295158827,0.008062839019972649,0.0010096827601471987,0.00930195281157121,0.0010096827601448835,0.009690341079650422
450.0,0.014905543797918468,0.0009031711090299322,0.01495635616133314,0.0009095261270720684,0.015016661607692189,0.0009082978174741029,0.015147393090307297,0.0009166640120310645,0.015319561578012526,0.0009241983737739838,0.015609307854645198,0.0009338907108494252,0.015013203120618036,0.0009082371415509053,0.014998256454289,0.0009135806447366274,0.015030101274157631,0.0009092032757323967,0.015026225054817087,0.0009078218026362678,0.015022866831420416,0.00090811345418319,0.015065313545826924,0.0009131515216654739,0.015068235977763697,0.0009107849091671968,0.008139238800180117,0.001018802659285377,0.009391823470155563,0.0010188026592830388,0.009784708031089969
451.0,0.015050192598794518,0.0009110097494334496,0.015101708484756395,0.0009174295522757328,0.015162911187141448,0.0009162047440224518,0.015295565356127685,0.0009246733363752509,0.015470258387896283,0.0009323115762110653,0.015764235143742217,0.0009421507389197968,0.015159566318899467,0.0009161503357563119,0.015144116733024697,0.0009215238718127541,0.015176558613092967,0.0009171216174653528,0.015172607195079289,0.0009157263835075544,0.015169198624743063,0.0009160197674740122,0.015212272763949682,0.0009211114596385967,0.01521525061082379,0.0009187254411260398,0.008216419271953004,0.0010280087826056372,0.009482641147316525,0.0010280087826032847,0.009880082172789037
452.0,0.015196384804486457,0.0009189179714759622,0.015248615237888263,0.0009254032725439031,0.015310729988651324,0.0009241822002253762,0.015445338367685288,0.0009327545296512678,0.01562259742004543,0.0009404981310802491,0.015920874368736543,0.0009504863504469973,0.015307502340013775,0.0009241342104885489,0.015291538600075014,0.0009295378149386006,0.015324588656966953,0.0009251106403743093,0.015320560634548596,0.0009237014988395571,0.015317100885589147,0.0009239966191685889,0.015360812761591557,0.0009291425547050346,0.015363847069623385,0.0009267369742880333,0.008294390340948515,0.0010373021194035126,0.009574418332066867,0.0010373021194011354,0.00997647700852185
453.0,0.015344141250375037,0.0009268965121466865,0.015397097463772439,0.0009334480342966199,0.015460139342270357,0.0009322309377459532,0.015596734066474967,0.0009409083635856265,0.015776601425482685,0.0009487588335993494,0.01607924965382771,0.0009588983774005728,0.015457032600946767,0.0009321895202532906,0.01544054322524464,0.0009376232259387668,0.015474212803435855,0.0009331710983903861,0.015470106742320648,0.0009317479006919496,0.01546659496699129,0.0009320447612152847,0.01551095509183235,0.0009372455673084522,0.01551404692903676,0.0009348202676691947,0.00837316207461251,0.0010466836734364432,0.009667167726028957,0.001046683673434044,0.010073906276212857
454.0,0.015493483138823521,0.0009349461183287082,0.01554717657719242,0.000941564594001054,0.015611160956477835,0.0009403517184041002,0.01574977478671136,0.0009491356204155519,0.015932293567031883,0.0009570944899262057,0.016239385567791878,0.0009673876633806993,0.015608178899330985,0.0009403170297681297,0.015591152152897195,0.0009457808667715275,0.015625452830150714,0.0009413037556411076,0.015621267266813099,0.0009398663512914279,0.015617702600932398,0.0009401649557258564,0.01566272169137191,0.0009454212681978003,0.015665872148087696,0.0009429760905748432,0.008452744705474361,0.0010561544631855213,0.009760902247953163,0.0010561544631831038,0.010172383953011082
455.0,0.015644432047326268,0.0009430675469630142,0.015698874372951848,0.0009497537183385672,0.01576381692664841,0.0009485453143460389,0.015904483264193105,0.0009574370930658312,0.0160896974287193,0.0009655059173446364,0.016401307134318935,0.0009759550638191376,0.015760963421973896,0.0009485175141332887,0.015743387310310972,0.0009540115096975206,0.01577833090326618,0.0009495093866207651,0.01577406434425521,0.000948057623201458,0.015770445906825924,0.0009483579751451233,0.015816134889141117,0.0009536704385997708,0.01581934507857441,0.000951205222771888,0.008533148634520812,0.0010657155221228264,0.009855635038351684,0.0010657155221203939,0.010271924260498092
456.0,0.01579700993687895,0.0009512615652157698,0.015852213034378733,0.0009580161843750446,0.015918129743748996,0.0009568125082172322,0.016060882645411535,0.0009658135853292027,0.016248837025437224,0.0009739939444541257,0.016565039842644843,0.0009846014461842587,0.01591540875362148,0.0009567917590057403,0.015897271016263117,0.0009623159374518605,0.015932869586181043,0.0009577887763641245,0.015928520507409418,0.0009563224994954536,0.01592484740022678,0.0009566246024240117,0.01597121741514637,0.0009619938703947619,0.01597448847393094,0.0009595084546645789,0.008614384434654987,0.00107536789898466,0.009951379464251862,0.0010753678989822058,0.010372541670032771
457.0,0.015951239160575073,0.0009595289506489889,0.01600721514206181,0.0009663527797346532,0.016074122303273382,0.0009651540933387412,0.01621899649691037,0.0009742659120503718,0.016409736812877943,0.0009825594113634353,0.016730609658485447,0.0009933276901904502,0.01607153788596178,0.0009651405607767931,0.016052825989846684,0.0009706949434196187,0.01608909184851916,0.0009661427206236434,0.016084658694531625,0.0009646617739334047,0.016080930001781832,0.0009649656311961288,0.01612799240955926,0.0009703923662963804,0.01613132549833126,0.000967886587473768,0.0086964628542392,0.0010851126580506767,0.010048149124072949,0.0010851126580482,0.01047425090823732
458.0,0.01610714247243876,0.0009678704913945178,0.016163903682826705,0.0009747643027770894,0.016231817914422835,0.0009735708738871505,0.016378848814905814,0.0009827948993138278,0.016572421697747017,0.000991203169888174,0.016898043035284388,0.0010021346880117472,0.016229374226875832,0.0009735647267533525,0.016210075359531177,0.0009791493318148934,0.01624702107535697,0.0009745720260502517,0.016242502258580004,0.0009730762511420488,0.016238717046425002,0.0009733818659578116,0.016286483432055108,0.0009788667400345479,0.01628987973604619,0.000976340433419817,0.00877939482072784,0.0010949508794292,0.010145957852629174,0.0010949508794267026,0.010577066962628988
459.0,0.016264743036497973,0.0009762869863316126,0.016322302058958515,0.000983251562778403,0.01639124030954072,0.0009820636650781272,0.01654046403517521,0.0009914013846354138,0.0167369170482641,0.0009999260837524377,0.017067366925783894,0.0010110233445000817,0.01638894160994554,0.0009820650753427263,0.016369042672472082,0.0009876799178634252,0.01640668107670793,0.0009830775103778435,0.016402074976675996,0.000981566746798744,0.016398232292829443,0.0009818741222518816,0.01644671447141248,0.0009874178165423448,0.016450175201058792,0.0009848708159092136,0.008863191444388512,0.0011048836593488076,0.010244819726263572,0.0011048836593462895,0.010681005087402324
460.0,0.016424064436111087,0.0009847792452680147,0.016482434097681055,0.0009918153801154325,0.016552413653810084,0.0009906332933536596,0.01670386704322308,0.0010000862171578502,0.01690324870496289,0.0010087290287945948,0.017238608793931808,0.0010199945774079793,0.01655026430422672,0.0009906424362412744,0.016529751904079758,0.0009962875279889644,0.01656809609726913,0.000991660002611364,0.016563401059830687,0.0009901340878189955,0.016559499933120007,0.000990443226855071,0.0166087099553796,0.0009960464321466169,0.016612236346949912,0.0009934785697249462,0.00894786402211965,0.0011149121104563427,0.010344749068116933,0.0011149121104538035,0.010786080809365977
461.0,0.01658513068354856,0.0009933480891247191,0.016644324060898302,0.0010004565864539857,0.016715362555220426,0.0009992805965732072,0.01686908318473369,0.0010088502578502578,0.01707144299179935,0.0010176128931773355,0.01741179662713325,0.0010290493176160198,0.016713367024295083,0.000999297650626857,0.01669222746785254,0.001004973000003381,0.01673129082644191,0.0010003203432189163,0.016726505162942017,0.0009987791125478382,0.01672254460285925,0.0009990900179693112,0.01677249476081754,0.0010047534347624966,0.01677608807705817,0.0010021645412208193,0.009033424041361328,0.0011250373621215478,0.010445760453535083,0.0011250373621189873,0.010892309934039557
462.0,0.016747966229845212,0.0010019943501244793,0.01680799665520906,0.0010091760249408945,0.016880112074816662,0.0010080064242086058,0.01703613827632167,0.001017694379711775,0.01724152672757761,0.0010265785776021102,0.017586958948861926,0.0010381885093650965,0.016878274940575335,0.001008031571355211,0.01685649422548922,0.0010137371833006412,0.01689629040863414,0.0010090593843276397,0.016891412395073253,0.0010075026709551187,0.0168873913913128,0.0010078153454168768,0.016938094224129976,0.0010135396840918803,0.01694175575492997,0.0010109295885196723,0.009119883184107362,0.0011352605607484868,0.010547868715619774,0.0011352605607459084,0.010999708551915628
463.0,0.01691259597492572,0.0010107188719841228,0.016973477042202662,0.0010179745503999206,0.017046687737235913,0.0010168116375430818,0.017205058616585483,0.0010266194679793806,0.017413527237706856,0.0010356269955279914,0.017764124831641866,0.0010474131104935692,0.01704501368996225,0.0010168450631603712,0.017022577497281668,0.0010225809390547666,0.01706312045385238,0.0010178779899236558,0.017058148330021977,0.001016305624834773,0.01705406585200484,0.0010166200708395564,0.01710553415198701,0.001022406051826011,0.01710926521506283,0.0010197745817157363,0.00920725333101746,0.0011455828700939208,0.010651088950926691,0.0011455828700913174,0.011108293044891474
464.0,0.017079045278016316,0.0010195225101108465,0.01714079084904595,0.0010268530295316806,0.017215115541543726,0.0010256971098742775,0.017375870997480936,0.0010356264203400486,0.017587472366297884,0.0010447590733951935,0.017943323910412028,0.001056724092679505,0.017213609386742865,0.0010257390028592095,0.017190503072804925,0.0010315051404218207,0.017231807048596313,0.001026777036056136,0.017226739017189133,0.0010251888480082066,0.017222594013573574,0.00102550506790189,0.01727484083235603,0.0010313534218522032,0.017278642773955927,0.0010287004030811308,0.009295546565635962,0.001156005471592816,0.010755436525316141,0.0011560054715901908,0.01121808009287705
465.0,0.017247339968351677,0.0010284061318024558,0.017309964179370398,0.001035812341117716,0.017385421972379602,0.0010346637267215275,0.017548602716020607,0.0010447161471472278,0.017763390488612262,0.0010539757508531817,0.018124586396289676,0.0010661224416880527,0.017384088633832596,0.0010347142795601879,0.017360297221909973,0.0010405106727460782,0.017402376767063518,0.0010357574110455578,0.01739721099275712,0.0010341532265318236,0.01739300239093652,0.001034471222498633,0.017446041045846235,0.001040382690464862,0.01744991524147639,0.0010377079472766262,0.009384775178718179,0.0011665295646911965,0.010860927079960687,0.001166529564688546,0.011329086680583559
466.0,0.01741750635618528,0.0010373706164517641,0.017481023624470057,0.0010448533762286972,0.01755763401142155,0.0010437123860373278,0.017723281586311375,0.0010538895716419507,0.01794131052387657,0.0010632779809936878,0.018307943090743753,0.001075609157624151,0.017556478534331448,0.0010437717948764292,0.017531986706030678,0.0010495984337704264,0.017574856682675354,0.001044820015696279,0.017569591291190564,0.0010431996589089494,0.01756531799677478,0.0010435194329664595,0.01761916207738184,0.0010494947665808572,0.017623109932554285,0.0010467981215667639,0.009474951672666968,0.001177156367186505,0.010967576537514559,0.0011771563671838358,0.01144133010450008
467.0,0.017589571244115036,0.001046416855755197,0.017653996274820897,0.0010539770384370116,0.01773177914918133,0.001052843998423308,0.017899935951944106,0.0010631476301784877,0.018121261948474642,0.0010726667305885698,0.018493425400193608,0.0010851852551906557,0.017730806703416698,0.0010529124631432434,0.017705598789816746,0.001058769333851116,0.017749274379937164,0.001053965763513522,0.017743907457067335,0.0010523290563060196,0.01773956835334973,0.001052650610300114,0.017794231728210732,0.0010586905719593876,0.017798254679213713,0.0010559718460395186,0.009566088766086472,0.0011878871155756967,0.011075401108450332,0.0011878871155730035,0.011554827980062353
468.0,0.01776356193873441,0.0010555457539256912,0.0178289097319318,0.001063184244033679,0.017907885397141568,0.0010620594873505852,0.018078594698743154,0.0010724912724547335,0.018303274809529146,0.001082142980332805,0.018681065351050883,0.0010948517639520236,0.017907101280577487,0.001062137211640136,0.017881161253100422,0.001068024296176983,0.017925657966639284,0.00106319558092487,0.01792018755725199,0.0010615423427733828,0.017915781504662286,0.0010618656783729996,0.017971278328264156,0.0010679710414264751,0.01797537784295537,0.001065230053830489,0.009658199398452035,0.0011987230654112355,0.01118441729756836,0.0011987230654085183,0.011669598249022063
469.0,0.017939506262620517,0.001064758227910013,0.01800579212053919,0.0010724759222498208,0.01808598130024607,0.0010713597893848123,0.01825928726789299,0.0010819214617475176,0.018487379738887935,0.001091707725092551,0.018870895605214436,0.0011046097286037488,0.018085390942210577,0.0010714469808175376,0.018058702403213323,0.00107736425699325,0.018104036086416992,0.00107251040750642,0.018098460193425703,0.0010708404554706534,0.01809398602896428,0.0010711655741624596,0.018150330748875638,0.001077337123104083,0.018154508327500617,0.001074573691351767,0.009751296734902649,0.0012096654916652638,0.011294641910683387,0.001209665491662524,0.011785659187021593
470.0,0.01811743256666984,0.0010740552076106396,0.018184672101158098,0.0010818530154827711,0.01826609594975554,0.0010807458544158817,0.018442043669451517,0.0010914391751527862,0.018673607967529683,0.0011013619741585918,0.01906294947604326,0.0011144602092475924,0.018265704914580044,0.0010808427245282083,0.018238251087661132,0.0010867901658299615,0.0182844379316765,0.0010819111962136493,0.0182787545149817,0.0010802243448968251,0.018274211051639153,0.0010805512479796946,0.018331418415875312,0.0010867897786441115,0.018335675591909902,0.0010840037185257053,0.009845394171159705,0.0012207156891020604,0.011406092061495818,0.0012207156890993013,0.011903029411382021
471.0,0.01829736974279397,0.0010834376361122144,0.01836557888299905,0.0010913164795268776,0.01844825899648243,0.0010902186458924869,0.01862689449626605,0.0011010454038309868,0.018861991340402326,0.0011111067515051927,0.01925726094481528,0.0011244042816729064,0.01844807298716469,0.00109032541026359,0.018419836707171573,0.0010963029857352724,0.018466893256902185,0.0010913989136171717,0.01846110023230104,0.0010896949751251935,0.01845648625845986,0.0010900236637045744,0.018514571323070144,0.0010963299834673291,0.018518909664090148,0.0010935211090235483,0.009940505338573994,0.0012318749726591808,0.011518785178652203,0.001231874972656397,0.012021727889110951
472.0,0.018479347236988717,0.0010929064699127904,0.01854854223726662,0.0011008672838091755,0.018632500664417014,0.0010997791410616348,0.0188138709383041,0.0011107411532576105,0.019052562331710914,0.0011209430960545134,0.019453864677697632,0.0011344430376440066,0.018632525526397013,0.0010998960193950912,0.018603489229125084,0.001105903693513586,0.01865143239235892,0.0011009745401434497,0.018645527630421422,0.0010992533240432839,0.018640841909239838,0.0010995837990253816,0.0186998200461245,0.001105958727007322,0.018704241154700905,0.0011031268505091376,0.01003664410930761,0.0012431446778372723,0.011632739013001318,0.001243144677834464,0.012141773945137338
473.0,0.018663395062788454,0.001102462679159924,0.01873359251085161,0.0011105064116300387,0.018818851764758615,0.0011094283312132437,0.019003004797415256,0.0011205274434790767,0.019245354060670537,0.0011308720619467227,0.019652796043242042,0.0011445775851939503,0.01881909348981398,0.0011095555474205671,0.01878923920138731,0.0011155932799687956,0.01883808625820036,0.0011106390703206131,0.01883206758311338,0.0011089003835978177,0.018827308851890205,0.0011092326456836634,0.018887195756856035,0.001115677012959688,0.01889170127147867,0.001112821944887815,0.01013382460165232,0.0012545261610990665,0.011747971645052958,0.0012545261610962327,0.012263187270781501
474.0,0.018849543815119323,0.0011121072478917453,0.01892076064043029,0.001120234860408929,0.019007343710366977,0.0011191672219298839,0.019194328502539174,0.001130405309374134,0.019440400307741,0.001140894718815995,0.0198540911304291,0.0011548090489247491,0.01900780844063016,0.0011193050042159645,0.01897711776655041,0.001125372750152595,0.01902688637900319,0.001120393513029534,0.019020751567376357,0.001118637160044916,0.01901591853689844,0.0011189712097242326,0.019076730237959083,0.0011254858595364618,0.01908132183398994,0.0011226074085605993,0.010232061185490793,0.001266020800277558,0.01186450149264529,0.0012660208002747057,0.012385987932468109
475.0,0.019037824684567033,0.0011218411742831464,0.019110078166986372,0.0011300536419353421,0.01919800853064808,0.0011289968333419436,0.019387875125375972,0.0011403758009209133,0.019637735531361805,0.0011510121520725322,0.020057786767274793,0.0011651385703142425,0.01919870256275216,0.0011291454142923999,0.01916715667660486,0.0011352431236181467,0.019217864898734355,0.0011302388917602223,0.019211611678372827,0.0011284646742056343,0.019206703032240632,0.0011288005117505802,0.019268455898174396,0.0011353862997260688,0.019273135288829363,0.0011324842726838417,0.010331368487903711,0.0012776299949938176,0.01198234731882788,0.0012776299949909347,0.012510196380689167
476.0,0.01922826947206973,0.0011316654708972019,0.01930157725076899,0.0011399637826251115,0.019390878886890128,0.0011389182003881306,0.019583678396533938,0.0011504399834696547,0.019837394885203634,0.0011612254631906305,0.02026392054003025,0.0011755673080297414,0.019391808676244907,0.0011390778170587243,0.019359388308050916,0.00114520543467914,0.019411054596175533,0.0011401762448737447,0.01940468064481319,0.0011383839617269934,0.01939969503874723,0.0011387215871856869,0.019462405787918004,0.0011453793815588023,0.01946717472528124,0.0011424535834344063,0.010431761398928208,0.0012893551670845151,0.012101528239968153,0.0012893551670816116,0.012635833459227619
477.0,0.01942091060405795,0.0011415811649419275,0.01949529068670487,0.0011499663237822247,0.019585988088066313,0.001148932373081688,0.01978177272217421,0.0011605989380214375,0.02003941423595838,0.0011715357700031808,0.020472530812987187,0.0011860964382487702,0.019587160253272673,0.0011491032670897365,0.01955384567747013,0.0011552607326743678,0.01960648890081481,0.001150206625869742,0.019599991844808852,0.0011483960733485311,0.019594927905934284,0.0011487354865384754,0.019658613615387947,0.0011554661683780536,0.019663473891456843,0.0011525164022806549,0.010533255077471888,0.0013011977610396341,0.01222206373408722,0.0013011977610367066,0.012762920414648745
478.0,0.019615781148049412,0.0011515892985325773,0.01969125192027794,0.0011600623218661992,0.01978337010711995,0.0011590404167822882,0.019982193201169927,0.0011708537615129143,0.020243830181683835,0.0011819442070026003,0.020683656748919588,0.0011967271549868652,0.01978479143452565,0.0011592228344002155,0.01975056245757072,0.001165410082238057,0.019804201909226132,0.0011603311036597723,0.01979757932221059,0.0011585020751747424,0.019792435648320506,0.0011588432756759923,0.01985711376316469,0.00116564773911738,0.019862067210929105,0.0011626738062591702,0.01063586495738837,0.0013131592444504232,0.012343973649434676,0.001313159244447471,0.012891478906068645
479.0,0.019812914828723407,0.001161690928959522,0.019889495063895153,0.0011702528487652778,0.019983059597750947,0.001169243412473783,0.020184975642798156,0.0011812055671072742,0.020450680070727957,0.0011924519256483618,0.020897338330179427,0.0012074606704328011,0.01998473704615332,0.0011694376047248324,0.01994957299372474,0.0011756545635759597,0.020004228401951662,0.0011705507628465043,0.019997477803450195,0.001168703048953311,0.019992252962245216,0.0011690460361014996,0.020057941305323845,0.001175925188583597,0.020062989799881383,0.0011729268882576123,0.010739606753717792,0.0013252411084680783,0.012467278213309048,0.0013252411084651017,0.013021531015211212
480.0,0.02001234604448467,0.0011718871289619524,0.02009005491375724,0.0011805389920754872,0.020185091911721745,0.0011795424570480856,0.020390156584983832,0.0011916554844915788,0.020660002021250186,0.0012030600946813855,0.021113616380477273,0.0012182982152913675,0.020187032617222905,0.0011797486798042157,0.02015091232101519,0.001185995272747479,0.020206603860907234,0.0011808667040090523,0.02019972271490157,0.0011790000923594,0.020194415243206858,0.0011793448652385786,0.020261132025081657,0.0011862996277460704,0.02026627748478508,0.0011832767573036363,0.010844496469099367,0.0013374448682733058,0.012591998041132545,0.0013374448682703026,0.013153099256760592
481.0,0.020214109884539692,0.0011821789870074778,0.02029296696724963,0.0011909218553857839,0.020389503116700788,0.0011899386635950888,0.020597773313117552,0.0012022046601806512,0.020871834941365762,0.0012137699004454252,0.02133253258736977,0.001229241039133895,0.020391714397722346,0.0011901571776772313,0.020354616181812765,0.0011964333219538987,0.02041136448733027,0.0011912800439944423,0.020404350200784314,0.0011893943192861818,0.020398958603740604,0.0011897408767214382,0.020466722432988547,0.0011967721840322513,0.020471966820635006,0.001193724538860219,0.01095055040036093,0.0013497720635571567,0.012718154145788647,0.0013497720635541248,0.0132862065890219
482.0,0.020418242146502934,0.0011925676075777664,0.020498267440874837,0.0012014025585693887,0.02059633001466393,0.001200433161699089,0.020807863879468702,0.0012128542578276167,0.021086218549935434,0.0012245825472155575,0.021554129525483273,0.0012402904107567327,0.02059881937712496,0.0012006642329796184,0.020560721043898344,0.0012069698398329148,0.020618547220289354,0.0012017919162155507,0.020611397141625357,0.0011998868601416951,0.020605919891856728,0.0012002352006916025,0.020674749785696882,0.001207344001629793,0.020680095109752376,0.0012042713751273632,0.011057785145289817,0.0013622242590133886,0.012845767947232368,0.0013622242590103334,0.013420876424900448
483.0,0.020624779354550423,0.0012030541114604774,0.020705993288748312,0.0012119822380814904,0.020805610160876332,0.001211027097741555,0.021020467123214655,0.0012236054585413885,0.02130319339802296,0.001235499257534089,0.021778450680502996,0.0012514476185479253,0.020808385303542336,0.001211270997249302,0.02076926411915718,0.0012176059717595893,0.02082818975577592,0.0012124034709555416,0.02082090117330365,0.0012104788621521924,0.020815336710057072,0.0012108289841010495,0.020885252105318504,0.0012180162417952218,0.020890700421184568,0.0012149184253505624,0.01116621760959389,0.0013748030448427605,0.012974861282380972,0.00137480304483968,0.013557132643209301
484.0,0.020833758778144862,0.0012136396360475238,0.020916182221673123,0.0012226620472634657,0.02101738188347193,0.0012217216352107076,0.021235622691111112,0.0012344594612111398,0.021522800891048976,0.0012465212725539915,0.022005540473954515,0.001262713970862234,0.021020450703481592,0.0012219786392382898,0.02098028338285802,0.001228342880153923,0.021040330566401585,0.0012231158756789932,0.021032900706696066,0.001221171489672248,0.021027247434954897,0.0012215233910220806,0.02109826819939993,0.0012287900831695281,0.021103821610720924,0.0012256668661359573,0.0112758650140566,0.0013875100372694655,0.013105456415296314,0.001387510037266359,0.013694999600319143
485.0,0.02104521845134893,0.0012243253356398853,0.021128872726821003,0.001233443156653843,0.02123168430365971,0.0012325179550178368,0.021453371058826186,0.0012454174828380846,0.02174508331166932,0.0012576498523900958,0.022235444288814247,0.0012740907964048456,0.021235054902235127,0.0012327883452316394,0.021193817593549113,0.0012391817447952504,0.021255008921723138,0.0012339303153499615,0.02124743494795053,0.001231965924501654,0.021241691237518665,0.0012323196029640096,0.021313837681533044,0.0012396667221006628,0.021319498341548185,0.0012365178917726196,0.01138674490189262,0.0014003468790701938,0.013237576047668169,0.0014003468790670633,0.01383450214216029
486.0,0.02125919719275473,0.0012351123817591477,0.021344104088039176,0.0012443267543060742,0.021448557356572827,0.0012434172558206788,0.021673753552966076,0.0012564807588746093,0.0219700838433994,0.0012688862764781805,0.022468208495975004,0.0012855794446238098,0.02145223804492123,0.0012437013193733928,0.021409906313585206,0.0012501237631435196,0.021472264909216793,0.0012448479927570776,0.021464543919406803,0.0012428633662093704,0.021458708103964642,0.001243218819196916,0.021532000992630577,0.001250647372973282,0.02153777110556854,0.0012474727145618798,0.011498875146312279,0.001413315240116101,0.013371243329608836,0.0014133152401129428,0.013975665616591288
487.0,0.021475734626045236,0.0012460019634659332,0.021561916406808112,0.0012553140461133792,0.021668041812792846,0.0012544207543540213,0.021896812373816046,0.001267650543571066,0.02219784659502119,0.0012802318439423179,0.02270388048160693,0.0012971812861117254,0.021672041118206416,0.0012547187839997986,0.02162858993031466,0.0012611701506677598,0.02169213945593149,0.001255870128845871,0.02168426848119258,0.0012538650324647098,0.021678338857321493,0.0012542222570825778,0.0217527994228862,0.0012617332685457806,0.02175868124540994,0.0012585325651541396,0.011612273958300291,0.0014264168179280259,0.013506481870770833,0.0014264168179248411,0.01411851588614604
488.0,0.021694871201219212,0.0012569952876853837,0.021782350623873372,0.0012664062561408551,0.021890179300568004,0.0012655296857676487,0.02212259061882808,0.0012789281103304097,0.02242841662579987,0.0012916878739705063,0.022942508675445897,0.0013088977130165731,0.021894505972731185,0.0012658419799800506,0.02184990967795139,0.0012723221411818785,0.02191467435084267,0.001266997963058591,0.021906650353519203,0.0012649721593759368,0.02190062517969461,0.001265331152412803,0.021976275134452265,0.0012729256602950325,0.021982270977149342,0.0012696986928931442,0.011726959894616142,0.001439653338245435,0.013643315751798325,0.0014396533382422234,0.014263079341173816
489.0,0.021916648216500266,0.0012680935795398843,0.02200544854157975,0.0012776046269649191,0.02211501232875745,0.0012767453039718752,0.02235113230687939,0.0012903147520707816,0.022661839971541257,0.0013032557061989525,0.023184142580049662,0.0013207301394622954,0.022119675346267045,0.0012770721670646555,0.022073907660155875,0.0012835809871878997,0.022139912267933916,0.001278232753681576,0.022131732139703326,0.0012761860018363884,0.02212560963525574,0.0012765467597553935,0.022202471184857065,0.001284225818768674,0.02220858341378227,0.001280972366168032,0.011842951866024546,0.0014530265556093969,0.013781769536123646,0.0014530265556061553,0.014409382913386367
490.0,0.02214110784095633,0.0012792980826892265,0.02223125284693441,0.0012889104200204502,0.022342584310527006,0.0012880688819909044,0.022582482403336813,0.0013018117815964516,0.02289816367152726,0.0013149367011051857,0.023428832801057314,0.0013326800019790985,0.022347592887637074,0.001288410624241601,0.022300626873354594,0.0012949479602270002,0.0223678967900397,0.0012895757782005164,0.02235955734994557,0.0012875078338785326,0.022353335693985888,0.0012878703528078287,0.022431431551192548,0.001295635033945559,0.022437662589463635,0.0012923548727733893,0.01196026914576184,0.0014665382539600375,0.013921868282123146,0.001466538253956769,0.01455745408982672
491.0,0.022368293137861102,0.0012906100596784432,0.02245980713542367,0.0013003249159556673,0.0225729395878249,0.0012995017123241285,0.022816686845956783,0.0013134205319770798,0.02313743579635873,0.0013267322404102218,0.023676631078497577,0.0013447487599439435,0.022578303181422982,0.001299858650100696,0.022530111230826384,0.0013064243512384069,0.02259867243347095,0.0013010283336637363,0.022590170425891853,0.001298938949035866,0.0225838477562025,0.0012993032247590234,0.022663201155105103,0.0013071546156042146,0.022669553484550933,0.0013038475202773753,0.012078931378248713,0.0014801902472488828,0.014063637555642317,0.0014801902472455864,0.014707320927275587
492.0,0.022598248088821164,0.0013020307922934125,0.022691155935618622,0.0013118494149950933,0.02280612345667269,0.0013110451073156258,0.023053792571652527,0.0013251423569357855,0.0233797054767497,0.0013386437274900268,0.023927590319186086,0.0013569378960313983,0.022811851773496348,0.0013114175632060745,0.022762405587584914,0.0013180114709263951,0.022832284673461847,0.001312591737053689,0.02282361676601145,0.0013104806607131777,0.02281719117790015,0.0013108466886592653,0.022897825888616077,0.0013187858936998232,0.022904302051484474,0.0013154516363983652,0.012198958588056138,0.001493984380066543,0.01420710344290656,0.001493984380063221,0.014859012067110681
493.0,0.022831017618701974,0.0013135615819245166,0.022925344734596582,0.0013234852373106734,0.023042182193297612,0.0013227003995321027,0.023293847544167353,0.0013369786312460448,0.02362502293330354,0.0013506725877966278,0.024181764630257632,0.0013692489166751913,0.023048285197402613,0.0013230887024772986,0.022997555766088865,0.0013297106501357072,0.023068779970465993,0.0013242673256669832,0.02305994275182217,0.001322134302565138,0.023053412296937918,0.0013225020777985132,0.023135352640810194,0.0013305302187497008,0.02314195524153246,0.0013271685693900285,0.012320371189133239,0.0015079225282861525,0.014352292563829217,0.0015079225282828013,0.015012556750637746
494.0,0.023066647621383662,0.0013252037499385798,0.02316242000421116,0.0013352337234014086,0.02328116308114378,0.0013344689421494506,0.023536900782685128,0.0013489307511377851,0.023873439507319044,0.0013628202692889237,0.024439209353881733,0.0013816833525406888,0.023287651001633655,0.0013348734275790992,0.0232356085828135,0.0013415232402353993,0.023308205797335377,0.001336056457503051,0.02329919577499697,0.001333901228883619,0.023292558460105736,0.0013342707460934824,0.023375829325421957,0.0013423889622277215,0.02338256103244158,0.0013389996884354144,0.012443189994306311,0.0015220065997230544,0.014499232085732077,0.0015220065997196782,0.01516798483490819
495.0,0.023305184986379214,0.0013369586380592468,0.02340242922824662,0.001347096234481599,0.02352311443879696,0.0013463521093481513,0.023783002391420935,0.0013610001347129036,0.02412500769266074,0.0013750882428736999,0.024699981103210457,0.0013942427590087152,0.023529997777823435,0.0013467731193201296,0.023476611875716286,0.0013534506135115935,0.02355061066742144,0.0013479605116617638,0.023541424265388286,0.0013457828149938643,0.023534678051106685,0.001346154068483472,0.023619304909360362,0.001354363516967704,0.02362616845702377,0.0013509463840500006,0.012567436225059299,0.0015362385348112264,0.01464794973749433,0.00153623853480782,0.015325326809043869
496.0,0.02354667762634869,0.0013488276087560568,0.023645420930490033,0.0013590741528780072,0.023768085648856657,0.0013583512967178483,0.024032203590228292,0.0013731882223703572,0.024379781168743873,0.0013874780028569674,0.024964137799608953,0.0014069287166709372,0.023775375189904017,0.0013587891800609013,0.023720614532635527,0.0013654941635691728,0.02379604416363135,0.0013599808887501954,0.023786677720003715,0.0013577804576597637,0.023779820519491755,0.0013581534413354159,0.02386582944220557,0.0013664552975762372,0.023872827632720233,0.0013630100684940585,0.0126931315216036,0.001550620307296879,0.014798473824144202,0.0015506203072934409,0.015484613811087301
497.0,0.023791174505547397,0.0013608120456424474,0.023891444703758518,0.00137116888243623,0.024016127187800187,0.0013704679216712142,0.024284556746265566,0.0013854964772412842,0.0246378148346792,0.0013999910674059022,0.025231738711228403,0.0014197428318371594,0.024023834004263004,0.0013709230341311758,0.023967666520654865,0.0013776553057427692,0.02404455696848041,0.0013721190112988301,0.024035006732976885,0.0013698955754985886,0.024028036410583774,0.001370270282858225,0.02411545408672103,0.001378665740854998,0.024122589792184294,0.001375192176194708,0.012820297953249876,0.0015651539249498152,0.01495083324191039,0.0015651539249463497,0.015645877645396964
498.0,0.02403872566924357,0.0013729133538829276,0.02414055123992132,0.001383381848936315,0.024267290656871814,0.0013827034238674436,0.024540115406767475,0.0013979263856342124,0.024899164844620892,0.001412628979021909,0.025502844492972052,0.001432686737054917,0.02427542612094022,0.001383176128257007,0.024217818916478163,0.0013899354775172442,0.02429620089518026,0.0013843763241874107,0.024286463026569567,0.0013821296094052758,0.024279377396433405,0.0013825060335268015,0.02436823115042013,0.0013909963062329299,0.02437550731491925,0.0013874941641776053,0.012948958029089234,0.001579841430293055,0.015105057493750967,0.0015798414302895586,0.015809150800609916
499.0,0.02428938227414727,0.0013851329606096544,0.024392792360956726,0.0013957145005181525,0.024521628814044186,0.0013950592656456126,0.02479893433296355,0.0014104794574908307,0.025163888644375847,0.0014253933050247059,0.025777517227921473,0.0014457620916415895,0.024530204605907963,0.0013955499319978518,0.024471123937852574,0.0014023361389579507,0.024551028919806168,0.001396754295080737,0.024541099483248816,0.0013944840229866379,0.024533896307849187,0.0013948621565158929,0.024624214118231413,0.0014034484762085577,0.024631633760019932,0.001399917512508941,0.013079134708998788,0.001594684901351222,0.015261176705376326,0.0015946849013476982,0.015974466468191017
500.0,0.024543196619888588,0.0013974723153486847,0.024648221051084718,0.0014081683081166815,0.0247791956070944,0.0014075369324681722,0.025061069535194335,0.0014231572268524387,0.025432045009323896,0.0014382856380481493,0.02605582047027962,0.0014589705822295764,0.024788223724481532,0.0014080459381937854,0.024727634976084167,0.0014148587731510425,0.024809095214587927,0.0014092544148746051,0.024798970178885212,0.001406960303005703,0.02479164716754342,0.0014073401381441417,0.02488345768630867,0.0014160237568025921,0.02489102390006143,0.0014124637247476166,0.013210851414978799,0.0016096864524183562,0.015419221641785892,0.0016096864524148006,0.016141858561594676
501.0,0.02480022218159343,0.0014099328904561466,0.024906891490024567,0.0014207447659073428,0.02504004620784162,0.0014201379333748528,0.025326578309275913,0.0014359612523374696,0.02570369408370401,0.0014513075965478938,0.026337819289904967,0.0014723139233247258,0.02504953897590235,0.001420665663423368,0.024987406629691886,0.001427504886654041,0.025070455182370846,0.0014218781981523397,0.02506013041711608,0.0014195599598365266,0.025052685224444354,0.001419941488328506,0.0251460177970336,0.001428723678021318,0.025153733756183305,0.0014251343284082316,0.013344132042836831,0.0016248482348456517,0.015579223724337555,0.0016248482348420682,0.016311361736060254
502.0,0.025060513643596398,0.001422516181564628,0.025168859087417814,0.0014334453917618838,0.025304237047594862,0.001432863801447246,0.025595519274164032,0.0014488931176304353,0.025978897421329108,0.0014644608253212468,0.026623580318498687,0.001485793857878478,0.02531420712914802,0.0014334106484722383,0.02525049473924557,0.001440276009957049,0.02533516549229635,0.0014346271836519816,0.025324636764925135,0.0014322845279297319,0.02531706698922025,0.0014326677410494472,0.02541195167525944,0.0014415497943308126,0.025419820634419693,0.001437930875434943,0.013479000974229228,0.001640172437849788,0.015741215048369558,0.0016401724378461722,0.016483011409066946
503.0,0.025324126934343265,0.0014352237080400034,0.025434180518470902,0.0014462717277149966,0.02557182585386043,0.001445716094284431,0.025867952410974185,0.0014619544319824662,0.026257718027785353,0.0014777469960396315,0.026913171797524872,0.0014994121578741594,0.025582286260018638,0.0014462824588128073,0.025516956423440235,0.001453173697954808,0.02560328411675221,0.001447502934744607,0.0255925470894878,0.0014451355662890093,0.02558485027106808,0.0014455204548270725,0.025681317865850734,0.0014545036851425417,0.025689343163328618,0.0014508549426865695,0.013615483089074247,0.0016556612893424431,0.015905228401397273,0.0016556612893387967,0.016656843781475507
504.0,0.025591119262530607,0.001448057013449084,0.025702913760865198,0.0014592253404418975,0.02584287168836668,0.0014586963944898253,0.026143939103415188,0.0014751468307238722,0.0265402204041894,0.0014911678077939652,0.027206663627937246,0.001513170624927762,0.025853835789551992,0.0014592826850954024,0.025786850116457715,0.0014661995304299424,0.02587487036965018,0.0014605070399239986,0.025863920596337776,0.0014581146589590006,0.025856094215820313,0.0014585012132086394,0.025954176272573553,0.0014675869553104218,0.025962361332973707,0.0014639081324333274,0.013753603778348424,0.0016713170567816554,0.016071297281905837,0.001671317056777977,0.01683289585938058
505.0,0.025861549154534265,0.0014610176660382888,0.025975118132992095,0.001472307821747324,0.026117434986456377,0.0014718063101696987,0.02642354217969975,0.0014884719757891041,0.026826470592561782,0.0015047249876533034,0.027504127421795893,0.0015270710909036029,0.02612891652383027,0.001472412943651152,0.026060235606669722,0.0014793551125477197,0.026149984946081395,0.001473641113307973,0.02613881786890962,0.0014712234155248348,0.026130859345425327,0.001471611625267682,0.026230588198392062,0.0014808012356398537,0.026238936535320712,0.001477092072865388,0.013893388957282817,0.0016871420480457228,0.016239455918761837,0.0016871420480420144,0.017011205476705808
506.0,0.02613547649318453,0.0014741072592236724,0.02625085433356542,0.00148552078906615,0.02639557759791089,0.0014850474754436018,0.02670682595599283,0.0015019315562543132,0.02711653622289726,0.00151842029123715,0.027805636555859246,0.0015411154185454396,0.026407590695230583,0.0014856748770068857,0.026337174076740112,0.0014926420753625653,0.026428689963416255,0.001486906795151798,0.026417300909516887,0.0014844634716235279,0.02640920759886267,0.001484853326115043,0.026510616387236598,0.001494148183408963,0.026519131606105157,0.0014904084186137135,0.014034865078971785,0.0017031386123303046,0.01640973929126898,0.0017031386123265665,0.01719181131856897
507.0,0.026412962557942107,0.0014873274120927181,0.02653018448267292,0.0014988658859759311,0.026677362829264833,0.0014984215509670606,0.02699385628146745,0.0015155272888880114,0.02741048656200181,0.0015322555033019244,0.02811126622724065,0.0015553055021233179,0.02668992200518731,0.001499070154412464,0.026617728145189392,0.0015060620763367987,0.02671104900390588,0.0015003057523738808,0.0266994331818312,0.0014978364894678077,0.026691202374552473,0.0014982279774222137,0.02679432506730223,0.0015076294829023916,0.026803010868237817,0.0015038588512834195,0.01417805914840952,0.0017193091410694834,0.016582183149892134,0.0017193091410657106,0.017374752945448897
508.0,0.026694070066538435,0.001500679769918007,0.026813172164330944,0.0015123447827218384,0.02696285548767835,0.0015119302244669083,0.02728470058503867,0.0015292609187151482,0.027708392564175784,0.0015462324383417006,0.028421093511225945,0.0015696432680967498,0.02697597566853253,0.0015126004723808183,0.026901961909480472,0.0015196167998717594,0.0269971271588531,0.0015138396790942035,0.026985279654921,0.0015113441583825154,0.026976908574325695,0.0015117372679574052,0.027081779995948393,0.0015212468459580295,0.027090640176815468,0.001517445080000056,0.014322998736972545,0.001735656068881487,0.016756824037675616,0.0017356560688776854,0.017560070818187768
509.0,0.02697886321814212,0.0015141660046833882,0.027099882470603524,0.0015259591767542151,0.027252121926433812,0.0015255752112895277,0.027579427923849886,0.0015431342195949464,0.028010326923831833,0.0015603529412040271,0.02873519742135222,0.0015841306757945932,0.027265818459480135,0.001526267555241155,0.027189940990695632,0.0015333079578518144,0.027286991074421223,0.0015275102971857948,0.027274906848926746,0.001524988195354003,0.027266392649024966,0.0015253829141344086,0.02737304850627037,0.0015350020125270588,0.027382086965807875,0.0015311688419692396,0.014469711997360878,0.0017521818745399335,0.016933699312385152,0.0017521818745360994,0.017747806323860322
510.0,0.0272674077381183,0.0015277878156227105,0.027390382047357945,0.001539710793279088,0.02754523009212881,0.0015393582549624852,0.027878109033591614,0.0015571489948129685,0.02831636413012871,0.0015746188877209183,0.029053658971850575,0.0015987697181122386,0.02755951875932976,0.001540073155705593,0.027481732579874133,0.0015471372902015812,0.02758070899915501,0.0015413193568396245,0.02756838288243849,0.0015387703455929521,0.02755972264580579,0.0015391666605749858,0.027668199555413418,0.0015488967512476265,0.027677420296492828,0.001545031903049832,0.01461822767902031,0.0017688890819712569,0.01711284716940015,0.0017688890819673936,0.017938001802549237
511.0,0.027559770924453587,0.0015415469297716815,0.027684739141729607,0.0015536013858221986,0.02784224957364429,0.0015532811277698775,0.028180816380731073,0.0015713070776877834,0.02862658052371867,0.0015890321853556995,0.029376561242570688,0.0016135624222265337,0.0278571466059659,0.0015540190554496824,0.027777405486083772,0.0015611065654566516,0.02787835083328688,0.001555268637143332,0.027865777521654214,0.0015526923831108807,0.027856968257216314,0.0015530902806849473,0.027967303774711166,0.0015629328600326115,0.027976710907721775,0.0015590360583413328,0.014768575144057725,0.0017857802612793355,0.01729430666538781,0.0017857802612754323,0.018130700575060128
512.0,0.027856021695916926,0.001555445102533125,0.02798302365136853,0.0015676327368066485,0.028143251652961505,0.001567345631341753,0.02848762421674561,0.001585610332192614,0.028941054355703405,0.0016035947738660028,0.029703989446496104,0.001628510850328974,0.02815877374523413,0.0015681070657071474,0.028077030186303416,0.0015752175813483413,0.02817998817991071,0.0015693599466741475,0.028167162231400464,0.001566756111310839,0.028158200872132912,0.001567155577244313,0.02827043352172923,0.0015771121666718344,0.028280031268096237,0.0015731831327855683,0.014920784383674486,0.0018028580297979819,0.017478117742789304,0.0018028580297940456,0.018325946971619145
513.0,0.02815623064203643,0.0015694841182560628,0.02828530717555371,0.0015818066581448132,0.028448309357916222,0.0015815535972580575,0.028798608634445486,0.0016000606535924815,0.0292598658489021,0.00161830862598346,0.030036030999982564,0.001643617100377743,0.02846447368427833,0.0015823390278793966,0.028380678877199007,0.0015894721654027425,0.028485694398108993,0.0015835951241064078,0.028472610228096187,0.0015809633635926672,0.028463493628636413,0.001581364383012072,0.0285776629343014,0.0015914365294491786,0.028587455630140115,0.0015874749817833564,0.015074886035133109,0.001820125053172399,0.017664321255153295,0.001820125053168429,0.01852378636159123
514.0,0.02846047007497386,0.0015836657908289411,0.028591663068252598,0.0015961249918447203,0.028757497516978717,0.0015959068876675304,0.029113847626489296,0.0016146599690972639,0.029583097261539484,0.0016331757481106311,0.03037277559584275,0.0016588833068692291,0.02877432174692735,0.0015967168141599747,0.028688425528878903,0.0016038721755545528,0.028795544658118646,0.001597976038834097,0.028782196534750806,0.0015953160039731643,0.028772921468921304,0.0015957185613458549,0.02888906798664521,0.0016059078377749713,0.02889906008656415,0.00160191349182646,0.015230911399279283,0.0018375840464702929,0.017852958993348544,0.0018375840464662904,0.018724265184263903
515.0,0.028768814083381482,0.0015979919642875357,0.028902166493221002,0.001610589610631503,0.029070892816146266,0.001610407395921931,0.029433421146184736,0.0016294102385310816,0.02991083295346951,0.0016481981810355952,0.030714315279425204,0.001674311641629392,0.029088395131229468,0.0016112423281746853,0.029000345940718663,0.0016184195007761329,0.029109615998633015,0.0016125045916089659,0.02909599803808837,0.0016098159277217097,0.029086561196323468,0.0016102200068370252,0.02920472654766053,0.001620528012834193,0.029214922628713533,0.0016165005811452748,0.01538889245864183,0.0018552377753238455,0.018044073712693336,0.001855237775319811,0.01892743098074064
516.0,0.029081338588333092,0.0016124645134378299,0.029216894481232946,0.0016252024185842023,0.029388573858055073,0.0016250570472261105,0.029757411170691528,0.0016443134550185635,0.03024315945505417,0.0016633780006647383,0.031060744527822412,0.001689904314625888,0.029406772969227696,0.0016259175056376216,0.029316517799349878,0.0016331160617221424,0.029427987386335525,0.0016271827151943703,0.029414093547898434,0.001624465062011738,0.029404491534570452,0.001624870645961586,0.029524718441505463,0.0016352990082507894,0.029535123207303594,0.0016312382003727212,0.015548861896131068,0.001873089057103356,0.018237709161039766,0.0018730890570992813,0.019133332426992843
517.0,0.029398121401424848,0.0016270853444943765,0.029535925989539167,0.0016399653517884286,0.02971062122340498,0.0016398577993043135,0.030085901766731482,0.0016593716456884708,0.030580165538824762,0.0016787173187743192,0.031412160332371264,0.001705663574801245,0.02972953638908807,0.0016407443150236597,0.02963702073891408,0.0016479638113902997,0.029750739777772418,0.0016420123750356965,0.02973656385871333,0.0016392653665885121,0.02972679318935618,0.0016396724377473614,0.02984912551055921,0.0016502228107688026,0.02985974379554978,0.0016461283332248377,0.01571085311436031,0.0018911407621236644,0.0184339101078522,0.0018911407621195564,0.019342019368117965
518.0,0.02971924228514541,0.0016418563957345475,0.02985934196366126,0.0016548803790054222,0.030037117534814438,0.0016548116430832372,0.03041897915893251,0.0016745868723951382,0.030921942294059954,0.0016942182837814345,0.03176866228460599,0.0017215917109281338,0.030056768579682883,0.0016557247582578726,0.029961936403688688,0.0016629647357986664,0.030077956183670332,0.001656995569947498,0.030063491813924984,0.001654218834453663,0.030053548912348127,0.0016546273744580155,0.03017803168088455,0.0016653014409505696,0.030188868454804018,0.0016611729971985532,0.015874900255614735,0.001909395814884444,0.01863272237432085,0.0019093958148803057,0.0195535428538573
519.0,0.030044783015621877,0.001656779638169184,0.030187225401627236,0.001669949502357777,0.030368147523213127,0.0016699206033923756,0.030756731800923778,0.0016899612324583798,0.03126858320442567,0.0017098830815347186,0.03213035266583871,0.00173769105248691,0.03038855485775449,0.0016708608714224263,0.03029134851319397,0.0016781208546800164,0.030409721735818126,0.0016721343328180997,0.030394962372454832,0.0016693274925670537,0.030384843567742976,0.0016697374822942496,0.030511523030306444,0.0016805369538927038,0.030522583402816966,0.001676374244287097,0.016041038222493118,0.0019278571953454597,0.018834192864555146,0.0019278571953412825,0.019767955175428797
520.0,0.03037482744785359,0.0016718570762301098,0.030519661420765374,0.0016851747580326224,0.03070379809689996,0.0016851867396820164,0.031099250449323695,0.0017054968594222453,0.031620184228821034,0.001725713936125718,0.032497336540544694,0.0017539639705666317,0.030724982737773295,0.0016861547254813083,0.03062534292990012,0.0016934342221937187,0.030746123756633565,0.0016874307313319873,0.03073106267809759,0.0016845934025664408,0.03072076420149122,0.0016850048221128885,0.030849687859235815,0.0016959314399601743,0.030860977084752342,0.0016917341617136768,0.01620930269924875,0.0019465279402378578,0.019038369597902997,0.0019465279402336429,0.019985309903731152
521.0,0.030709461583552967,0.0016870907484749344,0.030856737327180153,0.0017005582170024661,0.03104415841338689,0.0017006121467595967,0.03144662824075468,0.0017211959238333451,0.031976843885595116,0.0017417131107213346,0.03286972185375625,0.0017704128787899467,0.031066142004628403,0.0017016084270236984,0.03096400772966033,0.001708906927655658,0.031087251831542748,0.0017028868687106724,0.03107188213166988,0.00170001866150543,0.031061400113320363,0.0017004314901641246,0.031192616764364956,0.001711487025539271,0.031204140247086544,0.001707254872683844,0.016379730173859137,0.0019654111444128695,0.019245301742441663,0.001965411144408621,0.020205661928980666
522.0,0.03104877364171489,0.0017024827283097638,0.031198542688036228,0.0017161019857644445,0.031389319954169104,0.0017161989555448127,0.031798960772037685,0.001737060634039268,0.032338663340299785,0.00175788290841803,0.03324761953265974,0.0017870402342626444,0.031412124789279496,0.0017172241190262117,0.031307433274996896,0.0017245410962868331,0.031433197884310635,0.001718504884472463,0.0314175124660957,0.0017156054026103039,0.03140684293168986,0.0017160196188477587,0.03154040271538069,0.001727205873809733,0.0315521660145303,0.0017229385371572209,0.016552357960851395,0.001984509962228994,0.01945503964969391,0.0019845099622247077,0.020429067501843902
523.0,0.0313928541320488,0.0017180351247303189,0.03154516940678697,0.001731808207098437,0.03173937660256131,0.0017319493338442055,0.03215634618371932,0.0017530932370076462,0.03270574649715614,0.0017742256731184422,0.033631143592625104,0.0018038485385487807,0.03176302564752348,0.0017330039816348013,0.03165571229138423,0.001740338889980997,0.03178405625546545,0.0017342869552117697,0.031768047824576866,0.0017313557960563488,0.03175718669182266,0.0017317713774887677,0.031893141134838675,0.0017430901855369264,0.03190514997012646,0.0017387873526390572,0.016727224224916945,0.002003827608979049,0.01966763489061917,0.0020038276089747267,0.02065558427613403
524.0,0.031741795931411895,0.0017337500830819335,0.031896711801493983,0.0017476790608446364,0.032094424724752844,0.0017478654871455413,0.03251888524710251,0.00176929601916664,0.03307820009442428,0.001790743790431222,0.03402041124788606,0.0018208403386719512,0.03211894164202109,0.0017489502329669135,0.032008939946670235,0.0017563025080921386,0.03213992378396765,0.0017502352953985164,0.032123584841993374,0.0017472720497640835,0.03211252791696434,0.0017476889731328875,0.03225092998135559,0.0017591421998843623,0.032263190238673786,0.0017548035549923503,0.01690436800534486,0.002023367362358413,0.01988314029293776,0.0020233673623540564,0.02088527135313958
525.0,0.032095694363388855,0.001749629785839132,0.032253266686384015,0.0017637167647010757,0.03245456325423766,0.0017639496594329556,0.03288668145494977,0.0017856713072672884,0.03345613380387459,0.0018074396885946068,0.034415543027130194,0.001838018228143878,0.03247997242774952,0.0017650651299343327,0.03236721393379323,0.0017724341882421918,0.03250089989228921,0.0017663521581982756,0.032484222729701404,0.0017633564102162204,0.03247296570302676,0.0017637746513627876,0.03261386983628542,0.0017753641952474488,0.03262638757364942,0.0017709894192709653,0.01708382924130944,0.0020431325639758123,0.020101609979844712,0.0020431325639714074,0.021118189327661945
526.0,0.03245464728117597,0.0017656764534051785,0.032614933456810435,0.0017799235750418714,0.03281989377978949,0.0017802041340231102,0.033259841116054185,0.0018022214692686013,0.03383966033457238,0.0018243158394246907,0.034816662894246064,0.0018553848480207043,0.0328462203410543,0.001781350969087528,0.032730634556959896,0.0017887362071497134,0.0328670866750659,0.0017826398363137153,0.032850063363891464,0.00177961116329582,0.03283860180679017,0.001780030697135485,0.03298206399405367,0.0017917584901089318,0.03299484544779986,0.0017873472605746373,0.017265648798046204,0.0020631266209081562,0.02032309941017607,0.0020631266209037197,0.021354400335837152
527.0,0.032818755153930575,0.0017818923449324916,0.032981814177783474,0.0017963017877566814,0.03319052063716263,0.0017966312344233008,0.03363847345386439,0.0018189489152459798,0.03422889554120029,0.0018413747592889234,0.0352238983745145,0.001872942887988375,0.03321779049247517,0.0017978100874820521,0.033099304821453894,0.0018052108814801536,0.03323858899151011,0.0017991006628480545,0.03322121137769199,0.0017960386351463546,0.033209540737838016,0.0017964594356416398,0.033355618556334815,0.0018083274439167599,0.033368670147588604,0.0018038794349262632,0.017449868493953954,0.0020833530073009034,0.02054766542009048,0.002083353007296439,0.02159396810482623
528.0,0.03318812115676211,0.0017982797591642066,0.03335401367625138,0.001812853739112035,0.03356655100470215,0.0018132333252119947,0.03402269070938289,0.0018358560983236813,0.0346239585371566,0.0018586190101058458,0.035637380686530905,0.0018906950874776457,0.0335947908635437,0.0018144448635677194,0.03347333052725949,0.001821860568718289,0.03361551456177025,0.0018157370121912027,0.03359777425720238,0.0018126411930543215,0.03358588985441732,0.0018130632331873307,0.03373464253026879,0.0018250734579850721,0.03374797087169679,0.0018205883401723867,0.017636531128661644,0.002103815266015478,0.020775366266334645,0.002103815266010964,0.021836958004458167
529.0,0.03356285126454714,0.001814841035297844,0.03373163963732497,0.0018295818066352795,0.03394809500306848,0.0018300128129426175,0.0344126082485515,0.0018529455156320875,0.035024971812679655,0.0018760512003717607,0.03605724488017392,0.0019086442368098976,0.033977332407755946,0.001831257718101253,0.03385282036669885,0.0018386876680636355,0.033997974067441386,0.0018325513009292238,0.03397986244166219,0.00182942124635512,0.03396775946342359,0.0018298444980991424,0.034119247930922976,0.0018419989764189956,0.03413285983378574,0.0018374764169074487,0.017825680512098742,0.002124517010325423,0.021006261671165004,0.0021245170103208685,0.02208343710092031
530.0,0.03394305434976462,0.0018315785538715573,0.034114802704642476,0.001846488410021738,0.03433526579928462,0.0018469721470711262,0.034808344674361225,0.0018702197092906436,0.035432061358270824,0.0018936739862151848,0.036483629980954,0.00192679317837467,0.03436552915593029,0.0018482511150830308,0.03423788602628079,0.0018556946213493966,0.03438608125643909,0.001849545988777888,0.0343675894279662,0.001846381247362943,0.03435526292472161,0.0018468056816531456,0.03450954988822253,0.0018591064870640123,0.0345234523697417,0.0018545461494225753,0.01801736149461615,0.002145461925662929,0.02124041286899791,0.002145461925658342,0.02233347421258766
531.0,0.03432884228455592,0.0018484947376737086,0.03450361658509289,0.001863576012065885,0.0347281797153327,0.001864113820908396,0.03521002194393861,0.0018876812674170462,0.03584535679369436,0.0019114900724800667,0.03691667914109353,0.0019451448078399865,0.03475949832618604,0.0018654275627189116,0.034628642292986914,0.0018728839139857936,0.03477995305246599,0.0018667235795410664,0.034761071879753316,0.0018635236923252852,0.034748516760033855,0.001863949279028527,0.034905666758580166,0.001876398522480569,0.034919867049637246,0.0018718000666797627,0.01821161999819636,0.0021666537714175615,0.02147788265487019,0.0021666537714129307,0.02258713996809598
532.0,0.034720330047229284,0.0018655920526765484,0.034898198158122784,0.0018808471196172082,0.03512695634154039,0.0018814403725978682,0.03561776549086696,0.0019053328251638323,0.0362649915028632,0.0019295022138384745,0.03735653979771248,0.001963702075396349,0.03515936043878229,0.0018827896144076421,0.035025207165222116,0.0018902580759284867,0.035179709669310374,0.0018840866220947213,0.03516042974130676,0.001880851122403076,0.03514764076662575,0.0018812778302867768,0.03530772024147309,0.0018938776609449496,0.03532222579465768,0.0018892407433120661,0.018408503048805088,0.002188096382788882,0.021718735434791067,0.0021880963827842137,0.022844506866764386
533.0,0.0351176358334432,0.0018828730089946362,0.03529866758986526,0.001898304284561568,0.035531718655003576,0.0018989543861194864,0.03603170435303085,0.0019231770657828014,0.03669110277492956,0.001947713215934077,0.03780336383853351,0.001982467987035871,0.03556523943607273,0.0019003398697547945,0.03542770196867624,0.0019078196826728367,0.03558547473023456,0.0019016377113972704,0.03556578635652606,0.0018983661246769342,0.03555275813605276,0.0018987939213770946,0.035715835501230635,0.0019115465274769023,0.03573065399925847,0.0019068708006507564,0.018608058809929814,0.0022097936726950236,0.021963037278073715,0.0022097936726903143,0.02310564934147944
534.0,0.03552088117230764,0.0019003401618688945,0.035705148452352814,0.0019159501048288368,0.0359425931433206,0.0019166584923206102,0.03645197130627769,0.0019412167217186783,0.03712383195192288,0.0019661259365569626,0.03825730777551668,0.0020014456058673274,0.03597726280785302,0.0019180809756141489,0.035836251477359096,0.0019255713562748686,0.03599737539272141,0.0019193794895272166,0.03597726859323028,0.0019160713331806878,0.03596399557822897,0.0019165001851687588,0.03613014129431385,0.0019294077948951202,0.03614528065883189,0.001924692907780266,0.018810336617360545,0.0022317496337390485,0.0222108559717393,0.0022317496337342937,0.02337064382416149
535.0,0.03593019104767594,0.001917996112677036,0.03611776784807527,0.0019337872254276147,0.036359709933923054,0.0019345553699748105,0.03687870300421457,0.00195945457573248,0.037563324583297676,0.0019847432868510726,0.038718532926896206,0.002020638053468604,0.03639556172239199,0.0019360156271572009,0.03625098404008109,0.0019435157663997642,0.03641554247887171,0.0019373146467488512,0.03639500697309555,0.0019339694299627215,0.03638148345111372,0.0019343993025115857,0.036550770102380746,0.0019474641849014194,0.03656623850318246,0.0019427097826217826,0.019015387015261575,0.0022539683402352565,0.022462261077089915,0.0022539683402304626,0.02363956881393648
536.0,0.036345694024892745,0.0019358435099710788,0.03653665654017991,0.0019518183395079813,0.03678320292930206,0.0019526477468695058,0.037312040124480916,0.0019778934620557384,0.03800973058778753,0.0020035682325552557,0.039187205608097166,0.002040048511277488,0.036820271163450526,0.001954146568971774,0.03667203171268192,0.001961655631398749,0.036840110611757064,0.0019554459226068764,0.03681913580751426,0.001952063146176278,0.03680535589631225,0.0019524940033250977,0.03697785827145302,0.0019657184691943817,0.036993664136127924,0.001960924193046322,0.01922326179359897,0.002276453950297509,0.022717323988552342,0.002276453950292672,0.023912504948150403
537.0,0.03676752238330384,0.00195388505054306,0.036961949088617156,0.0019700461894529664,0.037213209948456505,0.0019709384009231074,0.03775212752185573,0.0019965362675766576,0.03846320442297024,0.0020226037952791025,0.039663497332059434,0.002059680222022425,0.03725153007362459,0.0019724765961906506,0.03709953039631171,0.0019799937194151834,0.037271218358054976,0.001973776107051089,0.037249793339719006,0.0019703552631994193,0.03723575098091757,0.001970787067717477,0.037411546157526045,0.001984173470613595,0.037427698181563426,0.0019793389580184504,0.0194340140269755,0.002299210707991797,0.022976117994902685,0.002299210707986924,0.02418953507636082
538.0,0.03719581225483322,0.001972123480519644,0.03739378399255429,0.001988473567999899,0.03764987287490828,0.0019894301613329426,0.03819911438858116,0.0020153859330590295,0.03892390526299051,0.0020418530538144908,0.04014758501952033,0.0020795364911942596,0.03768948150435524,0.001991008555651288,0.03753361998210306,0.0019985328495210164,0.03770900837731395,0.001992308041591686,0.037687121893501624,0.001988848613785836,0.037672810845942574,0.001989281327135136,0.03785197827897059,0.002002832064315292,0.037868485436347896,0.0019979569487713774,0.019647698114942484,0.0023222429455554685,0.02323871834298424,0.002322242945550545,0.02447074433746047
539.0,0.03763070376896807,0.00199056159648653,0.03783230383941039,0.002007103319392387,0.03809333781164532,0.002008125909754715,0.03865315442231391,0.002034445454395201,0.03939199718491208,0.002061319145484261,0.04063965121985538,0.002099620688560478,0.038134272772982536,0.002009745347087436,0.03797444450258669,0.002017275892884304,0.038153627578218975,0.002011044620486635,0.038131268028903945,0.0020075460832472045,0.038116681861704194,0.0020079796655439837,0.0382993034761149,0.002021697178980558,0.038316175030395416,0.00201678109001458,0.01986436982385147,0.002345555085685352,0.02350520230403989,0.002345555085680388,0.024756220240085145
540.0,0.03807234120450169,0.002009202246643755,0.038277655460874686,0.0020259383405640203,0.038543755243387476,0.002027028581514556,0.03911440600213805,0.002053717883893891,0.03986764936420133,0.0020810052675291147,0.041139884343113116,0.0021199362497235853,0.03858605562723863,0.0020286899243537977,0.038422152290228516,0.0020362257739689566,0.03860522728224966,0.002029988791961764,0.0385823827052736,0.0020264506106683826,0.03856751479055074,0.0020268850206433876,0.03875367507840939,0.002040771798057091,0.03877092059437888,0.0020358143611749853,0.020084086330316598,0.002369151643897449,0.02377564924278554,0.002369151643892444,0.02504605274647412
541.0,0.03852087314841744,0.002028048331992795,0.03872999009630822,0.0020449815823547503,0.03900128020658647,0.002046141166854845,0.03958303237310606,0.002073206331604434,0.040351036279878974,0.002100914678534044,0.041648478903923467,0.0021404866777246755,0.03904498641760652,0.00204784529668483,0.03887689614348919,0.002055385471767737,0.039063963395156324,0.002049143559464923,0.03904062145209757,0.0020455651901563642,0.039025464957354684,0.0020460003851139035,0.03921525107960682,0.0020600589610355264,0.039232880435481426,0.002055059797672797,0.020306906266361356,0.002393037230960806,0.024050140689360417,0.0023930372309557547,0.025340334359961154
542.0,0.03897645266231332,0.002047102807556459,0.039189463563944205,0.0020642360507610973,0.039466072467606444,0.002065466712214667,0.04005920183980194,0.0020929139666781625,0.04084233792991823,0.0021210506998955428,0.04216563577801747,0.0021612755446940588,0.03951122627798796,0.002067214529988657,0.039338833500838104,0.0020747580210695228,0.03952999658669411,0.002068511982955048,0.03950614454806046,0.002064892872124084,0.039490692428211224,0.0020653288078997445,0.03968419432142374,0.0020795617647615854,0.039702217721661014,0.002074520492233107,0.020532889766324416,0.0024172165554081065,0.024328760414294305,0.0024172165554030064,0.025639160216277598
543.0,0.039439237456799246,0.0020663686836326837,0.039656236440334544,0.0020837048082212066,0.03993829670955516,0.0020850083215463253,0.04054308796946132,0.002112844018768549,0.04134174005750066,0.0021414167173311165,0.04269156247213418,0.002182306493550619,0.03998494131517421,0.0020868007481773788,0.03980812662317658,0.002094346513762038,0.040003492479103446,0.0020880971802274976,0.03997911720881029,0.0020844367646102825,0.039963362197818104,0.0020848733955273267,0.040160672686168596,0.002099283364785248,0.04017910067491941,0.002094199596234376,0.020762098515612025,0.0024416944261261,0.02461159450664399,0.002441694426120961,0.025942628178871247
544.0,0.039909390074327034,0.0020858490270833905,0.040130474248523076,0.0021033909749358314,0.040418122728273616,0.0021047691576688834,0.04103486980520797,0.002132999779471174,0.041849434388790116,0.0021620161824323233,0.04322647340816454,0.002203583239751201,0.04046630280762372,0.002106607134535046,0.040284942785158005,0.0021141541001710802,0.040484621844838815,0.0021079023282768164,0.040459709783930375,0.0021042000346365476,0.04044364438604383,0.0021046373134609433,0.04064485929887218,0.0021192269767479135,0.04066370277410898,0.0021141003210952136,0.02099459580137498,0.002466475755028659,0.024898731455455302,0.0024664757550234805,0.026250838938446402
545.0,0.04038707808094058,0.00210554696265938,0.04061234765545121,0.0021232977302266492,0.04090572563801966,0.00212475244365993,0.041534732090022224,0.002153384603805005,0.042365618882934955,0.0021828526142630054,0.04377059022242893,0.002225109573092254,0.04095548741410342,0.0021266369331242024,0.04076945447593213,0.00213418399043768,0.04097356081409627,0.0021279306646979908,0.04094809796366726,0.0021241859096028212,0.04093171444422997,0.002124623787496801,0.04113693273947805,0.002139395877809154,0.04115620296784243,0.0021342259397004824,0.021230446565206583,0.0024915655598155813,0.025190262234722652,0.0024915655598103485,0.026563896116948902
546.0,0.04087247426747026,0.0021254656743626248,0.04110203267914584,0.002143428313932848,0.041401286087427186,0.0021449614642870905,0.04204286550208548,0.0021740019117360916,0.042890497995041424,0.0022039296010041044,0.044324142081061266,0.0022468893595652024,0.04145267739278034,0.0021468934502327404,0.04126183960986556,0.0021544394559340906,0.041470491092727026,0.0021481854891277135,0.04144446299599467,0.0021443976787226373,0.04142775337179866,0.002144836105196768,0.04163707726569565,0.002159793408114111,0.04165678589810621,0.00215457978786819,0.02146971745795493,0.002516968966820381,0.025486280392019174,0.002516968966815114,0.026881906376233326
547.0,0.04136575686073427,0.0021456084068471244,0.04159971090626397,0.0021637860278475372,0.0419049904863555,0.002165399567480339,0.04255946690219356,0.002194855189745449,0.043424282952944655,0.00222525080164677,0.04488736601254736,0.0022689265432673856,0.04195806083139156,0.0021673800558620264,0.04176228174783656,0.0021749238307202995,0.04197560019115268,0.002168670164726808,0.041948991914631736,0.002164838694499313,0.041931947943792375,0.002165277617363074,0.042145483047162376,0.002180422972303044,0.04216564213523473,0.00217516526585849,0.021712476896748108,0.0025426912139505015,0.025786882140991136,0.0025426912139451794,0.027204979531660647
548.0,0.04186710974533856,0.0021659784668595396,0.04210556972063102,0.0021843742371950234,0.042417031244288285,0.002186070165846564,0.043084739593990576,0.0022159479924424965,0.04396719204863892,0.0022468199477352333,0.045460507258536065,0.0022912251483709124,0.04247183188916635,0.0021881001852578604,0.04227097032974556,0.00219564051304208,0.04248908166495946,0.002189388119705259,0.04246187777868459,0.0021855123742446155,0.042444490950007345,0.0021859517395553473,0.04266234641160438,0.0022012880410643442,0.04268296842492728,0.0021959858399261834,0.021958795124343986,0.002568737653723261,0.02609216645791223,0.0025687376537178934,0.02753322867089469
549.0,0.04237672269672266,0.002186579224721038,0.042619802543422756,0.002205196372150544,0.04293760702099368,0.002206976738227878,0.04361889359781813,0.0022372839442254353,0.044519450945302345,0.0022686408451614904,0.04604381964413427,0.0023137892811510956,0.04299419105122843,0.002209057340485742,0.04278810091892055,0.0022165929668721985,0.04301113536788356,0.0022103428488913527,0.042983319924620456,0.0022064222016412627,0.04296558144642632,0.002206861953651429,0.04318787010373649,0.0022223921527326526,0.04320896794806179,0.0022170450439182145,0.022208744270908576,0.002595113756401465,0.0264022351825122,0.0025951137563960548,0.02786677027817894
550.0,0.04289479162613253,0.0022074141158516863,0.043142609085722636,0.002226255929403812,0.04346692299020057,0.002228122831305053,0.04416214593903748,0.0022588667409904114,0.04508129300092823,0.0022907173760131514,0.046637565968995695,0.0023366231320766295,0.043525345396243156,0.002230255092051855,0.04331387545915275,0.002237784723496053,0.04354196771795816,0.0022315379153462606,0.04351352423134335,0.0022275717283506856,0.04349542501972433,0.00222801180945351,0.0437222635576935,0.00224373891493331,0.04374385059409395,0.002238346480917764,0.022462398418349277,0.0026218251132323353,0.0267171931233033,0.002621825113226865,0.028205724364396726
551.0,0.04342151883825673,0.00222848664233872,0.04367419561421035,0.0022475564737678036,0.04400519111710626,0.0022495120612477182,0.04471472095174877,0.0022807001518909916,0.045652959609634176,0.0023130535004767553,0.04724201842060112,0.0023597309779639754,0.04406550887814904,0.002251697080571303,0.04384850254514974,0.002259219383143415,0.04408179197764519,0.0022529769520257563,0.04405270339918613,0.002248964575667736,0.044034234065651316,0.0022494049263409688,0.04426574318384399,0.0022653320062750748,0.04428783324890808,0.002259893824936279,0.022719833667323167,0.00264887743979368,0.027037148167644263,0.00264887743978818,0.02855021460323123
552.0,0.043957113302315984,0.002249800374550451,0.04421477523080615,0.00226910163983432,0.0445526304505909,0.0022711481154127047,0.045276850598893796,0.0023027880211497326,0.04623470056182193,0.0023356532587981765,0.047857459011258194,0.0023831171841979435,0.044614902622860116,0.0022733870184853252,0.04439219770724398,0.0022809006166676967,0.044630828548834676,0.0022746636634905716,0.0446010772436996,0.0022706044362237293,0.044582228082176566,0.0022710449949716292,0.044818532670905006,0.0022871751780924577,0.04484114009802516,0.002281690822655449,0.02298112820705297,0.0026762765794517943,0.027362211396792152,0.0026762765794462328,0.0289003684737702
553.0,0.044501790937445995,0.0022713589527969848,0.044764568167158965,0.0022908951336781057,0.045109467431076,0.002293034754092519,0.0458487748098136,0.0023251342699237123,0.04682677442443917,0.002358520773302233,0.04848418004045778,0.002406786207021063,0.045173755240900844,0.0022953286918291327,0.04494518371126737,0.0023028321672744828,0.04518930528366783,0.002296601827667201,0.0451588730051896,0.0022924950757397013,0.045139633978340095,0.0022929357790331265,0.04538086330433446,0.002309272256239635,0.04540400294616979,0.002303741295220524,0.023246362388094403,0.002704028506935003,0.027692497206214736,0.0027040285069293924,0.02925631740991625
554.0,0.04505577491329047,0.002293166089039604,0.04532380209491828,0.002312940734610837,0.0456759362150323,0.0023151758123153483,0.046430741836396935,0.002347742898225722,0.04742944894269767,0.002381660250473655,0.04912248458436143,0.0024307425958940898,0.045742303157002374,0.0023175259620519854,0.045507690874562176,0.0023250178523009615,0.04575745781220065,0.002318795297660637,0.045726325675010296,0.002314640334831502,0.04570668639981651,0.0023150811170459507,0.045952974302066775,0.0023316271429374737,0.04597666155424862,0.002326049140086911,0.023515618798195213,0.0027321393320278377,0.028028123431446245,0.0027321393320221777,0.029618196956989175
555.0,0.04561929596677167,0.0023152255686504954,0.045892712452819985,0.0023352422969870547,0.04625227901723022,0.0023375752016985495,0.04702300862906624,0.0023706179869032893,0.04804300146470154,0.0024050759831015112,0.04977268701434735,0.0024549909959304442,0.046320790957768226,0.0023399827678915563,0.04607995739917604,0.0023474615650479346,0.04633552988801133,0.002341248003621167,0.046303678339714306,0.0023370441308684237,0.04628362807228832,0.0023374849242201044,0.046535113168718556,0.002354243818675723,0.04655936399489047,0.0023486183329218878,0.023788982341409266,0.002760615303390276,0.028369211479791323,0.0027606153033845706,0.029986146935935216
556.0,0.04619259273609381,0.002337541252224346,0.0464715427916716,0.0023578037520635897,0.046838746471896675,0.002360236912357492,0.04762584123392595,0.0023937636996774134,0.04866771939057225,0.00242877235248934,0.0504351135466861,0.0024795361504070406,0.04690947175860814,0.0023627031273042278,0.04666222972336533,0.002370167276666434,0.04692377375293229,0.0023639639546668306,0.04689118254423262,0.0023597104598874624,0.04687071016379763,0.0023601511943671873,0.04712753606950145,0.002377126344172189,0.047152367027777364,0.0023714529295633187,0.024066540320629146,0.002789462812507213,0.028715886468200495,0.002789462812501453,0.030360311615579824
557.0,0.04677591211310516,0.00236011707744383,0.047060545138431484,0.0023806291099144586,0.047435598014034235,0.002383165014871599,0.04823951521250848,0.002417184285243199,0.049303900647766394,0.0024527538307335165,0.05111010282561827,0.0025043829033544753,0.04750860759122105,0.0023856911394534866,0.04725476289262099,0.002393139038100624,0.04752245052218742,0.0023869472408636727,0.04748909867535501,0.0023826433985649543,0.047468192667348696,0.002383084001869864,0.04773050822515554,0.002400278862390988,0.047755936496092034,0.0023945570680374254,0.024348382523711236,0.0028186883977732538,0.029068277367660364,0.0028186883977674463,0.03074083989339643
558.0,0.047369509615241515,0.00238295706100073,0.0476599803806432,0.002403722461403171,0.04804310228227082,0.002406363662309686,0.0488643160856762,0.002440884079434551,0.049951854194432356,0.0024770249830720226,0.05179800654226982,0.0025295362022295627,0.04811846981301755,0.002408950986758378,0.047857820951526055,0.002416380982089082,0.04813183059130625,0.002410202035265666,0.048097696366878585,0.0024058471062476795,0.048076344805115676,0.0024062875037106387,0.04834430432933215,0.002423705600621734,0.04837034774552471,0.0024179349706376445,0.024634601313379873,0.002848298748718366,0.029426517154466158,0.002848298748712507,0.03112788548529233
559.0,0.04797364977835381,0.0024060653005746687,0.048270118672607595,0.002427087980214345,0.04866153754469397,0.002429837092316573,0.04950053980335023,0.0024648675074552167,0.0506119005528095,0.0025015904703064927,0.05249919009207668,0.0025550011006730544,0.048739339539986874,0.002432486937003957,0.04847167735785182,0.002439897325226563,0.04875219406630643,0.0024337325960166255,0.04871725492790593,0.0024293258270455683,0.048695445455736876,0.0024297659415621945,0.04896920898996568,0.002447410872622161,0.04899588606737458,0.0024415909460667566,0.024925291721108116,0.0028783007103799817,0.029790742968765573,0.0028783007103740667,0.031521607124946935
560.0,0.048588606571845015,0.0024294459768714615,0.048891239864769745,0.00245072992494689,0.049291192149261406,0.002453589629263282,0.05014849324188089,0.002489139086178624,0.05128437237481927,0.0025264550513000084,0.05321403327361403,0.0025807827613559416,0.04937150810461238,0.00245630334551642,0.04909661542041784,0.00246369237008811,0.0493838312187423,0.0024575432685160167,0.04934806379587692,0.002453083891988099,0.04932578360627762,0.002453523643941381,0.049605517196296176,0.0024713990808261587,0.049632847167429654,0.0024655293916446223,0.025220551545185002,0.0029087012878276177,0.030161096280790233,0.00290870128782165,0.0319221687732767
561.0,0.049214663837635064,0.0024531033557232506,0.04952363395792332,0.002474652641270808,0.04993236500049314,0.0024776256864630685,0.05080849473102832,0.002513703426518889,0.05196961504221451,0.0025516235855534497,0.053942931031972306,0.0026068864589176653,0.05001527754060304,0.0024804046574046826,0.04973292876236362,0.002487770507418219,0.050027042967360595,0.002481638487651264,0.04999042301607421,0.0024771257212467847,0.04996765883059215,0.0024775650284290848,0.0502535348133457,0.002495674718619722,0.05028153766242619,0.0024897547955836474,0.02552048145318832,0.0029395076508461197,0.03053772306521877,0.002939507650840102,0.03232973983863985
562.0,0.04985211575461168,0.002477041790252583,0.05016760158396465,0.0024988605641499905,0.050585366064303125,0.002501949768455472,0.05148087461267275,0.0025385652358757105,0.052667987303820794,0.0025771010358633306,0.05468629425013126,0.0026333175829995168,0.05067096109632412,0.0025047954098711524,0.050380921811604334,0.002512136218386793,0.05068214138823851,0.002506022780098737,0.0506446437494557,0.002501455826425974,0.050621381795932854,0.002501894603958445,0.05091357910579074,0.002520242372687165,0.050942275606055604,0.002514271739334812,0.0258251850891012,0.0029707271387842083,0.030920773984146093,0.0029707271387781355,0.03274449540843815
563.0,0.050501267330349264,0.0025012657231026376,0.050823454515068645,0.0025233582201331334,0.051250516902965934,0.0025265664733611025,0.05216597583357475,0.002563729320655671,0.0533798619526526,0.002602892471064169,0.055444550592064025,0.0026600816413770625,0.05133888377898318,0.002529480234594006,0.051040910320408195,0.002536794076914798,0.051349450255438384,0.0025307007666959137,0.05131104881084303,0.0025260788129246735,0.05128727479982772,0.0025265169731737386,0.0515859792933503,0.002545106725430159,0.051615391046630585,0.002539084900006303,0.026134769185320494,0.0030023672655749892,0.03131040457916183,0.0030023672655688617,0.03316661649281948
564.0,0.05116243492203171,0.0025257796887360228,0.05149151620331592,0.00254815022971575,0.05192815124240451,0.0025514804953094654,0.05286415457467724,0.002589200588872927,0.0541056265459135,0.0026290030688584207,0.056218145401669195,0.0026871842631952737,0.05201938293179875,0.002554463860183775,0.05171322191617297,0.0025617487520717846,0.05202930561438475,0.0025556771648873873,0.05198997323965489,0.0025509993823714934,0.05196567233941493,0.0025514368348627772,0.052271077139967766,0.002570272557462397,0.052301226618725,0.0025641990528579212,0.026449343679825345,0.0030344357249357835,0.03170677547308192,0.0030344357249296036,0.033596290281234995
565.0,0.05183594678866847,0.0025505883158047976,0.052172122352971716,0.0025732413097750376,0.052618615574147466,0.002576696626942686,0.053575780919689855,0.002614984052832121,0.05484568417116805,0.002655438118737419,0.057007542662011565,0.0027146312023102735,0.05271280884655873,0.0025797511147165864,0.052398196685672076,0.002587005010548068,0.05272205639035414,0.002580956791247317,0.052681764905563845,0.0025762223351360803,0.052656921715594586,0.0025766589864650836,0.05296922757928501,0.0025957447501823595,0.053000138171279014,0.0025896190738735835,0.026769021838784643,0.0030669403957546246,0.03211005258190802,0.0030669403957483874,0.03403371041266193
566.0,0.05252214367688453,0.0025756963295939035,0.05286562152780408,0.002598636276081183,0.053322269794519636,0.0026022197619978604,0.05430123956590234,0.0026410848318965167,0.055600454262264565,0.0026822030249966074,0.05781322601975615,0.0027424283407419922,0.05341952541420328,0.002605346928347387,0.0530961877952239,0.0026125677192042457,0.0534280650346796,0.0026065445640811582,0.053386785151658074,0.002601752572919133,0.0533613836745779,0.002602188326658907,0.053680799379098816,0.002621528288427299,0.053712495434890414,0.002615349942415153,0.027093920384907173,0.0030998893476713494,0.03252040733763431,0.0030998893476650623,0.034479077260359994
567.0,0.05322137944273835,0.0026011085545410598,0.05357237579603185,0.002624340045887069,0.054039487883853106,0.0026280548979707424,0.05504093058046407,0.002667508155344677,0.05637037346891877,0.0027093033098486647,0.05863569988017474,0.002770581692241687,0.054139910816274645,0.0026312563360055227,0.05380756214945744,0.002638441847700847,0.05414770821149311,0.002632445506109633,0.054105409477914465,0.0026275951014243268,0.0540794330896331,0.0026280298580300316,0.05440617584774265,0.002647628263211368,0.0544386827312481,0.0026413967439603203,0.02742415963185516,0.0031332908468615513,0.03293801692256409,0.0031332908468552087,0.034932598232094526
568.0,0.05393402171226067,0.0026268299168357026,0.054292761415722805,0.0026503576405998196,0.054770658628742704,0.002654207138864141,0.05579527020564719,0.002694259365318779,0.057155896584231786,0.0027367446166383126,0.05947549057860644,0.0027990974059793608,0.05487435826034144,0.0026574844801761856,0.05453270109157435,0.0026646324712110677,0.05488137752808026,0.0026586647472379116,0.054838028268042224,0.0026537550331150405,0.05481145968606534,0.002654188689825081,0.05514575558559543,0.00267404987455093,0.05517909972792248,0.0026677646729278246,0.027759863625056665,0.003167153362032012,0.033363064515843484,0.0031671533620256003,0.03539448808683135
569.0,0.05466045258361427,0.002652865447099896,0.05502716956371128,0.002676694188536987,0.05551618639065083,0.002680681698023756,0.056564691716922924,0.0027213439198682924,0.05795749753480752,0.0027645327131626527,0.06033314763484332,0.002827981770355162,0.05562327676278241,0.002684036613770702,0.05527200114827449,0.002691144773219747,0.05562948031220357,0.0026852075274132036,0.055585047563023196,0.0026802375900590787,0.05555786881275782,0.0026806700407927724,0.05589995328519348,0.002700798434380458,0.0559341622420245,0.0026944590355932364,0.028101160289287008,0.0032014855706366478,0.03379573955297129,0.0032014855706301803,0.03586496926898232
570.0,0.05540106937405888,0.002679220283154401,0.05577600711137527,0.0027033549277704874,0.05627649192445613,0.0027074839010650512,0.05734964633805247,0.002748767396092396,0.058775670438597466,0.002792673495101077,0.06120924509755979,0.0028572412169402066,0.05638709198261686,0.002710918103089018,0.05602587482278533,0.002717984048411769,0.056392440440034504,0.00271207919957413,0.056346889884974535,0.00270704810686465,0.05631908226388317,0.0027074792421163184,0.056669200583767586,0.0027278793695623663,0.05670430309656197,0.0027214852530987473,0.02844818158340036,0.003236296365322658,0.03423623799910334,0.0032362963653161363,0.03634427226136438
571.0,0.056156285415173354,0.0027058996728728133,0.056539697450916644,0.0027303452090616707,0.05705201325087605,0.002734619188894449,0.05815060421777954,0.002776535493384977,0.05961093073607167,0.0028211729895589576,0.06210438298661442,0.0028868823245515765,0.05716624711041032,0.002738134430877926,0.05679475143975592,0.002745155705653054,0.057170699218702346,0.002739285232695142,0.05712399511530478,0.0027341920337109363,0.05709553915473623,0.002734621740440265,0.05745394697234171,0.0027552982249941663,0.057489973033672016,0.0027488488645603273,0.028801063662627975,0.0032715948606165755,0.034684762637020715,0.0032715948606099926,0.03683263595812401
572.0,0.056926530900110114,0.0027329089771273157,0.05731868137612979,0.002757670498890887,0.05784320658705427,0.00276209312082831,0.058968055473134696,0.0028046540367861403,0.0604638164008918,0.002850037358729664,0.06301918884188204,0.0029169118234670553,0.05796120381666099,0.002765691199488482,0.05757907804612531,0.002772665271067989,0.0579647163278007,0.002766831214929894,0.05791682143148623,0.002761674939477085,0.05788769685600753,0.002762103100995586,0.058254660765952704,0.0027830606668169063,0.05829164168930708,0.002776555530276274,0.029159947048881134,0.003307390399861034,0.03514152337070578,0.003307390399854398,0.03733030805897824
573.0,0.05771225378700062,0.002760253672829243,0.05811341802200013,0.0027853363825851695,0.05865054734000873,0.0027899113778136948,0.059802511304873004,0.00283312898044437,0.06133488923683639,0.002879272903679421,0.06395431938814533,0.002947336599785281,0.058772443264481805,0.0027935941341366323,0.05837932037244928,0.0028005183912165636,0.05877497082463646,0.0027947228568569703,0.05872584630718317,0.002789502514973105,0.05869603199121058,0.002789929010826524,0.059071830139962596,0.0028111724857285973,0.05910979863438107,0.002804611035040669,0.029524976809532165,0.0033436925624130234,0.03560673754553308,0.003343692562406318,0.03783754548623021
574.0,0.05851392076302215,0.002787939356068348,0.058924385867899165,0.002813348567547577,0.05947453116808357,0.0028180797657544345,0.06065450519106989,0.0028619664111934865,0.06222473626845312,0.0029088860682598954,0.06491046232661829,0.002978163699936808,0.059600467191869094,0.0028218490862708784,0.05919596385960434,0.0028287208363752953,0.05960196221843711,0.002822965994832122,0.05955156758093417,0.0028176805762766943,0.059521041502441516,0.002818105282123163,0.059905964237914985,0.002839639600406649,0.059944954487862516,0.002833021291566051,0.02989630274517259,0.0033805111711153026,0.03608063028616002,0.0033805111711085536,0.03835461482613037
575.0,0.05933201827405257,0.0028159717453541113,0.05975208380958504,0.0028417128865923904,0.06031567511604621,0.002846604218946875,0.061524594165531334,0.002891172552249028,0.06313397123363794,0.0029388834431534182,0.06588833826478777,0.0030094003353528576,0.06044579906933272,0.002850462037050913,0.06002951475625206,0.0028572785039256954,0.06044621161926278,0.002851566594451108,0.06039450459906627,0.0028462150681799873,0.06036324379014051,0.0028466378556638874,0.06075759435692279,0.0028684680610435533,0.06079764210785075,0.0028617923440193652,0.03027407958689152,0.0034178563000532174,0.036563434853288806,0.0034178563000463965,0.03888179279629009
576.0,0.0601670536253276,0.00284435668496339,0.06059703230572995,0.0028704353013898833,0.061174518830022166,0.002875490803629262,0.06241336018831004,0.002920753767028585,0.06406323618721096,0.002969271770056499,0.06688870279754419,0.0030410538872974163,0.06130898533927031,0.0028794391009419476,0.06088050129297714,0.002886197421854587,0.06130826296789859,0.0028805307541272256,0.061255199439106824,0.002875112067750596,0.061223179933083405,0.0028755328043717924,0.06162727521716912,0.0028976640530002035,0.06166841786724155,0.002890930371675552,0.030658467203641352,0.003455738282609509,0.03705539302055508,0.003455738282602629,0.03941936674098067
577.0,0.06101955615902603,0.002873100148398225,0.061459774605251836,0.0028995219060251524,0.06205162585907205,0.0029047457216494293,0.06332141161638757,0.0029507165631010306,0.06501320322550745,0.0030000579460065773,0.06791234875401916,0.003073131911870191,0.062190596744065685,0.0029087865294287,0.06174947493959088,0.0029154837523704584,0.062188684353669484,0.0029098647087882133,0.06213421822055701,0.002904377788011263,0.062101414995448634,0.0029047963369895832,0.06251558632275037,0.0029272339005815265,0.06255786302128222,0.0029204416926936145,0.031049630820315064,0.003494167719830763,0.037556755472903436,0.0034941677198238167,0.03996763515631772
578.0,0.06189007851530659,0.0029022082419581574,0.06234087806235748,0.0029289789306752487,0.0629475850509117,0.002934375314255181,0.06424938478340467,0.002981067596269822,0.06598457634306888,0.003031249027858397,0.06896010862615963,0.00310564214518682,0.06309122975062344,0.002938510714854329,0.06263701175274525,0.0029451437956404644,0.06308806942778751,0.0029395748336969556,0.06303215251059553,0.0029340185817426988,0.06299853942849867,0.002934434801877577,0.06342313342184049,0.002957184070938981,0.0634665851750365,0.0029503327680195867,0.03144774124718861,0.003533155489119496,0.038067782227910685,0.003533155489112495,0.04052690824748415
579.0,0.06277919798396352,0.002931687208431494,0.06324093554689995,0.0029588127454093396,0.06386301205002828,0.0029643860660123035,0.06519794569824328,0.003011813674795493,0.06697809343373186,0.003062852236915604,0.07003285719692005,0.0031385925087441856,0.06401150807983265,0.0029686181943885956,0.06354371382172391,0.0029751839936527514,0.06400703892062981,0.002969667648401133,0.06394962083305347,0.002964040945414749,0.06391517057518709,0.002964454690939548,0.06435055007496934,0.002987521178105199,0.06439521985961766,0.0029806102054217225,0.03185297512143747,0.003572712753266889,0.03858874308163876,0.003572712753259812,0.04109750852033757
580.0,0.06368751795460824,0.0029615434309101553,0.06416056695843092,0.0029890298641167064,0.06479855090731346,0.002994784608855243,0.06616779187333156,0.00304296176376309,0.06799452844974781,0.0030948749637240065,0.07113151438802857,0.0031719911149782616,0.06495208435034079,0.0029991156541308126,0.06447021082109228,0.0030056109342089885,0.06494624227224424,0.0030001498208166552,0.06488727028986604,0.0029944515232505848,0.06485195428685651,0.0029948626436817087,0.06529849934112904,0.0030182519871657897,0.06534443222697489,0.0030112807636630845,0.03226551516148586,0.003612850969841667,0.039119918080725374,0.0036128509698345346,0.04167977140994314
581.0,0.06461566947407872,0.002991783436732929,0.06510042085320021,0.0030196369485675297,0.06575487581129157,0.0030255777262756358,0.06715965429469554,0.0030745189896002807,0.06903469373411034,0.0031273247730332545,0.07225704834964533,0.0032058462730228613,0.06591364184700939,0.0030300099333528396,0.06541716167979027,0.0030364313550523365,0.06590635938630633,0.0030310281714503195,0.06584577830518434,0.0030252571114293544,0.06580956666217201,0.0030256654514097094,0.06626767559246159,0.003049383418574023,0.06631491887406829,0.0030423513568168296,0.03268555043500162,0.0036535819009518087,0.03966159802255824,0.0036535819009446088,0.04227404594879502
582.0,0.0655643129207144,0.003022413901562232,0.06606117619433352,0.0030506408126118054,0.06673269295209222,0.003056772357654336,0.06817429954710919,0.0031064926447524227,0.07009944254298013,0.003160209408933664,0.07341047881693845,0.003240166494677504,0.06689689642552939,0.003061308028887566,0.06638525637727599,0.0030676521481361662,0.0668881025189148,0.0030623096777672495,0.06682585450340581,0.0030564646624329323,0.06678871591950855,0.0030568700615696306,0.06725880646943709,0.003080922552613807,0.06730740980840712,0.003073829058730185,0.03311327664141113,0.003694917623396275,0.04021408498553086,0.0036949176233890208,0.04288069547773106
583.0,0.06653413980613414,0.003053441653599693,0.06704354423651247,0.0030820484265219822,0.06773274253053778,0.0030883756027425087,0.06921253210919069,0.0031388901925205677,0.07118967177705783,0.003193536800175635,0.0745928807616455,0.003274960500593665,0.06790259856594688,0.0030930170996689567,0.06737521787846215,0.0030992803640392677,0.06789221831478806,0.0030940014787089135,0.06782824273362273,0.003088081289542423,0.06779014441523669,0.003088483582238301,0.06827265498972948,0.003112876634017203,0.06832267056829618,0.003105721107642963,0.033548896409874615,0.0037368705392252454,0.04077769289154959,0.0037368705392179166,0.04350009840281258
584.0,0.06752587471631659,0.0030848736779460085,0.06804827055771807,0.003113866921484772,0.06875580092607116,0.0031203947262979383,0.0702751968349618,0.0031717192720695526,0.07230632494295654,0.003227315065679062,0.07580538837020989,0.003310237226688359,0.06893153558922606,0.0031251444714295758,0.06838780422047912,0.003131323216533199,0.06891949000485756,0.0031261108793678273,0.06885372325436113,0.0031201142714904068,0.06881463082172232,0.003120513286769357,0.06931002182548902,0.0031452530767426376,0.06936150451255886,0.0031380349109668437,0.03399261961372899,0.00377945338672789,0.041352748103133295,0.003779453386720501,0.044132649001736864
585.0,0.0685402774050729,0.0031167171211109743,0.0690761372519775,0.0031461035942485934,0.06980268303878755,0.0031528371628828477,0.07136318164029906,0.0032049877036128198,0.07345039536815415,0.0032615525202408673,0.07704919938409867,0.0033460058307953305,0.069984534052608,0.0031576976415622084,0.0694238107657461,0.003163788087308223,0.0699707397808094,0.0031586453558252402,0.06990311509403078,0.0031525710572754863,0.06986299248039786,0.003152966618601185,0.07037174776534753,0.0031780594689203687,0.07042475529622727,0.003170778050232175,0.03444466370249344,0.0038226792518683624,0.04193959005765941,0.003822679251860898,0.0447787582836703
586.0,0.06957814505443934,0.0031489792956796723,0.07012796529863308,0.003178765911932605,0.07087424482258148,0.0031857105218298172,0.07247742041486252,0.0032387034937814644,0.07462292969596919,0.003296257680448973,0.07832557984249383,0.0033822756995636003,0.07106246234128787,0.003190684284152152,0.07048407263746415,0.0031966825308640807,0.07104683136389157,0.0031916125601585896,0.07097727860427935,0.0031854592711455434,0.07093608794703392,0.003185851196233216,0.07145871637939111,0.003211303577972112,0.0715133095505674,0.003203958286208964,0.034905254052600074,0.0038665615801911127,0.04253857194152023,0.0038665615801835762,0.04543885490675203
587.0,0.07064031471819189,0.003181667685141257,0.07120461712540681,0.003211861517003992,0.07197138602836999,0.003219022592382542,0.07361889618253259,0.0032728748411851275,0.07582503169026218,0.0033314392708113133,0.07963586927286946,0.003419056455614832,0.07216623347598661,0.003224112255187243,0.07156946735550121,0.0032300142795724813,0.07214867278733068,0.003225020325625641,0.07207711822542615,0.0032187867177567255,0.07203481974828767,0.0032191748183778455,0.07257185690745797,0.0032449933559119495,0.07262809978795438,0.0032375835642093433,0.03537462433811915,0.003911114189218418,0.04315006140720285,0.00391111418921082,0.04611338615791397
588.0,0.0717276659665131,0.003214789948886724,0.07230699938455595,0.003245398232430634,0.07309505317860363,0.0032527813490190035,0.07478864453618261,0.0033075101421727753,0.07705786638331619,0.003367106230109343,0.08098148638107332,0.0034563579649702953,0.07329680815831514,0.003257989597952933,0.0726809176927215,0.003263791248918097,0.07327721941397124,0.0032588766720325468,0.07320358548541278,0.003252561387515464,0.07316013737089105,0.003252945469294916,0.07371214739354139,0.003279136944836086,0.07377010755456707,0.003271662019579139,0.03585301692284,0.003956351281363824,0.043774441336562595,0.003956351281356158,0.0468028190001023
589.0,0.0728411237519688,0.003248353927383035,0.07343606596367128,0.0032793840670160253,0.0742462427967954,0.0032869949569642345,0.07598775737579497,0.0033426179968017956,0.07832266460464227,0.003403267717985384,0.08236393529960011,0.0034941903447596196,0.07445519807843656,0.0032923245486202964,0.07381939477421774,0.0032980215429259455,0.07443347721334607,0.003293189811293647,0.07435768225627495,0.0032867914621110728,0.07431304050736892,0.003287171324316569,0.07488061809182998,0.0033137426826094145,0.07494036685664436,0.0033062019833862443,0.03634068327517919,0.004002287457386895,0.04441211065386463,0.004002287457379152,0.04750764119247032
590.0,0.07398166151933173,0.003282367647530416,0.07459282125527039,0.003313827220924312,0.0754260049187077,0.0033216717779009724,0.07721738698256683,0.003378207215024207,0.07962072793336454,0.003439933121774201,0.08378481246093737,0.0035325639712240017,0.07564246951255356,0.0033271255420347663,0.07498592144458244,0.003332713459782398,0.07561850632535097,0.003327968153190868,0.07554046429507343,0.0033214853202469083,0.07549458258510758,0.0033218607555702087,0.07607835517306771,0.0033488191087570106,0.07613996788922006,0.0033412119883142744,0.03683788440750652,0.004048937730415707,0.0450634851924798,0.004048937730407891,0.048228362489658616
591.0,0.07515030458452039,0.003316839328210803,0.07577832371227869,0.003348736091403299,0.07663544691510973,0.003356820375886139,0.0784787504658226,0.0034142868230993256,0.0809534341225326,0.003477112063588996,0.08524581417241692,0.003571489488026739,0.07685974724115426,0.003362401217714377,0.07618157593147218,0.0033678754976582174,0.07683342494104449,0.0033632203113412294,0.0767530450995517,0.003356651543578507,0.07670587460890363,0.0033570223379081952,0.07730650476349334,0.003384374970569269,0.07737006109987597,0.0033767007747700405,0.03734489134160394,0.004096317540565414,0.0457289986194877,0.00409631754055754,0.048965515926873274
592.0,0.0763481338110231,0.003351777386035164,0.07699368971985468,0.0033841192787136577,0.0778757376598197,0.0033924495234822732,0.07977313462434563,0.0034508660702425053,0.08232224305026035,0.0035148144076735262,0.08674874498009022,0.003610977814885153,0.07810821882287901,0.003398160426066049,0.07740749583722731,0.0034035163607421585,0.07807941353499892,0.0033989551093813164,0.07799660011261876,0.0033922989228674007,0.07794808935094164,0.0033926648550527383,0.07856627735275401,0.0034204192294299864,0.07863186162421627,0.0034126772972140687,0.0378619856021295,0.004144442770182609,0.046409103422825504,0.00414444277017466,0.04971965919815254
593.0,0.0775762896157203,0.0033871904412982835,0.07824009781787156,0.00341998559227313,0.07914811208104616,0.0034285682081126854,0.08110190126923715,0.0034879544355202485,0.08372870326017241,0.003553050268031552,0.08829552692217824,0.0036510401565385104,0.07938913926337497,0.0034344122348296162,0.07866488249436718,0.003439644965493822,0.07935771948800571,0.003435181587377687,0.07927237131414441,0.0034284364643597945,0.0792224659264981,0.0034287973059653255,0.07985895261189492,0.0034569610673764344,0.07992665413453137,0.003449150730723498,0.0383894597400902,0.0041933297597467455,0.04710427196606734,0.004193329759738716,0.050491376135946175
594.0,0.07883597634009394,0.0034230873241496342,0.07951879331278067,0.003456344057024905,0.08045387613903651,0.00346518563865018,0.0824664930618124,0.0035255616350023376,0.0851744591624731,0.0035918300163460502,0.08988820978788611,0.003691688012067041,0.08070383612364894,0.0034711659357590536,0.07995500572542079,0.00347627044712538,0.0806696621440788,0.0034719090084734346,0.08058167224358202,0.0034650733963997736,0.08053031479869935,0.0034654289114502833,0.08118588466797459,0.0034940098939020107,0.08125579814861562,0.0034861304777977407,0.03892761788852119,0.004242995324462158,0.04781499761639321,0.0042429953244540524,0.05128127830098077
595.0,0.08012846702746583,0.003459477080989557,0.08083109332265964,0.003493203920039625,0.08179441227875758,0.003502311252249278,0.08386843992737075,0.0035636976291820773,0.08666125897718875,0.003631164290201254,0.09152898251533485,0.0037329331845785004,0.0820537151184376,0.00350843105155116,0.08127920905288043,0.0035134021663218067,0.08201663835153766,0.003509146865780382,0.08192589350275895,0.003502219176287193,0.0818730232614161,0.003502569121002519,0.08254850788814,0.0035315753530114832,0.08262073385205163,0.003523626175416948,0.039476776352738364,0.004293456771575805,0.04854179595185596,0.0042934567715676285,0.05209000669230615
596.0,0.08145510865229036,0.0034963689811004623,0.0821783923051101,0.003530574657361292,0.08317118541295841,0.0035399547214324946,0.08530936611426217,0.0036023726306768787,0.08819096351314792,0.003671064001620861,0.0932201858835794,0.003774787791279002,0.08344026626196309,0.0035462173430328065,0.08263891541126066,0.0035510497162100454,0.08340012854475734,0.003546904889528322,0.08330650879487399,0.0035398834973907876,0.08325206145608406,0.0035402276199099974,0.08394834323324317,0.0035696673305401225,0.08402298849461101,0.0035616477023647317,0.04003726423774676,0.004344731918457957,0.04928520605463913,0.004344731918449709,0.05291823358847128
597.0,0.08281732785371491,0.003533772523523132,0.08356216812442695,0.00356846598110731,0.08458574949862617,0.003578125961441811,0.08679099797760062,0.0036415971122210375,0.08976555589027611,0.003711540345936884,0.09496432667881145,0.003817264273946216,0.08486507062646481,0.003584534816617535,0.0840356334203389,0.003589222929587747,0.08482170343101303,0.0035851930544818656,0.08472508156352945,0.0035780762965275724,0.08466898898594138,0.0035784143366222065,0.08538700524953069,0.003608295961748147,0.08546418342993514,0.0036002051868265278,0.040609424115605176,0.004396839111485393,0.05004579189767194,0.004396839111477068,0.053766664531943974
598.0,0.08421663723279232,0.0035716974441887175,0.08498398872230543,0.003606887846834156,0.08603975477876193,0.0036168351378670434,0.08831517257860139,0.0036813818149641518,0.09138715232931921,0.0037526048110039407,0.09676409354477845,0.0038603754098236677,0.08632980778817193,0.0036233937320437363,0.08547096428695465,0.003627931886423146,0.08628303135601234,0.0036240215876372373,0.08618327230465335,0.0036168077616205215,0.08612546220019271,0.003617139450396149,0.08686620977672044,0.003647471639202787,0.08694604187758857,0.0036393090142756925,0.041193612735802805,0.004449797245768924,0.050824143832712526,0.0044497972457605275,0.05463604047021762
599.0,0.08565464228105069,0.0036101537233176437,0.08644551946545358,0.0036458504611798677,0.08753495577175513,0.003656092674562968,0.08988384720411537,0.0037217377570886055,0.09305801415251118,0.003794269186775061,0.0986223747631434,0.003904134322956007,0.08783626404620618,0.003662804610406806,0.08694660941234085,0.003667186921637759,0.08778588643231115,0.003663400976210808,0.08768284663469383,0.0036560883396464664,0.08762324223103814,0.003656413399232266,0.08838778246224323,0.003687205020960464,0.08847039749812478,0.0036789698356603944,0.04179020178197343,0.004503625785769654,0.05162088018882232,0.004503625785761179,0.05552714006852209
600.0,0.08713304901779233,0.003649151593097128,0.08794853125410551,0.0036853642897960084,0.08907322010276504,0.00369590926186873,0.09149910992689521,0.0037626762427607984,0.09478056116177853,0.003836545575255299,0.10054227825236127,0.003948554495986263,0.08938634151256225,0.003702778242498166,0.08846437879319877,0.0037069986331847503,0.08933215752729469,0.0037033419759330316,0.08922568421076858,0.003695928744887346,0.08916420387875963,0.003696246888112959,0.08995366818480285,0.0037275070390628473,0.09003920388536304,0.0037191985759044755,0.0423995786785679,0.004558344786850907,0.052436648991099295,0.004558344786842357,0.05644078221073774
601.0,0.08865367242477892,0.003688701545649574,0.08949490948781752,0.0037254400655815974,0.09065653828570107,0.003736295865142266,0.09316319134596084,0.003804208871430892,0.09655738658835125,0.0038794464008509396,0.1025271541252104,0.003993649782437273,0.09098206818615355,0.0037433256974652627,0.09002620031783902,0.003747377890435632,0.09092385822194138,0.003743855619660702,0.09081378861286002,0.00373633996749843,0.09075034545438308,0.003736650897557516,0.09156594150614174,0.003768388908360663,0.09165454509599387,0.003760006442736587,0.043022147451454364,0.004613974917815875,0.0532721298105567,0.0046139749178072415,0.05737782870699941
602.0,0.09021844578016794,0.003728814341304806,0.09108666399948029,0.0037660887972326812,0.09228703458109383,0.0037772637336244727,0.09487847766865833,0.003846347547497425,0.0983912738402509,0.003922984421132551,0.10458062020747666,0.00403943441950007,0.09262560914137916,0.003784458331806603,0.09163413007413392,0.003788335842889727,0.09256313786878573,0.0037849532263226284,0.0924492983151108,0.0037773332824073795,0.09238379970626301,0.003777636692507555,0.09322681828840919,0.003809862135680149,0.09331864735532527,0.0038014049358623216,0.04365832964676936,0.004670537484483769,0.05412803575720659,0.004670537484475065,0.05833918722862129
603.0,0.09182943100905774,0.003769501017189757,0.09272594008557829,0.0038073217781217647,0.09396697907480399,0.003818824409647897,0.0966475253224272,0.0038891044903532385,0.1002852153131078,0.003967172738031551,0.106706590996075,0.004085923041354768,0.0943192789822607,0.003826187798717549,0.09329036380416483,0.0038298839292203878,0.09425229389769377,0.0038266464102132236,0.0941344988932548,0.003818920258559983,0.09406684597683246,0.0038192158315579123,0.09493866863643803,0.003851938529347698,0.09503389210020492,0.003843405856495186,0.04430856531275782,0.0047280544543609705,0.05500511562970389,0.004728054454352181,0.05932581449340043
604.0,0.09348883018626095,0.0038107728961497772,0.09441503078091178,0.003849150595521884,0.0956988011458331,0.003860989738205569,0.09847307731571364,0.003932492244830579,0.102242433576565,0.004012024809490317,0.10890931062738123,0.0041331306930489165,0.09606555573763988,0.003868526057802348,0.09499724966187033,0.0038720338866736954,0.09599378554206603,0.003868947090650433,0.09587183663890146,0.003861112768527308,0.09580192375928263,0.003861400176548828,0.09670403135018225,0.0038946302090893947,0.09680283054637216,0.003886021317262647,0.04497331404979078,0.0047865484824666845,0.05590415623638049,0.004786548482457814,0.06033871972711673
605.0,0.09519899834847359,0.0038526415960167992,0.09615639054988263,0.0038915871401911293,0.09748510451913983,0.003903771876896554,0.10035808160505787,0.003976523692063869,0.10426640530502965,0.0040575544615878935,0.1111933905400507,0.004181072844961482,0.0978670964019343,0.003911485385169744,0.09675730245545398,0.003914797760835402,0.09779024918654183,0.0039118675020142065,0.09766393377952262,0.0039039229984918155,0.09759164785187265,0.0039042019025360792,0.09852563010349885,0.003937949616322336,0.09862819999886163,0.003929263752504723,0.045653056134252704,0.004846042938376748,0.05682598490415023,0.004846042938367802,0.06137896843018806
606.0,0.09696245779860294,0.00389511903923998,0.09795265059485876,0.00393464361633412,0.09932868413236916,0.003947183306265831,0.10230571177053922,0.004021212060789841,0.10636088839003856,0.004103775901163856,0.11356385265662772,0.004229765407880904,0.09972675436061633,0.003955078383929579,0.09857321958651258,0.003958187915783344,0.09964451557128169,0.0039554202041835775,0.0995136055365278,0.003947363458629376,0.09943882534091111,0.003947633508156289,0.10040639160239628,0.003981909524856237,0.10051294216146388,0.003973145928983302,0.04634829372254854,0.004906561934553193,0.057771472193631185,0.004906561934544161,0.062447686482031715
607.0,0.09878191411544485,0.003938217462895563,0.09980663601599928,0.003978332551957871,0.10123254508485682,0.003991236840556425,0.10431939035610956,0.004066570939105635,0.10852995275487794,0.004150703728964296,0.11602617908189933,0.004279224748728489,0.10164759898107034,0.003999317995109343,0.10044789893402395,0.004002217044642981,0.10155962912859151,0.003999618093390767,0.10142387929400287,0.003991446993905973,0.10134647468336187,0.003991707826406085,0.10234946602022654,0.004026523052024464,0.10246022374620292,0.004017680957021569,0.047059552142100794,0.0049681303560311805,0.05874153484095184,0.004968130356022057,0.06354606461977227
608.0,0.10066027411826443,0.003981949429093333,0.10172138509750192,0.0040226668096402145,0.10319992398473728,0.004035945638893429,0.1064028152972919,0.0041126142867065636,0.11077801549413208,0.004198352953335388,0.11858636953271244,0.004329467706958582,0.10363293769946523,0.0040442175090100955,0.10238445897466321,0.0040468981805648506,0.1035388697766022,0.004044474413511696,0.10339801619896509,0.004036186795308104,0.1033178472079756,0.004036438035854243,0.1043582500607151,0.00407180367026455,0.1044734597379361,0.0040628823020934296,0.047787381276899736,0.005030773891539963,0.05973713894909021,0.005030773891530737,0.0646753633326438
609.0,0.10260066607948741,0.004026327835798502,0.10370017104404457,0.004067659597730233,0.10523431306724951,0.004081323216920199,0.10855998993882769,0.004159356447626771,0.11310988108644197,0.004246739004491168,0.12125100798608333,0.004380511611671011,0.10568634099460754,0.004089790577022808,0.10438626148312868,0.004092244708143899,0.10558577755387054,0.0040900027678136795,0.10543953557233313,0.004081596411527797,0.10535645141179553,0.004081837672307498,0.10643641306443186,0.004117765219169732,0.10655633973478833,0.004108763796884663,0.04853235705594778,0.005094519066139391,0.0607593034543302,0.005094519066130102,0.06583691821883604
610.0,0.10460646253123544,0.004071365928087811,0.10574652655012237,0.004113324482000983,0.1073394875267806,0.004127383458908047,0.11079525724287351,0.004206812163506679,0.11553078758394177,0.004295877749384123,0.12402734037642124,0.004432374299470777,0.10781167071305209,0.004136051223926876,0.10645693721934807,0.004138270375301323,0.10770418055047613,0.004136217131182033,0.10755224258054329,0.004127689761123607,0.10746608049911345,0.004127920640951184,0.10858792665294317,0.004164421918033774,0.10871285786487758,0.004155339653848295,0.04929508305379569,0.00515939327545844,0.061809103896494404,0.005159393275449073,0.06703214585773426
611.0,0.10668130607507652,0.004117077309861,0.10786427165652353,0.0041596753977759795,0.1095195365897793,0.004174140630362172,0.11311333890876192,0.004254996587413099,0.11804645987510237,0.0043457855072078985,0.12692336561047465,0.004485074133114365,0.11001311229912465,0.00418301386069386,0.10860041508620616,0.004184989305651147,0.1098982266787061,0.004183131862848462,0.10974025970398205,0.00417448114518022,0.10965084369556807,0.004174701228987848,0.11081709850103753,0.004211788378913021,0.1109473468773617,0.004202624478277619,0.05007619221334855,0.005225424821628448,0.06288767652515803,0.0052254248216189875,0.0682625502577047
612.0,0.10882913868165105,0.004163475956028825,0.11005754543536701,0.004206726662551868,0.11177889895927477,0.004221609391147684,0.11551938027414221,0.004303925298238907,0.12066317135940709,0.004396479065564318,0.12994794273002727,0.004538630020982709,0.11229521159309235,0.0042306932978209005,0.11082095533523753,0.00423241601137446,0.11217241993357753,0.004230761719645254,0.11200806264402836,0.004221985260490939,0.11191520197491116,0.004222194118797342,0.11312861094547509,0.004259879620230371,0.113264517125655,0.004250633281922263,0.05087634870219272,0.0052926429510096965,0.06399622277806821,0.005292642951000154,0.06952972994785832
613.0,0.11105423506129028,0.004210576225200471,0.11233084215199249,0.004254492989141341,0.11412240338917613,0.004269804809160821,0.11801900205220027,0.0043536143157106195,0.12338781567683756,0.004447975697327669,0.133110917777849,0.004593061437424093,0.1146629169957856,0.004279104759219478,0.11312318751285647,0.004280565406626131,0.11453166192547903,0.004279121869811055,0.11436052144053932,0.004270217213288158,0.11426400896503891,0.004270414401644064,0.11552756528453854,0.00430871108094784,0.11566950130873843,0.004299381497173623,0.05169624991492692,0.005361077893816466,0.0651360141726102,0.005361077893806832,0.07083538579188241
614.0,0.11336124080271073,0.004258392872894466,0.11468905268356692,0.004302989499361477,0.11655531530431813,0.004318742374571984,0.12061836019076631,0.004404080116034454,0.12622799052135245,0.00450029317824166,0.13642327486795958,0.004648388444012808,0.11712162796536985,0.004328263896686673,0.11551215398180124,0.004329452821499568,0.1169812996307553,0.004328227907374963,0.11680294773265465,0.004319192533548775,0.11670255795963799,0.004319377591957721,0.11801953280375868,0.004358298635335661,0.11816790602043663,0.004348884991847787,0.052536628635354715,0.005430760905753006,0.0663083976564702,0.005430760905743286,0.07218132961324115
615.0,0.11575521611998772,0.0043069410652983595,0.11713751213730504,0.004352231738293776,0.11908339057852951,0.004368438014668825,0.12332421542991126,0.004455339648212279,0.1291920960608186,0.004553449805286768,0.13989731720442894,0.004704631711771436,0.11967725102058802,0.004378186804987694,0.11799336002884236,0.004379094016576757,0.11952718050976872,0.004378095867147495,0.11934114929629956,0.0043689271899024626,0.11923663616075349,0.0043690996422160065,0.12061061378944457,0.004408658608366907,0.12076587138649032,0.004399160084595012,0.053398255373926756,0.005501724311780555,0.06751480146972692,0.005501724311770739,0.07356949373413917
616.0,0.11824168622572691,0.004356236393603899,0.11968205481421523,0.0044022356891440795,0.12171293782887481,0.004418908109328629,0.12614401450283733,0.004507410351061519,0.13228945112072707,0.004607464415856962,0.14354688544320124,0.004761812544408548,0.12233626468655198,0.004428890037579637,0.12057283179001237,0.004429505198092802,0.12217571639735862,0.0044287422403481245,0.12198149324302876,0.004419437605173265,0.12187258752672772,0.004419596958458852,0.12330750607612481,0.004459807791769505,0.12347014035847233,0.004450223560967799,0.054281940897603284,0.005574001552143366,0.06875674157765169,0.005574001552133472,0.07500194154596018
617.0,0.12082669957022175,0.004406294888946211,0.12232907791884669,0.004453017788732441,0.12445089089411546,0.004470169507151947,0.12908598539457453,0.0045603101709742085,0.13553043111284482,0.004662356407788068,0.14738762300431282,0.0048199529026264724,0.12510579514956208,0.004480390623009152,0.12325718350132094,0.0044807030337447986,0.1249339578928022,0.0044801839909020934,0.1247309795816957,0.004470740672585181,0.12461738591419742,0.004470886416465716,0.1261175850340602,0.004511763460767924,0.12628813959987073,0.004502092690179447,0.055188538971255655,0.005647627230791336,0.07003582874161558,0.005647627230781344,0.07648087924690532
618.0,0.12351689546523766,0.004457133037976375,0.12508561573658808,0.004504594943643288,0.1273048935586169,0.004522239542289995,0.13215924967659315,0.0046140575804535025,0.13892663276798037,0.004718145760282463,0.15143730094174185,0.004879075429555973,0.12799370480749309,0.004532706082016976,0.12605369593281404,0.0045327046691777464,0.12780968138568882,0.0045324385724386145,0.12759732724675127,0.004522853772665855,0.1274787206016347,0.004522985378629313,0.12904899736194836,0.004564543391549432,0.1292280743667629,0.0045547852425890005,0.05611894933198722,0.005722637166345616,0.07135377630494272,0.005722637166335528,0.07800866890372953
619.0,0.12631958296378512,0.004508767799099467,0.12795942640801136,0.004556984547070058,0.13028339908552486,0.004575136052001309,0.135373955717373,0.004668671597467082,0.1424910721560364,0.004774853055776315,0.15571621909253172,0.0049392034773808385,0.1310086964402371,0.004585854445386238,0.12897040830957934,0.004585527745181236,0.130811491377896,0.004585523946027489,0.13058907521153734,0.004575794790883394,0.1304650967919315,0.004575911711560745,0.13211077163930826,0.0046181658794924325,0.13229904038570417,0.004608319507949121,0.057074120920301306,0.005799068445764805,0.07271240878150563,0.005799068445754627,0.07958784301955227
620.0,0.12924283331657707,0.004561216619411031,0.13095909395165628,0.004610204496388291,0.13339578777027897,0.004628877394974661,0.13874143759051152,0.00472417180565988,0.1462384243756475,0.00483249950280029,0.16024770594129298,0.005000361135215973,0.1341604364189064,0.004639854272571382,0.13201622659519227,0.004639190415632825,0.13394894143721156,0.0046394585986905615,0.1337157019681177,0.004629582136053407,0.1335859543486263,0.004629683804463547,0.1353129493560068,0.004672649758194688,0.13551115650884735,0.004662714314455596,0.05805505539494361,0.00587695948087953,0.07411367134764159,0.005876959480869263,0.081221120819426
621.0,0.13229558890257914,0.004614497452367396,0.13409414885972734,0.004664273211495345,0.13665250656597827,0.004683482470457235,0.1422744058487881,0.004780578375471073,0.15018531585561704,0.004891106959885959,0.16505874768090018,0.005062573258310101,0.13745970127592863,0.004694724671148568,0.1352010517527539,0.0046937113662266815,0.1372326779963526,0.004694261562728812,0.13698776751697275,0.004684234759556152,0.13685180887401685,0.0046843205883158375,0.138666741132352,0.004728014419343881,0.13887572294179795,0.004717989048640548,0.059062810961553434,0.005956350067976308,0.07555964035291994,0.005956350067965946,0.08291142650072898
622.0,0.13548779227703509,0.0046686287762273985,0.1373752114661596,0.004719209653954819,0.14006523593280873,0.004738970738230098,0.14598717812538908,0.0048379120862026915,0.15435068369958357,0.00495069796057449,0.17018078844213505,0.005125865498645274,0.14091855314412746,0.004750485317129942,0.13853593256340047,0.004749109834027025,0.1406746123628251,0.004749952435906022,0.1404170831394202,0.0047397721754055015,0.14027442035598386,0.004739841555902298,0.142184714155148,0.004784279833473462,0.1424054111782401,0.004774163676152753,0.06009850654905622,0.006037281450623991,0.07705253498282531,0.006037281450613549,0.08466190973773641
623.0,0.13883053995355835,0.004723629613304632,0.14081416343408906,0.004775033346987924,0.14364709051869007,0.004795362239474662,0.1498959599348924,0.004896194349090357,0.1587562213192874,0.005011295739587084,0.175650760342405,0.005190264337013545,0.14455055114443083,0.004807156476186461,0.14203324885159987,0.004805405627889821,0.14428812782984288,0.00480655140253515,0.1440169157200642,0.004796214481213757,0.14386699608974657,0.004796266782740679,0.14588101859997088,0.004841466571650601,0.14611449355688155,0.004831258763471601,0.06116332637204249,0.006119796385950509,0.07859473022705617,0.006119796385939973,0.08647596878044675
624.0,0.14233626681778963,0.0047795195500723205,0.14442435422886626,0.004831764396355572,0.14741286222052088,0.00485267761857686,0.15401918932601422,0.004955447231429402,0.16342693633011585,0.005072924260220786,0.18151242662312542,0.005255797116652708,0.14837100790536992,0.0048647590258274415,0.14570693265316162,0.004862619149797513,0.14808833081718606,0.0048640792555132845,0.14780223538330983,0.00485358238010004,0.14764443655678305,0.004853616948948811,0.14977166315449214,0.0048995958281448935,0.1500191227518605,0.004889295500604167,0.06225852492237969,0.006203939214592892,0.08018877133150491,0.006203939214582238,0.08835727654886845
625.0,0.14601896877234338,0.004836318758165185,0.1482208514737823,0.004889423512177699,0.151379316795525,0.004910938145918636,0.1583779635515742,0.005015693481813089,0.16839185621921365,0.005135608243036847,0.18781815816694444,0.005322492078531661,0.15239730324335696,0.004923314478587292,0.14957273712551133,0.0049207714171549625,0.1520923577260121,0.004922557419356525,0.15179001790437419,0.004911897203591246,0.15162363561057807,0.004911913362102799,0.15387485294296843,0.004958689444130537,0.15413767476511042,0.004948295724817264,0.0633854324390095,0.006289755934560349,0.08183738994085762,0.006289755934549615,0.09030981019792582
626.0,0.14989447349797824,0.004894048016325177,0.15222074683017192,0.00494803203173947,0.15556555876699252,0.004970165741709432,0.16299657221267033,0.005076956556543587,0.17368493101935595,0.005199373195913603,0.19463132048022094,0.00539037839837959,0.15664927092741726,0.004982845006273093,0.15364856607135066,0.0049798840860972296,0.15631975295759826,0.004982007974287232,0.1559996170380465,0.004971180935568967,0.15582384996065565,0.0049711779811384815,0.15821140753085464,0.005018769932476993,0.15849117347097502,0.0050082819454605075,0.06454546091152961,0.006377294279268038,0.0835435221730791,0.006377294279257203,0.09233788471806936
627.0,0.1539807723176285,0.0049527287333408585,0.15644353279472614,0.005007611943336492,0.1599934843055426,0.005030383000912814,0.1679031702262224,0.005139260647279031,0.17934620229402665,0.005264245445539573,0.20202953724661007,0.005459486225560917,0.16114967984843137,0.005043373465330155,0.15795488116377593,0.005039979475863584,0.1607929387573853,0.00504245368143068,0.1604532270003212,0.005031456237318264,0.1602671579793858,0.005031433441352197,0.16280528278508524,0.005079860503686429,0.1631038210092998,0.005069277369938611,0.06574011068076316,0.006466603800018477,0.08531032890803103,0.0064666038000075355,0.09444619124648175
628.0,0.15829843040944164,0.005012382972033539,0.1609115709972113,0.005068185911214825,0.16468834867432003,0.0050916132193281035,0.1731306367207343,0.00520263070998499,0.18542333762148916,0.005330252170428586,0.21010923932817696,0.00552984672390325,0.1659248384901245,0.0051049234233859694,0.16251520982370346,0.00510108059429448,0.16553780485295458,0.005103918009180721,0.16517646247110185,0.0050927464737381585,0.1649790349035083,0.00509270308056063,0.16768422897071197,0.005141985093041346,0.16800366714815756,0.005131305930896075,0.06697097770843757,0.0065577359532296865,0.08714121862158428,0.006557735953218641,0.09663984089860991
629.0,0.16287109853879764,0.005073033474346064,0.16565067985869103,0.005129777301664823,0.1696794846276119,0.005153880420889206,0.17871768455938647,0.005267092495263113,0.19197367511008082,0.005397421435542756,0.2189921426347969,0.005601492114594851,0.17100536239196779,0.005167519187037148,0.1673567849627772,0.005163211164512539,0.1705844562475351,0.005166425160798596,0.1701990936212796,0.0051550757407763685,0.16998908151078743,0.005155010966482237,0.1728806297908096,0.0052051683890274964,0.17322346339245812,0.005194392314680273,0.06823976159838269,0.00665074419273112,0.0890398731556664,0.006650744192719991,0.09892441509614167
630.0,0.16772615783023737,0.005134703687593598,0.17069087981883552,0.005192410210331517,0.17500122227214163,0.005217209386248061,0.18471031276937064,0.005332672580132683,0.19906699271319653,0.005465782228615674,0.22883469302754453,0.005674455721273836,0.176427159907365,0.005231185830947149,0.17251135962030756,0.0052263956528524474,0.17596817254102207,0.005230000103312223,0.1755559882895875,0.005218468894156546,0.1753319577839776,0.005218381925407928,0.17843258501671955,0.005269435863103452,0.17880176605559417,0.005258561991153795,0.06954827446373053,0.006745684067474506,0.09101027688613317,0.006745684067463274,0.10130602357403977
631.0,0.17289554104648466,0.005197417791940227,0.1760673492846893,0.005256109490808004,0.18069408157754469,0.005281625682712955,0.19116373583757354,0.005399398401348236,0.20678932832506094,0.005535364498273974,0.23984219559868222,0.005748772017441326,0.1822327145275505,0.005295949228328263,0.17801625668800217,0.0052906592981078054,0.18173065419230044,0.0052946685977882275,0.18128833488119758,0.005282951579468566,0.18104859422948083,0.005282841572231736,0.18438532591971518,0.005334813800891077,0.18478437985203136,0.005323841244931164,0.0708984507486493,0.006842613325033445,0.0930567498370241,0.006842613325022113,0.10379137150703441
632.0,0.1784167912031345,0.005261200729168022,0.18182166639338354,0.005320900784583005,0.18680633954337494,0.00534715569561796,0.198144988109841,0.005467298290339755,0.2152483568690919,0.005606199194061468,0.2522905308970356,0.005824476676339728,0.18847277644154853,0.00536183608288436,0.1839157392822971,0.005356028142168383,0.18792166408867664,0.005360457231053323,0.18744525158171163,0.005348550263698611,0.1871877850851095,0.0053484163419178265,0.19079309278630635,0.005401329334867129,0.19122627486939972,0.005390257208119874,0.07229235812972731,0.006941592021296026,0.09518398539555714,0.0069415920212846,0.10638783751975299
633.0,0.18433444401303203,0.0053260782328102925,0.1880034444742558,0.005386810552417534,0.1933961208553447,0.0054138266612031236,0.20573650281801312,0.005536401509868146,0.22458112969929306,0.005678318308478119,0.26656040921093227,0.005901606623445705,0.19520862853931076,0.00542887396229739,0.1902628255051769,0.0054225290621253055,0.19460122301154037,0.005427393448946409,0.19408593621909837,0.005415292268279326,0.19380831566601783,0.005415133522483954,0.1977216654672891,0.005469010478640688,0.1981941734342679,0.005457837894650977,0.0737322096415463,0.007042682636786749,0.09739709341185089,0.00704268263677523,0.10910356475403604
634.0,0.19070185930043773,0.005392076859725009,0.1946725190638913,0.005453866107231237,0.20053423347839242,0.005481666701091611,0.2140411285493905,0.005606738292495652,0.2349654894469467,0.005751754921152752,0.28319235336770177,0.0059802000917403425,0.20251517399438312,0.005497091333344803,0.19712172995439337,0.005490189803926807,0.20184259573854085,0.0054955055911884015,0.20128258683673173,0.005483205803746962,0.20098185064949847,0.0054830212895880465,0.2052518348692864,0.005537886162906551,0.20577010363056747,0.0055266122362896105,0.07522037719402942,0.007145950200089785,0.09970164962715503,0.007145950200078158,0.1119475676881416
635.0,0.19758368588113076,0.005459224023189279,0.20190192205676946,0.005522095648583347,0.20830808573021084,0.005550704858454461,0.2231893154681474,0.005678339880976176,0.2466373510647306,0.0058265432452764675,0.30297359760749276,0.0060602966799284145,0.2104852231954386,0.005566517598741538,0.20457120627316505,0.005559039017672529,0.20973642884429985,0.005564822927962162,0.20912444332541627,0.005552320006096408,0.20879692842106617,0.005552108742808513,0.21348425923178083,0.005607986273171338,0.2140563777203949,0.005596610120422528,0.0767594066763895,0.007251462418884379,0.10210375257234436,0.007251462418872666,0.11492985807087477
636.0,0.20505923752054292,0.005527548027600887,0.20978200217534446,0.00559152829883936,0.21682720803428687,0.005620971135960123,0.23334965855625367,0.00575123857067847,0.25991756068347094,0.00590271867643374,0.3270554484292532,0.006141937413792263,0.21923557095404117,0.005637183135805905,0.2127092124630183,0.005629106294640306,0.21839660363840394,0.005635375698301047,0.21772349595386245,0.005622664974932869,0.21736459875328293,0.005622425943716637,0.2225464057218675,0.0056793416893548545,0.22318272000591127,0.00566786242972538,0.07835203487496857,0.007359289819145692,0.1046100893251958,0.007359289819133856,0.11806159419747612
637.0,0.21322720696298336,0.005597078104878691,0.21842625204235458,0.0056621941411204675,0.22623121234294594,0.005692496535612629,0.24474476742459778,0.005825467754162375,0.2752545670242392,0.005980317843975506,0.3569598258547231,0.006225164810878486,0.22891581083164003,0.005709119337055665,0.2216595626602541,0.005700422206145134,0.22796870480742995,0.00570719515039138,0.2272227317844828,0.005694271813523502,0.22682656042800392,0.005694003955844659,0.23260271006643457,0.00575198432737618,0.2333167177280976,0.005740401083819606,0.08000120847102771,0.0074695058931104645,0.10722801182438421,0.00746950589309856,0.12135525887969605
638.0,0.2222123902412451,0.005667844452659768,0.22797973690361797,0.005734124259138485,0.23670154752939188,0.00576531310058843,0.257675784367251,0.005901061968036632,0.2932924601215733,0.006059378665091165,0.3933717831273856,0.006310022948730776,0.23972144004330695,0.005782358652847492,0.23158163525834383,0.00577301834433689,0.23864257880205844,0.005780313583900838,0.23780834231996503,0.005767172670861188,0.2373671975416715,0.005766874886660548,0.24386982823650757,0.0058259471828415975,0.24467953966833172,0.005814259083036725,0.0817101054310074,0.007582187256658326,0.1099656258286835,0.007582187256646291,0.12482487294233553
639.0,0.23217550506606557,0.005739878274397205,0.23863158894014563,0.005807350779027047,0.24847931334438245,0.005839453959190082,0.27256113043472013,0.005978056942235548,0.31497245220278675,0.006139940401745169,0.4293578700572849,0.006396557536897377,0.25191385495010565,0.005856934636180625,0.24268490200681,0.005846927365051056,0.25067144465253155,0.0058547643944524014,0.24972826742392065,0.005841400785858757,0.2492318470147806,0.0058410719316678555,0.25664013354135606,0.005901264376959035,0.2575701973808696,0.0058894705544146695,0.08348215915777614,0.007697413816814405,0.11283189510609862,0.0076974138168022874,0.12848625304221442
640.0,0.24332789067856847,0.0058132118214700434,0.2506340103618908,0.005881906913286065,0.2618929465467346,0.005914953371042568,0.2899981949396675,0.006056489651861117,0.341626495137724,0.006222043720657275,0.4463055107803778,0.006484815992958762,0.26585162047973543,0.005932881989794083,0.2552512397478166,0.005922183032833001,0.26440170939397295,0.0059305821203721465,0.2633210796942036,0.005916990533800391,0.2627552294911043,0.005916629420757448,0.2713187535281614,0.005977971204812649,0.27240383934718637,0.0059660708000606475,0.08532108583906192,0.00781526895014133,0.11583676407290915,0.007815268950129104,0.1323573252376553
641.0,0.25595408665383096,0.0058878784374239105,0.26433189754166286,0.00595782700696557,0.27740209244835917,0.0059918467756669425,0.31085682326551917,0.006136398371748166,0.3746380594216333,0.006305730756517769,0.4425417236645432,0.006574847522840038,0.28204016502393914,0.006010236615695125,0.26966999466121555,0.005998820268266271,0.28032030531699936,0.006007802491846891,0.27906180842752565,0.0059939774751863045,0.27840653518605907,0.005993582866945816,0.2884824726771408,0.006056104186140234,0.28977262680065696,0.006044096348023181,0.087230915511522,0.007935839692854383,0.11899130292191452,0.007935839692842043,0.13645850930256156
642.0,0.27044730826685653,0.0059639126044690625,0.28020981606064105,0.006035146586222507,0.2956668800662463,0.006070170843574834,0.3363799403310306,0.006217822733920191,0.412186498603155,0.006391045178642431,0.4319032836461167,0.006666703205691594,0.30120953564121,0.0060890356672671795,0.28649367362153977,0.006076875197743063,0.29912906213831963,0.0060864624826384795,0.2976341052051542,0.006072398407115212,0.29686050063460173,0.006071969017644936,0.30896948816962616,0.006135701118765468,0.31053780208013804,0.006123585005826776,0.08921602745930231,0.00805921694356895,0.12230788034465193,0.00805921694355651,0.14081319366603534
643.0,0.2873657077168257,0.00604134999237145,0.2989656358461301,0.006113902409394313,0.317647648013265,0.0061499635300379905,0.3679948944215337,0.006300803788116191,0.44033757551542735,0.006478032261288263,0.4210008337544872,0.006760436083644535,0.3244193918548693,0.006169317604114167,0.30652330129647304,0.006156385205825095,0.3218479945517055,0.0061666003645105315,0.3200321349756544,0.006152291417359667,0.31909851139859585,0.006151825908617878,0.333981092050143,0.006216801134849257,0.3359285335410354,0.006204575916833032,0.09128119068913683,0.008185495679669618,0.12580037034996672,0.008185495679657087,0.14544832763874474
644.0,0.3075181367732689,0.006120227509881373,0.32161221473852597,0.0061941325207423605,0.3446750678207114,0.006231264131697527,0.40496604185976004,0.006385384065581837,0.4454241990440349,0.006566738957865625,0.4113093718492519,0.0068561012567698205,0.35307923663949115,0.006251122249811236,0.3309102052472447,0.006237388990353687,0.34985867198323134,0.006248255764535085,0.3476167103624751,0.006233695941300592,0.3464702277117689,0.006233192920786142,0.3649449268727268,0.006299444760133966,0.3673574760583538,0.006287109619603406,0.09343161037597546,0.008314775188380488,0.12948440153162472,0.008314775188367842,0.15039516711965115
645.0,0.33206371037298965,0.006200583358854815,0.34951729302771484,0.006275876307029711,0.37796189382220285,0.00631411334618884,0.43603965055777577,0.006471607646331552,0.43705147100378156,0.0066572139793015135,0.40294904575732265,0.00695375598359663,0.38802564462493233,0.006334490852742635,0.36107021331808586,0.00631992662047846,0.38417343944769133,0.006331469725458702,0.3814964716092965,0.006316652821898419,0.3801252201479293,0.006316110840065258,0.4015136175628867,0.006383673976368856,0.4041306706901453,0.006371228110452101,0.09567298136156478,0.008447159313714762,0.13337765961161088,0.008447159313702027,0.1556902235711939
646.0,0.36240627342013954,0.006282457091233069,0.38366875882199725,0.006359174557108573,0.4147782085136415,0.006398553334971781,0.44514534070101525,0.00655952023010414,0.4260782386856965,0.0067495078768266695,0.39576111881254766,0.007053459787572737,0.4240043775213803,0.006419466150220533,0.39703970160406055,0.006404039597786937,0.4206009415228059,0.006416284769319692,0.4181372445566089,0.006401204372891448,0.41683503957870066,0.006400621920419318,0.4336735397993999,0.006469532287116804,0.4352356958201524,0.006456974909390352,0.09801155002349733,0.008582756720591217,0.1375002574286077,0.008582756720578373,0.16137648573874233
647.0,0.39844596364763724,0.006365889669058389,0.41987564267940347,0.006444069524706179,0.4402624586960696,0.006484627789568327,0.4382857344920192,0.006649169211250141,0.4158349769809222,0.006843673129481007,0.3895599654369807,0.00715527456988102,0.4438815776250373,0.006506092436093476,0.43023038419647963,0.006489770920729205,0.44270399745282074,0.006502744964522642,0.44171060697747994,0.006487394445425969,0.4411108608089129,0.006486769950337582,0.44470662307474895,0.006557064787158247,0.44462301961967726,0.006544395129678848,0.10045418612733807,0.008721681177525245,0.14187519110944774,0.008721681177512298,0.16750501257893177
648.0,0.4312120464225162,0.006450923527715791,0.44185686670352725,0.006530604994610783,0.443311222527428,0.006572382001425255,0.42751211866874117,0.006740603757807859,0.4069033759031918,0.0069397642366530315,0.38418912273504613,0.007259264729057954,0.4425084380037466,0.00659441563206747,0.44352983160584686,0.006577165152547538,0.4429117936114345,0.006590895996591183,0.4430807834380277,0.006575268498336708,0.44307870031320395,0.006574600322951749,0.43869338436234107,0.006646318235723883,0.4379462579026412,0.00663353555121977,0.10300846664720884,0.008864051859436079,0.14652890748041578,0.008864051859423055,0.17413703931455424
649.0,0.443841777929895,0.006537602642605077,0.4421119794007458,0.00661882635247447,0.4345843457416227,0.006661862935635309,0.41714220803217367,0.006833874895043117,0.3992231128314671,0.007037837815995074,0.3795309423845374,0.007365497287898442,0.43265886907812556,0.006684483362979809,0.43862628201388004,0.006666268492934454,0.4334319458309038,0.0066807852428365355,0.43389543028568656,0.006664873672313923,0.4340536746723685,0.006664160110028742,0.42806424297499024,0.006737341133803714,0.4272438157824292,0.006724444698039004,0.10568277401451753,0.009009993672259773,0.15149201663077946,0.009009993672246634,0.18134680493020375
650.0,0.43868432544928704,0.006625972599461918,0.43270846751946795,0.00670878065846523,0.4238126092853137,0.006753119308767445,0.4080358523491627,0.006929035593749453,0.39262024708766907,0.007137952707081089,0.3755062814402215,0.007474042028168013,0.4219321314606987,0.0067763450362831185,0.428215233263089,0.006757128853660511,0.4226767397422001,0.006772461851196543,0.4231282848779376,0.006756258868208776,0.42328503073228146,0.006755498140090752,0.41765187529328723,0.006830183805800538,0.41690454824811046,0.006817172920125477,0.1084864118621735,0.009159637601220575,0.15680019612601007,0.00915963760120737,0.18922541297812343
651.0,0.42826782008635433,0.006716080668562957,0.42201321471013903,0.0068005167250181665,0.4138479902985489,0.00684620167107575,0.4001993078495548,0.007026140863628451,0.3869322174531177,0.007240170081204128,0.3720512328958938,0.00758497163368975,0.4122486265922366,0.006870051926017154,0.41777350657607737,0.00684979593843047,0.4128888268595096,0.00686597682351941,0.4132661924574694,0.006849474829749836,0.41338755441504543,0.006848665080933298,0.4084708299812279,0.006924898485814643,0.4078167036350439,0.006911772479917117,0.11142974211647323,0.009313121084797739,0.16249535152551306,0.009313121084784439,0.19788620260438983
652.0,0.4178717745595781,0.006807975883067515,0.4122725722917709,0.006894085198954303,0.40517575773165454,0.006941162493377131,0.39347337150933165,0.0071252478520936495,0.3820363165539294,0.0073445535577412345,0.3690151199540033,0.00769836184241794,0.4038631593847629,0.006965657261565918,0.40851814035934814,0.006944321327245969,0.40440128474589304,0.006961383103587063,0.40470252919165023,0.006944574230962474,0.40478662917246594,0.006943713526833569,0.40056555976107466,0.007021539408868635,0.3999966086749932,0.007008297643742823,0.11452434831055722,0.009470588416624254,0.16862712448541714,0.009470588416610854,0.20747237565739882
653.0,0.4086629595951043,0.006901709121766919,0.4038260530035238,0.006989538648255537,0.3977291999628593,0.007038056258909232,0.38769883697719537,0.007226415948869082,0.3778554830020371,0.007451169327548463,0.3662000022559323,0.007814291608164551,0.3966609713427165,0.007063216321521766,0.40054394882230937,0.007040758565573963,0.3971156167114353,0.007058735670195568,0.39735134236579506,0.007041611768605997,0.3974030690516773,0.00704069809076123,0.39378595745346634,0.007120162907405816,0.3932899755228813,0.007106804778555856,0.11778323133536077,0.00963219117778252,0.17525487945902118,0.009632191177769043,0.21816807363369198
654.0,0.40072826392016486,0.006997333196533544,0.396580226727456,0.0070869316538065535,0.3913479500356878,0.007136939560505442,0.3827566731024971,0.007329706896782407,0.37433096006947786,0.007560086283886395,0.36357863732449963,0.007932843272698999,0.39047783280826287,0.007162786533001525,0.39371255126799615,0.007139163258643542,0.39086919231126926,0.007158091635634454,0.39105086266109534,0.007140644259967507,0.3910757245803474,0.007139675501931256,0.38797514602430055,0.007220827513420534,0.3875417277331018,0.0072073524543181024,0.12122104562301922,0.009798088702211676,0.18245036041870097,0.009798088702198093,0.23021485788901244
655.0,0.39393057439574125,0.0070949029447837375,0.39037729767544654,0.007186320906438429,0.3858905442293668,0.007237871203448515,0.37857791109899314,0.007435184909185135,0.3712752967352722,0.0076713761614169386,0.3611828629726107,0.00805410274900705,0.3851775228611086,0.007264427576788404,0.3878698678846297,0.007239593171217598,0.38552470080624474,0.007259510349933848,0.38566216192066216,0.0072417307463781225,0.38566505896246184,0.007240704709061634,0.3830166543608916,0.007323594066607863,0.3826384847703959,0.007310001552424398,0.12485438613960471,0.00996844857822199,0.1903013027287379,0.009968448578208309,0.24393684548451258
656.0,0.3881193174843545,0.007194475327292725,0.3850861949763328,0.007287765309634475,0.38126404525655605,0.007340912314393976,0.37510332211991976,0.007542916794465626,0.3683968009263756,0.007785113683857836,0.35901458395032265,0.008178159716559868,0.38067157800092344,0.007368201498700932,0.38290185341983984,0.007342108333214394,0.3809944429459525,0.007363053511276762,0.3810957991434267,0.007344932602845343,0.3810808641971531,0.007343846989729566,0.3788457996327804,0.007428525828949822,0.37851836577483206,0.007414815380586233,0.1287021397872123,0.01014344718942653,0.19891643373285103,0.010143447189412784,0.2597799275391134
657.0,0.3831852342241006,0.0072961095317263976,0.38062797798861486,0.00739132608828721,0.37742123532482746,0.007446126456784776,0.3720938089552235,0.007652972088160607,0.36565324871395166,0.007901376720930213,0.357060017417818,0.008305107829522224,0.3769005958956284,0.0074741728276240165,0.37874984358172714,0.007446771151582232,0.37723161003871974,0.007468785283006086,0.37730626572949794,0.007450313654227369,0.37727668842310474,0.007449166066249794,0.3754021021371949,0.0075356886061895174,0.37511551006421917,0.007521859794628059,0.13278591922662564,0.010323270298750147,0.2084325358603851,0.010323270298736338,0.2783737273749048
658.0,0.37907281283473654,0.007399867082283532,0.37695914655755336,0.007497066903926401,0.3742401690818284,0.007553579753212945,0.3692039388035303,0.007765423193210372,0.3631154234077433,0.008020246455287735,0.3553017943847295,0.008435044938909697,0.3736835192565226,0.00758240870067089,0.3753724900148542,0.007553646528863193,0.37409262412911876,0.007576772417690058,0.3741629150322989,0.007557940298408864,0.37411960863511823,0.007556728228533445,0.3724183452277821,0.007645150876680911,0.372145458088644,0.007631203327685752,0.13713060324289453,0.010508113679570228,0.2190246430590993,0.01050811367955631,0.3006271719115813
659.0,0.375716032299383,0.007505811955872122,0.373896608062133,0.0076050539768711565,0.3713299006122345,0.007663341015220334,0.3664111325679091,0.007880345528949659,0.36080607941373394,0.008141807560175953,0.3537229702332093,0.00856807332979714,0.3706677246267248,0.007692978995983286,0.37251523681156246,0.007662801988917384,0.3711836329639921,0.007687084388747444,0.3712694216225602,0.007667881636975364,0.3712116777114686,0.007666602464422051,0.3695236815220533,0.007756983928140982,0.3692534155454299,0.007742917327337571,0.14176501635359084,0.01069818379848495,0.23092110887897696,0.010698183798470996,0.3278522333465442
660.0,0.37279245895709473,0.007614010705279924,0.3710023766021295,0.007715356215796658,0.36844515395896443,0.00777548188107139,0.3638126865035212,0.007997817689474666,0.35871801681509086,0.008266148388634311,0.3523081915500473,0.008704299974780571,0.3677542346681592,0.007805956473719143,0.3697214074201863,0.007774307810316434,0.368312108833206,0.007799793530175161,0.36840088427579787,0.0077802096139231065,0.36833042166860575,0.007778860598033201,0.3667073048810184,0.007871262002876073,0.3664488217207445,0.007857076101240567,0.14672279256859586,0.01089369855470231,0.24442641480873592,0.010893698554688283,0.3617621169129128
661.0,0.36990115667269524,0.007724532589833356,0.36812103953804726,0.007828045355245004,0.36568421919105504,0.007890076962074721,0.36144191041070045,0.00811792161208176,0.3568352282140138,0.00839336117512457,0.3510438618065005,0.008843836805005905,0.36503363212876916,0.007921416925822223,0.3669276548897955,0.007888237167957505,0.365583681329932,0.00791497518496592,0.36566121165260734,0.007894999162987753,0.3655803955150307,0.007893577436697052,0.36407973040315667,0.007988062452100144,0.3638380501636316,0.007973757071894558,0.15204348585269165,0.011094888081601185,0.2599564599646524,0.011094888081587076,0.4032714158769388
662.0,0.36706108257880016,0.007837449714082415,0.3653819959295702,0.007943196101654048,0.36313426880310357,0.008007203998077717,0.35929485448794385,0.00824074275653204,0.35514046925862885,0.008523542250547883,0.349917995396477,0.008986801000200157,0.3625477061105521,0.008039439335217726,0.36428134250710875,0.008004666283494636,0.3630719761919521,0.008032707862851983,0.36313337920781136,0.008012328364221158,0.36304380293871424,0.008010830927112746,0.3616792993201568,0.00810746590001599,0.3614550782844527,0.008093040941206957,0.1577740157517979,0.011301995616647543,0.27809383207431204,0.011301995616633368,0.44591385214799734
663.0,0.36440181092236074,0.007952837175091144,0.36286016549197614,0.008060886288526043,0.3608133384109458,0.008126944022812785,0.3573563819305231,0.008366370295962636,0.353617592676167,0.00865679227169828,0.3489200570792653,0.0091333152992772,0.3602950122829392,0.008160106045133498,0.3618482585243673,0.008123674585234027,0.36078879305010375,0.008153073408066314,0.3608333866463767,0.008132278610501815,0.3607361595357657,0.008130702321406058,0.35950370525836034,0.008229556418386987,0.35929606736649616,0.008215011865590559,0.16397057536008242,0.011515278446561064,0.29967252995823934,0.011515278446546845,0.46946667117436636
664.0,0.36196799195911833,0.008070773218963653,0.36056698855712777,0.008181197041409596,0.3587125034309042,0.008249381539829508,0.35560927545494697,0.008494897320335537,0.35225205762170236,0.008793216466295668,0.3480407873235514,0.00928350833323985,0.358260171435974,0.008283502939304818,0.359636529938254,0.008245344878194902,0.35872336585560205,0.008276157177869841,0.3587518354920969,0.008254934784719906,0.35864779478118175,0.008253276353827695,0.35753825059025074,0.008354421712389768,0.3573459383912185,0.008339757642387839,0.17070118773811502,0.011735008935433035,0.3258890267099089,0.011735008935418782,0.4687728945821122
665.0,0.3597594906407397,0.008191339407287222,0.35849160620152043,0.008304212953426659,0.356815413335324,0.008374604709812206,0.35403704438281114,0.008626421053394947,0.3510309811671224,0.008932924894845111,0.3472720110737902,0.009437514982265981,0.35642505085977144,0.008409719633887992,0.35763498590991144,0.008369763525097388,0.35685903845814776,0.008402048232659743,0.35687240599752806,0.008380385448444895,0.3567622098056861,0.008378641428896846,0.35576567401070863,0.00848215331860707,0.3555874392859606,0.00846736990848573,0.17804918836642689,0.011961475644410836,0.3583227674113801,0.011961475644396556,0.4581949074750091
666.0,0.3577622056918385,0.008314620794233216,0.3566173137725627,0.008430022272138196,0.3551048805639509,0.008502705550150747,0.3526247861924043,0.00876104308419068,0.3499430321613363,0.009076032730685676,0.3466064772293195,0.009595476759052896,0.3547721282018449,0.008538849681978586,0.3558275486408325,0.008497020639104916,0.355178693999035,0.008530839538543151,0.3551780273676577,0.00850872304295127,0.3550622276401933,0.008506889821861818,0.354169367091963,0.008612846816094921,0.3540040402444945,0.008597944352060603,0.18611805610275386,0.012194984552601006,0.39805045881891726,0.012194984552586684,0.44599619558030085
667.0,0.3559589963100651,0.008440706115119982,0.3549269719485826,0.008558717098612428,0.353564811723589,0.008633780147709732,0.3513592692682223,0.008898869614320097,0.3489782159549152,0.009222660559718406,0.34603774017513583,0.009757542220699019,0.3532855356453977,0.008670990791710697,0.35419793754767476,0.008627210289221,0.3536665005882292,0.008662628183341414,0.3536527931589584,0.00864004410355771,0.3535318536081443,0.008638117892430193,0.3527342610849908,0.00874660205154267,0.35258079611776527,0.00873158093847598,0.19503824925695276,0.012435860390023475,0.44042139664852414,0.012435860390009157,0.4345263640637439
668.0,0.3543331934960172,0.008569687987311723,0.3534047178225788,0.008690393599634335,0.35218069096015775,0.008767928885824488,0.3502287765211754,0.009040011722147401,0.348127683478796,0.009372934701445361,0.3455600488444454,0.009923867411628965,0.35195121359351794,0.00880624505900002,0.35273101153079695,0.008760430719319397,0.35230824264300636,0.008797515607072247,0.35228236014656816,0.008774449488318457,0.352156672108001,0.008772426312802452,0.35144691020420205,0.00888352337963457,0.3513043963426165,0.008868384151449152,0.20497708879029228,0.012684448094793839,0.46748559564101966,0.012684448094779486,0.4242580003741801
669.0,0.35286951448827747,0.008701663124405085,0.35203627248205877,0.00882515223407921,0.3509396679299355,0.008905256686646252,0.3492229766105606,0.009184585645374702,0.3473835913978332,0.009526987553106728,0.3451682349487662,0.010094616340326892,0.35075673090374976,0.008944719216089787,0.3514131672265956,0.008896784581874933,0.3510913002857008,0.008935607848056125,0.35105400127568676,0.008912044622199779,0.35092391234620174,0.008909920311138526,0.35029543341820724,0.009023719919823196,0.3501630597494488,0.009008463250702774,0.21615337295433584,0.01294111440824579,0.4705711335139766,0.012941114408231426,0.41517138481623495
670.0,0.3515543302284753,0.008836732564738738,0.35080897082498647,0.008963097994564889,0.34983038067287536,0.009045873270059103,0.34833273247316976,0.009332713083468527,0.3467389521512335,0.009684957958877164,0.34485761909278884,0.010269961492922834,0.34969113726417156,0.009086524897165422,0.3502323393949961,0.009036379187558076,0.3500045440857125,0.009077015805894234,0.3499564826080442,0.009052939757978376,0.3498223003246034,0.009050709931688182,0.3492693489968541,0.009167305830836435,0.34914639776371637,0.009151932547430639,0.2288594746979125,0.013206249623462785,0.46232703118492435,0.013206249623448423,0.40713412589953135
671.0,0.3503755785565263,0.008975001915356188,0.3497116296428932,0.009104340665598547,0.34884274878360716,0.009189893430506399,0.34754989742494247,0.009484521521587568,0.34618748264463217,0.009846991606275031,0.3446239272972548,0.01045008438699843,0.3487447723399039,0.009231778922419297,0.3491778045181195,0.009179326771962914,0.34903811658283346,0.009221855522682875,0.34897983368248975,0.009197250255212105,0.34884183191710116,0.009194910312931107,0.3483593445322941,0.009314400604362129,0.3482451931400179,0.009298911699030426,0.24349536230360647,0.01348026950470126,0.4517962244203671,0.013480269504686919,0.4000037464313584
672.0,0.3493225404887335,0.009116581612653076,0.34873431182409353,0.009248995099545628,0.34796782654019554,0.009337437333186425,0.3468671809457138,0.009640144577814983,0.3457234925334354,0.010013241452151498,0.3444632019932713,0.010635176169330986,0.34790904232160286,0.00938060360207808,0.34824002304679186,0.009325744780855618,0.34818323259604933,0.00937024848395516,0.34811517780708895,0.009345096878758959,0.34797361469512483,0.009342641985196364,0.34755712135720895,0.009465129379490919,0.34745121515143795,0.009449526024692591,0.2606211346396282,0.013763617397500599,0.4417537654182844,0.0137636173974863,0.3936535319698187
673.0,0.34838569090383187,0.009261587201055136,0.3478681574613157,0.00939718151187225,0.3471976202654327,0.009488630831217202,0.34627801042396145,0.009799722375673565,0.3453417761427134,0.010183868180865512,0.34437169855631716,0.010825438261695451,0.3471762650509876,0.009533127062046584,0.3474104881253921,0.009475756175460546,0.34743204516036197,0.009522321940983155,0.34735458518723306,0.009496606118460857,0.3472097094131235,0.00949403118937101,0.34685524938980733,0.009619623279648111,0.3467570907084193,0.009603906843587032,0.2810343510709754,0.01405676655193857,0.432801756789057,0.014056766551924338,0.38797661552371626
674.0,0.3475565156081675,0.00941013963119766,0.3471052291611133,0.009549025797248631,0.3465248987450868,0.009643605805520499,0.34577637746013296,0.009963401944096662,0.34503748469177287,0.010359040697515594,0.34434575574383763,0.011021083059288537,0.34653953561104495,0.009689483592982115,0.3466815158947433,0.009629489759443834,0.3467774706958598,0.00967820925622857,0.34669087864893067,0.009651910531762046,0.34654293516870416,0.009649210218460807,0.34624698573470175,0.009778019773912546,0.34615613613997326,0.009762191837556196,0.3058563001537009,0.01436022268456306,0.4249565202972031,0.014360222684548861,0.3828841999101951
675.0,0.3468273025243894,0.009562365579216933,0.3464383156048302,0.009704659868252842,0.3459430609464043,0.009802500529346678,0.3453566949799009,0.010131337647243015,0.34480598502195275,0.010538936659396115,0.34438161822658603,0.01122233468684409,0.34599255653132344,0.009849814024788156,0.34604608678755505,0.009787080529414826,0.3462130175726607,0.00983805027390433,0.3461174775609372,0.009811149111203944,0.34596672408774487,0.009808317783936385,0.34572612977298034,0.00994046306480533,0.34564219643173427,0.009924525440410656,0.3364553231048844,0.01467452680808498,0.4180951240336716,0.014674526808070874,0.37830265078206876
676.0,0.3461909817786708,0.009718397788915594,0.3458607632770289,0.009864222018580917,0.3454459777162834,0.00996546005954693,0.34501365120402994,0.010303691646783858,0.3446426870789661,0.01072374304917615,0.3444751615770877,0.011429429818070904,0.3455294908787673,0.010014266128711645,0.345497691341451,0.009948670050940366,0.34573264558006156,0.01000199171780033,0.3456282520961708,0.009974467678927611,0.34547497606151006,0.009971499408987327,0.3452868785368343,0.010107104504836551,0.34520950111352317,0.010091059256130106,0.37319253422421883,0.01500025836203528,0.4120776840888983,0.015000258362021282,0.3741708224400822
677.0,0.3456409570078719,0.009878375438737456,0.34536631825775677,0.01002785731285612,0.34502779403887457,0.010132636656911075,0.34474201092854395,0.010480634399560056,0.3445427975720377,0.010913656793670866,0.3446214216002002,0.011642618564683996,0.3451448165386865,0.010182995049445651,0.345030119462605,0.010114406862264468,0.3453305854722266,0.01017018761874161,0.3452173253370138,0.010142019310526527,0.34506186244394027,0.010138907851016619,0.34492363548467925,0.01027810304432859,0.34485248159259585,0.010261952508502856,0.4097774622722358,0.015338038682377684,0.406779160006793,0.01533803868236382,0.3704379508799112
678.0,0.34517086829614274,0.010042444535672967,0.3449488956762881,0.010195718005336118,0.34468270524215017,0.010304190238117834,0.3445363294488335,0.010662345193803241,0.3445009220906722,0.011108885432489224,0.34481372669438015,0.01186216544201743,0.34483312199461585,0.01035616376988044,0.3446372081865175,0.010284446908142364,0.3450010977686924,0.010342799774284935,0.3448788253177164,0.010313964790827478,0.344721593153555,0.01031070355594274,0.3446307602031923,0.010453625713287354,0.34456551802946256,0.01043737252499451,0.42982354279655477,0.0156885348536439,0.402095180877773,0.015688534853630174,0.3670621770929832
679.0,0.34477431646590573,0.01021075833842872,0.3446022814461361,0.010367963990047349,0.34440463929767584,0.010480288862106,0.34439052233382167,0.01084901272745182,0.34451037549626806,0.011309647841309443,0.34504197649290114,0.012088350419021883,0.34458882524968576,0.010533943611414992,0.3443124959228745,0.010458954006441342,0.34473814067178915,0.010519998243522576,0.3446065432904546,0.010490473104439211,0.34444809623041006,0.010487055147135162,0.3444022147810322,0.0106338481403786,0.34434257485326286,0.010617495257922483,0.43009518991899665,0.01605246399367366,0.3979406541680948,0.01605246399366015,0.3640097772458498
680.0,0.3444444638998245,0.010383477812427365,0.3443196989648299,0.010544763285130978,0.34418673934733285,0.010661109253961345,0.34429712293693954,0.011040835732464527,0.3445618936540581,0.011516175015055934,0.34528899388050566,0.012321470061369723,0.34440575172381604,0.010716514773042857,0.34404865877569935,0.01063810035042989,0.3445348468478385,0.010701961880161863,0.34439338183400275,0.01067172196420027,0.3442344985265351,0.010668139952103094,0.34423098388032586,0.010818955112383885,0.34417661403137684,0.010802505846333271,0.42207019221237285,0.016430598028671764,0.39424684285894895,0.016430598028658438,0.3612553808714901
681.0,0.34417335318326936,0.010560772119464627,0.3440930662820039,0.010726292554470974,0.3440204600415748,0.010846837369736784,0.344245887503553,0.011238023649454537,0.34464103119782974,0.011728710916843401,0.34552254842562824,0.012561838777437067,0.3442764125157592,0.010904066912760291,0.34383650282161704,0.010822067049979156,0.3443825884694974,0.01088887890737506,0.3442303685633416,0.010857898380984329,0.34407220768090857,0.01085414457037807,0.3441080211534295,0.011009141177865028,0.3440585276190417,0.010992599222337364,0.41252558595594924,0.016823769025255765,0.390958665606207,0.01682376902524269,0.3587839330742202
682.0,0.34395069064733197,0.01074281914514006,0.3439116255133927,0.010912737669993327,0.34389387228431373,0.011037669005983708,0.34422099476446555,0.011440797357436064,0.3447226009005634,0.011947513399216047,0.3456801682152722,0.012809790178120197,0.34419064964011425,0.011096799775221874,0.343663051373923,0.011011044715237063,0.34426918921010613,0.011080947538287417,0.3441047844277037,0.011049199278686396,0.3439491822622725,0.011045265486397525,0.34402021785479503,0.011204611299164132,0.34397506264750843,0.01118798076605679,0.403520990800974,0.017232875156726467,0.38803281743892565,0.01723287515671364,0.35659571528372147
683.0,0.34376148889338454,0.010929806067504278,0.34375923649845247,0.011104294318382453,0.34378821681193167,0.011233810458176332,0.344195107746618,0.011649389964005507,0.3447589164009611,0.012172855204964353,0.3456683693461624,0.013065678562797035,0.3441329242569473,0.011294923869990602,0.34350762746807567,0.011205234086712607,0.344175281664111,0.011278376646382706,0.34399635037447035,0.01124583215862199,0.3438464181610436,0.011241709731602248,0.34394620981145,0.011405581557312744,0.343904532771797,0.011388867013792034,0.3955316775345231,0.017658887393266407,0.3854371304699512,0.0176588873932539,0.354711176755191
684.0,0.3435811783816392,0.011121929970725688,0.34360871581111135,0.011301168656359188,0.3436705834436469,0.011435479232662108,0.3441170070675915,0.011864047661873225,0.34466284201248826,0.012405025055647806,0.3455039521107173,0.013329880545289377,0.34407659604212226,0.011498661205199937,0.3433335678472403,0.011404846716130273,0.34406656802909047,0.011481386490573118,0.34386911705833545,0.011448015818031166,0.34373048063346046,0.011443695600416585,0.3438474545706313,0.011612279914923071,0.3438076995646975,0.011595486424517396,0.38860381870160704,0.01810285702055679,0.38315190738706123,0.018102857020544656,0.35313347012634444
685.0,0.34336537869041955,0.011319398507988744,0.343410138076983,0.011503578019113461,0.3434794775646179,0.011642904817282319,0.3438949415758759,0.012085030658332326,0.34434841694517687,0.012644328836918234,0.3454585395745762,0.013602796835446214,0.3439721287089843,0.01170824608197956,0.34307309850114603,0.011610105702889407,0.34387894611227166,0.011690209500199385,0.3436557357064925,0.01165598112789404,0.34353885640935633,0.011651453425294726,0.3436518711257954,0.01182494704270011,0.34361123931411713,0.011808080210384628,0.3826535750680437,0.018565924108884985,0.38117401794143724,0.01856592410887328,0.351738767615293
686.0,0.3430333686841849,0.011522430618289937,0.34307474829153445,0.011711751686987315,0.3431139575855264,0.0118563295163762,0.3434456480412122,0.012312614185010716,0.34396049269130013,0.012891090890827923,0.3456969809059313,0.013884854193992923,0.3437321229282801,0.011923925955593048,0.34262767709766184,0.011821246491495581,0.3435117119955605,0.011905091125818683,0.3432487022445419,0.011869971875845745,0.34316988138120086,0.011865226416592448,0.3432545648066212,0.012043837215845635,0.34321036072974,0.012026903237553737,0.37743068085403975,0.019049327075790552,0.37951668211181,0.019049327075779318,0.35039662494198603
687.0,0.3424871065002535,0.01173125730231091,0.3425176570163765,0.011925931716069442,0.3425341304217293,0.012076009356529619,0.3429348788462897,0.012547089596107008,0.34381849638828943,0.013145655426552615,0.346157275152037,0.01417650758061025,0.34328280712978604,0.012145962369911348,0.3420141730449743,0.012038517735931027,0.34294823448968054,0.012126290762297019,0.34262225777823013,0.012090245680631922,0.34258869437722245,0.012085271573674474,0.3426759591090832,0.012269219287343376,0.3426335618840174,0.01225222500439325,0.3726366971272662,0.019554413510414818,0.37815654354400835,0.019554413510404052,0.3491157128188197
688.0,0.34181286318494186,0.011946122463124119,0.3418898486991865,0.012146373839000052,0.3419956216828212,0.012302215070154799,0.34269081568284665,0.012788765564284614,0.3439797627045593,0.013408388062373232,0.3467594708704434,0.014478242517882224,0.3427907302364835,0.012374631972606654,0.3415304693334004,0.012262182237609413,0.342465253286017,0.012354082751473693,0.3420653845413472,0.012317074985286,0.34205822848930245,0.012311860674403336,0.34223174774600146,0.012501377745924531,0.3422011920394426,0.012484330704908697,0.3682103969447701,0.020082652457900703,0.37695513533048264,0.020082652457890586,0.3479322106681823
689.0,0.3413477075321481,0.012167283818135661,0.34152251849317417,0.012373348443003914,0.34177419610589116,0.012535233164811749,0.34275967351814296,0.013037969384498221,0.34434370793994834,0.0136796775133765,0.3474571884126541,0.014790577696827947,0.34255951200624546,0.012610227619314879,0.34136952477739935,0.012492517964321444,0.3423018414325999,0.012588757472510415,0.34184607839145864,0.01255074813704198,0.341847661124769,0.01254528135098378,0.34212092079405415,0.012740613867426826,0.3421025377173789,0.012723522386184108,0.3641691131422721,0.02063564839859924,0.3758215885926107,0.0206356483985898,0.3468643873466651
690.0,0.34121643315053957,0.012395013889403693,0.341474564144887,0.012607141632981593,0.3418402910987443,0.012775367087112953,0.3430336052649645,0.013295048397283385,0.34483391029499916,0.013959937441184764,0.34822367835176143,0.015114067853294437,0.34262265966922195,0.012853059575988951,0.34145887692484606,0.012729819158444521,0.34240732359612225,0.01283062252899629,0.34191708887403366,0.01279157056294461,0.3419217882523566,0.012785838261078413,0.3422675748996896,0.012987246969304065,0.34225788218597925,0.012970120209669563,0.36049954739850354,0.02121515720092985,0.37477840289190917,0.02121515720092114,0.34591885435633823
691.0,0.34131845205351985,0.012629601080298843,0.34163661296013553,0.012848056388410679,0.34208471739087987,0.013022938491110927,0.34343321644978403,0.013560371544465917,0.34540755875779766,0.014249608484142263,0.3490397037904415,0.015449306948608674,0.34287715814555414,0.013103456829777156,0.3417007282258692,0.012974397543668257,0.3426781226250931,0.0130800040429683,0.34216625333033945,0.013039866051191167,0.342171996710182,0.013033854364178789,0.342571037459504,0.013241615779221512,0.3425677821688421,0.013224463827342478,0.35717131833882637,0.021823104380367025,0.3738543671381269,0.021823104380359188,0.34509725087139564
692.0,0.3415605463841802,0.012871350847411851,0.3419253953077832,0.013096413823850064,0.3424385097169097,0.013278288622267357,0.3439138578599645,0.013834331071878899,0.34603756777808187,0.014549160488817853,0.3498857855744382,0.015796931692673787,0.34324830152994,0.013361768520017636,0.34203795085354277,0.01322658364059844,0.34305112292397344,0.013337248067244019,0.3425247969165243,0.013295978149458544,0.34253035752394184,0.013289672314425153,0.34297234063640303,0.013504079930017112,0.34297431779559967,0.013486913885125342,0.35415147098228006,0.022461606062508976,0.37306124720329964,0.022461606062502082,0.3443993717577262
693.0,0.3418896527447745,0.013120586977678685,0.34229386173725274,0.013352554564028302,0.34286208174016447,0.013541779829473119,0.3444465528965431,0.014117344395540743,0.34670070380065077,0.014859094966485843,0.3507345785654652,0.01615762545326726,0.3436930737021275,0.01362836550237916,0.34243689917755354,0.01348672820286711,0.3434894320788197,0.013602722128870913,0.3429532378100811,0.013560271692859218,0.3429577789268567,0.013553655982453677,0.3434365082638534,0.01377502159484455,0.343442977153687,0.01375785366749418,0.3514096392998736,0.023132993128532314,0.37240169200400347,0.02313299312852651,0.34382452026332916
694.0,0.342272635165711,0.013377652981902537,0.3427112378090159,0.013616840245844291,0.34332718190256917,0.013813797219145328,0.34500531433198234,0.014409856149882884,0.34736842376721094,0.01517994780147457,0.3515383204240882,0.016532122601800463,0.34418177262768834,0.013903642060817062,0.34287188612571995,0.01375520378681672,0.3439655345658977,0.013876816918105571,0.34342322744155956,0.013833134475754415,0.3434261517492969,0.013826192120421136,0.3439365646338632,0.014054847278062095,0.34394690034819586,0.014037690898979145,0.3489193392405192,0.023839839120366066,0.37187475052530655,0.023839839120361504,0.3433720990547053
695.0,0.34268130360553406,0.01364291361723102,0.3431494167827247,0.013889655161149487,0.3438049410892003,0.014094750467212739,0.34555673571816464,0.014712340439072292,0.34799456428276127,0.015512292242007845,0.35220244434044845,0.016921213353409625,0.3446852062396992,0.01418801778388655,0.34331464992188354,0.014032406469468808,0.34444986206462047,0.014159948139173966,0.34390563175740285,0.014114979083464861,0.3439064969885796,0.014107692186162063,0.3444424369855272,0.014343989779441584,0.3444558569773001,0.014326859720287615,0.346657976603258,0.024584992605591664,0.3714783116514449,0.02458499260558842,0.3430418696619848
696.0,0.3430809015850399,0.013916756552717338,0.3435715222427044,0.014171408055936767,0.34425397512411005,0.014385075806841443,0.34604505945932074,0.015025303315295158,0.34849148174782074,0.015856742208489878,0.35253204050298503,0.017325749168176387,0.3451627219163092,0.014481939624107805,0.3437226711326031,0.014318757731369631,0.3448985291425763,0.014452558541169655,0.3443585197671188,0.014406244901994682,0.3443570002595315,0.014398594344492486,0.34490828580895533,0.01464291035156865,0.3449234735964824,0.01462582285910397,0.34460647845173703,0.025371614854811163,0.37121014227982957,0.025371614854809446,0.34283406126871485
697.0,0.34341485970109026,0.014199594193890134,0.3439151936456989,0.014462534103576279,0.34460068112610187,0.014685238212096227,0.3463630576341356,0.015349285511130718,0.34868287033875117,0.016213955959212892,0.35219675171549897,0.01774664879078624,0.34554315608051617,0.014785884161541524,0.344018671264718,0.014614706523057859,0.3452321251863317,0.014755120149864402,0.3447071351675905,0.014707400326268395,0.34470303039529987,0.014699365666045171,0.34524986264743596,0.014952101072954393,0.34526423429307196,0.014935074018295068,0.3427488557629726,0.02620322387543305,0.37106833994062965,0.026203223875433106,0.342749407840039
698.0,0.3435764216061102,0.014491865684315366,0.3440608695828221,0.014763497072044676,0.34470164777304313,0.014995733800427595,0.3463026321174191,0.015684865456905187,0.3482705668573596,0.016584640159318875,0.35109130414382944,0.0181849050183336,0.345687614946055,0.015100360095576722,0.34405247488568086,0.01492073153637498,0.34529512988714256,0.015068136723990013,0.34480575850136597,0.015018945190118187,0.3447990532030064,0.015010504546741858,0.34530213932442544,0.015272087462425624,0.3453106017084258,0.015255140507332964,0.3410717978391754,0.027083746086541495,0.37105153618011755,0.027083746086543552,0.34278914865593296
699.0,0.34336564319249907,0.014794039104491808,0.34379018899745156,0.015074791707752132,0.344309852726924,0.015317092479979392,0.3455881410579038,0.016032662618286567,0.3471433456634878,0.016969554405684383,0.34995185073787244,0.01864159230067151,0.3453415826062444,0.015425910992206655,0.343582300541395,0.015237343704686325,0.3448240782535183,0.015392146462753985,0.3444053349485667,0.015341413444421964,0.34439588458355636,0.015332543374149337,0.3447999116095296,0.015603431363880128,0.34479581268696685,0.015586586146304269,0.33956432651667917,0.028017577224391025,0.37115899108533673,0.02801757722439528,0.3429550057755855
700.0,0.34255185496495116,0.01510661389113823,0.34290000268047655,0.0153969463616257,0.34328897547816856,0.015649880871300325,0.34436276568492696,0.016393341194446118,0.3459647741547099,0.017369516268399117,0.34949153962388224,0.019117875295142243,0.3442783825502283,0.0157631183178572,0.3425500806800691,0.015565088959364369,0.34369842771794856,0.015727724995063003,0.3433787291979887,0.01567537611344119,0.34336411079029633,0.01566605147059108,0.3436871340048212,0.015946734134568884,0.34367430097402285,0.01593001447599852,0.3382175129384137,0.02900965445661595,0.37139064037068076,0.029009654456622666,0.343249137261405
701.0,0.3413560590824065,0.015430123503058234,0.34173103591959647,0.015730525886643115,0.3421555072019676,0.015994705537195245,0.3434106595436555,0.01676761422302164,0.3454270528201317,0.017785406918906402,0.3496843289004392,0.019615018518318254,0.3429102433952545,0.016112604795221856,0.3415389518582675,0.01590455127368461,0.3424951172748099,0.01607548868522154,0.342257610932436,0.0160214445636372,0.3422336010233222,0.01601163834708857,0.34260224606264733,0.016302640174795224,0.3425964851271307,0.01628607231234999,0.33702425149581017,0.030065542181729566,0.3717471232098331,0.030065542181739183,0.34367404688348957
702.0,0.34050666564883314,0.01576513836338343,0.3410024466781387,0.016076134840094587,0.3415735622607422,0.016352216559273772,0.34312735595791755,0.0171562481450104,0.345519234835922,0.018218177425937638,0.35030705204910423,0.020134397262237654,0.3420462018039715,0.016475038121654,0.34110211286706926,0.016256356029682787,0.3418847947686301,0.016436098294858894,0.34169550910020724,0.016380274124152026,0.3416620664562318,0.01636995730707922,0.3421302491197428,0.016671840842417,0.3421368452114257,0.0166554536890712,0.3359790836836062,0.03119153463447409,0.3722298040592906,0.031191534634486928,0.34423239473769146
703.0,0.3402811179807362,0.016112269112180763,0.34088513460060094,0.016434421028595457,0.3415811990869749,0.016723111505362678,0.34336298075277905,0.017560067890794184,0.34602371896371376,0.01866885581344133,0.35120844644889315,0.020677509972458808,0.34186013155220507,0.016851135096607482,0.34120078711595153,0.01662117374863429,0.3418798492092855,0.01681026304664832,0.34171858559926044,0.01675256810385715,0.3416782506037547,0.016741709444536002,0.3422249438245455,0.017055078801953324,0.3422409790159036,0.017038904238808272,0.3350780649806272,0.03239477925570361,0.37284079418511346,0.03239477925572012,0.34492656508295816
704.0,0.34051220231561913,0.016472170208266943,0.3411922557642488,0.016806079439385,0.34197757245389776,0.017108139838491493,0.34392575768223727,0.017979962557975033,0.34679167352832996,0.019138554990186463,0.35230418745135605,0.021245992321200162,0.3421419504235107,0.017241666211549087,0.3416434277243113,0.01699972423176925,0.34227022991515155,0.017198745142154602,0.34212612474477777,0.017139082256537166,0.3420807522010029,0.017127648087731123,0.34268416249075023,0.01745315286559168,0.3427070176402547,0.017437226070738315,0.33431866893016404,0.03368342588478267,0.373582973595338,0.03368342588480332,0.3457576372822659
705.0,0.34102781759272455,0.01684554392472509,0.3417644059282349,0.017191856607880248,0.3426187308518076,0.017508107825816265,0.3447011694175776,0.018416891762864027,0.3477406283595304,0.019628481679121956,0.3535472318531004,0.021841633252302217,0.3427160832627279,0.017647460763883918,0.34230414503110634,0.017392781164786736,0.34290959015152284,0.01760236479408265,0.34277613224680736,0.01754062975358037,0.34272671694817713,0.0175285837476339,0.34337518961504365,0.01786692339218422,0.34340348700772316,0.017851283211431396,0.333699723743877,0.0350668082862995,0.37446000833481896,0.035066808286324976,0.34672313473483535
706.0,0.341728690697426,0.017233144789212597,0.34251180184308316,0.017592555478970356,0.34342524085691095,0.01792388401482104,0.3456267125346293,0.018871892760642873,0.3488248773263977,0.020139946496515557,0.35491044075498346,0.022466393327536208,0.34348335328923585,0.018069412565965844,0.34311437470608214,0.017801177247868213,0.343717363223026,0.018022005842506496,0.3435903511827767,0.017958086732699826,0.343537403927921,0.017945389639020447,0.34422537631470035,0.018297318320655235,0.34425845618564016,0.018282007686272177,0.33322137775517857,0.036555666462458676,0.3754763473898649,0.03655566646248963,0.3478149983406985
707.0,0.34256107144526815,0.01763578452786077,0.3433856712108569,0.018009040828354222,0.3443536164550122,0.018356405354697094,0.3466674477214645,0.01934608844483588,0.35001812559059464,0.02067437535715461,0.35637768723124447,0.023122425768154004,0.3443895378560682,0.018508486331488654,0.34403649990839363,0.01822580992244482,0.34464931684053884,0.018458622035614134,0.3445258937141062,0.018392398501981093,0.34446967538848616,0.018379007853061024,0.345194649775715,0.01874533992643155,0.3452322144286971,0.018730406331083683,0.3328850908407558,0.03816242081429194,0.37663715845205625,0.0381624208143292,0.34903321205352467
708.0,0.34349494506551054,0.018054337580614015,0.34435855717212815,0.018442245320585894,0.34537907900024495,0.018806684053258086,0.3478030183981603,0.01984069635528902,0.3513047070640608,0.021233322413429498,0.3579392739825656,0.023812100664426183,0.3454039130663762,0.018965724834806425,0.3450490034939654,0.018667647777220155,0.3456801620922797,0.018913244068442428,0.34555829341119343,0.018844586491263374,0.3454989298684831,0.01883045627277176,0.34625999081629405,0.01921207240392444,0.3463019306659098,0.019197568438214536,0.3326936494620931,0.03990151276677029,0.3779480984086142,0.0399015127668149,0.35041459369518785
709.0,0.34451278821215886,0.018489747266496923,0.34541431704946646,0.018893176292714284,0.3464869384702427,0.019275815274487903,0.34902115154731284,0.020357038845984582,0.3526750783730988,0.021818484774141497,0.3595894918004355,0.024538032922939965,0.3465083186912834,0.019442256954433943,0.34613908060199877,0.019127737729235674,0.346794856223852,0.019386987488388564,0.34667303267514754,0.01931575605791055,0.34661057263745015,0.01930083633764383,0.3474076584559808,0.019698690395198323,0.34745396572877896,0.019684674358693942,0.33265120319228536,0.04178983135462493,0.37941465407664043,0.04178983135467802,0.35199769233947903
710.0,0.34560399392832647,0.018943032689850627,0.3465431527284878,0.019362923366857018,0.34766822367497285,0.01976498579932026,0.3503143226099569,0.020896554590506714,0.35412344681312596,0.022431719294896253,0.36132522119760113,0.02530311464140902,0.3476916797680539,0.019939306730640385,0.34729889560397675,0.019607213091502228,0.3479841807939512,0.01988106159448401,0.34786124131099827,0.019807105271900112,0.34779568631156,0.019791341781501156,0.3486292342053856,0.020206468605330322,0.3486799621562582,0.020193005202721135,0.3327633204264996,0.043847252051019935,0.38104047659568163,0.043847252051082884,0.35379260858192124
711.0,0.346762009706076,0.01941529649343813,0.3477390049022095,0.019852667012199367,0.34891739600979704,0.020275483793093553,0.35167793361470573,0.02146081163478409,0.3556464239927194,0.023075061787869833,0.3631451399554834,0.0261105527498564,0.3489471166559222,0.020458203589306632,0.3485236239416715,0.02010730265742612,0.34924242900158686,0.020396779479107174,0.34911744707026654,0.020319934826454417,0.3490487671761953,0.020303268488760476,0.34991954087668076,0.020736792669295314,0.34997478256272496,0.020723953805442015,0.3330370602452863,0.04609732366666253,0.3828246280711678,0.046097323666737,0.3558027846327775
712.0,0.3479827716464278,0.019907733581953767,0.34899814876919893,0.02036368819732468,0.35023109558489296,0.02080870984803379,0.3531092957822311,0.022051522245084207,0.3572422499248855,0.023750749066993333,0.36504923910131154,0.02696391294333359,0.35027038616827255,0.021000393910845176,0.3498103528189371,0.020629340954560565,0.3505661239828244,0.020935569386750893,0.3504383359563398,0.020855659245904035,0.35036647904605944,0.020838025639523156,0.35127546651265107,0.021291171464379442,0.3513353426021981,0.021279037154576453,0.3334810557878573,0.04856815274944777,0.384766387412294,0.048568152749535805,0.358035551702709
713.0,0.3492638430686685,0.020421640960480884,0.35031839613263105,0.0208973792981704,0.3516074016788294,0.021366189499002496,0.35460703468674154,0.022670559845650994,0.3589103359558103,0.024461244328280646,0.3670385175537362,0.027867171165403912,0.35165898226977466,0.021567454154971754,0.3511574450057228,0.021174779846903854,0.3519532653382243,0.021498987595605406,0.351822022337009,0.021415819593026245,0.3517469191561609,0.02139714834423284,0.3526952863724975,0.021871251097226985,0.35275994026495583,0.021859910512098124,0.334105601335451,0.05129355456859012,0.3868948041145277,0.05129355456869436,0.36050258049567974
714.0,0.35060389231807165,0.020958428857552242,0.35169860755087384,0.0214552564561381,0.3530454052351419,0.021949587446720042,0.3561707105248382,0.023319978396784503,0.36065096384451345,0.02520926646809628,0.3691148143046901,0.02882477419742719,0.35311159057347075,0.022161105790677732,0.35256416943938707,0.021745201697019354,0.3534028951279796,0.02208873306524202,0.3532676274909993,0.022002097914912692,0.35318919449430974,0.021982312005124734,0.3541782644389016,0.022478830837023733,0.35424785894751437,0.022468383505242086,0.3349227291993048,0.05431456858928545,0.38926379520148985,0.054314568589408814,0.3632192301033442
715.0,0.3520023745996445,0.021519633332585143,0.35313840979627004,0.02203897361606048,0.3545449412809119,0.0225607237661523,0.35780060436451366,0.02400203463300632,0.3624651143553707,0.02599782406972636,0.3712806881715658,0.029841711284817357,0.35462777100111065,0.02278323232742373,0.3540304547186731,0.022342334337893965,0.3549148179841542,0.02270666413906877,0.35477501298297376,0.02261633371092014,0.3546931540542415,0.022595348685809816,0.3557243877678039,0.023115881317740335,0.3557991034079468,0.023106438514367174,0.3359462503757728,0.05768147929138163,0.39190476887471465,0.05768147929152812,0.36620427049187676
716.0,0.35345934387436734,0.0221069306037252,0.35463801010693946,0.02265033851621139,0.3561064113285887,0.02320159243050909,0.3594975653690283,0.024719213665351836,0.3643543533591647,0.026830254947316896,0.37353936449724656,0.030923599212826544,0.3562077440147524,0.023435898800292544,0.35555674731730963,0.0229680681512164,0.3564894232608893,0.02335481764536378,0.3563446061734289,0.02326054276029369,0.35625921341047323,0.023238265823892747,0.3573342167035907,0.023784565394985517,0.3574142526033552,0.023776251748871276,0.3371917076256619,0.061456548289546706,0.39483555787553853,0.0614565482897211,0.3694798927963509
717.0,0.354975319112348,0.02272215337596277,0.35619807429678674,0.0232913309540657,0.35773068721184187,0.02387438254559572,0.3612629207173131,0.025474258555786205,0.3663207575812278,0.027710272334736708,0.3758947121225233,0.03207678386471847,0.35785225673657567,0.02412137413106412,0.3571439175744066,0.02362447560559017,0.35812758466807465,0.02403543080793289,0.35797730529967964,0.023936938712934095,0.3578882590486071,0.023913267686805875,0.35900878070074527,0.02448726211962212,0.35909435389376915,0.024480217480271627,0.33867613392642515,0.06571776424311501,0.39807767703544333,0.06571776424332355,0.3730717987674177
718.0,0.35655120688571995,0.02336730950256984,0.35781966172633695,0.02396412371425326,0.35941903353548116,0.024581502767948956,0.36309842540381637,0.026270204600395575,0.3683668872535614,0.028642019056574788,0.3783512390036018,0.03330846210027472,0.35956250753794966,0.024842156872034487,0.35879319341164084,0.024313833677553513,0.359830578168201,0.02475096645982217,0.3596744011752516,0.024647957927455073,0.3595815701998505,0.024622780050970194,0.3607495104141572,0.025226594384430857,0.3608408577785446,0.02522097599734395,0.3404173797829073,0.0705640753868336,0.40165937319423567,0.07056407538708438,0.37700911895895295
719.0,0.3581882538207172,0.024044603377721078,0.35950416937527485,0.02467110662188017,0.361173069834599,0.025325609476944143,0.3650062221792066,0.027110419218062405,0.3704957600825948,0.029630131334349677,0.3809141254708155,0.03462682884547979,0.3613400821365399,0.02560100494392254,0.3605061326025595,0.025038649663299446,0.36160004740784474,0.025504142154916677,0.36143754240662057,0.025396288139940843,0.3613407830242252,0.02536947868271576,0.3625582078472006,0.02600546091632365,0.3626555872072739,0.02600144596653805,0.3424324586360698,0.07612282425685941,0.4056149250764401,0.076122824257163,0.3813237333875518
720.0,0.3598880077461634,0.024756460537496982,0.36125330985564186,0.02541491427867282,0.36299474914967045,0.02610963939060391,0.3669888343463337,0.027998648541514033,0.37271085959975053,0.03067981428313427,0.38358925946673517,0.03604125567235867,0.3631869326102506,0.02640097010856907,0.3622845951914211,0.025801690993711043,0.36343797663941463,0.026297963897673887,0.3632687121005491,0.026184901669522958,0.3631678678053544,0.026156322320911363,0.3644370176859216,0.02682707343082665,0.36454070942517247,0.026824862027776515,0.3447335931267158,0.08256052332734441,0.40998298285517076,0.08256052332771488,0.38604812075285755
721.0,0.3616523100909945,0.025505556044018426,0.363069097410158,0.02619845815577871,0.3648863422123151,0.026936847463270196,0.36904916158341794,0.028939072059403576,0.3750161482032244,0.03179693166909307,0.38638330429247936,0.037562508993697986,0.36510535827276963,0.027245438078054646,0.3641307386145766,0.026606019794916988,0.3653466777919355,0.02713576536714044,0.3651702141867947,0.027017094019359898,0.3650651144940473,0.026986591012205036,0.36638842572413644,0.027694999945428435,0.36649873549569606,0.027694818639062497,0.3473190467240301,0.09009881623853962,0.41480269643237927,0.09009881623899611,0.3912098515051993
722.0,0.3634832827761121,0.026294847347990827,0.3649538405466395,0.02702496386146071,0.3668504447699693,0.027810851088588995,0.37119048844575026,0.02993636697662432,0.37741609222037,0.03298811316331369,0.38930377888291484,0.03920301847399786,0.3670980022228271,0.02813817536313116,0.3660470197467138,0.027455033097788024,0.36732879680013825,0.028021253706242723,0.3671446806875937,0.027896528922056994,0.3670351400377815,0.02786393083828578,0.3684152616851712,0.028613215474007272,0.3685325223594243,0.028615321413378688,0.35015576523990555,0.09903868672850924,0.4201038607442762,0.09903868672907823,0.39681866650142705
723.0,0.36538333347419466,0.027127612474607935,0.3669101530739699,0.027898014582004246,0.3688899813988763,0.028735681863815643,0.3734165085581991,0.03099578436557014,0.3799157067596756,0.03426088319145717,0.3923591587939781,0.040977209613195564,0.36916786356612186,0.02908338421698856,0.36803619897925266,0.028352509801405974,0.3693873163061781,0.028958563192194888,0.36919507558586756,0.028827291117770854,0.3690808920333769,0.028792406311290302,0.3705207082384519,0.02958616160914025,0.3706452832929871,0.02959084748171841,0.3531794967281433,0.10979812344119068,0.4258821885336899,0.10979812344191003,0.4028378392909135
724.0,0.3673551656133606,0.028007494564599222,0.36894096045369823,0.028821601919992525,0.37100822394491373,0.029715846465049885,0.37573134621001564,0.03212323970067373,0.3825206002397299,0.03562381661055689,0.3955590079829613,0.0429019190520007,0.37131830680665784,0.030085767350628335,0.370101361489489,0.02930266574909343,0.3715255773649826,0.02995231841339142,0.37132471495023467,0.02981394845546364,0.37120566839748287,0.029776562012458117,0.3727083271285854,0.03061881686028192,0.372840613914205,0.030626416784822866,0.35643491261412763,0.12297229381017731,0.43203939331812347,0.1229722938111023,0.409125555155243
725.0,0.3694017898796993,0.028938554036728514,0.37104952174187333,0.029800185638931376,0.37320881638496095,0.030756398555921882,0.37813959945143444,0.03332542103899525,0.38523704434619915,0.03708672793874826,0.3989141288711512,0.044996917502210056,0.37355309094503647,0.031150604503795466,0.3722459331777983,0.03031021859636361,0.37374730183180227,0.03100770897183322,0.3735372911311422,0.03086162529194293,0.37341314162454264,0.030821495429084775,0.3749820806328638,0.031716780077094865,0.37512251417982156,0.03172767666743934,0.36021407007140926,0.13943217201684355,0.4382500634585199,0.13943217201805666,0.4153347164942178
726.0,0.3715265500667984,0.0299253299341381,0.37323945366219036,0.030838764184621222,0.3754958013608624,0.03186302412896378,0.3806463817809236,0.034609918980955084,0.38807204808499646,0.038660902854112375,0.40243675779134463,0.04728557410151431,0.3758763976848019,0.032283843477801194,0.3744737123014049,0.03138046455847285,0.37605662263634926,0.03213057823411711,0.375836901153696,0.03197608965482055,0.3757073865429172,0.03193294343076586,0.3773463722479018,0.0328863698803524,0.3774954301683838,0.03290100275525016,0.36474872622451604,0.16048937386591255,0.44374197167743146,0.16048937386754064,0.42081266724403993
727.0,0.37373314567968435,0.030972912393035488,0.37551475958958624,0.03194295831518618,0.3778736629825173,0.03304214329241507,0.38325738034678897,0.03598538368645755,0.39103345423659547,0.04035938335409609,0.4061407920035807,0.049795708602825534,0.3782928709354607,0.033492208910536045,0.37678890217241084,0.032519369648428983,0.37845812614297825,0.03332752930362295,0.3782280896741537,0.033163857268627174,0.37809292320938376,0.03311738545167568,0.3798060872620853,0.03413474379088575,0.3799642945980903,0.03415361988033188,0.3700893025134084,0.1881712551014539,0.4472813298625242,0.18817125510369742,0.4247025453999998
728.0,0.3760256676255337,0.032087028653028156,0.37787987108921284,0.0331191107649677,0.38034736757451143,0.03430103231044324,0.38597892393186195,0.03746171572836124,0.39413005347809305,0.042197321597936356,0.41004207597423487,0.052560695924035755,0.3808076669350325,0.03478333294986867,0.37919615195980716,0.03373367869126825,0.38095689506299735,0.03460605222989185,0.38071589096954417,0.034432316364698616,0.3805747583009171,0.034382167257188116,0.3823666461717317,0.035470041749078446,0.38253458194634976,0.03549374784684605,0.37625235719120215,0.22564796664939074,0.4481871883295024,0.22564796665256326,0.42658988965191214
729.0,0.37840863708461775,0.03327414564724014,0.38033968881543306,0.03437440563559554,0.38292242208875993,0.03564797074330303,0.3888180615350382,0.03905029957183401,0.3973717193176094,0.0441924224338182,0.41415874706604844,0.05562091398357297,0.3834265081129784,0.0361659131286865,0.3817006081055088,0.03503104627751616,0.38355856930246895,0.03597467757446312,0.38330588871559235,0.03578987826917669,0.38315844452221837,0.03573565023366667,0.3850340688400118,0.03690156003502681,0.3852123729027083,0.03693077817867482,0.3832718348767266,0.27766310457518917,0.44752506701546774,0.277663104579731,0.4271992923278926
730.0,0.3808870517014768,0.034541593012512695,0.3828996402968351,0.03571701220942265,0.3856049367386133,0.03709241990110965,0.39178266201958634,0.04076429116496868,0.4007695758045886,0.04636550151659827,0.41851166401387935,0.05902566481229005,0.3861557559580645,0.03764990425929273,0.3843079697485887,0.036420194967346484,0.386269409848735,0.03744316290740613,0.3860042795995555,0.037246160178400864,0.38585014363157916,0.03718739253725258,0.38781504674124745,0.03843996334667248,0.3880044283329821,0.03847548978238845,0.3911847706220291,0.3494748563280921,0.4465376415355797,0.3494748563342765,0.4272017437251454
731.0,0.38346644340894126,0.03589771140765209,0.38556574047428605,0.03715625919761496,0.3884017024204128,0.03864524063982772,0.394881525387198,0.04261897478589986,0.4043361930609288,0.04874119560825884,0.4231249377493834,0.06283575769796035,0.3890024888395112,0.03924675318163806,0.3870245608048853,0.03791110757328805,0.3890963806508167,0.03902272074398993,0.3888179530231175,0.03881220841137401,0.38865670543336195,0.03874837029331006,0.39071703498025456,0.04009754513060423,0.3909182825536739,0.04014031385799516,0.3999891713397312,0.43662788839229294,0.4438543290097062,0.4366278883984898,0.4248395912469415
732.0,0.38615294139967943,0.03735203240693254,0.3883446685373824,0.03870284718124423,0.3913202825788358,0.040318960959118716,0.3981245234835624,0.04463220931009952,0.40808583159622996,0.05134887541519301,0.42802658975508456,0.06712703309116214,0.3919746018925737,0.04096968791021573,0.38985740867617097,0.0395152623684794,0.3920472425133128,0.040726299028324295,0.39175458443082994,0.04050077295066066,0.39158576037824666,0.04043124952584996,0.39374835465183344,0.0418885494168341,0.3939623474645419,0.041939661632945165,0.40959408574836104,0.4939431789916093,0.43429547663315865,0.49394317899171225,0.41507207533105217
733.0,0.38895335229803085,0.038915498067155316,0.3912438561913596,0.04036910933898433,0.3943691195221169,0.04212810714898625,0.4015227618778878,0.046824991018990986,0.41203473288344256,0.05422383113390137,0.43324937773741906,0.07199524637035162,0.39508092069334205,0.04283407640236018,0.3928143427847907,0.041245922780751655,0.39513066518748446,0.0425689287906208,0.3948227446478044,0.042326647497133316,0.39464582781175783,0.04225072286273877,0.39691832133937294,0.04382957171463633,0.3971460434420161,0.04389033292303563,0.4199810743797805,0.4610604476598993,0.41429330202698167,0.4610604476524708,0.3952522376758579
734.0,0.3918752492394565,0.040600730719406196,0.3942715922538911,0.042169333707781025,0.39755766534279696,0.0440896167224575,0.40508877998565945,0.04922216983081037,0.41620148071570884,0.05740882982902113,0.4388318249968296,0.07756295398556828,0.3983313396147383,0.044857875213419725,0.3959041075462841,0.04311849681440875,0.3983563625693358,0.04456815842365479,0.39803203341312077,0.044307093933562545,0.397846448436224,0.044223929664795845,0.4002373932153926,0.04594006246288733,0.4004799498069774,0.04601202963561369,0.4317615456891253,0.37744050845825067,0.389304120770647,0.3774405084498915,0.371208275123726
735.0,0.39492708203730437,0.04242236685364297,0.39743714887008663,0.04412016452206035,0.40089653322433033,0.04622335757133281,0.4088367895187774,0.05185336969848174,0.4206074412535831,0.06095618672434378,0.4448195111478686,0.08398940768362038,0.40173698698047516,0.047062195294697864,0.39913649920018046,0.04515098648880266,0.4017352513630944,0.046744600693832565,0.4013932347102317,0.046462376548398555,0.4011983380629837,0.04637098458694314,0.4037173526686572,0.04824296480628023,0.40397599013573937,0.048328006862931865,0.445911771154737,0.3014644443099218,0.36535777418262255,0.30146444430339886,0.3487105050050347
736.0,0.39811830465182846,0.04439747349533838,0.40075092891586084,0.04624110610219949,0.4043976840858965,0.04855278644087299,0.41278296625357996,0.054754183879302865,0.4252773101367115,0.06493055728665065,0.45126666712461827,0.09148506586205293,0.4053104225143817,0.0494720219948781,0.40252252855155124,0.04736455457869192,0.4052796455100626,0.04912262794189298,0.40491850784137456,0.048816440401743065,0.40471357697949756,0.048715648470661635,0.4073715228732773,0.050765530152982616,0.4076476525654383,0.050865906271944136,0.4629781958101548,0.24531834209143738,0.344332954668963,0.2453183420866589,0.32929630925319786
737.0,0.40145952952904496,0.0465460717298966,0.40422464638922373,0.04855516102220799,0.4080746470286229,0.051105792061514596,0.4169458058560025,0.0579677449344128,0.43023979015744485,0.06941275647634748,0.4582381113458167,0.10033335525292592,0.40906587826515817,0.052117140251503415,0.40607461606136286,0.04978424575266671,0.4090034868522544,0.05173126416990555,0.40862161360063415,0.05139778100382093,0.40840583383648893,0.051286188050318864,0.41121503107287544,0.053540371676848934,0.4115102585671748,0.05365883376248895,0.4830600339420592,0.2048903461365644,0.32629508786627254,0.2048903461330188,0.3127415354308636
738.0,0.40496271149908786,0.04889180076897987,0.4078715397710599,0.05108964593943442,0.4119427903004573,0.053915785812227925,0.4213465607102644,0.06154681255728929,0.4355284365450133,0.07450506721460061,0.46581146637731363,0.11092408885575848,0.41301954829869014,0.055033336005023206,0.4098068286568876,0.05243991313900385,0.4129226289881664,0.05460534173607485,0.4125181924372263,0.05424057082640086,0.412290641035641,0.05411648900058782,0.4152651294555035,0.05660684015189356,0.41558128992486393,0.05674676843535089,0.5053590867422358,0.17519474113448022,0.3107962709837771,0.17519474113177155,0.29851321111933465
739.0,0.40864136956057523,0.0514627683081274,0.4117066338468216,0.05387724512417677,0.41601964840968875,0.05702312826490112,0.4260097800624226,0.06555658753401089,0.441182710887121,0.08033874861208505,0.47407935937716505,0.12380605555415927,0.41718994571029644,0.05826397414075378,0.41373516520971915,0.05536742140159596,0.4170551798920776,0.0577870181041634,0.4166261002830795,0.05738613487313914,0.4163857271075995,0.05724751309550845,0.4195415869728,0.06001284215656804,0.41988078895591047,0.06017842686139646,0.5260343571409846,0.15274367519873092,0.297343142134718,0.15274367519659848,0.28613506649987913
740.0,0.4125108559573133,0.054292650623996554,0.41574705509107374,0.05695738586322795,0.42032532507946996,0.06047701752435022,0.43096397859852786,0.07007856020524639,0.4472492902846762,0.08708485952474387,0.48315059663936444,0.13977173458131792,0.4215983376457113,0.06186209667251231,0.4178779070244408,0.05861022668693634,0.4214219254317281,0.0613277891184557,0.4209658229696166,0.06088490699225213,0.4207114266750047,0.06072922899638411,0.42406717311421027,0.06381727399046583,0.4244318522570746,0.06401376198215285,0.5342496996853799,0.13528929081255814,0.28552938329665833,0.13528929081083413,0.2752372710164726
741.0,0.4165886828097198,0.05742213157056386,0.4200124202265481,0.06037805541075715,0.42488298760040405,0.06433802156807752,0.43624246927947385,0.07521585827812534,0.45378367349768256,0.09497018731830384,0.49314736194318004,0.159996145525731,0.4262692852301264,0.06589325031826605,0.4222560454683103,0.06222147721094524,0.4260468485164547,0.06529119697344529,0.42556098447095475,0.0647990578641022,0.42529118322104875,0.06462320432280295,0.42886825437253656,0.06809332571749059,0.42926124033792323,0.06832736028460148,0.5172484699691134,0.12138065597432197,0.27504313130503866,0.12138065597289567,0.265540571702932
742.0,0.420894923255083,0.06090080754681563,0.424525311596499,0.06419823220599698,0.42971947951492595,0.06868152259487173,0.44188439787117595,0.08110080841930432,0.4608520896143916,0.10430121767541373,0.5041899310539103,0.18626400665927503,0.43123130962782563,0.07043935300753508,0.42689381115333014,0.06626684367470569,0.43095777432035526,0.06975652546623021,0.4304389777188408,0.0692060761156604,0.4301521728345717,0.069006135408382,0.4339755361968156,0.07293303530714798,0.43440013569142,0.0732131317134903,0.48138237696987174,0.11005903444319018,0.2656475299112135,0.110059034441987,0.2568335148451753
743.0,0.4254527034534595,0.06478974231696423,0.42931186639996793,0.06849118469613072,0.4348660797865133,0.07360247459762317,0.4479360252019833,0.08790583244115446,0.46853360101494584,0.11550106294792231,0.5163440731686372,0.2213184265154063,0.43651772235379754,0.07560406577316861,0.4318193268809527,0.07082838903486581,0.43618716935198376,0.07482392231000844,0.4356317460756735,0.07420372487463102,0.4353260768839376,0.07397472912531702,0.43942498350376796,0.07845367107452432,0.43988508377876484,0.07879089372957662,0.44317884106631317,0.1006725601684116,0.25716126614098095,0.10067256016737892,0.24895401294745415
744.0,0.4302888120062099,0.06916494215265304,0.43440250519202783,0.07334901585612655,0.440359446443401,0.07922208620288572,0.45445229048503016,0.09585947455026128,0.4769219616317169,0.12916772387499367,0.5294568782778198,0.26924053120117075,0.44216765456831264,0.08152038661735257,0.43706541941028704,0.07600994393335167,0.4417731357372307,0.08062162227241007,0.4411767551632239,0.0799170195800949,0.4408500427871758,0.07965256989687643,0.44525896366962553,0.08480683995388802,0.4457591605955283,0.08521578498298714,0.40980730491149664,0.09276520115016915,0.2494437114122734,0.09276520114926937,0.24177600668290303
745.0,0.43543445384703505,0.07412215616858157,0.4398328374405672,0.07888902826812766,0.44624278409244594,0.08569738130707466,0.4614986549776453,0.10527050217410054,0.48612589019701574,0.1461680107720323,0.5426624560165985,0.3349265705546431,0.44822733142455,0.08836158993207133,0.44267062448499445,0.08194470391495658,0.44776063925463266,0.08731632451623417,0.4471181941322168,0.08650823477212195,0.4467678718883963,0.08619995886145133,0.45152764901728754,0.09219174433413044,0.45207340360114995,0.09269199462945013,0.3819660724438624,0.08600925318713515,0.24238429016911178,0.08600925318634083,0.23520007467578102
746.0,0.44092618634812203,0.07978361938993865,0.44564478087394394,0.0852628012544094,0.4525672732397236,0.09323515139876896,0.4691530980339516,0.1165649992087907,0.49626392852764895,0.16779092188524708,0.5530479820837496,0.4177765665115774,0.4547516216624381,0.09635731108149774,0.44868042702760413,0.08880617084093953,0.4542030083405036,0.09512840626032554,0.45350844373196036,0.09419154582727218,0.4531314720712765,0.0938282965079342,0.4582906996369309,0.10087489176680589,0.4588885225518792,0.10149321932317498,0.35873981245241343,0.08016344490820733,0.23589497153175473,0.08016344490749726,0.22914682206767067
747.0,0.44680707454354635,0.08630769941592459,0.451887933681952,0.09266939161541973,0.4593937708981039,0.10211275779552896,0.47750779746770106,0.1303448035412425,0.5074430111679639,0.1959947786235288,0.5536484253583189,0.48822890119199247,0.4618058581735033,0.10581772093161626,0.4551487634620337,0.09682423532922049,0.46116370168830595,0.10435471712224799,0.460409814213253,0.10325492049428796,0.4600025803743825,0.10282156467743259,0.46561916859169294,0.11122006906333214,0.4662768204550355,0.11199384569432212,0.3391300030689352,0.07504682914637709,0.22990492385051337,0.07504682914573438,0.22355215231147824
748.0,0.4531281011662663,0.09390297324389149,0.4586212121600214,0.10137494108431491,0.46679470537656276,0.11270985883783151,0.4866690905437024,0.14748150515406688,0.5196892213596296,0.2337669142643474,0.5373171291314653,0.48400897431034934,0.4694677931181971,0.11717070623267668,0.4621397741552459,0.10630933856544166,0.46871823554530884,0.11540352328289448,0.4678964582553989,0.11409360579824825,0.46745466742118863,0.11356915164078007,0.47359736121779605,0.12373500100474864,0.4743240217018977,0.12471760282197862,0.3223423810852364,0.07052412307685199,0.22435657224546093,0.07052412307626331,0.21836372556262723
749.0,0.45994983482039087,0.10284921156777664,0.4659146938884779,0.11174246069994904,0.4748558373295569,0.12555793464349507,0.4967517640068864,0.1692694002098808,0.5327375466132573,0.28540927269364424,0.5088828600626613,0.4114193107790705,0.4778292048402865,0.1310203857947195,0.4697296598787828,0.11768961439696492,0.47695584961636633,0.12884933069641505,0.47605607964242425,0.1272625522619865,0.4755746635508223,0.12661718552685575,0.48232379546629733,0.13914561473707984,0.4831300616958497,0.1404151602700407,0.3077847097022438,0.06650433855654488,0.21920230671798613,0.0665043385559995,0.213537876803755
750.0,0.4673442689093244,0.11352937320460875,0.47385138719559045,0.12427812951017934,0.48367688863022457,0.14141928674397083,0.5078565498145076,0.1976703169448902,0.5454170580063898,0.35534058853115125,0.4789476809743578,0.3320041894600282,0.48699572133736785,0.14824109508764882,0.4780081415587707,0.13156930608111816,0.48597966255611047,0.14552071294926314,0.48499030127962767,0.14356024802185624,0.4844634223584114,0.1427505498183637,0.4919088406868298,0.15851625321035892,0.49280616095086577,0.1601898816455259,0.2950156980153702,0.06296751267050094,0.21440050220739265,0.06296751266999244,0.20903562546561563
751.0,0.4753964821671396,0.1264795174754476,0.4825280687610659,0.1397048582885971,0.4933682236321917,0.16141498213442457,0.5199988345016768,0.23566441371844227,0.5541210225745885,0.4390491790277227,0.45226824298934676,0.2699468514897899,0.49708084612713166,0.17012995487602553,0.4870780626307055,0.14882250345050993,0.4959018096831806,0.1666427963306068,0.4948104974380643,0.16416464024478938,0.4942318705130472,0.16312580739759994,0.5024622747948279,0.18344428585087963,0.5034607102778147,0.18570106936310332,0.2836900782429412,0.06005331865623859,0.20990708213409007,0.06005331865577199,0.20481422323088755
752.0,0.4842050773809349,0.14246833760972108,0.4920527658373318,0.15908110505070353,0.5040357524982934,0.18723110834993184,0.5328948791637741,0.28750494385931924,0.5513093141573113,0.4975771229637308,0.42945096272000827,0.2246031173966161,0.5081829327510473,0.19865003362817257,0.49704908059869674,0.17074509657682163,0.5068237755881123,0.19406555723676602,0.5056201891064072,0.19085155502363307,0.5049843507214944,0.1894850728061783,0.5140516337211459,0.21635925342034884,0.5151527658781483,0.21947298746229402,0.2734987491853195,0.05810833737235798,0.20565658706800327,0.05810833737195049,0.2008101528271297
753.0,0.49387848555443215,0.16262571551731153,0.5025321753782149,0.18399265373431078,0.515731875560312,0.22142971599546107,0.5453443799249171,0.35742813345750013,0.5317925129739384,0.4748916334295353,0.4099618884176192,0.19125478949124342,0.5203128768365495,0.23677529458137828,0.5080141573663777,0.1992963840301965,0.5187740148197649,0.2305966435871667,0.5174586958581248,0.22631812861700273,0.5167650458078697,0.2244749153804644,0.5265759049263209,0.26087613993099645,0.5277515635631089,0.2652384602159771,0.26414623395849,0.056950255122923246,0.2015579993568029,0.05695025512255658,0.1969411034937138
754.0,0.5045190786016228,0.188649140560641,0.5140301506513246,0.21684613549045437,0.5283081739632912,0.26778074929132684,0.5537235165988419,0.44047329627679893,0.5027226353154,0.39730943210023145,0.3931520805945221,0.1661159952357804,0.5331786014506951,0.2887264560316058,0.519976672355469,0.23744003741900427,0.5315216850538291,0.28028663295629613,0.530132531389875,0.2744917522451827,0.5293974975891302,0.27196485454894986,0.5393945200883278,0.3215966391795053,0.5405251102622107,0.3275903461726866,0.25546426389626264,0.055450437081495677,0.19757478500190054,0.05545043708114016,0.1931808386235318
755.0,0.5161723785858328,0.22311193439981195,0.5264428881279445,0.26121274283139684,0.5409862921114229,0.33082666761932866,0.5506104854496957,0.49758556233855766,0.4736122443955344,0.32099344548867637,0.37848030405245814,0.14664892339113464,0.5455667445961497,0.3586294631494558,0.5326348844316016,0.28937011690316433,0.5440387125827748,0.34750478283161623,0.5427265411181126,0.3398382675195214,0.5420185036950588,0.3364561791337474,0.5503184857267863,0.4000692699469859,0.5510394563973814,0.4071586288678939,0.2474294240514626,0.05343671971665564,0.19374871614114847,0.05343671971631979,0.18956937862251858
756.0,0.5286758705435127,0.26977950224722946,0.5391349234904536,0.3216259205064627,0.5512238981423104,0.4106832396027538,0.5310865571214066,0.47435898311846303,0.44798237354609005,0.26250884272127756,0.36552991882012204,0.13119478004000168,0.5538494832237397,0.4412863259525852,0.5447677165308329,0.35915115241994616,0.5531471354898331,0.42946014589974363,0.5523458043270283,0.42093493789858527,0.5518662735453292,0.4171268590150432,0.5537615680174287,0.4771802235598216,0.5533109885843126,0.48129707814299283,0.24001505695310402,0.051342917311610066,0.19010907424824,0.05134291731129913,0.18613164120792558
757.0,0.5412220927241803,0.3331079809953071,0.5499555312914317,0.3996325646563561,0.5529052556201335,0.48314611667606483,0.5022509724335986,0.3973331063987482,0.4260751827844207,0.21967085707586778,0.3539851968190629,0.11865424877742725,0.550672090048103,0.49769963651232524,0.5527636839044776,0.44150461584012896,0.5519205673698063,0.49303348528303453,0.5523946526821917,0.4885935590742393,0.5525184213492658,0.4866505426498415,0.5421102741857318,0.49608967489888095,0.5400099250691504,0.4917570666112718,0.23316273466946805,0.04937160524289636,0.18665496194873699,0.049371605242608405,0.18286575764817886
758.0,0.5512187585919993,0.41284371315158414,0.55343804267208,0.476652313317287,0.538929259529951,0.49000275487013883,0.47339042480890897,0.321481565048601,0.4073200958745084,0.1879317662257529,0.343605905414172,0.10828090369663966,0.5312323153628233,0.47440484634671104,0.5493613850909362,0.49758216757122814,0.5344734644298554,0.4811236043607343,0.5363907569962494,0.4846367338920225,0.537243889000368,0.486641922799846,0.5165164797838434,0.43738774254180185,0.5135726939189073,0.42829050599020246,0.2268081548548805,0.047562874982011526,0.18337412095800704,0.047562874981743365,0.17976018176394193
759.0,0.55253811742508,0.4840673988464198,0.5420706040039751,0.4968316858142091,0.5122534945055588,0.42496435719907083,0.4479592320967877,0.2631688831057796,0.3911008257899043,0.16381705346627784,0.33420734630488447,0.09955598779651174,0.5025570960734472,0.39783332111831327,0.5298809580066363,0.47432649985521547,0.5064036093334428,0.40804712950831185,0.5088501297416584,0.4146833914096915,0.5100002867934914,0.41837042201214175,0.4870165128026029,0.35691061807380225,0.4841296649191996,0.3485170978285676,0.22089298867507295,0.04590876541870634,0.1802524479956368,0.04590876541845508,0.17680191070097778
760.0,0.5382913401398619,0.4892225984674273,0.5167930659783485,0.4395095808617029,0.482930647063159,0.3456729224994625,0.4262072460528136,0.22034314993651677,0.37691305845942097,0.14500532192837393,0.3256456236839053,0.09211641522003869,0.47381800571443333,0.3222651273853461,0.5013084854488911,0.397922137885167,0.4773837656320489,0.3307808626418824,0.4796781713943108,0.33653237118089824,0.48076877154293135,0.33977168893880727,0.4598666128044456,0.2898583461037066,0.45732924675645786,0.2834218198564422,0.21536704922017383,0.04439180272400805,0.1772767198700618,0.0443918027237715,0.17397880581282657
761.0,0.5116452258319828,0.42388564548973673,0.48745903232776894,0.3592786689067532,0.45633848833172397,0.28137300530774295,0.4075791236270743,0.18854783833476,0.364369611016714,0.12996980923399337,0.31780611643327455,0.08572528086481607,0.44845693855278945,0.2640306693971999,0.472717303307907,0.32237793322128294,0.4515519884618245,0.2702528439937061,0.453523537925187,0.2744901436490427,0.4544582457155995,0.27691635035802936,0.4364455923776055,0.2400289415368592,0.4342661173140486,0.23522122873453957,0.21018763455569422,0.04299489836451167,0.17443512559505453,0.042994898364287965,0.17128003326935318
762.0,0.4825008228670043,0.34505402996078915,0.46037584595249315,0.29193111521027654,0.4334684406884101,0.23377113899413166,0.39146959333819503,0.16434934596350553,0.35317678353840926,0.11769062997100126,0.31059150572413957,0.08029828932559714,0.4267415645539464,0.2211893929240753,0.44751052227891736,0.2640783358041744,0.4294122571706922,0.22565586449377983,0.4310801951283058,0.22870278377480988,0.4318650828764131,0.23048207151865235,0.4164345840748578,0.20330765223064687,0.4145559148196666,0.1996559220047768,0.20531834735812493,0.04170334582456483,0.17171721616075777,0.04170334582435268,0.1686960077487858
763.0,0.4560882066678417,0.28114334987800754,0.4369854464334718,0.24173158572565812,0.4139185706645934,0.19860241253020114,0.37738158575327047,0.14544262408174097,0.34311082689141315,0.10747147740181333,0.3039021096497999,0.07599911479433481,0.40813060281923186,0.18934617872672493,0.4259471515721089,0.22114510355449501,0.4104634487302861,0.19258991102722706,0.41188364819627854,0.19480838018322047,0.41254559547071723,0.19613441952898794,0.3992193080719221,0.17569041355100024,0.39758264860831494,0.17284297390541434,0.20072798671659056,0.04050484367644408,0.16911373015689407,0.040504843676242235,0.1662182319437826
764.0,0.4333650837394169,0.23375651708599324,0.416995825305038,0.20469009684404876,0.3970768492757947,0.17204740090969506,0.3649328755033156,0.1303068090877601,0.3339994654858247,0.0988323624749392,0.29760757620093836,0.07307962540722744,0.3920269657276195,0.1650923147610023,0.4074850177955407,0.18920579946848173,0.39409951480677047,0.16748656122098066,0.3953240485718239,0.16913516141381799,0.3958886728141261,0.17014767184935328,0.3842484075054646,0.15436924304856,0.38280594809223,0.1520903094298214,0.19638962736623686,0.03938911200929459,0.16661641668407473,0.039389112009102015,0.1638391358462998
765.0,0.41393309081435176,0.1986891336090892,0.39980200691072215,0.17681421886734333,0.3824098563656253,0.15146338951904476,0.3538334434493437,0.11792413851701014,0.3257073664005442,0.09146125677052745,0.29157535199221046,0.07081489256643565,0.37793818456532646,0.14613190684146624,0.39152803226755406,0.1648567068293102,0.3798118178461494,0.14792192913491756,0.3808821062510071,0.14917147361100797,0.3813698322545184,0.149963318663894,0.3710882772399346,0.1374846332312993,0.3698032673373468,0.13561756679412426,0.1922798793834606,0.03834749630420348,0.16421788306596627,0.03834749630401946,0.16155193912709026
766.0,0.3971885918824489,0.17217191943028803,0.38485575098727365,0.15528374714794024,0.36950104177280535,0.1351012497256336,0.3438624696727168,0.10760117464340502,0.31812165244969504,0.08523689319215942,0.2857826422677116,0.06808846384309536,0.3654846931773178,0.1309472878917565,0.3775852464820292,0.1458010660334168,0.3672068530928634,0.1322936401182067,0.36815466397626634,0.1332564168844365,0.3685810958797183,0.13388907192975258,0.3594087337957845,0.12380156272147268,0.3582532079208837,0.12224062705443302,0.18837829653806115,0.03737264123340305,0.16191146947588747,0.037372641233226804,0.1593505381132892
767.0,0.38260500547158494,0.15159020738640128,0.3717245764695165,0.13822553852649572,0.3580336246758616,0.12179620771187187,0.3348498520936574,0.09886877960287516,0.3111288288564949,0.08035398137443098,0.28027524981677354,0.06505904957183133,0.35437805812433304,0.1185223056704913,0.3652788175758375,0.1305186050943499,0.3559857428717875,0.11953087740040587,0.35683542032432375,0.12028172576316407,0.3572124189652914,0.12079665427203076,0.34895913945979445,0.11248553425965294,0.34791170212922107,0.11115810396337016,0.18466690183382597,0.036458237297917896,0.1596911465658471,0.036458237297748816,0.15722941372975763
768.0,0.36977071928847866,0.13520954100214208,0.3600788620145217,0.12439406813956941,0.34776701824174044,0.11075998633092553,0.32666056003460014,0.09145291605667814,0.30457558263938117,0.07727328030355311,0.275067765257,0.062133753143028124,0.34439833667774333,0.10816664684458019,0.3543221950366083,0.11799024887949335,0.34592114051305095,0.10890650484093813,0.34669158851096016,0.10949576977552924,0.347028233426027,0.10992169690551663,0.33954773129684307,0.10296983101993638,0.33859177895019943,0.10182648420492214,0.1811298044540384,0.03559882643361389,0.15755143153216714,0.035598826433451414,0.15518355625744065
769.0,0.3583725330592858,0.12187319537132534,0.3496684189265326,0.11294861314928284,0.33851676862572916,0.10146145756706047,0.3191758921977412,0.08534630890760463,0.29827608484346024,0.07540692440632688,0.27014522359918824,0.05945164984502093,0.33537548564041775,0.09942123698057895,0.3444975109528454,0.10752335685198118,0.33683814732264633,0.09993252691607483,0.33754441035978633,0.10039288861216243,0.3378477159752749,0.100750433866145,0.3310246350151835,0.09489837739625671,0.33014681281071157,0.09391019999324704,0.177752888114832,0.03478965220576785,0.15548731871954602,0.034789652205611525,0.15320840337941594
770.0,0.3481725244184548,0.11079897203388306,0.34030179855003645,0.10332320712691319,0.33013750880323156,0.0935860622917724,0.31225933281783536,0.0809753831071447,0.2921663491393236,0.07294494481586185,0.26548390808148825,0.057022315075628584,0.3271726638465467,0.0920431019170172,0.3356370152815662,0.09865895188022634,0.32859776343787556,0.09233317524548416,0.3292524498584571,0.09268043652575329,0.3295278477675823,0.09298537958796325,0.32326409647845566,0.08816251616567272,0.3224523536527323,0.08732865510285655,0.17452355555804802,0.03402654313789361,0.15349422170424218,0.03402654313774297,0.15129978873846586
771.0,0.3389881022595069,0.10146534089880395,0.33182867214528766,0.0951789187113239,0.32250319462982624,0.08710323660902407,0.3057118127784617,0.0787453481792007,0.2863208932645623,0.06973261478747689,0.26106001662739653,0.054821337443976076,0.3196640836398152,0.08610330490169167,0.3276062919365027,0.09116220877460139,0.32107637272118444,0.0861300723045359,0.32169153292932673,0.0863559992204522,0.3219431188456483,0.08662220834608467,0.31613498935061346,0.08306893840796843,0.3153749837869803,0.08243038935573006,0.17143051753556326,0.03330582071151333,0.15156792451519863,0.03330582071136791,0.14945389886736526
772.0,0.3306743937449476,0.09358271517026814,0.3241198356880608,0.08846637227890893,0.3154716758521378,0.0824551290932621,0.2993405246411046,0.07714977659308259,0.28079004133099367,0.06644744694758345,0.25685197025839035,0.0528199853830662,0.31269532929321814,0.0820914403498362,0.3202814501434365,0.08514263844986565,0.3141278303824889,0.08182126457353217,0.3147179940482093,0.08189663844991935,0.3149485144459675,0.08213762864983362,0.3094504390051065,0.08025197748108814,0.30872169234971475,0.07981925860951991,0.16846361735115176,0.03262422592332339,0.14970454020760957,0.03262422592318286,0.1476672368391769
773.0,0.3231021572027637,0.08718774173589594,0.3170318915221854,0.08362196228136634,0.3088324386598304,0.08020689096996622,0.2931489236962397,0.07439159554054867,0.27557127312069035,0.06339836040895355,0.2528407168917418,0.05099244459089453,0.30605479126665036,0.07999187487336695,0.31350478681498156,0.08125821276545625,0.3075358722411834,0.07981844602093495,0.30811749283114453,0.07981811900565054,0.30832855522983804,0.08003656460235162,0.3029780685977486,0.0789186693527888,0.3022649881894622,0.07848298059448325,0.1656136840519333,0.03197885999395817,0.14790047541898377,0.0319788599938223,0.14593659134070555
774.0,0.3161166929802893,0.08284265585987578,0.31035215450496123,0.08129134835671199,0.30235835665605326,0.07894790044080933,0.28724280564156246,0.07092927321316099,0.2706414603394276,0.060642096836569286,0.24900950683841055,0.049316918371051455,0.29959782444693245,0.07784813277355218,0.3070335078924215,0.07991624740261288,0.30109626694704666,0.07838743403467763,0.3016702056762498,0.07854999668514254,0.3018641943156591,0.07872871913111655,0.296642611836007,0.07665982276557218,0.2959516919200889,0.07609573530509481,0.16287240887655016,0.03136713603359748,0.14615239984590325,0.0313671360334659,0.14425901012689465
775.0,0.30948473556261924,0.08103923649217955,0.3038378019687476,0.08018160678746425,0.29602768949954783,0.07640452268155871,0.2816661402586101,0.06749861031436202,0.2659739922878282,0.058159267969851665,0.2453435716676001,0.04777523854073501,0.29337559877626773,0.07461163806817188,0.3006513643196952,0.07892365627409417,0.2948223272289919,0.07561781715649588,0.2953704658279307,0.07594018738958959,0.29555141835417886,0.07608009393065826,0.29055400463834125,0.07326996863070823,0.2898960127806288,0.07266866884629063,0.16023224070493083,0.030786739326266497,0.1444572198086987,0.03078673932613876,0.14263177699326987
776.0,0.3029791836312694,0.07990136924156642,0.2974481177592255,0.07777628014628045,0.2899662156414536,0.0728762727448988,0.27640977640588094,0.06435345443600206,0.2615439925073934,0.0559158451176629,0.24182982299701633,0.04635222880810491,0.28747349620538293,0.07100197688069562,0.29439866725281305,0.07623868102808033,0.2888338784627143,0.07206242319768354,0.2893445362188795,0.07241264941758474,0.289515818868334,0.07252815197407878,0.2847920385111132,0.06967967526905518,0.2841696086295849,0.06910607718824431,0.15768629711105508,0.030235594505880807,0.14281205524233934,0.030235594505756937,0.14105239152824287
777.0,0.2966114012517712,0.07722419944805749,0.29131558355683074,0.07422558798200324,0.28424005619941184,0.06927296297683494,0.2714475519491,0.06152483990128331,0.2573294102836008,0.053879393554783356,0.23845659606969816,0.04503512666577199,0.2819101779762795,0.06756403825086654,0.2884217227562871,0.07263322597814932,0.283181068277996,0.06852628062096086,0.28365313025002725,0.0688457482054579,0.28381684225725606,0.06894521830292835,0.27936373158552474,0.06632824397022483,0.27877501309385055,0.06579870884335097,0.15522828826502538,0.029711838340293666,0.14121421958063954,0.02971183834017315,0.13951855099339838
778.0,0.29052097795583565,0.07358097511857155,0.28551893296848635,0.07052775768613098,0.2788477486170691,0.06594784139530117,0.26675138461178877,0.058983756429198786,0.2533109410729896,0.052022318251925076,0.23521343737010716,0.04381311755444309,0.27666672844396367,0.06444486740583139,0.28278058813502543,0.06902491290284471,0.2778559417742015,0.06528556051594689,0.27829243407502624,0.06556328890005318,0.27844998993857034,0.06565034771124144,0.2742461819109405,0.06330666280415183,0.27368816544435676,0.06282027554761632,0.15285245141483836,0.029213797168485038,0.13966120209804028,0.029213797168368007,0.1380281337416033
779.0,0.2847718655982686,0.06990408238340415,0.2800618434924939,0.06709888687324579,0.2737637645341502,0.06295942136340302,0.26229552345800167,0.05669195489687283,0.24947167497749817,0.050321776958697696,0.23209092950369548,0.042676971703010276,0.27171457321503895,0.06164388960853664,0.2774695316121801,0.06571951160027975,0.2728318189632819,0.06237526765355357,0.27323654660127533,0.0626145025496556,0.27338904263278346,0.06269098094708735,0.26941037505596044,0.06059785424635216,0.268880061822814,0.060149736273828365,0.1505534940377889,0.028739968287931083,0.1381506523472944,0.028739968287817084,0.13657918363437374
780.0,0.2793601751287357,0.06652651111683357,0.2749196268826182,0.06401642198748665,0.2689586132638912,0.06028192944303976,0.2580573103758885,0.05461468083886766,0.24579672808826789,0.04875890395694541,0.2290805461865436,0.04161876257414566,0.26702547114861536,0.05912527648420925,0.27246183767515963,0.06275673246334408,0.2680797080823014,0.05976524397172997,0.26845622487283793,0.05997187945358324,0.26860458577931806,0.0600389620086668,0.2648286884875442,0.058162490884793284,0.26432338830706353,0.05774757537553591,0.14832654401461587,0.02828900479060209,0.13668036639030062,0.028289004790490884,0.13516989497724455
781.0,0.2742591949074291,0.06349719540063008,0.27006228221710543,0.06125759171366065,0.26440481000745214,0.05787435284962202,0.2540169805855742,0.052722836357458294,0.24227292026514186,0.047318027052639405,0.2261745312373091,0.04063164762671273,0.2625740603825164,0.056850479475114776,0.2677279794020065,0.06010508787474253,0.26357296704076894,0.05741513466278683,0.2639243561726586,0.05759468996310042,0.2640693945871634,0.057653277797579706,0.26047660303509124,0.05596211164069956,0.25999396844104355,0.05557599770678951,0.14616710536896568,0.02785970351653406,0.13524827457436894,0.027859703516425496,0.13379859757736354
782.0,0.2694387942291418,0.06078644664434075,0.2654615387352206,0.05878022193696356,0.26007810985129504,0.055698357378192995,0.25015725853365756,0.050992514413693055,0.23888850755431776,0.04598602314096326,0.22336579667459805,0.03970969634316466,0.25833813126601873,0.05478581551054922,0.263240769705807,0.05772193349632666,0.25928816551754685,0.055288229568658906,0.25961705068685353,0.05544527990187154,0.2597594959286571,0.05549610967438589,0.2563327311658413,0.053963974361291765,0.25587072260152444,0.05360300140229514,0.14407101824920843,0.027450995948322874,0.13385243068046848,0.027450995948216702,0.1324637416791428
783.0,0.26487106808366345,0.05835128525476742,0.26109240007670736,0.0565441065049875,0.2559574001515711,0.05372170404380082,0.24646296081090255,0.04940406129087442,0.23563296282315435,0.0447518167361309,0.2206478360632522,0.0388477543610226,0.2542983051737617,0.052903313609490604,0.258976334837219,0.0555685378965231,0.25520489264581675,0.053353841551355335,0.25551350209631596,0.05349206966716106,0.2556540173488534,0.05353575883885737,0.2523784330307035,0.05214114762851383,0.2519352723426672,0.05180229086740181,0.142034421926734,0.027061942019109803,0.13249100241886513,0.027061942019005875,0.13116388282235078
784.0,0.2605314608309931,0.056152164402329535,0.25693310680022285,0.054515296503981195,0.25202428276345007,0.05191796857758789,0.24292065587790235,0.04794120971399845,0.23249679567706666,0.04360599523849603,0.21801465007078594,0.03804133557291345,0.2504376132460473,0.05117997461409727,0.25491392753972975,0.05361265693201052,0.2513053356831717,0.051586821588659224,0.25159556884293016,0.05170918862778412,0.2517347633282981,0.0517462572469799,0.24859738674932214,0.050471578050735565,0.2481715144659064,0.05015232493342836,0.14005371965994767,0.026691726955365633,0.13116226360948155,0.02669172695526367,0.12989766723651894
785.0,0.256398616052678,0.05415600733038031,0.2529647199377869,0.05266597696037483,0.24826264010451043,0.05026552875880197,0.239518383801691,0.04659038390850422,0.22947140355360396,0.04254051354990066,0.21546068181531294,0.037286536299028054,0.24674110902336355,0.04959682541125312,0.25103548606517645,0.051827993088513206,0.24757386227773712,0.04996655458521461,0.2478473466814609,0.05007546318388504,0.24798578526750956,0.05010634723925859,0.2449752078964847,0.04893711098948717,0.24456524743671243,0.048635355792382484,0.13812554434021185,0.02633966141373002,0.12986458930612074,0.026339661413629808,0.12866381952173486
786.0,0.25245393767855234,0.05233578109295107,0.24917067155450343,0.05097343009056279,0.2446582582410411,0.048746582282228376,0.23624542741859653,0.04534016502594923,0.22654894738638323,0.04154846599469712,0.21298076004730654,0.03657996728158206,0.24319554225800996,0.04813809933715551,0.2473251947088184,0.050193095852875264,0.24399666186294233,0.04847602860140376,0.24425479900824548,0.048573453482256036,0.24439301026799207,0.04859851449895172,0.2414991334598101,0.04752268037498064,0.2411038619501797,0.047236641443358734,0.13624672390349252,0.026005185246599723,0.12859645744432094,0.026005185246500938,0.12746113655595398
787.0,0.24868114300946836,0.05066941235253791,0.24553637066450607,0.04941899529638626,0.24119851577407111,0.04734635086119706,0.2330921248594583,0.04418088383953019,0.2237222466268089,0.04062390913780815,0.21057004854468264,0.035918700479729206,0.2397890911178986,0.046790589594873165,0.2437691070631855,0.04869034805563147,0.24056145041451513,0.047101089227334976,0.2408054520200176,0.04718867675799115,0.24094393524644736,0.04720820916443102,0.2381577638525174,0.04621568078922975,0.23777608844088172,0.045943836987836245,0.13441424556030873,0.025687875076162887,0.1273564661226463,0.025687875076065132,0.1262884952356446
788.0,0.2450658766362446,0.04913876300922309,0.24204887720858306,0.04798721954441933,0.2378721302903513,0.04605246768872861,0.23004971464341584,0.0431043098441199,0.22098468953197642,0.03976172363121014,0.20822400033923474,0.0353002285937955,0.23651114310041738,0.045543152829543083,0.24035483681398376,0.04730515808154737,0.23725722965921733,0.0458298672234564,0.23748814620421876,0.045909010607348,0.23762737767979655,0.04592324741381888,0.23494085232442594,0.04500548955024466,0.23457179087147798,0.044746531531950774,0.1326252179547462,0.025387454975124117,0.12614338683758433,0.025387454975026934,0.12514488535514567
789.0,0.24159539242601813,0.047728806813042784,0.2386966364228004,0.04666520255444045,0.23466895133152624,0.04485451239990821,0.22711020626085301,0.042103412745022294,0.21833015547645537,0.038957506616452385,0.20593831555022013,0.03472243602478236,0.2333521148356948,0.044386329762066384,0.23707130645614788,0.046025343319285615,0.23407409005372365,0.044652343754593635,0.23429283324202715,0.04472424022828561,0.23443327197446853,0.044733357231657674,0.23183913181230473,0.043883103517550766,0.23148179702326804,0.04363589610207458,0.1308768303820357,0.025103806505729864,0.12495628577586881,0.025103806505632594,0.12402947411048307
790.0,0.23825829454313088,0.04642699826237351,0.2354692621952065,0.0454421002435766,0.2315797899430299,0.043743658070827814,0.22426627067987626,0.04117217874675145,0.21575294666924885,0.03820748871381599,0.20370890168765726,0.03418358066149202,0.2303033024921242,0.043312054341632496,0.23390854236176598,0.04484066478221756,0.2310030481457006,0.04356001983795127,0.2312104085831518,0.04362571487764525,0.2313525016784588,0.04362983348140156,0.22884417104477037,0.04284086200948253,0.22849775730104374,0.04260441486268833,0.12916630812286267,0.024836964936279432,0.12379470475601474,0.024836964936181045,0.1229416768106718
791.0,0.23504432596282046,0.04522279505179251,0.23235735894637308,0.044308748709534176,0.22859627672923197,0.04271240224856403,0.22151114639767047,0.04030546908258417,0.21324772710086667,0.03750847150388357,0.20153183530637572,0.03368228655380093,0.2273567561702197,0.042313429696142,0.2308575060461202,0.043742475802614596,0.22803591073976168,0.04254566404734489,0.22823257179520867,0.042606086291912926,0.2283767596203013,0.042605274963010024,0.22594825343410482,0.04187223459586276,0.22561202575009,0.04164567915662019,0.12749086271669896,0.02458705994661982,0.12265866121337898,0.02458705994651897,0.1218811339945903
792.0,0.23194419418583143,0.044107296965910134,0.2293523734776993,0.04325737865397246,0.22571074205181155,0.041754361450901216,0.2188385575399245,0.03949891196887094,0.21080946684355628,0.036857782872122574,0.19940332383920997,0.033217548243042405,0.22450517307807694,0.041384555079780484,0.22790995345137596,0.042723456151631804,0.22516515989890967,0.04160311952027079,0.22535170846039093,0.04165910913009554,0.2254984297415628,0.04165338345728755,0.22314427367425274,0.04097165854836875,0.222817558332843,0.04075422971931315,0.12584763549409841,0.024354072424291735,0.12154800850868185,0.024354072424186128,0.12084738429193523
793.0,0.2289494258031767,0.04307297223648614,0.22644647002728754,0.04228139809500838,0.22291611336202488,0.0408641145067498,0.21624264114163677,0.03874882195310634,0.20843339000345742,0.0362532488116951,0.19731966630181325,0.032788748347666104,0.22174180536454027,0.0405203925645497,0.22505831580884997,0.0417774108326297,0.22238385406921937,0.04072715681849013,0.2225607887058077,0.04077948929368515,0.22271048571261873,0.040768810549106686,0.22042564800646225,0.040134415266653255,0.22010782452268066,0.0399254367990316,0.12423363178584686,0.024137013035899678,0.12046159485424517,0.02413701303578565,0.1198392545684393
794.0,0.22605224331111878,0.04211345025065153,0.22363242320381405,0.04137522763269205,0.22020582566131136,0.04003708455901625,0.21371788116881585,0.038052142763515276,0.2061149246868634,0.03569318140099977,0.1952772113244683,0.0323956910155941,0.2190603792822813,0.039716665610794316,0.22229559698992454,0.040899118988016576,0.2196855415419144,0.03991336331372388,0.21985327842316568,0.03996277032964233,0.22000640239959496,0.039947042358283814,0.21778623486299548,0.03935653837385633,0.21747672899538437,0.039155411176424355,0.12264564174687854,0.023931340902267867,0.11939756871342544,0.023931340902138915,0.11885486699020613
795.0,0.22324545894529982,0.041223365748744606,0.22090352452918743,0.04053417737330029,0.21757374179382352,0.03926945288406546,0.21125904709584734,0.03740641151328629,0.20384965329379107,0.035176383808902985,0.1932723105982015,0.03203865511565591,0.21645502291408825,0.03896978420460782,0.21961528323349866,0.0400842230110853,0.21706418311582537,0.03915806286831838,0.2172230599117833,0.03920525139438195,0.21738007693893774,0.03918431555718093,0.21522026310767922,0.03863474875034159,0.21491854068735658,0.03844094157288851,0.12108014143158732,0.023721602724552763,0.11835458184490527,0.02372160272439805,0.11789264184737694
796.0,0.22052238129993162,0.04039824437359528,0.21825349906400204,0.03975435826141466,0.21501407974084652,0.03855810026355603,0.20886113495621533,0.03680974366636743,0.20163326127870043,0.0347021744406799,0.1913012652881112,0.031718472551763306,0.21392020006328735,0.038276793255312073,0.2170112618024311,0.039329151485463384,0.2145140812433391,0.03845826200323434,0.21466435911690745,0.038503932813960216,0.21482575662629666,0.03847756058028922,0.21272226540061467,0.03796641385221352,0.21242782678220207,0.037779455962054814,0.11953316429180438,0.023466907498611626,0.11733308374008945,0.02346690749841709,0.11695264468437883
797.0,0.21787673117764567,0.039634423031625995,0.21567642907024775,0.039032623408945415,0.21252134434735612,0.03790057377958995,0.20651930873696772,0.03626083970051661,0.19946148219716905,0.034270433815201486,0.18936026223034838,0.031436638635936556,0.2114506481119954,0.03763534263549226,0.21447774552296078,0.03863107238648443,0.2120298131659515,0.03781162077657411,0.2121716768662912,0.03785648741934904,0.21233797107361813,0.03782437003097474,0.21028701434519212,0.03734953048345942,0.20999938930485476,0.03716900608752294,0.11800012817639594,0.02311121885915783,0.1163366734183933,0.023111218858925094,0.11603788118592182
798.0,0.21530256352722582,0.038929001398146666,0.2131666819194982,0.03836653737881842,0.21009026098301448,0.03729507883534142,0.20422883977854875,0.03575901604552457,0.1973300363556046,0.03388167949975269,0.187445295795509,0.031195462187016174,0.20904131769947515,0.03704367880534375,0.21200920033072648,0.03798787539534785,0.2096061655862482,0.037216448461597995,0.20973972154697143,0.03726125780772994,0.20991146614884584,0.03722299220170948,0.20790945903417854,0.03678273195246716,0.20762820194926718,0.03660827623257209,0.11647559570739277,0.02270323437759769,0.11537027114919096,0.02270323437736866,0.1151523007967306
799.0,0.21279419250074708,0.03827982337225315,0.2107188395001299,0.03775437353953621,0.20771570852412022,0.03674049812097624,0.20198504144771606,0.03530426472098466,0.19523455966473924,0.03353717628086341,0.18555207032676874,0.030998260153647456,0.20668731196530446,0.036500659543956725,0.20960027289621055,0.03739818444118409,0.20723806827818916,0.0366717259897745,0.2073633405087672,0.036717281671851794,0.20754113708615013,0.03667235153280829,0.20558465938857987,0.03626532239655868,0.2053093445308912,0.03609661913085706,0.11495293669241091,0.02239637210697615,0.11443286155627282,0.022396372106789467,0.11429396438338794
800.0,0.21034611660975594,0.03768548960955457,0.20832762621293016,0.037195141746991504,0.2053926487250773,0.03623644127254335,0.19978319574192796,0.03489734810309915,0.19317051836453036,0.03323909001042105,0.1836758777098614,0.030849586767592273,0.20438382282207818,0.03600579502275928,0.20724571512661313,0.03686140383326373,0.2049205236912422,0.036177159116087966,0.20503744711326635,0.03622434946972246,0.20522195782578828,0.036172099860035514,0.20330771525537147,0.0357973430754234,0.20303793201570425,0.03563412391808539,0.11342385321380659,0.022210835317599636,0.11351807370456389,0.022210835317454252,0.11345609320071724
801.0,0.20795294067625672,0.03714540457879017,0.20598783225759462,0.036688650812157116,0.20311604850735054,0.03578333108232091,0.1976184676484205,0.03453993695676975,0.19113310427038835,0.03299069187325234,0.18181144712948932,0.030755435926724955,0.20212606124490626,0.0355593203142544,0.20494030183304446,0.03637780348423963,0.20264852903433012,0.035733268301860646,0.20275693974470263,0.03578310092650221,0.2029489030906318,0.035722704406641895,0.20107368657685185,0.03537967747709346,0.20080903441169745,0.03522172305004201,0.11187773695127805,0.022086996430367333,0.11262105608373196,0.02208699643024987,0.11263356064266207
802.0,0.20560929074908915,0.036659863829349014,0.20369422829286202,0.036235612285173066,0.20088079092820865,0.03538253386199905,0.1954858021016074,0.034234799617856096,0.18911710466405227,0.03279660803508093,0.17995277643016583,0.030723194292674984,0.19990917787134982,0.035162306166872305,0.2026787371376551,0.0359486500622706,0.20041698653617507,0.03534152283710359,0.20051660826355636,0.03539516863560079,0.2007168589302514,0.03532558018440798,0.1988775000795726,0.0350142033929116,0.19861758293418105,0.034861346357255886,0.11030091662267645,0.021989481550219177,0.11173952696673445,0.02198948155011946,0.11182373014835299
803.0,0.20330971741088744,0.03623018867225727,0.20144146674064456,0.03583779307611937,0.19868156969554632,0.03503654127271746,0.19337979766050076,0.03398604288535613,0.18711674285631028,0.03266306671402018,0.17809299861748237,0.030760627797475355,0.1977281693311633,0.034816815419471306,0.2004555444429541,0.03557638906848958,0.1982205966843052,0.03500452578563897,0.19831102243138907,0.03506337643171776,0.1985205165634005,0.034983274047498104,0.19671383702212275,0.03470399817354482,0.1964582569501142,0.03455612823282964,0.10867625198019361,0.021906699913938444,0.11087233453458001,0.02190669991385093,0.11102507886696551
804.0,0.2010485820927016,0.03585891400511862,0.19922396422976762,0.03549822124042164,0.19651276148666907,0.034749203503306125,0.19129455194710485,0.03379937570348623,0.1851254958509889,0.032597958373168735,0.1762244817069782,0.03087166363013939,0.19557776490568027,0.034526108391598816,0.1982649346175374,0.03526487067122002,0.1960537287325933,0.03472624699907427,0.19613439626365384,0.03479199134340096,0.1963542437635921,0.03469969977401198,0.19457699624100838,0.034453590581831735,0.1943253459549887,0.03431066044425504,0.10698504023909615,0.021836603285400876,0.11001859353597904,0.02183660328532145,0.1102363981051548
805.0,0.19881992073770885,0.03555002372274729,0.1970357597637428,0.03522143266952739,0.1943682714147442,0.03452598407621629,0.18922348078661816,0.03368227074212009,0.18313593316494617,0.03261010687616703,0.17433982097540723,0.03104209178172748,0.1934522882143099,0.034294881984020836,0.19610064945707706,0.035019568779051546,0.1939102642537968,0.03451226633679457,0.1939804237318396,0.03458699344392116,0.19421192922607486,0.03448039261927885,0.19246072916596912,0.03426920676463985,0.19221258346107967,0.03413123504536142,0.10521812470279235,0.021780360409398066,0.10917735779229112,0.021780360409325118,0.10945649339021785
806.0,0.1966172813261736,0.035309187114355385,0.19487034675595633,0.03501368956898378,0.19224135412436943,0.034374110784546164,0.1871591391529197,0.033643604094051434,0.1811397438769781,0.03270587181254456,0.17243578616671637,0.03119531000878813,0.19134549239116533,0.03412946493988386,0.19395578851075768,0.034847607069519095,0.19178341800083093,0.03436987739618554,0.19184208985574872,0.0344562168307309,0.1920868028657502,0.03433265203729682,0.19035805516453003,0.034158813339270205,0.19011296200459996,0.03402587100805938,0.10341339678505183,0.021740293739870964,0.1083475049247507,0.021740293739803324,0.10868407718058555
807.0,0.19443354222560316,0.035143820457295,0.19272049202102928,0.034882925335297986,0.1901244394197661,0.03430220435667674,0.18509315827455108,0.03369145582899303,0.17912850869459884,0.032877303056505734,0.1705258116841866,0.031075569036210487,0.18925038307097283,0.03403769979417993,0.19182266534263429,0.03475699427378351,0.18966557105189064,0.03430756140521562,0.18971149256059217,0.03440887502113105,0.18997126260614886,0.034265136417973636,0.18826110639111054,0.0341313206368489,0.18801858131124458,0.03400345909324509,0.10172113348958792,0.021719328288230626,0.10752768985201726,0.02171932828816729,0.10791772078699544
808.0,0.19226075469568643,0.03506240642290556,0.19057810513901655,0.0348376369732999,0.1880090774466296,0.03431807867322623,0.18301668614332484,0.03382501758315331,0.17709696851531148,0.03306478956690144,0.16866880685401986,0.030088504928884898,0.18715909718667187,0.03402766143514889,0.1896928602404807,0.03475322547037063,0.18754825081830964,0.03433230841260882,0.18757981234248006,0.0344529514118285,0.18785682804479978,0.03428554951220445,0.18616118232936116,0.03419297216068448,0.18592071896514015,0.034069963861169957,0.10035312998728911,0.021720951536066728,0.10671631569175842,0.02172095153600737,0.10715581856320963
809.0,0.1900901689537108,0.0350713201018209,0.1884343808404231,0.03488232994921916,0.18588638878187624,0.034420709836771646,0.18092256186898126,0.0340084242928339,0.17505374612893437,0.0330528515864088,0.16698662823756807,0.027736474198619732,0.1850630764792103,0.03410260186948582,0.18755801231224353,0.03482763939016686,0.18542270505098096,0.03444012979460999,0.18543788566662242,0.03458579485051662,0.18573462322832776,0.03439225103739356,0.18404960373161747,0.03433489170872792,0.18381074189917557,0.03421539139274397,0.09932734663589066,0.021749368810380146,0.10591150280630329,0.02174936881032435,0.10639654750949278
810.0,0.18791296403294416,0.035163832343421506,0.18628093015181707,0.03500225344469253,0.18374923473462162,0.03457438832305141,0.1788128604218422,0.0340938314578844,0.17304865831483443,0.03227931141319857,0.16556359921557665,0.025062297615629083,0.18295430622817327,0.03424422788863054,0.18541302836541287,0.034921104914823524,0.18328247315950968,0.03458593632569949,0.18327881433121612,0.034764009759348374,0.18359765520105695,0.03454733147758363,0.18192119558700637,0.034494113238599744,0.18168377302497257,0.03437313802941072,0.09847576414680628,0.021809766579642592,0.10511104687441822,0.02180976657959071,0.10563781498500249
811.0,0.18572329309121083,0.035285618782475624,0.18411408375403798,0.03511656620748359,0.18159967930935073,0.034632959046779946,0.17672016858396528,0.03364599666128113,0.17120387232334633,0.03000988726806237,0.1643294837918422,0.023591990898219495,0.18082996602521914,0.03436198506918981,0.18326639412951926,0.034823248529050735,0.18113200949472708,0.03459718571085976,0.18110677068484282,0.03481618331491511,0.18144859585323145,0.03459805263419736,0.1797855077898973,0.03444554298750502,0.17955041770925434,0.034308185812329944,0.09766261127059919,0.021908671791675747,0.10431235988560233,0.021908671791627882,0.10487719016409452
812.0,0.18352819732696563,0.03523778490866983,0.18194821162480185,0.034953783391907065,0.17946994041933195,0.034166663865312856,0.17474455936331265,0.0318651076222866,0.1696435420837739,0.026834473873366,0.16316491237819636,0.023254064295562073,0.17870662160343675,0.03416271549258587,0.18116623953284097,0.03398520623670097,0.17900995746247217,0.03399194043104259,0.1789610561804582,0.03425243622933109,0.17932142972238682,0.034100287250865974,0.17769501727039458,0.033604480777307766,0.1774657850608732,0.03341981008093842,0.09682772496237865,0.02205441787963598,0.10351238925326221,0.022054417879591972,0.10411181639282109
813.0,0.18137332133828696,0.03448550210134893,0.1798467276391986,0.03386052427609722,0.17745899957303687,0.032379014709313515,0.17303409775065048,0.028647603077860392,0.1683317862859654,0.024668099764131497,0.16200192895206822,0.02342960603240082,0.17665158124013572,0.03298370777022475,0.17923099502006234,0.03166505255132659,0.177024316246282,0.03198418751252113,0.1769542688118768,0.0322294668346053,0.1773180946971861,0.03225280581362587,0.17577687161372757,0.03119995584744904,0.1755598089447717,0.030955446657467973,0.09594900328381677,0.02225771678155626,0.10270751303847576,0.022257716781516453,0.10333830499614237
814.0,0.17937694955285363,0.03223465552213272,0.17794581339631388,0.031160998768963433,0.17571482287055748,0.029137802528694107,0.17161979629944926,0.025794858169997558,0.16713140403162502,0.023950918111403624,0.16081472544339245,0.023776776346501074,0.17479859711342902,0.030295034360198286,0.1775850398551876,0.028379784007191072,0.17531485806801791,0.028728012451932877,0.17523895879262663,0.028783049195767588,0.17558598348140914,0.028985264441517184,0.17416018440976672,0.02781508343692647,0.17395763409728823,0.027585474479483334,0.09501730240901592,0.02253226021347822,0.10189341864639746,0.022532260213443667,0.10255262174171534
815.0,0.1776759713389984,0.028831496809867876,0.17635433700666908,0.027803407640306588,0.17427117848994322,0.026222123072417797,0.17037410400400235,0.024522382492451308,0.16594845131798758,0.02400537250297591,0.1595948692150607,0.024175558651354657,0.17323540359895157,0.027256980064228636,0.17619775955341208,0.026054404404167182,0.173885926840527,0.026115258594116394,0.17382952158834575,0.02587551233700322,0.17415190615844078,0.026119988352256922,0.17280799517785755,0.025454529027058102,0.17261465548716207,0.025301061699517798,0.09402629917361408,0.022895008584990845,0.10106500085868954,0.022895008584963045,0.10175000872617274
816.0,0.17625489687745038,0.02625968566972223,0.1750053624403688,0.02570910307205769,0.17300134450071122,0.02488908744842178,0.1691749198172096,0.024336742684501932,0.1647444888331744,0.024338555777612608,0.15833916681776009,0.024597329347406275,0.17188187636075763,0.025550232611107348,0.17493209405625418,0.02521003918733918,0.17260414096164314,0.025053749875993597,0.17258536059862747,0.024624307862563716,0.17288617675419024,0.02484239327726721,0.17157637226580008,0.02462818763781543,0.1713866383278013,0.024527784906437526,0.09296903598000114,0.0233649791139036,0.1002163968584235,0.023364979113883553,0.10092507499169708
817.0,0.17497249912814059,0.02526145285793143,0.1737562500035137,0.02505854739078239,0.17178147288100112,0.024664835621344396,0.16796501966336685,0.02459098915679098,0.16350685152552374,0.024756731921594007,0.1570451032599706,0.025046110523488412,0.17060661334763924,0.0251181768540642,0.17369145121700308,0.025174515798707806,0.1713583213704062,0.02495207790661743,0.17138387519773962,0.024454500800148805,0.17166715514288136,0.02464499479081436,0.17036597750296162,0.024635442879634203,0.17017715140079967,0.02455625598942852,0.09183765807379476,0.02395668761198711,0.0993415154468386,0.023956687611976734,0.10007245044088088
818.0,0.17372138235952472,0.025181704513863465,0.17251978889721148,0.025124310640665302,0.1705530261994853,0.024893664046768613,0.16672455945893722,0.02498594119116518,0.16223134979205883,0.025205071830169488,0.1557091790633487,0.02553809577186994,0.1693345488590992,0.025279755915581834,0.1724360655022707,0.02543399350482131,0.17009899637617784,0.025223019970006286,0.17016981761823902,0.024713232964794194,0.1704382734647618,0.024883544945254053,0.16913610522442857,0.02494774703175868,0.16894721113651187,0.02487501887702019,0.09062679360285586,0.024656244710190553,0.09843615983937164,0.024656244710193502,0.09918916662304199
819.0,0.17245566170632773,0.025449502140651153,0.17126205822164797,0.02544213964841077,0.16929568296963454,0.025268282592527773,0.16544735777070627,0.025424652930626263,0.16091549426367063,0.02567999195954743,0.1543262135261871,0.02609558226501499,0.16803676540578885,0.025648361673991732,0.17115307599586055,0.0257826420878904,0.16880925253813736,0.02561253124060343,0.16892456041563894,0.025106754137233515,0.16918003438648205,0.025261583680232683,0.16787348327295112,0.025353701963156436,0.16768417933295404,0.025282572237816336,0.08934579453595615,0.025345593461924668,0.09750499258968351,0.025345593461945176,0.09828202103131588
820.0,0.17116010064139084,0.0258258196457996,0.1699722508899549,0.025836810417751554,0.1680031702775785,0.02568822575501272,0.16413078498185243,0.02588900660153182,0.1595560411518877,0.026196671648087033,0.1528889226354755,0.026746107703581597,0.1667034611499932,0.026085819899280806,0.16983853747600694,0.026160844990311134,0.16748360484752983,0.026042291140160424,0.16764254601848017,0.0255410653368666,0.16788641682996286,0.025683277859574638,0.16657388930007389,0.025792265826194365,0.16638400334241965,0.025721675692632055,0.08805306301918503,0.025604284012238965,0.09658095043138408,0.025604284012282895,0.09738704321307569
821.0,0.1698299229738215,0.026238613138041853,0.1686467982025453,0.02626124352337635,0.16667289218735176,0.02613417146480927,0.16277207065796626,0.0263894194502804,0.15814803274001515,0.026778718820309286,0.1513875519967285,0.027523550862385112,0.16533054532179584,0.026559210152463233,0.16849035193868164,0.026563184985675337,0.1661192858271695,0.02650107468341901,0.16632148858591853,0.025999392015000216,0.16655486117797308,0.026130987714270658,0.16523493021077504,0.026258410973111924,0.16504429165125603,0.026188617061676536,0.08692015225320736,0.024449155137036375,0.09576153131606278,0.024449155137106778,0.09660312062382369
822.0,0.16846268796382347,0.02667896219085797,0.16728330120977056,0.026715493549949287,0.16530214295908094,0.026616224647485216,0.161366936228799,0.02694783724520601,0.15668430832855246,0.027455818823964615,0.14980958431972793,0.028469711282450075,0.16391453127285466,0.02707439433371186,0.16710574021098895,0.027003908618398353,0.16471307211999942,0.027002169368743906,0.16495882563849182,0.02649293046553892,0.1651826201620276,0.026615441336663347,0.16385343688213933,0.02676770872946057,0.16366181588589684,0.02669942959103843,0.08622490574551561,0.02096626775216872,0.09520467127616637,0.020966267752253263,0.09608065665566407
823.0,0.16705535660715057,0.02716102515085981,0.16587834610501656,0.027217217012107407,0.16388671746843303,0.027156309397861084,0.1599089979785312,0.027592949524927305,0.15515517540775703,0.02826412770169816,0.14813985086902565,0.02963434375388679,0.1624506397047451,0.027652519207509642,0.1656802979103023,0.02750571419426066,0.16326008848751353,0.027569268880517344,0.1635504157450812,0.027044207860467993,0.1637654158871512,0.02715885437263891,0.16242447005282032,0.02734487277748925,0.16223155200560188,0.02727903186724527,0.08608078669417231,0.016323394179374347,0.09497317866183805,0.016323394179448867,0.09586954995836874
824.0,0.16560319838933596,0.02770880442948075,0.16442666304771983,0.02779229346021746,0.16242032942489443,0.027783059504524768,0.1583894456267459,0.028359543577414444,0.1535483057587138,0.02924678106584581,0.14636216022703663,0.031067667608674205,0.16093200223211424,0.028322964893306442,0.16420757974753217,0.02809677702073517,0.16175327309264004,0.02823265713447715,0.16208998964443366,0.027682313427809472,0.1622968729337349,0.027790078364912662,0.16094086539061164,0.028020821542166,0.160746236769654,0.027958495719254527,0.08628152652405956,0.01286001883391836,0.09494514471471416,0.012860018833959073,0.095847497897568
825.0,0.16409933048378195,0.028352433456967502,0.1629207596472495,0.028472390125455136,0.16089435323561277,0.02853072869467076,0.15679700839657573,0.02928823738964238,0.1518494215722654,0.03045071956701783,0.14446581079760973,0.03278600532460008,0.15934926314920156,0.029121941643111778,0.16267893916821852,0.028810081738346986,0.1601831282890802,0.029028596154180495,0.16056890980306204,0.028441911281358652,0.1607682675905228,0.02854358636659544,0.15939304911128718,0.028832169033517978,0.15919619172881702,0.028774582382831135,0.08658236105993965,0.011270450390272059,0.09497744628873375,0.011270450390274361,0.09587939533342464
826.0,0.16253459147268828,0.029127009251471173,0.1613508913654653,0.029293852779359354,0.15929796875697927,0.02943778431372352,0.1551187814319039,0.03042108032443637,0.15004559711334567,0.03190901132980669,0.1424664452891636,0.034652599394473745,0.15769053149429382,0.03009191894506427,0.1610838277726552,0.02968124216021478,0.15853790728370756,0.029997920724396592,0.15897634124249807,0.029361782937731666,0.15916868885553756,0.02945801844641196,0.15776936754974258,0.02981914641650969,0.15756967687823897,0.029767570206580617,0.0868621785387143,0.010908848136101842,0.09499977240596337,0.010908848136075393,0.09590031117803048
827.0,0.16089803452579213,0.03006924639638171,0.15970582612142356,0.030292940840985254,0.15761948411955481,0.030539184530515552,0.1533438009073126,0.03178113612761613,0.14813650155810343,0.03357554075083818,0.14046213332409102,0.03604717029940281,0.15594227769160987,0.03127679559902798,0.15941151740431073,0.030737833544372286,0.15680513851050545,0.03117742092062087,0.15730064608956118,0.030476756957796558,0.1574864155544328,0.03056816735245064,0.1560580252675657,0.031014450003840167,0.15585490879738317,0.030969686434968925,0.08708376554533476,0.011072005535079376,0.09499084092305579,0.01107200553503577,0.09589097137669339
828.0,0.15917929013732562,0.031203018194297272,0.15797605009489138,0.03148611240053418,0.15585129154216623,0.031836195191945874,0.1514748222561335,0.03330077346505134,0.1461672350562192,0.0351247761764116,0.13873141884493095,0.0353744889687599,0.1540931944330208,0.03270005238977003,0.15765715882385348,0.03196047709717622,0.15497728476476347,0.03256600716649544,0.15553455243251044,0.03178631118768222,0.15571404172099698,0.03187379136184283,0.15425394203352266,0.03240145154998715,0.15404716242331679,0.03236194906622174,0.08724320610864802,0.011391980614909787,0.09494865120373992,0.011391980614857394,0.09584984962823116
829.0,0.15737652610733466,0.03248861270524367,0.15616418840846175,0.03280300942699973,0.1540053140391885,0.03319779786924645,0.14956186675784133,0.03461025039252515,0.14430314736227107,0.03551352214569347,0.13770522166488966,0.030845872732361106,0.15214685555866775,0.03428840796985165,0.15584007163279914,0.033161294383662734,0.15306928990974678,0.034014407626240584,0.15369119370961676,0.03315238953639815,0.15386440273935545,0.033238060489120626,0.15237947974191027,0.033782066755233334,0.152170163850164,0.03373823136254764,0.08734688251149049,0.011724628870918385,0.09487706563879003,0.01172462887086121,0.09578075960941271
830.0,0.15551975582334263,0.03366949847509148,0.15431451352725417,0.03389227542015515,0.1521542876451785,0.034095282020721804,0.1477750689750678,0.034610760605825706,0.1428979577077207,0.03286188693600642,0.13754217096915483,0.023534684201565653,0.15015754448224622,0.035648187172455846,0.15405015279604775,0.03368160702626217,0.15116484944443384,0.034932583900312474,0.15184667807361804,0.03402670367205049,0.1520129166800957,0.034116037689662794,0.15053669720881882,0.034447629783209685,0.1503296237985749,0.03437006347165246,0.08740327367546838,0.012022797120706327,0.09478107147595735,0.012022797120646283,0.09568849790321139
831.0,0.15372634653786402,0.03392319898814508,0.15257735170982614,0.03373261404659852,0.1505071305449193,0.03320107240229695,0.14645617731365676,0.03151203417646236,0.14228505093879718,0.02659583911075675,0.13791873039407526,0.016667836862851157,0.14830689430273347,0.035622274548599286,0.15251919674127984,0.032068792176110555,0.14949669386869172,0.03388062126911099,0.15021603827027158,0.03305398293475065,0.1503735405920139,0.033156187911700274,0.14898479097864153,0.03283859500283642,0.14879031739174575,0.03267985313513294,0.08742036574651822,0.012275649992982196,0.09466530942394287,0.012275649992921637,0.0955774994225606
832.0,0.1522676701745787,0.03165689476635435,0.15125815720540586,0.03066602736014245,0.14940609726704948,0.02897480872604223,0.14588905783660144,0.025131038497564477,0.14236157079530654,0.01937451567549132,0.13846025750335167,0.011905587826700953,0.14695334341468316,0.03236532831902465,0.1515681017177181,0.02714380557402872,0.14842615841396725,0.029322221601173624,0.14914302271765054,0.028725967410327447,0.14929028398518304,0.028840088509733127,0.14807085017440355,0.027722645938131795,0.14789811579468953,0.027486811371921698,0.08740499719813132,0.012484865848989085,0.09453371720142577,0.01248486584892822,0.09545151829297739
833.0,0.15145249169438096,0.02609120821893885,0.1506214350621927,0.024535605238684713,0.14901571111206977,0.02231084174478893,0.14593673480428623,0.018285821266224758,0.14274894026182805,0.013840974647625046,0.1389789888223066,0.009295958182606957,0.14638377897719912,0.025753355176097344,0.1512691104895877,0.020544174128038894,0.14809573367424764,0.022389101556978517,0.1487794275123056,0.0220435984986108,0.1489181613382598,0.022146813023123033,0.1478560526717349,0.020822409840717284,0.14770183063203157,0.020594469875451826,0.08736283265921052,0.012655810922929821,0.09438952980353062,0.012655810922868525,0.09531363549225481
834.0,0.15126685045005875,0.019452602452330055,0.15055576108098453,0.01807477734811413,0.14910259071085033,0.01625915092953342,0.14624529099075312,0.013367168541443347,0.14318306891570562,0.010632251821762532,0.139414864024794,0.008308004034970186,0.14644557793884283,0.018697825015005616,0.15135132635940088,0.015220706473663984,0.14823888427115908,0.016201696622813778,0.1488818923695014,0.016054931549990256,0.14901563786247712,0.016131282727374217,0.1480388975241681,0.015133846294430977,0.14789416964763447,0.014968005687767506,0.08729851570571902,0.01279437449004734,0.09423537784821479,0.0127943744899864,0.09516635521576276
835.0,0.15140324024638982,0.014479019449976253,0.15073953136629814,0.013625347014795538,0.1493519222923223,0.012480357745510977,0.14658417737306234,0.010773724753771178,0.14355935696574162,0.009307826032226296,0.13975964211527897,0.008259269196955422,0.1467719333732121,0.013602474447468878,0.15154067699347348,0.012274937436926873,0.14853338276958297,0.012327866562918158,0.14913849778022661,0.012347902177956784,0.14926954320870872,0.012400649440795053,0.1483281228723599,0.011807170384315164,0.14818723544896106,0.0117002165523586,0.08721584992450182,0.012905919044889405,0.09407339861995623,0.012905919044829193,0.09501171160730279
836.0,0.15161048673105465,0.011878811031735832,0.15095722301205064,0.011479464126835676,0.14959505423985664,0.010833557064214091,0.14686546335167672,0.009890767597226827,0.14385200849423332,0.009112681643043618,0.14002168313898292,0.008616281811788824,0.14712738942509154,0.01086830964477626,0.15170681865189542,0.011217860082647113,0.14881380125503685,0.01060526079659541,0.14938539801601947,0.010748448431467836,0.1495146300595821,0.010787365926682215,0.14858795741105527,0.010470108480161156,0.14844869868384294,0.010399089299093502,0.08711796186655264,0.012995014261293743,0.09390533428979549,0.012995014261234138,0.09485136263093323
837.0,0.1517803317580685,0.01102719027284134,0.15112524169083544,0.010886538798020028,0.1497752510468888,0.010497761877142561,0.14706888840218607,0.009916087807169786,0.1440634520438098,0.009420196140998557,0.14021308684557687,0.009094479695553664,0.14742262210918364,0.009897664565045792,0.15181002075355174,0.01116905090357724,0.14902617996651113,0.010229225086147655,0.149568272941817,0.010435149879057783,0.14969592362656234,0.010468137243541927,0.1487776796654757,0.010287006473990116,0.14863940692531283,0.010231756187677318,0.0870074354769191,0.01306545015536623,0.09373261214717901,0.013065450155307304,0.0946866665704966
838.0,0.15188291866795298,0.011067676721582475,0.1512237963678385,0.011035152620549427,0.1498831160860752,0.010746207270971872,0.14719796837495466,0.010297761804778285,0.14420408464757814,0.009887061335753677,0.14034550415969715,0.009573809277743995,0.1476371896492802,0.009886181262966472,0.15184635585488876,0.011512998445628317,0.1491625884083166,0.010467770848138871,0.1496786107813781,0.010691662661115849,0.14980468840792857,0.010722852175377957,0.1488937469464769,0.010594310027655936,0.14875637406811043,0.010543803608107595,0.08688641931027512,0.013120337233437975,0.09355640814530522,0.013120337233379449,0.09451874255104958
839.0,0.15191780444586003,0.011442086049530214,0.15125572205713378,0.011442780706249767,0.14992484003054093,0.011181991049587536,0.14726272778404267,0.010769659388560953,0.1442852851311102,0.010366861004651437,0.14042900560581062,0.010011290860343611,0.14777483785587328,0.0102612932426254,0.15182308627606853,0.011957147072586239,0.14923002118881828,0.010909574651029617,0.1497228708398317,0.011129376834103,0.14984732706894463,0.01116037404529169,0.14894416176021008,0.011047830857239004,0.14880776813787575,0.01099753930437002,0.08675671097938983,0.013162221744336249,0.09337769667527777,0.013162221744278498,0.09434851791765166
840.0,0.15189330784805605,0.01189334493967572,0.15123012117729867,0.011897463721823667,0.14991035096522648,0.011638033420730198,0.14727379725878242,0.011226902431445866,0.14431728788151163,0.010806660128689877,0.14047197100869555,0.010395586863529734,0.14784593325750073,0.010739922027107112,0.1517497744703699,0.012388271881883553,0.14923891460741828,0.011378084774142806,0.14971103483242248,0.011585230839407181,0.1498338202046831,0.01161649790770337,0.1489392478517016,0.011506446300914283,0.1488039434172296,0.011454877664634468,0.08661982349902243,0.013193191079743129,0.09319728948266667,0.013193191079685966,0.09417676526835703
841.0,0.15181921845399937,0.012323633573976443,0.151156744800205,0.012321103707104422,0.1498493947444686,0.012054806478862975,0.1472406469432397,0.011634807054879497,0.14430872983598458,0.011191855684309885,0.14048128493684092,0.010727486947939107,0.14786144841876336,0.011208495203178584,0.15163542669107216,0.012769716398458525,0.1491993770081103,0.011809253488226366,0.1496528346455356,0.012001288944918375,0.14977391396287315,0.012032861177537565,0.14888869287722728,0.011921134100883914,0.14875457586967636,0.011867989146497724,0.08647703753041547,0.013214962550355073,0.09301586618123447,0.013214962550298411,0.09400413148679791
842.0,0.15170451087452363,0.012702140348261259,0.15104430023307971,0.012690562937050098,0.14975044115891284,0.012416113371149647,0.14717123797470036,0.011986276438401557,0.14426673533961473,0.011522469968376052,0.14046259213925275,0.011011958140002932,0.1478311579745374,0.011628563279648532,0.15148775498807016,0.013094317028366987,0.14912015655412972,0.012184945047822037,0.14955670959752532,0.012361918711014178,0.14967606386694163,0.012393696485582908,0.14880079016494843,0.012279590499133023,0.14866793701335354,0.012224990454389082,0.08632944272588404,0.013228955517279267,0.09283399830316343,0.013228955517223407,0.0938311606233955
843.0,0.15155680164216317,0.013023745600627662,0.15090010812032628,0.01300349306231837,0.14962054293117988,0.01272195664827668,0.1470721253467066,0.012284284145206313,0.14419714280992324,0.011803567300106949,0.14042053413004116,0.011254973618611362,0.1477632820645846,0.011991536251508129,0.1513131413576081,0.013365417348890934,0.14900852862977115,0.012504389203148928,0.14942968215388258,0.012667291593735057,0.1495473065035749,0.012699148435466595,0.1486824093032305,0.01258312625924368,0.14855087502775532,0.012527314219680011,0.08617797065111225,0.013236349056405696,0.09265216837640959,0.013236349056350204,0.093658312044834
844.0,0.1513823763526087,0.013292410651501102,0.15073019071990912,0.01326472054427741,0.1494654856404251,0.012977775762767168,0.1469486754559186,0.012534939809448583,0.14410474021265912,0.012041469069921814,0.1403589469408782,0.011462297330778724,0.1476645918394944,0.012299871541225067,0.1511168066497285,0.013589500404997103,0.14887046107954677,0.012772763753836992,0.14927751252813737,0.012922871343382665,0.14939341330981878,0.012954690638324861,0.14853917868046895,0.01283751457520104,0.1484090002228945,0.012780745354795339,0.08602342117903489,0.013238127761807586,0.09247078516220078,0.0132381277617527,0.09348597493030039
845.0,0.1511863759019941,0.013514721564070643,0.15053947110750396,0.013480976611673946,0.14928999994086012,0.013190286959800375,0.1468052859620817,0.012744815286671147,0.14399346984511774,0.012242316620563475,0.14028101993876607,0.011639071276119867,0.14754063286205227,0.012559572335594496,0.15090301423211583,0.013773414448110402,0.1487108359541887,0.012996744819900739,0.14910491148923188,0.01313535008480181,0.14921910359063364,0.013167035133766148,0.14837570315712492,0.013049455795798,0.14824690305621446,0.01299195883533454,0.0858664837975233,0.01323511808568515,0.09229019591149204,0.013235118085631107,0.09331447993168565
846.0,0.15097300221188859,0.013697458899156096,0.15033197618360894,0.013658932739195672,0.1490979617604974,0.013365946511181536,0.14664557529190134,0.012919979473219793,0.14386659546668254,0.012411586109567158,0.14018942139376384,0.011789728752958875,0.14739595116735432,0.012777269234246134,0.15067525479276725,0.013923406042048028,0.1485336562745061,0.013182841255197758,0.1489157398963412,0.013311147746003603,0.14902824452252295,0.013342622273112708,0.14819576113130115,0.01322528102102638,0.14806835075042543,0.013167251186630657,0.08570775492996995,0.01322801722237806,0.09211069629237637,0.013228017222324416,0.09314410861805834
847.0,0.15074570053621847,0.013846758702025981,0.15011101211732072,0.013804543504421552,0.1488925607928252,0.01351045527937042,0.14647253675192368,0.013065716575973612,0.14372683526844882,0.012553985168719533,0.14008639731783712,0.011918033599092086,0.14723428832249913,0.01295914928117843,0.15043639958339286,0.014044860080044094,0.14834221934078745,0.013336841162404491,0.14871317626731925,0.013455929632533673,0.1488240191935526,0.013487135244065113,0.1480024678915015,0.01337054705440504,0.14787645003687633,0.013312145625914746,0.0855477521096538,0.013217416147094986,0.09193253848543663,0.01321741614704181,0.09297510117727066
848.0,0.15050730934586776,0.013967897774778582,0.14987930716495715,0.01392290075601876,0.14867643620650867,0.01362867016060429,0.1462886609707568,0.013186510571487222,0.14357646670137014,0.012673495217273342,0.13997384935718907,0.012027161195434228,0.14705874020534926,0.013110628647442975,0.15018882305938208,0.014142306875938399,0.14813925611039175,0.013463697140989824,0.14849985163095206,0.013574521933254754,0.14860906185617379,0.013605414947425848,0.1477984063847101,0.013489979389154161,0.1476737773593115,0.013431338293542682,0.08538692565438621,0.013203818074933671,0.09175593782802743,0.013203818074881022,0.09280766273706392
849.0,0.15026017991981125,0.014065314497603894,0.14963912517249242,0.01401827804602136,0.14845178406548976,0.013724664963430826,0.14609603239021937,0.013286124397447764,0.14341740901735067,0.012773461282649248,0.1398533964309212,0.012119786407514361,0.1468718832538061,0.013236318097008658,0.14993449969328349,0.014219519340853177,0.1479270414725039,0.013567575649803551,0.14827795623938964,0.013670973284540089,0.14838556495898136,0.01370152177860669,0.14758573050327964,0.013587541710307956,0.14746248169504073,0.013528768327641945,0.08522566834168227,0.013187653324920489,0.09158107830128263,0.013187653324868369,0.09264196858525087
850.0,0.15000627069967362,0.014142708038605244,0.14939235501845208,0.014094235496180248,0.14822044190539904,0.013801836296223105,0.1458964052505524,0.013367703915117308,0.1432512884469619,0.012856689342632574,0.13972642378389696,0.012198164985338789,0.14667587402461504,0.01334009506713651,0.14967508013436953,0.014279629944784137,0.14770748107867193,0.013651958249867695,0.14804932358832928,0.013748660164015204,0.148155363414379,0.013778841479749058,0.1473662463910069,0.013666541840928562,0.14724436549431463,0.01360772342477628,0.0850643234738087,0.013169291352421963,0.09140811708799498,0.013169291352370162,0.09247816850595027
851.0,0.14974722156240622,0.01420315338978846,0.14914058103379843,0.014153733724951212,0.14798395537155754,0.013863013285207431,0.14569126361343254,0.013433879267576039,0.14307948992287509,0.01292553599514955,0.13959412227366866,0.012264204134879648,0.14647252763976198,0.013425205803952924,0.14941195122064513,0.014325241061077876,0.1474821797794855,0.013719749898081529,0.14781549662710466,0.01381039579493519,0.1479200009981855,0.013840194518917564,0.14714147655632626,0.013729738699476987,0.14702094851073616,0.01367094613778966,0.08490319163796081,0.013149050541572546,0.09123718837963538,0.013149050541521398,0.09231639040152217
852.0,0.1494844124176463,0.014249208803213752,0.14888513861103767,0.014199237990261892,0.1477436309255246,0.01391055630194606,0.14548186901820376,0.013486854192700208,0.1429031983755453,0.012981985782769991,0.1394575200464585,0.012319521817833788,0.14626337978429915,0.01349436716315695,0.14914628347319733,0.014358520337117554,0.1472524957786584,0.013773377726027578,0.14757778013908981,0.01385852806176768,0.1476807828745511,0.013887934422544221,0.14691271064977549,0.013779437696521261,0.14679351836251656,0.013720728601867627,0.08474253640233077,0.013127206217200421,0.09106840657281956,0.013127206217149537,0.09215674333364421
853.0,0.14921900965327192,0.014283008351641533,0.14862715833899742,0.014232807100657685,0.14750057776140463,0.01394644074747747,0.14526929855088244,0.013528481265291827,0.1427234319195101,0.013027715820093677,0.13931750824848507,0.012365495812461592,0.1460497359513233,0.013549857245658208,0.14887906890002053,0.014381279948522913,0.14701958372288187,0.013814875506742468,0.147337282410206,0.013895022589554268,0.1474388173745593,0.013924031197407172,0.146681045911188,0.013817571436940927,0.1465631708146917,0.013758992645095905,0.08458258913927617,0.013103997234271112,0.09090186896630995,0.013103997234220772,0.09199932008925732
854.0,0.1489520031654084,0.014306338802371964,0.14836760124347545,0.014256166957270082,0.14725574135038375,0.013972326219805712,0.14505447545423225,0.013560323926092323,0.14254106870162317,0.013064148988396859,0.13917486203349122,0.012403304008922892,0.1458327107943282,0.013593592207730846,0.14861115127921254,0.014395041242485244,0.1467844292042209,0.013845953727658827,0.14709494858506905,0.013921531334366653,0.1471950494363514,0.013950140194157216,0.14644741959469032,0.013845766294171781,0.146330842078029,0.013787355870758482,0.0844235531283008,0.013079631424973431,0.09073765804712886,0.01307963142492353,0.09184419935560634
855.0,0.14868423607170778,0.014320702355240963,0.14810728710965568,0.014270770472550608,0.1470099304628221,0.013989612869603485,0.1448381939046754,0.013583707096408978,0.1423568687658448,0.013092497414466393,0.13903025783681816,0.012433957418356604,0.14561325977876505,0.013627189823662412,0.14834325057871056,0.014401087023246913,0.14654787656906304,0.013868056880911993,0.14685158754561028,0.01393944847954552,0.14695028754805756,0.013967658218034673,0.14621263513534105,0.013865396676681288,0.14609733487901128,0.013807185526038226,0.08426560706173664,0.013054290123628224,0.09057584343678388,0.013054290123578704,0.09169144757196647
856.0,0.14841642871152497,0.01432736744464187,0.14784691739560735,0.014277846070578444,0.14676383908093887,0.013999487063339242,0.14462113920019015,0.013599758311157699,0.14217149197483692,0.013113797925218856,0.13888428766656352,0.012458327216516393,0.14539220480863407,0.013652021487759786,0.14807598277857667,0.014400503724095697,0.1463106514809535,0.013882410003387526,0.14660789371418556,0.013949955737905952,0.14670522560009702,0.013977768998432394,0.1459773834055566,0.01387762904385567,0.14586333964187442,0.013819642200547145,0.08410890805241113,0.01302813194333844,0.09041648355490535,0.01302813194328925,0.09154112051253238
857.0,0.1481491981591368,0.014327409772571192,0.14758709389161953,0.01427843687391745,0.1465180642841324,0.014002958335396106,0.1444039043146224,0.013609441129255887,0.14198551279096078,0.01312894097077622,0.13873747099611075,0.012477166939767243,0.14517025511113615,0.013669254555153929,0.1478098760655672,0.014394215436195254,0.1460733793462972,0.013890056414334667,0.14636446485491214,0.013954059022034542,0.14646046072443072,0.013981479989521465,0.14574226009490351,0.013883457573119283,0.14562945181082815,0.013825715241659514,0.08395359422408484,0.01300129594243841,0.09025962704678651,0.013001295942389603,0.09139326464472404
858.0,0.14788307419073818,0.01432174546885037,0.14732833401212456,0.014273432395401109,0.14627312093947534,0.014000889327544074,0.1441870035562509,0.01361358231447869,0.1417994325395797,0.01313869426787437,0.13859026471566274,0.012491130753627388,0.14494802436541837,0.013679886782304923,0.14754538414676896,0.01438301142998796,0.14583660045642163,0.013891888341019067,0.14612181669963886,0.013952618164098613,0.14621650794968175,0.01397965219160746,0.14550778000926504,0.013883733101640983,0.14539618610449284,0.013826251496711139,0.08379978695071748,0.012973904290891512,0.09010531401272899,0.012973904290843096,0.0912479182989602
859.0,0.14761851243045773,0.014311157951849444,0.14707108340482639,0.014263594234556507,0.14602945384110658,0.013994020112457203,0.1439708839035636,0.013612894011544235,0.14161368964115917,0.013143722186566743,0.13844307150341964,0.012500788540380881,0.14472604483711216,0.01368477437681425,0.14728289726012514,0.01436756848994722,0.14560078250630482,0.013888671833306563,0.14588039503760988,0.013946371068030214,0.14597381231327897,0.013973024382592708,0.1452743889060561,0.013879186676031767,0.145163988316149,0.01382197870440216,0.08364759279885214,0.012946064524954348,0.08995357707030567,0.01294606452490637,0.09110511267949337
860.0,0.14735590523776382,0.014296319760837367,0.14681572640843804,0.014249576986878936,0.1457874477994002,0.013982988025858983,0.1437559344658928,0.013607991904379023,0.14142866819445224,0.013144601704765092,0.13829624690258077,0.012506638406811744,0.1445047791105118,0.013684654902391095,0.14702275133211837,0.014348469114106841,0.14536633100404744,0.01388106710096249,0.14564058576626748,0.013935953407746135,0.14573275892963278,0.013962232878264664,0.1450424733459426,0.01387044878382208,0.14493324513808295,0.013813524600322544,0.08349710521796987,0.012917871461273288,0.08980444227515368,0.012917871461225588,0.09096487274067536
861.0,0.1470955907748891,0.014277810373063415,0.1465625947743751,0.014231945327773674,0.14554743607215143,0.013968343903101432,0.1435424944210438,0.013599410144702135,0.14124470521309862,0.013141835590723986,0.13815010533238836,0.01250911709441261,0.14428462988089857,0.013680166047016704,0.14676523563540492,0.014326216409793703,0.1451335979737837,0.013869645180218576,0.14540272329276216,0.013921914758735686,0.14549368140498636,0.013947827712638078,0.14481236893788155,0.013858065122799182,0.14470429238502297,0.013801432585693848,0.08334840601603546,0.012889408828030722,0.08965792992152294,0.012889408827983409,0.09082721794883945
862.0,0.14683786059867648,0.014256130807809343,0.14631197497875212,0.014211188032616588,0.14530970744665694,0.013950565430295528,0.14333085970851872,0.013587613677852356,0.1410620967562141,0.013135863340487589,0.13800492521667,0.012508608678923068,0.14406594817100485,0.01367186106168099,0.14651059922467696,0.014301246341403135,0.14490288926935965,0.013854901650293308,0.1451670975930596,0.013904731866600609,0.14525686890687442,0.013930285944911646,0.14458436727486176,0.0138425095876499,0.14447742191278112,0.013786174633317709,0.08320156665126566,0.012860750660013756,0.089514055240223,0.012860750659966775,0.0906921629465985
863.0,0.14658296604888923,0.014231715651235571,0.14606411438304043,0.014187729534729254,0.145074512217714,0.01393006817212836,0.14312128870012383,0.013573008464076459,0.14088110314565677,0.013127070290975984,0.13786095337782903,0.01250545186975422,0.1438490402596453,0.013660221513308826,0.14625905637168046,0.014273937847725229,0.14467447075060255,0.013837267971669055,0.14493396017223079,0.013884819609667661,0.1450225721322615,0.013910022652465577,0.14435872179645623,0.01382419501253995,0.14425288746728882,0.013768161965130296,0.08305664936608358,0.012831962495902825,0.08937282900872542,0.012831962495856065,0.09055971813356968
864.0,0.14633112364926865,0.014204943002920113,0.1458192264489459,0.01416193949718195,0.1448420672569357,0.013907214721748391,0.14291400702576892,0.01355594999164735,0.14070195342494873,0.013115795244979597,0.1377184088165209,0.012499946159150477,0.14363417355194327,0.01364566786424015,0.14601079117580354,0.014244621237902629,0.14444857352307866,0.013817120899998996,0.14470352912006007,0.013862540097207554,0.1447910083692054,0.013887400053178213,0.14413565276686288,0.013803482097020009,0.1440309096518177,0.013747753925464646,0.08291370818516233,0.012803102409217143,0.08923425808577462,0.012803102409170828,0.09042989017530562
865.0,0.14608251969429095,0.014176142740710232,0.14557749517223126,0.014134140775586881,0.14461256033019124,0.013882322326351315,0.1427092116975789,0.013536750397856677,0.14052484918565994,0.013102336877499654,0.13757748597513308,0.012492357022660664,0.1434215815750212,0.013628568286435567,0.14576596149192494,0.014213585190392381,0.14422539840268872,0.01379479033658654,0.14447599341798795,0.013838210253941748,0.14456236580833237,0.013862735109107332,0.14391535152003657,0.013780686855144771,0.14381168016354456,0.01372526538734445,0.0827727897959405,0.012774221898828365,0.08909834588094602,0.01277422189878227,0.09030268245032651
866.0,0.14583731416075416,0.014145603418831296,0.14533907886810093,0.014104616071690996,0.14438615378980502,0.013855669270130114,0.14250707464844178,0.013515684450662015,0.14034996786342485,0.013086959140010221,0.13743835756566358,0.012482920334077132,0.143211468247265,0.01360924603622008,0.14552470229006195,0.014181082613032626,0.14400511973532945,0.013770565903291126,0.14425151662325916,0.01381210817020829,0.14433680723040282,0.013836305891957114,0.1436979840945881,0.013756086858926524,0.14359536542154216,0.013700972960940432,0.08263393432726934,0.012745366660485546,0.08896509276793765,0.012745366660439893,0.09017809544364931
867.0,0.14559564405681125,0.014113578050260586,0.14510411341564813,0.014073613516955992,0.14416298774420028,0.013827500239743648,0.14230774577946992,0.013492994593893184,0.14017746558742922,0.013069895837327112,0.1373011770283694,0.01247184612737283,0.14300401154133963,0.013587985650390492,0.1452871285398606,0.014147335570421655,0.14378788867745562,0.013744702472221931,0.14403024003247947,0.013784478441195297,0.14411447317236345,0.013808356934546814,0.14348369435794345,0.013729926493192775,0.14338210968547643,0.013675120219695282,0.0824971760394568,0.01271657725717347,0.08883449644908704,0.012716577257128096,0.09005612709390826
868.0,0.1453576263000477,0.01408028897418559,0.14487271504894136,0.014041351377719384,0.14394318278889498,0.013798030852989997,0.14211135559386287,0.013468895219490387,0.14000747965219665,0.0130513545185149,0.13716608067622446,0.012459321813691145,0.14279936663873072,0.01356503817319595,0.14505333769591094,0.014112539444059267,0.1435738360238359,0.013717424835276616,0.14381228540804902,0.013755536674556021,0.14389548465556512,0.013779103748226475,0.14327260670131395,0.013702421396298174,0.1431720377461419,0.01364792211734125,0.08236254393709323,0.012687889703166191,0.08870655227746402,0.01268788970312098,0.0899367731001182
869.0,0.14512336019945052,0.01404593196991253,0.1446449827663674,0.014008022036047682,0.14372684236756905,0.013767451496316417,0.14191801748092675,0.013443576299059264,0.13984013066873913,0.01303151979679736,0.1370331895710023,0.012445514941825234,0.1425976686560483,0.013540625583129637,0.14482341184627212,0.014076866458566711,0.14336307465339937,0.013688931662795197,0.14359775733587465,0.013725473310958455,0.1436799455447137,0.013748736651300374,0.1430648283722519,0.01367376222749527,0.14296525725452938,0.013619568735652076,0.08223006231430248,0.012659335974220767,0.08858125354197811,0.012659335974175944,0.08982002719326188
870.0,0.14489292960290515,0.014010679747419558,0.14442100041731712,0.013973795370776799,0.1435140548199597,0.013735930588998224,0.14172782970290662,0.013417206482185943,0.13967552444227754,0.013010556192286615,0.1369026111692685,0.012430575574844222,0.14239903500899734,0.01351494455625707,0.1445974195757196,0.014040468681900746,0.14315570165160418,0.013659398872220079,0.14338674527086825,0.013694456874595477,0.14346794459412995,0.013717424025858203,0.1428604515000533,0.013644117875072425,0.14276186074439004,0.013590228476263197,0.08209975124078883,0.012630944454368397,0.08845859172016701,0.012630944454323792,0.08970588137711884
871.0,0.14466640476103046,0.013974684920080655,0.14420083851490867,0.013938821639755848,0.14330489516347275,0.013703617369793274,0.14154087712849983,0.013389935749160175,0.13951375361608626,0.01298861057439447,0.13677444077040732,0.012414638342782357,0.1422035674687224,0.013488169677228974,0.1443754175863141,0.014003480587276759,0.1429518001576876,0.013628982505091357,0.1431793253168978,0.013662636748779568,0.14325955722817763,0.013685315098456604,0.14265955485969764,0.013613638198126506,0.14256192739395393,0.013560050788827237,0.08197162699589225,0.012602740328112854,0.08833855670265413,0.012602740328068665,0.08959432614214954
872.0,0.14444384394957116,0.013938082545448573,0.14398455581530845,0.013903233945589047,0.14309942664761519,0.013670644284237771,0.14135723274957293,0.013361897689902086,0.13935489911444174,0.012965814267156376,0.13664876279379926,0.012397824220992252,0.1420113539557538,0.013460456188663051,0.1441574521108764,0.01396602124842325,0.14275144097711856,0.013597821192691902,0.14297556178014742,0.013630145554292079,0.14305484709478647,0.013652542322556832,0.14246220541252574,0.013582456377876324,0.14236552456482018,0.01352916851091293,0.08184570245678795,0.012574745925497038,0.08822113699273725,0.012574745925452959,0.08948535065571646
873.0,0.14422529488545127,0.013900992304303781,0.14377220069745614,0.013867150352239333,0.1428977021138643,0.013637129036679687,0.14117695901171712,0.013333211468138194,0.13919903141258183,0.012942284869675885,0.13652565190804275,0.01238024207537425,0.14182247010950602,0.0134319423532105,0.14394356014898368,0.013928196226890552,0.1425546839929293,0.01356603827620042,0.14277550852838916,0.01359710119415892,0.14285386742468703,0.013619223426588943,0.14226845965544238,0.013550690940805523,0.14217270914976135,0.013497699881551847,0.08172198744625071,0.012546981026361094,0.08810631988409881,0.012546981026317315,0.0893789429314804
874.0,0.14401079596599856,0.013863520375598072,0.1435638123714868,0.013830675707827174,0.14269976518833766,0.013603176359781288,0.14100010898441478,0.013303983519573855,0.1390462116570408,0.01291812783497408,0.13640517403165406,0.012361990008849471,0.14163698066499064,0.013402751489433866,0.14373377055051453,0.013890099199757765,0.14236157940410496,0.013533743635590366,0.14257921018344272,0.013563608617271869,0.1426566622236743,0.013585463180210288,0.14207836480548963,0.013518447504961287,0.14198352875620374,0.013465750279440662,0.08160048904466004,0.012519463129178541,0.08799409161919992,0.012519463129135065,0.08927508998043161
875.0,0.1438003773560082,0.01382576105479506,0.14335942193968446,0.01379390321929052,0.1425056513303705,0.013568879545077664,0.14082672739258847,0.01327430902447166,0.13889649265636975,0.012893437843248973,0.1362873872218736,0.012343156537830439,0.1414549406634753,0.013372993731989264,0.1435281049676542,0.013851813367703998,0.14217216881492123,0.013501035272107628,0.1423867031697479,0.013529761344172173,0.14246326732089498,0.013551354922204674,0.14189195984235775,0.013485820291876715,0.14179802274787334,0.013433413728006958,0.08148121187027996,0.01249220768906682,0.08788443753063166,0.01249220768902356,0.08917377794568689
876.0,0.14359406194350902,0.01378779815491213,0.1431590533300691,0.013756915816725558,0.14231538875645827,0.013534321770740515,0.14065685152799465,0.013244273188258373,0.13874991975907516,0.012868299999621842,0.13617234246568347,0.012323821622842518,0.14127639651960508,0.01334276755796741,0.14332657869319407,0.013813412676608253,0.14198648619531237,0.0134680006815396,0.14219801663861265,0.013495642790940563,0.14227371129263136,0.013516981886059725,0.14170927642786987,0.013452893439370379,0.14161622316365613,0.013400774202390945,0.08136415833137622,0.012465228328907497,0.08777734216736795,0.01246522832886437,0.08907499222292538
877.0,0.14339186618192853,0.013749706222914448,0.14296272411966182,0.013719787338856326,0.14212899925609368,0.013499577256648356,0.14049051205614066,0.013213952358235335,0.13860653163327305,0.01284279088156688,0.13606008438522985,0.012304057573637815,0.1411013869641113,0.013312161114232302,0.14312920140019875,0.0137749628803078,0.14180455872934786,0.013434718049270615,0.14201317328447474,0.013461327421134272,0.14208801627813142,0.013482418353245222,0.14153033971879583,0.013419742144628023,0.1414381555299028,0.013367906767568542,0.0812493288533048,0.012438537026954834,0.08767278940762911,0.01243853702691206,0.08897871756808082
878.0,0.14319380083361277,0.013711551598690188,0.14277044626192734,0.013682583565881118,0.1419464989136494,0.013464712271924887,0.14032773373211366,0.013183414999920555,0.13846636096042375,0.012816979457215594,0.13595065186808306,0.012283929846000116,0.14092994387838376,0.013281253374844556,0.14293597779586534,0.01373652246760956,0.14162640756638203,0.013401257293038042,0.14183219006733874,0.013426881750784807,0.14190619870149093,0.013447730659273408,0.1413551690866601,0.01338643366214787,0.1412638395799123,0.01333487857206716,0.08113672208322939,0.01241214428384219,0.0875707625598547,0.012412144283799576,0.08888493819370981
879.0,0.14299987162751482,0.013673393339389656,0.1425822267307369,0.013645363121680316,0.14176789874825174,0.013429786016041993,0.14016853603684495,0.013152722552811805,0.13832943505371603,0.012790927892416547,0.1358440786313574,0.012263497744824815,0.1407620930347355,0.013250115152962474,0.14274690820059094,0.013698143472939846,0.14145204848731277,0.01336768097513232,0.14165507885330886,0.013392365227456588,0.14172826991164908,0.013412978073586974,0.14118377875653632,0.013353028177202499,0.14109328989245834,0.013301749717802501,0.08102633507495337,0.012386059271492342,0.0874712444530967,0.012386059271449944,0.08879363785529598
880.0,0.14281007984200667,0.013635284028260787,0.14239806809145278,0.013608178263859984,0.14159320528202765,0.013394851391247695,0.14001293374360818,0.013121930182262702,0.13819577641030345,0.012764692261680248,0.13574039372747812,0.012242815045872048,0.1405978547542876,0.013218809987724785,0.14256198906165368,0.01365987218694709,0.14128149249659022,0.0133340451023454,0.14148184698357746,0.013357831001028624,0.14155423675075635,0.013378213570986414,0.14101617837480257,0.013319579572202138,0.1409265164594431,0.013268574023334279,0.0809181634558845,0.01236028996610631,0.08737421751798627,0.012360289966064152,0.0887047999285746
881.0,0.14262442282215118,0.013597270484108056,0.14221796900820752,0.013571075577222277,0.14142242104553818,0.013359955681311422,0.13986093742326633,0.0130910874416058,0.13806540320526647,0.012738323175858397,0.1356396219983854,0.012221930546774328,0.14043724449264794,0.013187394923426573,0.14238121340958124,0.013621749780840393,0.14111474634913568,0.01330039982912752,0.14131249778062493,0.013323326601125474,0.1413841020598028,0.013343484509552923,0.1408523735147536,0.013286136100664495,0.1407635251913768,0.01323539969516113,0.08081220157805358,0.012334843267110682,0.08727966385928965,0.012334843267068712,0.08861840747884397
882.0,0.14244289443957628,0.013559394385002475,0.14204192469521626,0.013534096583840171,0.1412555450280689,0.013325141149290601,0.13971255389559278,0.01306023885652304,0.13793832973415268,0.012711866337502781,0.13554178448405646,0.012200888556347683,0.14028027336223042,0.013155921195635434,0.14220457126420216,0.01358381285614837,0.1409518130200844,0.01326679007705445,0.1411470309993073,0.013288894533838207,0.14121786512911455,0.01330883322773807,0.14069236612742347,0.013252740981248179,0.14060431836821838,0.013202269919448726,0.0807084426548228,0.012309725103701177,0.08718756532094739,0.012309725103659363,0.08853444332313197
883.0,0.1422654855018251,0.013521692817805032,0.14186992731885284,0.013497278280932652,0.14109257307935447,0.013290445565108768,0.13956778663304026,0.01302942444188216,0.13781456681002446,0.012685363033243266,0.13544689879043992,0.012179729329971833,0.14012694859870467,0.013124434836694676,0.1420320499964371,0.013546093929822253,0.1407926921241654,0.013233256081739463,0.14098544322942835,0.013254572808480676,0.1410555221002972,0.013274297571388175,0.14053615494425375,0.013219432922451667,0.1404488950420616,0.01316922338473826,0.08060687888470046,0.012284940530405896,0.08709790354438643,0.012284940530364406,0.08845289008593933
884.0,0.1420921841173259,0.013484198763335573,0.14170196635636503,0.01346065361606671,0.1409334982684973,0.013255902672146323,0.13942663612243572,0.012998680159770418,0.13769412212021817,0.012658850571194591,0.13535497942135452,0.01215848945771164,0.13997727397830356,0.013092977211205213,0.14186363465100288,0.013508621863149991,0.14063738029064532,0.013199833876682825,0.14082772825547807,0.013220395403542074,0.14089706632538862,0.013239911359879291,0.14038373583720476,0.013186246587015883,0.14029725139731616,0.013136294744626416,0.08050750156363201,0.01226049381291522,0.0870106600208128,0.01226049381287386,0.08837373024926176
885.0,0.1419229760210919,0.013446941525579691,0.14153802891628864,0.013424251907817293,0.14077831120498976,0.013221542600705375,0.1392891001894425,0.01296803832620198,0.13757700054733318,0.012632362670264853,0.13526603807823942,0.012137202210943856,0.13983125019153725,0.013061585490545705,0.14169930823463658,0.013471422241720014,0.14048587149898448,0.013166555722176133,0.14067387737849557,0.013186392679658973,0.14074248868815373,0.013205704799212662,0.14023510214122636,0.013153213003768054,0.14014938107327624,0.01310351502811414,0.08041030118683364,0.012236388505263394,0.08692581613809962,0.0122363885052223,0.08829694619745251
886.0,0.14175784486579862,0.013409947112110916,0.14137810002498638,0.013388099218855082,0.1406270003262565,0.013187392235085508,0.13915517428997404,0.012937527972923173,0.13746320445832436,0.012605929807286238,0.13518008393119565,0.012115897852464029,0.1396888751784324,0.013030293074175815,0.1415390519737647,0.01343451771263754,0.14033815737969232,0.013133450486216319,0.140523879704439,0.013152591746329571,0.14059177789186036,0.01317170484879043,0.1400902449433604,0.013120359933534196,0.14000527545334687,0.013070912004225648,0.08031526754126177,0.01221262751931852,0.08684335322282481,0.012212627519277637,0.08822252025747719
887.0,0.14159677248211833,0.013373238571886855,0.14122216288315406,0.013352218687438362,0.14047955215542704,0.013153475540065988,0.13902485177220616,0.012907175169846278,0.13735273396529096,0.012579579527075955,0.1350971238644055,0.012094603914386838,0.1395501444295534,0.012999129964394326,0.1413828455450893,0.013397928284330451,0.14019422748426474,0.01310054398341505,0.14037772240276522,0.01311901678812926,0.14044492071732187,0.013137935547653546,0.13994915334223537,0.013087712194831076,0.13986492392466976,0.013038510506570228,0.08022238978958464,0.012189213187417683,0.08676325257795561,0.012189213187376787,0.08815043473499583
888.0,0.14143973911184352,0.013336836295719813,0.14107019909569038,0.013316630822457749,0.1403359515326701,0.013119813851781703,0.13889812411243374,0.012877003312886649,0.13724558716093405,0.012553336719857462,0.1350171626985549,0.012073345447592084,0.13941505125662781,0.012968123100276244,0.1412306672821046,0.013361671593540738,0.14005406952768504,0.013067859277052334,0.14023539093858867,0.013085689355406242,0.14030190225448372,0.01310441830516474,0.13981181468121412,0.013055291954256011,0.13972831411145076,0.013006332722752019,0.08013165654649927,0.012166147318883902,0.08668549551660239,0.01216614731884327,0.08808067194673123
889.0,0.14128672361678815,0.013300758283989323,0.14092218887782573,0.013281353766476461,0.14019618182301677,0.013086426137304348,0.13877498112757777,0.012847033381337122,0.1371417603313296,0.012527223869868966,0.13494020339266063,0.01205214524597171,0.13928358703611976,0.012937296655753721,0.14108249436022302,0.01332576314347449,0.1399176696064429,0.013035416948736422,0.14009686928126844,0.013052628623749302,0.14016270611051382,0.013071172160436113,0.13967821475807318,0.013023118985825049,0.13959543208478065,0.012974398452852755,0.08004305594811874,0.012143431251076734,0.08661006339225501,0.01214343125103631,0.08801321424944654
890.0,0.14113770366613626,0.013265020385548627,0.1407781112401907,0.013246403530607466,0.14006022510320262,0.013053329226664011,0.13865541116683333,0.012817284168365185,0.137041248148479,0.012501261278506525,0.13486624722738727,0.012031024048332952,0.13915574142862877,0.012906672306114619,0.1409383029628164,0.013290216516553259,0.13978501239476582,0.013003235339519756,0.13996214009201371,0.013019851625951553,0.1400273145968818,0.013038214014228739,0.1395483380137326,0.012991210902949133,0.1394662625515581,0.01294272534066087,0.07995657571507174,0.01212106589554754,0.08653693762582883,0.012121065895507325,0.08794804406591943
891.0,0.14099265590459287,0.01322963651124776,0.14063794415499736,0.013211794204562852,0.139928062329754,0.013020538020546693,0.13853940128465841,0.012787772487749342,0.13694404384464903,0.012475467264899993,0.1347952939716926,0.012010000720439364,0.13903150257677482,0.012876269466647503,0.1407980684302399,0.013255043564750423,0.13965608132132265,0.012971330765824825,0.13983118489272195,0.012987373459696737,0.13989570889771186,0.013005558836559565,0.13942216770228996,0.012959583366243834,0.1393407890246941,0.01291132908082923,0.07987220320990293,0.012099051779809628,0.08646609972984781,0.012099051779769509,0.08788514390814856
892.0,0.14085155610336045,0.013194618825047695,0.14050166470544745,0.013177538144769473,0.13979967349034308,0.012988065676490742,0.13842693739705147,0.012758513359573946,0.13685013937038404,0.012449858346467096,0.13472734203446832,0.011989092419375439,0.13891085728373784,0.012846105506658233,0.14066176539365038,0.013220254580114152,0.139530858728519,0.012939717713092252,0.13970398421804567,0.012955207473778829,0.13976786922137704,0.012973219852828888,0.1392996860442919,0.012928250269965242,0.13921899397657067,0.012880223604741621,0.0797899254893362,0.01207738908517153,0.08639753133003766,0.012077389085131616,0.0878244963981192
893.0,0.1407143792958235,0.013159977915316196,0.1403692492200495,0.0131436461430763,0.13967503774013765,0.012955923776037723,0.13831800442281417,0.012729520177253068,0.13675952553784854,0.01242444940166515,0.13466238860267973,0.011968314742150831,0.13879379117455648,0.01281619594168243,0.1405293678952193,0.013185858447743509,0.13940932601615388,0.012908409009693577,0.13958051775243419,0.012923365435306285,0.13964377493707886,0.012941208710920771,0.13918087436499185,0.012897223909496209,0.1391008589774973,0.01284942124750038,0.07970972935181803,0.01205607768103306,0.08633121418458103,0.012056077680993324,0.08776608428631717
894.0,0.14058109989947867,0.013125722948560533,0.1402406733934933,0.013110127578253436,0.13955413352470455,0.012924122474982695,0.1382125864113232,0.012700804857962357,0.13667219215090884,0.012399253816890348,0.1346004297672136,0.011947681860221902,0.13868028884187608,0.01278655460634882,0.14040084949615841,0.013151862783196196,0.13929146377109405,0.012877415983325247,0.1394607644537124,0.012891857680030048,0.13952340469799623,0.01290953563142174,0.13906571321916927,0.012866515132013432,0.1389863648206877,0.012818932898156067,0.07963160138079596,0.012035117155998708,0.08626713020126225,0.01203511715595915,0.08770989046824354
895.0,0.14045169182558412,0.013091861807575792,0.1401159123954186,0.013076990552212219,0.13943693869082346,0.012892670638607535,0.1381106666582046,0.01267237797829723,0.13658812812335752,0.012374283619236016,0.13454146063772474,0.011927206641425754,0.13857033397780263,0.012757193810049765,0.14027618337380143,0.01311827405606228,0.13917725188432126,0.012846748601834278,0.13934470266453736,0.012860693247672049,0.1394067365523156,0.012878209542833986,0.13895418250381986,0.01283613347219284,0.1388754916351785,0.012788768135033473,0.07955552798414943,0.01201450684612508,0.08620526145270302,0.012014506846085725,0.08765589799909883
896.0,0.14032612857775378,0.013058401215735345,0.13999494096833748,0.01304424201263135,0.1393234305864693,0.012861575963542921,0.13801222781005495,0.012644248896759457,0.13650732158628293,0.012349549596617602,0.13448547544744,0.011906900760627795,0.13846390949318435,0.01272812447730828,0.1401553424088928,0.013085097701226138,0.13906666965671133,0.012816415600173667,0.1392323102130172,0.012829880003895943,0.1392937480434468,0.012847238203427846,0.13884626155998145,0.012806087274590972,0.13876821898779504,0.01275893534777487,0.07948149543004653,0.011994245860581258,0.08614559018987245,0.011994245860542,0.08760409010681845
897.0,0.14020438334067628,0.013025346848944307,0.13987773351580318,0.013011887863478337,0.13921358615102475,0.012830845087707043,0.13791725195933968,0.012616425864480656,0.13642975998581303,0.012325061406594413,0.13443246764889855,0.01188677480024738,0.13836099762565815,0.012699356274495144,0.14003829926403122,0.01305233821915311,0.13895969589457824,0.012786424594995424,0.13912356450349564,0.012799424750368481,0.13918441630042847,0.01281662831118295,0.13874192926475243,0.01277638380413478,0.13866452597538684,0.01272944184754063,0.07940948987961316,0.011974333104977152,0.0860880988540341,0.011974333104938038,0.08755445020362063
898.0,0.14008642905987867,0.012992703436589544,0.13976426418181595,0.012979933064722374,0.13910738199668926,0.012800483689600708,0.13782572073037572,0.012588916125421097,0.1363554301719494,0.012300827675061481,0.13438243000145175,0.011866838341688918,0.13826158003747951,0.012670897724364662,0.13992502645420218,0.013019999266375972,0.13885630899606669,0.01275678218819547,0.1390184425985688,0.012769333324182312,0.1390787181195575,0.0127863856030906,0.13864116411447036,0.012747029345990861,0.13856439130817416,0.012700293966619945,0.07933949741665675,0.011954767302581444,0.08603277008727742,0.011954767302542533,0.08750696189620003
899.0,0.13997223851350826,0.01296047485266316,0.13965450692230713,0.012948381722395859,0.13900479448197248,0.012770496578081493,0.13773761535731463,0.01256172600714743,0.13628431847954403,0.012276856085852748,0.13433535465126753,0.011847100048589142,0.13816563790418757,0.012642756309687895,0.13981549641014848,0.012988083737223564,0.13875648702926643,0.012727494060576276,0.13891692129311348,0.012739610687764745,0.13897663003807748,0.012756514944942435,0.13854394429993955,0.012718029295926088,0.1384677933851461,0.012671497148567013,0.07927150407470908,0.011935547013631403,0.08597958674177511,0.011935547013592581,0.08746160899470022
900.0,0.1398617843768635,0.01292866419809598,0.13954843556951382,0.012917237170016345,0.13890579977802123,0.012740887773610361,0.13765291675482086,0.012534861003152412,0.13621641080194974,0.012253153462174583,0.13429123320454903,0.011827567742689461,0.1380731519949733,0.012614938567126411,0.1397096815352802,0.012956593837705468,0.13866020780281885,0.012698565056661434,0.1388189771811567,0.012710261010265123,0.1388781284006976,0.01272702041259763,0.13845024777444148,0.012689388242152336,0.1383747103622578,0.012643056029849997,0.0792054958616382,0.011916670652914688,0.08592853188787518,0.011916670652876014,0.08741837552058178
901.0,0.13975503928041288,0.012897273875222118,0.13944602388992616,0.012886502042268762,0.13881037392849865,0.012711660581855126,0.13757160558220888,0.012508325847586007,0.13615169265817972,0.012229725840690861,0.13425005679455868,0.011808248473058343,0.13798410274553616,0.012587450172352087,0.13960755425683113,0.012925531152367014,0.13856744892978543,0.012669999261567486,0.13872458671625088,0.01268128774129674,0.13878318941964776,0.012697905365607817,0.13836005231522755,0.012661110039525254,0.13828512021408434,0.012614974513878576,0.07914145878201019,0.011898136505784947,0.08587958882114938,0.01189813650574639,0.08737724571347989
902.0,0.13965197586195055,0.012866305655182283,0.13934724563642162,0.01285617834174032,0.1387184929035852,0.012682817660425496,0.13749366230159865,0.012482124583153573,0.13609014925408205,0.012206578538985664,0.1342118161430043,0.01178914857930403,0.1378984703241792,0.012560296017304122,0.13950908707171678,0.012894896704834392,0.13847818788539693,0.012641800070746135,0.1386337262659863,0.012652693677815846,0.13869178922887973,0.01266917251398109,0.1382733355791489,0.012633197876877517,0.13819900078961017,0.012587255838186425,0.07907937885743686,0.011879942742756461,0.08583274106848718,0.011879942742717937,0.08733820403715611
903.0,0.13955256681341358,0.01283576073899043,0.1392520745951656,0.01282626749941846,0.13863013264874263,0.01265436107943697,0.13741906723066716,0.012456260622866337,0.13603176553810276,0.012183716217051615,0.13417650161624356,0.011770273749354083,0.1378162346916931,0.012533480280375231,0.13941425258767162,0.012864691012687259,0.13839240205926392,0.012613970253310063,0.13854637216121785,0.012624481024827203,0.13860390393297456,0.012640823978773976,0.13819007515292742,0.012605654338173332,0.1381163298626809,0.012559902635455531,0.07901924214503074,0.011862087432807374,0.08578797239332792,0.011862087432769189,0.08730123518463333
904.0,0.13945678492293162,0.012805639812901214,0.13916048462777,0.012796770429575222,0.13854526912864965,0.012626292376517807,0.13734780059050544,0.012430736806247119,0.1359765262521257,0.012161142933384078,0.13414410327686163,0.01175162907231494,0.1377373756557251,0.012507006490232177,0.13932302356011572,0.012834914137230787,0.1383100688025524,0.012586512009586824,0.13846250074043576,0.012596651450532296,0.13851950965126789,0.01261286134713001,0.13811024859861085,0.012578481458096756,0.1380370851775939,0.012532916988990832,0.07896103475416923,0.011844568555512504,0.08574526680012397,0.011844568555474349,0.08726632408257322
905.0,0.13936460311251783,0.012775943098649458,0.1390724497091441,0.012767687579598626,0.13846387836681845,0.012598612606807726,0.13727984254901462,0.012405555450531553,0.135924415977833,0.012138862196193803,0.134114610930898,0.011733219086870398,0.13766187292004484,0.012480877583896625,0.13923537292513974,0.012805565728669211,0.13823116547065867,0.012559427023462622,0.13838208838985203,0.012569206136467274,0.13843858255761424,0.012585285722310198,0.13803383349462303,0.01255168077262389,0.13796124449031572,0.012506300483192895,0.07890474286170218,0.011827384012106597,0.0857046085380823,0.011827384012068697,0.08723345589498746
906.0,0.1392759944718335,0.012746670399066634,0.1389879439614847,0.01273901897526706,0.138385936481274,0.012571322388437702,0.13721517326024635,0.012380718397345038,0.1358754191789692,0.012116877010206471,0.13408801417119642,0.011715047825634638,0.13758970612922727,0.012455095959646927,0.13915127382897338,0.012776645067135748,0.13815566946169278,0.012532716510029233,0.13830511157946082,0.012542145823121213,0.13836109891622,0.012558097769208597,0.13796080747286119,0.012525253365062224,0.1378887856057205,0.012480054249512358,0.07885035272571989,0.01181053163557962,0.08566598210427916,0.011810531635541749,0.08720261602633256
907.0,0.13919093228842067,0.012717821139529201,0.13890694168472825,0.012710764261912897,0.13831141971667693,0.012544421943929586,0.1371537729000635,0.012356227055289144,0.13582952023988065,0.012095189919455787,0.13406430241714673,0.011697118855826479,0.1375208549091521,0.012429663525238836,0.13907069965431473,0.01274815109997973,0.13808355825126534,0.012506381258983785,0.1382315468955715,0.012515470851469635,0.13828703511391716,0.012531297755784149,0.13789114825216048,0.012499199907996411,0.13781968641119574,0.012454179008321502,0.0787978506980134,0.011794009199885575,0.08562937224619581,0.011794009199847902,0.08717379012405416
908.0,0.1391093900746801,0.012689394405641107,0.13882941738382226,0.012682922741867692,0.13824030447319383,0.0125179111379034,0.13709562169846629,0.012332082438822625,0.13578670350065158,0.012073803046446806,0.13404346495115793,0.011679435316601275,0.1374552989037076,0.012404581741892068,0.1389936240437437,0.012720082475672481,0.13801480942384822,0.012480421674186233,0.13816137107006696,0.012489181200815075,0.13821636768917636,0.012504885590803368,0.13782483366848589,0.01247352070152906,0.1377539249069939,0.0124286751070906,0.07874722323533379,0.011777814428346623,0.08559476396372524,0.011777814428309033,0.08714696408062898
909.0,0.139031341591962,0.012661388977512709,0.13875534579309623,0.012655493408552309,0.13817256733243713,0.012491789511445557,0.13704069996883383,0.012308285203780816,0.13574695328915604,0.012052718128021443,0.1340254909521329,0.011661999953336407,0.13739301780802374,0.012379851664443779,0.13892002092056085,0.01269243757465467,0.13794940070103556,0.012454837809742365,0.13809456100670534,0.012463276523283011,0.13814907335817508,0.012478860858244263,0.13776184170214295,0.012448215708165076,0.13769147923354708,0.012403542555218666,0.07869845690957282,0.011761945001321175,0.08556214251071391,0.011761945001283643,0.08712212403515286
910.0,0.13895676087200354,0.01263380336096084,0.13868470189801413,0.012628474977519155,0.13810818508072903,0.012466056313449003,0.13698898813440386,0.012284835679847325,0.13571025395024094,0.012031936548224573,0.13401036952615877,0.011644815149146748,0.13733399139859112,0.012355473978024525,0.13884986450725845,0.012665214537412992,0.137887309967017,0.012429629402931746,0.1380310938047394,0.012437756175288335,0.13808512903821193,0.012453222848670741,0.1377021505022656,0.012423284584654989,0.13763232769610917,0.012378781055829072,0.07865153841690205,0.01174639856320095,0.0855314933960731,0.011746398563163667,0.08709925637452405
911.0,0.1388856222359579,0.012606635815917784,0.138617460954546,0.012601865914742317,0.1380471347299453,0.01244071052921001,0.13694046675222996,0.012261733900257525,0.13567658987233802,0.012011459368442378,0.13399808973472033,0.0116278829538666,0.13727819956046985,0.012331449031584042,0.1387831293418518,0.012638411290049018,0.13782851529145385,0.01240479590427692,0.1379709467800878,0.012412619246253812,0.13802451186864859,0.01242797058786343,0.1376457384088387,0.012398726711076998,0.1375764487868986,0.012354390034812831,0.07860645458602064,0.011731172728795836,0.08550280238450783,0.011731172728758557,0.08707834773425026
912.0,0.13881790031126853,0.01257988438231281,0.1385535985063719,0.012575664462405786,0.13798939353614414,0.012415750906532035,0.13689511653480516,0.012238979628981461,0.13564594551169967,0.011991287355056633,0.1339886406205495,0.011611205110723645,0.1372256223119082,0.012307776868549435,0.13871979029227055,0.012612025567568784,0.13777299495005782,0.012380336505016985,0.13791409748429614,0.012387864584832238,0.13796719922968828,0.012403102862958862,0.1375925839724776,0.012374541217411432,0.13752382120499984,0.012330368667369824,0.07856319238553917,0.011716265089157104,0.08547605549689427,0.011716265089119934,0.08705938499893082
913.0,0.13875357004655176,0.01255354690365914,0.1384930904001367,0.012549868662422031,0.13793493901619658,0.012391175979566243,0.13685291836958582,0.012216572385616574,0.13561830541447728,0.01197142100483122,0.13398201123138515,0.011594783080902029,0.13717623982659707,0.01228445725488124,0.1386598225689907,0.012586054935108065,0.13772072744303718,0.012356250162218564,0.13786052372147617,0.012363490822862042,0.13791316875909934,0.012378618246323499,0.137542665972157,0.012350727007836628,0.13747442387422062,0.01230671590227641,0.07852173893057952,0.01170167321689017,0.08545123901034954,0.011701673216853222,0.08704235530243493
914.0,0.13869260672470585,0.012527621048556445,0.1384359127988985,0.01252447637788947,0.13788374896257824,0.012366984090593397,0.13681385333659835,0.012194511468193583,0.13559365423679182,0.011951860568234418,0.13397819064175712,0.011578618066175071,0.1371300324536985,0.012261489704760337,0.1386032017360756,0.012560496807278774,0.13767169151160594,0.012332535621741787,0.13781020356339477,0.012339496397259925,0.1378623983671441,0.012354515117368575,0.13749596343108886,0.012327282782949131,0.13742823595906098,0.012283430484083297,0.07848208148870402,0.01168739467099792,0.08542833945802057,0.01168739467096105,0.08702724602780748
915.0,0.1386349859743851,0.012502104330301494,0.13838204219399272,0.012499485312673614,0.13783580145651303,0.01234317340993263,0.1367779027242801,0.012172795974078889,0.13557197676300015,0.011932606070872383,0.13397716797297649,0.01156271102977123,0.1370869807359517,0.01223887350411643,0.1385499037207698,0.012535348465807396,0.13762586615273434,0.012309191439249115,0.13776311536290634,0.012315879570037661,0.13781486624981423,0.012330791682491534,0.1374524556308709,0.012304207060095902,0.1373852368790043,0.012260510973429938,0.07844420748513062,0.011673427001295124,0.08540734362861781,0.011673427001258339,0.08701404480693554
916.0,0.1385806837800045,0.012476994124773967,0.13833145541539577,0.012474893029284485,0.1377910748796149,0.012319741954143692,0.1367450480437236,0.012151424819141053,0.1355532579222985,0.011913657333197334,0.13397893241148834,0.01154706271562172,0.13704706542592374,0.01221660773219022,0.13849990482177843,0.012510607075621336,0.1375832306323103,0.012286215999436868,0.1377192377658548,0.012292638446607993,0.13777055090056997,0.012307445993311232,0.13741212212413165,0.012281498191985938,0.1373454063212438,0.012237955765639897,0.07840810450739884,0.011659767752430656,0.08538823856572293,0.011659767752393945,0.08700273952000073
917.0,0.1385296764904055,0.012452287686757517,0.13828412964077444,0.012450696965197594,0.1377495479241174,0.01229668760267457,0.13671527104145903,0.012130396755334893,0.13553748280379407,0.011895013988638374,0.1339834732257104,0.011531673666124606,0.13701026750064227,0.01219469128130231,0.13845318171635454,0.012486269699520191,0.1375437644968336,0.01226360753363743,0.13767854972158974,0.01226977099253165,0.13772943112069486,0.012284475963345209,0.13737494274573014,0.012259154383730023,0.13730872425200524,0.012215763107751491,0.07837376030946727,0.011646414467549751,0.08537101156689769,0.011646414467513182,0.0869933182947274
918.0,0.13848194082632131,0.012427982164830194,0.1382400424033153,0.012426894447760836,0.1377111996018985,0.012274008113089072,0.13668855371088537,0.012109710386833046,0.1355246366701815,0.011876675500287147,0.13399077978145213,0.011516544238546467,0.13697656817468665,0.012173122874982758,0.1384097114663261,0.012462333311557258,0.13750744758376002,0.012241364135943815,0.1376410304922195,0.01224727504884373,0.1376914860283909,0.01226187938326913,0.13734089762268953,0.012237173708448797,0.1372751709265763,0.012193931114116619,0.07834116281531167,0.011633364691626801,0.08535565018261093,0.011633364691590311,0.08698576950547157
919.0,0.13843745388672316,0.012404074614955287,0.13819917159845502,0.012403482707809764,0.13767600925233564,0.012251701135002659,0.13666487830250404,0.012089364184838029,0.13551470497013707,0.011858641176261564,0.1340008415560731,0.011501674620174837,0.136945948911937,0.012151901084607042,0.13836947152312465,0.012438794809246355,0.13747426003066623,0.012219483777978154,0.13760665966073324,0.012225148346080024,0.13765669506674919,0.012239653934881202,0.13730996718296473,0.01221555412157171,0.13724472689815972,0.012172457780693768,0.07831030012205602,0.011620615974495475,0.08534214221500463,0.01162061597445906,0.0869800817721394
920.0,0.13839619315418256,0.012380562012884209,0.13816149548961273,0.012380458892103995,0.1376439565491428,0.012229764222831396,0.13664422733300838,0.012069356501179409,0.13550767334953676,0.011840910183854766,0.13401364815144765,0.011487064842322389,0.13691839143603995,0.012131024344661113,0.13833243973194925,0.012415651024696652,0.1374441822832839,0.012197964322423064,0.13757541713804441,0.012203388517118864,0.13762503801065304,0.01221779720388161,0.1372821321631291,0.012194293473938887,0.13721737302567164,0.012151340998147978,0.07828116050268846,0.011608165873602146,0.08533047571651668,0.011608165873565838,0.08697624395898261
921.0,0.13835813649933132,0.012357441265475702,0.13812699271302248,0.012357820074688457,0.1376150215062475,0.012208194847464042,0.13662658359338742,0.012049685580803542,0.1355035276615955,0.011823481562574194,0.13402918930584493,0.01147271479327342,0.13689387773972533,0.012110490966757644,0.1382985943351133,0.01239289873476777,0.1374171951025442,0.012176803535424514,0.13754728316911907,0.012181993108937497,0.13759649497276671,0.012196306691570812,0.13725737361509385,0.01217338952380958,0.1371930904805474,0.012130578563857063,0.078253732408388,0.01159601195650475,0.08532063898838295,0.011596011956468548,0.08697424517326294
922.0,0.1383232621844971,0.012334709221027116,0.13809564228173263,0.012335563267271192,0.13758918448284405,0.01218699040694304,0.1366119301560586,0.012030349573245678,0.13550225397602975,0.011806354236156004,0.13404745490481965,0.011458624230260752,0.13687239009309438,0.012090299152505209,0.13826791397468882,0.012370534670331593,0.13739327957069258,0.012155999097956654,0.13752223833821198,0.012160959593378266,0.1375710464086442,0.012175179825559546,0.13723567291195765,0.012152839947868957,0.13717186075266555,0.012110168192919213,0.07822800447049406,0.011584151803138522,0.08531262057902347,0.011584151803102426,0.08697407476381674
923.0,0.13829154886659878,0.012312362678699722,0.13806742358887497,0.012313685428702866,0.13756642618762818,0.012166148236241695,0.1366002503811856,0.012011346543171294,0.13550383858728435,0.01178952702364328,0.13406843499114782,0.01144479279054536,0.1368539110509357,0.012070447005327514,0.13824037769447325,0.012348555524716205,0.13737241709657463,0.012135548616240319,0.1375002635733441,0.012140285377004876,0.13754867312107233,0.012154413969571306,0.13721701175303364,0.012132642351317408,0.1371536656554807,0.01209010752824471,0.07820396550215393,0.011572583007867131,0.08530640928233384,0.011572583007831165,0.08697572231952046
924.0,0.13826297559937886,0.012290398397118901,0.1380423164102504,0.012292183473633377,0.13754672768236031,0.012145665616213164,0.1365915279222092,0.01199267448006119,0.13550826802196184,0.011772998649602549,0.13409211977394495,0.01143122000167451,0.1368384234591581,0.012050932541322211,0.13821596494138494,0.012326957961403226,0.13735458942016185,0.012115449631294276,0.13748134015003827,0.012119967810129863,0.13752935626368126,0.012134006432418035,0.13720137216814135,0.012112794277120089,0.1371384873303832,0.012070394149808981,0.07818160449967054,0.01156130318133775,0.08530199413589337,0.011561303181301805,0.08697917766768273
925.0,0.13823752183502275,0.012268813102218517,0.13802030090630749,0.012271054280417876,0.13753007038476628,0.012125539781780879,0.13658574673065965,0.01197433130711355,0.13551552904548628,0.011756767753543944,0.13411849963699518,0.011417905290976603,0.13682591046044162,0.012031753699235445,0.1381946555663175,0.01230573862104099,0.1373397786163872,0.01209569962768904,0.1374654496944179,0.012100004195078456,0.1375130773439479,0.012113954476214429,0.13718873652125307,0.012093293214486095,0.13712630825043295,0.012051025583136404,0.07816091064358575,0.011550309952154785,0.08529936441910117,0.011550309952118974,0.08698443087235648
926.0,0.13821516742523746,0.012247603494393076,0.13800135762356477,0.012250294698331901,0.13751643607086786,0.012105767929432482,0.13658289106033109,0.01195631488942371,0.13552560866802776,0.01174083289861589,0.13414756514633083,0.011404847994358518,0.13681635549914636,0.012012908349627592,0.13817642982451808,0.012284894127832865,0.13732796709834488,0.012076296041571672,0.13745257418572351,0.012080391793755384,0.13749981822557508,0.012094255323897208,0.13717908751350943,0.01207413660664014,0.13711711122345305,0.012031999307078083,0.07814187329950695,0.011539600968388785,0.08529850965124892,0.011539600968353075,0.08699147223259915
927.0,0.1381958926218346,0.012226766255016758,0.13798546749554716,0.012229901554157745,0.13750580687677372,0.012086347224077462,0.13658294547087538,0.011938623041502996,0.13553849414983798,0.011725192579624417,0.1341793070571913,0.011392047364452866,0.13680974232556933,0.011994394303294681,0.13816126837553003,0.012264421095352356,0.13731913761992856,0.012057236268021746,0.13744269595828412,0.012061127834570333,0.13748956113036662,0.01207490616610537,0.13717240818569892,0.012055321857947063,0.13711087939457384,0.012013312760942672,0.07812448201871003,0.011529173898932113,0.0852994195895418,0.011529173898896478,0.08700029228067946
928.0,0.13817967807686535,0.012206298052382413,0.13797261184326604,0.012209871658190742,0.137498165300014,0.012067274805318613,0.1365858948308315,0.011921253534188924,0.13555417300597666,0.011709845230434961,0.13421371632034387,0.011379502578169873,0.1368060549995842,0.011976209319007168,0.1381491522827558,0.012244316131833844,0.13731327327794657,0.012038517667790608,0.13743579770300135,0.012042209518776726,0.13748228863961703,0.0120559041674744,0.1371686819202304,0.012036846340440189,0.13710759624828742,0.011994963351032029,0.07810872653854062,0.011519026434714965,0.08530208422707641,0.011519026434679433,0.08701088178024313
929.0,0.13816650484236923,0.012186195547109601,0.1379627723752847,0.012190201809716982,0.13749349420041287,0.012048547793187292,0.13659172432020322,0.011904204100993519,0.13557263301048822,0.011694789230803422,0.13425078408783753,0.01136721274369566,0.1368052778937168,0.011958351110620246,0.13814006301266327,0.012224575844981917,0.1373103575137588,0.012020137573477753,0.13743186246841596,0.012023634026270191,0.13747798369505662,0.012037246472393511,0.13716789244265656,0.012018707399802589,0.13710724561004192,0.011976948456631218,0.07809459678262123,0.01150915628979329,0.08530649379078634,0.0115091562897578,0.08702323172443797
930.0,0.13815635436975446,0.012166455397064754,0.13795593118744218,0.012170888802003718,0.13749177680059918,0.012030163293384582,0.1366004194325555,0.011887472443939643,0.13559386220010322,0.011680022912680861,0.1342905017182528,0.011355176906981405,0.13680739569575617,0.011940817353607198,0.13813398243369532,0.012205196846341287,0.13731037411449892,0.012002093295187801,0.1374308736613566,0.01200539852089119,0.13747662959942117,0.012018930210268144,0.13717002382278198,0.01200090236084563,0.13710981164740138,0.011959265435495131,0.0780820828608896,0.011499561202317897,0.08531263873934813,0.011499561202282512,0.08703733333402223
931.0,0.13814920850885787,0.012147074261835148,0.13795207076222327,0.012151929426844801,0.13749299668615264,0.01201211840207033,0.13661196597672706,0.011871056238919406,0.13561784887748782,0.011665544566032578,0.13433286078146417,0.011343394057759196,0.13681239341085866,0.011923605691060105,0.13813089281488378,0.01218617575526185,0.1373133072138929,0.01198438212570994,0.13743281504723007,0.01198750015527373,0.13747821001664967,0.012000952500329724,0.1371750604753909,0.011983428532526562,0.13711527887086516,0.011941911628875443,0.07807117506948037,0.011490238935395766,0.08532050976108224,0.011490238935360424,0.08705317805544525
932.0,0.13814504950672782,0.012128048806793608,0.13795117396786502,0.012133320478695604,0.1374971378054218,0.011994410210236086,0.13662635007817223,0.01185495314061828,0.13564458161407103,0.011651352444209836,0.13437785306297226,0.011331863135121745,0.13682025636327544,0.011906713739202882,0.13813077682424216,0.01216750920249334,0.1373191412927584,0.011967001345259689,0.13743767075001342,0.011969936075274433,0.13748270897178047,0.011983310456027737,0.13718298716066535,0.011966283212539147,0.13712363213432416,0.011924884366120896,0.07806186389046754,0.011481187277851171,0.08533009777182501,0.011481187277815958,0.08707075755891083
933.0,0.13814386000613127,0.012109375706786347,0.13795322405717803,0.01211505875843317,0.13750418446909252,0.011977035807694866,0.1366435581799512,0.011839160787036188,0.13567404925249793,0.011637444768906612,0.13442547056780688,0.011320583032697465,0.13683097019766913,0.011890139092453239,0.1381336175269164,0.012149193833440097,0.1373278611791506,0.011949948225816905,0.13744542525192927,0.011952703424017106,0.1374901108505493,0.011966001189039167,0.1371937889842663,0.011949463691515035,0.137134856635214,0.011908180968888061,0.0780541399914795,0.011472404044895947,0.08534139391279957,0.011472404044860832,0.0870900637364375
934.0,0.13814562304387323,0.01209105164947682,0.13795820466615238,0.012097141076770623,0.1375141213494499,0.011959992286719203,0.13666357704344922,0.011823676803636447,0.13570624090874495,0.011623819734735185,0.13447570552410765,0.011309552603450262,0.13684452088011512,0.011873879328068928,0.13813939838316144,0.012131226311105048,0.13733945204824968,0.011933220035092276,0.1374560633928696,0.011935799345584462,0.13750040039872227,0.011949021812924942,0.13720745139716567,0.011932967256864595,0.13714893791441407,0.011891798754992274,0.07804799422519713,0.011463887078715016,0.08535438954847423,0.011463887078679943,0.08711108869991034
935.0,0.13815032204886699,0.012073073338372747,0.13796609981234256,0.012079564257354873,0.1375269334794632,0.01194327674535661,0.13668639374879837,0.011808498807153733,0.13574114597391376,0.011610475513448019,0.13452855038629516,0.01129877066413309,0.13686089469877177,0.011857932010413423,0.13814810324613877,0.012113603318745279,0.13735389942198992,0.01191681404015197,0.13746957036959798,0.011919220988382183,0.1375135627212293,0.011932369446463593,0.137223960195217,0.011916791196285437,0.1371658618558609,0.011875735041927588,0.07804341762874095,0.01145563424897531,0.08536907626442893,0.01145563424894034,0.08713382477912775
936.0,0.13815794084006983,0.012055437495562288,0.1379768938930786,0.012062325139573027,0.13754260625163378,0.01192688629044588,0.13671199569504502,0.011793624409086734,0.13577875411574486,0.011597410257832619,0.13458399783799158,0.011288235999419374,0.1368800782642736,0.01184229469486725,0.138159716359571,0.012096321562267254,0.1373711891684435,0.011900727510728303,0.13748593173472334,0.011902965508205783,0.13752958328105686,0.011916041216684386,0.13724330151851497,0.011900932800967967,0.13718561468597273,0.011859987150081006,0.07804040142298273,0.011447643453263634,0.08538544586521737,0.011447643453228759,0.08715826451986419
937.0,0.1381684636242397,0.012038140864183422,0.13799057168352094,0.012045420581091246,0.13756112541666557,0.011910818040360935,0.13674037060012423,0.01177905121889833,0.13581905527985305,0.011584622105304768,0.13464204079460765,0.011277947365734764,0.13690205850987516,0.011826964931415544,0.1381742223552683,0.01207937777237977,0.13739130750102113,0.011884957722239521,0.1375051333955011,0.011887030071030398,0.13754844789797224,0.011900034261628323,0.13726546185056362,0.011885389368517912,0.13720818297286635,0.011844552405666701,0.07803893701174676,0.01143991261745985,0.0854034903722411,0.011439912617424991,0.08718440068192777
938.0,0.1381818749935647,0.012021180210648828,0.13800711833456017,0.01202884746014786,0.13758247708199897,0.011895069127501781,0.1367715065006025,0.011764776846948452,0.1358620396907641,0.011572109181221936,0.13470267240569841,0.011267903494813627,0.1369268226913537,0.011811940267934891,0.1381916062505462,0.01206276870652503,0.13741424097746838,0.011869501958543647,0.13752716161246442,0.01187141185554699,0.13757014274710033,0.011884345732854597,0.13729042801724556,0.011870158205620731,0.13723355362538334,0.011829428143400806,0.07803901598096567,0.011432439696049915,0.08542320202163911,0.01143243969601518,0.08721222623723358
939.0,0.13819815992318016,0.012004552326644767,0.13802651937060598,0.012012602677620119,0.137606647710167,0.01187963670055354,0.13680539175125628,0.011750798907178974,0.13590769785267282,0.011559869601938407,0.1347658860570433,0.011258103096997374,0.13695435838672235,0.011797218253203831,0.13821185344554962,0.01204649115060821,0.13743997649871809,0.01185435751444532,0.13755200299792084,0.011856108055464705,0.13759465435732737,0.011868972797716398,0.13731818718566036,0.011855236630467435,0.1372617138919758,0.011814611708938058,0.07804063009774082,0.011425222672385141,0.08544457326218187,0.011425222672350476,0.08724173436789233
940.0,0.1382173037685847,0.01198825403092362,0.13804876068727365,0.011996683158883387,0.13763362411706503,0.01186451792653198,0.13684201502449378,0.011737115019568175,0.1359560205500802,0.011547901477620151,0.13483167537253982,0.011248544864294526,0.13698465349573924,0.011782796439658152,0.13823494972049305,0.012030541920538882,0.1374685013075836,0.011839521697976162,0.13757964451430152,0.011841115881598608,0.13762196960961368,0.011853912641420276,0.13734872686281302,0.011840621974960526,0.13729265135944355,0.011800100461087733,0.0780437713093667,0.011418259558890751,0.08546759675318752,0.011418259558856126,0.08727291846431327
941.0,0.13823929226296425,0.011972282170906927,0.13807382854896602,0.011981085855479731,0.13766339347008266,0.011849709992632339,0.13688136530961195,0.011723722812375478,0.13600699884819006,0.011536202914838749,0.13490003421586783,0.011239227473218455,0.13701769623926593,0.011768672385910122,0.13826088123284683,0.012014917863601636,0.13749980298733044,0.011824991832466488,0.137610073472425,0.011826432563757885,0.13765207573516405,0.011839162468890505,0.13738203489418213,0.011826311586716268,0.13732635395155407,0.011785891773827597,0.07804843174228439,0.011411548397228705,0.08549226536246188,0.011411548397194148,0.08730577212332544
942.0,0.13826411151445794,0.011956633624113566,0.13810170958639278,0.011965807746609915,0.13769594328616144,0.011835210107897167,0.1369234319119579,0.011710619924189546,0.13606062409318948,0.011524772018959165,0.1349709566919814,0.011230149587419948,0.13705347515847302,0.011754843659049864,0.13828963451446416,0.011999615859669818,0.13753386946014332,0.011810765258423749,0.1376432775296341,0.011812055352453263,0.1376849603135374,0.011824719506450145,0.1374180994621848,0.011812302830881569,0.13736280992754363,0.011771983038130386,0.07805460370100424,0.011405087258418848,0.08551857216425247,0.011405087258384329,0.08734028914632326
943.0,0.13829174800335947,0.011941305299427931,0.13813239079402626,0.0119508458404656,0.1377312614297708,0.011821015504716587,0.1369682044519364,0.011697804005797114,0.13611688791235535,0.011513606896337321,0.1350444371484233,0.011221309860128316,0.13709197911390356,0.011741307836746519,0.13832119646867155,0.011984632822274889,0.13757068898548294,0.011796839335233867,0.13767924468788237,0.011797981520433914,0.13772061127064034,0.0118105810033359,0.13745690908454344,0.011798593091776902,0.13740200788054444,0.011758371663618095,0.07806227966697271,0.011398874242921688,0.08554651043723151,0.011398874242887207,0.0873764635374323
944.0,0.13832218857927656,0.011926294138220925,0.13816585952749597,0.011936197175411454,0.1377693361108047,0.011807123440176185,0.13701567286396166,0.011685272721883685,0.13617578221405174,0.011502705656341808,0.13512047017649817,0.011212706936413516,0.13713319728443657,0.011728062509162264,0.13835555436731609,0.011969965699542787,0.1376102501583753,0.011783211442697722,0.1377179632917253,0.011784208364071479,0.13775901687669223,0.011796744233058312,0.13749845261258678,0.0117851797743817,0.13744393673591423,0.01174505508005704,0.0780714522974284,0.01139290748068574,0.08557607366250398,0.011392907480651358,0.08741428950170055
945.0,0.13835542045825194,0.011911597115336063,0.13820210350095438,0.011921858821032425,0.1378101558824426,0.011793531197262386,0.13706582739529313,0.011673023752581283,0.1362372991876157,0.011492066413210936,0.13519905061230128,0.011204339455283567,0.1371771191661428,0.011715105280696372,0.13839269584781666,0.011955611475009387,0.1376525419076109,0.01176987898241797,0.1377594220262621,0.01177073320460006,0.13780016574409484,0.011783206494620247,0.13754271922946443,0.011772060305671522,0.13748858574949746,0.011732030738706364,0.07808211442419795,0.011387185131163546,0.08560725552164332,0.011387185131129286,0.08745376144331884
946.0,0.13839143121986372,0.011897211239951409,0.13824111078440093,0.011907827879054691,0.1378537096389518,0.011780236085938142,0.13711865860480815,0.011661054794873164,0.13630143130310848,0.011481687287759125,0.13528017353761207,0.011196206051628146,0.1372237345710519,0.011702433771569468,0.13843260891018133,0.011941567168324157,0.13769755349390372,0.011756839379045257,0.13780360991503807,0.011757553389224726,0.13784404682528514,0.01176996511360458,0.13758969844832963,0.011759232135822051,0.13753594450585216,0.011719296113531145,0.07809425905249161,0.011381705383298057,0.08564004989475373,0.011381705383263776,0.08749487396386824
947.0,0.13843020880430545,0.011883133556327674,0.13828286980100712,0.01189410148415216,0.13789998661345024,0.011767235444098115,0.13717415736170613,0.01164936356386732,0.13636817131101647,0.011471566408942572,0.13536383428068366,0.011188305358018815,0.13727303362583004,0.0116900456192624,0.13847528191402803,0.011927829835851804,0.13774527450798896,0.011744090081396654,0.1378505163178909,0.011744666292109615,0.13789064941053494,0.011757017443141926,0.13763938011044266,0.011746692739286514,0.13758600291639553,0.011706848702290953,0.07810787935967257,0.01137646645548247,0.08567445085856856,0.011376466455448254,0.08753762186059597
948.0,0.1384717415094632,0.011869361144452271,0.1383273693243865,0.011880676804646783,0.13794897637566653,0.011754526638414607,0.13723231484416268,0.011637947793947787,0.13643751224184522,0.011461701915293948,0.13545002841693482,0.011180636006375174,0.13732500677041706,0.011677938479818396,0.13852070357561566,0.011914396571180116,0.1377956948686818,0.01173162856345551,0.13790013092878745,0.011732069315253868,0.13793996312573623,0.011744360864766925,0.13769175438327866,0.01173443961575929,0.1376387512175317,0.011694686027512894,0.07812296869400251,0.01137146659549626,0.08571045268457356,0.011371466595462138,0.08758200012472449
949.0,0.13851601798798666,0.011855891120586918,0.13837459847591427,0.011867551043112068,0.1380006688296513,0.011742107065079941,0.13729312253794332,0.011626805239813923,0.13650944740565285,0.011452091956236705,0.13553875176953117,0.011173196629507814,0.13737964475658113,0.011666110029021397,0.13856886296486853,0.011901264505541779,0.1378488048209081,0.011719452325262185,0.13795244377361762,0.011719759889264252,0.13799197793014653,0.011731992789172701,0.13774681175856637,0.011722470291033129,0.13769417996875766,0.011682805637359139,0.0781395205733824,0.011366704080419229,0.08574804983716795,0.011366704080385169,0.08762800393979042
950.0,0.13856302724436892,0.011842720637727802,0.13842454672199558,0.011854721436887315,0.1380550542115022,0.011729974150457427,0.13735657223496306,0.011615933677415705,0.13658397039151823,0.011442734693286745,0.13563000040990614,0.011165985862545877,0.13743693864644846,0.011654557963458637,0.1386197495024365,0.011888430808157964,0.13790459493370816,0.011707558893703599,0.13800744520799307,0.011707735474034465,0.13804668411415014,0.011719910656872041,0.13780454305033887,0.011710782317759252,0.13775228005072304,0.011671205106396021,0.07815752868407944,0.011362177216525398,0.08578723697185757,0.011362177216491378,0.08767562868001892
951.0,0.1386127586320468,0.011829846885985295,0.13847720387138132,0.011842185258509788,0.13811212308706555,0.011718125351644373,0.137422656031834,0.011605330904793086,0.13666107506697484,0.0114336283011506,0.1357237706581906,0.011159002344256447,0.13749687981097736,0.01164328000147516,0.1386733529567594,0.011875892686509371,0.13796305609823453,0.011695945823210555,0.1380651259150368,0.011695993559336405,0.1381040722969882,0.011708111938770919,0.13786493939294903,0.01169937327611627,0.1378130426632894,0.011659882036273135,0.07817698687945399,0.011357884339159257,0.08582800893348118,0.0113578843391253,0.08772486990872791
952.0,0.13866520185049716,0.011817267092889895,0.13853256007247447,0.01182993981607241,0.13817186634965267,0.011706558156957276,0.13749136632838713,0.011594994742826138,0.1367407555773574,0.011424770968726492,0.1358200590835862,0.011152244718263161,0.1375594599284109,0.011632273884031713,0.13872966344116883,0.01186364738654201,0.13802417952572085,0.01168461069636941,0.13812547690315655,0.011684531665331494,0.1381641334245031,0.011696594136663435,0.1379279922390803,0.011688240774396825,0.13787645932359022,0.011648834056319278,0.0781978891786749,0.011353823812595667,0.08587036075447542,0.011353823812561744,0.08777572337677117
953.0,0.13872034694238727,0.011804978523630133,0.1385906058106632,0.011817982453512246,0.13823427521776102,0.011695270086343527,0.1375626958261774,0.01158492303590295,0.13682300634516928,0.011416160900015869,0.1359188625046945,0.011145711634173846,0.13762467098270856,0.011621537375469431,0.13878867141101697,0.011851692192812341,0.13808795674547095,0.011673551124454692,0.13818848950384355,0.011673347343007876,0.1382268587668929,0.01168535478365393,0.13799369335777809,0.011677382449518004,0.1379425218640711,0.011638058824062278,0.07822022976544153,0.011349994029885235,0.08591428765317041,0.011349994029851379,0.08782818502101539
954.0,0.1387781842907249,0.011792978481229507,0.13865133190567908,0.011806310550835997,0.13829934123280946,0.01168425869172644,0.13763663752697497,0.011575113652513713,0.13690782206937005,0.01140779631495217,0.13602017798976557,0.011139401748618319,0.13769250526195645,0.011611068264191782,0.13885036766083747,0.011840024428577775,0.13815437960283355,0.01166276474788895,0.13825415536947214,0.011662438174550909,0.13829223991646364,0.011674391444510086,0.13806203483245535,0.011666795967460944,0.13801122243054542,0.011627554025676966,0.07824400298670155,0.011346393412686616,0.08595978503212807,0.011346393412652794,0.08788225096285095
955.0,0.1388387046160612,0.01178126430666642,0.1387147295089795,0.011794921524287709,0.13836705625687823,0.011673521557288569,0.13771318473126717,0.011565564485771321,0.13699519772467247,0.011399675450151815,0.13612400285693577,0.011133313726207043,0.1377629553567697,0.011600864363267339,0.13891474332154966,0.01182864145583648,0.13822344025719666,0.011652249236636804,0.13832246647111082,0.011651801773649694,0.13836026878541557,0.011663701715956584,0.13813300905891934,0.01165647902364529,0.13808255348024775,0.011617317376369195,0.07826920335138149,0.011343020411087066,0.08600684847651248,0.011343020411053305,0.08793791750674175
956.0,0.1389018989737135,0.011769833378942796,0.13878079010116173,0.011783812826463798,0.13843741247049518,0.011663056299698972,0.1377923310367433,0.011556273453871209,0.13708512856079655,0.01139179655959472,0.1362303346744131,0.011127446240414243,0.13783601415869176,0.011590923510962184,0.1389817898577062,0.011817540675322353,0.13829513117997816,0.01164200229053624,0.13839341509636527,0.011641435785747958,0.13843093760363462,0.011653283226910473,0.1382066087434333,0.011646429343244625,0.13815650777991575,0.011607346620700171,0.07829582552911263,0.011339873503412467,0.08605547375249853,0.011339873503378796,0.08799518113881045
957.0,0.13896775875104625,0.011758683115105053,0.1388495054894203,0.011772981946380063,0.13851040237042317,0.011652860568288265,0.13787407033680302,0.011547238500488232,0.1371776101017371,0.011384157915237126,0.13633917126064085,0.01112179797438936,0.13791167485859573,0.0115812435712048,0.1390514990647761,0.011806719526457355,0.13836944515266536,0.011632021639573907,0.1384669938472332,0.011631337888240906,0.13850423891652178,0.011643133638664694,0.13828282690075938,0.01163664468144649,0.13823307840388185,0.01159763953285441,0.07832386434897354,0.011336951196028355,0.08610565680572152,0.011336951195994711,0.08805403852545993
958.0,0.13903627566477017,0.011747810970222991,0.13892086780502685,0.011762426409493718,0.1385860187674948,0.011642932045176505,0.13795839681906463,0.01153845759512054,0.13727263814500068,0.01137675780756341,0.1364505106844219,0.011116367621704539,0.13798993094508624,0.011571822433990164,0.13912386306649005,0.011796175487266651,0.1384463752648385,0.011622305044108742,0.13854319563799497,0.011621505790624863,0.13858016558284297,0.01163325064502441,0.13836165685225213,0.011627122823662173,0.13831225873218045,0.011588193916858678,0.07835331479823722,0.011334252023132492,0.08615739375975977,0.011334252023098885,0.08811448651203664
959.0,0.13910744175831588,0.011737214437329163,0.13899486950087434,0.011752143777686129,0.13866425478446817,0.011633268445357774,0.1380453049638928,0.011529928733381954,0.13737020876085365,0.011369594546081375,0.13656435126505115,0.011111153887040317,0.13807077620291816,0.011562658015727385,0.13919887431221947,0.011785906074259143,0.138525914912245,0.011612850295046502,0.13862201369313354,0.01161193723460221,0.1386587107726179,0.011623631972399077,0.13844309222396786,0.011617861585690182,0.13839404244869452,0.011579007606752916,0.07838417202113675,0.01133177454654055,0.08621068091466064,0.011331774546506948,0.08817652212152396
960.0,0.13918124939922955,0.01172689104732255,0.139071503349045,0.011742131649208528,0.1387451038539313,0.011623867516743998,0.138134789542942,0.011521649937246957,0.13747031829156778,0.01136266645976356,0.13668069157240748,0.011106155486814056,0.1381542047114183,0.011553748259534955,0.13927652557443,0.011775908842276894,0.13860805779488683,0.011603655213972172,0.1387034415452833,0.011602629994145469,0.13873986796503326,0.011614275379854426,0.1385271269448027,0.011608858813836904,0.1384784235393144,0.011570078466719414,0.07841643131763075,0.01132951735546519,0.0862655147454988,0.011329517355431676,0.08824014255328257
961.0,0.13925769127663531,0.011716838368840195,0.1391507624384416,0.011732387658594103,0.13882855971622912,0.011614727040173191,0.13822684561773266,0.011513619255253476,0.1375729633506765,0.01135597189744013,0.1367995304270483,0.011101371149756373,0.13824021084295587,0.01154509113548802,0.1393568099461579,0.011766181384316069,0.13869279791515707,0.01159471765324089,0.1387874730332274,0.011593581875524908,0.13882363094641276,0.011605178659127661,0.13861375524467398,0.011600112384998003,0.13856539629014766,0.011561404391172543,0.0784500881422012,0.011327479066290223,0.08632189190097907,0.011327479066256798,0.08830534518182229
962.0,0.13933676039874554,0.011707054008099857,0.13923264017245118,0.011722909476540219,0.13891461641744932,0.011605844829384282,0.13832146853823252,0.011505834762665293,0.13767814082222565,0.011349509228146221,0.1369208669003058,0.011096799617436433,0.1383287892613827,0.01153668464082187,0.13943972083858536,0.011756721331322776,0.1387801295759979,0.01158603549603141,0.13887410229992328,0.011584790717301775,0.1389099938082065,0.011596339634609853,0.1387029716527082,0.011591620206704631,0.13865495528574598,0.011552983304811774,0.07848513810264919,0.011325658322339987,0.08637980920207528,0.011325658322306621,0.08837212755561463
963.0,0.13941845009042705,0.01169753560871553,0.13931713026667925,0.011713694809762218,0.1390032683074329,0.01159721873096121,0.1384186539414851,0.011498294561597592,0.13778584786005715,0.01134327684142637,0.13704470031436317,0.011092439644743641,0.13841993492055524,0.011528526800093593,0.13952525197863294,0.011747526351965928,0.13887004737908887,0.01157760665636749,0.1389633237905752,0.011576254390290568,0.1389989509450402,0.011587756163296962,0.13879477099551318,0.011583380217136119,0.1387470954073746,0.011544813162642626,0.07852157695892141,0.011324053793644458,0.08643926364070595,0.011324053793611124,0.08844048739594536
964.0,0.13950275399081508,0.011688280851489874,0.1394042267467177,0.011704741400823988,0.13909451003785306,0.011588846624249815,0.1385183977502633,0.011490996781109607,0.13789608188710412,0.011337273147600756,0.13717103024235283,0.011088290000323782,0.13851364306284916,0.01152061566530748,0.1396133974066331,0.011738594152389164,0.1389625462231005,0.011569429079106554,0.13905513225075417,0.011567970797492765,0.13909049705279794,0.011579426134712629,0.13888914839544364,0.011575390385103143,0.1388418118313309,0.011536891949966906,0.07855940062193988,0.011322664176702026,0.08650025237845185,0.011322664176668693,0.0885104225958022
965.0,0.13958966605100492,0.011679287454184418,0.13949392394598903,0.011696047027944004,0.13918833656031984,0.01158072642124873,0.1386206961717414,0.01148393957726534,0.13800884059469037,0.011331496577995223,0.1372998565084487,0.011084349466976647,0.13860990921769706,0.011512949316004687,0.13970415147406742,0.011729922475944536,0.1390576213019558,0.011561500739900943,0.13914952272455905,0.011559937874005635,0.13918462712676066,0.011571347470807142,0.13898609926893574,0.011567648710003063,0.13893910002729057,0.011529217682345569,0.07859860515246753,0.011321488194238725,0.08656277274531118,0.01132148819420545,0.0885819312188035
966.0,0.1396791805317807,0.011670553171270824,0.1395862165036199,0.011687609504782625,0.13928474312454814,0.011572856066478397,0.1387255456962443,0.011477121133166237,0.13812412194187543,0.011325945585136802,0.1374311791879694,0.011080616842016696,0.13870872920021066,0.011505525859321821,0.13979750884135145,0.011721509102909875,0.1391552681031707,0.011553819645133289,0.13924649055282487,0.0115521535869061,0.13928133645979107,0.01156351812583123,0.13908561932488084,0.011560153221750163,0.13903895575670205,0.011521788405536028,0.07863918675997704,0.011320524594966503,0.08662682223849125,0.011320524594933257,0.08865501149816621
967.0,0.13977129200141844,0.011662075793665289,0.13968109936240128,0.011679426680210185,0.13938372527657109,0.011565233536828642,0.13883294309597397,0.011470539658958253,0.1382419241547969,0.011320618642919772,0.13756499860751006,0.011077090937597919,0.13881009910977496,0.011498343430020461,0.1398934644756953,0.011713351850190831,0.13925548240621208,0.011546383831827467,0.13934603137139084,0.011544615935115096,0.13938062064056345,0.011555936086190408,0.13918770456304175,0.01155290198068357,0.13914137507123284,0.011514602195406638,0.07868114180155267,0.011319772153338833,0.08669239852124422,0.011319772153305646,0.08872966183570988
968.0,0.13986599533354446,0.011653853148446141,0.13977856776678502,0.011671496438059181,0.1394852788570076,0.011557856841387793,0.138942885423831,0.011464193391813858,0.13836224572608247,0.011315514246741301,0.13770131534506025,0.01107377058100711,0.13891401532871844,0.011491400190489425,0.1399920136490205,0.011705448571010954,0.13935826028091636,0.011539191367539345,0.13944814110940176,0.011537322949241103,0.13948247555185342,0.011548599370280153,0.13929235127252038,0.011545893077454092,0.13924635431125817,0.011507657157830765,0.07872446678080151,0.011319229669306543,0.08675949942173536,0.011319229669273356,0.08880588080090171
969.0,0.1399632857050612,0.011645883098559585,0.13987861726094947,0.011663816696861569,0.1395893999993845,0.01155072402125436,0.13905537001224647,0.011458080595892704,0.1384850854142312,0.011310630913612204,0.1378401302301694,0.011070654614926697,0.13902047452102262,0.011484694330723251,0.14009315193595015,0.01169779715458905,0.13946359808595404,0.011532240350227237,0.1395528159876828,0.011530272691406896,0.13958689736887792,0.011541506028302902,0.1393995560302696,0.011539124632891577,0.13935389010439125,0.01150095142856051,0.07876915834679883,0.011318895968071913,0.08682812293195366,0.011318895968038811,0.08888366712994013
970.0,0.14006315859413138,0.011638163542511815,0.13998124368692638,0.011656385409573686,0.13969608512850942,0.011543833149334066,0.13917039447206594,0.011452199562282604,0.13861044224309302,0.011305967182242563,0.1379814443441139,0.011067741897670028,0.13912947363104616,0.011478224068277068,0.1401968752118511,0.011690395525808105,0.1395714924673498,0.011525528908104377,0.13966005251715746,0.011523463255060585,0.1396938825576854,0.011534654142071244,0.13950931569966538,0.01153259479785636,0.1394639793640792,0.01149448317308474,0.07881521329304342,0.011318769899844018,0.08689826720666012,0.011318769899810918,0.08896301972487401
971.0,0.14016560977823395,0.01163069241405119,0.14008644318278812,0.011649200563288421,0.13980533095890557,0.011537182330122795,0.13928795669148375,0.011446548608921575,0.1387383155013296,0.011301521613103896,0.1381252590200928,0.011065031303390472,0.1392410098823302,0.011471987648202737,0.14030317965095598,0.011683241644874087,0.13968194035703504,0.01151905519947607,0.13976984749730795,0.011516892764772245,0.13980342787361222,0.011528041824795414,0.13962162742911596,0.011526301753073988,0.1395766192882324,0.011488250586470053,0.07886262855644156,0.011318850339592628,0.08696993056237214,0.011318850339559611,0.08904393765276482
972.0,0.14027063533226622,0.01162346768184101,0.1401942121808995,0.011642260178938633,0.13991713449330137,0.011530769699477758,0.13940805483501173,0.011441126080503242,0.13886870474193908,0.01129729278847249,0.1382715758434632,0.011062521722265052,0.1393550807764152,0.011465983342964045,0.1404120617245488,0.011676333506967966,0.1397949389714889,0.011512817412562536,0.13988219801472254,0.011510559376018095,0.13991553035978183,0.011521667220859974,0.13973648865073882,0.011520243708957016,0.13969180735792716,0.011482251893188774,0.07891140121631908,0.01131913618680423,0.08704311147639096,0.01131913618677121,0.08912642014488448
973.0,0.14037823162674676,0.011616487349124334,0.140304547406222,0.011635562310990376,0.14003149302117146,0.011524593424376712,0.13953068734249902,0.01143593034836743,0.1390016097818055,0.01129327931245137,0.1384203966519753,0.011060212060658594,0.13947168409172334,0.011460209452337179,0.14052351819920827,0.01166966914189152,0.13991048581038865,0.011506813765307407,0.13999710144166785,0.011504461274952943,0.14003018734567732,0.011515528505588481,0.1398538970790797,0.011514418905413284,0.13980954133613743,0.01147648534693342,0.07896152849344466,0.011319626365237914,0.08711780858586159,0.011319626365204897,0.08921046659595244
974.0,0.14048839532604399,0.011609749453381417,0.14041744587469973,0.011629105047129802,0.1401484041173514,0.011518651702668546,0.1396558529282159,0.011430959810376394,0.13913703070130393,0.011289479810976404,0.13857172353606523,0.011058101241262688,0.1395908178824866,0.011454664303293697,0.1406375461351312,0.011663246613707353,0.14002857865535842,0.011501042505176435,0.14011455543474186,0.011498596678173094,0.1401473964457533,0.01150962388499872,0.13997385070989898,0.011508825611643948,0.13992981926654297,0.011470949230420288,0.07901300774909065,0.011320319822683094,0.0871940206868749,0.01132031982265013,0.08929607656341125
975.0,0.14060112338669706,0.011603252065981865,0.14053290489169334,0.01162288650794214,0.140267865640699,0.011512942762815179,0.13978355057996406,0.011426212890779339,0.1392749678439196,0.011285892931804507,0.13872555883916662,0.011056188203219389,0.1397124804777084,0.011449346249870674,0.14075414288452073,0.01165706402037517,0.14014921556873763,0.011495501908943771,0.14023455793357117,0.011492963832469508,0.1402671555581251,0.011503951595548956,0.14009634781899719,0.011503462125930316,0.14005263947237695,0.011465641855182737,0.07906583648410608,0.011321215530718139,0.08727174673360648,0.011321215530685231,0.08938324976674003
976.0,0.14071641305579197,0.01159699329183181,0.1406509220504886,0.011616904846585957,0.14038987573281222,0.011507464863625217,0.13991377955825565,0.01142168804006452,0.13941542181593763,0.011282517344488735,0.13888190515805424,0.011054471902223582,0.13983667048019496,0.011444253673027049,0.14087330609003032,0.011651119493383872,0.14027239489242532,0.011490190282470896,0.1403571071595717,0.011487561014574384,0.1403894628633084,0.011498509903876814,0.14022138696111924,0.011498326775412725,0.14017800055534937,0.011460561561354677,0.07912001233802322,0.011322312484471167,0.08735098583748907,0.011322312484438284,0.08947198608680591
977.0,0.14083426186941736,0.011590971269016813,0.1407714952308703,0.011611158248461923,0.14051443281682952,0.011502216293982128,0.14004653939552736,0.011417383734802009,0.13955839348614957,0.011279351740337416,0.13904076534322643,0.01105295131061071,0.13996338676562947,0.011439384980489901,0.1409950336833013,0.011645411197381333,0.14039811524678267,0.01148510596047591,0.14048220161478145,0.011482386530899323,0.1405143168230246,0.011493297106531545,0.14034896696889013,0.011493417915861063,0.1403059013945929,0.011455706717447422,0.07917553308818422,0.01132360970238234,0.08743173726643128,0.011323609702349512,0.08956228556525597
978.0,0.1409546676511768,0.01158518416844164,0.1408946225977452,0.011605644930878605,0.14064153559626566,0.011497195372565949,0.14018182989543249,0.011413298477477416,0.13970388398563463,0.011276394832363474,0.13920214249934634,0.011051625417427807,0.14009262848169754,0.011434738606588798,0.1411193238835437,0.011639937329802338,0.14052637552958344,0.011480247306295916,0.14060984008072508,0.011477438717268501,0.14064171617905136,0.011488311529700033,0.14047908695183633,0.011488733931437966,0.14043634114571837,0.011451075720117932,0.07923239664889738,0.0113251062259686,0.08751400044406454,0.011325106225935709,0.08965414840394448
979.0,0.14107762851075972,0.011579630193468152,0.1410203025998595,0.011600363142714662,0.14077118305392364,0.01149240044757118,0.14031965113216435,0.011409430796316152,0.1398518947075608,0.011273645355219386,0.13936603998566205,0.011050493228490303,0.14022439504726122,0.011430313012081415,0.14124617519619864,0.011634696120494718,0.14065717491503346,0.011475612711643844,0.14074002161737026,0.0114727159386469,0.14077165995216018,0.011483551528928848,0.14061174629543668,0.011484273234456926,0.1405693192398664,0.011446666993932228,0.0792906010706108,0.011326801119590361,0.08759777494903442,0.011326801119557526,0.08974757496439949
980.0,0.14120314284260904,0.01157430757955063,0.14114853396855642,0.011595311164078016,0.1409033744508699,0.011487829896419471,0.14046000344983955,0.011405779245102122,0.14000242730703996,0.011271102065123882,0.1395324614165477,0.011049553766426386,0.14035868615159605,0.011426106683971492,0.14137558641167638,0.01162968583134589,0.1407905128528323,0.011471200596358483,0.1408727455621278,0.011468216588863354,0.14090414744109833,0.011479015488841334,0.14074694466026402,0.011480034265134139,0.14070483538287404,0.011442478991122237,0.0793501445391215,0.011328693470221253,0.0876830605143226,0.0113286934701885,0.08984256576732556
981.0,0.14133120932463086,0.011569214593871155,0.1412793157166136,0.011590487305964852,0.14103810932546815,0.011483482125470078,0.14060288746194047,0.01140234240298836,0.1401554837010443,0.011268763739778281,0.13970141066202094,0.011048806070707006,0.14049550175367767,0.01142211813531784,0.14150755660414513,0.011624904755907406,0.14092638906732033,0.011467009408150462,0.14100801152892298,0.01146393909033056,0.14103917822163328,0.011474701822851704,0.14088468198115983,0.011476015491336172,0.14084288955447022,0.011438510191338689,0.07941102537480187,0.011330782387219648,0.08776985702661166,0.011330782387186947,0.08993912149214867
982.0,0.14146182691698342,0.011564349534972956,0.14141264713714408,0.011585889909916042,0.14117538749246838,0.011479355569727234,0.1407483040508203,0.011399118874303357,0.14031106606835722,0.011266629178273651,0.13987289184834234,0.01104824919766696,0.14063484208152255,0.01141834590503845,0.1416420851304058,0.011620351219022412,0.14106480355666604,0.011463037622344975,0.14114581940731352,0.011459881893762588,0.1411767521456684,0.01147060897287656,0.14102495846648067,0.011472215408324297,0.14098348200753322,0.011434759101400115,0.07947324203185822,0.011333067002103606,0.08785816452568335,0.011333067002070958,0.09003724297659249
983.0,0.14159499486093133,0.011559710732395633,0.14154852780256785,0.011581517347673731,0.1413152090421773,0.011475448692545602,0.14089625436724884,0.01139610728835104,0.14046917684958105,0.011264697200990867,0.14004690935863626,0.011047882220513632,0.14077670763158553,0.011414788557707545,0.1417791716288268,0.011616023576451511,0.14120575659211648,0.011459283741619565,0.14128616936169394,0.011456043477888731,0.14131686934041776,0.011466735409043471,0.1411677745974129,0.011468632538495043,0.14112661326742407,0.01143122425503802,0.07953679309760885,0.011335546468328413,0.08794798320385268,0.011335546468295732,0.0901369312162997
984.0,0.1417307126777668,0.011555296546309449,0.1416869575636362,0.011577368020837581,0.14145757433967934,0.011471759985334347,0.14104673983002058,0.01139330629920739,0.14062981874719233,0.011262966649493559,0.1402234678335815,0.011047704229326518,0.14092109916821477,0.011411444683347939,0.1419188160183561,0.01161192021450179,0.1413492487173227,0.011455746295740771,0.14142906183054382,0.011452422349167272,0.14145953020764343,0.011463079629398892,0.1413131311273304,0.011465265431118185,0.1412722841313641,0.011427904212640254,0.0796016772917957,0.011338219961066986,0.08803931340544272,0.011338219961034329,0.09023818736448494
985.0,0.14186898016781038,0.011551105367151279,0.1418279365485437,0.011573440360521855,0.14160248402412362,0.011468287967259535,0.14119976212563798,0.01139071458551323,0.1407929947256572,0.011261436386413564,0.140402572172132,0.01104771433104777,0.14106801772316968,0.011408312897219679,0.14206101849759348,0.011608039549656855,0.1414952807477077,0.011452423841297053,0.14157449752574297,0.011449017041496461,0.1416047354229572,0.011459640159614879,0.14146102908123456,0.011462112662073583,0.14142049566788012,0.01142479756099128,0.07966789346591666,0.011341086676993751,0.08813215562629108,0.011341086676961173,0.09034101273162712
986.0,0.14200979740946407,0.011547135615261812,0.14197146516209536,0.011569732827012673,0.14174993900807906,0.011465031184947582,0.14135532320802716,0.011388330850263001,0.1409587080115876,0.011260105295332102,0.1405842275322824,0.011047911649464889,0.1412174645951751,0.011405391839603693,0.14220577954394045,0.011604380028208672,0.14164385376991043,0.011449314961431893,0.14172247743196653,0.011445826115925975,0.14175248593518547,0.011456415552694402,0.1416114697552377,0.011459172833585444,0.14157124921631406,0.011421902913011744,0.07973544060258544,0.011344145834071374,0.08822651051329608,0.01134414583403879,0.09044540878520155
987.0,0.14215316475834405,0.011543385740524648,0.14211754408493615,0.011566243909427188,0.14189994047695065,0.011461988212187036,0.14151342529833094,0.011386153820592222,0.14112696209396944,0.011258972280654592,0.14076843933190278,0.011048295325185569,0.14136944134956803,0.011402680175583413,0.14235309991281517,0.011600940125892334,0.14179496914128412,0.01144641826557417,0.1418730028061139,0.01144284816036727,0.14190278296580375,0.011453404388677726,0.14176445471612137,0.011456444573956065,0.14172454638640328,0.011419218907496212,0.079804317814919,0.0113473966713406,0.08832237886399598,0.01134739667130804,0.09055137714944674
988.0,0.14229908284648052,0.011539854222007487,0.1422661742728668,0.011562972125373489,0.14205248988846234,0.01145915764963151,0.1416740708847516,0.011384182247561726,0.14129776072442662,0.011258036267481775,0.14095521324961627,0.01104886451560486,0.14152394981796837,0.011400176594822516,0.14250298063694214,0.011597718347523359,0.14194862848946554,0.011443732389168527,0.14202607517683624,0.011440081789304328,0.14205562800842986,0.011450605274348278,0.1419199858009607,0.011453926537299028,0.14188038905788972,0.011416744208850787,0.07987452434595071,0.011350838448713934,0.08841976162618649,0.011350838448681368,0.0906589196051691
989.0,0.14244755258158126,0.011536539567605437,0.1424173569562071,0.0115599160206137,0.1422075889722077,0.011456538124503618,0.14183726272246402,0.01138241490594077,0.14147110791755324,0.011257296201476126,0.14114455522572308,0.011049618394867343,0.14168099209803864,0.011397879811342198,0.14265542302570455,0.0115947132266379,0.1421048337119967,0.01144125599340606,0.142181696344098,0.011437525643505128,0.1422110228283835,0.011448016842938814,0.14207806511678828,0.011451617403272078,0.14203877938024242,0.011414477506829572,0.07994605956806725,0.011354470446772073,0.0885186598975754,0.011354470446739585,0.09076803808958578
990.0,0.14259857514637314,0.011533440313687264,0.14257109363924125,0.011557074168727819,0.14236523972925583,0.011454128290298989,0.1420030038335824,0.011380850593988507,0.14164700795129828,0.011256751048724832,0.14133647146318304,0.01105055615382291,0.14184057055327445,0.011395788563295324,0.14281042866457563,0.011591923325135985,0.1422635869760243,0.011438987764953456,0.14233986837882667,0.011435178389733515,0.14236896946231203,0.011445637753839707,0.14223869504035824,0.011449515876810442,0.1421997197723984,0.011412417516272743,0.08001892298247859,0.011358291966564486,0.08861907492546656,0.011358291966531962,0.0908787346962056
991.0,0.14275215199800628,0.011530555024744949,0.1427273860997199,0.011554445170780811,0.14252544443183945,0.011451926826492634,0.1421712975071822,0.011379488133235222,0.1418254653674062,0.01125639979559998,0.14153096842865442,0.011051676999976563,0.1420026878128882,0.01139390161273957,0.14296799941460744,0.011589347232928603,0.14242489071804448,0.011436926415684018,0.14250059362261344,0.011433038720462124,0.14252947021788717,0.011443466692307438,0.14240187821794384,0.011447620687859886,0.14236321292259735,0.011410562976842868,0.08009311421870717,0.0113623023294125,0.08872100810649063,0.011362302329379997,0.0909910116747462
992.0,0.142908284867523,0.011527882293045742,0.14288623638844292,0.011552027654992986,0.14268820562309345,0.011449932438246394,0.14234214729940575,0.011378326368262078,0.1420064849719205,0.011256241448615993,0.1417280528535873,0.011052980157434474,0.14216734677172163,0.011392217745410162,0.14312813741200506,0.011586983567588319,0.14258874764373036,0.01143507068240939,0.14266387468748915,0.011431105353587547,0.14269252767355498,0.01144150236917525,0.14256761756521066,0.0114459305911116,0.14252926178825623,0.011408912652764355,0.08016863303410754,0.011366500876717096,0.08882446098635832,0.011366500876684643,0.09110487143108516
993.0,0.14306697575940922,0.011525420738288024,0.14304764682889398,0.011549820276411611,0.14285352611686838,0.011448143856118326,0.14251555703359636,0.011377364166481479,0.14219007183574184,0.011256275034284209,0.14192773173537784,0.01105446486684511,0.14233455059024225,0.011390735770492436,0.14329084506775713,0.011584830974003457,0.14275516072781344,0.011433419326611053,0.1428297144557533,0.01142937703214593,0.14285814467835886,0.011439743520565097,0.14273591626715887,0.011444444365737416,0.1426978695959372,0.01140746533256167,0.08024547931341082,0.011370886969769206,0.08892943525965848,0.011370886969736772,0.09122031652725796
994.0,0.14322822695120557,0.011523169007260756,0.14321162001697038,0.01154782171658782,0.14302140899760865,0.011446559835774394,0.14269153080053804,0.011376600417917142,0.14237623129524576,0.011256499598966489,0.14213001233856443,0.011056130385336739,0.1425043026945934,0.01138945452039274,0.14345612506734579,0.011582888124036326,0.1429241332140274,0.011431971134174603,0.14299811607988558,0.011427852524031579,0.1430263243518377,0.011438188907602119,0.1429067777781241,0.011443160815126982,0.14286903984135782,0.01140621982880057,0.08032365306830122,0.011375459989564175,0.0890359327696911,0.011375459989531732,0.09133734968148317
995.0,0.1433920409931823,0.011521125773506552,0.14337815882074567,0.01154603068325489,0.14319185762029638,0.01144517915770249,0.1428700729587141,0.011376034034984741,0.14256496895296822,0.011256914208726486,0.14233490219611838,0.0110579759864511,0.14267660677670302,0.011388372850510756,0.14362398037052354,0.011581153716185677,0.14309566861513057,0.01143072491512493,0.14316908298251524,0.011426530621717536,0.14319707008397867,0.011436837316131283,0.143080205821842,0.011442078766626,0.14304277628946485,0.011405174977829781,0.08040315443700698,0.01138021933661965,0.08914395550833024,0.011380219336587255,0.09145597376823064
996.0,0.14355842070810593,0.011519289736988743,0.14354726638032886,0.011544445910011055,0.1433648756104583,0.011444000626928571,0.14305118813466153,0.01137566395227293,0.1427562906783378,0.011257517949179998,0.14254240911075142,0.011060000960074007,0.14285146679445726,0.011387489639012675,0.1437944142111563,0.011579626475253384,0.14326977071297584,0.011429679503363162,0.14334261885644228,0.011425410141977592,0.14337038553522843,0.011435687556436319,0.1432562043915899,0.011441197071276422,0.14321908297459504,0.011404329639525033,0.08048398368393,0.011385164430797262,0.08925350561592482,0.011385164430764861,0.09157619181832397
997.0,0.14372736919104118,0.011517659623762146,0.1437189461077809,0.011543066156006124,0.1435404668642559,0.01144302307273645,0.14323488122337974,0.011375489126325472,0.14295020260848845,0.011258309925344311,0.14275254115631927,0.01106220461236311,0.14302888697194643,0.011386803786603035,0.14396743009714766,0.011578305152015432,0.14344644355866876,0.011428833756405642,0.14351872766476578,0.011424489925611861,0.1435462746366026,0.011434738462961164,0.1434347777503783,0.011440514603559339,0.14339796420068146,0.011403682697034423,0.08056614119929577,0.011390294711127636,0.08936458538123962,0.011390294711095282,0.0916980070190849
998.0,0.14389888980926094,0.011516234185648835,0.14389320168710898,0.011541890205631004,0.14371863554861813,0.011442245348388821,0.1434211573887968,0.011375508535424607,0.14314671114911587,0.011259289261487084,0.14296530667926163,0.011064586265673958,0.14320887179976174,0.011386314216299884,0.14414303181042312,0.011577188522897021,0.14362569147275686,0.011428186555125215,0.14369741364102614,0.011423768837174907,0.1437247415898292,0.011433988894034741,0.14361593043122606,0.011440030261138498,0.14357942454153624,0.011403233056526714,0.08064962749883733,0.01139560963563925,0.08947719724142306,0.011395609635606886,0.09182142271450966
999.0,0.1440729862021884,0.01151501219991713,0.14407003707431099,0.011540916868211657,0.14389938610146452,0.011441666330853528,0.14361002206431367,0.011375721179375442,0.14334582297541437,0.01126045510097423,0.14318071430013374,0.011067145258482146,0.14339142603536267,0.011386019873209568,0.14432122340698847,0.011576275389652925,0.14380751904553296,0.011427736803494732,0.1438786812894689,0.011423245764705894,0.1439057908675807,0.011433437731598182,0.14379966723748308,0.011439742964608259,0.1437634688411972,0.011402979646941057,0.08073444322348815,0.011401108681191015,0.08959134378201657,0.011401108681158697,0.09194644240548766
1000.0,0.14424966228144273,0.011513992468965076,0.14424945649751464,0.011540144977707013,0.1440827232319845,0.011441284920530884,0.1438014809534003,0.011376126079291532,0.14354754503306413,0.01126180660611844,0.14339877291518222,0.011069880945305493,0.14357655470350028,0.011385919724303115,0.1445020092170647,0.011575564579051402,0.14399193113736258,0.011427483428333034,0.14406253538533303,0.011422919619462926,0.14408942721376616,0.01143308388093527,0.1439859932432434,0.01143965165724245,0.1439501022143389,0.011402921419739635,0.08082058913912434,0.011406791343308477,0.08970702773699621,0.011406791343276176,0.09207306975005405
1001.0,0.14442892223093426,0.011513173820009616,0.14443146445716254,0.011539573392410902,0.1442686519209879,0.01144110004098517,0.14399554003027376,0.011376722277383141,0.14375188453929547,0.01126334295802714,0.1436194916979864,0.01107279269662323,0.1437642630967268,0.011386012758194782,0.14468539384528253,0.011575054942563992,0.14417893287910585,0.011427425379053885,0.14424898097522695,0.01142278933565947,0.14427565564389222,0.011432926270405794,0.1441749137938075,0.011439755304746273,0.14413933004675994,0.011403057348663348,0.08090806613631701,0.011412657136023553,0.08982425198885176,0.011412657135991272,0.09220130856368322
1002.0,0.14461077050702656,0.01151255510477826,0.14461606572628696,0.011539200994657777,0.14445717742132785,0.011441110638679834,0.14419220554063486,0.011377508836746226,0.14395884898401304,0.011265063356450875,0.14384288010118737,0.011075879898794782,0.143954556775943,0.011386297984921707,0.14487138217096165,0.011574745356058798,0.14436852967258745,0.011427561627417395,0.14443802337757838,0.01142285387020416,0.14446448144549517,0.011432963851183413,0.14436643450621084,0.01144005289501156,0.14433115799592883,0.011403386429488592,0.08099687523011775,0.011418705591718011,0.08994301956869562,0.01141870559168572,0.09233116281961772
1003.0,0.14479521183879202,0.01151213519920672,0.1448032653508458,0.011539026690533326,0.14464830525837896,0.011441315682715258,0.14439148400246563,0.011378484841153925,0.14416844613097654,0.011266967019632236,0.14406894785825525,0.01107914195397639,0.14414744157103587,0.011386774435725704,0.14505997934845286,0.011574634719499068,0.14456072719115343,0.011427891167284019,0.14462966818314213,0.011423112202444602,0.14465591017863874,0.01143319559699464,0.14456056126984665,0.011440543437874125,0.14452559199160042,0.01140390767978909,0.08108701755986972,0.011424936260970648,0.09006333365641567,0.011424936260938401,0.09246263664923668
1004.0,0.14498225122831634,0.011511913003140788,0.1449930686501203,0.011539049409588234,0.1448420412306153,0.011441714164570701,0.1445933822069092,0.011379649394850045,0.14438068401907725,0.011269053184155192,0.14429770498534994,0.01108257828003766,0.14434292358156417,0.011387441162837115,0.14525119080755214,0.011574721956647127,0.14475553138028327,0.011428413014372443,0.14482392125557456,0.011423563333913584,0.14484994767648693,0.011433620503863613,0.14475730024712477,0.011441225964874685,0.14472263823650922,0.011404620138698626,0.08117849438904698,0.011431348712408234,0.09018519758085744,0.011431348712375947,0.0925957343424608
1005.0,0.145171893951077,0.011511887440042645,0.14518548121720098,0.011539268104558185,0.14503839141021646,0.011442305097849725,0.14479790721920924,0.011381001622345248,0.14459557096365028,0.011271321104795427,0.14452916178324682,0.011086188310477713,0.14454100917751964,0.011388297239260636,0.14544502225399095,0.011575006014771592,0.1449529484582811,0.01142912620601957,0.1450207887320961,0.011424206288079582,0.14504660004593975,0.011434237589859229,0.14495665787422,0.0114420995290225,0.14492230320711408,0.011405522866677674,0.08127130710511386,0.011437942532559685,0.0903086148200407,0.011437942532527444,0.09273046034819755
1006.0,0.1453641455564106,0.011512057456701717,0.1453805089195336,0.011539681751085646,0.14523736214378485,0.011443087518028718,0.14500506637971572,0.01138254066821372,0.14481311555787482,0.011273770054371591,0.14476332883932905,0.011089971494338784,0.1447417050001633,0.011389341758563487,0.14564147966999602,0.011575485864360843,0.1451529849170207,0.011430029800944264,0.14522027702420295,0.011425040110099883,0.14524587366834735,0.011435045894845609,0.14515864086188962,0.011443163204562585,0.1451245936544431,0.011406614945284018,0.08136545721942323,0.011444717325714454,0.09043358900141477,0.011444717325682202,0.09286681927482429
1007.0,0.1455590118680202,0.0115124220229507,0.14557815789953887,0.01154028934744804,0.1454389600531027,0.011444060482210576,0.14521486730497843,0.011384265696895051,0.1450333266742465,0.011276399323597289,0.1450002170296507,0.0110939272961224,0.14494501796291068,0.011390573834666226,0.14584056931492456,0.01157616049884069,0.14535564752277885,0.011431122879014249,0.1454223928184606,0.011426063866578228,0.1454477752002825,0.011436044480237323,0.14536325619634796,0.011444416086745372,0.14532951660496765,0.011407895476944128,0.0814609463671252,0.01145167271378403,0.0905601239021492,0.011451672713751792,0.09300481589070521
1008.0,0.1457564989845883,0.011512980131385981,0.14577843457530354,0.011541089914289846,0.14564319203597945,0.011445223068879759,0.14542731788888277,0.011386175892496323,0.14525621346610837,0.01127920822093503,0.14523983752109104,0.011098055195703092,0.14515095525230204,0.011391992601635648,0.14604229772596966,0.011577028934296782,0.14556094331713135,0.011432404541016263,0.14562714307736888,0.011427276645325708,0.1456523115744034,0.011437232428757039,0.14557051114023026,0.011445857291600237,0.1455370793615899,0.011409363584730324,0.08155777630712042,0.01145880833616729,0.09068822344945708,0.011458808336135065,0.0931444551247586
1009.0,0.14595661328043996,0.01151373079709226,0.145981345641345,0.011542082494358025,0.14585006526716257,0.011446574377663568,0.1456424263038903,0.011388270458597288,0.14548178536925518,0.01128219607245038,0.14548220177356033,0.011102354688243398,0.14535952432903684,0.011393597213480338,0.14624667171894096,0.011578090209202242,0.14576887961791377,0.011433873908429133,0.14583453504028943,0.011428677555124627,0.1458594900003667,0.011438608844198042,0.14578041323361648,0.01144748595571291,0.1457472895046691,0.011411018412139717,0.08165594892202267,0.011466123849619569,0.09081789172095746,0.011466123849587393,0.09328574206704714
1010.0,0.14615936140628294,0.011514673057373028,0.14618689806944715,0.011543266152243813,0.14605958719932594,0.01144811352909603,0.14586020100231023,0.01139054861805937,0.14571005210363283,0.011285362221668666,0.14572732154230147,0.011106825284107636,0.14557073292908643,0.011395386843949348,0.14645369838911731,0.01157934338414945,0.14597946402026044,0.011435530123201124,0.14604457622446398,0.01143026572549763,0.14606931796583292,0.011440172851189633,0.14599297029512281,0.011449301236004652,0.14596015489313843,0.011412859122876783,0.0817554662181627,0.011473618928124972,0.0909491329450698,0.011473618928092781,0.09342868196942267
1011.0,0.14636475029002435,0.011515805971484668,0.1463950991095691,0.011544639974127462,0.14627176556411767,0.011449839664385208,0.1460806507176891,0.01139300961283575,0.14594102367507278,0.011288706029432336,0.14597520888026325,0.011111466508778015,0.14578458906484895,0.011397360686332776,0.1466633851121768,0.0115807875415872,0.14619270439772178,0.011437372347529912,0.14625727442608488,0.011432040306479027,0.146281803237524,0.011441923594967115,0.14620819042308658,0.011451302309516478,0.1461756836656877,0.011414884900639367,0.08185633032560723,0.011481293262772528,0.09108195150144946,0.01148129326274035,0.0935732802461997
1012.0,0.14657278713765987,0.011517128620375811,0.1466059562908318,0.011546203067527329,0.1464866083733054,0.011451751945185759,0.14630378446624265,0.011395652703785222,0.1461747103771386,0.011292226873760868,0.14622587614055169,0.011116277902769285,0.14600110102641234,0.011399517953265879,0.14687573954520047,0.011582421785562798,0.14640860890344076,0.011439399763646569,0.146472637721444,0.011434000468390536,0.1464969538623787,0.011443860241144736,0.14642608199679638,0.011453488373196116,0.1463938842420173,0.011417094948908198,0.08195854349821746,0.01148914656163585,0.09121635192145149,0.011489146561603632,0.09371954247487442
1013.0,0.1467834794342368,0.011518640106431145,0.14681947742256823,0.01154795456105481,0.14670412391997292,0.011453849553374177,0.14652961154836755,0.011398477170488292,0.14641112279302326,0.011295924149710942,0.1464793359789635,0.011121259021544264,0.1462202773828719,0.011401857876535398,0.14709076962774603,0.011584245241468142,0.14662718597141072,0.011441611573602488,0.14669067446816964,0.011436145401621104,0.1467147781687586,0.01144598197549355,0.1466466536778203,0.011455858643688092,0.14661476532418008,0.011419488490739827,0.0820621081137185,0.011497178549656243,0.09135233888863958,0.011497178549624067,0.09386747439687981
1014.0,0.14699683494488414,0.01152033955322017,0.14703567059546374,0.011549893604172374,0.14692432077979972,0.011456131690828125,0.14675814155023797,0.011401482311066694,0.14665027179753884,0.011299797269240493,0.146735601356602,0.01112640943543096,0.14644212698370906,0.011404379706889383,0.14730848358301155,0.01158625705579133,0.14684844431780797,0.01144400699906084,0.14691139330652064,0.011438474316409984,0.14693528476773995,0.011448288003721767,0.14686991441139888,0.011458412357128214,0.14683833589797501,0.011422064768562532,0.0821670266738123,0.01150538896852925,0.09148991723932413,0.011505388968497088,0.09401708191838243
1015.0,0.14721286171593245,0.0115222261052499,0.14725454418275455,0.011552019366956382,0.1471472078124242,0.011458597579210283,0.14698938434547168,0.011404667442005733,0.14689216855917306,0.011303845661072197,0.14699468554258124,0.011131728729539611,0.1466666589602726,0.011407082713849567,0.14752888991905802,0.011588456395872563,0.14707239294239674,0.011446585281090289,0.14713480316076347,0.011440986442633373,0.14715848255448497,0.011450777551260673,0.14709587342790695,0.011461148768941245,0.14706460523443124,0.011424823043976727,0.08227330180430385,0.011513777576595063,0.09162909196314127,0.011513777576562915,0.0941683711111245
1016.0,0.1474315680760942,0.01152429892772338,0.14747610684151177,0.011554331039864512,0.1473727941628614,0.011461246459755797,0.14722335009686627,0.011408031897978673,0.14713682454223118,0.01130806877056082,0.147256602116801,0.01113721650368024,0.14689388272730694,0.011409966185526785,0.1477519974301181,0.011590842449664877,0.14729904113000405,0.011449345679963228,0.14736091324062692,0.011443681029596137,0.14738438070967846,0.011453449863052367,0.14732454024440816,0.011464067153641217,0.14729358289138053,0.011427762597557435,0.08238093625526409,0.011522344148731852,0.09176986820366362,0.011522344148699688,0.09432134821329512
1017.0,0.14765296263772537,0.011526557206301647,0.14770036751401108,0.011556827833507557,0.14760108926302626,0.011464077593062665,0.14746004925823325,0.011411575031675173,0.14738425150905407,0.011312466059562216,0.14752136497283072,0.011142872372282306,0.14712380798456554,0.011413029428439367,0.14797781519798586,0.011593414425499538,0.14752839845209148,0.011452287474957367,0.14758973304282733,0.011446557345825987,0.14761298870105113,0.011456304203343195,0.14755592466627399,0.011467166804636759,0.14752527871506957,0.011430882728661683,0.08248993290121183,0.011531088476253065,0.09191225125905632,0.011531088476220943,0.09447601963045432
1018.0,0.14787705429816778,0.011529000146870857,0.14792733542914943,0.011559508978425509,0.1478321028333088,0.01146709025888772,0.14769949257628115,0.011415296213632669,0.14763446152232537,0.011317037006303054,0.1477889883208613,0.0111486959643139,0.14735644471851123,0.011416271767334493,0.1482063525934763,0.011596171551856174,0.14776047476837245,0.011455409964160406,0.14782127235267511,0.011449614678871732,0.14784431628497413,0.011459339855480375,0.147790036788875,0.011470447034039332,0.1477597028418848,0.011434182755238479,0.0826002947413339,0.01154001036680792,0.0920562465827596,0.011540010366775811,0.0946323919364946
1019.0,0.14810385224116446,0.011531626975314086,0.1481570201039722,0.011562373724867585,0.14806584488423966,0.011470283755945401,0.1479416910926119,0.011419194832069391,0.14788746694745034,0.011321781105253987,0.14805948669076144,0.011154686923203407,0.14759180320406798,0.011419692545012869,0.14843761927797286,0.011599113077137424,0.1479952802285385,0.011458712464279281,0.14805554124576276,0.011452852335106149,0.14807837350813238,0.011462556121711641,0.14802688699937352,0.01147390717247425,0.1479968657001502,0.011437662013642661,0.08271202489971935,0.011549109644285183,0.09220185978421878,0.011549109644253028,0.0947904718746394
1020.0,0.1483333659383539,0.011534436937286844,0.14838943134526514,0.011565421342577079,0.14830232571823737,0.011473657401710474,0.14818665614576723,0.011423270292722519,0.1481432804550295,0.011326697867004817,0.14833287493521757,0.011160844906761459,0.14782989400647653,0.011423291122156877,0.14867162520504362,0.011602238269447717,0.14823282527403955,0.011462194310451838,0.1482925500897292,0.011456269639531499,0.14831517070927938,0.011465952322990263,0.1482664859785769,0.011477546568896935,0.14823677801198482,0.011441319858451982,0.08282512662563037,0.011558386148720614,0.0923490966296424,0.011558386148688475,0.09495026635849098
1021.0,0.1485656051508349,0.011537429297998343,0.14862457925121556,0.011568651120581024,0.14854155593142537,0.011477210532224818,0.1484343993733804,0.011427522018687375,0.14840191502340433,0.011331786818141103,0.14860916823296746,0.01116716958710416,0.1480707279832171,0.011427066877159912,0.1489083806221459,0.011605546416377763,0.14847312063995977,0.011465854856062944,0.1485323095460924,0.011459865935589788,0.14855471852107324,0.011469527798782717,0.1485088447028726,0.011481364590411021,0.14847945079526853,0.011445155662288481,0.0829396032938002,0.011567839736207694,0.09249796304280818,0.011567839736175591,0.09511178247311998
1022.0,0.1488005799308317,0.011540603341996166,0.148862474213176,0.01157206236698245,0.14878354641554178,0.011480942501908094,0.1486849327143925,0.011431949450261021,0.1486633839413084,0.011337047501124202,0.1488883820921323,0.011173660650577972,0.14831431628600422,0.01143101920596161,0.14914789607241763,0.011609036824792168,0.14871617735697093,0.011469693472564116,0.14877483057219315,0.01146364058497595,0.14879702787198665,0.011473281906880338,0.14875397444624813,0.01148536062209119,0.14872489536565744,0.011449168815642001,0.08305545840475465,0.011577470278811626,0.09264846510589685,0.011577470278779506,0.0952750274761884
1023.0,0.14903830062341333,0.01154395837295548,0.14910312691748615,0.011575654408758655,0.1490283083599143,0.011484852683372319,0.14893826841136906,0.011436552044788259,0.14892770081058251,0.01134247947417155,0.14917053235364405,0.011180317797686256,0.14856067036288106,0.011435147521883864,0.14939018239653265,0.01161270882062211,0.14896200675335983,0.011473709549295944,0.1490201244231785,0.011467592967455552,0.14904210998830517,0.011477214023215667,0.1490018867824032,0.011489534066809002,0.14897312333872284,0.011453358726698518,0.08317269558515711,0.011587277664486634,0.09280060906037202,0.011587277664454469,0.09544000879913381
1024.0,0.1492787778683139,0.01154749371347329,0.14934654834739514,0.011579426591562626,0.14927585325354079,0.011488940467239328,0.14919441901289068,0.011441329276510906,0.14919487954900595,0.011348082311141653,0.1494556351947767,0.011187140743015658,0.14880980196037244,0.011439451255471186,0.14963525073465928,0.01161656174866286,0.1492106204571492,0.011477902493314901,0.14926820265410942,0.011471722480685653,0.14928997639621303,0.011481323541681202,0.14925259358693166,0.011493884345062266,0.14922414663213085,0.01145772482117145,0.08329131858820017,0.011597261796996891,0.09295440130789834,0.011597261796964738,0.09560673404837756
1025.0,0.1495220226018213,0.011551208704866298,0.1495927497850496,0.011583378279528817,0.14952619288723687,0.011493205261963844,0.14945339737602772,0.011446280636419831,0.14946493439319042,0.01135385560141966,0.14974370713276794,0.01119412921516577,0.14906172312574378,0.011443929854334123,0.14988311252848954,0.011620594972374908,0.1494620303982907,0.01148227172922372,0.14951907712212537,0.011476028540039733,0.14954063892394379,0.011485609873952658,0.14950610703958253,0.011498410894808202,0.1494779774679407,0.011462266542135873,0.08341133129400212,0.011607422595840279,0.09310984841129195,0.011607422595808164,0.09577521100659545
1026.0,0.14976804605876065,0.011555102706973385,0.14984174281358092,0.011587508855083412,0.14977933935586393,0.01149764649365847,0.14971521666891885,0.011451405632110839,0.14973787990158755,0.011359798949805685,0.15003476502854493,0.011201282956679583,0.14931644620933027,0.011448582782994743,0.15013377952335707,0.011624807873689727,0.14971624881094944,0.011486816699004136,0.14977275998870168,0.011480510578436036,0.14979410970404064,0.011490072449316635,0.14976243962663488,0.011503113171299966,0.14973462837496077,0.011466983349867656,0.08353273771005185,0.011617759996175845,0.09326695709551687,0.011617759996143739,0.09594544763401715
1027.0,0.15001685977454765,0.011559175097962419,0.15009353931926753,0.011591817718758243,0.15003530506066637,0.011502263605923158,0.14997989037341883,0.011456703787642466,0.1500137309575873,0.011365911976405792,0.15032882609057246,0.011208601723975241,0.14957398386694679,0.011453409522736775,0.15038726377044404,0.011629199852819972,0.14997328823588224,0.011491536861855054,0.15002926372199632,0.011485168046169765,0.15005040117568286,0.011494710714500029,0.15002160414332547,0.011507990646926557,0.14999411219122363,0.01147187472168416,0.08365554197165824,0.011628273948754353,0.0934257342487227,0.011628273948722172,0.09611745206978496
1028.0,0.15026847558734047,0.011563425274141045,0.15034815149378458,0.011596304289009042,0.15029410271167162,0.011507056059679029,0.15024743228784979,0.011462174643397932,0.1502925027726991,0.01137219431652508,0.1506259078787825,0.011216085287279475,0.14983434906239926,0.011458409571458248,0.15064357762907038,0.01163377032807381,0.1502331615228817,0.011496431694032196,0.15028860109927883,0.011490000410748961,0.15030952608710968,0.011499524133505419,0.15028361369639615,0.011513042811056185,0.15025644206651884,0.011476940151790087,0.08377974834245588,0.011638964419851742,0.09358618692331491,0.0116389644198196,0.09629123263334828
1029.0,0.15052290564026705,0.01156785264977154,0.15060559183654076,0.011600968002037592,0.15055574533018706,0.011512023333004714,0.1505178565298416,0.011467817755949256,0.15057421088984235,0.011378645620563099,0.1509260283086253,0.01122373343056295,0.1500975550700712,0.01146358244352625,0.15090273376907692,0.011638518735673014,0.15049588183332777,0.011501500688692946,0.15055078520945128,0.01149500715673411,0.15057149749813123,0.011504512187448546,0.15054848170669993,0.011518269169883317,0.1505216314650299,0.011482179151125534,0.08390536121492308,0.011649831391206476,0.09374832233706971,0.011649831391174372,0.09646679782591318
1030.0,0.1507801623837441,0.011572456656890768,0.1508658731571064,0.01160580831161804,0.1508202462513936,0.011517164920976982,0.15079117753925328,0.01147363269792486,0.15085887118673244,0.01138526555391174,0.15122920565524006,0.011231545951477262,0.1503636154776094,0.01146892766963657,0.15116474517328984,0.011643444529576316,0.15076146264282145,0.011506743355743138,0.15081582945565658,0.011500187785580124,0.1508363287827244,0.011509674374399929,0.15081622191192043,0.01152366924627902,0.15078969416806612,0.011487591247218305,0.08403238511092459,0.011660874859959779,0.09391214787429468,0.011660874859927655,0.09664415633192841
1031.0,0.15104025857787826,0.011577236745132771,0.15112900857772846,0.011610824688926803,0.15108761912702423,0.011522480335515025,0.15106741008121885,0.011479619057880553,0.1511464998793674,0.011392053796855742,0.15153545855772083,0.011239522661293272,0.1506325441886859,0.01147444479667519,0.15142962514008562,0.011648547181305426,0.1510299177439081,0.011512159221688816,0.15108374755797313,0.011505541815484526,0.15110403363172759,0.01151501020923003,0.15108684836938452,0.011529242579644577,0.1510606442768723,0.011493175984038664,0.08416082468229888,0.011672094838598598,0.09407767108702247,0.011672094838566426,0.09682331702062986
1032.0,0.15130320729497057,0.011582192381556196,0.15139501153592738,0.011616016622376879,0.15135787792812277,0.011527969105228155,0.15134656924924678,0.011485776440172357,0.15143711352561653,0.011399010044475045,0.15184480602350814,0.011247663384841516,0.15090435542586259,0.011480133387583113,0.15169738728603563,0.01165382617977623,0.1513012612488965,0.011517747829489893,0.15135455355622032,0.011511068781236365,0.1513746260556157,0.011520519223458316,0.1513603754589425,0.011534988725768816,0.15133449621555062,0.011498932921858673,0.08429068471146094,0.011683491354902558,0.09424489969625034,0.01168349135487045,0.097004288947628
1033.0,0.15156902192209026,0.011587323050476097,0.15166389578720757,0.011621383617455402,0.15163103694792562,0.011533630775267265,0.15162867046845627,0.011492104464834079,0.15173072902891505,0.011406134006550224,0.15215726743290042,0.011255967960453892,0.15117906373355178,0.011485993021224635,0.1519680455486563,0.011659281031133685,0.15157550759276708,0.01152350873841841,0.1516282618128296,0.011516768234070048,0.15164812038738976,0.011526200965105425,0.15163681788597627,0.011540907256688566,0.15161126473405853,0.011504861637113473,0.08442197011204404,0.01169506445189358,0.09441384159322358,0.011695064451861425,0.09718708135654372
1034.0,0.1518377161637584,0.011592628253298789,0.15193567540782968,0.011626925196566022,0.15190711080480482,0.011539464907179615,0.1519137294988952,0.011498602767455799,0.15202736364205743,0.011413425407469945,0.15247286254368772,0.011264436239908145,0.15145668398105713,0.011492023292258145,0.15224161418924698,0.011664911258590397,0.1518526715361816,0.0115294415239193,0.15190488701583393,0.011522639741523004,0.1519245312855295,0.011532054998548754,0.1519161906844792,0.011546997760552107,0.15189096491131907,0.01151096172226697,0.08455468592956387,0.011706814187788628,0.09458450484076025,0.01170681418775648,0.09737170368069592
1035.0,0.15210930404471218,0.011598107508361417,0.15221036479771005,0.011632640898873359,0.1521861144453292,0.01154547107876701,0.15220176243894962,0.011505270999067433,0.1523270349711133,0.011420883986140775,0.1527916114958915,0.011273068088372824,0.15173723136572081,0.011498223811010396,0.15251810779582042,0.011670716402269535,0.15213276816858043,0.011535545777475276,0.1521844441819455,0.011528682887295543,0.1522038737370778,0.011538080904382367,0.1521985092202512,0.011553259841487364,0.1521736121584196,0.01151723278568057,0.08468883734211516,0.011718740635955805,0.0947568976746161,0.011718740635923664,0.09755816554483804
1036.0,0.15238379991277207,0.011603760350774869,0.1524879786833879,0.011638530280153716,0.15246806314742217,0.01155164888394817,0.1524927857288842,0.01151210882602387,0.1526297609794459,0.01142850949589977,0.15311353481665796,0.011281863384355112,0.15202072141617495,0.011504594203353974,0.15279754128614118,0.011676696019051276,0.15241581291139092,0.011541821106474368,0.1524669486597225,0.011534897271115495,0.15248616306079787,0.01154427827927937,0.1524837891941776,0.011559693119470894,0.15245922222191374,0.011523674451484606,0.08482442966110562,0.011730843884873325,0.09493102850490126,0.01173084388484122,0.09774647676694737
1037.0,0.15266121844179803,0.011609586332270529,0.15276853212111438,0.011644592912646808,0.15275297252360256,0.011557997932623736,0.15278681615445863,0.011519115929893303,0.15293555999183392,0.011436301704429578,0.15343865342525473,0.011290822019649925,0.15230716999567162,0.011511134110586891,0.15307992991085057,0.011682849682423401,0.1527018215213149,0.011548267134080999,0.15275241613286106,0.011541282508605222,0.15277141491043786,0.011550646735858115,0.15277204664562177,0.011566297230203184,0.1527478111872275,0.011530286359453502,0.08496146833200796,0.0117431240380919,0.09510690591753078,0.011743124038059745,0.09793664736006456
1038.0,0.15294157463474412,0.011615585021051564,0.15305204050001428,0.011650828384913471,0.15304085852435123,0.01156451785054492,0.15308387085066674,0.011526292007349273,0.1532444506987299,0.011444260393675137,0.15376698863821694,0.011299943899291343,0.15259659330553824,0.01151784318931625,0.1533652892567033,0.011689176982335495,0.15299081009374677,0.011554883499110298,0.15304086262355515,0.011547838231152366,0.15305964527810448,0.011557185902552251,0.1530632979559237,0.011573071824984224,0.153039395482164,0.011537068164884253,0.08509995893515122,0.01175558121419966,0.09528453867573192,0.011755581214167456,0.0981286875341863
1039.0,0.15322488382681684,0.01162175600164688,0.15333851954537003,0.011657236301695125,0.1533317374415613,0.011571208279185825,0.1533839673055769,0.011533636770064349,0.15355645216061123,0.011452385359763713,0.15409856217461282,0.011309228941505373,0.1528890078887136,0.01152472111134406,0.15365363524989423,0.011695677525057091,0.15328279506626655,0.011561669855906063,0.1533323044959853,0.011554564085784426,0.15335087049772422,0.011563895423483359,0.1533575598519768,0.011580016570594924,0.1533339918805113,0.011544019538478093,0.08523990718654068,0.011768215546790821,0.09546393572158729,0.011768215546758649,0.09832260769821032
1040.0,0.15351116168872994,0.011628098874769559,0.15362798532200336,0.011663816283778435,0.15362562591209755,0.011578068875618948,0.15368712336429538,0.011541149944607938,0.15387158381247354,0.011460676412927301,0.15443339616145854,0.011318677077665165,0.1531844306334122,0.01153176756355668,0.15394498415950172,0.011702350933039334,0.1535777932222539,0.01156862587422113,0.15362675845990947,0.01156145973504568,0.15364510724862884,0.011570774958337337,0.1536548494099547,0.011587131149179518,0.15363161750577056,0.011551140166224437,0.08538131893870828,0.011781027184437014,0.09564510617762832,0.011781027184404847,0.09851841846193785
1041.0,0.15380042423005608,0.011634613257178822,0.1539204542377498,0.011670567967862316,0.15392254092147192,0.01158509931239405,0.15399335723301866,0.011548831272346282,0.1541898654684299,0.011469133377426824,0.15477151313927606,0.011328288252247704,0.15348287877686417,0.011538982247817216,0.15423935260102742,0.011709196844780211,0.15387582169460196,0.01157575123910154,0.15392424157433784,0.011568524856878098,0.1539423725592278,0.011577824182244024,0.15395518405910755,0.011594415258132788,0.15393228983497734,0.011558429749289422,0.08552420018159874,0.011794016290661477,0.09582805934847737,0.011794016290629346,0.09871613063812726
1042.0,0.15409268780268714,0.011641298781545115,0.15421594304704947,0.011677491006429503,0.15422249980760896,0.011592299277420004,0.15430268748322878,0.011556680509345647,0.1545113173264349,0.011477756091479217,0.15511293606776944,0.011338062422792857,0.1537843699092069,0.011546364880859795,0.1545367575400466,0.011716214914693901,0.15417689796955586,0.011583045650773883,0.1542247712513516,0.011575759144505367,0.15424268381080308,0.01158504278566055,0.1542585815856883,0.011601868609989604,0.15423602670264103,0.011565888003906531,0.08566855704348456,0.011807183043917,0.09601280472253279,0.011807183043884846,0.09891575524460515
1043.0,0.1543879691044095,0.011648155096319475,0.1545144688546381,0.011684585067620252,0.1545255202647465,0.011599668473850393,0.1546151330559881,0.011564697426277989,0.15483595997315375,0.011486544407187231,0.15545768833168394,0.011347999559863783,0.1540889219774389,0.01155391519418799,0.1548372162959623,0.01172340481298314,0.1544810398906276,0.011590508824535335,0.15452836526000485,0.011583162306320362,0.15454605874140553,0.011592430474256987,0.1545650601369909,0.011609490932317596,0.15454284630479714,0.011573514661270469,0.08581439579190793,0.011820527637565949,0.09619935197370541,0.011820527637533742,0.09911730350643677
1044.0,0.1546862851825577,0.011655181865606266,0.15481604911936014,0.01169184983511125,0.15483162034742168,0.011607206619972305,0.15493071326635144,0.011572881808330278,0.1551638143889354,0.011495498190471154,0.15580579374679035,0.01135809964701029,0.15439655328951826,0.011561632933975712,0.15514074654588403,0.011730766225515585,0.15478826566266363,0.011598140490647257,0.15483504173034968,0.011590734065774783,0.15485251544987694,0.01159998696880593,0.15487463822549982,0.011617281967613175,0.1548527672031744,0.011581309467434736,0.08596172283466921,0.011834050279864061,0.09638771096320535,0.01183405027983186,0.09932078685814924
1045.0,0.1549876534378181,0.011662378769038759,0.15512070165807448,0.011699285007996272,0.1551408184745948,0.011614913449097654,0.1552494478079103,0.011581233455115322,0.15549490195293791,0.011504617321003024,0.15615727656602316,0.011368362680733006,0.1547072825185761,0.01156951786097096,0.1554473663286044,0.01173829885370357,0.15509859385600405,0.011605940394231644,0.1551448191575771,0.011598474161273393,0.15516207239997298,0.011607712005075254,0.15518733473315155,0.011625241473200754,0.1551658083294829,0.011589272183210838,0.08611054472083438,0.011847751193947046,0.0965778917413738,0.011847751193914877,0.09952621694601876
1046.0,0.15529209162810378,0.01166974550165929,0.15542844464969324,0.011706890300671452,0.15545313343386907,0.011622788709458558,0.15557135675746664,0.01158975218058693,0.15582924444837726,0.011513901692143454,0.1565121614857994,0.01137878867045022,0.15502112870722584,0.011577569750402394,0.15575709404870003,0.011746002414386857,0.15541204341076317,0.011613908295170883,0.15545771640627226,0.011606382346070608,0.15547474842460512,0.011615605333723664,0.15550316891573113,0.011633369221134546,0.15548198898980736,0.011597402584072686,0.08626086814178681,0.011861630617819979,0.09676990454956866,0.011861630617787758,0.0997336056304144
1047.0,0.15559961787256862,0.011677281773802093,0.1557392966393114,0.011714665442723227,0.15576858438585636,0.0116308321641056,0.15589646057980439,0.0115984378129566,0.15616686406792768,0.01152335121088053,0.15687047365247275,0.011389377638466576,0.15533811127201236,0.011585788391888618,0.15606994848074543,0.011753876639719872,0.15572863364122772,0.011622043968009935,0.1557737527147921,0.011614458388170117,0.15579056273021175,0.011623666720199806,0.15582216040737273,0.011641664998103532,0.15580132886914622,0.011605700460061588,0.0864126999323017,0.011875688804349924,0.0969637598221004,0.011875688804317733,0.09994296498820263
1048.0,0.1559102506557232,0.011684987310979314,0.15605327654248655,0.011722610178819495,0.15608719086862902,0.011639043590808935,0.15622478013262908,0.011607290194614242,0.15650778341924224,0.01153296579777229,0.15723223866895206,0.011400129619944195,0.15565825000797429,0.011594173589350753,0.1563859487736519,0.011761921277061048,0.15604838424039072,0.011630347201862457,0.1560929476997606,0.011622702070227904,0.15610953490124238,0.011631895944643976,0.15614432922519514,0.011650128605339947,0.1561238480360524,0.011614165615696025,0.08656604707166675,0.01188992602126153,0.09715946818822,0.011889926021229286,0.10015430731521807
1049.0,0.156224008831677,0.011692861853771452,0.15637040364961038,0.011730724268604782,0.15640897280232707,0.01164742278196246,0.15655633667160646,0.011616309182049598,0.15685202553064287,0.011542745386889418,0.1575974826015275,0.011411044662874664,0.15598156509333255,0.01160272516092753,0.15670511445512167,0.011770136088866576,0.15637131528458562,0.011638817800319032,0.15641532136068798,0.011631113189458371,0.15643168490476636,0.011640292801793633,0.15646969577406425,0.011658759858529787,0.1564495669474154,0.011622797869883598,0.08672091668483166,0.011904342551135311,0.09735704047416184,0.011904342551103127,0.10036764512878982
1050.0,0.15654091162849174,0.01170090515771975,0.15669069763041202,0.011739007486598115,0.15673395049387664,0.01165596954449181,0.15689115185555627,0.011625494645779494,0.15719961385694137,0.011552689925762692,0.15796623198680382,0.011422122828054358,0.15630807709430142,0.011611442938892704,0.15702746543623092,0.01177852085258727,0.15669744723827372,0.011647455581358936,0.15674089408472497,0.011639691557542856,0.15675703309521072,0.011648857100890983,0.15679828085147257,0.011667558587727474,0.15677850645336913,0.01163159705583596,0.08687731604359217,0.011918938691409727,0.09755648770523491,0.011918938691377433,0.10058299117033857
1051.0,0.15686097865266507,0.011709116993223037,0.157014178538593,0.011747459622093802,0.15706214464183924,0.01166468369976397,0.1572292477517812,0.011634846470274204,0.15755057228541577,0.011562799375331159,0.158338513838884,0.011433364189061162,0.1566378069700369,0.011620326769576582,0.15735302201613866,0.011787075360568056,0.15702680095893348,0.011656260377264867,0.15706968665153515,0.01164843700054227,0.15708560021922358,0.011657588665594597,0.15713010565257174,0.011676524637271783,0.15711068780232496,0.011640563020986759,0.08703525256780464,0.01193371475438485,0.09775782110797329,0.011933714754352615,0.100800358408037
1052.0,0.15718422989372663,0.011717497145436954,0.15734086681658196,0.01175608047906617,0.15739357634138687,0.01167356508350187,0.15757064684152441,0.011644364553890157,0.157904925141941,0.0115730737098938,0.15871435565667197,0.011444768832232922,0.1569707760777106,0.011629376513288363,0.15768180488692188,0.011795799419951297,0.1573593977021129,0.011665232034539792,0.1574017202383056,0.01165734935881153,0.15741740742067548,0.011666487333893347,0.15746519177531607,0.011685657865706937,0.15744613264615448,0.011649695626912185,0.0871947338266548,0.011948671067230814,0.0979610521123405,0.011948671067198526,0.10101976003953624
1053.0,0.1575106857289799,0.011726045414177102,0.15767078330041365,0.011764869876077102,0.15772826708942442,0.011682613545699732,0.1579153720255854,0.011654048808801873,0.15826269719727784,0.011583512917062297,0.1590937854314018,0.011456336856648703,0.15730700617772617,0.011638592044243263,0.15801383513854808,0.011804692852583648,0.157695259126588,0.0116743704138279,0.15773701642489185,0.011666428486917716,0.15775247624578903,0.011675552958023541,0.15780356122576716,0.011694958145703935,0.15778486304550005,0.0116589947492552,0.08735576753994019,0.011963807971997404,0.0981661923539935,0.011963807971965116,0.1012412094947586
1054.0,0.15784036692834505,0.01173476161382497,0.15800394922476144,0.011773827646186171,0.15806623878984077,0.011691828950543513,0.15826344663007685,0.011663899160939987,0.15862391367353063,0.011594116997717894,0.15947683165433785,0.011468068374111812,0.15764651943906252,0.011647973250490712,0.15834913426398467,0.011813755494925233,0.15803440729968032,0.011683675389837216,0.1580755971990969,0.011675674253561134,0.1580908286484055,0.011684785404389096,0.15814523642351472,0.011704425363987319,0.15812690147522188,0.011668460277651223,0.08751836157940614,0.011979125825628028,0.09837325367659716,0.01197912582559577,0.10146472043876338
1055.0,0.1581732946593683,0.01174364557323651,0.15834038622807373,0.011782953636864994,0.15840751375889667,0.011701211176332289,0.15861489441233068,0.011673915549928637,0.15898860025075737,0.011604885965969309,0.15986352332467907,0.01147996350913441,0.15798933844476687,0.011657520033846385,0.15868772416442467,0.011822987197962485,0.15837686470269863,0.01169314685126606,0.1584174849620931,0.011685086541498553,0.15843248699540363,0.011694184553484204,0.15849024020726638,0.011714059421262656,0.15847227083000134,0.011678092115658185,0.08768252397011111,0.01199462499997601,0.09858224813420341,0.011994624999943698,0.10169030677468029
1056.0,0.1585094904923343,0.011752697135655552,0.1586801163578826,0.011792247709913427,0.1587521147307627,0.011710760115404258,0.15896973956695878,0.011684097929027897,0.15935678307375728,0.011615819849113454,0.1602538899576602,0.011492022398924811,0.158335486197594,0.011667232309825862,0.15902962715469332,0.011832387827124383,0.15872265423653834,0.011702784700732053,0.15876270253399546,0.01169466524747029,0.1587774740722418,0.011703750299819857,0.15883859584056245,0.01172386023214815,0.15882099443008726,0.011687890180688037,0.08784826289183441,0.012010305881823911,0.09879318799368693,0.012010305881791571,0.10191798264671487
1057.0,0.15884897640553924,0.011761916158627757,0.15902316207622336,0.011801709741379484,0.1591000648631997,0.011720475674064616,0.15932800673207362,0.011694446265078354,0.15972848875903733,0.011626918687598145,0.16064796159285452,0.01150424519337668,0.15868498612577825,0.011677110007582286,0.15937486596875125,0.01184195726220122,0.15907179922741974,0.011712588854703025,0.15911127315955736,0.011704410282129566,0.1591258130886599,0.011713482551852018,0.15919032701765432,0.011733827725108713,0.15917309602718882,0.011697854403942092,0.0880155866805196,0.012026168872905996,0.09900608573724198,0.012026168872873657,0.10214776244322858
1058.0,0.15919177479068547,0.011771302513920076,0.15936954626522123,0.011811339621482538,0.15945138774339054,0.01173035777251658,0.1596897209956678,0.01170496053844688,0.16010374440194208,0.011638182534988445,0.16104576880270036,0.011516632055060393,0.1590378620889756,0.011687153069845383,0.15972346376538182,0.011851695397266495,0.15942432343277751,0.011722559243432478,0.15946322051405293,0.011714321569974852,0.1594775276845324,0.011723381231913127,0.15954545786953106,0.011743961842392412,0.15952859981051876,0.01170798473034789,0.0881845038297592,0.01204221438993346,0.09922095406494387,0.012042214389901145,0.10237966079989144
1059.0,0.15953790845844035,0.011780856087441801,0.15971929223280804,0.011821137254538252,0.15980610739391837,0.011740406344795047,0.16005490790215865,0.01171564074297735,0.16048257758398043,0.011649611457933208,0.1614473427012318,0.011529183159215787,0.15939413838434738,0.011697361452863621,0.1600754441340113,0.011861602140602391,0.15978025104731192,0.01173269581089592,0.15981856870927766,0.011724399049284882,0.15983264193587152,0.011733446276147527,0.15990401297009607,0.011754262539970394,0.15988753041301276,0.011718281118500798,0.08835502299231843,0.012058442864623115,0.09943780589736705,0.01205844286459072,0.10261369260291302
1060.0,0.15988740064411763,0.011790576779168713,0.1600724237186037,0.011831102558888217,0.16016424827891268,0.01175062133870372,0.16042359345909932,0.011726486885941315,0.16086501638032746,0.011661205536136556,0.16185271495302506,0.011541898693748567,0.1597538397528022,0.011707735126349601,0.16043083110067585,0.011871677414627536,0.1601396067091824,0.011742998514731293,0.1601773422997223,0.011734642672056948,0.16019118036097732,0.011743677634447228,0.1602660173425326,0.0117647297874787,0.16024991291768392,0.011728743540605518,0.08852715298169499,0.012074854743728285,0.09965665437827129,0.012074854743695863,0.10284987299235013
1061.0,0.16024027501353663,0.011800464503070684,0.16042896489994063,0.01184123546683075,0.1605258353103411,0.011761002715754008,0.16079580414406092,0.011737498987994132,0.16125108936752885,0.011672964862329042,0.16226191778240062,0.01155477885922688,0.16011699138540017,0.011718274073426679,0.16078964913417057,0.011881921155828456,0.1605024155063714,0.01175346732618157,0.16053956628891047,0.011745052403946745,0.16055316792676413,0.01175407527039309,0.1606314964657883,0.011775363568163482,0.16061577286416406,0.011739371982423365,0.08870090277373613,0.012091450489073511,0.09987751287735495,0.012091450489041141,0.10308821736549387
1062.0,0.16059655566900613,0.011810519187042161,0.16078894039805158,0.011851535924555987,0.16089089385447802,0.011771550451107598,0.16117156691170423,0.011748677083130767,0.1616408256313905,0.011684889542243733,0.16267498398282443,0.01156782386888176,0.16048361892993185,0.01172897829057949,0.16115192315232446,0.011892333314693143,0.16086870298321782,0.011764102230040225,0.1609052661358924,0.01175562822421318,0.16091863005523785,0.011764639161197332,0.16100047628126637,0.011786163878828762,0.16098513625539787,0.01175016644321954,0.0888762815082705,0.012108230577591963,0.10010039499306872,0.012108230577559479,0.103328741380338
1063.0,0.16095626715548597,0.01182074077283518,0.1611523752844127,0.011862003892082827,0.16125944973852835,0.01178226453352155,0.16155090920101273,0.011760021218646841,0.16203425477507383,0.011696979694592225,0.16309194692658255,0.011581033948608453,0.16085374849764486,0.01173984778760652,0.16151767852846688,0.011902913855648343,0.16123849514710914,0.011774903224598952,0.16127446776191132,0.011766370125663072,0.1612875926301539,0.011775369297648592,0.1613729831996719,0.011797130729786647,0.16135802956452358,0.011761126935714914,0.08905329849080904,0.01212519550136531,0.10032531455550374,0.012125195501332798,0.10357146095912802
1064.0,0.16131943446689886,0.011831129215995414,0.16151929508726426,0.011872639343199556,0.1616315292574295,0.011793144965295502,0.1619338589427277,0.011771531455099642,0.1624314069274015,0.011709235451044953,0.16351284057465854,0.011594409336970316,0.16122740667016133,0.011750882587574861,0.16188694109805138,0.011913662756999364,0.1616118184753388,0.011785870321598673,0.1616471975572334,0.011777278114601306,0.16166008200382864,0.011786265684060751,0.16174904410803906,0.011808264144810144,0.1617344797419156,0.011772253486039611,0.08923196319427314,0.01214234576766771,0.10055228562934275,0.012142345767635223,0.1038163922919998
1065.0,0.16168608305261092,0.011841684485801175,0.1618897257982812,0.011883442265406574,0.16200715918083228,0.011804191762222369,0.16232044456696273,0.01178320786627386,0.16283231275136,0.01172165695621272,0.16393769948691764,0.01160795028520539,0.1616046205065717,0.011762082726778334,0.16225973716544828,0.011924580010872687,0.16198869992217282,0.011797003546183186,0.16202348238816747,0.011788352210781467,0.16203612500414433,0.011797328338223827,0.16212868637692984,0.011819564161089363,0.16211451422242118,0.011783546133689328,0.08941228526076773,0.012159681899011999,0.10078132251688596,0.012159681898979537,0.1040635518406986
1066.0,0.1620562388240693,0.01185240656520553,0.16226369387942968,0.011894412659862536,0.16238636676024354,0.011815404953541652,0.1627106950110175,0.011795050539148358,0.1632370034528481,0.011734244367631054,0.1643665588325125,0.011621657057233878,0.16198541755069476,0.011773448254697522,0.16263609351091557,0.011935665623161696,0.1623691669260509,0.011808302936854774,0.16240334960425473,0.011799592447360698,0.16241574894172348,0.011808557291356832,0.16251193786783094,0.01183103082918919,0.16249816093277186,0.011795004931484302,0.08959427450341208,0.012177204433199133,0.10101243976114858,0.01217720443316667,0.10431295634238807
1067.0,0.1624299281616358,0.011863295450780357,0.16264122627,0.011905550541332492,0.1627691797363776,0.011826784581895042,0.16310463972738873,0.011807059573866482,0.16364551078960834,0.011746997855746037,0.1647994544005583,0.01163552992966921,0.16236982583854162,0.011784979233962215,0.1630160373977522,0.011946919613475012,0.16275324741701455,0.011819768545432716,0.16278682704563824,0.011810998870856014,0.16279898161729053,0.011819952588065391,0.16289882694073454,0.011842664213010442,0.16288544829919438,0.011806629945531258,0.08977794090819308,0.012194913923370803,0.10124565214902673,0.012194913923338309,0.10456462281355197
1068.0,0.16280717792156268,0.011874351152664464,0.1630223503938094,0.011916855938139912,0.16315562634667635,0.011838330703284647,0.16350230869198812,0.011819235083707958,0.16405786708041661,0.01175991760390444,0.1652364226111014,0.011649569191829988,0.16275787390595642,0.01179667574031711,0.16339959657963704,0.011958342015087614,0.16314096982429696,0.011831400437015268,0.16317394305064598,0.011822571541104604,0.16318585132921792,0.011831514286299482,0.1632893824619035,0.011854464389753705,0.1632764052552073,0.011818421255186928,0.08996329463588927,0.012212810938064984,0.10148097471454406,0.012212810938032458,0.104818568553984
1069.0,0.16318801544317668,0.011885573694513075,0.16340709416660157,0.011928328892120465,0.1635457353330245,0.01185004338703451,0.1639037324125713,0.011831577195063817,0.16447410521449718,0.011773003808343376,0.16567750052635621,0.011663775145755092,0.16314959079645924,0.011808537862589027,0.16378679930814058,0.011969932874895216,0.16353236308411465,0.011843198689942467,0.1635647264635314,0.011834310531225401,0.16357638688127743,0.011843242457316019,0.163683633811852,0.011866431449884744,0.16367106124962438,0.011830378953025704,0.09015034602402028,0.01223089606127469,0.10171842274217419,0.012230896061242105,0.10507481115087358
1070.0,0.16357246855623414,0.011896963113451224,0.1637954860036349,0.01193996945857883,0.1639395359496787,0.01186192271575399,0.16430894193736992,0.011844086047413889,0.16489425866116997,0.011786256678184977,0.16612272586223498,0.01167814810622016,0.16354500606928757,0.011820565702657876,0.16417767434045424,0.011981692253370431,0.16392745664767192,0.011855163395763698,0.16395920664244334,0.011846215927583979,0.16397061759057355,0.011855137185642005,0.16408161089351828,0.011878565497103718,0.1640694462547537,0.01184250314480819,0.09033910558886087,0.01224916989250968,0.10195801177023493,0.012249169892477119,0.1053333684829887
1071.0,0.16396056558846872,0.011908519460029363,0.16418755482744934,0.011951777706248157,0.1643370579713746,0.011873968785304246,0.1647179688639676,0.011856761793306029,0.16531836147976295,0.011799676435431294,0.16657213700016796,0.011692688400757248,0.16394414980763689,0.011832759375428438,0.1645722509472972,0.011993620224523036,0.16432628048934536,0.011867294659205687,0.16435741346757832,0.01185828782976008,0.16436857329569354,0.011867198569042352,0.1644833441406448,0.011890866648316328,0.16447159077481918,0.01185479394945333,0.09052958402749309,0.01226763304686155,0.10219975759436756,0.012267633046828957,0.10559425872495244
1072.0,0.16435233537332314,0.011920242798181414,0.1645833300758605,0.011963753717252798,0.16473833170165775,0.011886181704767181,0.16513084534836933,0.011869604598339138,0.16574644832975682,0.011813263314963025,0.16702577299924412,0.011707396369675173,0.164347052627122,0.01184511900880643,0.16497055892104084,0.012005716875861432,0.1647288651151016,0.011879592598144459,0.1647593773495605,0.011870526350517474,0.16477028436505445,0.011879426718488666,0.1648888645263857,0.011903335033607238,0.16487752585458515,0.011867251499013144,0.09072179221991183,0.012286286155071479,0.10244367627109947,0.012286286155038852,0.1058575003516271
1073.0,0.16474780725789934,0.011932133205186334,0.1649828417101323,0.011975897587072699,0.16514338798142456,0.011898561596416838,0.16554760411434394,0.011882614641147078,0.16617855448120294,0.011827017564539705,0.16748367360865749,0.011722272366083801,0.16475374568444454,0.011857644743675072,0.1653726285840289,0.012017982308358459,0.16513524157110634,0.01189205734357967,0.16516512923801924,0.011882931615776703,0.16517578170547823,0.011891821758131567,0.16529820357211844,0.011915970796216997,0.16528728308820204,0.011879875938649162,0.09091574123117756,0.012305129863601704,0.10268978412148097,0.012305129863569046,0.10612311214259297
1074.0,0.1651470111110882,0.011944190771631537,0.16538612022336885,0.011988209424511105,0.16555225819767838,0.011911108595693496,0.16596827846295578,0.011895792113386284,0.16661471582540197,0.011840939444802445,0.16794587928047702,0.011737316755919708,0.16516426068628348,0.011870336733876143,0.16577849079711748,0.01203041663641824,0.16554544145257305,0.011904689039610636,0.16557470063038995,0.011895503764589446,0.1655850967709629,0.011904383825275118,0.16571139335649085,0.011928774092520357,0.16570089462829002,0.011892667426612252,0.09111144231362843,0.01232416483470963,0.10293809773481542,0.012324164834676939,0.10639111318673984
1075.0,0.16554997733192528,0.011956415601379415,0.1657931966491256,0.01200068935166472,0.16596497429251525,0.011923822851180379,0.1663929022823938,0.011909137219724619,0.1670549688858751,0.011855029229279331,0.16841243118274737,0.011752529917973136,0.16557862989841884,0.011883195146192002,0.16618817696843488,0.012043019987847237,0.16595949691282755,0.01191748784341564,0.16598812358094456,0.011908242949117083,0.16599826157170394,0.011917113070353695,0.16612846652469604,0.011941745092007735,0.1661183931952386,0.01190562613422438,0.09130890690912999,0.012343391746525597,0.10318863397247192,0.012343391746492927,0.10666152288695958
1076.0,0.16595673685815324,0.011968807811536235,0.16620410257022866,0.012013337503896666,0.16638156877232496,0.01193670452458288,0.16682151005800874,0.011922650177834579,0.1674993508295793,0.011869287204392245,0.16888337121294753,0.011767912243919359,0.1659968861550779,0.01189622016033052,0.16660171906236518,0.012055792503826584,0.16637744067260998,0.011930453925233894,0.16640543071005504,0.011921149334609995,0.16641530868332907,0.011930009656912164,0.1665494562979835,0.011954883977269374,0.16653981208675783,0.011918752245863029,0.09150814665139907,0.012362811293133432,0.1034414099717855,0.0123628112931007,0.10693436096495214
1077.0,0.1663673211749958,0.011981367532423784,0.16661887012783594,0.012026154029811704,0.16680207471725259,0.011949753790710275,0.16725413688262758,0.011936331218386342,0.16794789947845434,0.01188371366946698,0.16935874201177858,0.011783464138350226,0.1664190628685226,0.011909411968912225,0.16701914960875142,0.012068734338888408,0.16679930602960258,0.011943587468349136,0.16682665521367998,0.011934223099391074,0.16683627125637288,0.011943073761587476,0.16697439648341178,0.011968190943981391,0.16696518518766368,0.011932045958948437,0.0917091733683586,0.012382424184654578,0.10369644315004983,0.012382424184621868,0.10720964746614536
1078.0,0.16678176232417785,0.011994094907554138,0.16703753203071464,0.012039139091234333,0.16722652579087113,0.011962970837459822,0.16769081846713557,0.011950180585045746,0.16840065332124401,0.011898308936745627,0.1698385869773309,0.011799186018809325,0.16684519403889628,0.011922770777460904,0.16744050171235594,0.012081845660893428,0.16722512686821872,0.011956888669076612,0.1672518308731084,0.011947464434840209,0.16726118302600174,0.011956305574093792,0.16740332148386508,0.011981666200894943,0.16739454697991982,0.011945507483932595,0.09191199908456392,0.012402231147335222,0.10395375120860374,0.012402231147302534,0.10748740276472411
1079.0,0.16720009291314725,0.012006990093605781,0.1674601215647622,0.012052292863189516,0.16765495625013768,0.011976355865803598,0.16813159115131765,0.011964198534472621,0.16885765152562277,0.011913073331400273,0.17032295027962982,0.011815078315828512,0.16727531426428846,0.011936296804394501,0.16786580906253962,0.012095126651012452,0.16765493766962974,0.011970357736751858,0.16768099206494744,0.011960873545382333,0.16769007832197252,0.011969705297209593,0.1678362663082953,0.011995309969827252,0.16782793255294146,0.011959137044291487,0.09211663602368249,0.01242223292363696,0.10421335213700725,0.012422232923604209,0.10776764756878505
1080.0,0.1676223461245557,0.012020053260403618,0.16788667260277335,0.01206561553388547,0.16808740095556593,0.011989909089777958,0.16857649191499136,0.011978385336323128,0.1693189339506546,0.01192800719155008,0.17081187687553642,0.011831141472967327,0.16770945875110782,0.011949990281020981,0.16829510594321326,0.012108577503709717,0.16808877352204588,0.011983994893722694,0.1681141737713692,0.011974450648477351,0.168122992078865,0.011983273146767271,0.1682732665822775,0.012009122485655662,0.16826537761414664,0.011972934876519384,0.09232309661102352,0.012442430272330328,0.1044752642173167,0.01244243027229757,0.10805040292560567
1081.0,0.16804855572597435,0.012033284590900842,0.1683172196144601,0.01207910730469989,0.16852389538169274,0.012003630736475172,0.16902555838941685,0.011992741273253938,0.1697845411595586,0.011943110868280576,0.17130541252408682,0.01184737594685444,0.16814766332466524,0.01196385145153457,0.1687284272430199,0.01212219842672888,0.168526670131287,0.011997800375342697,0.16855141159061615,0.011988195974613227,0.16855995984656588,0.011997009351645334,0.16871435855877429,0.01202310399631393,0.16870691849980124,0.011986901230125713,0.09253139347613688,0.012462823968592404,0.1047395060284609,0.01246282396855961,0.10833569022704087
1082.0,0.16847875607985194,0.012046684281163358,0.1687517976767145,0.012092768390167728,0.1689644756277973,0.01201752104603754,0.1694788288690118,0.012007266640928063,0.17025451443282108,0.011958384725664881,0.1718036038022042,0.011863782207231622,0.16858996444007554,0.011977880573015074,0.1691658084657996,0.0121359896410818,0.1689686638315852,0.012011774429968036,0.16899274174776938,0.012002109767300725,0.16900101780101853,0.012010914153763406,0.16915957912923735,0.012037254762791067,0.16915259218613068,0.012001036367633978,0.09274153945546529,0.012483414804106916,0.1050060964507149,0.012483414804074087,0.10862353121504263
1083.0,0.1689129821537483,0.01206025254035736,0.16919044248415696,0.012106599017972368,0.16940917842889866,0.012031580271654446,0.1699363423233671,0.012021961748024217,0.17072889578163014,0.011973829140787259,0.1723064981208505,0.011880360736999983,0.16903639919340874,0.011992077915430322,0.16960728574131415,0.01214995138103996,0.16941479159669887,0.01202591731895633,0.16943820110582936,0.012016192283071362,0.1694462027552656,0.01202498780807909,0.1696089658349512,0.012051575059132137,0.16960243630071425,0.012015340564584172,0.09295354759505438,0.012504203587168422,0.10527505467027783,0.01250420358713553,0.10891394798731543
1084.0,0.16935126953080215,0.012073989590738446,0.16963319035993998,0.012120599428938844,0.16985804116704453,0.01204580867956166,0.17039813840956347,0.012036826916248428,0.17120772796169564,0.011989444503769778,0.17281414374159612,0.011897112032267896,0.16948700533315053,0.012006443761639564,0.17005289583625008,0.01216408389412822,0.1698650910512991,0.012040229316668063,0.16988782717703016,0.012030443791477172,0.16989555217076108,0.012039230582587697,0.1700625568786974,0.012066065172442693,0.17005648913418991,0.012029814109536347,0.09316743115333721,0.012525191142789409,0.1055464001839586,0.012525191142756506,0.10920696300309862
1085.0,0.1697936544204921,0.01208789566764427,0.17008007826682825,0.01213476987702963,0.17031110188287565,0.012060206549042602,0.17086425748482317,0.012051862480347461,0.17169105448739674,0.012005231217800299,0.17332658979365598,0.011914036602402566,0.1699418212719403,0.012020978407400677,0.17050267616549986,0.012178387441121222,0.1703196004826505,0.012054710710470583,0.17034165813449323,0.01204486457509376,0.17034910416898294,0.012053642758324646,0.1705203911367074,0.012080725402894267,0.17051478965224912,0.012044457304077454,0.09338320360396606,0.01254637831281122,0.10582015280396366,0.012546378312778281,0.10950259908908389
1086.0,0.17024017366966926,0.01210197101948931,0.17053114381858506,0.012149110629343478,0.17076839928750945,0.012074774172432782,0.17133474061948462,0.012067068788124859,0.1721789196463344,0.012021189699163444,0.1738438862913705,0.01193113497008266,0.17040088609862322,0.012035682161378809,0.17095666480375463,0.012192862296042505,0.1707783588526063,0.012069361800743828,0.17079973282414634,0.012059454929524958,0.17080689754334272,0.012068224629369722,0.1709825081709266,0.012095556063733586,0.170977377507942,0.01205927046283086,0.09360087863872364,0.012567765956018434,0.10609633266280584,0.012567765955985513,0.1098008794454804
1087.0,0.17069086477386464,0.012116215907761498,0.17098642529162564,0.012163621966115541,0.17122997277472057,0.012089511855126857,0.1718096296103228,0.012082446200459953,0.17267136851424253,0.01203732037727438,0.1743660841521606,0.011948407671354256,0.1708642395906193,0.012050555345157681,0.17141490049737013,0.012207508746165961,0.17124140580988675,0.012084182900889823,0.17126209077698504,0.012074215163410337,0.17126897177140776,0.012082976502854257,0.17144894824160462,0.012110557481292797,0.17144429305431963,0.012074253913467049,0.09382047017049165,0.012589354948256446,0.1063749602183151,0.01258935494822346,0.11010182765221516
1088.0,0.17114576588889718,0.012130630607022875,0.17144596163700349,0.01217830418072147,0.1716958624334352,0.012104419915587106,0.1722889669942064,0.012097995091328771,0.17316844697032274,0.012053623694713774,0.17489323521497827,0.011965855255688957,0.1713319222266014,0.01206559829325368,0.1718774226765657,0.012222327092019937,0.17170878170271547,0.012099174337343397,0.17172877222163035,0.012089145598435345,0.17173536702744355,0.012097898698970945,0.17191975232021212,0.012125729995004034,0.17191557735738694,0.012089407996718376,0.09404199233628785,0.012611146182552787,0.10665605625877413,0.012611146182519847,0.11040546767528318
1089.0,0.17160491584279133,0.012145215404911244,0.17190979249267332,0.012193157579683022,0.17216610906056204,0.012119498685355376,0.17277279606212775,0.012113715847827297,0.1736702017129503,0.012070100107266056,0.175425392259256,0.011983478286043958,0.17180397519951654,0.012080811353131526,0.1723442714679195,0.01223731764739388,0.1721805275917531,0.012114336449585447,0.1721998180972179,0.0121042465693437,0.17220612419527054,0.012112991550985304,0.17239496210268826,0.012141073957414589,0.172391272209396,0.01210473306639521,0.09426545950037467,0.012633140569242366,0.10693964190816477,0.012633140569209332,0.11071182387324549
1090.0,0.17206835414798194,0.012159970602145166,0.17237795819610435,0.012208182482676942,0.1726407541741525,0.012134748509067431,0.17326116087359322,0.012129608870197399,0.17417668027584485,0.01208675008395982,0.17596260902437807,0.01200127733892532,0.1722804404299353,0.012096194885223082,0.17281548770721053,0.012252480739347508,0.17265668526338995,0.012129669590160146,0.17267527006663114,0.012119518423951913,0.17268128488147277,0.012128255405250914,0.17287462002303974,0.012156589734205685,0.1728714201425094,0.012120229489404423,0.09449088625744248,0.012655339036095604,0.10722573863154397,0.012655339036062559,0.11102092100388708
1091.0,0.17253612101385404,0.012174896512531027,0.1728504997972074,0.012223379222544928,0.1731198400269026,0.01215016974446892,0.1737541062714001,0.012145674571855484,0.17468793104463573,0.01210357410711103,0.17650494022969226,0.0120192530044532,0.17276136057976632,0.012111749262948345,0.17329111295257874,0.012267816708222468,0.1731372972433672,0.012145174124692468,0.17315517053007487,0.012134961523167447,0.17316089142894456,0.012143690621225412,0.17335876926730384,0.012172277704213195,0.1733560644427971,0.012135897645771386,0.09471828743584884,0.012677742528451077,0.10751436824053927,0.012677742528417992,0.11133278423102234
1092.0,0.17300825735960532,0.012189993462973305,0.1733274590715983,0.012238748145308079,0.17360340962001705,0.012165762762434503,0.1742516778967995,0.012161913379422542,0.17520400327389593,0.01212057267236772,0.17705244159506672,0.012037405886429224,0.17324677906631225,0.012127474872738542,0.17377118949804463,0.012283325907656763,0.1736224068107813,0.012160850431908973,0.17363956263901195,0.01215057624100733,0.17364498693079478,0.01215929757149065,0.17384745378786812,0.012188138259451349,0.17384524916461502,0.012151737928663194,0.09494767810094681,0.01270035200935121,0.10780555289897314,0.012700352009318143,0.11164743913147929
1093.0,0.17348480482744918,0.012205261793486251,0.17380887853421648,0.012254289610182238,0.1740915067174298,0.012181527946989661,0.17475392220507516,0.012178325732758191,0.1757249471046324,0.01213774628875833,0.17760516986202107,0.012055736602407784,0.17373674007671364,0.01214337211406192,0.17425576038737148,0.012299008704601239,0.1741120580124405,0.012176698903662122,0.17412849031045663,0.012166362964621298,0.17413361524461593,0.012175076641774007,0.1743407183181739,0.012204171805138048,0.1743390191453679,0.012167750744415172,0.09517907355849052,0.012723168459682131,0.10809931512861565,0.012723168459649053,0.11196491170222765
1094.0,0.173965805796148,0.012220701857208718,0.17429480145330029,0.012270003989596417,0.17458417586041336,0.012197465695334357,0.1752608864815161,0.012194912084995577,0.1762508135822426,0.012155095478741284,0.17816318281545257,0.012074245783768069,0.17423128858277054,0.012159441399452124,0.17474486942830414,0.012314865479338926,0.17460629567758923,0.012192719944955271,0.17462199824166152,0.01218232209431623,0.17462682100713206,0.012191028230973438,0.17483860838782006,0.012220378759723477,0.17483742002063937,0.012183936512559418,0.09541248935809844,0.012746192878317124,0.10839567781507808,0.012746192878283947,0.11228522836769837
1095.0,0.17445130339492124,0.012236314020421718,0.1747852718647262,0.012285891669214082,0.17508146238255845,0.012213576417869482,0.1757726188578445,0.012211672902579986,0.17678165467496393,0.012172620778257828,0.17872653930595336,0.012092934075789779,0.17473047035614156,0.012175683154538335,0.17523856120717668,0.012330896625507183,0.17510516543306753,0.012208913973971478,0.17512013192517376,0.012198454043583391,0.17512464964923774,0.012207152751183373,0.17534117033804136,0.012236759554920604,0.17534049823977432,0.01220029566585597,0.09564794129681514,0.012769426282263793,0.10869466421383242,0.012769426282230604,0.11260841598726623
1096.0,0.17494134151770965,0.012252098662567852,0.17528033458673195,0.012301953047956034,0.17558341242516895,0.012229860538225577,0.17628916832906238,0.01222860866530906,0.17731752329283246,0.01219032273678757,0.17929529927278218,0.012111802137731201,0.17523433198397523,0.012192097818078486,0.17573688110390878,0.012347102550121733,0.17560871371881714,0.012225281422103896,0.1756229376643157,0.012214759239127545,0.17562714741143076,0.012223450627724525,0.17584845133763732,0.012253314635738685,0.1758483010818162,0.012216828650326311,0.09588544542273951,0.012792869706815726,0.10899629795638417,0.012792869706782497,0.11293450186291656
1097.0,0.17543596483782092,0.012268056176273483,0.17578003523503183,0.012318188538026908,0.17609007295305082,0.01224631849329448,0.17681058477076678,0.012245719866376023,0.1778584733071584,0.012208201917405613,0.1798695237674626,0.012130850642909353,0.17574292088493373,0.012208685841994475,0.17623987530740987,0.012363483673603829,0.17611698780383958,0.012241822733989298,0.17613046258905796,0.01223123812089991,0.17613436135966065,0.012239922299175357,0.1763604993992878,0.01227004446051875,0.17636087667191708,0.012233535925289711,0.09612501803874728,0.01281652420570725,0.1093006030565783,0.01281652420567401,0.11326351374709281
1098.0,0.17593521882295549,0.012284186967373727,0.17628442023832114,0.012334598564942765,0.17660149177073714,0.012262950733263013,0.17733691895692372,0.012263007012415157,0.17840455957053117,0.01222625889684276,0.18044927497805827,0.012150080278783702,0.17625628532565657,0.012225447691410216,0.1767475908313767,0.01238004042980919,0.17663003580257686,0.012258538367543412,0.17664275467232182,0.012247891142132103,0.17664633940160337,0.012256568217406606,0.17687736339634635,0.012286949500971587,0.17687827399817313,0.01225041796340136,0.0963666757062861,0.012840390851272896,0.10960760391706025,0.012840390851239612,0.11359547985073752
1099.0,0.17643914975064764,0.012300491454939085,0.17679353685421945,0.012351183567562974,0.17711771753914396,0.012279757721649322,0.1778682225781397,0.012280470623549988,0.17895583793738834,0.012244494265548125,0.18103461625414455,0.012169491747041562,0.17677447443767227,0.012242383844691658,0.1772600755305353,0.012396773266060623,0.17714790669171349,0.012275428793999229,0.17715986274673434,0.012264718769373323,0.17716313030336397,0.01227338884761776,0.17739909308004806,0.01230403024221896,0.17740054292890986,0.012267475250693986,0.09661043524925908,0.012864470734610356,0.10991732533588447,0.01286447073457703,0.11393042885152516
1100.0,0.176947804724097,0.012316970071305668,0.17730743318561032,0.012367943998122563,0.17763879979267025,0.01229673993534141,0.17840454826041072,0.01229811123344333,0.17951236528514677,0.012262908627754525,0.1816256121324922,0.01218908576368726,0.17729753823475353,0.012259494793489523,0.1777773781172959,0.012413682643182303,0.17767065032745263,0.012292494497947774,0.17768183652181738,0.012281721482530056,0.17768478370664237,0.012290384668376316,0.1779257390972171,0.012321287182836226,0.17792773423043745,0.012284708286620573,0.096856313758007,0.012888764965748112,0.11022979251328091,0.012888764965714717,0.11426838990229583
1101.0,0.1774612316884482,0.012333623262106944,0.17782615819744893,0.012384880322269115,0.1781647889567701,0.012313897864639179,0.1789459495844056,0.012315929389350937,0.18007419953592793,0.012281502601546255,0.1822223283634825,0.01220886305913201,0.17782552763074658,0.012276781042784712,0.1782995481788801,0.012430769035536443,0.17819831746325382,0.012309735977380956,0.17820872660164355,0.012298899774908357,0.1782113501463591,0.012307556171659384,0.17845735300842933,0.012338720834898384,0.17845989958530198,0.01230211758410141,0.09710432859335759,0.01291327467381642,0.11054503105857752,0.012913274673783035,0.11460939263969128
1102.0,0.17797947944748455,0.012350451486308757,0.17834976173400033,0.012401993019100761,0.17869573636598443,0.012331232013297453,0.1794924811052648,0.012333925652176666,0.18064139967889278,0.012300276818929026,0.18282483193830112,0.012228824378289146,0.17835849445789534,0.012294243110935282,0.17882663619488895,0.012448032931063615,0.17873095976803977,0.012327153743737438,0.1787405845029892,0.012316254153257395,0.1787428810687416,0.012324903862898081,0.17899398730668778,0.012356331724028115,0.17899709161101152,0.012319703669571544,0.0973544973907933,0.012938001007223502,0.11086306699728933,0.012938001007190133,0.11495346719300391
1103.0,0.1785025976807857,0.0123674552162462,0.17887829453656084,0.012419282581206968,0.17923169428249575,0.012348742898572724,0.1800441983729535,0.01235210059653057,0.18121402579319898,0.012319231925902984,0.18343319111691764,0.012248970480670281,0.17889649148564898,0.012311881529727548,0.17935869355537365,0.012465474831324532,0.17926862984492103,0.012344748321950465,0.17927746267395464,0.012333785137817866,0.17927942884994152,0.012342428261024068,0.17953569543659956,0.012374120389446524,0.17953936387929684,0.01233746708303281,0.0976068380646942,0.01296294513383527,0.11118392677837477,0.0129629451338018,0.11530064419324237
1104.0,0.17903063696134983,0.012384634937663456,0.17941180826165068,0.012436749514712492,0.1797727159151471,0.012366431051272362,0.18060115795317694,0.012370454810790035,0.1817921390716114,0.01233836858253884,0.18404747545686698,0.01226930214048436,0.17943957243999975,0.012329696844427456,0.17989577257937056,0.012483095251544757,0.17981138125041435,0.012362520250498743,0.17981941451312036,0.012351493262370679,0.17982104681512093,0.012360129898519055,0.1800825318140779,0.012392087384026558,0.18008677093588146,0.012355408378106808,0.09786136881267889,0.012988108241159124,0.1115076372816634,0.012988108241125638,0.11565095478241734
1105.0,0.17956364877368244,0.012401991149755815,0.17995035549970662,0.012454394339322987,0.1803188554390181,0.01238429701580511,0.1811634174488794,0.012388988897162383,0.1823758018447804,0.01235768746305548,0.18466775584289633,0.012289820146740335,0.17998779202333798,0.012347689613836749,0.18043792653396196,0.012500894720662108,0.18035926851419717,0.012380470081459604,0.1803664943892105,0.012369379074289451,0.18036778925808852,0.012378009321466188,0.18063455184660215,0.012410233274348566,0.18063936832081784,0.012373528122091521,0.09811810812005506,0.013013491536533367,0.11183422582545702,0.01301349153649981,0.1160044306230542
1106.0,0.18010168553239211,0.012419524365214972,0.18049398979427836,0.012472217588374008,0.18087016801552788,0.012402341350235973,0.18173103552233666,0.012407703471751429,0.18296507760621095,0.01237718925590062,0.18529410451747555,0.01231052530335239,0.18054120593486628,0.012365860410349783,0.18098520965385764,0.012518873781377044,0.18091234715941706,0.012398598380564632,0.18091875766130538,0.01238744313459493,0.1809197114614685,0.012396067089605056,0.18119181195402034,0.012428558640759035,0.18119721258937377,0.012391826896019562,0.09837707476436033,0.013039096247319614,0.11216372017431978,0.013039096247286068,0.11636110390794699
1107.0,0.18064480060128532,0.012437235110275443,0.18104276566177918,0.012490219808882042,0.181426709813091,0.012420564626342433,0.18230407191788012,0.012426599164625152,0.18356003103795573,0.012396874663834887,0.18592659511221593,0.012331418429247305,0.1810998708915753,0.01238420982001416,0.18153767716150862,0.012537032990204637,0.1814706737235361,0.01241690572725777,0.18147626069962067,0.012405686018012622,0.18147686971742436,0.012414303776387678,0.18175436958993943,0.012447064077431638,0.18176036133349752,0.01241030529471996,0.09863828782001066,0.013064923621100937,0.11249614854704423,0.013064923621067289,0.11672100737014433
1108.0,0.18119304831299046,0.01245512392476522,0.1815967386117384,0.012508401561597902,0.18198853802835285,0.012438967429673434,0.18288258748524885,0.01244567661988734,0.18416072803702485,0.012416744404017802,0.18656530268021548,0.012352500358475736,0.18166384464980384,0.01240273844259335,0.18209538528778474,0.01255537291752963,0.18203430577978663,0.012435392714756606,0.1820390609068506,0.012424108313032228,0.18203932134896758,0.012432719969038998,0.18232228326371597,0.012465750192430035,0.18232887320390032,0.01242896392688172,0.09890176666304787,0.013090974925883448,0.11283153962481784,0.013090974925849756,0.11708417429319058
1109.0,0.18174648398911433,0.01247319136215721,0.18215596516765156,0.012526763421063623,0.1825557109080103,0.012457550359611179,0.18346664420362258,0.012464936495751281,0.18476723574259551,0.012436799208096658,0.1872103037293892,0.012373771940325856,0.18223318602740368,0.012421446891631356,0.18265839129322736,0.01257389414766499,0.1826033019592061,0.012454059950115613,0.18260721674011407,0.012442710621970365,0.18260712473185858,0.012451316268618286,0.18289561256305978,0.012484617607775077,0.18290280793273175,0.01244780341512038,0.09916753097600747,0.013117251450303617,0.11316992255957921,0.013117251450269962,0.11745063852161844
1110.0,0.18230516396097557,0.012491437989625376,0.18272050288839778,0.012545305975670985,0.18312828777125875,0.012476314029435448,0.18405630520630709,0.012484379464615832,0.18537962256397686,0.012457039822298406,0.1878616762567894,0.012395234039439953,0.18280795492651752,0.012440335794521484,0.18322675348988604,0.012592597278911304,0.18317772197329354,0.012472908054291815,0.18318078773352053,0.012461493561035333,0.18318033931710667,0.012470093290083804,0.1834744181772684,0.012503666959513118,0.18348222635692626,0.012466824396047353,0.09943560075288677,0.013143754503839662,0.11351132698257768,0.013143754503805961,0.11782043447170407
1111.0,0.18286914559088496,0.012509864388101331,0.18329041039024904,0.012564029827723297,0.18370632903284673,0.012495259066390587,0.18465163480616842,0.012504006213144493,0.18599795820939868,0.012477467007523921,0.18851949978396773,0.012416887535934939,0.18338821235701672,0.01245940579257565,0.18380053126377965,0.012611482923620779,0.18375762663731715,0.012491937662213912,0.1837598345213657,0.012480457760394897,0.1837590256541305,0.012489051662360801,0.18405876192113632,0.012522898897787715,0.18406719044218148,0.012486027520341425,0.09970599630423495,0.01317048541702761,0.11385578301313914,0.01317048541699389,0.11819359714248973
1112.0,0.18343848729405415,0.01252847115233444,0.18386574736950717,0.012582935593499147,0.18428989622681013,0.012514386111755055,0.18525269852174858,0.012523817442347467,0.1866223137156726,0.01249808153944559,0.18918385539341925,0.012438733325523999,0.18397402046058095,0.012478657541098523,0.1843797850979824,0.01263055170826234,0.18434307789425622,0.012511149422853234,0.18434441886197822,0.012499603864246447,0.18434324541455255,0.012508192028410572,0.18464870675951991,0.012542314086913274,0.18465776330763492,0.012505413452823296,0.09997873826234493,0.013197445541683043,0.11420332126764444,0.013197445541649248,0.11857016212709029
1113.0,0.18401324856108317,0.012547258890955587,0.18444657462577246,0.012602023903319947,0.1848790520308565,0.012533695820913654,0.18585956310417195,0.012543813867666419,0.1872527614786885,0.01251888420860703,0.1898548257661289,0.01246077231964314,0.18456544253548693,0.012498091709462079,0.1849645765963606,0.012649804273490101,0.18493413883945162,0.012530543999297981,0.18493460366226402,0.012518932530889955,0.1849330614166712,0.012527515045303798,0.18524431683263012,0.012561913205452668,0.1852540092512491,0.012524982872532796,0.10025384758658383,0.013224636251126734,0.11455397286872807,0.013224636251092948,0.1189501656242746
1114.0,0.184593489981114,0.012566228226541007,0.18503295408587492,0.012621295401618469,0.1854738602914561,0.012553188863432216,0.18647229656481779,0.01256399621906036,0.18788937528483343,0.012539875820526805,0.19053249522028906,0.012483005445580363,0.18516254306207566,0.012517708981184806,0.18555496850798975,0.01266924127421487,0.18553087374594085,0.012550122068829647,0.18553045300291887,0.01253844443280355,0.18552853765064728,0.012547021384295243,0.18584565748202206,0.012581696946295953,0.18585599377590423,0.012544736472808442,0.10053134556883322,0.01325205894041619,0.11490776945469482,0.013252058940382328,0.11933364445035188
1115.0,0.18517927326561248,0.012585379795681468,0.18562494882847785,0.01264075074701158,0.18607438604965584,0.012572865923135603,0.18709096820379892,0.012584365241097423,0.18853223034335334,0.0125610571958037,0.19121694975120038,0.012505433646607564,0.18576538772899417,0.012537510054011925,0.1861510247522618,0.012688863379677583,0.18613334809052895,0.01256988432300208,0.18613203216440388,0.012558140256722115,0.18612973930438922,0.012566711730902224,0.18645279527736672,0.012601666016743543,0.18646378361626892,0.01256467496137008,0.10081125383905373,0.013279715026581585,0.11526474318917566,0.013279715026547732,0.11972063605135104
1116.0,0.18577066127283703,0.012604714249052544,0.1862226231094004,0.012660390612375068,0.18668069556762015,0.012592727698187731,0.18771564863927134,0.012604921693046587,0.18918140331966685,0.012582429170225569,0.19190827707242683,0.012528057882115744,0.1863740434601412,0.01255749563999982,0.1867528104447218,0.01270867127352583,0.18674162858060403,0.012589831467723992,0.18673940765362657,0.012578020703717541,0.1867367327902039,0.012586586784984784,0.18706579804396178,0.012621821138590048,0.18707744676643676,0.01258479906040445,0.10109359437098826,0.013307605948867646,0.11562492677100994,0.013307605948833687,0.1201111785155105
1117.0,0.18636771803301092,0.01262423225148767,0.1868260423876407,0.01268021568492092,0.18729285635596646,0.012612774901174599,0.18834640983761622,0.012625666348973354,0.1898369723696949,0.01260399259488159,0.19260656665821313,0.012550879127754048,0.1869885784424448,0.01257766646560137,0.1873603919236341,0.012728665653893462,0.18735578318174198,0.012609964223343215,0.18735264723143288,0.012598086489283308,0.1873495857722081,0.012606647260829591,0.18768473489107632,0.012642163048213181,0.18769705250836613,0.012605109506652563,0.1013783894879802,0.013335733168980042,0.1159883534443814,0.01333573316894609,0.12050531058609779
1118.0,0.1869705087742034,0.012643934482054553,0.18743527335218108,0.012700226666277712,0.18791093720185897,0.012633008259190344,0.18898332514450092,0.012646599997838898,0.1904990171752225,0.012625748336276775,0.1933119097872735,0.012573898375571277,0.18760906215440817,0.012598023271756223,0.18797383677733095,0.012748847233482444,0.187975881146106,0.01263028332473435,0.1879718199408743,0.012618338343420295,0.1879683671945388,0.012626893887236089,0.18830967624109954,0.012662692496663566,0.18832267144115641,0.012625607051501186,0.10166566186895012,0.013364098171337668,0.11635505700919496,0.013364098171303667,0.12090307167454661
1119.0,0.18757909994896754,0.012663821634133416,0.18805038394954218,0.012720424272573501,0.18853500819795688,0.012653428513925358,0.18962646931687435,0.012667723443600652,0.19116761898032827,0.012647697276449456,0.19402439958793774,0.012597116634161494,0.18823556539552416,0.012618566813981841,0.1885932138723407,0.01276921673964766,0.18860199304166014,0.012650789521389323,0.18859699613631087,0.012638777010726458,0.18859314731038795,0.012647327407604797,0.18894069385956144,0.012683410249758468,0.18895437551118277,0.01264629246107636,0.1019554345544818,0.013392702463330259,0.11672507183171695,0.013392702463296208,0.12130450187394193
1120.0,0.1881935592617368,0.012683894415498907,0.18867144341214742,0.01274080923452189,0.18916514077218974,0.01267403642175808,0.1902759185559063,0.012689037505317073,0.19184286062895295,0.012669840313092848,0.19474413108473282,0.012620534928812368,0.18886816031652814,0.012639297862468458,0.18921859338236194,0.012789774914484933,0.1892341907822895,0.012671483577510108,0.18922824751336442,0.012659403250488905,0.18922399771189288,0.012667948580029923,0.18957786088603773,0.012704317088178105,0.18959223804312839,0.012667166516339116,0.10224773095308079,0.013421547575581338,0.11709843285547718,0.013421547575547237,0.1217096419728458
1121.0,0.1888139556970302,0.012704153548404228,0.18929852228753352,0.012761382297510435,0.18980140771842333,0.012694832753849267,0.19093175054093542,0.012710543017254413,0.19252482660359116,0.012692178359678511,0.19547120124648398,0.01264415430165694,0.18950692045056416,0.012660217202176643,0.18985004681805812,0.01281052251492111,0.1898725476587497,0.012692366272104488,0.18986564713976564,0.01268021783677823,0.189860991360903,0.012688758177393435,0.19022125186595698,0.012725413807564282,0.19023633377192883,0.012688230013186133,0.10254257484754772,0.013450635062217142,0.11747517561244276,0.013450635062183018,0.12211853346949128
1122.0,0.18944035954847632,0.01272459976966772,0.18993169246838795,0.012782144221691891,0.19044388322803543,0.012715818296238458,0.19159404446441208,0.012732240828997486,0.19321360306520657,0.01271471234558344,0.19620570903592813,0.012667975811830294,0.19015192074527512,0.012681325632937212,0.19048764705775315,0.01283146031280787,0.19051713837058823,0.012713438399085362,0.19050926948709787,0.01270122155854722,0.1905042026206673,0.012709756987462703,0.19087094278338534,0.012746701218623006,0.19088673887567278,0.012709483762550891,0.10283999040153109,0.01347996650114106,0.11785533623447107,0.013479966501106914,0.12253121858634075
1123.0,0.19007284244868453,0.012745233830762679,0.19057102722350694,0.012803095782078834,0.19109264292241168,0.012736993849944625,0.192262881067939,0.012754131805562475,0.1939092778943687,0.012737443216220763,0.1969477554609492,0.012692000535626902,0.19080323759583648,0.012702623969555009,0.19113146837902834,0.012852589095017464,0.19116803905897622,0.012734700767371933,0.1911591904635108,0.012722415219730623,0.19115370728845152,0.012730945812990896,0.19152701109475892,0.01276818014722886,0.19154353100949417,0.012730928590509347,0.10314000216620953,0.013509543494313934,0.11823895146505306,0.013509543494279679,0.12294774028502868
1124.0,0.19071147740000424,0.01276605649791063,0.19121660122964068,0.012824237768640478,0.19174776388644618,0.012758360231068404,0.19293834267937007,0.012776216827512994,0.19461194073368215,0.012760371933172669,0.1976974436275098,0.012716229566664846,0.19146094887900092,0.012724113041914564,0.19178158649125962,0.012873909663542628,0.1918253273405618,0.01275615420099458,0.19181548744740096,0.012743799639349027,0.19180958262915937,0.012752325471819705,0.192189535763674,0.012789851434533301,0.19220678934049165,0.012752565338387804,0.10344263508714188,0.013539367668040413,0.11862605867135026,0.013539367668006218,0.12336814228169495
1125.0,0.1913563388061998,0.012787068552175805,0.19186849060431715,0.01284557098640276,0.1924093247030227,0.012779918270898315,0.1936205132510775,0.012798496791079663,0.19532168303155953,0.012783499474327682,0.19845487879425405,0.012740664016051147,0.1921251339881629,0.012745793695089153,0.19243807856914064,0.012895422835598006,0.19248908234231327,0.012777799539201815,0.19247823932210573,0.012765375651615394,0.19247190740993156,0.012773896796986392,0.19285859729669463,0.012811715937075299,0.19287659458368872,0.012774394862874289,0.10374791451127657,0.01356944067326142,0.1190166958565353,0.013569440673227144,0.12379246906272841
1126.0,0.19200750250505347,0.012808270789563973,0.19252677293963588,0.012867096255551425,0.19307740548856558,0.012801668816019397,0.19430947839939672,0.012820972608282322,0.19603859808735874,0.012806826834020232,0.19922016842898163,0.012765305012551622,0.1927958738694849,0.012767666789452929,0.1931010232871924,0.012917129443725906,0.19315938473744104,0.01279963763657158,0.19314752651165526,0.012787144106044363,0.19314076193582458,0.012795660636832162,0.1935342777802736,0.012833774526895273,0.19355302903910843,0.012796418036132328,0.10405586619413386,0.01359976418585227,0.11941090167245033,0.013599764185817941,0.1242207659009217
1127.0,0.1926650458019645,0.012829664021123585,0.19319152733707592,0.0128888144115377,0.19375208792964058,0.012823612728424815,0.19500532544527407,0.012843645207055521,0.19676278109797196,0.012830355023174332,0.1999934222669441,0.012790153702765351,0.19347325105912713,0.012789733200795707,0.19377050085534547,0.012939030335903651,0.19383631678239582,0.012821669363123957,0.19382343101761054,0.012809105867565009,0.1938162280865577,0.012817617855114653,0.1942166609187958,0.012856028091651992,0.19423617662997908,0.012818635745918388,0.10436651630714143,0.013630339906927904,0.11980871543258073,0.013630339906893576,0.12465307887206117
1128.0,0.19332904750454596,0.012851249073049575,0.19386283444337257,0.012910726305187286,0.19443345532071066,0.012845750885630796,0.195708143456203,0.012866515531377376,0.19749432920590562,0.012854085069450459,0.20077475237112338,0.01281521125130111,0.19415734972163087,0.01281199382044125,0.1944465930555866,0.012961126375655295,0.19451996235502472,0.012843895604437956,0.19450603645703424,0.012831261816635605,0.19449838935439062,0.012839769331123017,0.19490583207379567,0.012878477534742734,0.19492612294211964,0.012841048895702138,0.10467989144516188,0.013661169563153816,0.12021017712537035,0.013661169563119437,0.12508945487196008
1129.0,0.19399958795827954,0.012873026786790899,0.19454077648747575,0.012932832802812246,0.1951215926030219,0.01286808418079422,0.19641802328947208,0.012889584541401013,0.19823334154889238,0.012878018017394773,0.2015642731945042,0.012840478840959672,0.19484825568946354,0.012834449555367987,0.19512938327972493,0.012983418442165821,0.19521040699388092,0.012866317261771279,0.1951954281016122,0.012853612849363179,0.19518733088316365,0.012862115959796408,0.19560187830438933,0.012901123775426343,0.195622955264537,0.012863658404789329,0.10499601863418741,0.013692254907063795,0.12061532742786962,0.013692254907029277,0.12552994163394798
1130.0,0.19467674908324198,0.012894998019160043,0.19522543731865313,0.012955134786325725,0.19581658640471755,0.012890613522833869,0.19713505763675535,0.012912853213590425,0.19897991931111667,0.012902154928594419,0.20236210164447935,0.012865957672917929,0.19554605650381301,0.012857101328333271,0.19581895656833634,0.013005907430397978,0.19590773793875152,0.012888935252182645,0.1958916929180197,0.012876159877624216,0.19588313950854808,0.01288465865184475,0.1963048884089716,0.01292396774894944,0.19632676263130439,0.012886465208449122,0.10531492533922976,0.013723597717384083,0.12102420771974286,0.013723597717349538,0.12597458774683318
1131.0,0.1953606144119749,0.012917163642446711,0.19591690244574983,0.012977633153360419,0.19651852508217607,0.012913339836554294,0.1978593410701584,0.012936322540858095,0.1997341657761207,0.012926496881833262,0.20316835714942957,0.012891648966919139,0.19625084145663846,0.012879950078000869,0.19651539965089473,0.013028594251213018,0.19661204417247297,0.012911750508657815,0.19659491960950895,0.012898903829190084,0.19658590379955762,0.012907398333873913,0.1970149529682126,0.012947010406676058,0.19703763586473946,0.012909470258042946,0.10563663947238158,0.013755199799364752,0.12143686009763204,0.013755199799330207,0.12642344267335312
1132.0,0.19605126912849918,0.012939524544533338,0.19661525907768448,0.01300032881738929,0.19722749876266518,0.012936264062773043,0.19859097008969578,0.012959993532707504,0.2004961863814259,0.012951044973253108,0.20398316172759084,0.012917553961465609,0.19696270163405255,0.012902996759070943,0.19721880098716343,0.013051479831494305,0.19732341646402635,0.012934763980238668,0.1973051986588298,0.012921845647854511,0.19729571410134106,0.012930335948512705,0.19773216438939967,0.01297025271622044,0.19775566761995056,0.012932674521158108,0.10596118940109825,0.01378706298511726,0.12185332738989986,0.013787062985082662,0.12687655676912443
1133.0,0.1967488001085558,0.012962081629014436,0.1973205961651852,0.013023222707849714,0.19794359938832207,0.012959387158451184,0.19933004317230546,0.012983867215377776,0.20126608877496932,0.012975800316518325,0.2048066400582965,0.012943673914016102,0.19768172996106662,0.01292624234241447,0.19792925080987364,0.013074565114273833,0.19804194741301218,0.012957976632155135,0.19802262237247198,0.012944986293565051,0.19801266257933567,0.012953472454544293,0.19845661695220862,0.01299369566158259,0.19848095243078748,0.01295607898174354,0.10628860395664871,0.013819189133959811,0.12227365317175384,0.01381918913392521,0.12733398130211598
1134.0,0.19745329596107777,0.012984835815319149,0.19803300444385707,0.01304631577027148,0.19866692076152465,0.012982710096826802,0.20007666082246361,0.013007944631992199,0.20204398287339093,0.013000764042983727,0.2056389195556871,0.012970010101187306,0.19840802124774568,0.012949687815209172,0.19864684116875458,0.013097851058862497,0.198767731495517,0.012981389445960938,0.19874728492633417,0.012968326742557408,0.19873684326481633,0.012976808827039834,0.1991884068559182,0.01301734024328824,0.1992135867572825,0.012979684640249347,0.10661891244280097,0.013851580132769041,0.12269788178076836,0.013851580132734359,0.12779576847265334
1135.0,0.19816484707098436,0.013007788038836518,0.19875257647858413,0.013069608966406977,0.19939755859172104,0.013006233867552057,0.20083092562440416,0.013032226842710836,0.20282998092229385,0.013025937301866231,0.20648013044499008,0.012996563818959368,0.1991416722368698,0.012973334181080544,0.19937166597594383,0.01312133864098315,0.19950086511146797,0.01300500341967241,0.19947928241283286,0.012991867987493128,0.19946835210189554,0.013000346057496068,0.1999276322681295,0.0130411874785311,0.19995366903457318,0.013003492513770209,0.10695214464469269,0.013884237896339552,0.12312605833281498,0.01388423789630484,0.12826197143397577
1136.0,0.19888354564329921,0.013030939251044014,0.19947940670935166,0.013093103274365081,0.20013561054374143,0.013029959476833688,0.20159294229608368,0.013056714924885473,0.20362419755850744,0.013051321260420497,0.20733040584151113,0.013023336382886393,0.19988278165307918,0.012997182460245026,0.2001038210528592,0.01314502885290744,0.20024144663347493,0.013028819567909956,0.20021871288953344,0.013015611037600556,0.2002072869960196,0.013024085153976123,0.2006743933750875,0.01306523840131886,0.200701299723442,0.013027503636190891,0.10728833083793637,0.01391716436775087,0.12355822873841209,0.01391716436771607,0.12873264431336587
1137.0,0.1996094857486795,0.013054290419639337,0.20021359149852738,0.013116799688748808,0.20088117628767954,0.01305388794757625,0.20236281774490225,0.013081409973219105,0.2044267498744631,0.013076917104118114,0.20818988183237508,0.013050329128310209,0.20063145025364304,0.01302123368965707,0.20084340417855093,0.013168922703595261,0.20098957645727278,0.0130528389220443,0.20096567642932953,0.01303955691881917,0.20095374786403686,0.0130480271412535,0.20142879243359216,0.013089494062622916,0.20145658136247624,0.013051719058336492,0.10762750179794008,0.013950361518741574,0.12399443971951475,0.013950361518706773,0.12920784223386625
1138.0,0.20034276337038637,0.013077842528676012,0.20095522917965628,0.013140699220795221,0.20163435755036707,0.01307802031952937,0.203140661125266,0.01310631309992821,0.2052377574847647,0.01310272603683145,0.20905869756121828,0.0130775434105802,0.2013877808808728,0.013045488923159139,0.20159051513962895,0.013193021218838861,0.201745357053786,0.013077062530345105,0.20172027517226854,0.013063706673947652,0.20170783668589012,0.013072173060959464,0.20219093382464576,0.013113955530531489,0.20221961862193577,0.013076139848125199,0.10796968880945518,0.013983831350091487,0.12443473882674388,0.013983831350056602,0.12968762133660325
1139.0,0.20108347645276833,0.01310159657870131,0.20170442010782488,0.013164802898520157,0.20239525816856074,0.013102357649438172,0.20392658389806712,0.013131425434909604,0.20605734259502095,0.013128749281020256,0.209936995315899,0.013104980605275183,0.20215187851622457,0.013069949231636015,0.20234525578180107,0.013217325441408839,0.20250889302290107,0.013101491458133194,0.20248261337905482,0.01308806136279498,0.20246965755799012,0.013096523971734005,0.20296092410882804,0.013138623890405429,0.2029905183593957,0.013100767090725553,0.10831492367636501,0.014017575892011585,0.124879174457081,0.014017575891976669,0.13017203880374228
1140.0,0.20183172495129056,0.013125553586898046,0.20246126671167491,0.013189111766865031,0.20316398414383965,0.013126901011197876,0.20472069989217045,0.013156748125910608,0.20688563007306907,0.013154988077923617,0.21082492061939626,0.013132642108432789,0.20292385033621324,0.013094615703171527,0.20310773006308183,0.013241836431205075,0.20328029114900167,0.01312612678793671,0.20325279748632535,0.013112622062334975,0.20323931674833473,0.013121080949380649,0.20373887208352343,0.013163500245039332,0.2037693896772293,0.013125601888715931,0.10866323873170552,0.01405159720454205,0.12532779587204096,0.014051597204507103,0.13066115288208824
1141.0,0.2025876108842092,0.013149714587230072,0.20322587354708785,0.013213626887847519,0.20394064369932507,0.013151651496010048,0.20552312536794776,0.013182282338702325,0.207722747522653,0.013181443687754427,0.2117226223239914,0.01316052933678129,0.20370380577015948,0.013119489443209932,0.20387804410875712,0.013266555265409622,0.20405966045834492,0.013150969619650184,0.20403093616372253,0.01313738986686519,0.2040169227534578,0.013145845087024032,0.20452488884204792,0.013188585714824607,0.20455634398198913,0.013150645362249686,0.10901466684795325,0.014085897377958383,0.1257806532163322,0.014085897377923345,0.13115502290735687
1142.0,0.20335123838590366,0.01317408063059058,0.2039983473526699,0.013238349340716505,0.2047253473382966,0.01317661021254516,0.20633397908298892,0.013208029257257746,0.20856882535968885,0.013208117389899474,0.2126302527089218,0.013188643727977178,0.20449185655986202,0.013144571574720126,0.20465630626816472,0.013291483038645269,0.20484711227832778,0.013176021070698119,0.2048171403728925,0.013162365888168298,0.20480258635726334,0.013170817495271837,0.2053190878347318,0.013213881437917052,0.2053514950457985,0.013175898649221234,0.10936924144754469,0.014120478533185814,0.12623779753702455,0.014120478533150804,0.13165370932914278
1143.0,0.20412271376197502,0.013198652784954112,0.20477879710702768,0.013263280222109425,0.20551820790473851,0.013201778287106532,0.20715338236003644,0.013233990083933457,0.20942399689119573,0.013235010483123439,0.21354796758163172,0.013216986740847383,0.20528811682126516,0.013169863238363866,0.20544262717334033,0.01331662086313538,0.20564276029875922,0.01320128227620119,0.20561152342844358,0.013187551255677842,0.20559642069182935,0.013195999302379862,0.206121584932091,0.013239388570408041,0.2061549590697914,0.013201362905438928,0.10972699651368391,0.014155342822222803,0.12669928080323983,0.014155342822187646,0.1321572737366001
1144.0,0.20490214554615938,0.013223432135532242,0.20556733408798097,0.013288420646214126,0.20631934064594643,0.013227156863799093,0.2079814591572812,0.013260166039654844,0.21028839839702954,0.013262124285775997,0.21447592638277274,0.013245559855636867,0.20609270310822192,0.013195365592667792,0.2062371197996412,0.013341969868869276,0.20644672063518565,0.013226754389146982,0.20641420106094865,0.013212947116648104,0.20639854130024907,0.013221391654421016,0.2069324984901209,0.013265108286499655,0.20696685474971993,0.013227039304799081,0.11008796660139822,0.014190492428572003,0.12716515592637986,0.014190492428536865,0.13266577888486028
1145.0,0.20568964455913,0.013248419784932712,0.20636407193374537,0.01331377174493388,0.207128863277231,0.013252747104701873,0.20881833614105627,0.01328655836410552,0.21116216921453035,0.013289460136004991,0.21541429229516146,0.013274364574259533,0.20690573447839705,0.013221079814198807,0.20703989952840288,0.013367531203770227,0.20725911189436425,0.013252438580564421,0.20722529148209357,0.013238554636325832,0.2072090662016091,0.013246995715458038,0.20775194941780464,0.013291041778683071,0.20778730334379517,0.01325292903946551,0.11045218684889288,0.014225929567681747,0.12763547678091383,0.01422592956764655,0.13317928872222345
1146.0,0.20648532396925945,0.013273616853322302,0.20716912670617202,0.013339334668056261,0.2079468960488429,0.013278550190043372,0.20966414276109674,0.013313168315921647,0.21204545182618234,0.013317019391972402,0.21636323235681684,0.013303402420557376,0.20772733256145196,0.013247007097743744,0.20785108421170342,0.013393306033867841,0.20808005524195342,0.013278336039701246,0.20804491545203274,0.013264374998128528,0.2080281159581725,0.013272812667720303,0.20858006124697356,0.013317190257921857,0.20861642874284106,0.013279033320051979,0.11081969298917836,0.014261656487395004,0.1281102982257409,0.014261656487359746,0.13369786841813655
1147.0,0.20728929935543589,0.013299024478592998,0.20798261695612846,0.013365110583425724,0.20877356181516565,0.013304567318382275,0.2105190113283983,0.013339997172888756,0.2129383919504834,0.013344803432076585,0.21732291757831937,0.01333267494056086,0.20855762162953603,0.013273148656492699,0.20867079423934756,0.013419295543474076,0.20890967447256314,0.013304447974206123,0.2088731963490802,0.013290409403824286,0.20885581374486992,0.01329884371178393,0.20941696020453665,0.01334355495383788,0.20945435754290845,0.013305353375809983,0.11119052136200032,0.014297675468408752,0.12858967612613992,0.014297675468373428,0.13422158439199214
1148.0,0.20810168877198715,0.013324643816532257,0.20880466379112017,0.013391100677120463,0.2096089861063239,0.013330799706790752,0.2113830770958701,0.01336704623214399,0.21384113863607265,0.01337281365517712,0.21829352306462813,0.013362183702758452,0.20939672867025017,0.013299505722226095,0.20949915260813745,0.013445500935362655,0.20974809608218453,0.013330775610315364,0.2097102602417647,0.013316659073717093,0.2096922854211857,0.013325090066756152,0.21026277528726184,0.013370137114902756,0.21030121912038433,0.013331890454818359,0.11156470892606872,0.014333988824742119,0.12907366737633924,0.014333988824706734,0.13475050434276578
1149.0,0.2089226128158367,0.013350476040997025,0.20963539094521175,0.01341730615363221,0.2104532972022525,0.013357248591042613,0.21225647834179748,0.0133943168103824,0.2147538443593431,0.013401051480825809,0.21927522814162487,0.013391930298368788,0.21024478346213976,0.013326079545506393,0.2103362849935344,0.013471923430953681,0.21059544934317,0.013357320193041344,0.21055623596342798,0.013343125246834658,0.21053765960553983,0.013351552970463787,0.21111763833914207,0.013396938008632134,0.21115714570974756,0.013358645824178972,0.11194229327160939,0.014370598904214531,0.12956232992271208,0.01437059890417911,0.13528469727954998
1150.0,0.20975219469594053,0.013376522344091571,0.2104749248513949,0.013443728236050828,0.21130662620936339,0.013383915225804843,0.2131393564563384,0.013421810244067243,0.21567666512562617,0.013429518349501715,0.22026821648755132,0.013421916341619117,0.21110191865282493,0.01335287139587341,0.21118231982380106,0.01349856427050063,0.21145186638181693,0.013384082986367618,0.21141125518941084,0.01336980918112197,0.21139206775228006,0.013378233679645541,0.21198168413150859,0.013423958921784846,0.21202227248406594,0.01338562077021621,0.11232331263322545,0.014407508088933462,0.13005572278763247,0.014407508088898006,0.13582423355297188
1151.0,0.21059056030513837,0.013402783936348642,0.21132339471643938,0.0134703681662526,0.21216910713990964,0.013410800884833863,0.21403185603110778,0.013449527889645013,0.21660976057414588,0.01345821572285125,0.22127267626960495,0.013452143470030412,0.21196826983990144,0.013379882562043472,0.21203738835674027,0.013525424713282766,0.21231748225870165,0.013411065273446234,0.21227545251696622,0.013396712153637563,0.2122556442313594,0.013405133470148357,0.21285505044597836,0.013451201160565968,0.21289673763834546,0.013412816598678929,0.1127078059030994,0.014444718795792302,0.1305539060940012,0.01444471879575678,0.13636918488756786
1152.0,0.2114378382944841,0.013429262046915486,0.2121809325983843,0.013497227205092376,0.21304087699415378,0.013437906861175424,0.2149341249520099,0.013477471123764464,0.21755329408690763,0.013487145083932768,0.22228880028590509,0.01348261334470631,0.21284397565471716,0.013407114352113376,0.2129016247591427,0.013552506037800997,0.21319243505185495,0.01343826835680061,0.2131489655479977,0.013423835460754836,0.21312852641087318,0.013432253637128345,0.21373787816035975,0.013478666050834335,0.21378068247586898,0.013440234634949654,0.1130958126445389,0.014482233476978672,0.13105694109046875,0.014482233476943029,0.1369196244151196
1153.0,0.2122941601501809,0.013455957923743472,0.21304767348675688,0.0135243066326001,0.21392207584547404,0.01346523446736901,0.2158463144954851,0.01350564134350085,0.2185074329016846,0.013516307937466847,0.22331678611310962,0.013513327650628884,0.2137291778491379,0.013434568093768582,0.2137751661890208,0.013579809541978023,0.21407686594290795,0.013465693558531507,0.21403193497476383,0.013451180418366942,0.21401085474250972,0.013459595495255314,0.21463031133765995,0.013506354938313923,0.21467425149763056,0.013467876224255618,0.11348737310586399,0.01452005462049284,0.131564890177387,0.014520054620457185,0.13747562670900385
1154.0,0.21315966027322827,0.013482872833781469,0.2139237553856303,0.013551607748181487,0.21481284692851035,0.013492785035656811,0.21676857942825592,0.01353403996658427,0.21947234822928022,0.013545705810090819,0.22435683625995528,0.013544288096961154,0.21462402138544578,0.013462245134494902,0.2146581528807993,0.013607336543362884,0.21497091930634313,0.01349334222052799,0.21492450466864316,0.01347874836209671,0.21490277285007825,0.013487160378922254,0.21553249731829177,0.01353426918881082,0.2155775924950237,0.013495742731885215,0.11388252823466873,0.01455818475067729,0.1320778169334944,0.0145581847506416,0.1380372678195818
1155.0,0.21403447606187356,0.013510008063173757,0.21480931939965575,0.013579131870822724,0.21571333673051768,0.013520559918196173,0.21770107811080308,0.01356266843163276,0.2204482153752986,0.01357534025061908,0.22540915832696332,0.013575496417353217,0.21552865452949488,0.013490146841796136,0.2155507282335528,0.013635088379339806,0.21587474280198315,0.0135212157046832,0.21582682177213858,0.013506540647510267,0.2158044276212538,0.013514949642458843,0.21644458681567547,0.013562410188432853,0.21649085664590387,0.013523835543408668,0.11428131969245658,0.01459662642875693,0.13259578614338238,0.014596626428721173,0.1386046253106675
1156.0,0.21491874799703325,0.013537364917461863,0.21570450982318162,0.013606880339299892,0.21662369508602092,0.013548560487277355,0.2186439726046856,0.013591528198390568,0.221435213866585,0.013605212830308208,0.22647396517267382,0.013606954370256994,0.21644322894727858,0.013518274603414022,0.21645303890243306,0.01366306640734101,0.21678848747083365,0.013549315393113166,0.21673903679420567,0.013534558650335858,0.21671596930264156,0.013542964660349441,0.2173667340153189,0.01359077934381592,0.21741419861418265,0.01355215606490423,0.11468378986965005,0.01463538225339058,0.13311886382575222,0.014635382253354782,0.13917777829712252
1157.0,0.2158126197307471,0.013564944721791055,0.21660947423261118,0.013634854512392144,0.21754407527495723,0.013576788135545562,0.21959742878388774,0.01362062074797048,0.22243352758259557,0.013635325143127673,0.22755147508667775,0.013638663739245762,0.2173678998050278,0.01354662982755505,0.2173652348934283,0.01369127200506484,0.21771230783446338,0.01357764268838154,0.21766130370908976,0.013562803766685741,0.21763755159834872,0.013571206827455475,0.21829909667758568,0.013619378082353127,0.2183477766531166,0.013580705723187507,0.11508998190101556,0.014674454861233829,0.1336471172624992,0.014674454861197962,0.13975680748360095
1158.0,0.21671623817786662,0.013592748821120671,0.21752436358211172,0.013663055769099961,0.21847463412442672,0.013605244276227545,0.2205616164503931,0.013649947583102057,0.22344334489188394,0.013665678806036077,0.22864191196980718,0.013670626333340295,0.21830282587305244,0.01357521394312066,0.21828746966158236,0.013719706570697345,0.21864636199806015,0.01360619901372869,0.2185937800588393,0.013591277413285044,0.21856933177217208,0.0135996775592427,0.21924183624427865,0.01364820785242946,0.2192917527124313,0.013609485966046275,0.11549993968148006,0.014713846927513718,0.1341806150286468,0.014713846927477783,0.14034179520450485
1159.0,0.21762975361104286,0.013620778580438897,0.2184493323028533,0.013691485508867611,0.21941553211423354,0.013633930343362445,0.22153670945416062,0.013679510228384253,0.22446485879397834,0.013696275459262339,0.22974550552183387,0.013702843987342095,0.21924816963343705,0.013604028399941643,0.21921990021286203,0.013748371523139707,0.21959081175731274,0.013634985813304669,0.21953662705959645,0.013619981027702793,0.21951147075362124,0.013628378292013235,0.2201951179492138,0.013677270123661697,0.2202462925494967,0.01363849826248072,0.1159137078823839,0.014753561166615182,0.1347194270231672,0.014753561166579235,0.14093282546518351
1160.0,0.21855331975923428,0.01364903538498274,0.2193845384059107,0.013720145151810524,0.22036693348637867,0.013662847792038038,0.22252288581769408,0.013709310230542962,0.2254982670668996,0.013727116766593486,0.2308624914370553,0.01373531856217235,0.22020409739177668,0.013633074669018523,0.22016268720978846,0.013777268302239165,0.22054582270932713,0.013664004552407898,0.22049000971189575,0.013648916068589645,0.2204641332478792,0.013657310483141498,0.22115911093300686,0.01370656638714199,0.22121156584466992,0.013667744102946943,0.11633133196816717,0.014793600332679813,0.13526362450070736,0.014793600332643797,0.1415299839844253
1161.0,0.2194870939098301,0.013677520640461394,0.22033014358899985,0.013749036138946357,0.22132900635868294,0.013691998098631633,0.2235203278654581,0.013739349158694876,0.22654377242057064,0.013758204415666995,0.23199311160816813,0.013768051945218058,0.22117077939316526,0.013662354242766399,0.22111599508103666,0.013806398369025464,0.22151156436771244,0.013693256717728263,0.22145409691512405,0.013678084015919006,0.22142748784994382,0.013686475611316433,0.2221339883621828,0.013736098155687751,0.2221877463210689,0.01369722499960719,0.1167528582134976,0.014833967220217079,0.13581328010426824,0.014833967220180988,0.14213335823829473
1162.0,0.2204312370145808,0.013706235773284984,0.22128631334721793,0.013778159932432433,0.2223019228427133,0.013721382761055478,0.22452922235831857,0.013769628604615112,0.2276015826564144,0.013789540118270096,0.23313761433883998,0.013801046050685762,0.2221483899426036,0.013691868635264249,0.22207999213516533,0.013835763205952003,0.2224882102820694,0.013722743817595265,0.22242906158634115,0.013707486371234019,0.22240170716308827,0.013715875176786865,0.22311992755289137,0.013765866964095548,0.22317501186891825,0.013726942486583989,0.11717833372087275,0.014874664664728046,0.13636846789885226,0.014874664664691915,0.1427430375053542
1163.0,0.22138591379949293,0.013735182230797961,0.22225321708796822,0.013807518015806444,0.2232858591662416,0.013751003299007334,0.22554976063327006,0.013800150183011471,0.22867191083346355,0.013821125610644296,0.23429625456544273,0.01383430281996033,0.22313710753001195,0.013721619382509867,0.2230548506786665,0.013865364317141497,0.2234759381620403,0.013752467382231227,0.22341508078364034,0.013737124657899304,0.22338696792187124,0.013745510701613492,0.2241171100993805,0.013795874369400631,0.22417354467472586,0.013756898120219888,0.11760780643869956,0.014915695543342752,0.13692926340613917,0.014915695543306606,0.14335911291333472
1164.0,0.22235129287887326,0.013764361481516907,0.22323102825027447,0.01383711189423325,0.22428099580041677,0.013780861254226652,0.22658213874870603,0.01383091553180343,0.22975497544123408,0.013852962653796453,0.23546929408843997,0.013867824221973012,0.22413711496012584,0.013751608042679483,0.22404074713853908,0.013895203228637274,0.22447493000618152,0.013782428964009247,0.22441233583428255,0.013767000421357754,0.22438345111988886,0.013775383729925204,0.22512572200748326,0.013826121951141886,0.22518353135547914,0.013787093479342018,0.11804132517985684,0.014957062775470207,0.13749574364018818,0.01495706277543399,0.14398167748730697
1165.0,0.22332754687370557,0.013793775015373674,0.22421992442863992,0.013866943094755807,0.2252875175918755,0.013810958190755196,0.22762655763546705,0.013861926312407409,0.2308510005797956,0.013885053033815353,0.23665700181386712,0.013901612253575713,0.22514859948741636,0.01378183619639294,0.22503786218958155,0.013925281488659253,0.22548537223583417,0.013812630137716997,0.2254210124678187,0.013797115229392072,0.22539134214249737,0.013805495828179892,0.22614595383333144,0.013856611311631203,0.22620516309811373,0.01381753016553278,0.11847893964078364,0.01499876932346246,0.1380679871442479,0.014998769323426142,0.14461082619940224
1166.0,0.22431485253456956,0.013823424343962774,0.22522008750173014,0.01389701316655161,0.22630561390002463,0.013841295695203069,0.22868322325396587,0.013893184210026744,0.23196021614730414,0.013917398562195126,0.23785965400552625,0.013935668939922572,0.22617175295633785,0.013812305446984408,0.22604638088663231,0.01395560066786526,0.22650745583425577,0.013843072500825233,0.22644130095441964,0.013827470672392542,0.22641083090472583,0.013835848585432525,0.22717800082756393,0.01388734407622972,0.22723863580450643,0.013848209803405042,0.11892070042108406,0.015040818193292399,0.13864607402867754,0.01504081819325603,0.14524665602015258
1167.0,0.22531339086928787,0.013853311000794752,0.22623170376603507,0.01392732368119458,0.22733547873974252,0.013871875377020493,0.22975234675770576,0.013924690933948467,0.23308285803541068,0.013950001076165503,0.23907753454840716,0.013969996334859808,0.22720677194712843,0.013843017420777549,0.22706649280199329,0.013986162359617546,0.2275413764912512,0.013873757673762206,0.22747339624867913,0.013858068363629357,0.22744211199465883,0.013866443613606214,0.22822206308526385,0.013918321893628112,0.22828415024224538,0.013879134040883511,0.11936665904367645,0.015083212435246036,0.13923008601004153,0.015083212435209624,0.14588926597151086
1168.0,0.22632334727554967,0.013883436541553516,0.2272549640748031,0.013957876232921367,0.22837731092975305,0.0139026988687747,0.23083414466343277,0.013956448217845405,0.23421916833296733,0.013982862439027289,0.24031093522395425,0.014004596521322575,0.22825385792743438,0.013873973767366753,0.22809839216826802,0.014016968180254764,0.22858733475357537,0.013904687300192854,0.22851749813914443,0.013888909939530547,0.22848538482248654,0.013897282547770154,0.22927834570193512,0.01394954643613331,0.22934191220146646,0.01391030454949128,0.11981686797550983,0.015125955144629277,0.1398201064514113,0.01512595514459282,0.14653875718160866
1169.0,0.22734491167871562,0.013913802544359926,0.22829006398242993,0.013988672438904028,0.22943131424693192,0.01393376782643225,0.23192883902833344,0.013988457820084427,0.23536939553840594,0.014015984540495957,0.24156015599782468,0.014039471611740404,0.2293132174100159,0.013905176159905174,0.22914227802687673,0.014048019769369138,0.2296455361813632,0.013935863047304549,0.229573811403823,0.013919997059965753,0.2295408537755704,0.013928367046423341,0.23034705893576526,0.01398101939996077,0.23041213265802796,0.01394172302464247,0.1202713806488525,0.015169049462489469,0.1404162204039177,0.015169049462452937,0.147195232941335
1170.0,0.2283782786750785,0.013944410610040099,0.2293372038946513,0.014019713939527506,0.23049769758686758,0.013965083929647275,0.23303665763456988,0.014020721524040915,0.23653379478127265,0.014049369297050642,0.2428255053208265,0.014074623748450227,0.23038506211687648,0.013936626295395618,0.23019835438252575,0.014079318790089912,0.23071619151090392,0.01396728660609751,0.23064254597201975,0.013951331408535649,0.23060872837974192,0.01395969879178265,0.23142841837652953,0.01401274250553303,0.23149502794336477,0.013973391185940537,0.12073025148318255,0.015212498576352566,0.14101851464960283,0.015212498576315982,0.1478587987627822
1171.0,0.22942364768079787,0.013975262362398915,0.23039658922471218,0.014051002398672626,0.23157667513092256,0.01399664888205581,0.23415783418153815,0.014053241138419478,0.23771262805338503,0.014083018652291496,0.24410730044375317,0.014110055104117416,0.23146960915007833,0.01396832589499029,0.23126683036391574,0.01411086692937151,0.23179951682404476,0.013998959691681995,0.23172391709272924,0.013982914692866654,0.2316892234671906,0.013991279490077939,0.23252264512142506,0.014044717497783158,0.2325908199213291,0.014005310777482082,0.121193535907699,0.015256305720975444,0.14162707774562674,0.015256305720938756,0.14852956243966992
1172.0,0.230481223086836,0.014006359448500063,0.2314684305558986,0.014082539504005322,0.23266846652018006,0.01402846441157436,0.23529260848624856,0.014086018497580446,0.23890616445010143,0.014116934577302872,0.24540586774691014,0.014145767882166666,0.23256708116960667,0.014000276704294405,0.23234792039098562,0.014142665898288055,0.2328957337245791,0.014030884043580341,0.23281814550996344,0.014014748644912098,0.2327825593512466,0.014023110871852389,0.23362996595819444,0.014076946146464717,0.23369973617235887,0.014037483568168072,0.1216612903844732,0.015300474179114922,0.1422420000698594,0.015300474179078156,0.14920763410978166
1173.0,0.23155121442012505,0.014037703538949934,0.23255294381067007,0.014114326967270973,0.23377329703656466,0.014060532270707023,0.23644122669221976,0.014119055461873954,0.24011468042225628,0.014151119071024865,0.24672154308512123,0.014181764317218523,0.23367770657862122,0.014032480493676919,0.23344184434901594,0.01417471743233373,0.23400506952192834,0.014063061426036022,0.23392545764534556,0.01404683502125905,0.2338889620083849,0.01405519469226881,0.23475061355590227,0.01410943024646876,0.23482201018535837,0.014069911352019189,0.12213357243225091,0.015345007282312285,0.14286337386793377,0.015345007282275502,0.14989312631954033
1174.0,0.23263383651130712,0.014069296328188721,0.23365035042677235,0.01414636652459503,0.23489139779151577,0.014092854236856252,0.23760394148734246,0.014152353917979862,0.24133846003931303,0.014185574160630696,0.248054672149152,0.014218046675538835,0.23480171971646996,0.014064939058586629,0.23454882776994934,0.014207023291729034,0.23512775742251413,0.01409549362832796,0.23504608578831854,0.014079175603441279,0.23500866326783645,0.014087532731422558,0.23588482666375407,0.014142171618145589,0.2359578815576784,0.014102595948499065,0.12261044065095693,0.015389908411695498,0.1434912933017978,0.015389908411658604,0.15058615409076928
1175.0,0.23372930966937774,0.014101139534786736,0.2347608775406154,0.014178659936789637,0.236023005922604,0.014125432112641412,0.2387810123311701,0.014185915779254014,0.2425777952643589,0.014220301901913321,0.24940561084443313,0.014254617255492477,0.23593936105983515,0.014097654219875461,0.2356691020212399,0.014239585261733051,0.236264036729201,0.014128182465092141,0.23618026829437355,0.014111772198258458,0.23614190100916768,0.014120126794659557,0.23703285031834762,0.014175172107634164,0.2371075962035876,0.01413553920284387,0.12309195474688185,0.015435180998797727,0.14412585449983148,0.015435180998760786,0.15128683498975187
1176.0,0.23483785986352426,0.014133234901746653,0.2358847581783636,0.014211208989665769,0.2371683647984618,0.014158267726222381,0.23997270569211943,0.014219742986083042,0.2438329862415653,0.014255304379678414,0.25077472568814646,0.014291478388010165,0.23709087743247467,0.014130627824127091,0.23680290450267544,0.014272405152961926,0.23741415304919836,0.014161129776648226,0.23732824979167383,0.014144626638101803,0.23728891936825344,0.014152978712902494,0.23819493605980885,0.014208433587197146,0.23827140657169657,0.01416874298639698,0.12357817555862403,0.015480828526394087,0.1447671556085835,0.015480828526357095,0.15199528919867944
1177.0,0.23595971891257314,0.014165584196811291,0.23702223145502588,0.01424401549435245,0.23832772423248724,0.014191362931631204,0.24117929529512783,0.014253837506243774,0.2451043415967936,0.014290583708145645,0.2521623942256791,0.014328632437062557,0.23825652222393057,0.014163861743992989,0.23795047885151874,0.014305484801713935,0.23857835851088502,0.014194337429333789,0.23849028139654155,0.01417774078128602,0.23844996895204673,0.014186090342981,0.23937134215726863,0.01424195795556341,0.23944957187176313,0.014202209196951894,0.12406916508376165,0.015526854529356031,0.1454152968461961,0.015526854529318958,0.15271163958957903
1178.0,0.23709512468240027,0.01419818921277858,0.2381735427820361,0.014277081287621389,0.23950134070574847,0.014224719609108462,0.24240106238028591,0.01428820133527201,0.24639217875209796,0.014326142031357998,0.25356900546763933,0.014366081800143595,0.23943655561774818,0.01419735787853456,0.2391120751564209,0.014338826070300925,0.23975691198999055,0.014227807315844705,0.23966662093823132,0.014211116512387639,0.23962530706262478,0.014219463567970842,0.24056233384415268,0.014275747138276318,0.24064235831142586,0.014235939759101403,0.12456498650633308,0.01557326259552424,0.14607038055757113,0.015573262595487082,0.15343601180082733
1179.0,0.23824432129170958,0.01423105176782175,0.23933894408372075,0.014310408232219005,0.24068947759958145,0.01425833966544763,0.2436382959730766,0.014322836496837164,0.2476968242548723,0.01436198152359876,0.2549949603486759,0.014403828908765338,0.24063124482962456,0.01423111815357199,0.24028795018057467,0.014372430847385653,0.2409500793456699,0.014261541355582047,0.24085753319351016,0.014244755742590785,0.24081519793097855,0.014253100297538051,0.24176818356382218,0.014309803088049989,0.24185003934333238,0.014269936624593003,0.12506570422510313,0.015620056366600323,0.14673251127136558,0.015620056366563172,0.15416853431636535
1180.0,0.23940755932661642,0.014264173705816303,0.24051869402311798,0.014343998217204008,0.2418924054383842,0.014292225034345856,0.24489129316680142,0.014357745043124792,0.24901861412249102,0.014398104389817468,0.25644067220932737,0.014441876228960556,0.24184086435607166,0.014265144522040587,0.24147836759453198,0.01440630104832706,0.24215813366689082,0.014295541495006434,0.24206329013151423,0.014278660410038672,0.2420199129610591,0.014287002468290498,0.24298917122608274,0.014344127785131973,0.243072895923216,0.014304201772692444,0.12557138388267747,0.01566723953905834,0.1474017957588661,0.015667239539021077,0.15490933854770889
1181.0,0.2405850960644868,0.014297556896673525,0.24171305823763367,0.014377853158292615,0.24311040214314764,0.014326377676761128,0.24616035941791028,0.014392929055227122,0.25035789420328103,0.014434512866064073,0.25790656730242206,0.014480226261797338,0.243065696234123,0.014299438964353373,0.2426835982192572,0.014440438615531357,0.24338135552982626,0.014329809707998756,0.24328417116946624,0.014312832480193036,0.24323973098463722,0.014321172044136578,0.24422558447518833,0.014378723237672655,0.2443112167795759,0.014338737210553752,0.12608209239548107,0.01571481586507506,0.1480783430948288,0.015714815865037743,0.15565855891890307
1182.0,0.2417771957075082,0.014331203236680193,0.24292230958504818,0.014411974998209733,0.24434375329628696,0.014360799581277764,0.24744580885488895,0.014428390643540156,0.2517150205548286,0.014471209219931,0.259393085325432,0.014518881543903026,0.24430603031267034,0.014334003488771459,0.2439039202799283,0.014474845518810297,0.24462003326670254,0.014364347996228448,0.24452046343981312,0.014347273946200311,0.24447493852752836,0.014355611016651462,0.24547771896991522,0.014413591482103477,0.2455652986954884,0.014373544973596341,0.1265978979846321,0.015762789153481623,0.14876226472036724,0.015762789153444277,0.15641633295451077
1183.0,0.24298412962650676,0.014365114648845493,0.24414672840045548,0.014446365707047652,0.2455927524184075,0.014395492764477883,0.24874796460150864,0.014464131948170157,0.2530903598405709,0.014508195751005551,0.2609006799804649,0.014557844647998667,0.24556216453608373,0.014368840131781352,0.24513961967104253,0.014509523755747107,0.24587446324679502,0.014399158389528958,0.24577246206941206,0.014381986829264568,0.24572583008781324,0.014390321405448606,0.24674587867638426,0.014448734583520783,0.24683544680328826,0.014408627125890873,0.12711887020774887,0.015811163270735396,0.14945367450795058,0.015811163270697964,0.15718280137079466
1184.0,0.244206176615565,0.014399293083254772,0.24538660276465904,0.014481027282631863,0.246857701257622,0.014430459271320485,0.2500671591152177,0.014500155139346656,0.2544842897457425,0.014545474791329458,0.2624298195635873,0.014597118183444953,0.24683440524077407,0.014403950958479579,0.24639099023347338,0.014544475352068745,0.24714495017023919,0.0144342429462804,0.24704047047139535,0.014416973179029038,0.2469927084267164,0.014425305258560872,0.24803037617434587,0.01448415463607882,0.2481219748927937,0.014443985760551097,0.12764507999170768,0.015859942141913164,0.1501526888286202,0.01585994214187565,0.1579581081702114
1185.0,0.24544362315799068,0.01443374051742948,0.24664222878469935,0.01451596175089378,0.24813891009212666,0.014465701175529056,0.25140373454152437,0.014536462417845071,0.2558971994138516,0.014583048705869673,0.2639809875853393,0.01463670479679898,0.24812306746539,0.01443933806296599,0.2476583340440889,0.014579702362025975,0.24843180737532397,0.014469603753800275,0.24832480065045506,0.014452235073963787,0.24827588487281924,0.014460564652828453,0.24933153297764196,0.014519853763389594,0.2494252057338314,0.01447962300013466,0.12817659966641134,0.015909129751726227,0.15085942662150348,0.01590912975168863,0.15874240073937468
1186.0,0.24669676370427107,0.014468458956695294,0.2479139108871504,0.014551171166250706,0.24943669804676097,0.014501220579985267,0.25275804308530847,0.014573056015416846,0.25732948990490817,0.014620919892996397,0.26555468342450234,0.014676607172381805,0.24942847527545237,0.014475003568743126,0.24894196171867,0.014615206868781497,0.24973535716002074,0.01450524292874129,0.24962577352225684,0.01448777462176197,0.24957567964032898,0.014496101694293672,0.25064967986965847,0.014555834118930732,0.25074547141388287,0.014515540997051024,0.12871350299957612,0.015958730145557834,0.15157400946570437,0.015958730145520204,0.15953582995063234
1187.0,0.24796590096266105,0.014503450434557119,0.2492019621248819,0.014586657611994054,0.25075139342435193,0.014537019617131655,0.2541304474000167,0.01460993819522791,0.2587815746766554,0.014659090784972894,0.2671514230171688,0.014716828032857909,0.2507509621031939,0.014510949629124857,0.2502421927287984,0.014650990984804848,0.2510559311185979,0.014541162617497619,0.25094371924775954,0.014523593959743744,0.25089242216225227,0.014531918518604576,0.2519851572546288,0.014592097886462076,0.25208311369165004,0.014551741933978355,0.12925586523259794,0.01600874743052363,0.15229656165470531,0.016008747430485883,0.16033855026740804
1188.0,0.24925134620308811,0.014538717013080592,0.250506704498039,0.014622423200684359,0.25208333405263444,0.01457310044938171,0.2555213209958001,0.014647111252306869,0.26025388009028905,0.014697563848452833,0.2687717395834993,0.014757370139827291,0.2520908711034942,0.014547178427652378,0.2515593557335526,0.014687056852275374,0.2523938704940909,0.014577364996618596,0.2522789775833375,0.0145596952552678,0.25222645143924244,0.01456801729142642,0.2533383155256473,0.014628647280449863,0.2534384843675434,0.014588228024287879,0.1298037631175156,0.016059185776555344,0.15302721027334035,0.016059185776517538,0.1611507198535052
1189.0,0.2505534195751168,0.014574260783283357,0.25182846929005576,0.014658470074554689,0.2534328676476937,0.014609465269538388,0.25693104866769445,0.014684577514001356,0.2617468459421057,0.014736341584989756,0.27041618439465565,0.014798236294427981,0.25344855552680245,0.014583692178519016,0.2528937889268264,0.014723406643493829,0.25374952654759764,0.01461385227323165,0.25363189824755855,0.014596080706151841,0.25357811640505223,0.01460440020886034,0.25470951545042425,0.01466548454649914,0.2548119456719749,0.014625001512477124,0.1303572749551454,0.01611004941750898,0.1537660852774784,0.016110049417471087,0.16197250068650537
1190.0,0.251872450440766,0.014610083865531314,0.2531675974195041,0.014694800405921905,0.25480035219480407,0.01464611630122063,0.2583600269450447,0.0147223393404436,0.2632609260227212,0.014775426531555261,0.2720853275825689,0.01483942933795206,0.2548243791100753,0.01462049312700272,0.25424584040114345,0.014760042561301211,0.2551232609453441,0.014650626685472281,0.25500284130558043,0.01463275254110039,0.25494777630955356,0.014641069497871828,0.2560991285757191,0.014702611961795979,0.2562038706725559,0.014662064674611707,0.13091648063437353,0.01616134265229698,0.15451331957651443,0.01616134265225902,0.16280405867548992
1191.0,0.25320877772299993,0.014646188409944695,0.2545244398087454,0.014731416397606023,0.2561861563477478,0.014683055799298492,0.2598086645634297,0.014760399125025235,0.26479658870557,0.014814821261068407,0.27377975899545987,0.014880952152474177,0.25621871648670674,0.014657583549907946,0.25561586852894114,0.014796966839506554,0.25651544616455335,0.014687690502923323,0.2563921775722232,0.014669713020142128,0.2563358011203041,0.014678027416726568,0.2575075376516661,0.014740031835556876,0.2576146437012599,0.01469941981877535,0.1314814616727163,0.016213069846046736,0.15526904911879122,0.01621306984600874,0.16364556378324635
1192.0,0.2545627502708199,0.01468257659681184,0.2558993577702905,0.014768320283357471,0.25759065984764073,0.01472028605033708,0.26127738296049285,0.014798759294882152,0.2663543175665559,0.014854528382935144,0.27550008910224827,0.014922807661492827,0.2576319536166598,0.014694965756015492,0.2570042423623279,0.014834181743322768,0.2579264659192323,0.014725046027063296,0.25780028903475627,0.014706964435074887,0.25774257194379535,0.014715276255435178,0.2589351370770449,0.014777746509488574,0.25904466080281235,0.01473706928552996,0.13205230125814305,0.01626523543128415,0.15603341298007703,0.01626523543124604,0.16449719015318678
1193.0,0.25593472724183985,0.014719250637009934,0.257292723411947,0.014805514328293926,0.2590142539624537,0.014757809373049128,0.2627666167970656,0.01483742231138763,0.26793461203683633,0.014894550543599557,0.2772469499492119,0.014964998830584584,0.25906448823790873,0.01473264208654214,0.25841134205236643,0.014871689569811913,0.2593567156070255,0.014762695591722712,0.25922756929664376,0.014744509109920319,0.2591684814675097,0.014752818336207393,0.2603823333668674,0.014815758358255682,0.2604943302054723,0.014775015448383695,0.13262908429224174,0.016317843909144113,0.1568065534552226,0.016317843909106025,0.1653591162411839
1194.0,0.2573250785034648,0.014756212772435813,0.25870492006181794,0.014843000829344664,0.26045734194844156,0.014795628118756437,0.2642768145052387,0.01487639067065762,0.26953798809090596,0.014934890427105333,0.2790209961725822,0.015007528668072373,0.26051673034055195,0.01477061491560817,0.25983755928910823,0.014909492648337953,0.2608066027784648,0.014800641563550298,0.26067442404342,0.014782349401387321,0.26061393442407316,0.014790656013914218,0.2618495456435443,0.014854069789958907,0.2619640728156613,0.014813260714269432,0.13321189743474213,0.016370899850608602,0.1575886161531474,0.016370899850570362,0.16623152495255047
1195.0,0.25873418505366297,0.014793465276444344,0.26013634271436553,0.014880782115704278,0.2619203395348098,0.014833744671860794,0.2658084388649885,0.014915666904063847,0.27116497897226505,0.01497555075566941,0.28082290607100846,0.015050400225707146,0.2619891026648983,0.014808886650716436,0.26128329776353926,0.014947593341030142,0.26227654762988595,0.014838886342487787,0.2621412715320874,0.014820487699344766,0.2620793480787656,0.014828791676560307,0.2633372061531052,0.01489268324662167,0.2634543227378455,0.01485180752403193,0.13380082914951408,0.01642440789777232,0.15837975009528274,0.016424407897734042,0.16711460378442336
1196.0,0.2601624394625487,0.014831010454295326,0.26158739849877727,0.014918860549295447,0.2634036754330389,0.01487216145032417,0.26736196761121456,0.014955253578758371,0.2728161359591542,0.015016534290266328,0.28265338274222324,0.015093616599363752,0.2634820412250582,0.014847459733237953,0.26274897365280364,0.014985994043254342,0.2637669835215207,0.014877432362255241,0.26362854310546285,0.014858926427303127,0.2635651527418987,0.014867227745765129,0.26484576080803274,0.014931601204687448,0.26496552782124627,0.014890658352924762,0.13439596975200216,0.016478372765137448,0.15918010781763414,0.016478372765099048,0.16800854497376935
1197.0,0.26161024633600793,0.014868850643609965,0.26305850717096896,0.014957238525240588,0.2649077918723809,0.014910880906158452,0.2689378940730803,0.014995153298208896,0.27449202917309495,0.015057843831225267,0.2845131552885171,0.015137180929751491,0.2649959958595653,0.01488633663890969,0.26423501613012873,0.015024697184094358,0.26527835752231843,0.014916282090844645,0.26513668373298765,0.014897668042906457,0.2650717923075275,0.014905966677254166,0.26637566975833427,0.01497082617552643,0.2664981502350357,0.014929815711118519,0.13499741145824207,0.01653279924093747,0.15998984547661999,0.016532799240899006,0.1689135456513206
1198.0,0.2630780228026828,0.014906988214835788,0.2645501016307356,0.01499591847234338,0.26643314516315075,0.01494990552592489,0.27053672784779526,0.015035368702744455,0.27619324843304716,0.015099482218839165,0.28640298009609605,0.015181096403139223,0.26653143081077496,0.014925519878341356,0.26574186790093135,0.015063705226842755,0.2668111309830868,0.014955438031024478,0.2666661525796801,0.01493671503843416,0.26659972482019234,0.014945010961359381,0.2679274079926715,0.01501036070595247,0.2680526670738696,0.014969282144217097,0.13560524843547575,0.01658769218849182,0.1608091229588449,0.016587692188453372,0.16982980800168257
1199.0,0.2645661990257556,0.014945425571721465,0.2660626284655008,0.015034902853579505,0.2679802062895542,0.014989237831244104,0.27215899551099926,0.015075902470111575,0.27792040415835034,0.015141452333985972,0.2883236421938489,0.015225366252095699,0.2680888253347811,0.014965011997532173,0.26726998576678174,0.015103020669501805,0.2683657801398545,0.014994902720854108,0.2682174236049846,0.014976069941312266,0.2681494230713702,0.014984363123530258,0.2695014659714031,0.015050207378750569,0.26962957099558926,0.01500906023378599,0.13621957685442074,0.01664305654759126,0.16163810399499423,0.01664305654755263,0.17075753942995378
1200.0,0.266075218741064,0.01498416515180015,0.2675965485224311,0.015074194166597218,0.2695494615339501,0.015028880379315417,0.27380524136629214,0.015116757316042805,0.2796741283238346,0.015183757098762433,0.29027595669741246,0.015269993756245591,0.269668674343876,0.015004815578398313,0.2688198412189438,0.015142646045293494,0.2699427967492854,0.01503467873420832,0.26979098619341385,0.015015735314635091,0.2697213752276258,0.015024025724855039,0.27109835029367724,0.01509036881321475,0.2712293708932964,0.015049152597890691,0.13684049494327757,0.01669889733591464,0.16247695627802675,0.01669889733587597,0.17169695273513594
1201.0,0.26760553982314966,0.015023209426883788,0.26915233751060647,0.015113794944228329,0.2711414131345333,0.015068835763447133,0.27547602823634826,0.015157935994836391,0.2814550754707195,0.015226399477131383,0.29226077034514325,0.015314982243040955,0.2712714890836239,0.015044933239310925,0.27039192106337845,0.015182583923181277,0.27154268875826054,0.015074768681312306,0.27138734581904267,0.01505571375769818,0.27131608549241804,0.015064001362591827,0.2727185844006966,0.015130847665697012,0.27285259260392114,0.015089561891645568,0.13746810304355522,0.016755219650479544,0.1633258515858608,0.016755219650440772,0.17264826629068455
1202.0,0.26915763488105154,0.015062560903565513,0.27073048663523647,0.015153707755009063,0.2727565799786402,0.015109106613597718,0.27717193829857434,0.015199441299946792,0.28326392377727533,0.015269382475582544,0.294278963132975,0.015360335088549022,0.27289779784676527,0.015085367635644603,0.27198672807923513,0.01522283690840047,0.27316598100981526,0.015115175209288123,0.27300702474604666,0.015096007906540358,0.27293407480378723,0.015104292670711322,0.2743627093176044,0.015171646630167176,0.2744997796557636,0.015130290807774923,0.13810250366774438,0.016812028669125238,0.16418496590876488,0.016812028669086425,0.17361170423255806
1203.0,0.270731991885699,0.015102222123734238,0.27233150326593325,0.015193935203710861,0.274395498333958,0.015149695596927087,0.2788935739682148,0.01524127606458862,0.28510137619349574,0.015312709143805522,0.29633145005598355,0.015406055718257174,0.27454814672646427,0.01512612146033782,0.27360478171299274,0.015263407643001173,0.2748132159878603,0.015155901002710862,0.27465056276765554,0.015136620434498973,0.27457588157027324,0.015144902320449561,0.2760312844365092,0.015212768438784012,0.27617149405755503,0.015171342077183333,0.13874380155895286,0.016869329652031056,0.16505447958164612,0.0168693296519922,0.17458749665511689
1204.0,0.2723291148309113,0.015142195665097452,0.273955911641283,0.015234479931883604,0.276058722620214,0.015190605418360119,0.2806415588322798,0.015283443162351995,0.286968161644505,0.015356382575378713,0.29841918296506154,0.015452147607894364,0.2762231004114408,0.0151671974444632,0.2752466188105887,0.015304298806400957,0.27648495460322686,0.015196948784177638,0.27631851798604673,0.015177554052773778,0.27624206244757,0.01518583302087233,0.2777248883434574,0.015254215862477992,0.2778683171318693,0.015212718469540053,0.13939210375256295,0.016927127943269515,0.16593457742150078,0.016927127943230556,0.17557587981528805
1205.0,0.27394952443026377,0.015182484141716154,0.27560425361211294,0.015275344618407323,0.2777468262240113,0.015231838821160538,0.2824165386377578,0.015325945507830547,0.28886503630760274,0.01540040590847071,0.3005431525479242,0.015498614284269786,0.2779232430258487,0.015208598357811163,0.2769127943900736,0.015345513115948325,0.2781817770238481,0.015238321314886645,0.27801146763599455,0.015218811511004517,0.2779331931587188,0.015227087519451215,0.27944411969230576,0.01529599171154602,0.2795908503958904,0.015254422793873615,0.14004751964000972,0.016985428972396164,0.16682544887022432,0.01698542897235716,0.17657709634539845
1206.0,0.27559375885208154,0.015223090204549868,0.27727708942596835,0.015316531980056995,0.27946040235975383,0.015273398587516645,0.28421918233796584,0.015368786057262182,0.2907927849685694,0.015444782326557256,0.3027043904446094,0.01554545932613015,0.27964917901697295,0.015250327009483538,0.2786038824574727,0.015387053327499345,0.27990428355206026,0.015280021395228754,0.2797300089551388,0.015260395597858191,0.2796498693606942,0.015268668602650637,0.28118959812872,0.015338098836258019,0.28133971649276684,0.015296457899178821,0.14071016103472309,0.01704423825607676,0.1677272881430596,0.017044238256037684,0.1775913954751232
1207.0,0.27726237449515007,0.015264016542011807,0.2789749985556486,0.015358044772078002,0.2812000649798128,0.015315287539139784,0.28605018320121534,0.015411967809183661,0.29275222246308624,0.015489515059152633,0.30490397150849574,0.015592686365034423,0.28140153409396984,0.01529238624850078,0.2803204768688225,0.01542892223600389,0.28165309555226364,0.015322051865391286,0.28147476010420414,0.01530230914163053,0.2813927075606676,0.015310579096527017,0.28296196526780426,0.015380540127475783,0.2831155601771334,0.015338826675036228,0.141380142240389,0.017103561399752266,0.16864029438294614,0.017103561399713058,0.17861903326301123
1208.0,0.27895594680786184,0.015305265880537289,0.28069858057475955,0.015399885788773198,0.2829664497373313,0.015357508537873816,0.2879102599862127,0.015455493805097783,0.29474419520979567,0.015534607382556662,0.3071430162250399,0.015640299086247488,0.28318095622129713,0.01533477896442043,0.28206319224150117,0.01547112267610501,0.2834288564324499,0.015364415605973345,0.2832463611405178,0.015344555010856901,0.28316234608533375,0.015352821867340823,0.28476188572911865,0.015423318517284935,0.28491904935855933,0.015381532052244703,0.14205758012156564,0.017163404099343856,0.16956467182103357,0.01716340409930463,0.17966027283810132
1209.0,0.2806750711537137,0.01534684098516139,0.28244845608348074,0.015442057864101725,0.28476021500540744,0.01540006448631726,0.2898001581891704,0.015499367130154736,0.2967695828420687,0.015580062620616949,0.3094226933015489,0.01568830122965381,0.28498811667062574,0.015377508087968717,0.2838326649183158,0.0155136575227504,0.28523223268338577,0.015407115538613722,0.28504547504863925,0.015387136114938449,0.28495944610702084,0.015395399822180062,0.28659004823316964,0.015466436979639118,0.28675087620709605,0.01542457700346603,0.14274259417679153,0.017223772142998212,0.1705006299436736,0.01722377214295882,0.18071538465212258
1210.0,0.2824203637263971,0.015388744660109806,0.2842252676881115,0.015484563872290665,0.2865820429565841,0.015442958328459027,0.2917206513678228,0.015543590913847322,0.2988292999461651,0.015625884145507123,0.3117442224427414,0.015736696590689346,0.28682371113543526,0.015420576591685348,0.2856295539880278,0.015556529691815556,0.2870639149795657,0.015450154626632904,0.28687278883217254,0.015430055404779142,0.2867846927306709,0.015438315909597296,0.2884471667637862,0.015509898531018005,0.2886117583253599,0.01546796454388299,0.14343530661425885,0.017284671412873837,0.17144838366619716,0.01728467141283442,0.18178464674287137
1211.0,0.28419246251784286,0.015430979749400943,0.28602968103812404,0.015527406728458096,0.28843264070705354,0.015486193050325994,0.2936725425481858,0.015588168330720555,0.30092429791425834,0.01567207537852198,0.31410887732824055,0.015785489021294258,0.28868846091282435,0.015463987490580715,0.2874545423663025,0.015599742140740783,0.28892461934637803,0.015493535875686408,0.28872901467109,0.015473315873436299,0.2886387961460019,0.015481573120258873,0.29033398180123404,0.015553706231098377,0.29050243999206143,0.015511697731872191,0.14413584243020366,0.017346107886970896,0.17240815351380323,0.01734610788693143,0.18286834500934007
1212.0,0.2859920283430097,0.015473549137460962,0.2878623859248376,0.015570589389250183,0.29031274153018005,0.015529771680644486,0.2956566657203092,0.015633102601096356,0.30305556692145447,0.015718639790888073,0.31651798880983406,0.015834682430886444,0.29058311415743854,0.015507743842806837,0.2893083379414454,0.015643297869179954,0.2908150883982904,0.015537262334432858,0.2906148911494266,0.015516920556784995,0.290522492849661,0.015525174487608425,0.2922512616312044,0.015597863183439623,0.29242369348219316,0.01555577966968829,0.1448443294900601,0.017408087641004398,0.17338016580990315,0.017408087640964857,0.18396677349921706
1213.0,0.2878197459254044,0.015516455749750056,0.28972409744614863,0.015614114853489895,0.2922231061445446,0.015573697291515247,0.29767388742979867,0.01567839699181252,0.3052241380369813,0.015765580904592992,0.31897294834830564,0.015884280787355733,0.29250844721286134,0.015551848750342863,0.29119167478963925,0.015687199919663705,0.29273609265335104,0.015581337095214873,0.292531184558459,0.01556087253419569,0.29243654694242216,0.0155691230885434,0.29419980373540466,0.01564237253618195,0.29437632046967593,0.015600213504164805,0.1455608986125801,0.017470616850322508,0.17436465287231145,0.017470616850282825,0.1850802347094546
1214.0,0.28967632504769547,0.01555970255340298,0.2916155572421483,0.015657986162839678,0.29416452408198257,0.015617972999101988,0.2997251084726316,0.015724054816977875,0.3074310854804944,0.015812902293231044,0.3214752117115543,0.01593428811808025,0.2944652660262597,0.015596305359693523,0.2931053144647627,0.015731451378275505,0.29468843192965216,0.01562576329475515,0.2944786902810331,0.01560517492922554,0.2943817515071532,0.015613422044105351,0.29618043626992513,0.0156872374827611,0.2963611535186608,0.015645002427428122,0.1462856836569803,0.017533701791871414,0.1753618532176352,0.01753370179183165,0.18620903990058715
1215.0,0.2915625017721809,0.015603292557881693,0.2935375348068103,0.01570220640247833,0.29613781514164644,0.015662601964334794,0.3018112657013369,0.015770079438742878,0.30967752903570894,0.01586060758286719,0.32402630295819945,0.015984708510963907,0.29645440765261444,0.015641116862602868,0.29505004736837226,0.01577605537534193,0.2966729368299752,0.01567054411486548,0.2964582342631756,0.0156498309103245,0.2963589300735275,0.01565807452018514,0.2981940196380274,0.015732461262636284,0.29837905767031125,0.015690149677625918,0.1470188216132665,0.017597348846207582,0.1763720117743221,0.017597348846167735,0.18735350942557027
1216.0,0.29347903973624573,0.01564722881564183,0.29549082888151024,0.01574677870179026,0.2981438309367175,0.015707587393627386,0.3039333339514793,0.01581647426808581,0.31196463663463264,0.015908700452919793,0.32662781873350516,0.01603554611549802,0.2984767418554208,0.015686286496782335,0.2970266942058665,0.015821015086136928,0.2986904703214029,0.015715682783171474,0.2984706745796352,0.01569484369155586,0.2983689381761746,0.01570308372824227,0.30024144816477744,0.015778047162033487,0.3004309321324748,0.01573565853967238,0.1477604526959003,0.017661564499559308,0.17739538010475317,0.01766156449951941,0.18851397307394757
1217.0,0.2954267315283554,0.01569151442281245,0.2974762689364748,0.01579170623507066,0.3001834565408431,0.01575293253960968,0.3060923280980874,0.015863242765616646,0.3142936271270064,0.01595718463706108,0.3292814329073256,0.01608680514384509,0.3005331728113177,0.015731817546654144,0.2990361075354422,0.01586633373160111,0.3007419294172175,0.01576118257385196,0.30051690310066104,0.015740216533331654,0.3004126650134847,0.01574845292603891,0.30232365188143634,0.01582399851470487,0.3025177120803386,0.015781532346006974,0.1485107204409079,0.017726355345938413,0.1784322166368832,0.01772635534589848,0.18969077043219082
1218.0,0.29740640015072245,0.01573615251989027,0.2994947167469833,0.015836992222243784,0.302257612242171,0.01579864070187518,0.30828930525277926,0.015910388442396655,0.3166657732512204,0.01600606392413825,0.3319889015872725,0.01613848987194665,0.30262464092692537,0.015777713344110225,0.3010791734169804,0.015912014579075377,0.3028282469691671,0.015807046808393566,0.3025978472679447,0.01578595274316315,0.3024910352149574,0.015794185418389794,0.3044415984284041,0.015870318702703723,0.30464037057692755,0.01582777447737032,0.1492697718066303,0.017791728089303724,0.17948278690590716,0.017791728089263652,0.19088425126113956
1219.0,0.29941890057522824,0.01578114629244794,0.3015470680715995,0.015882639929597212,0.30436725541348175,0.015844715227744603,0.3105253671131708,0.01595791486077569,0.31908240482431977,0.01605534215911351,0.3347520685439874,0.016190604640656543,0.30475212477676095,0.015823977269286603,0.30315681316871057,0.01595806094305019,0.3049503935788416,0.01585327885636186,0.3047144719884013,0.015832055676427734,0.3046050107257137,0.01584028455792748,0.30659629508621367,0.015917011157174945,0.30679992062310235,0.015874388363596253,0.1500377572782331,0.017857689545777974,0.18054736380644845,0.017857689545737812,0.19209477589150514
1220.0,0.30146512139982756,0.015826498971856742,0.30363425444049386,0.015928652670530424,0.30651338250775256,0.015891159513044904,0.3128016624774711,0.016005825635248022,0.32154491217092357,0.016105023244024092,0.33757287108977124,0.016243153856897584,0.306916643172106,0.01587061275135441,0.30526998524020704,0.01600447618593014,0.30710937963784973,0.015899882136187326,0.3068677816552927,0.01587852873715077,0.30675559281761033,0.015886753745883036,0.30878879094514,0.015964079359163236,0.30899741734770664,0.01592137748441955,0.15081483097618664,0.01792424664591933,0.18162622785586782,0.017924246645879053,0.19332271563848022
1221.0,0.3035459866133005,0.015872213836024603,0.3057572450626166,0.015975033806319747,0.3086970311893694,0.015937977002904027,0.3151193899383088,0.016054124433324414,0.32405474981267396,0.01615511113896392,0.3404533464566822,0.016296141994845855,0.3091192573714814,0.015917623269327046,0.3074196872110503,0.01605126371881459,0.30930625750723134,0.01594686011596882,0.30905882230708714,0.015925375378804497,0.3089438242372479,0.015933596432884178,0.3110201792247772,0.01601152684043741,0.3112339603494351,0.015968745370301882,0.15160115076886163,0.017991406437049273,0.1827196674692275,0.017991406437008993,0.19456845323656552
1222.0,0.30566245747697945,0.015918294210149533,0.3079170488612942,0.016021786746899098,0.31091928261219337,0.015985171192564422,0.3174798007713394,0.016102814976424865,0.32661344044237073,0.01620560986308561,0.3433956387257549,0.01634957359713936,0.31136107344462166,0.015965012352884885,0.30960695792539245,0.016098427002294923,0.3115421238477342,0.015994216314293486,0.3112886839354441,0.015972599105123927,0.3111707915022584,0.015980816119769228,0.31329159975628096,0.01605935718433278,0.3135106962032594,0.016016495603274516,0.1523968783894544,0.01805917608563882,0.18382797924657335,0.018059176085598448,0.195832383295792
1223.0,0.3078155345328289,0.01596474346748817,0.3101147166487599,0.01606891495165625,0.3131812638567526,0.016032745628210977,0.3198842020357647,0.01615190104078887,0.32922257920945214,0.016256523495624734,0.34640200636533053,0.01640345327611573,0.31364324480276345,0.01601278358321687,0.3118328797736894,0.01614596954726798,0.3138181221135789,0.016041954301074184,0.31355850295483945,0.016020203470939173,0.31343762735821445,0.016028416358418535,0.3156042416410968,0.01610757402661044,0.3158288211453973,0.016064631817798502,0.1532021795574149,0.018127562879754075,0.18495146827316347,0.018127562879713555,0.19711491278061286
1224.0,0.31000625974820706,0.01601156503014088,0.3123513434511432,0.016116421930246736,0.31548415054006324,0.016080703907818128,0.3223339599056275,0.01620138645840581,0.3318838383464758,0.016307856176946047,0.3494748304437153,0.01645778571507636,0.3159669749095572,0.016060940593879802,0.314098581133859,0.01619389491576678,0.3161354452236855,0.016090077698404245,0.3158694648476025,0.01606819208302546,0.31574551340989493,0.01607640075260348,0.31795934610139215,0.016156181056336063,0.31818958395229685,0.016113157701644128,0.15401722410460278,0.018196574231562623,0.18609044843337047,0.018196574231522017,0.1984164615128037
1225.0,0.31223571880860024,0.016058762369853572,0.3146280709965382,0.01616431124342477,0.3178291696129698,0.016129049682014954,0.3248305032527396,0.01625127511796493,0.3345989721697052,0.016359612109612745,0.3526166235896499,0.016512575669579345,0.31833352018822736,0.01610948707167657,0.3164052389854469,0.016242206721808993,0.318495338425681,0.01613859018143036,0.3182228069994488,0.016116568600972454,0.3180956829418662,0.016124772958853492,0.32035820953906624,0.016205182016775555,0.32059428903070936,0.01616207699678806,0.1548421861063979,0.01826621767990467,0.18724524273897508,0.018266217679864048,0.1997374626998374
1226.0,0.3145050435707187,0.016106339008834968,0.31694609038007,0.016212586503890916,0.3202176023613181,0.01617778665496745,0.3273753275044695,0.016301570965826486,0.3373698224904949,0.01641179555947919,0.3558300397835598,0.016567827968762182,0.32074419314224206,0.016158426757552174,0.3187540817116899,0.01629090863226343,0.32089910236958635,0.016187495479244817,0.3206198217422602,0.01616533673806971,0.320489423944981,0.01617353668734109,0.322802186821776,0.01625458070631192,0.3230442997375866,0.016211393500330257,0.1556772440179657,0.018336500892927696,0.18841618367268,0.018336500892886954,0.2010783634902706
1227.0,0.31681541468958313,0.016154298520592653,0.31930664492125066,0.016261251377158583,0.3226507876290552,0.016226918585280827,0.32996999880185257,0.01635227800701242,0.34019832447858755,0.016464410856807624,0.3591178850734294,0.01662354751669308,0.3232003657085581,0.016207763447509158,0.32114639210584806,0.016340004367733932,0.3233480964098909,0.01623679737579526,0.3230618596224241,0.016214500262213074,0.3229280823670531,0.016222695702786533,0.32529269481656103,0.016304380979380126,0.3255410419506733,0.01626111106543027,0.15652258081596554,0.018407431670788725,0.18960361354765246,0.018407431670747914,0.2024396255578049
1228.0,0.31916806443461804,0.01620264453078616,0.3217110332304803,0.016310309582438395,0.325130125283214,0.016276449286919955,0.33261615848661735,0.016403400306220298,0.3430865130232768,0.016517462397409217,0.36248312932178395,0.01667973929375472,0.3257034728645377,0.016257500993543277,0.3235835105999845,0.016389497703463304,0.3258437421565654,0.016286499710815278,0.32555033291517804,0.016264062996829476,0.3254130656078673,0.016272253825380452,0.3278312161936925,0.01635458674742236,0.32808600791271947,0.01631123360226355,0.15737838414592176,0.018479017948425405,0.19080788488402,0.018479017948384528,0.20382172571581297
1229.0,0.3215642797112335,0.016251380718097473,0.3241606125032936,0.01635976489354125,0.32765707994278825,0.016326382630150512,0.33531552794868424,0.016454941988857434,0.3460365296439148,0.016570954643810264,0.365928919104709,0.016736408358058463,0.3282550165118011,0.016307643304597517,0.3260668387361055,0.01643939247025573,0.32838752729791915,0.016336606380774166,0.3280867194073282,0.016314028821821196,0.3279458462808875,0.016322214931728068,0.33041930352588883,0.016405201979864576,0.3306807603748693,0.016361765078998076,0.15824484647554493,0.01855126779839821,0.1920293608032719,0.018551267798357203,0.2052251565642226
1230.0,0.3240054053061632,0.016300510815121096,0.3266568020629529,0.016409621139800826,0.33023318499601845,0.016376722542499323,0.3380699138694188,0.01650690724209893,0.3490506300074487,0.01662489212644539,0.3694585919006981,0.016793559846891442,0.3308565696629433,0.01635819434753876,0.32859784290186506,0.016489692555419315,0.33098100972050876,0.016387121339847075,0.330672566473379,0.016364401674531213,0.33052796626640085,0.016372582955812003,0.3330585837107916,0.016456230705112727,0.33332693706755356,0.016412709522793174,0.15912216525430867,0.01862418943380561,0.19326841544158208,0.01862418943376447,0.20665042717083074
1231.0,0.326492847376665,0.01635003860927206,0.3292010871740681,0.016459882207015893,0.33286004693315036,0.016427473009736442,0.34088121389992,0.016559300315967935,0.35213119211803784,0.01667927944487531,0.3730756917266527,0.016851198978195987,0.3335097809597843,0.01640915814815397,0.33117805835529934,0.01654040190372816,0.3336258219542729,0.016438048600906304,0.3333094954727285,0.016415185550729246,0.3331610410835325,0.01642336188997617,0.3357507627477343,0.01650767701157223,0.3360262555302988,0.01646407102081838,0.16001054307954815,0.018697791211274302,0.19452543438315004,0.018697791211233092,0.2080980637892269
1232.0,0.3290280772058918,0.01639996794371393,0.331795023152569,0.016510552038412958,0.3355393500248434,0.01647863807687733,0.3437514228183248,0.016612125524439667,0.3552807252518857,0.01673412126903342,0.37678398640111893,0.01690933105208496,0.3362163795551456,0.01646053879216818,0.3338090935658134,0.01659152451840623,0.33632367597405083,0.016489392236534287,0.33599920649862913,0.01646638450561808,0.3358467646116886,0.01647455578593211,0.33849763090326535,0.016559545048687778,0.33878051833562584,0.016515853721295312,0.1609101878694411,0.018772081634027615,0.19580081511473188,0.018772081633986363,0.20956861061573137
1233.0,0.3316126352490844,0.016450302718306425,0.3344402397999431,0.016561634635628382,0.33827286137977247,0.01653022184920731,0.34668263921526427,0.016665387246570365,0.35850187971990366,0.016789422340500005,0.38058748664137326,0.01696796145239029,0.3389781803936615,0.016512340426285174,0.3364926349016646,0.0166430644621309,0.3390763683922787,0.016541156380057695,0.338743483513243,0.01651800265486256,0.33858691419538056,0.016526168755785237,0.34130106830403356,0.01661183902800707,0.341591618746072,0.016568061834562792,0.16182131304317138,0.01884706935503324,0.19709496750259053,0.018847069354991856,0.2110626305878484
1234.0,0.3342481354980603,0.016501046890573308,0.33713844619291533,0.016613134059713753,0.3410624364187914,0.01658222849332842,0.34967707276270044,0.016719089927650133,0.3617974575517166,0.016845187473804177,0.3844904672322459,0.017027095648248707,0.3417970899313949,0.01656456725925,0.3392304516975399,0.016695025858059882,0.3418857860816454,0.01659334522660444,0.3415441999069204,0.016570044175641445,0.34138335617030824,0.016578204973084744,0.34416305099999195,0.01666456322426748,0.3444615468480854,0.01662069963416316,0.16274413770868343,0.01892276318023312,0.19840831429320036,0.018922763180191666,0.21258070622703146
1235.0,0.3369362701943177,0.01655220447669108,0.33989143586321835,0.01666505443216065,0.343910024807455,0.01663466223822853,0.35273705212806933,0.0167732380803818,0.36517042420699075,0.016901421557755973,0.3884974905409104,0.01708673919572328,0.3446751123385963,0.01661722356293554,0.3420244017398122,0.01674741289087911,0.3447539122710321,0.01664596303418428,0.3444033245243942,0.01662251330772062,0.34423805185303386,0.01663066867389612,0.3470856575460846,0.016717721976505635,0.34739239621174206,0.01667377145795503,0.16367888685835305,0.018999172071859107,0.1997412916391391,0.018999172071817574,0.21412344052867452
1236.0,0.3396788149248085,0.016603779552499157,0.34270109240613544,0.016717399935949857,0.3468176768936084,0.016687527376374012,0.3558650336035891,0.016827836286085526,0.3686239214344731,0.016958129556808782,0.39261343269532206,0.017146897739464897,0.34761435623527825,0.016670313673451426,0.34487643721131034,0.016800229807874087,0.34768283316324644,0.016699014124792064,0.3473229282056062,0.0166754143545511,0.3471530640415887,0.01668356415789646,0.3500710761564104,0.016771319689192855,0.3503863711311587,0.01672728170924838,0.16462579157303175,0.01907630515183483,0.20109434965168002,0.019076305151793187,0.21569145790255392
1237.0,0.3424776341380216,0.01665577625453175,0.34556939556097666,0.016770174816621884,0.3497875507023745,0.016740828264826764,0.35906361052941815,0.016882889195931432,0.3721612814159965,0.01701531651245136,0.39684351279462216,0.017207577014409708,0.3506170420153641,0.01672384199227928,0.3477886111425056,0.016853480920024134,0.3506747451289181,0.01675250288553565,0.3503051908947212,0.01672875168439048,0.3501305640800509,0.016736895789494468,0.35312161249152096,0.016825360833394046,0.3534457945072593,0.01678123485796566,0.16558508923483334,0.019154171705268664,0.2024679529817019,0.01915417170522697,0.2172854051671404
1238.0,0.34533468712269794,0.01670819878107218,0.3484984278118835,0.016823383383370714,0.35282191954735526,0.016794569326384998,0.36233552359966686,0.01693840153219733,0.3757860423519568,0.01707298754463349,0.4011933255807419,0.01726878284751969,0.3536855098220556,0.016777812987431372,0.35076308442163723,0.016907170603120986,0.3537319625376594,0.01680643376978879,0.3533524093773566,0.016782529731449378,0.3531728395467256,0.016790667998974874,0.35623969814707324,0.016879849947953395,0.3565731164423343,0.016835635441828492,0.16655702374918815,0.019232781184038962,0.2038625814306999,0.01923278118399716,0.21890595260150625
1239.0,0.3482520344963544,0.01676105139323033,0.35149038156314694,0.016877030010163118,0.3559231803241368,0.016848755050749613,0.36568367215211567,0.016994378089557127,0.37950196566758676,0.017131147853222225,0.40566887807216745,0.017330521159562202,0.35682222824488175,0.016832231194635037,0.353802133422739,0.01696130329891183,0.35685692629527294,0.016860811298369298,0.3564670057137531,0.01683675299706256,0.35628230263293503,0.01684488528366772,0.3594278999208071,0.01693479164070582,0.35977092362467805,0.01689048806757022,0.16754184577656192,0.0193121432104753,0.2052787305937285,0.019312143210433334,0.2205537950588659
1240.0,0.3512318452565415,0.01681433841604293,0.35454756694995054,0.016931119136880526,0.35909386256061526,0.016903389995716483,0.3691111265560746,0.017050823736396856,0.3833130550456763,0.017189802719493236,0.41027663074731013,0.01739279796693251,0.36002980381807764,0.016887101218544455,0.3569081583179629,0.017015883516267444,0.36005221316450464,0.0169156400607427,0.35965153644406045,0.016891426050887077,0.3594614992880394,0.016899552209144263,0.3626889299448288,0.016990190589714984,0.36304194959186004,0.016945797412176142,0.16853981297441786,0.019392267581138403,0.20671691253632068,0.019392267581096433,0.22222965314606904
1241.0,0.3542764044543089,0.01686806423959903,0.3576724203530874,0.016985655270487475,0.3623366383083374,0.01695847878839494,0.3726211418286384,0.017107743416159966,0.3872235775223253,0.017248957507654882,0.41502354396807356,0.017455619383520485,0.36331099141022116,0.016942427733978187,0.360083692148901,0.017070915832375976,0.3633205459570602,0.016970924716254474,0.3629087026519419,0.016946553532125205,0.362713119216048,0.016954673410438516,0.36602565678167565,0.01704605154454008,0.3663890859728149,0.017001568224150686,0.16955119024992543,0.019473164270702267,0.2081776565075208,0.019473164270660127,0.22393427447378902
1242.0,0.35738812155673655,0.016922233320188957,0.3608675136949442,0.017040642986225,0.3656543329700568,0.017014026126453294,0.37621717262791954,0.017165142148724583,0.3912380869188046,0.01730861766640902,0.4199171304589508,0.017518991622619585,0.366668705607053,0.01699821548718437,0.36333141074147535,0.01712640489396354,0.3666648046960643,0.01702666999538671,0.3662413609839893,0.017002140150777306,0.36604000682046683,0.017010253593296856,0.36944111759590254,0.01710237932752924,0.36981539482267184,0.017057805324813696,0.17057625002400462,0.01955484343594046,0.20966150969136393,0.019554843435898264,0.2256684349824967
1243.0,0.3605695395738881,0.016976850181480003,0.3641355646041228,0.01709608692883107,0.36904993717156775,0.017070036779392474,0.3799028897931354,0.017223025031809912,0.395361449925366,0.017368788730546342,0.42496551480763334,0.017582920998885046,0.3701060332032411,0.0170544692971351,0.3666541435599237,0.017182355418541385,0.3700880388617046,0.01708288070104623,0.36965253573568746,0.017058190688919395,0.36944517320707854,0.017066297535454893,0.3729385315283255,0.01715917883514399,0.37332412217973243,0.017114513609624887,0.1716152725072837,0.01963731541982185,0.21116903799929404,0.01963731541977954,0.2274329403497606
1244.0,0.3638233450354143,0.017031919415716315,0.36747944754763867,0.017151991813787508,0.37252661980060126,0.01712651558984785,0.38368219862623143,0.01728139724241691,0.39959887520360493,0.01742947632258057,0.43017750113611636,0.01764741393033568,0.37362624693481516,0.01711119405684945,0.37005488560834926,0.017238772195681755,0.3735934808481131,0.017139561709878758,0.37314543212973694,0.01711471000201213,0.3729318093692877,0.01712281008794318,0.3765213144178612,0.01721645503931175,0.3769187129923555,0.017171698049539177,0.17266854598869666,0.019720590755717395,0.21270082690619835,0.019720590755675053,0.22922862748490377
1245.0,0.3671523789131262,0.017087445684947435,0.370902206042952,0.017208362428595525,0.3760877423527062,0.017183467474920416,0.38755925913888783,0.0173402640382998,0.4039559459340536,0.017490686154418778,0.4355626503148306,0.017712476940407264,0.37723282060259045,0.017168394734745466,0.3735368105031554,0.017295660088321133,0.3771845607777276,0.01719671797361499,0.37672345093021425,0.017171703020238096,0.37650330069816523,0.01717979617642226,0.38019309503658155,0.017274212988810007,0.38060282758460623,0.017229363692392297,0.1737363671372955,0.01980468017172261,0.21425748233296305,0.019804680171680203,0.23105636611754635
1246.0,0.37055964859893187,0.017143433722282164,0.3744070660775948,0.017265203634078907,0.3797368747439363,0.017240897427538395,0.3915385085228188,0.0173996307594726,0.4084386563074272,0.017552424029072682,0.4411313683661384,0.01777811666005304,0.38092944575835547,0.017226076376023962,0.37710328485677647,0.01735302403409368,0.38086492284009443,0.017254354520444496,0.3803902045565219,0.017229174749868577,0.3801632429795308,0.017237260802547723,0.38395773302777314,0.017332457810681254,0.38438035985418845,0.017287515664317174,0.17481904131811896,0.019889594595099,0.21583963157865788,0.019889594595056445,0.23291706048715904
1247.0,0.3740483410624652,0.017199888333172045,0.3779974508820286,0.017322520365716937,0.38347781277330223,0.017298810517848824,0.3956246861414132,0.017459502829750003,0.4130534525433934,0.017614695842409343,0.4468950080411023,0.01784433982989742,0.38472005015100674,0.017284244104083156,0.3807578841332757,0.017410869046694463,0.38463844334653485,0.017312476456423732,0.3841495348849203,0.017287130274662846,0.38391546006400673,0.017295209045366522,0.3878193387650159,0.017391194711680723,0.38825545742514966,0.01734615917119362,0.1759168829228396,0.01997534515683837,0.21744792430571883,0.019975345156795752,0.23481165114137623
1248.0,0.3776218373301156,0.017256814396722504,0.38167699722215087,0.017380317635007386,0.3873145974450319,0.017357211894641157,0.3998228613882504,0.01751988575832342,0.41780727912356164,0.01767750758494242,0.45286598597109257,0.017911153302441165,0.38860881815903686,0.01734290312196521,0.384504410159476,0.01746920021727282,0.3885092507206158,0.017371088966913535,0.3880055329532928,0.017345574757297845,0.3877640234235651,0.01735364606274472,0.39178229538341136,0.017450428979756655,0.39223254401156943,0.017405299500130672,0.17703021571602048,0.02006194319635396,0.21908303358176062,0.02006194319631124,0.23674111685152005
1249.0,0.38128372844729735,0.017314216867034,0.3854495734022981,0.017438600530860295,0.3912515363924552,0.01741610678680387,0.40413846481417354,0.017580785141374095,0.4227076310489783,0.017740865343667006,0.45905791831598597,0.017978564044321257,0.39260021347053464,0.01740205871383634,0.3883469105026569,0.01752802271585864,0.3924817476777426,0.017430197318050632,0.39196256081759134,0.0174045134408312,0.391713273840395,0.01741257709282752,0.3958512832729916,0.01751016598556477,0.3963163442885159,0.017464942020982612,0.17815937319790215,0.020149400266303016,0.22074565698193058,0.020149400266260206,0.23870647665456932
1250.0,0.3850378331093919,0.017372100774573324,0.38931929919775,0.017497374221022703,0.39529322768252273,0.017475500504812974,0.4085773229914839,0.017642206663723143,0.42776261308199287,0.017804775303937755,0.4654857784810834,0.01804657913862616,0.3966990043125331,0.017461716246500298,0.3922896999576494,0.017587341792819663,0.39656063588658164,0.017489806858252483,0.39602527584669495,0.017463951650197807,0.3957678455119689,0.017472007455533012,0.4000313073703886,0.017570411184017164,0.4005119116134631,0.017525092187900333,0.17930469898463283,0.02023772813754371,0.22243651775606954,0.020237728137500747,0.24070879203164244
1251.0,0.3888882171742456,0.017430471227575677,0.39329056796933115,0.017556643953536847,0.3994445863240101,0.017535398442256035,0.4131456976634061,0.017704156100520372,0.4329810071141003,0.017869243751391362,0.4721660812936825,0.018115205787268714,0.4009102915795904,0.01752188117094754,0.39633738442370336,0.017647162780352728,0.40075094345142853,0.01754992301975696,0.40019865778803804,0.017523894793739763,0.3999326929009563,0.017531942554080363,0.4043277276392013,0.017631170115867564,0.40482465899724973,0.017585755540918412,0.18046654720697486,0.02032693880423265,0.22415636606524858,0.02032693880418963,0.2427491692340316
1252.0,0.39283921530123694,0.017489333413478678,0.3973680712516459,0.017616415058230472,0.4037108738544864,0.017595806077390645,0.41785032982269843,0.017766639318972977,0.43837234902291083,0.017934277073915122,0.47911709906584204,0.01818445131341751,0.4052395402685984,0.017582559023938297,0.40049488749568224,0.017707491094009747,0.40505805560967884,0.01761055132019724,0.40448803898977886,0.0175843483647727,0.40421312071176785,0.017592387876552585,0.4087462931942146,0.01769244840933277,0.40926039378988943,0.017646937707578678,0.18164528292855445,0.020417044489066248,0.2259059802926694,0.020417044489023137,0.24482876176883986
1253.0,0.39689545499998075,0.017548692600389108,0.40155682615287236,0.01767669294824266,0.4080977314428057,0.01765672897473847,0.42269848947795535,0.017829662280113973,0.44394701665307146,0.017999881763663305,0.4863591162882757,0.018254323163989224,0.40969261469450796,0.017643755429624985,0.4047674801464649,0.017768332234257195,0.40948774910380087,0.01767169736421289,0.40889913822941526,0.017645317943187896,0.4086148174384784,0.017653348997496175,0.41329318060174314,0.017754251781752033,0.4138253566257989,0.017708644404591987,0.1828412825847982,0.020508057648671012,0.22768616843432368,0.0205080576486278,0.24694877305750804
1254.0,0.40106188341621607,0.017608554138583237,0.4058622059588033,0.017737483121583332,0.41261121701753595,0.017718172786717258,0.4276980320048165,0.017893231040612894,0.4497163308904536,0.0180660644191215,0.49391473138786823,0.018324828912203422,0.414275818042632,0.01770547610120984,0.4091608139395918,0.01782969178807316,0.41404623076542285,0.01773336684509928,0.41343809867451153,0.017706809197091382,0.4131438930040583,0.017714831579556837,0.41797503698066957,0.01781658604128508,0.4185262652675715,0.017770881439538495,0.1840549344438115,0.020599990979148438,0.22949776957526238,0.020599990979105063,0.24911045928169373
1255.0,0.40534379723545294,0.017668923462041367,0.41028997439887743,0.01779879116272927,0.41725784701967455,0.017780143255309633,0.4328574621475549,0.017957351754629466,0.4556926722129144,0.018132831747221627,0.5018092161550425,0.018395976260201514,0.41899593691019843,0.01776772684264241,0.413680958285143,0.017891575430580373,0.4187401809421231,0.01779556554649415,0.4181115305924757,0.017768827884481184,0.417806921100598,0.017776841375154617,0.4227990286397124,0.01787945708864954,0.42337036410150347,0.017833654712607432,0.18528663909049034,0.020692857421778205,0.23134165545784333,0.02069285742173481,0.2513151324325399
1256.0,0.40974687614760685,0.017729806090017647,0.4148463241096004,0.017860622744257787,0.4220446434835588,0.01784264621377205,0.4381860069410278,0.01802203067571087,0.4618896156158655,0.018200190565507188,0.5100709462629045,0.0184677730417309,0.4238602916063414,0.01783051355035701,0.4183344423403891,0.017953988926717686,0.4235768025100389,0.017858299344104614,0.4229265595354863,0.01783137985496392,0.42261098694822674,0.017839384228196746,0.427772896120236,0.017942870918899793,0.4283654801755473,0.017896970218378574,0.18653680993531166,0.020786670168886842,0.2332187321488629,0.020786670168843304,0.2535641635808538
1257.0,0.41427722039081794,0.017791207628646225,0.41953791992371664,0.017922983628516923,0.4269791872772142,0.017905687588382478,0.44369369907351014,0.018087274158734665,0.4683220874549226,0.0182681478043532,0.5187319199687215,0.018540227224899432,0.4288767931206018,0.017893842215049718,0.4231283022630419,0.018016938132949835,0.4285638763505073,0.017921574207474197,0.42789088085863597,0.01789447105151196,0.42756374132042796,0.017902466075831496,0.4329050166760594,0.018006833623247495,0.43352008683699583,0.01796083404764493,0.18780587374925717,0.020881442669885494,0.23512994181310473,0.020881442669841915,0.25585898638759935
1258.0,0.418941392981954,0.017853133772584795,0.42437194772515197,0.01798587966933578,0.4320696784872841,0.017969273400230495,0.44939147251867145,0.0181530886618972,0.4750065485576734,0.01833671050923807,0.527828386893049,0.01861334691499719,0.4340540078409036,0.01795771892349876,0.4280701346529557,0.018080428999018277,0.43370982433307786,0.017985396201791272,0.43301282158899723,0.017958107512261054,0.4326734618410142,0.017966092950243175,0.43820447541894536,0.018071351390924435,0.43884337623024156,0.018025252389279142,0.1890942712265653,0.02097718863748451,0.2370762646015291,0.020977188637440785,0.25820110087602755
1259.0,0.42374646734898097,0.01791559030669585,0.4293561697444935,0.018049316813774426,0.43732500512085154,0.018033409767048484,0.4552912726450382,0.01821948074875178,0.4819612089805008,0.0184058858430734,0.5374016150926754,0.018687140357392423,0.43940123130982484,0.018022149860427092,0.43316815717322066,0.018144467569732016,0.4390237810468127,0.018049771489741163,0.43830141085745516,0.018022295372351213,0.4379491227494967,0.0180302709804894,0.44368114659953806,0.01813643051109133,0.44434534216304966,0.018090231532143813,0.19040245757697039,0.021073922054088725,0.2390587206630151,0.021073922054044972,0.2605920774890914
1260.0,0.42870008120970693,0.017978583107767943,0.43449898733308645,0.018113301103914365,0.44275482152488965,0.018098102905086715,0.4614061834829576,0.018286457090293744,0.48920628108868247,0.018475681088590556,0.5474988329855831,0.018761615940500603,0.44492857256276364,0.018087141310409238,0.4384312775299049,0.018209059986801286,0.44451567576574047,0.018114706333400968,0.4437664603425906,0.018087040865810967,0.4434004745654628,0.018095006394381524,0.4493457867894737,0.018202077374790078,0.45003687515483504,0.018155777867047817,0.19173090314936617,0.021171657178381917,0.24107837228946508,0.02117165717833802,0.26303356145820567
1261.0,0.43381049769840113,0.018042118146276317,0.43980951245242766,0.018177838678692482,0.4483696382041515,0.018163359131033226,0.46775057541786225,0.018354024467097108,0.49676427930352696,0.01854610365078563,0.5581743937059506,0.018836782198830688,0.45064705090436236,0.01815269965982392,0.44386917221987876,0.01827421249071434,0.4501963264339958,0.01818020709618023,0.4494186564668885,0.01815235032748626,0.44903813536956155,0.018160305520410522,0.45521014209561445,0.01826829847694423,0.455929871856827,0.018221897888749016,0.19308009408883495,0.021270408552104696,0.24313632620492417,0.021270408552060714,0.2655272775123252
1262.0,0.4390866749322997,0.01810620148818588,0.44529764935845906,0.01824293577577677,0.45418092506349733,0.018229184863978922,0.4743402773169217,0.018422189771503377,0.5046603770034463,0.018617161059426485,0.5694912239843337,0.018912647816109917,0.4565687073662583,0.01821883139885319,0.44949237673816156,0.018339931422659012,0.4560775478260483,0.018246280244808084,0.45526966644485545,0.018218230195015627,0.4548736957724847,0.018226174789718337,0.46128707199017277,0.018335100418406865,0.46203736150138475,0.01828859819800559,0.1944505330292487,0.021370191007034467,0.24523373601042261,0.021370191006990426,0.2680750349594193
1263.0,0.4445383454428814,0.018170839296795697,0.4509741882584796,0.018308598733487853,0.460201230527991,0.018295586627429947,0.48119277802752947,0.018490960009863076,0.5129228338387315,0.018688860971621417,0.5815226385961777,0.018989221628489327,0.462706733569234,0.018285543123529195,0.45531238928405227,0.01840622322648984,0.46217227649594683,0.018312932351367512,0.4613322607276531,0.01828468701085269,0.4609198400816498,0.018292620738116584,0.4675906929048883,0.01840248990805819,0.4683736526203201,0.018355885503676093,0.1958427398237076,0.02147101967217319,0.247371804797341,0.021471019672128968,0.2706787331760106
1264.0,0.45017610718229645,0.018236037834628287,0.45685091308640463,0.018374833992765918,0.4664443195260769,0.018362571051368768,0.48832746336755173,0.01856034230483208,0.5215835103272838,0.018761211174452452,0.5943546256331451,0.019066512627833914,0.46907562131174035,0.01835284153783164,0.4613417904359262,0.018473094450741898,0.4684947157014541,0.01838017009537878,0.4676204549434237,0.01835172742433742,0.46719048672122865,0.018359650008153764,0.47413654544466965,0.018470473764953088,0.47495450400307593,0.01842376662487154,0.19725725231536834,0.02157290998115038,0.24955178794334873,0.021572909981106093,0.27334036754449625
1265.0,0.4560115281674226,0.018301803465362847,0.462940725998402,0.018441648099183913,0.47292533398659736,0.018430144874364857,0.4957658962343485,0.01863034389772526,0.5306784913154634,0.018834219587675755,0.6080887374057307,0.019144529965097995,0.47569133695856697,0.01842073345583391,0.46759438180064766,0.01854055175069404,0.4750605042055647,0.018448000265933687,0.47414967512700873,0.018419358193816706,0.4737009516446078,0.01842726935123245,0.48094178996713133,0.01853905892052168,0.48179732478698717,0.018492248493158395,0.19869462715129527,0.021675877679849864,0.2517749961063297,0.02167587767980543,0.2760620358824977
1266.0,0.4620572672599914,0.018368142655814986,0.4692577917597152,0.01850904770501055,0.4796609803377638,0.018498314945735513,0.5035321493934807,0.01870097215092713,0.5402488460804775,0.018907894266488548,0.6228457542579258,0.019223282953789743,0.4825715256516758,0.018489225803903026,0.47408534731457813,0.018608601890480726,0.4818869137610493,0.01851642976388082,0.4809369509074021,0.01848758618881769,0.4804681393386989,0.01849548562977743,0.4880254364033204,0.018608252420823333,0.48892140974040826,0.018561338154816188,0.20015544064225416,0.021779938834266568,0.25404279843330213,0.021779938834222058,0.27884594541367463
1267.0,0.46832721412420664,0.018435061977964098,0.47581770590621225,0.0185770395713215,0.48666974955513237,0.018567088227760993,0.5116532030030162,0.018772234550362945,0.550341561001727,0.01898224340436831,0.6387703145310984,0.019302781073527616,0.4897357515683477,0.01855832562295263,0.4808314417171195,0.018677251745255394,0.4889930812283423,0.0185854656040647,0.48800114242861886,0.01855641839227267,0.48751076710853286,0.018564305819457966,0.4954086156333559,0.018678061428855766,0.49634821728945727,0.018631042773150853,0.2016402896715935,0.021885109838603253,0.2563566260029505,0.02188510983855861,0.28169442033528147
1268.0,0.4748366520827372,0.018502568111028846,0.4826376914622833,0.018645630570162965,0.4939721766529975,0.01863647179795231,0.5201594221666793,0.01884413870803106,0.5610106914603377,0.01905727533598219,0.6560366954681518,0.019383033973690428,0.4972057819869391,0.018628040070751143,0.4878512117859212,0.018746508303406306,0.4964002827356318,0.01865511491761929,0.4953632081901679,0.018625861902798937,0.4948496297168324,0.01863373701146178,0.5031149015738432,0.01874849322692019,0.504101699750073,0.01870136963086328,0.20314979265655234,0.021991407423613888,0.2587179755224202,0.021991407423569205,0.28460991004441827
1269.0,0.48160244844719335,0.018570667843593413,0.48973683013445984,0.018714827686766456,0.5015911482371511,0.018706472851374844,0.5290851340297343,0.018916692364598104,0.5723187937005322,0.01913299854017283,0.6748558115417553,0.019464051477165407,0.5050059248904764,0.018698376424286685,0.49516525728163285,0.018816378668826603,0.5041322591597246,0.018725384954317515,0.5030465227993893,0.018695923937034713,0.5025079132279261,0.01870378641482735,0.5111706955090991,0.01881955521904653,0.5122086976916891,0.018772326132478593,0.20468459056567825,0.022098848665204607,0.26112841330106873,0.022098848665159848,0.28759499809252953
1270.0,0.4886432779811884,0.01863936807578466,0.4971363353497647,0.018784638021818737,0.5095522689544312,0.018777098703029797,0.5384693294581373,0.018989903392059682,0.5843387156427426,0.019209421643019465,0.6954830706338951,0.01954584358419582,0.513163432380121,0.018769342082189697,0.502796540288838,0.018886870063239438,0.5122156046158299,0.018796283084979826,0.5110772559541019,0.0187666118320322,0.5105115691900572,0.01877446135883214,0.5196056872754948,0.01889125493347672,0.5206994135542499,0.018843919806833462,0.20624534799628003,0.022207450993299287,0.26358957952632583,0.022207450993254364,0.2906524119463549
1271.0,0.49597988653107505,0.018708675821502534,0.5048598763652813,0.01885506879378694,0.51788430054288,0.01884835679029332,0.5483565215993873,0.019063779796467596,0.5971558487468324,0.019286553420979142,0.7182254799190643,0.01962842047633318,0.5217089854678694,0.018840944567217348,0.510770753876942,0.01895798982858063,0.5206802327669064,0.018867816803940854,0.5194848269861098,0.018837933047709893,0.5188897632474917,0.018845769295440205,0.5284534119154555,0.01896360002521118,0.5296079838044285,0.018916158309626997,0.20783275431620976,0.022317232200981023,0.26610319286947326,0.022317232200936028,0.29378503364349445
1272.0,0.5036354036213166,0.018778598210704968,0.5129339650684501,0.018926127341299982,0.5266196909159079,0.01892025467541738,0.558797803162976,0.019138329720726995,0.6108709707852902,0.019364402804107683,0.7434429851117248,0.019711792520494615,0.530677280116164,0.018913191528797214,0.5191167638989452,0.0190297454294397,0.5295599398293469,0.018939993731578435,0.5283024532158649,0.018909895169365875,0.527675416120879,0.01891771780181058,0.5377519256577341,0.01903659827861807,0.5389731743653182,0.01898904942603387,0.20944752487458093,0.022428210453918736,0.26867105545218933,0.02242821045387363,0.29699591144210397
1273.0,0.5116357150787197,0.01884914249174816,0.5213884201874845,0.018997821125589967,0.5357952155842722,0.018992800048091594,0.5698521567615876,0.01921356144746291,0.6256038388872625,0.019442978879366243,0.7715300275294665,0.0197959702731317,0.540107740017139,0.01898609074563662,0.5278671415089943,0.019102144455561958,0.5388930884690689,0.019012821616904593,0.5375678154917518,0.01898250591025354,0.5369058599212861,0.018990314582867863,0.5475446319546172,0.01911025761010817,0.5488392312036025,0.019062601073384748,0.21109040228648504,0.022540404300089727,0.27129505820812366,0.022540404300044534,0.3002882725773465
1274.0,0.5200099096825234,0.018920316033785564,0.5302569276656125,0.019070157732993333,0.5454527601020197,0.019066000728070076,0.5815880888966054,0.019289483401961082,0.6414977131507393,0.019522290894013413,0.802840396017781,0.01988096448451195,0.5500453889855345,0.01905965012839622,0.5370588088932841,0.019175194624411827,0.5487234437557,0.019086308340223044,0.5473238710040192,0.01905577311422211,0.5466236393522804,0.019063567473937715,0.5578812973328872,0.01918458607087744,0.5592569273462522,0.01913682130391255,0.21276215779713387,0.02265383267980856,0.27397718667754933,0.022653832679763196,0.3036655372522954
1275.0,0.5287908176500755,0.018992126329224618,0.539577721225697,0.01914314487751393,0.5556402805985339,0.01913986466786379,0.5940856788479683,0.019366104155183285,0.6587249740565311,0.01960234825908596,0.8374654006257869,0.019966786103117744,0.5605419255270294,0.01913387772243125,0.5467338271463136,0.019248903783800814,0.5591012014957143,0.019160461915851832,0.5576198522792459,0.019129704758422933,0.5568774960025739,0.01913748444344769,0.5688193086406566,0.01925959184971798,0.5702848598903835,0.019211718307568983,0.214463592731369,0.022768514936073583,0.27671952727756244,0.022768514936028196,0.307131334008415
1276.0,0.5380156637454501,0.019064580996245792,0.5493944140616154,0.01921679040345082,0.5664129904355868,0.01921439995550018,0.607439158944407,0.01944343242686056,0.6774938636753303,0.01968316055297182,0.8746869504716153,0.020053446280166084,0.5716570548134844,0.0192087817106017,0.5569403636686625,0.019323279914581458,0.5700842612467436,0.01923529049491556,0.5685125028074764,0.019204308956084423,0.5677235852608323,0.019212073595696717,0.5804252386386307,0.019335283275901113,0.5819910665144278,0.019287300414912587,0.2161955400349768,0.02288447082524435,0.2795242740951132,0.022884470825198896,0.31068951664089167
1277.0,0.5477268643159462,0.019137687781383365,0.5597570216536862,0.019291102288091205,0.5778348353189914,0.01928961481735378,0.6217601706107199,0.019521477088665903,0.6980559288710501,0.019764737525077295,0.9119671084402721,0.020140956374253855,0.5834601496940488,0.019284370416154446,0.5677338875195508,0.019398331133408157,0.5817398118610588,0.01931080236820784,0.580067614758522,0.019279593959356855,0.5792269901166638,0.01928734317369418,0.5927768064844336,0.01941166882213371,0.5944550512588719,0.0193635761000703,0.21795886591487024,0.023001720528059568,0.2823937362557899,0.023001720528013966,0.3143441828475781
1278.0,0.5579730061045338,0.019211454562170997,0.5707232275509008,0.019366088644471327,0.5899803375095882,0.019365517621048062,0.6371818640210891,0.019600247167469543,0.7207124536724239,0.01984708909959268,0.9442125076565241,0.020229327956130336,0.5960323331139895,0.019360652305677774,0.5791786555315483,0.019474065695568622,0.5941463171801721,0.019387005969127184,0.5923619533950604,0.01935556816223013,0.5914636149444926,0.019363301562071944,0.6059653436937016,0.01948875710758989,0.6077703339866095,0.019440553983774207,0.21975447158575084,0.02312028466101086,0.2853303459275535,0.023120284660965162,0.3180996948275127
1279.0,0.5688100558584043,0.019285889349853678,0.5823599593055794,0.01944175772420724,0.6029369124820664,0.019442116878430442,0.6538640070458351,0.019679751848677856,0.7458146999059418,0.019930225379356268,0.9655980810806972,0.020318572813604018,0.609469099312515,0.0194376359921328,0.5913495703707924,0.01955049199788662,0.6073960136220465,0.019463909876687436,0.6054856763223208,0.019432240103525563,0.6045225655849946,0.019439957290069795,0.6200989031723252,0.019566556901020823,0.6220476650896178,0.019518242836477788,0.22158329513162917,0.023240184288084623,0.28833666702583977,0.02324018428803877,0.32196070207688654
1280.0,0.5803028642478796,0.019361000292168324,0.594745361211716,0.019518117920397166,0.6168077875629546,0.019519421248625247,0.6719991851464965,0.019760000479661238,0.7737437410467609,0.020014156649824106,0.9736079328566116,0.02040870295658648,0.6238836181312785,0.019515330237961485,0.6043345143989551,0.01962761858169874,0.6215980581895655,0.01954152281860565,0.6195453823069439,0.019509618469963994,0.6185091484797011,0.019517319034597698,0.6353061728195795,0.019645077123944202,0.6374190695086749,0.019596651581550804,0.22344631349133298,0.023361440932885884,0.29141540469463817,0.023361440932839997,0.3259321666675734
1281.0,0.5925270460743248,0.019436795676193604,0.6079712741418569,0.01959517777059765,0.6317156771985872,0.019597439541163397,0.6918198625473648,0.019841002573269848,0.8048330129050328,0.020098893383145935,0.9705611685228372,0.020499730622277532,0.6394108874139768,0.019593743958275355,0.6182372890860575,0.019705454135907744,0.6368824882616433,0.019619853674469064,0.6346679483904704,0.0195877120993138,0.6335486460497001,0.019595395623377126,0.6517413579269365,0.0197243268539176,0.6540428811069757,0.01967578929855884,0.22534454457799238,0.023484076591159225,0.29456941564754957,0.02348407659111326,0.33001939133718183
1282.0,0.6055713413846754,0.019513283931273745,0.622146358818204,0.019672945959876557,0.647807379511915,0.019676180719194365,0.713605164524977,0.019922767811443486,0.839145287999492,0.02018444624235004,0.96097625411175,0.02059166828049756,0.6562128891920136,0.019672886224127172,0.6331813138944584,0.01978400750011261,0.653405154013942,0.019698911478984726,0.651005318486909,0.019666529983619497,0.649791032122491,0.01967419603816302,0.6695901297101096,0.019804315327894936,0.6721098443975764,0.01975566522662651,0.22727904954339756,0.02360811374372169,0.2978017194635811,0.02360811374367553,0.3342280507711517
1283.0,0.6195405876250036,0.019590473632015187,0.6374000204995472,0.019751431323942952,0.6652594155647481,0.019755653902779998,0.7376837810670691,0.02000530604891668,0.8759337731016125,0.020270826085644223,0.9484928990235465,0.02068452863917069,0.6744848038029477,0.019752766265866976,0.6493142460104364,0.019863287667822044,0.6713537088159257,0.019778705425312845,0.6687403461694363,0.019746081272514173,0.6674167373972578,0.01975372941804977,0.6890764758957628,0.019885051945672815,0.6918500528029478,0.019836288767889468,0.22925093519925444,0.02373357536982304,0.30111551094476174,0.023733575369776806,0.3385642265184366
1284.0,0.6345594558952907,0.019668373501361316,0.6538872906471828,0.019830642852359307,0.6842846375326862,0.019835868372275463,0.7644229754525341,0.020088627317021178,0.9126705114824198,0.02035804397083193,0.935180500500073,0.020778324649964184,0.694461982430068,0.019833393476586157,0.6668136326461304,0.019943303789748245,0.6909544596761591,0.019859244868487447,0.6880935518331666,0.01982637527661907,0.6866433507204494,0.019834005062863126,0.7104695147789776,0.019966546273425624,0.7135395970463576,0.019917669491037304,0.23126135660845462,0.023860484960951604,0.30451417365690125,0.02386048496090529,0.34303444605463745
1285.0,0.6507771085003887,0.01974699241374565,0.6717947425797666,0.019910589691835838,0.7051391332564423,0.019916833571797427,0.7941774487967277,0.020172741827591063,0.9443827743643373,0.02044611115985032,0.9220346689212265,0.02087306951408999,0.7164263658457187,0.019914777415651966,0.6858934967133296,0.020024065177188573,0.7124790506910827,0.019940539328926477,0.7093299316905041,0.019907421471030768,0.7077324671956303,0.01991503243664051,0.7340872353297789,0.020048808047334145,0.7375033869880845,0.019999817134948757,0.2333115198608127,0.023988866535100847,0.3080012947911685,0.023988866535054477,0.3476457265925422
1286.0,0.6683728770643941,0.019826339398325895,0.6913472300723722,0.019991281149610705,0.7281271128373195,0.01999855911278389,0.8271335233649241,0.02025765997697266,0.9654508995563982,0.020535039123433522,0.9094825840749926,0.02096877668827226,0.740708330448449,0.01999692781233453,0.7068111196030926,0.020105581305493832,0.7362477178047282,0.020022598496034313,0.7327629949339208,0.019989229498901473,0.7309940566676155,0.01999682117120375,0.7602886484171677,0.020131847177310674,0.7641043426235672,0.020082741612424543,0.23540268504916637,0.024118744651516554,0.3115806815031757,0.0241187446514701,0.3524056243428328
1287.0,0.6875628294880588,0.019906423642303432,0.7128144018481442,0.02007272669691844,0.7535971573257836,0.020081054777647742,0.8629118476135085,0.02034339235014074,0.9734511295023777,0.02062483954590398,0.897676951164552,0.02106545989088863,0.7676729360548332,0.02007985456953122,0.7298715493199199,0.020187861817628532,0.7626200413090177,0.02010543223189936,0.7587480874361199,0.020071809175112428,0.7567809226252702,0.020079381069824688,0.7894319469391462,0.0202156737508226,0.7936933416112592,0.020166453014017975,0.23753616946334088,0.024250144425942567,0.3152563789082026,0.024250144425895962,0.3573222900510015
1288.0,0.7086064086062406,0.01998725449432716,0.7365137029213589,0.02015493597254951,0.7819122274442508,0.02016433052352736,0.8997576451578435,0.020429949724928134,0.9705977721451914,0.02071552433009772,0.8866434219034117,0.02116313310828918,0.797661991593139,0.020163567767587702,0.7554228282479784,0.020270916527824763,0.791949446746723,0.02018905057509005,0.7876440775864347,0.020155170490046063,0.7854536114197688,0.020162722110989326,0.8217431083947697,0.02030029803681769,0.8264571054916781,0.020250961611968852,0.23971335102128918,0.02438309154638515,0.3190326899367954,0.02438309154633843,0.362404531784838
1289.0,0.7318104733461558,0.020068841467988006,0.7628007656602891,0.020237918786503526,0.8133491097557078,0.020248396486136182,0.9336099177036347,0.02051734307636872,0.9612585741622252,0.02080710560242681,0.8763513147250951,0.02126181060129909,0.830822690295455,0.020248077668223202,0.7838234130007424,0.020354755425331796,0.8244429485259825,0.020273463744551034,0.8196913416491555,0.0202393236134573,0.8172666834326877,0.020246854452261095,0.8569734711895833,0.020385730489755824,0.8620309146263383,0.020336277864242816,0.24193567195871268,0.024517612289416926,0.32291419728476034,0.02451761228937008,0.3676618861261079
1290.0,0.7575232599617702,0.02015119424540433,0.7920234845466569,0.02032168512373875,0.8478262756721165,0.020333262983715867,0.9587895771784369,0.02060558358115897,0.9489975936716721,0.02089959571808296,0.8667470656807269,0.021361506911914383,0.8666807618995775,0.020333394718559664,0.8153354069316185,0.02043938867826625,0.8598002311767968,0.02035868214360544,0.8546909523832462,0.020324278898449618,0.8520665323921068,0.02033178843424757,0.8936709965720298,0.020471981753747374,0.8987077985975502,0.020422412418679127,0.24420464280081877,0.024653733537041107,0.32690578772648043,0.024653733536994224,0.3731046991375917
1291.0,0.7860986148434109,0.020234322680901595,0.8243816389437825,0.02040624514802136,0.8842889228653581,0.020418940521095184,0.9714263855846706,0.020694682622242437,0.9358676454921514,0.020993007266389155,0.8577698657559816,0.021462236870192088,0.9033033570404134,0.020419529555259757,0.8498391149251211,0.020524826637564685,0.8964607147209407,0.020444716364062428,0.8913105796814986,0.020410046885556775,0.888626685443489,0.020417534584674473,0.9282127495405603,0.020559062666805104,0.9325149380604102,0.020509376117250695,0.24652184664223006,0.024791482794140323,0.3310126791012972,0.024791482794093316,0.3787442187416339
1292.0,0.8177817059545797,0.020318236804791258,0.8595677094397511,0.02049160920587752,0.9197416453247824,0.020505439793858368,0.9721319210470355,0.0207846517935204,0.922868955573519,0.021087353076300986,0.8493587760584786,0.02156401560134705,0.9364434338365959,0.020506493008776553,0.886198084087428,0.020611079841041508,0.9306581936781553,0.020531577190437814,0.9261139378041436,0.02049663830693507,0.9236744294486353,0.020504103622568298,0.9550659108636592,0.02064698426521091,0.9578385170448639,0.02059718000044017,0.2488889437641454,0.02493088820653152,0.33524045033089034,0.024930888206484488,0.3845927004709396
1293.0,0.8524079541606775,0.020402946827247078,0.8960218925138607,0.02057778783065129,0.9489839803074525,0.020592771692625786,0.9648157307180987,0.02087550290469155,0.9104372505060646,0.021182646222065935,0.841455705377172,0.02166685853305813,0.9604890635576083,0.020594296107718773,0.9212967847458043,0.020698159017556964,0.9568370407896063,0.020619275604287363,0.9536589159012372,0.020584064090669728,0.9518472576521586,0.020591506462553248,0.9698407342880373,0.020735757788000936,0.9707619189723456,0.020685835311735307,0.25130767662086967,0.025071978579653577,0.33959507488226737,0.025071978579606413,0.39066352895134676
1294.0,0.8887462353974395,0.02048846314228793,0.9300048646261632,0.020664791746670946,0.966992419175507,0.020680947307452086,0.9534652674671766,0.02096724798622745,0.8987328191164031,0.02127890002904287,0.8340062930387728,0.021770781402993725,0.9719588559231312,0.020682950083335327,0.9498869763316018,0.020786075091296426,0.97081962792523,0.020707822788659534,0.9693631443817384,0.020672335365197615,0.9683891516907922,0.02067975421926436,0.9723620374337376,0.020825394681575377,0.9717682004598197,0.02077535350224743,0.2537798752315613,0.025214783397912693,0.34408295815824613,0.025214783397865363,0.39697135796952415
1295.0,0.9235478365436249,0.020574796331865725,0.9560212502182487,0.02075263187352957,0.9724066344563345,0.02076997793234298,0.9406317733682885,0.021059899294485887,0.8877871818672366,0.02137612807968968,0.8269596628527881,0.021875800266564147,0.9718413278028143,0.02077246637412215,0.9671063498627558,0.020874839186167716,0.9727096100245817,0.02079723013266886,0.972708751702622,0.020761463463851503,0.9724743771643193,0.020768858211881486,0.9661634495105864,0.020915906604432648,0.9646770889734821,0.02086574623545759,0.2563074630171594,0.02535933284471258,0.3487109793771431,0.025359332844665166,0.4035322725909621
1296.0,0.9515220700976588,0.020661957170064454,0.9699432193181916,0.020841319330479814,0.9680508609693292,0.020859875069897244,0.9276307803533651,0.021153469316968213,0.8775740605137319,0.02147434421972258,0.8202675468203094,0.021981931504906016,0.9641190689854645,0.020862856630556113,0.971860288330598,0.02096446263031629,0.9661531112649302,0.02088750923619583,0.967034560464,0.02085145992952833,0.9672657609968778,0.020858829968788087,0.955355273699423,0.021007305432036702,0.9534699837417244,0.020957025392093397,0.2588924631269997,0.025505657823198732,0.35348653859859797,0.025505657823151236,0.4103639775582408
1297.0,0.9679876445658498,0.020749956627411626,0.9718653585515983,0.020930865440950155,0.9581403986567423,0.02095065043607555,0.915064201802982,0.02124797077772394,0.868043215245808,0.02157356256445439,0.8138830844056187,0.022089191833111765,0.9526407829876216,0.020954132719959835,0.9671183611691029,0.021054956960765325,0.955197205698499,0.020978671914716217,0.9564858853711973,0.020942336519487667,0.9569417595321188,0.02094968123235705,0.9427273368783631,0.021099603261818457,0.9407242366349869,0.021049203075141805,0.2615370053050241,0.0256537899777455,0.35841760966638403,0.025653789977697915,0.4174860171588745
1298.0,0.9721206435861072,0.020838805875308286,0.9653855462265656,0.021021281737183307,0.9458386240092385,0.021042315965101827,0.9031747307860117,0.021343416642908834,0.8591364444075875,0.021673797505316894,0.807759607979487,0.022197598308708384,0.9398182618917573,0.021046306731501905,0.957055656578311,0.021146333928183058,0.9425374539536368,0.02107073020426439,0.9439571384082214,0.021034105210281102,0.9444941869623659,0.021041423963871677,0.9297626682446501,0.021192812418316227,0.9277787781794262,0.021142291615001994,0.2642433333513701,0.025803761716217892,0.3635127999759734,0.02580376171617029,0.4249200329625584
1299.0,0.9670212306369235,0.02092851629057877,0.9545139393863258,0.021112579965003726,0.9329111337973943,0.021134883814501303,0.8920337633405773,0.021439820126500704,0.8507950087204987,0.021775063716574214,0.8018501690364007,0.02230716834039637,0.9268857273696263,0.021139390981335927,0.9447388605404375,0.02123860550178177,0.9295950632858396,0.021163696366534483,0.9310094397052233,0.02112677820282054,0.9315561298449958,0.02113407034858025,0.9171549131375851,0.021286945458461472,0.915250263859278,0.02123630357478217,0.2670138132420534,0.025955606233041165,0.36878141813962545,0.02595560623299336,0.4326900673629234
1300.0,0.9568129104452779,0.021019099460146944,0.9419320687149331,0.02120477208871582,0.9202088489242094,0.021228366370277574,0.8816338729369103,0.021537194696178014,0.8429628342187379,0.021877376162233307,0.7961101383522581,0.022417919697059217,0.9144058153328557,0.021233398017883567,0.9318636808392828,0.02133178387435278,0.9170316948395985,0.02125758289412499,0.9183801906546791,0.02122036792758795,0.9189045654657846,0.02122763280089495,0.905192949338494,0.021382015177012416,0.9033898475919758,0.021331251755746114,0.2698509419771229,0.02610935753311085,0.37423355082170984,0.02610935753306297,0.4408229228174189
1301.0,0.9444664657123057,0.02111056718583848,0.9290588544259474,0.021297870296138714,0.9080993666211873,0.02132277625223716,0.8719334564829421,0.021635554079368253,0.8355875388593145,0.021980750103158305,0.7905086584242872,0.022529870517050063,0.9026038336929292,0.021328340627267805,0.9192435213833139,0.02142588146744201,0.9051211564165784,0.021352402515930534,0.9063805153775074,0.021314887049990055,0.9068702421498698,0.021322123969734385,0.8939707163553274,0.021478034612141393,0.8922737336309969,0.02142714920291378,0.27275735723671984,0.02626505045658191,0.37988015025999616,0.02626505045653401,0.4493485891903156
1302.0,0.9316127400596658,0.021202931489319517,0.9165573420953336,0.021391887003780186,0.8967144592932378,0.021418126319462542,0.8628781745760328,0.021734912269468866,0.828620311974677,0.02208520110439638,0.7850556403232426,0.02264303931776936,0.8915440739716877,0.021424231838897658,0.9072280596031014,0.02152091093667019,0.8939506800040039,0.021448168202685688,0.8951152780829605,0.021410348475866425,0.8955673681700997,0.02141755674401838,0.8834916548547294,0.02157501705118161,0.8818973305327652,0.021524009210821416,0.2757358479345869,0.02642272070457244,0.3857331342856161,0.026422720704524356,0.4583007548418052
1303.0,0.9190320082244116,0.0212962046171694,0.9047033696362478,0.02148683486215794,0.8860753540424482,0.0215144296759405,0.8544110430868777,0.021835283532249953,0.8220152386177461,0.02219074504272151,0.7798281622468565,0.022757445005540843,0.8812166159579702,0.021521084931212846,0.8959411098173046,0.021616885177202835,0.8835209383284786,0.02154489317266606,0.8845932180764826,0.02150676535715129,0.8850090345863894,0.021513944258317666,0.8737193962688159,0.02167297603653695,0.8722208571944877,0.021621845329445617,0.27878936577034114,0.026582404865822237,0.39180550101861605,0.026582404865774095,0.4677174213009996
1304.0,0.9070588647634592,0.021390399046096863,0.8935860275922676,0.021582726761267584,0.8761537507372422,0.021611699676351022,0.8464768987912297,0.021936682412442222,0.8157284703514786,0.02229739811440448,0.7749414009843755,0.02287310688579952,0.8715793326550149,0.02161891343759297,0.8854007688901915,0.021713817329375173,0.8737946179952933,0.021642590897552726,0.8747805104855926,0.021604151097698705,0.8751633773737112,0.02161129989866452,0.8646021318031072,0.021771925371762316,0.8631913029809722,0.0217206713702981,0.2819210378954046,0.02674414044434903,0.39811146086520915,0.0267441404443008,0.4776416468194177
1305.0,0.8958107192189914,0.021485527488302722,0.883207574019315,0.021679575836208158,0.8669011359279344,0.021709949932021223,0.8390241177550866,0.022039123740518113,0.809717730350984,0.02240517684321706,0.770466799847463,0.022990044673600406,0.8625781324415632,0.021717731152434923,0.8755779732114923,0.0218117207844763,0.8647198153564244,0.021741275108463146,0.8656265183851618,0.021702519359273153,0.865980565594587,0.0217096373085298,0.8560841050949345,0.02187187912781853,0.8547527926355785,0.02182050141269608,0.28513418082298386,0.02690796588814427,0.4046665889990877,0.02690796588809592,0.48812245122840026
1306.0,0.8853031774653992,0.021581602896992375,0.8735320884167713,0.02177739547296465,0.8582627364108939,0.021809194317050036,0.8320050451598305,0.022142622639671608,0.8039433854678449,0.02251409808867802,0.7663876235773756,0.023108278504462655,0.8541565159865043,0.02181755213740646,0.8664246712173592,0.021910609190698805,0.8562410831605038,0.021840959802157337,0.8570759673514119,0.021801884067712506,0.8574055882443122,0.021808970394971455,0.8481108302466195,0.02197285164950812,0.8468512223142162,0.021921349810213916,0.28843231573071915,0.027073920618955687,0.4114880022017676,0.0270739206189073,0.4992159238450548
1307.0,0.8755063879872084,0.021678638472045594,0.8645089629336843,0.021876199314358184,0.850184086781981,0.02190944697461061,0.8253758106681588,0.022247194533004482,0.7983742058453418,0.022624179054549935,0.7626344816989427,0.02322782894555937,0.8462597870336052,0.0219183907278801,0.8578872501324283,0.022010496459258684,0.848304429156522,0.021941659247422408,0.8490745483985609,0.021902259419269817,0.849384196023769,0.021909313334961267,0.8406313119661178,0.022074857562099707,0.8394361315432667,0.02202323119732366,0.2918191853254551,0.027242045063204136,0.4185945648035894,0.02724204506315563,0.5109865883500356
1308.0,0.8663722044783241,0.021776647665847217,0.8560840341825595,0.021976001266164225,0.8426139918082872,0.02201072232343414,0.8190958456649153,0.022352855150925853,0.7930021479336075,0.02273543729759612,0.7591377093163213,0.023348717007267077,0.8388366276700202,0.022020261539554626,0.8499128835815093,0.02211139677069173,0.8408594251313348,0.022043387991642332,0.8415713761085319,0.022003659887137966,0.8418655510189342,0.022010680581894065,0.8335988195543996,0.02217791177814384,0.8324612884320345,0.022126160496228734,0.2952987724640904,0.027412380684085986,0.42600712955707537,0.02741238068403743,0.5235090943865007
1309.0,0.8578471314155138,0.021875644189284206,0.848204681182775,0.022076815503409605,0.8355056309290743,0.0221130350644835,0.8131274634332645,0.02245962053877124,0.78785995939171,0.022847890736606202,0.7558463432968323,0.02347096415508876,0.8318394461769681,0.022123179475270337,0.8424524597187124,0.022213324581331777,0.8338599428490876,0.022146160867560487,0.8345198877395031,0.022106100228165962,0.8348032166940647,0.022113086872287024,0.8269708966299127,0.022282029504490895,0.8258846456780256,0.022230152923899193,0.2988753207529395,0.02758497001491403,0.43374882065281123,0.02758497001486537,0.5368703259216984
1310.0,0.8498784308381434,0.021975642017915305,0.8408220601931489,0.022178656476849374,0.8288166860255558,0.022216400187821506,0.8074363463738876,0.022567507064651503,0.7830104519531497,0.022961557661700206,0.7527263275372613,0.023594592321963228,0.8252241734445616,0.022227159732024458,0.8354617730588852,0.022316294629977855,0.8272641753433112,0.02224999300023987,0.827877899014073,0.02220959548977072,0.8281552530319607,0.022216547232676555,0.820708970646654,0.02238722624951587,0.8196679686907427,0.02233522399931514,0.3025533573813165,0.02775985669375281,0.44184536784025064,0.02775985669370399,0.5511720417115819
1311.0,0.8424169289531059,0.02207665539831854,0.8338919779801969,0.02228153891963376,0.8225090407271123,0.022320832979681765,0.8019947494505637,0.022676531427536502,0.7784987421718634,0.023076456743921683,0.7497548463568167,0.0237196239209768,0.8189498809579763,0.02233221780819283,0.828901805633369,0.022420321944755822,0.8210342740682969,0.022354899814228533,0.8216072347419884,0.022314161017053417,0.8218838800822589,0.022321076986715576,0.8147779239172275,0.022493517830556014,0.8137764469852131,0.022441389550924114,0.30633771848426566,0.027937085499408234,0.4503255028551455,0.027937085499359353,0.5665341929388814
1312.0,0.8354181363529151,0.02217869885462299,0.8273750415069958,0.02238547785416903,0.816548407571388,0.022426349029748445,0.7967893649878253,0.022786710665584402,0.7743176054000782,0.023192607045130067,0.7469159768336884,0.023846081858492234,0.8129787990253706,0.022438369510966935,0.822738581124208,0.02252542185018106,0.8151359292915235,0.0224608970409378,0.8156733036578501,0.022419812460125855,0.8159550676333278,0.022426691762483426,0.8091461601626221,0.022600920381571764,0.8081788825572509,0.022548665724321768,0.31023357737538276,0.028116702388831946,0.45922143223116607,0.028116702388782954,0.5830990934609448
1313.0,0.8288424599029329,0.02228178719522982,0.821236382895749,0.022490488599180247,0.8109041067135783,0.022532964238651264,0.7918291428366232,0.022898062164723298,0.7704216522788748,0.02331002802820329,0.7441979960774644,0.02397398954771098,0.8072781281228172,0.022545630964012103,0.8169427973341034,0.02263160997443038,0.8095383819355116,0.02256800072623859,0.8100450317305348,0.02252656578165483,0.8103383498138997,0.02253340750001047,0.8037870551532611,0.022709450361037307,0.8028495128892454,0.022657068990163388,0.3142464760450609,0.02829875453600742,0.4685694042846043,0.028298754535958443,0.6010366369294596
1314.0,0.8226549719931584,0.022385935519731795,0.8154451430752341,0.022596586776981866,0.8055492615281823,0.02264069482568565,0.7871368542421545,0.02301060366749617,0.7667611406479968,0.023428739567561228,0.7415918025602043,0.024103370922684865,0.8018259978685717,0.022654018615355084,0.8114889874010853,0.022738902256829032,0.8042156320852714,0.02267622723828717,0.8046957616089937,0.02263443726463232,0.8050072213650561,0.022641240459030085,0.7986825961407497,0.022819124560066156,0.797772192855361,0.02276661615231179,0.3183823603840755,0.028483290372386283,0.47841039286953646,0.028483290372337235,0.620550729211716
1315.0,0.8168249603753256,0.02249115922603452,0.8099737134888038,0.022703788320964525,0.8004617635446533,0.02274955733676331,0.7827242057272359,0.023124353282176612,0.7632975489195225,0.023548761960023725,0.7390899976896823,0.024234250452796466,0.7966211219184802,0.02276354924550921,0.806353266620174,0.022847314955560465,0.7991494026877553,0.02278559327558399,0.7996057150147774,0.022743443520377833,0.7999404648116841,0.022750207226960847,0.7938266440438788,0.02292996011078577,0.7929433261472101,0.022877324356234498,0.32264761966897976,0.028670359628946027,0.4887909267509624,0.028670359628896826,0.6418869492989006
1316.0,0.8113250923548262,0.02259747401768903,0.8047964369959303,0.02281210948330454,0.7956254308430568,0.02285956865260307,0.7785769440603943,0.02323932949216586,0.7600038707626164,0.023670115936013324,0.7366863458255835,0.024366653157724134,0.7916835186778943,0.022874239975844944,0.8015083287228034,0.022956864655607156,0.7943314040027897,0.022896115875277224,0.7947643766074296,0.022853601496784007,0.7951234316204937,0.02286032472713117,0.7892201943588398,0.023041974494964697,0.7883653797261981,0.022989211097654307,0.32704913093736254,0.028860013379946762,0.4997641015778993,0.028860013379897506,0.6653409552345716
1317.0,0.8061295638564095,0.022704895911442466,0.7998876568489384,0.022921566842904362,0.7910286772527426,0.022970745997169147,0.7746643002227215,0.023355551165681998,0.7568611281138922,0.0237928226711176,0.7343754479294227,0.02450060462291241,0.7870337594430792,0.02298610827721591,0.796917317908801,0.02306756827693117,0.7897588246782424,0.023007812421718118,0.7901673536137324,0.022964928486810594,0.7905460259121558,0.02297161022725239,0.7848594482234998,0.023155185552904006,0.7840340325050208,0.023102294231465866,0.33159430899059505,0.02905230408846826,0.5113908220136802,0.02905230408841898,0.6912657869211568
1318.0,0.8012108316513066,0.02281344124501286,0.7952208189857037,0.02303217731357149,0.7866601039242087,0.023083106946366908,0.770955411785322,0.023473037565751625,0.7538554082464657,0.023916903798022814,0.7321525353535806,0.024636131015567508,0.7826692954127086,0.023099171978847453,0.7925359359618458,0.023179443082900077,0.7854247173923399,0.023120700655277143,0.7858077469920981,0.02307744213723861,0.7861974321427948,0.023084081348150425,0.7807292446187395,0.023269611492601833,0.7799326840930813,0.023216591980925252,0.33629116289339706,0.029247285653810025,0.5237413352489121,0.029247285653760603,0.720072682495992
1319.0,0.7965374130002241,0.02292312668509828,0.7907711420173348,0.023143958152445628,0.7825053105950307,0.02319666943700443,0.767425931939185,0.02359180836051311,0.7509759615103899,0.0240423814188344,0.7300133327009486,0.02477325910119829,0.778563281690745,0.023213449277498934,0.7883268332747867,0.023292506688971266,0.7813134031229777,0.02323479868143055,0.7816709360166759,0.023191160457692053,0.7820629026275336,0.023197756072764617,0.7768078316227408,0.023385270899200408,0.7760387070535512,0.023332122947124882,0.34114835999863696,0.029445013460845226,0.5368971345533279,0.029445013460795737,0.7522111544847989
1320.0,0.7920778741315138,0.023033969235627432,0.7865195444295698,0.02325692696868089,0.7785479161360337,0.02331145177602967,0.7640576788428876,0.023711883633846454,0.7482140705900437,0.024169278117797746,0.727953961940784,0.024912016260724448,0.7746818125118863,0.023328958746908303,0.7842713908956709,0.023406777071639615,0.7774047434562827,0.023350124980127025,0.7777376092832902,0.023306101829937254,0.7781254833740147,0.02331265275542371,0.7730743465505926,0.023502182744726492,0.7723310365820296,0.023448906118760937,0.3461752987184645,0.029645544431423948,0.5509533331378926,0.02964554443137442,0.7880926555094815
1321.0,0.7878086072000612,0.023145986246258174,0.7824532422008216,0.02337110173239405,0.7747722896594572,0.023427472650053134,0.7608367762129524,0.023833283896338233,0.7455623914466465,0.024297616974435686,0.7259708723308738,0.025052430508176172,0.7709960286226253,0.023445719347530432,0.7803663186678671,0.023522272577660402,0.7736798706924979,0.02346669841544512,0.7739892092850662,0.023422285017470797,0.7743691755942765,0.02342879013140798,0.7695116046511771,0.023620366398135754,0.7687925616576041,0.02356696088220716,0.35138219149740496,0.029848937077923493,0.5660216338888071,0.02984893707787391,0.8278750398046109
1322.0,0.7837166389075272,0.023259195421138013,0.7785627767039615,0.02348650078388688,0.7711647688779597,0.02354475113516618,0.7577521633697769,0.023956030096597223,0.7430145645355013,0.02442742157711744,0.7240607883244972,0.0251945305090064,0.7674841713233056,0.0235637504365781,0.7766123490473442,0.02363901193355764,0.7701231020237261,0.02358453824554971,0.7704100905112956,0.023539729175404926,0.770780151751954,0.023546187326810235,0.7661057885793375,0.023739841635671322,0.7654096035588239,0.023686307031904167,0.3567801597297394,0.030055251559052625,0.5822340463570469,0.03005525155900303,0.8709478138789397
1323.0,0.7797950605476647,0.023373614827929733,0.7748394269901903,0.023603142843153423,0.767713603889802,0.02366330670706623,0.7547946595287991,0.024080143632930647,0.7405649740860982,0.02455871603707587,0.7222206719599507,0.025338345599044004,0.7641299124880748,0.023683071778379333,0.7730081617793891,0.023757014255425524,0.7667215774123708,0.02370366413296226,0.7669873377672656,0.023658453860662457,0.7673466039413737,0.023664863868703208,0.762845530531947,0.02386062865154953,0.7621709258797043,0.023806964781076183,0.3623813427155088,0.030264549738020622,0.5997475188599118,0.03026454973797094,0.9149649581070558
1324.0,0.7760378478990647,0.023489262907115723,0.7712744705066871,0.02372104701968168,0.7644085855977664,0.023783159251499573,0.7519564048992351,0.024205646365397532,0.7382085872616742,0.024691525002892713,0.7204476966180919,0.025483905804111587,0.7609205233789682,0.023803703555059272,0.7695497966831062,0.023876299059037088,0.7634645081758179,0.02382409615515205,0.763710092184956,0.023778479042491862,0.7640583131146131,0.023784839695627478,0.7597211955985446,0.02398274806898335,0.7590669980561231,0.02392895477278816,0.3681990231836051,0.030476895243188588,0.6187496342179283,0.030476895243138905,0.9548883815752194
1325.0,0.7724381283786719,0.023606158481590714,0.7678592828211056,0.02384023282256173,0.761240707680264,0.02390432907503362,0.7492305124218339,0.02433256062825074,0.7359408392507947,0.0248258736754656,0.7187392273142498,0.025631241860335406,0.7578456355468375,0.023925666377561782,0.7662316650964777,0.023996886270268223,0.7603426083106735,0.02394585481546447,0.7605690041968572,0.023899825113314874,0.7609062914502107,0.023906135168410343,0.7567244142722666,0.024106220951557674,0.7560895336959443,0.024052298091354767,0.37424777244856317,0.03069235353132814,0.6394653958061683,0.0306923535312783,0.9840802290333618
1326.0,0.7689883625146704,0.02372432076655053,0.7645855595421363,0.023960720170908834,0.7582019069201239,0.024026836916170826,0.746610834973606,0.0244609092427853,0.7337575494453064,0.0249617878234795,0.7170928026310269,0.025780385235178418,0.754896497806171,0.024048981297021724,0.7630474612199701,0.024118796235850875,0.7573477229789506,0.02406896105439489,0.7575558566037868,0.024022512899918406,0.7578825181391566,0.024028771081327727,0.753847773243557,0.024231068814967522,0.7532311968065045,0.02417701627411517,0.38054361893777566,0.030910991953617444,0.6621647418790456,0.030910991953567588,0.9986052034568439
1327.0,0.7656808493000764,0.023843769379691765,0.7614454673177034,0.024082529404617147,0.7552848761399584,0.024150703956817534,0.7440918073031592,0.024590715530605097,0.7316548622221599,0.02509929379940132,0.7155061163792428,0.025931368149222745,0.752065528284273,0.024173669816500352,0.7599907041554171,0.024242049734466177,0.7544725755360715,0.024193436261223614,0.7546633027479489,0.0241465636750038,0.7549797437159399,0.024152768673622673,0.7510846025793539,0.02435731363913527,0.7504853978727313,0.02430313132358747,0.3871042446646232,0.03113287982451626,0.6871693683477524,0.03113287982446641,1.0
1328.0,0.7625080711746937,0.023964524351729584,0.7584317025964333,0.024205681295451715,0.7524829421520122,0.024275951834118993,0.7416683444081581,0.024722003327327175,0.7296292069723712,0.02523841855601794,0.7139770004933771,0.026084223598737463,0.7493460237471007,0.024299753903100147,0.7570550180016186,0.024366667988190815,0.7517105859630268,0.024319302286025038,0.7518846868862643,0.024271999169106644,0.7521913535858027,0.024278149641393323,0.7484288329618223,0.024484977880718836,0.7478461471734882,0.024430665720015895,0.3939492152779047,0.03135808849366468,0.7148547326899592,0.03135808849361477,0.9927925237663555
1329.0,0.7594628558764697,0.02408660613724941,0.7555374815197273,0.02433019705849485,0.7497899901703546,0.0244026026526775,0.7393357780251436,0.02485479699673827,0.7276772698177627,0.025379189663539435,0.712503411360717,0.026238985379059783,0.7467319602092336,0.024427256000470073,0.7542342771351207,0.02449267267430925,0.7490557453893552,0.024446581452063847,0.749213929538665,0.024398841582901964,0.749511281914194,0.024404936149864307,0.7458749061054981,0.024614084486027348,0.7453079554395362,0.02455964243432728,0.4011002506516013,0.03158669142096339,0.745636396594678,0.031586691420913485,0.9810804770870378
1330.0,0.7565384347993275,0.024210035625900846,0.7527565007765953,0.024456098363957977,0.7472004075092881,0.024530678997164698,0.7370898101868694,0.02498912144542217,0.7257959688909505,0.02552163532729053,0.7110834197929743,0.02639568810882946,0.7442178590317969,0.024556199041717696,0.7515226857206521,0.024620085937506513,0.7465025367997329,0.02457529656859449,0.7466454564057372,0.02452711359990729,0.7469339555987654,0.024533150846055153,0.7434177166989451,0.024744656904358602,0.7428657714426495,0.024690084941511543,0.40858154467305674,0.03181876425500024,0.7799137612596974,0.031818764254950206,0.9674583999808781
1331.0,0.7537284645558392,0.024334834153950335,0.7500829024739162,0.02458340734937433,0.7447090271596284,0.024660203945346185,0.734926469529839,0.025125002137876197,0.7239824288589076,0.025665784406013914,0.709715202914071,0.026554367255107934,0.7417987021994003,0.024686606462745127,0.74891481237789,0.024748930402454298,0.7440458837323598,0.024705470944077806,0.7441741451469153,0.024656838399601307,0.7444542453972549,0.02466281687186347,0.7410525641387551,0.024876719101775597,0.7405149388745469,0.024822017234442224,0.416420145049979,0.03205438491499764,0.8179084365100178,0.032054384914947505,0.9533297899435065
1332.0,0.7510270360828879,0.024461023516202288,0.7475112515306043,0.024712146632184708,0.7423110697924453,0.024791201081531197,0.7328420685210701,0.025262465112135448,0.72223395608909,0.025811666430810145,0.7083970362865857,0.02671505915942316,0.7394698772769379,0.024818502216021276,0.7464055869334141,0.024879229186807062,0.741681106487942,0.02483712839983264,0.7417952728615714,0.024788039670971568,0.7420674135068762,0.02479395787757438,0.7387751032879335,0.025010295575338067,0.7382511559897934,0.024955463838154487,0.4246464067286314,0.03229363367646737,0.859270881676479,0.03229363367641724,0.9393956524314105
1333.0,0.7484286663597861,0.024588625978306022,0.7450365138586904,0.024842339322733283,0.7400020943720621,0.024923694510466114,0.7308331673014403,0.025401536995925133,0.7205480184367441,0.0259593116247394,0.7071272859165815,0.02687780106477968,0.7372271330126229,0.024951910784810797,0.7439902740155008,0.025011005914622478,0.7394038755601834,0.02497029328413629,0.7395044632222851,0.02492074162651028,0.7397690624356986,0.024926598035818318,0.7365812972838987,0.0251454113678073,0.7360704325447452,0.025090449824598796,0.43329453608268054,0.03253659326076985,0.9022979674895732,0.03253659326071982,0.9259832822251198
1334.0,0.7459282675494103,0.02471766428945985,0.742654023454619,0.024974009037687466,0.7377779646579148,0.025057708871687588,0.7288965480663122,0.02554224502336195,0.7189222312880812,0.026108750923114148,0.7059044005898597,0.027042631143674962,0.7350665353393548,0.025086857197876133,0.7416644435571621,0.025144284730222864,0.7372101658334018,0.02510499048679464,0.7372976421733699,0.025054969016672805,0.7375550952445195,0.02506076205598787,0.7344673807315463,0.02528209208284198,0.7339690496678237,0.02522700082788698,0.442403247635299,0.03278334892878524,0.942959053350254,0.03278334892873515,0.9132284539859049
1335.0,0.7435211039091665,0.024848161695530512,0.7403594405830161,0.025107179913900223,0.735634827948395,0.025193269354353138,0.7270291978324547,0.025684617052226442,0.7173543475524211,0.026260015994507807,0.7047269047183973,0.027209588527166616,0.732984424960865,0.02522336704467001,0.7394239502025853,0.0252790903125145,0.7350962205384686,0.02524124545419732,0.7351710082456333,0.025190747144818344,0.7354216902372958,0.02519647519913751,0.7324298360715439,0.025420363900705425,0.7319435301134092,0.025365143060052903,0.45201656102492194,0.03303398857892049,0.9751912981423588,0.03303398857887036,0.9011704938129848
1336.0,0.7412027544621885,0.024980141952600947,0.7381487135048632,0.025241876622728157,0.7335690957823706,0.025330401712568413,0.7252282940360164,0.02582868158182895,0.715842247988142,0.026413139262514363,0.7035933913983764,0.027378713335035956,0.7309773833646901,0.025361466491039656,0.7372649199215485,0.025415447889782967,0.7330585282688399,0.025379084204878735,0.7331210137540531,0.025328101882651884,0.7333652833850528,0.025333763293381436,0.7304653773695929,0.02556025359450324,0.729990619517528,0.025504903327344803,0.4621847736004478,0.033288602849686606,0.9942054153752098,0.03328860284963648,0.8898011828871036
1337.0,0.7389690901147996,0.025113629340964495,0.7360180526963054,0.025378124384827755,0.7315774196240321,0.025469132281230326,0.7234911887835127,0.02597446777149299,0.714383930154139,0.026568153928283295,0.7025025155162147,0.02755004670709872,0.7290422107441727,0.025501182295461024,0.7351837351964243,0.025553383254982458,0.7310938074232882,0.025518533345602955,0.7311443474436379,0.02546705968618681,0.7313825491402486,0.02547265274980965,0.728570933254111,0.025701788546972637,0.7281072722866934,0.02564630904707337,0.4729656538842987,0.03354728522709687,1.0,0.03354728522704674,0.8790899294480228
1338.0,0.7368162588754126,0.02524864867958282,0.7339639151340247,0.02551594898544377,0.7296566630775062,0.02560948799240643,0.7218153911825395,0.026122005459681658,0.7129774966984387,0.026725093993870026,0.7014529872028018,0.027723630835710354,0.7271759117520138,0.02564254182582479,0.733177013504978,0.02569292278153881,0.7291989895998826,0.02565962008799646,0.7292379124867203,0.025607647612247885,0.7294703761343989,0.025613170578944824,0.7267436256184844,0.025844996767846292,0.7262906353611679,0.02578938826503457,0.4844259136331899,0.03381013215715218,0.9963360215596162,0.0338101321571021,0.8689967491581886
1339.0,0.7347406675519633,0.025385225341024487,0.7319829893455173,0.025655376790213076,0.7278038772414825,0.025751496392271676,0.7201985498613056,0.026271325183792726,0.7116211443886719,0.02688399428642959,0.7004435659658129,0.027899508999523297,0.7253756813172983,0.025785573076797387,0.7312415815198806,0.025834093439686324,0.7273711983863264,0.02580237226574631,0.7273988014764753,0.025749893335536247,0.7276258417150013,0.02575534440775731,0.7249807470957221,0.02598990691181219,0.7245380283350235,0.02593416967353436,0.49664303167179663,0.03407724316369681,0.9873541500267121,0.03407724316364655,0.8594789217927888
1340.0,0.7327389556383751,0.025523385266904078,0.7300721749547814,0.025796434761500727,0.7260162836124003,0.025895185658624635,0.7186384382207041,0.026422458200650426,0.7103131545179111,0.02704489048329392,0.6994730552833901,0.028077725598549205,0.7236388862678291,0.025930304687776885,0.7293744516909676,0.025976922813359414,0.7256077266915388,0.025946818352389177,0.7256242743299739,0.025893825166281702,0.7258461913785271,0.025899202497265867,0.7232797422623339,0.026136548297094577,0.7228469233739712,0.026080682630034695,0.509707520823602,0.03434872097194533,0.9759179420040162,0.034348720971895286,0.8504943315060808
1341.0,0.7308079670565802,0.02566315498384038,0.7282285583679204,0.025939150475292563,0.7242912630091358,0.02604058461900719,0.7171329434706848,0.026575436507720925,0.7090518845363287,0.02720781913796835,0.698540296939014,0.028258326190588306,0.721963044943873,0.0260767659614713,0.7275728057145053,0.02612143911766102,0.7239060178973772,0.02609298747971535,0.7239117427974389,0.026039472068500758,0.724128825196765,0.0260447737607424,0.7216381945440463,0.02628495092468174,0.72121492893423,0.02622895717645033,0.5237257482969009,0.034624671638003035,0.9636487637414938,0.034624671637952964,0.8420030544440786
1342.0,0.7289447278368437,0.025804561619954845,0.7264493907984118,0.026083552138663382,0.722626345394348,0.026187722769451336,0.7156800583089193,0.026730292865084354,0.7078357605444048,0.027372817707087365,0.6976441644657949,0.028441357529086612,0.7203458098280817,0.026224986883121814,0.7258339837470086,0.02626767121693217,0.7222636529405843,0.026240909456809746,0.7222587600976167,0.026186863678889567,0.7224712881619136,0.02619208778254901,0.7200538167671451,0.026435145498224896,0.7196397782726545,0.026379024059120685,0.5388234340383268,0.03490520468471797,0.9513799862947446,0.034905204684667866,0.8339680195484506
1343.0,0.7271464321387491,0.02594763292193227,0.7247320727895655,0.02622966860784632,0.7210191968221752,0.026336630293878404,0.714277872788454,0.026887060818193063,0.7066632701800172,0.027539924578370966,0.6967835555774033,0.028626867602486804,0.7187849556152653,0.026374998140399064,0.7241554743708676,0.026415648643444267,0.7206783410655769,0.026390614789758786,0.7206630112952528,0.026336030326374892,0.7208712597649231,0.02634117483763137,0.7185244417878451,0.026587163444637865,0.7181193206155635,0.026530914749484897,0.5551499455862219,0.035190433244233314,0.9395121238162274,0.035190433244183236,0.8263551845281483
1344.0,0.7254104323091964,0.026092397272664703,0.7230741440431888,0.02637752940692661,0.7194676037483877,0.026487338084178462,0.712924564484499,0.02704577472144846,0.7055329551892167,0.027709179099626422,0.6959573838047741,0.028814905675143172,0.7172783708405001,0.026526831143998855,0.7225349012630468,0.026565401616742597,0.7191479103841901,0.02654213470204918,0.7191223012546933,0.026487003052351504,0.7193265405909176,0.02649206591169411,0.7170480110535296,0.026741036935425164,0.7166515120055565,0.026684661465488646,0.5728834440883899,0.03548047420762347,0.9282202110640199,0.035480474207573505,0.8191334656729699
1345.0,0.7237342271008468,0.02623888370950292,0.7214732740043839,0.026527164747184043,0.7179694576388411,0.026639877760995738,0.7116183869488232,0.02720646976263368,0.7044434029664742,0.027880621608838516,0.6951645693872851,0.029005522329872014,0.7158240494843975,0.026680518048966848,0.7209700067049123,0.026716961063664387,0.71767029604633,0.026695501155686693,0.7176345402357961,0.026639813631632567,0.7178350372126092,0.026644792722090117,0.7156225613919796,0.026896798908769,0.7152344041888901,0.026840297193755063,0.5922367234424256,0.035775448382032164,0.9175644211571723,0.035775448381982246,0.8122745507251391
1346.0,0.7221154458119415,0.026387121943139427,0.7199272496247792,0.0266786055471125,0.7165227423729893,0.026794281695252085,0.7103576579356135,0.02736918198823473,0.703393236854096,0.028054293465399095,0.694404028987556,0.02919876951221431,0.7144200805255114,0.02683609177678169,0.7194586352939389,0.02687035863906179,0.7162435265494204,0.026850746873065538,0.7161977293753103,0.02679449459414428,0.7163947481311134,0.02679938773944785,0.7142462118127497,0.02705448309240784,0.7138661319149335,0.026997855712548764,0.6134630058163166,0.03607548065575029,0.9075475515506481,0.036075480655700466,0.8057526642798484
1347.0,0.7205518306296996,0.026537142377150248,0.7184339602553987,0.026831883453143048,0.7151255245377384,0.02695058303043666,0.7091407487517187,0.027533948329692456,0.7023811055770524,0.028230237082525606,0.6936746634440316,0.02939470057649379,0.7130646358339956,0.026993586038229374,0.7179987207749917,0.027025626747256885,0.71486571020832,0.027007905359618996,0.7148099481116201,0.026951079247394677,0.7150037523711436,0.026955884210072147,0.7129171518962583,0.027214124027337003,0.7125449002026014,0.02715737161556878,0.6368594951243098,0.03638070017170873,0.8981447968419024,0.036380700171658995,0.799544322245
1348.0,0.7190412209466708,0.02668897612821945,0.7169913822767692,0.026987030861099163,0.7137759446748017,0.02710881570569416,0.7079660746973414,0.0277008066306209,0.7014056721943119,0.028408495960919954,0.6929753426929368,0.029593370333751624,0.7117559579366777,0.027153035357101375,0.716588275874308,0.02718279856425981,0.7135350233570816,0.027167010927284765,0.7134693438417148,0.027109601699749554,0.7136602001376737,0.02711431617914828,0.7116336319542561,0.027375757092370202,0.7112689728793201,0.027318880336603985,0.6627629242445889,0.03669124050988858,0.8893191952049068,0.03669124050983887,0.7936280936151261
1349.0,0.7175815413600265,0.026842655047077668,0.7155975659141404,0.027144080938416602,0.7124722072416999,0.027269014479747684,0.7068320853362667,0.027869795675036748,0.7004656022933348,0.028589114723726165,0.692304886955006,0.029794835101652928,0.7104923488010444,0.027314475094750837,0.7152253825582898,0.027341908060782655,0.7122497002462398,0.02732809871881802,0.7121741223556364,0.027270096884548404,0.7123623035310641,0.027274718514783636,0.7103939537052916,0.027539418529593816,0.7100366624074657,0.02748241817508859,0.6915228669690684,0.037007239879187435,0.8810296197594936,0.03700723987913773,0.7879843776592772
1350.0,0.7161707918550249,0.026998211740181008,0.7142506244257362,0.027303067647157005,0.7112125682168366,0.027431214955687455,0.7057372531752141,0.028040955216644067,0.6995595504160765,0.028772139152844083,0.6916620429825017,0.029999152756453974,0.7092721597491952,0.02747794147554423,0.7139081801553151,0.027502990026080303,0.7110080231573468,0.027491204732990403,0.7109225370315714,0.027432600585097756,0.7111083254618786,0.027437126932922794,0.7091964596799091,0.02770514547075706,0.7088463196945506,0.027648022322595247,0.7234194444361979,0.037328841319318844,0.8732348483184947,0.037328841319269314,0.7825951989764803
1351.0,0.714807037070453,0.027155679592163938,0.7129487236927381,0.02746402576785014,0.7099953206950455,0.027595453606665803,0.704680059939699,0.028214326009218093,0.6986861434165775,0.028957616226659863,0.6910454534934681,0.030206382787135586,0.7080937816383244,0.02764347161324653,0.7126348505381865,0.027666080092655778,0.7098083108775518,0.02765636585070952,0.7097128754803382,0.027597149460577553,0.7098965660744455,0.027601578023172636,0.7080395201614852,0.027872975964633076,0.7076963221680926,0.02781573089030715,0.7584539896801703,0.03765619291336214,0.8658955508433795,0.037656192913312674,0.7774440197111039
1352.0,0.7134883924469758,0.027315092789097082,0.7116900698044244,0.027626990924199867,0.7088187793999762,0.02776176780253548,0.7036589801461625,0.02838994983813896,0.6978439595585355,0.029145594159261254,0.6904536169587583,0.030416586351806125,0.7069556339026567,0.027811103538379057,0.7114036010674435,0.027831214761864745,0.7086489043910897,0.027823619862102338,0.708543443522501,0.0277637810729005,0.7087253470964565,0.027768109275577057,0.7069215175095145,0.028042949005398173,0.7065850589944257,0.027985582937510946,0.7958928330244978,0.037989448011621525,0.8589751666399271,0.03798944801157218,0.7725155663769094
1353.0,0.7122130072094951,0.027476486342582724,0.7104728933836248,0.02779199960869016,0.7076812645051157,0.027930195837471684,0.7026724616209761,0.028567869553124826,0.6970315021405811,0.02933612244120267,0.6898848336620964,0.030629826336484763,0.7058561511465287,0.027980876226594145,0.7102126460990001,0.02799843143045846,0.7075281496807457,0.02799300549459995,0.7074125470494379,0.02793253391456634,0.7075929947655641,0.027936759108382097,0.7058408282412005,0.028215104562068546,0.7055109131953081,0.02815761850115559,0.8335080572754306,0.038328765467504015,0.8524401923283947,0.03832876546745481,0.7677956675049321
1354.0,0.7109790454853564,0.027639896114725844,0.709295430790007,0.027959089209129043,0.7065810839995973,0.028100776958621718,0.7017189021525732,0.028748129102218845,0.6962471659025827,0.02952925188189337,0.6893371322101789,0.03084616741638524,0.7047937666123782,0.028152829628108025,0.7090601868703821,0.028167768418105685,0.7064443779553786,0.028164562442071134,0.7063184719415839,0.028103447437552,0.7064978212494885,0.028107566896833903,0.7047958028222375,0.028389483609044884,0.7044722406951511,0.028331878626521402,0.8670288239807321,0.03867430988617408,0.8462601629347288,0.03867430988612496,0.7632710972356598
1355.0,0.7097846663846513,0.02780535884401669,0.7081559027462592,0.028128298036171784,0.7055165128285963,0.028273551395826498,0.7007966208505036,0.028930773567086968,0.6954891934363947,0.029725034653686366,0.6888081679497813,0.03106567611982373,0.7037668924497872,0.028327004698241613,0.7079443883741926,0.02833926499593539,0.7053958830589766,0.02833833139504758,0.7052594610867987,0.028276562083285293,0.7054381033207759,0.028280573003055465,0.7037847420774923,0.028566128157811805,0.703467345742659,0.028508405399053943,0.8913332379292624,0.03902625188679873,0.8404074799255644,0.03902625188674984,0.7589294186492115
1356.0,0.7086280021827809,0.02797291217216276,0.7070524901293151,0.02829966535186494,0.7044857666220282,0.028448560392459254,0.6999038220471032,0.02911584919968207,0.6947556174490633,0.029923524337744523,0.6882950804055541,0.03128842089488253,0.7027738966055673,0.02850344342911497,0.7068633509475939,0.028512961416144744,0.7043808946515486,0.02851435407209053,0.704233686390142,0.02845191931374767,0.7044120561379568,0.028455818807048276,0.7028058681256286,0.028745081289842583,0.702494451083516,0.02868724197740644,0.9037007146554588,0.039384768379257286,0.8348571696965128,0.039384768379208554,0.7547588186897563
1357.0,0.7075071322027432,0.02814259467191361,0.7059833052942622,0.02847323139925612,0.7034869678320879,0.028625846237434752,0.6990385485655781,0.029303403460343266,0.6940441829023298,0.030124775971770462,0.6877942901248486,0.03151447217896914,0.701813075204284,0.028682188882548157,0.7058150737791188,0.02868889894271938,0.7033975446318895,0.028692673252348436,0.7032392129659957,0.028629561643758395,0.7034177995704619,0.028633346738870632,0.7018572870639183,0.028926387190764874,0.7015516602068889,0.028868432627752953,0.9055077765111963,0.039750042856254365,0.8295866169870904,0.039750042856205835,0.7507479235462204
1358.0,0.7064200493817152,0.028314445875919275,0.704946356086491,0.028649037433115993,0.702518101951169,0.028805452298435903,0.698198619750008,0.02949348505738885,0.6933522403115789,0.030328846099689593,0.6873012052930757,0.031743902471419914,0.7008826179860297,0.02886328522422322,0.704797407094627,0.028867119883314616,0.702443823468363,0.028873332809359612,0.7022739522856181,0.028809532674489702,0.7024533142663658,0.02881320031204265,0.7009369400181535,0.029110091185843345,0.7006369080366324,0.029052022759423035,0.9002839626298975,0.040122265701843726,0.8245752956930743,0.04012226570179534,0.7468855787071532
1359.0,0.7053646165173749,0.02848850630666901,0.7039394988722978,0.02882712575182121,0.7015769606118019,0.028987423056417223,0.6973815476936905,0.02968614398827671,0.6926765971594927,0.030535792823376574,0.686809794470225,0.031976786409301426,0.699980563241644,0.029046777759161195,0.7038079890162106,0.02904766762234904,0.7015175223011304,0.02905637774615457,0.701335600306609,0.02899187712827075,0.7015163839871756,0.028995424158233897,0.7000425381314063,0.02929623977683719,0.6997478952689733,0.029238058961921897,0.8912487006431166,0.04050163451744886,0.8198045068684101,0.0405016345174006,0.7431605709302256
1360.0,0.7043385089118699,0.028664817507555746,0.7029603761218238,0.029007539730450272,0.700661066535503,0.029171804141438797,0.6965844222797944,0.029881431582403556,0.6920133077108278,0.030745675856528785,0.6863119653637109,0.03221320084657916,0.6991047377053187,0.029232712968576633,0.7028441614478076,0.029230586655365133,0.700616155296814,0.02924185423171771,0.7004215549702332,0.029176640884736992,0.7006045191463839,0.029180064063292682,0.6991714751471859,0.0294848806802981,0.6988819996692687,0.029426589043396404,0.8804989935881626,0.040888354466546616,0.8152571260656792,0.040888354466498744,0.7395612597233278
1361.0,0.7033391388143082,0.02884342207511883,0.7020063326593422,0.02919032385514619,0.6997675724554868,0.029358642369892916,0.695803751275733,0.03007940054561873,0.6913573716481296,0.030958556580786965,0.6857966822457888,0.03245322493682489,0.6982526753956271,0.02942113854816999,0.7019028563197376,0.02941592262471305,0.6997368542258255,0.029429809638869524,0.6995288045627182,0.029363871018386396,0.6997148537379237,0.029367167004675093,0.6983207081008155,0.02967606286737185,0.6980361545565492,0.02961766207061529,0.8692059032242142,0.04128263863927238,0.8109173570729015,0.041282638639224774,0.7360750755077318
1362.0,0.7023635543935399,0.029024363692514526,0.7010743020405662,0.029375523758802632,0.6988931221079916,0.029547985783185977,0.6950352348591439,0.030280105006533622,0.690702298191789,0.031174498104216238,0.6852488034808495,0.03269694021965183,0.697421506703175,0.029612103447925402,0.7009804387400539,0.029603722356617457,0.6988762231460501,0.029620292583634335,0.69865377398195,0.029553615837606267,0.6988440036968584,0.029556781190339634,0.6974865918249671,0.029869836605174813,0.6972066798939931,0.029811328410532023,0.8579724909056521,0.04168470843829939,0.8067704850044933,0.04168470843825189,0.7326878411399497
1363.0,0.7014083018533983,0.029207687164271013,0.7001606500883237,0.029563186258133724,0.6980336556331647,0.029739883687943586,0.6942734436348535,0.03048360056471287,0.690039475900479,0.03139356532226164,0.6846478833208582,0.032944430711072344,0.6966078045673184,0.029805657913482327,0.7000724866633757,0.029794033899691343,0.6980301348804608,0.029813352966161992,0.6977921093888346,0.029745924925240228,0.69798786873108,0.029748956099174908,0.6966646457788365,0.030066253499816883,0.6963890441046126,0.030007639773504773,0.8470885252686003,0.04209479398745454,0.8028026174899913,0.04209479398740727,0.7293829237955283
1364.0,0.7004692334461677,0.02939343845238486,0.6992609558481446,0.029753359392190128,0.6971841333362906,0.029934386697808252,0.6935113549579801,0.030689944340834566,0.6893572790079258,0.03161582498130244,0.6839680979276689,0.03319578299799052,0.6958073678633561,0.030001853529154136,0.6991734770246648,0.029986906564961256,0.697193441900785,0.03000904201327604,0.6969383721793891,0.029940849180762664,0.6971413509745515,0.029943742523029598,0.6958492212239241,0.030265366541148624,0.6955775240271556,0.030206649258250683,0.8366773745960256,0.04251313456464854,0.7990003974994857,0.04251313456460166,0.726140457464237
1365.0,0.6995412358607972,0.029581664713819913,0.6983697004569231,0.029946092462387768,0.6963381398160304,0.030131546776902662,0.692739686239686,0.030899195028917217,0.6886398796088672,0.031841345744935745,0.6831828154709569,0.033451086337046146,0.6950149124409554,0.030200743262670617,0.6982763354789784,0.030182390967475638,0.6963595616224783,0.030207412322722102,0.6960855998906418,0.03013844086414003,0.6962979515947832,0.03014119261042101,0.6950330225675133,0.030467230149314455,0.6947647159535341,0.0304084113986153,0.8267750281026677,0.042939979060819394,0.795350664548765,0.04293997906077285,0.7229376439407051
1366.0,0.6986178419741661,0.02977241433947338,0.697479821239392,0.03014143607411911,0.6954873153723281,0.03033141728503956,0.6919459580025197,0.031111412950710054,0.6878659584951946,0.032070198263124454,0.6822803948544311,0.033710432758053736,0.6942236271632822,0.030402381511726365,0.6973717930313116,0.030380539069567506,0.6955198811004908,0.030408517909200225,0.6952246754823207,0.030338753641455055,0.6954491912873328,0.03034135991199964,0.694206421277861,0.030671900223195003,0.6939408353048879,0.030612982212245097,0.8173718287866453,0.04337558646673315,0.791840033117833,0.043375586466686974,0.7197529968771158
1367.0,0.6976906746009252,0.029965736994674506,0.6965820735243635,0.0303394421800197,0.6946205496423943,0.030534053024757746,0.6911132708966307,0.0313266601123535,0.687008307950011,0.03230245524435907,0.6812916253975224,0.033973917172277844,0.6934245379847849,0.030606824152418603,0.6964474906130411,0.03058140422585138,0.6946629173482183,0.03061241425226027,0.6943434358197476,0.030541842632378094,0.6945837892274292,0.030544299427853427,0.693356498050495,0.030879434190832254,0.6930927413783334,0.030820419251251903,0.8084350319438662,0.04382022638962938,0.7884543526718663,0.04382022638958355,0.7165793615514133
1368.0,0.6967486594948664,0.03016168366128783,0.6956641370905793,0.030540164124968103,0.6937228907450839,0.03073951029027105,0.6902190443100555,0.03154500026342261,0.6860374891744566,0.0325381915309833,0.6803012652657562,0.0342416374858182,0.6926056204027967,0.03081412858966668,0.6954868302819659,0.030785041230032423,0.693773201846943,0.030819158346153976,0.6934254797484806,0.030747764459572103,0.6936865565714849,0.030750067656738347,0.6924658113594213,0.031089891061927243,0.6922026931741756,0.031030781654966515,0.7999230453500817,0.04427417960186729,0.7851780312868205,0.04427417960182179,0.7134442503622309
1369.0,0.6957769619537281,0.03036030668149699,0.6947094500186877,0.030743656692900283,0.692774265521857,0.030947846918423484,0.689234868627597,0.03176649895846673,0.6849361652883972,0.0327774841778479,0.6794130957879048,0.034513694718384766,0.6917506579915228,0.031024353809707517,0.6944678438531973,0.030991506363617655,0.6928300478757776,0.03102880875173414,0.6924488229446877,0.0309565773001272,0.6927371145205542,0.030958722647327103,0.6915111871610842,0.031303331482517675,0.6912471627560604,0.03124413020488088,0.7917992221684964,0.04473773862390547,0.7819933066730489,0.04473773862386041,0.7104130618649246
1370.0,0.694755734949866,0.030561659803344358,0.6936959879993132,0.030949976155524105,0.6917486520067837,0.031159122341745154,0.6881309801748493,0.03199122362117408,0.6837276034579554,0.03302041253446791,0.6786954463763177,0.03479019312776205,0.6908381177571568,0.031237560434765436,0.6933632556359478,0.03120085744661636,0.6918070422983412,0.031241425650500608,0.6913852314392637,0.03116834093911832,0.6917091275858865,0.031170324051575243,0.6904638129374234,0.03151981779193443,0.6901970851097582,0.03146052738188805,0.7840498195675627,0.04521120834414468,0.7788799135494294,0.045211208344100084,0.7075520204830045
1371.0,0.6936592791823724,0.03076579822811189,0.6925960165693207,0.031159180323024314,0.6906159471387313,0.031373397643710985,0.6868922921991356,0.03221924361128942,0.6824955192851199,0.03326705833086187,0.6781584603316335,0.03507124034028677,0.6898412224576512,0.03145381078000554,0.6921452138931233,0.03141315389032681,0.6906749935280819,0.03145707090089785,0.6902029982203532,0.03138311682539081,0.690572424871935,0.03138493318030396,0.6892944101446049,0.03173941408215337,0.689023520927889,0.031680037425928925,0.7766973662608757,0.04569490667837917,0.7758166162408284,0.04569490667833508,0.704888176240377
1372.0,0.692457727841086,0.030972778659630596,0.6913799875865421,0.031371328596855284,0.6893520192755019,0.03159073561631053,0.6855483317081691,0.03245063029442505,0.6813559303651793,0.03351750576727019,0.6777759860627346,0.03535694748767559,0.6887326924438225,0.031673168912880835,0.690801311583762,0.03162845675231031,0.6894143916652308,0.03167580809697294,0.6888794994041533,0.03160096812968347,0.6893036908416519,0.03160261306111025,0.6879905374275475,0.03196218625965832,0.6877158698496606,0.03190272639816907,0.7697835599230739,0.046189165271837286,0.7727879550332469,0.046189165271793696,0.702410943961078
1373.0,0.6911265052644329,0.031182659355607947,0.6900311284717845,0.031586482024718886,0.6879634272799164,0.03181120082004114,0.6841908540126546,0.032685457114911345,0.6803966772132932,0.03377184160795782,0.6775141302819689,0.035647429350570525,0.6875006641659142,0.03189570071498903,0.6893634127042861,0.03184682879365707,0.6880422092951162,0.03189770262951146,0.6874293965491874,0.031821959805203144,0.6879119487215815,0.03182342849871791,0.6865870291701265,0.03218820210994059,0.6863125596704263,0.0321286622458273,0.763324765226256,0.04669433024704969,0.769799359153972,0.04669433024700656,0.7000953148258694
1374.0,0.6896701787676587,0.03139550018107459,0.6885742635051079,0.03180470335783754,0.6865159456397799,0.032034859646444716,0.6829404991290297,0.03292379967184248,0.6796412491749837,0.034030155279319095,0.6773442865107189,0.03594280450918611,0.6861768218616991,0.032121473946568994,0.6879228766631246,0.032068334538658934,0.6866354378179099,0.032122821749773545,0.6859318961040797,0.03204615865077107,0.6864663192231787,0.03204744613789015,0.6851805990927807,0.0324175313647675,0.6849132429750551,0.03235791486979144,0.7572930191139302,0.04721076300107088,0.766891688939824,0.04721076300102832,0.6979171354099313
1375.0,0.6881515563455032,0.031611362664047696,0.6870964209541555,0.032026057110631924,0.6851256431386138,0.03226178038331531,0.6818839763929192,0.03316573579848127,0.6790650488538826,0.034292538972515677,0.6772453503874462,0.036243195501472744,0.6848502304450236,0.03235055831376321,0.6865961949936052,0.03229304033700525,0.6853105422625339,0.03235123463595984,0.684512558404125,0.032273633376672196,0.6850842137434218,0.032274734529031644,0.6838922832428072,0.03265024577235863,0.6836383350064656,0.03259055619516214,0.7516370553458964,0.04773884105588878,0.7641283247934606,0.047738841055846866,0.6958575916817724
1376.0,0.6866857511177118,0.03183031005352433,0.6857187478432268,0.032250609622923,0.6839020196144978,0.03249203328270975,0.681040357925822,0.03341134564519937,0.6786293279731235,0.03455908775089672,0.6772023630677176,0.03654872898923713,0.6836330703972152,0.03258302553878871,0.6854643322535172,0.032521014428627315,0.6841639251601422,0.03258301246254428,0.6832798151958126,0.03250445467334033,0.6838730823971668,0.032505364196614435,0.6828045062860739,0.03288641917061684,0.6825664949676166,0.03282666024487097,0.746306235831197,0.048278958966204065,0.7615544199707688,0.048278958966162744,0.6939029893802877
1377.0,0.6853848223772987,0.03205240737991509,0.6845339496754158,0.03247842912478498,0.6828945786508568,0.03272569063190496,0.6803810990403805,0.0336607117661344,0.678299690882015,0.03482989966245837,0.6772046956797703,0.03685953593268912,0.6826024158472838,0.03281894943316521,0.6845422244127706,0.032752327011326604,0.6832284878616007,0.032818228472620364,0.6822746382814392,0.032738695283023214,0.6828787699218531,0.03273940771057108,0.6819312820992347,0.03312612756357263,0.6817080932130252,0.03306630321653359,0.741259482105655,0.048831529289139045,0.7591756962348453,0.04883152928909838,0.6920434759357728
1378.0,0.6843023326867989,0.03227772151804149,0.6835672893515498,0.032709585804178404,0.6820906023965246,0.0329628268274497,0.6798650304150545,0.03391391920976189,0.6780503537762268,0.03510507585762496,0.6772445944459777,0.03717575177391692,0.6817720530394102,0.033058405974152244,0.6837998893057775,0.032987050311322326,0.6824829985267279,0.03305695805341245,0.6814768967757527,0.03297643007458152,0.6820862150059925,0.03297693976080628,0.6812413672966987,0.03336944920120427,0.6810304715232985,0.0333095635627014,0.7364651663039263,0.049396983620853555,0.7569726080596704,0.04939698362081361,0.6902718792149691
1379.0,0.6834277387004339,0.032506321252821276,0.6827921939391453,0.03294415187750782,0.681450114821259,0.033203518452471124,0.679456384658536,0.03417105561359049,0.6778629831803165,0.03538472071264376,0.6773161615168297,0.03749751662983105,0.6811133835687319,0.033301473384565884,0.6831963607826355,0.033225258656870926,0.6818872111689604,0.03329927881511657,0.6808433489815554,0.03321773612157878,0.6814549544960387,0.03321803723498511,0.6806929059924473,0.033616464662810985,0.6804918992054714,0.03355652207469149,0.731898747514376,0.049975773705510484,0.7549202001814583,0.04997577370547122,0.688582869708835
1380.0,0.6827208716590463,0.03273827734778126,0.6821663599617539,0.03318220166324822,0.680933000372912,0.033447844357402536,0.6791285529124781,0.034432211303197784,0.6777245677859569,0.03566894195891065,0.6774146498771213,0.0378249754951459,0.6805875597482283,0.03354823221614696,0.6826965886949511,0.03346702855511181,0.6814038791956928,0.03354527067324228,0.6803330424171299,0.03346269278383597,0.6809452325523546,0.03346277929977035,0.6802502378328185,0.0338672569441238,0.6800572888303693,0.03380726197017972,0.727540641821124,0.05056837262253866,0.7529972741875642,0.050568372622500274,0.6869723968712139
1381.0,0.6821405011334293,0.0329736626165359,0.6816521156905564,0.033423811658799964,0.6805079594966681,0.03369588574431139,0.6788626488473721,0.03469747939584304,0.6776256423494951,0.03595785081855987,0.6775359485755165,0.038158278456017235,0.6801612869598204,0.033798765436666406,0.6822746726912104,0.033712438772306154,0.6810046982109506,0.033795015934638704,0.6799146565679594,0.03371138179262874,0.6805262462369015,0.033711247485685124,0.6798870093972749,0.03412191154835193,0.679700821217614,0.03406186898475655,0.7233747380348998,0.05117527605871338,0.7511879620471961,0.05117527605867586,0.6854373166542731
1382.0,0.6816542313291413,0.0332125519973845,0.6812212217567976,0.03366906062073667,0.6801524949728843,0.03394772625501495,0.6786452402074256,0.034966955908904855,0.6775590217984965,0.036251562146673987,0.6776761877094575,0.038497580914990975,0.6798098401727711,0.034053158520967367,0.6819122761600555,0.033961570417644735,0.6806694537174727,0.03404859938739629,0.6795658381582452,0.033963887339719855,0.6801759005884136,0.03396352577579234,0.6795845380842122,0.034380516581371375,0.6794042048527645,0.03432043146765529,0.7193874308364012,0.05179700367219357,0.7494807762328335,0.051797003672156935,0.6839751444861223
1383.0,0.6812387373852197,0.033455022631187256,0.6808535994766464,0.03391802964862338,0.6798506721766094,0.03420345206318364,0.6784664941191221,0.035240739873406965,0.6775189091952687,0.03655019458049585,0.6778314021827624,0.03884304382796709,0.6795155874264844,0.03431149954614869,0.6815963458626908,0.03421450703081034,0.6803837675937744,0.034306108394832786,0.6792707781144562,0.03422029617042817,0.6798785401455381,0.03421970069839327,0.6793295078983453,0.03464316285127956,0.6791543890242758,0.0345830404818775,0.7155669939595086,0.05243410055635483,0.7478673575532492,0.052434100556319106,0.6825838891811321
1384.0,0.6808775044520046,0.03370115394268769,0.6805349639014922,0.03417080227258973,0.6795909864266787,0.03446315197064606,0.6783188630827762,0.03551893345291212,0.6775002527427728,0.0368538706960463,0.6779971854361646,0.03919483395393615,0.6792658519167908,0.03457387929111534,0.6813172798166846,0.034471334673494836,0.6801371418733836,0.03456763299377907,0.6790180565690287,0.034480697680950724,0.6796228430393171,0.034479861423957626,0.6791121174256665,0.034909943972550005,0.6789417446550073,0.03484978990895162,0.7119031649017485,0.05308713881202749,0.7463414941947855,0.05308713881199295,0.6812619391529102
1385.0,0.680558614572072,0.033951027725462865,0.6802548487133079,0.034427464544857594,0.679364764059974,0.03472691750811655,0.6781961552697957,0.03580164206808515,0.6774982572281956,0.03716271717257841,0.6781682839760188,0.039553124118292496,0.6790511790055691,0.034840391340727556,0.6810676372072797,0.034732142025077364,0.6799215321904387,0.03483326599739464,0.6787990624195528,0.034745184020165416,0.6794002528801836,0.034744099866512626,0.6789247750590409,0.03518095647503597,0.6787587877664121,0.03512077655857649,0.7083868604822118,0.053756719237605416,0.7448984479567825,0.053756719237571964,0.6800079827633531
1386.0,0.6802730768235322,0.03420472823068818,0.680005188431295,0.03468810513543168,0.6791650395737163,0.034994843040588766,0.6780928524308365,0.03608897452723833,0.6775079493925401,0.03747686496533164,0.6783380842898225,0.039918093490598515,0.6788641024204675,0.03511113219480057,0.680841224764723,0.03499702048268756,0.6797303336231566,0.03510310310276221,0.6786068809153695,0.03501385019615569,0.6792038749845511,0.035012510789733386,0.6787611741891356,0.03545629991809027,0.6785992766230894,0.035396100283418185,0.7050099746550814,0.054443473147447206,0.7435345097980872,0.05444347314741488,0.6788209512476864
1387.0,0.680013658106541,0.03446234225992171,0.6797793083482385,0.034952815432175335,0.6789857651215997,0.035267025877644416,0.6780035768493313,0.036381043163200226,0.6775237226025199,0.03779644948707636,0.6784979038578199,0.040289927877726235,0.6786982543972317,0.03538620138221913,0.6806324202219053,0.035266064265890615,0.6795576511326643,0.03537724300351769,0.6784355105307379,0.03528679418771557,0.679027697783855,0.035285191917987666,0.6786156036272425,0.03573607701008075,0.6784575330819173,0.03567586409934396,0.7017652294342923,0.055148064330057235,0.7422467084742046,0.05514806433002609,0.6776999767771232
1388.0,0.6797740573161337,0.03472395926211875,0.6795711873621456,0.03522168964550904,0.6788211928562664,0.035543566388950815,0.6779225992531025,0.03667796397686713,0.6775388096089473,0.038121610798974914,0.678635968450718,0.040668820033382,0.6785476851709376,0.0356657015804494,0.680435633915382,0.035539370526243064,0.6793977232908555,0.03565578750779551,0.6782792596067673,0.035564117061109436,0.6788659843061626,0.035562244052609084,0.6784823967302754,0.03602039373360327,0.6783278954270879,0.03596017431139667,0.6986460612250291,0.05587119115872161,0.7410326178718833,0.055871191158691644,0.6766443607941967
1389.0,0.6795482547230346,0.03498967143510499,0.679374871401225,0.035494824917980776,0.6786653224808542,0.03582456812523047,0.6778433009480453,0.036979856787818476,0.6775445993216822,0.03845249381132095,0.6787359524807645,0.041054969985090194,0.6784062961097176,0.03594973874074657,0.6802447996525387,0.035817039461987124,0.6792443812493998,0.03593884166178236,0.6781322017702625,0.035845923092374506,0.678712722166064,0.035843771193688395,0.6783554117443665,0.0363093594767111,0.6782042015193469,0.036249140645830916,0.6956465315773315,0.05661358886860105,0.7398902276206668,0.05661358886857245,0.6756535493694845
1390.0,0.6793299322319665,0.03525957383174736,0.6791839136562179,0.035772321438974665,0.6785113467826036,0.036110137945009696,0.677757527835978,0.0372868453924072,0.6775296808726802,0.03878924849475936,0.6787749927071262,0.04144858537979114,0.6782672763950989,0.03623842221937995,0.6800528055083664,0.0360991744381657,0.6790904714489134,0.03622651387919299,0.6779876229600805,0.03613231989547863,0.6785610658066742,0.036129880667688324,0.6782274477499233,0.036603087170498004,0.6780792030043823,0.036542876388553185,0.6927612553674989,0.057376032015771725,0.7388178545787814,0.05737603201574462,0.6747271133467881
1391.0,0.6791118898865822,0.03553376447108028,0.6789907593594386,0.03605428256484334,0.6783509994432773,0.03640038614746828,0.6776547386676084,0.03759905772976019,0.6774785039910228,0.03913203010262694,0.6787213776351302,0.04184988184930418,0.6781224444394834,0.0365318649152122,0.6798507985350494,0.036385882112459765,0.678927164317177,0.03651891607700293,0.6778373798352343,0.036423418556659405,0.6784026799237803,0.0364206832612098,0.6780895269701633,0.0369016934333997,0.6779438384203652,0.036841498530332265,0.6899853418269644,0.05815933713537049,0.7378140810848496,0.058159337135344956,0.6738647316836622
1392.0,0.678885351446562,0.035812344454656135,0.6787860003384864,0.03634081494476077,0.6781736934234823,0.03669542661173799,0.6775208190226641,0.037916626056152716,0.6773695815667743,0.039480999405106625,0.6785332849051995,0.04225908339699592,0.6779614140800342,0.03683018341399633,0.6796272632437633,0.036677272567067494,0.6787430294138076,0.0368161638177904,0.6776710540723203,0.036719333775298416,0.6782268693268259,0.036716293361260685,0.6779299435974416,0.037205298722597625,0.6777862696302,0.03714512791916865,0.6873143453307328,0.05896436561787002,0.7368777110288294,0.05896436561784601,0.6730661767827207
1393.0,0.678639049891699,0.0360954180884116,0.6785573811824072,0.036632028652621,0.6779653565619893,0.03699537694301567,0.6773364754718033,0.038239687128255394,0.6771734036012429,0.039836322935928474,0.6781631167674893,0.04267642280710324,0.6777704698793203,0.03713349813977485,0.6793667520855723,0.03697345944696737,0.6785227616886742,0.03711837645906883,0.6774748017613423,0.03702018401170072,0.6780193985398763,0.03701682910239366,0.6777329516575612,0.03751402749293472,0.6775905544336841,0.0374538894202365,0.6847442238013859,0.059792026824614326,0.7360077379999719,0.059792026824592,0.6723313008241842
1394.0,0.6783580052675787,0.03638309301035417,0.6782884454976797,0.03692803732531943,0.6777068856859406,0.03730035862588336,0.6770753013501671,0.0385683823957825,0.6768512313763365,0.040198173252410735,0.6775769070358051,0.04310214207826976,0.6775310199126362,0.03744193351379271,0.6790482247510319,0.03727456010492691,0.6782454935894947,0.03742567731001119,0.6772298344050949,0.03732609164217951,0.6777609284821315,0.037322412521111896,0.6774770454040786,0.03782800836378382,0.6773349094739338,0.037767912083841004,0.6822713031977579,0.06064328146610975,0.735203321768542,0.06064328146608932,0.6716600221938546
1395.0,0.6780219315137068,0.03667548032439679,0.6779568204776882,0.03722895830778156,0.6773723004995404,0.03761049718525259,0.6767022818176353,0.03890285820410983,0.6763586909483119,0.040566729209689865,0.6767938059486871,0.04353649288298479,0.6772176220223189,0.03775561812136021,0.6786432441386868,0.037580695753644526,0.6778828313767625,0.037738193795996855,0.676910630663293,0.03763718312186932,0.6774251654966946,0.03763316971796491,0.6771331029366976,0.03814737429433354,0.6769898585973911,0.038087329321865135,0.6798922469661387,0.0615191452692359,0.7344637706185644,0.06151914526921763,0.6710523110646484
1396.0,0.6776034419316803,0.036972694740690155,0.6775325093600874,0.03753491280512734,0.6769274023115278,0.03792592235538019,0.6761755774024836,0.039243266007467886,0.6756626167096296,0.04094217625004713,0.6759158845879056,0.043979737054743166,0.6767960588345621,0.038074684887136646,0.6781152618542776,0.037891991625437285,0.6773975967229975,0.03805605763144023,0.6764837032483982,0.037953589155721855,0.6769775690789923,0.03794923102778072,0.6766637157025599,0.03847226276779362,0.6765176639851872,0.03841227909320594,0.6776040296108965,0.06242069296255474,0.7337885278548959,0.062420692962538625,0.670508173027439
1397.0,0.6770671326762504,0.037274854722818496,0.6769778143130782,0.037846026042380757,0.6763317945682452,0.038246768257429585,0.6754585342134418,0.0395897625933591,0.6747770390263121,0.04132470670831036,0.6750979555322006,0.04443214710489551,0.6762234549098709,0.038399271259330674,0.6774238791306418,0.03820857713991306,0.6767466587058347,0.03837940500139069,0.6759098297007577,0.03827544487816508,0.6763775924952884,0.03827073119851982,0.6760278235903061,0.038802815985049637,0.6758773162235644,0.03874290409874473,0.6754039137367146,0.0633490626123067,0.7331771613270487,0.0633490626122926,0.6700276293503596
1398.0,0.6763730143297825,0.037582082642258735,0.6762535995693979,0.03816242743216602,0.6755510433353091,0.038573173586084405,0.6745499189982953,0.03994251031889429,0.6737942798687037,0.04171452013438288,0.6744725267179762,0.044894006771317704,0.6754560734828006,0.03872951940335206,0.6765420276681746,0.03853058608009758,0.6758955370541215,0.03870837675242537,0.6751565098360248,0.038602890041943866,0.6755914011570765,0.03859780957925779,0.6751988773047922,0.03913918106834117,0.6750434204337766,0.03907935198641932,0.6732894300548455,0.06430546034554033,0.7326293551500087,0.06430546034552852,0.6696106919104009
1399.0,0.6754917239716138,0.03789450494052166,0.6753402126831755,0.03848425075086064,0.6745864419697811,0.0389052818057614,0.6735196489547058,0.040301677359793314,0.6728618821483624,0.042111823634027545,0.6740956338922813,0.04536561160120572,0.6744742545520509,0.039065576405486795,0.675490379125183,0.03885815677751733,0.674851863119825,0.03904311859339846,0.6742275529923091,0.03893606921669271,0.674622298104083,0.03893061031785192,0.6742001613311066,0.039481510275569065,0.6740419586494387,0.03942177556702237,0.6712583599488571,0.0652911655012171,0.7321449030213099,0.06529116550120793,0.6692573299831872
1400.0,0.674437088953387,0.03821225229942247,0.6742733556761522,0.03881163432370456,0.6735091244362639,0.03924324135699704,0.672503042170615,0.040667437972845825,0.6721121466703738,0.042516832229120324,0.6739558788263456,0.04584726957049438,0.6733229335722358,0.03940759448719988,0.6743639415249597,0.039191432306772245,0.6736994886937937,0.03938378130663948,0.6731952913394091,0.039275131997830726,0.6735442672376932,0.03926928256887021,0.6731299750408979,0.03982996122588635,0.6729740379808785,0.03977033304137819,0.6693087202735325,0.06630753625510287,0.7317237026724582,0.06630753625509613,0.6689674247162172
1401.0,0.6732955749186388,0.038535459819964264,0.6731618004224028,0.039144721219401685,0.672452716026325,0.039587205873633236,0.6716397113600667,0.04103997277268907,0.6716055470394062,0.04292976923868518,0.6740137852482103,0.04633930174260873,0.6721276434913531,0.039755731230724754,0.6733055556336379,0.03953056069017265,0.6725838587228063,0.03973052097024361,0.6721906577747359,0.03962023322640868,0.6724924034388177,0.03961398071241527,0.6721321138692293,0.040184697137272594,0.6719839843147709,0.04012518823960812,0.6674387501197951,0.06735601576995093,0.7313657510737726,0.06735601576994713,0.6687407049497223
1402.0,0.6722067191112142,0.03886426721034075,0.67214843066523,0.039483659454786664,0.6715527581270253,0.03993733441146296,0.6710088900331763,0.04141946902382203,0.6713339468915712,0.04335086668211707,0.6742283759033685,0.04684204296948965,0.6710467743062204,0.04011014981663202,0.6724375477322261,0.0398756951130494,0.6716444401018447,0.04008349919213773,0.6713431112438,0.039971533220583104,0.6716010994788828,0.03996486458451097,0.6713267690662725,0.04054588707683416,0.6711898105354404,0.040486510873238145,0.6656468993244795,0.0684381389289522,0.7310711400471441,0.06843813892895133,0.6685766546058562
1403.0,0.6712974244964566,0.03919881898361087,0.6713412978187414,0.03982860221016679,0.6708843116145884,0.0402937916890479,0.6706162613862635,0.04180612094883974,0.6712585798843621,0.04378036570611494,0.6745663715334725,0.04735584263808565,0.6701952560723974,0.040471019274129966,0.6718108270043875,0.04022699415039436,0.6709522161432341,0.040442883356656946,0.6707216996617331,0.040329198019442576,0.6709426931952391,0.040322099719771146,0.6707618269844998,0.0409137062246409,0.6706364393325367,0.04085447680095931,0.6639318185409688,0.06955553971784292,0.7308400519393725,0.06955553971784516,0.6684743763652976
1404.0,0.6706267595575185,0.03953926466562419,0.6707744004335756,0.04017970805599698,0.6704506321764171,0.04065674834147107,0.6704273791055976,0.042200130053950055,0.6713380187510349,0.04421851703696542,0.6750029899745256,0.04788106546578523,0.669605680646744,0.04083851474489612,0.6714118671742452,0.04058462200553149,0.6705044918536751,0.04080884688441432,0.6703269357865422,0.040693399639958154,0.6705183658746798,0.040685857607121505,0.6704224060592827,0.04128833615195154,0.6703073102809012,0.041229268308913755,0.662292350716418,0.07070995932954947,0.7306727549669167,0.07070995932955514,0.6684323876053556
1405.0,0.6701865189081531,0.03988575901382719,0.6704254593608706,0.04053714119158463,0.6702165811080386,0.041026381187839384,0.670400064841825,0.04260170547291117,0.6715383808304128,0.04466558145994715,0.6755203044468501,0.048418092348567636,0.6692514644931408,0.04121281776130008,0.6712002251847997,0.04094874876156794,0.6702621894341106,0.04118156950631137,0.6701239832847663,0.04106431634789122,0.6702922791741134,0.041056315959396204,0.6702683073114326,0.041669965114755944,0.67016188749222,0.04161107440643387,0.660727523844955,0.07190325507499379,0.7305695977510804,0.07190325507500323,0.6684483110085182
1406.0,0.6699376560986026,0.04023846224761611,0.6702528491292412,0.040901071696579326,0.670140175480296,0.04140287351341377,0.6704983732500424,0.043011064330616376,0.6718344317687482,0.04512183032777117,0.6761054316641618,0.04896732126598707,0.6690869621678313,0.041594116539944014,0.671134670630277,0.0413195506464317,0.6701812902471954,0.04156123755259001,0.670072381750322,0.041442132943548045,0.6702225299740265,0.041433658997700254,0.6702590651848899,0.0420587883636244,0.6701599501564203,0.04200009113824357,0.6592365448860625,0.07313741019489885,0.7305310024077729,0.07313741019491207,0.6685184026414269
1407.0,0.6698384217261535,0.04059754029095384,0.6702172164924054,0.04127167579605013,0.6701859395323138,0.04178641536730678,0.6706951710445571,0.043428432127645356,0.6722079712115421,0.04558754610012439,0.6767490735896868,0.04952916824747422,0.6690697229176639,0.04198260629150935,0.6711821496170968,0.041697210312358374,0.6702252672403205,0.041948044257900344,0.6701382394684511,0.041827041063340765,0.6702739439136737,0.041818077751484745,0.6703623259016686,0.04245500847092807,0.6702694970375243,0.042396521914193595,0.6578187947540349,0.07441454468035671,0.7305574553113607,0.07441454468037399,0.6686368374004135
1408.0,0.6698548018413085,0.040963165028021956,0.6702878107408354,0.04164913614001409,0.6703272214969995,0.042177203876758815,0.6709708576011271,0.0438540431472093,0.6726459681367198,0.04606302291655882,0.677444452213828,0.050104068404853076,0.6691667009895108,0.04237848954797353,0.6713183337718112,0.04208191713075414,0.6703668492989843,0.042342190083423104,0.6702961743801,0.04221923949817916,0.6704201578579737,0.042209770375355775,0.6705542621243906,0.04285883567657964,0.6704670026481541,0.042800577857692056,0.6564738242971001,0.07573692722486347,0.730649494269716,0.07573692722488522,0.6687946657904539
1409.0,0.6699616163060904,0.04133551457272279,0.6704422075803835,0.04203364209834229,0.6705448303615801,0.04257544357907721,0.6713114321495549,0.044288140886013135,0.6731390397639492,0.046548567205150396,0.6781865926378858,0.0506924770364133,0.6693537852626268,0.04278197650834849,0.6715258155277299,0.04247386750342822,0.6705864239239698,0.042743883057176746,0.6705279260332898,0.042618934529801825,0.6706422001940116,0.042608942483718465,0.6708177891405724,0.04327048825352142,0.6707356040533597,0.043212478174078535,0.655201351195531,0.07710698844781581,0.7308076902553206,0.07710698844784224,0.6689784485261377
1410.0,0.6701408290898693,0.04171477355292571,0.6706643906010616,0.042425390072040096,0.6708250864181822,0.042981346772408176,0.6717068457019663,0.04473097851070452,0.6736803591048192,0.04704449832955639,0.6789718246645987,0.05129487080838299,0.6696137121631668,0.04319328540416689,0.6717922051955888,0.042873265191265574,0.6708700073530364,0.043153339133705455,0.6708204812611611,0.04302634028623448,0.67092654843167,0.04301580750443244,0.6711407171487018,0.043690192894295064,0.6710632657848463,0.043632450540279755,0.6540012577170374,0.07852733554955538,0.7310326209156349,0.07852733554958718,0.6691690229236086
1411.0,0.6703796077016949,0.04210113341039632,0.6709429396658417,0.04282458382196853,0.6711581853314569,0.0433951338865964,0.6721498246780608,0.04518281934168355,0.6742649215744935,0.047551149277325344,0.6797974173983387,0.05191174902020115,0.6699341300187746,0.04361264288604874,0.6721086197811738,0.04328032166148895,0.6712075648887289,0.04357078257445751,0.6711645110910434,0.043441679117654015,0.6712635078996168,0.043430587052752906,0.6715142896724382,0.04411818512011733,0.6714413402930852,0.04406073151719889,0.6528735892751766,0.08000076858140574,0.7313248316365617,0.0800007685814428,0.6693422398236601
1412.0,0.6706687572204904,0.04249479271742971,0.6712696520754223,0.04323143481615714,0.6715370404646984,0.04381703387548734,0.672635054928991,0.045643937366209274,0.6748890227837163,0.048068867392552325,0.6806613418090144,0.05254363496057941,0.6703061412978565,0.044040284432773164,0.6724686107260872,0.043695256454745555,0.6715918245041262,0.04399644635024581,0.6715532675227307,0.043865181994037425,0.6716460664050246,0.04385351132692381,0.6719321375420411,0.044554709714006324,0.6718635345808852,0.044497566986395454,0.6518185537417164,0.08153029854140696,0.7316847776339167,0.08153029854144976,0.6694761657519375
1413.0,0.6710016175732735,0.042895957511285554,0.6716385568230419,0.043646162596946175,0.6719564775005733,0.044247284632128576,0.6731586018021851,0.04611461778289299,0.675549890165667,0.04859801515624626,0.6815621087805886,0.05319107736204836,0.6707232514143568,0.04447645478440298,0.6728674541065154,0.04411829757335316,0.6720174679925449,0.04443057256730425,0.6719818236221935,0.04429708892607995,0.6720691025686784,0.04428481952690065,0.672389586803993,0.04500002117962264,0.6723252268280504,0.044943212612739994,0.6508365214671878,0.08311916753835108,0.7321127368730188,0.08311916753840005,0.6695693586292398
1414.0,0.6713733178898069,0.04330484164759533,0.6720452621442298,0.044068995169289873,0.6724126622700548,0.044686133428446365,0.6737175278621911,0.04659515757983457,0.6762454501238983,0.04913897101807056,0.682498632258289,0.05385465196240625,0.6711806659199778,0.044921408401121604,0.6733016499981663,0.04454968189213631,0.6724805508654976,0.04487341291856472,0.672446529987796,0.044737649410988026,0.6725288209235769,0.044724760297791516,0.6728831744428421,0.045454384227620055,0.6728229924683699,0.04539793433486367,0.6499280259658421,0.0847708713040945,0.7326086777234154,0.08477087130415022,0.6696609962603672
1415.0,0.6717802454297118,0.04372166717401436,0.672486510372934,0.04450016941165226,0.672902729755096,0.04513383738109287,0.6743096339525284,0.04708586614884804,0.6769741550227685,0.04969213028343332,0.6834701387791269,0.054534963182337214,0.6716748210460585,0.04537540994957919,0.6737685691358365,0.04498965559340464,0.6729781157006907,0.04532522916191319,0.6729446581661594,0.04518712290487166,0.6730223830278376,0.04517359219973429,0.6734102999552263,0.04591807429144776,0.6733542598971402,0.04586200888536564,0.6490937652210856,0.08648918437811592,0.7331720558867107,0.08648918437817876,0.6698239253942995
1416.0,0.6722196896541667,0.04414666472547821,0.6729598507076691,0.044939931511048935,0.6734245328569597,0.04559066394529504,0.6749332595797533,0.0475870659384336,0.677734844832106,0.05025790606027139,0.684476113866491,0.055232645929386724,0.6722030338561915,0.04583873481869127,0.6742662306406019,0.04543847462773575,0.6735079411152831,0.045786293627321874,0.6734741647063077,0.045645779323608464,0.6735476614659393,0.04563158420606606,0.6739690048527919,0.04639137807470435,0.6739170908824692,0.046335724342903346,0.6483346035657127,0.08827818834013554,0.7338015007080665,0.0882781883402062,0.670125863239334
1417.0,0.6726896128906867,0.04458007394253745,0.6734634288464958,0.045388537423898076,0.6739764443747664,0.04605689143869329,0.6755871515266365,0.0480990931483669,0.6785266656550748,0.05083673027025746,0.6855162459619756,0.0559483675395184,0.6727632678494989,0.0463116696669874,0.6747931387409335,0.04589640520237283,0.6740683443083297,0.04625688975490951,0.674033504801359,0.046113899574196496,0.6741030451388694,0.04609901623178905,0.6745578156806711,0.046874594132312715,0.6745100278001521,0.04681938071846792,0.647651574087642,0.09014230352797137,0.7344943306713374,0.09014230352805014,0.6706006384618617
1418.0,0.6731884694731113,0.04502214391435176,0.6739958468908435,0.04584625336448584,0.6745572284552197,0.046532809597303534,0.6762703778345796,0.04862229846903575,0.6793490104616845,0.051429054729594324,0.6865903842173623,0.05668282986861902,0.6733539851779121,0.04679451300377837,0.6753481531462788,0.04636372429917524,0.6746580425242104,0.04673731266615182,0.6746215065392812,0.04659177611878077,0.6746873097237621,0.04657617969449946,0.6751756154136681,0.047368033487978266,0.6751319668482033,0.0473132905783355,0.6470458815044461,0.09208632475057002,0.7352458164911677,0.09208632475065777,0.6712519045133816
1419.0,0.6737150770967354,0.04547313364805738,0.6745560419515089,0.04631335632299208,0.6751659595932723,0.04701872016593117,0.6769822484784235,0.04915704786891077,0.6802014589072626,0.05203535230503823,0.6876985210259874,0.057436771547616616,0.6739740196471579,0.04728757580660783,0.675930412381887,0.04684072022423607,0.6752760709984846,0.047227869770643215,0.6752372942115654,0.04707971357371922,0.6752995383863737,0.047063378110128645,0.6758215649770135,0.047872020290595535,0.6757820786433719,0.04781777970639265,0.6465189054397333,0.09411546159279711,0.7360481156489084,0.09411546159289465,0.6720695200693333
1420.0,0.6742685439745284,0.045933312566354564,0.675143206845677,0.04679013461518507,0.6758019454794677,0.04751493752554331,0.6777222624580268,0.0497037234338497,0.6810837434535346,0.05265611815132198,0.6888407692272381,0.058210970416303666,0.6746224844390224,0.047791182177650965,0.6765392768265085,0.04732769319143829,0.6759217087464225,0.04772888141101705,0.6758802170815424,0.047578029346250474,0.6759390468871865,0.04756092772604268,0.6764950493851166,0.04838689251249753,0.6764597562357638,0.048333187808771376,0.6460722040200776,0.09623538401200013,0.7368889389064652,0.0962353840121081,0.6730408303834506
1421.0,0.6748482018989639,0.04640296103531084,0.6757567456142224,0.04727688846605674,0.6764646737300685,0.04802178936032424,0.6784900802929607,0.050262724262244464,0.681995730024057,0.05329187103672859,0.6900173386942394,0.05900624615257028,0.67529872358517,0.04830567004195008,0.6771742729907128,0.0478249559424217,0.6765944196602797,0.04824068154884742,0.6765497969233767,0.04808705431154016,0.6766053291594942,0.04806915819425138,0.6771956227971198,0.048913002692685455,0.677164561306793,0.04885986926397105,0.6457075176910086,0.09845227405028772,0.7377505819045183,0.09845227405040716,0.6741551698676383
1422.0,0.6754535488935041,0.046882370924542435,0.6763962236597828,0.04777393062987543,0.6771537852460648,0.048539617367373764,0.6792854887832613,0.050834467420393395,0.6829373892211702,0.053943154764222415,0.6912285310328722,0.05982346311555895,0.6760022624952717,0.04883139189063592,0.6778350637033564,0.04833283440563175,0.6772938243598539,0.04876361849460194,0.677245702150574,0.04860713353312433,0.6772980309347693,0.048588413287725396,0.6779229763280857,0.04945071872845426,0.677896190770438,0.0493981939219291,0.6454267731233406,0.10077288463550375,0.7386115407334763,0.10077288463563526,0.6754048482295076
1423.0,0.6760842245621819,0.04737184620210782,0.6770613304691858,0.048281587049324025,0.6778690415025177,0.04906877801225268,0.6801083734115327,0.05141938896287037,0.6839087790614173,0.054610539696249606,0.6924747322807705,0.06066353342327791,0.6767327639498721,0.04936871557253367,0.6785214285900772,0.048851668397354345,0.6780196703787056,0.04929805568497302,0.6779677180224414,0.04913862703002211,0.6780169186764899,0.049119051663067896,0.678676920284721,0.05000042471912318,0.6786544600333775,0.049948547955798395,0.6452320870434499,0.10320460662366654,0.7394553100415006,0.10320460662381123,0.6767848998362329
1424.0,0.6767399860198604,0.04787170356665032,0.6777518660253998,0.04880019755662481,0.6786102980824984,0.049609643333865756,0.6809587118005854,0.05201794502309758,0.6849100407039445,0.05529462439212514,0.6937563982253224,0.06152742028748413,0.6774900113967736,0.049918025137877624,0.6792332359301073,0.049381812367883283,0.6787718021204748,0.04984437251121235,0.678715720502899,0.04968191059407998,0.6787618522847272,0.049661447673075586,0.6794573571803909,0.050562521865910114,0.6794392770566676,0.05051133477052909,0.6451257697691161,0.10575554545346232,0.7402887621966882,0.10575554545362141,0.6782925608057575
1425.0,0.6774206776950384,0.04838227311953109,0.6784677201543131,0.04933011661980395,0.6793774967905489,0.05016260180247557,0.6818365595084073,0.05263061297981621,0.6859413842235057,0.055996037367810156,0.6950740525434421,0.062416141631226565,0.6782738899868166,0.05047972173816259,0.6799704287808018,0.049923636196243314,0.6795501515798318,0.05040296520240743,0.679489668519691,0.05023737666141966,0.6795327769742245,0.050215992233030554,0.6802642655121952,0.05113742943235251,0.6802506247765598,0.05108697597271404,0.6451103281616286,0.10843460904822455,0.7411566117712926,0.10843460904839934,0.6799267864588757
1426.0,0.6781262211600873,0.048903899079934934,0.6792088515902408,0.04987171413751562,0.6801706514092354,0.05072805923498278,0.6827420315554441,0.05325789270567764,0.6870030772781998,0.056715438988858696,0.6964282879971367,0.06333077401732026,0.67908436216059,0.051054224586538945,0.680733021072746,0.05047752603719156,0.6803547273488267,0.05097424776799404,0.6802895915152447,0.050805435242210185,0.6803297103710229,0.050783093744908525,0.6810976966940946,0.05172558577007128,0.6810885584634411,0.051675912406569435,0.6451884676058378,0.11125160892416885,0.742127415423409,0.11125160892436078,0.6816878782654598
1427.0,0.6788566083300741,0.04943694054618103,0.6799752842462289,0.0504253762861465,0.6809898316774999,0.051306439771964155,0.6836753012855499,0.05390030790476627,0.6880954468887474,0.05745352350842146,0.6978197573971399,0.06427245691930794,0.6799214615754575,0.05164197198354507,0.6815210820508294,0.05104388522454508,0.6811855959487304,0.051558653004183844,0.6811155731291021,0.05138651491335915,0.6811527258840075,0.05136317908406649,0.6819577612730822,0.05232744941511626,0.6819531933283872,0.05227860526135526,0.6453630924890754,0.11421737686008755,0.7432585364861559,0.11421737686029815,0.6835772141232903
1428.0,0.679611884417332,0.049981772306757655,0.680767099499578,0.050991506423250746,0.6818351623445876,0.05189818692139043,0.6846365979022389,0.0545584075465218,0.6892188739366933,0.058211021263414646,0.6992491710577083,0.06524239737015626,0.6807852874674192,0.05224342241341517,0.6823347265875318,0.05162313523524847,0.6820428785168422,0.05215663356941264,0.6819677498575019,0.051981063879142135,0.6820019511471861,0.05195669465338126,0.6828446172776164,0.052943500260615395,0.6828446916958112,0.05289553725604742,0.6456373044492735,0.11734389997183733,0.7445774323188095,0.11734389997206832,0.6855970589712346
1429.0,0.6803921422410674,0.050538785704901536,0.6815844228476301,0.05157052605173085,0.6827068185247419,0.052503764674375626,0.6856261939575242,0.05523276740424957,0.690373783684137,0.05898870104332816,0.700717302314308,0.06624187502814155,0.6816759892710849,0.052859055716685345,0.6831741179376078,0.05221571671899355,0.6829267499209514,0.05276866313438553,0.6828463082599013,0.052589551105245304,0.6828775646472406,0.05256410751027461,0.6837584727335436,0.053574240811984995,0.6837632650871964,0.053527213907610886,0.646014397372534,0.1206444776387204,0.7460884799710572,0.12064447763897378,0.6877504334223031
1430.0,0.6811975223949133,0.051108389560889124,0.682427423346651,0.05216287584957032,0.6836050138737517,0.05312365869881887,0.686644403582646,0.05592399170720887,0.6915606485549881,0.05978737264768312,0.702224984427439,0.06727224770414018,0.6825937636752002,0.053489374345350005,0.684039460773084,0.052822090598640195,0.6838374262033928,0.05339523761281966,0.683751473067089,0.05321246753221174,0.6837797837268754,0.0531859065725647,0.6846995808707441,0.05422019753155194,0.6847091709784845,0.054174164889819,0.6464978476938985,0.12413390447913189,0.7477864117116896,0.12413390447940988,0.6900410225932043
1431.0,0.6820282032434487,0.05169101115657736,0.6832963125140985,0.05276901677037454,0.6845300008852215,0.05375837761734732,0.6876915854052409,0.05663271491616741,0.6927799892937907,0.06060788964986436,0.7037731066689704,0.0683349573999643,0.6835388560174074,0.05413490470742214,0.6849309919897741,0.05344273924717767,0.6847751610554117,0.05403687647955006,0.6846835060818426,0.05385032737483989,0.6847088638192055,0.05382260390963369,0.6856682299399138,0.05488192228009083,0.6856827022119795,0.05483694549024958,0.6470912979212727,0.12782868450968846,0.7496646765228177,0.12782868450999357,0.6924731115047839
1432.0,0.6828843964999589,0.05228709728713952,0.6841913347460661,0.05338943122045272,0.6854820726368731,0.054408454376574794,0.6887681355660223,0.05735960363329926,0.6940323675599616,0.06145115238697033,0.7053626200477486,0.06943153691356359,0.6845115502120062,0.0547961986083985,0.685848984246765,0.054078167747498594,0.6857402501744068,0.05469412418331606,0.6856427093222042,0.05450366951471135,0.6856651011362677,0.054474736126034665,0.6866647455484565,0.05555999386351709,0.6866841882287255,0.05551613817380839,0.6477985303474537,0.13174728279769718,0.7517186824496721,0.13174728279803188,0.695051536360049
1433.0,0.6837663506637585,0.052897115385404446,0.6851127668009228,0.05402462431871469,0.6864615543031558,0.055074447715367104,0.6898744847101292,0.05810535865841142,0.6953183864349884,0.0623181111974952,0.7069945399115327,0.07056361707396702,0.6855121651459158,0.055473834797863206,0.6867937457332776,0.054728905241851006,0.6867330246188966,0.05536755166223649,0.6866294175852058,0.055173058993712665,0.6866488247053167,0.05514286584532982,0.687689492268121,0.056255019693768005,0.6877139977282799,0.056212354261967024,0.6486234264579315,0.13591042239978063,0.7539465051508882,0.13591042240014822,0.6977816425982045
1434.0,0.6846743455759631,0.05352155472470253,0.6860609210132353,0.05467512524625107,0.6874688013882116,0.05575694374055356,0.6910111023374399,0.0588707172047242,0.6966386954109088,0.0632097699310861,0.7086699429355305,0.07173293467692002,0.6865410597285743,0.0561684206302704,0.6877656124250975,0.05539550637849805,0.6877538454185212,0.05605775797077581,0.6876439951077841,0.0558590886171891,0.687660393466443,0.05582758330272439,0.6887428661336985,0.056967637573819487,0.6887725316124829,0.05692623573781119,0.6495699052956171,0.1403414362600893,0.7563486988499964,0.1403414362604936,0.7006692409575699
1435.0,0.6856086874224561,0.05416092770667622,0.687036138902636,0.05534148869311618,0.6885042046745042,0.056456557619351574,0.6921784941617383,0.05965645528880177,0.697993986973789,0.06412718975735585,0.7103899708520824,0.07294134120141711,0.6875986280298663,0.05688059384983732,0.6887649492774831,0.05607855286383097,0.6888031086283117,0.05676537202787083,0.6886868405613618,0.05656238067621267,0.6887002014255492,0.05652950805589772,0.6898252943643808,0.05769851761777342,0.6898602216288063,0.05765845718801226,0.6506418305523618,0.14506668613945625,0.758927892930915,0.1450666861399009,0.7037205518648139
1436.0,0.6865697132603048,0.05481577124113168,0.6880387886417869,0.05602429641057144,0.6895681863100045,0.05717393539869999,0.6933771985907223,0.060463390310782926,0.6993849947841014,0.06507149330383948,0.7121558365257041,0.07419081239796782,0.6886852938999292,0.05761102451049143,0.6897921536792809,0.056778655129007274,0.6898812443351945,0.05749105449685538,0.6897583847190574,0.0572835887994016,0.6897686746886237,0.05724929082437199,0.6909372397795509,0.058448364318067984,0.6909775350649313,0.058409727893969136,0.6518428707114969,0.1501160637217964,0.7616883953700886,0.15011606372228628,0.7069421261503457
1437.0,0.6875577900271879,0.05548664822568104,0.6890692701703895,0.05672415887784577,0.6906611959509905,0.05790975596271718,0.6946077909487479,0.06129238384278698,0.7008124990522328,0.06604386915666485,0.7139688239954379,0.07548345885166792,0.6898015160880702,0.05836041704291574,0.6908476508070487,0.05749645412106681,0.6909887110957743,0.058235499808897945,0.690859086017427,0.05802339994578184,0.6908662669605499,0.057987615468811426,0.692079197209297,0.059217918773106254,0.6921249719311396,0.05918079408563644,0.6531762881210376,0.15552359300977112,0.7646358460504994,0.1555235930103115,0.710340726007362
1438.0,0.6885733089007955,0.05617414913368597,0.6901280130686225,0.05744171709337978,0.69178371537142,0.05866473314065653,0.6958708842922952,0.062144344645311385,0.7022773273751932,0.06704557676148618,0.7158302906957986,0.07682153763726206,0.690947788646865,0.05912951248198279,0.691931892570964,0.05823262322949896,0.6921259990085601,0.05899943834287796,0.691989434308386,0.058782536551358504,0.6919934637315436,0.05874520112279991,0.693251691391125,0.06000796108998785,0.693303062225891,0.05997244137296661,0.6546446200917203,0.1613281582664582,0.7677769012266757,0.1613281582670551,0.7139231436379948
1439.0,0.6896166883113586,0.056878893719843615,0.6912154723431521,0.05817764450150855,0.6929362589264471,0.059439617978998605,0.6971671258701124,0.06302023193361617,0.7037803526179984,0.06807795176671144,0.7177416748293614,0.07820746519970674,0.6921246355110904,0.059919090869256945,0.6930453619270247,0.058987870360330916,0.6932936323288892,0.05978363877595894,0.6931499523039357,0.059561758843376826,0.6931507835395341,0.059522804490951625,0.6944552814403001,0.06081931297857533,0.6945123702083332,0.06078549737147383,0.6562491969751985,0.16757438847337094,0.7711189079024278,0.16757438847403183,0.7176959251866283
1440.0,0.690688376858356,0.05760153285369507,0.6923321324375806,0.05893264906666484,0.6941193697338269,0.06023520119276056,0.6984972000364709,0.06392105891854868,0.7053224969984958,0.06914241185617057,0.719704499159323,0.07964383161264736,0.6933326131691037,0.06072997384679441,0.6941885713947876,0.05976294017106465,0.6944921656103618,0.060588910620629516,0.6943411920400139,0.060361867337731245,0.6943387740950142,0.060321222328666546,0.6956905606601385,0.06165284055487198,0.6957534949147738,0.06162083454020983,0.6579894207957718,0.17431373808793027,0.7746695128716896,0.17431373808866304,0.721664952924906
1441.0,0.691788849034699,0.05834275049236329,0.6934785090901567,0.059707475508422425,0.6953336223266928,0.061052315812695726,0.6998618320739121,0.06484789664902285,0.7069047359123988,0.0702404631241816,0.7217203731601817,0.08113341638920224,0.6945723144508082,0.06156302746020983,0.6953620609527443,0.06055861648117673,0.695722184660754,0.061416106965660064,0.6955637367891646,0.061183705536612606,0.6955580143504139,0.061141294120464366,0.6969581540366315,0.06250945737364239,0.6970270674078991,0.06247937325242225,0.6598617184544558,0.18160581551845845,0.7784361328352766,0.1816058155192725,0.725834817287258
1442.0,0.6929186054359632,0.05910326580499532,0.6946551457190953,0.06050290771208727,0.6965796256771282,0.061891840046852116,0.7012617860339352,0.06580187818648862,0.7085280970972238,0.07137370705260404,0.723791000408435,0.08267920604501071,0.6958443652982021,0.062419165190929014,0.696566401911992,0.061375724874445294,0.696984310718687,0.06226612744031455,0.6968182044261033,0.062028162845341156,0.6968091179545286,0.061983904975657506,0.69825872178524,0.06339012771238861,0.6983337538954694,0.06336208512141153,0.6618581442854796,0.18952002618019528,0.7824251819376459,0.18952002618110253,0.730207879900311
1443.0,0.694078177237429,0.05988383546266361,0.6958626150324813,0.061319771331104056,0.6978580209093544,0.06275470037697266,0.7026978654068701,0.06678420314525882,0.7101936632752921,0.07254384815704762,0.7259181861545174,0.08428441364336706,0.6971494250243527,0.06329935123974023,0.697802198132963,0.062215135511121386,0.6982791988984824,0.06313992142327467,0.6981052455711176,0.06289617772939671,0.6980927312308757,0.06284998876217804,0.6995929617729758,0.06429587013127555,0.6996742587238322,0.06426999660661656,0.6639649195860116,0.1981376176020297,0.7866409041067338,0.19813761760304305,0.7347828869987151
1444.0,0.6952681249224046,0.060685256108923835,0.6971015228200038,0.062158936599285036,0.6991694822593041,0.06364187491247598,0.70417091828228,0.06779614263654929,0.7119025777948023,0.07375270237807646,0.7281038413637915,0.08595250058720387,0.6984881910640973,0.06420460408621882,0.6990700837320328,0.06307776616990271,0.6996075376291073,0.06403849152011301,0.699425544048294,0.06378874113498731,0.6994095336328837,0.0637405315016676,0.7009616075104973,0.06522776133637122,0.7010493224898164,0.06520419292779599,0.666162203439906,0.20755424165822672,0.7910835807051597,0.20755424165936243,0.739552939357644
1445.0,0.6964890368185969,0.061508367027850466,0.6983725064920597,0.06302132137281961,0.7005147212152176,0.06455439702731468,0.7056818382539818,0.06883904465862895,0.7136560461967931,0.07500220630320434,0.730349989579754,0.08768720096370075,0.6998613986061505,0.06513600035138509,0.7003707256474044,0.0639645855418774,0.7009700531706321,0.06496289733584965,0.7007798211438782,0.06470690019912387,0.7007602420113165,0.06465657505154099,0.702365430178028,0.06618694037671023,0.7024597234951039,0.06616582231838394,0.6684286483974438,0.2178831860804217,0.7957467684502533,0.21788318608169815,0.7445025665804001
1446.0,0.6977415329394387,0.06235405302816481,0.6996762350581115,0.06390789442422,0.7018944862669231,0.06549335930786337,0.7072315638727225,0.06991433998061947,0.7154553377954868,0.07629442731691412,0.7326587772830065,0.08949254879553867,0.7012698196956432,0.06609467899408426,0.7017048271629255,0.06487661680106666,0.7023675107406397,0.06591425957214042,0.7021688359167318,0.06565176227811995,0.7021456108096598,0.06559922110265355,0.7038052429865607,0.06717461320923537,0.7039062823615698,0.06715610065271854,0.6707563998082136,0.22925947723785617,0.8006130605450517,0.22925947723929635,0.7496036139036945
1447.0,0.6990262664155015,0.0632232475641103,0.7010134131628855,0.06481967901282978,0.7033095626558866,0.0664599178432449,0.708821082959488,0.0710235485733492,0.717301791733252,0.07763157478911156,0.7350324819558672,0.09137290860978027,0.7027142675993033,0.06708184587513429,0.7030731267863473,0.06581494147898308,0.7038007132029555,0.06689376448208237,0.7035933845543022,0.06662449932678408,0.7035664314760801,0.06656963552450976,0.7052819009992456,0.06819205766969214,0.7053898623449304,0.06817631648594373,0.673175764828888,0.24184512292526933,0.8056476681304591,0.24184512292690044,0.7548096893532336
1448.0,0.7003439220590576,0.06411693611601095,0.7023847819096228,0.06575775675930087,0.7047607765873248,0.0674552968931618,0.7104514364047778,0.07216828664735392,0.7191968217622023,0.07901601242764836,0.7374735197605553,0.09333300980275035,0.704195599103183,0.0680987787272877,0.7044763989222489,0.06678070367376342,0.7052705045733675,0.06790266871948855,0.7050543043144514,0.06762635266434738,0.7050235364810795,0.06756905309368591,0.7067963014975486,0.0692406288921099,0.706911369303551,0.0692278365500588,0.6757671426196123,0.2558358524588966,0.8107889732307288,0.2558358524607528,0.7600491649293379
1449.0,0.7016952189466561,0.06503615985600832,0.703791118241964,0.06672327185458711,0.7062489975000447,0.06848079397245399,0.712123718587255,0.0733502743657514,0.7211419183774184,0.08045027193813813,0.7399844573125176,0.09537798535932449,0.7057147136179283,0.06914683257362672,0.7059154582627815,0.06777511462798752,0.706777773785579,0.06894230462388147,0.7065524764645922,0.0686586381674565,0.7065178020720826,0.06859878264537354,0.7083493886532215,0.07032176522467969,0.7084717561649805,0.07031211175486735,0.6786338798067586,0.2714698264478316,0.8159353885151415,0.27146982644995404,0.7652173874031236
1450.0,0.7030809136127162,0.06598201962738229,0.7052332384024999,0.06771743563755528,0.707775137596701,0.06953778539632396,0.7138390803562767,0.07457134430846873,0.7231386540713249,0.08193706815472822,0.7425680243793137,0.09751341558032922,0.707272556339028,0.07022744564216957,0.7073911612318349,0.06879945771331564,0.7083234543841203,0.07001408598744316,0.7080888259157572,0.06972275193543166,0.7080501478196679,0.06966021269276396,0.7099421561959536,0.07143699469574048,0.7100720261138085,0.07143068374862564,0.681856437158675,0.28903893179883333,0.8209291018611109,0.28903893180127177,0.7701700584513661
1451.0,0.7045017996418459,0.06695568026911533,0.7067120009077439,0.06874153157932855,0.709340154878589,0.07062773233552343,0.7155987342668255,0.07583345077433118,0.7251886905915947,0.08347931582920967,0.7452271250774959,0.09974537758565856,0.708870122734069,0.07134214583037152,0.7089044058361686,0.06985509386464173,0.7099085262758724,0.07111951435583892,0.7096643236831219,0.07082017647851205,0.7096215392539783,0.07075481756445398,0.7115756476359708,0.0725879420903075,0.711713232866967,0.07258519210006004,0.6854736414400396,0.3089034396054765,0.8255410586550619,0.3089034396082959,0.7747216847973654
1452.0,0.7059587089927701,0.06795837532107167,0.7082283063976152,0.06979692071704734,0.7109450575164475,0.07175218743690603,0.7174039571695563,0.07713868001905222,0.7272937837178678,0.08508014829352983,0.7479648514497627,0.1020805014972325,0.7105084591560807,0.07249255777991358,0.7104561351575779,0.07094346751164375,0.7115340206239417,0.07226018592129702,0.7112799914817665,0.07195248748613357,0.7112329924527756,0.07188416411629092,0.7132509597743575,0.07377633670525843,0.7133964838102481,0.07377738217129605,0.6894950535065139,0.33151094485863886,0.8294696175611623,0.3315109448619175,0.7786550723336166
1453.0,0.7074525161060706,0.06899141214934162,0.7097830998521012,0.07088504758489693,0.7125909049794601,0.07291280207170708,0.7192560927697268,0.07848926154045255,0.7294557883918418,0.08674293824308421,0.7507845003601853,0.10452603437019686,0.712188664560408,0.07368041062985384,0.7120473410569685,0.07206611306150923,0.7132010220725757,0.07343779907372597,0.7129369034146927,0.07312136123946253,0.7128855755099327,0.07304991908117489,0.7149692474273512,0.07500402086009485,0.7151229449268248,0.075009113760245,0.693919132835825,0.3574205088719261,0.8323760825469466,0.3574205088757635,0.7817494098610046
1454.0,0.7089841394312834,0.07005617753607145,0.7113773750046974,0.07200744669617351,0.7142788098372349,0.0741113342818886,0.7211565572661865,0.07988758053758006,0.7316766670283525,0.08847132092604781,0.753689590357696,0.10708991313914332,0.7139118957516818,0.07490754652500922,0.7136790651205399,0.07322466199335569,0.7149106699029568,0.07465416268410284,0.7146361875344218,0.07432858274066198,0.7145804100937859,0.07425385712847857,0.7167317253908178,0.07627295925028856,0.7168938430917682,0.07628237060134245,0.6987439456883179,0.38733247334643783,0.8339796494207912,0.38733247335095966,0.7838343396123859
1455.0,0.7105545419945258,0.071154143783485,0.7130121760960043,0.07316574963685593,0.7160099426069055,0.07534965750399336,0.7231068444071312,0.08133619168812846,0.7339584976077889,0.09026922006846982,0.7566838792718685,0.10978084808649458,0.7156793707077239,0.0761759299665055,0.7153524010705357,0.07442085063253681,0.7166641624524278,0.07591120520405198,0.7163790304506329,0.07557605464078695,0.7163186761806487,0.07549786971404786,0.7185396711466767,0.0775852492418159,0.7187104685851783,0.07759927082540463,0.703971113473293,0.42212271660494016,0.8341948041949485,0.42212271661030293,0.78486629177949
1456.0,0.7121647351545917,0.07228687538798373,0.7146885992373393,0.074361692838857,0.7177855353417143,0.07662977016042934,0.7251085288742223,0.0828378344091601,0.7363034805878103,0.09214087691727377,0.7597713856125428,0.11260841863275656,0.7174923702029672,0.07748765810303851,0.7170684993823332,0.07565652868184464,0.7184627616429888,0.0772109846766858,0.718166681334443,0.07686580705905284,0.7181016159792772,0.076783974812457,0.7203944302323629,0.07894313221885484,0.7205741804020234,0.07896207849309145,0.7096064296623438,0.46287523993697127,0.8332211773990157,0.4628752399433676,0.7849859014792232
1457.0,0.7138157823315149,0.07345603634722224,0.7164077967667004,0.0755971261099137,0.7196068837374792,0.07795380622014954,0.7271632718104215,0.08439544979004537,0.7387139480644471,0.09409088284519339,0.7629564125531709,0.11558318360564751,0.7193522424271972,0.07884497207472684,0.7188285702280385,0.07693366859670572,0.7203077953136068,0.07855569976658901,0.7200004542158773,0.0782000083986822,0.7199305360948073,0.07811432763548759,0.7222974205249637,0.08034900611204729,0.7224864108707976,0.08037321633227837,0.7156592136741441,0.5108942967376512,0.8314832770467215,0.5108942967453056,0.784484419306617
1458.0,0.7155088003889032,0.07466339817109666,0.718170981306628,0.07687402200716267,0.7214753515444012,0.0793240468445641,0.7292728280235765,0.08601219941442502,0.7411923748767668,0.09612421603502438,0.7662435727303167,0.11871680858346133,0.7212604085633592,0.08025026953685548,0.7206338858133743,0.07825437590307331,0.7222006610671502,0.07994770193162345,0.7218817321810234,0.07958097727892462,0.7218068117458704,0.07949123245499913,0.7242501354528824,0.08180543925257405,0.7244486689194027,0.08183527982795752,0.7221412011757168,0.5676463474798794,0.8294316351122295,0.5676463474890311,0.7836606109682809
1459.0,0.7172449624433833,0.07591084867678397,0.7199794279388673,0.07819448615304771,0.7233923759932217,0.08074293325055912,0.7314390517315358,0.08769148632057297,0.7437413889742427,0.09824628284774686,0.7696378160662956,0.12202221344804899,0.7232183661839219,0.08170611850863822,0.7224857850702838,0.07962090057009245,0.7241428321117354,0.08138950887633684,0.7238119729465214,0.08101119571945878,0.7237318923430351,0.08091715566475226,0.7262541494443581,0.08331518571800242,0.726462545370047,0.08335105283455937,0.7290651346175253,0.6345116046410914,0.8273238023461265,0.634511604651918,0.7826413935225821
1460.0,0.7190255026893666,0.0772004016585336,0.7218344779574116,0.07956076860555596,0.7253594715995867,0.08221308094105993,0.7336639024917871,0.08943697838770519,0.7463637824855406,0.10046296458301124,0.7731444622092959,0.1255137439510442,0.7252276935061769,0.08321527271280534,0.7243856786012439,0.08103564956503677,0.7261358617527377,0.08288381944657577,0.7257927129871107,0.08249332373264379,0.7257073055236487,0.08239474023474021,0.7283111243114061,0.08488120235992547,0.7285297195308124,0.08492352490528682,0.7364429687405765,0.7120832824749155,0.8250648308548613,0.7120832824873549,0.7812364083675366
1461.0,0.7208517198331837,0.07853420753505881,0.7237375442760571,0.0809752764102037,0.7273782345843081,0.08373729547511263,0.7359494536213632,0.0912526344806003,0.7490625255944033,0.10278067046483019,0.7767692359986792,0.12920737192771994,0.7272900560564755,0.08478068859586826,0.7263350521561794,0.08250120073588062,0.7281813875437183,0.08443353014794222,0.7278255719050271,0.08403021550145325,0.7277346614814307,0.08392682173363403,0.7304228142488536,0.08650666773147711,0.7306519644641999,0.08655591056190959,0.7442836308606265,0.7985515891736389,0.8220926230577247,0.7985515891870043,0.7788296351169713
1462.0,0.7227249799607298,0.07991456509138452,0.7256901155953203,0.08244058747901983,0.7294503493821156,0.08531858997452671,0.7382979010583597,0.09314273373769727,0.7518407815415382,0.10520639783456025,0.7805183058159382,0.13312092983047238,0.7294072126282883,0.08640554424691967,0.7283354712309853,0.08402031818756098,0.7302811377291141,0.08604175349753972,0.7299122589391787,0.08562493734693839,0.7298156594638127,0.08551644612060566,0.7325910715801413,0.08819500316555999,0.7328311526659661,0.08825167076213791,0.752590793857489,0.8867737253105015,0.8172912202825415,0.8867737253228921,0.7743132539274286
1463.0,0.7246467214654412,0.08134393444817593,0.7276937604277764,0.08395946596246529,0.7315775948006256,0.08696020459333573,0.7407115714732512,0.09511190845020495,0.7547019217055065,0.10774780071306603,0.7843983271493253,0.1372743865563769,0.7315810205003493,0.08809326046556605,0.7303885874602847,0.08559596934206377,0.7324369381942151,0.0877118384497727,0.7320545794834692,0.0872807877194561,0.7319520941938189,0.08716688953772679,0.7348178546541297,0.08994989629303268,0.7350692639763627,0.09001453686120632,0.7613628205441463,0.961195643436155,0.8090527669773332,0.9611956434441635,0.7661929791251383
1464.0,0.7266184604276499,0.08282495141031182,0.7297501331104611,0.08553487930426142,0.7337618495300379,0.0886656282105014,0.7431929319004644,0.09716518105364345,0.757649542860948,0.11041326811130366,0.7884164919809825,0.14169017318624164,0.7338134427274207,0.08984752426791454,0.7324961443658614,0.08723134390049901,0.7346507183199066,0.08944739317360251,0.7342544407875292,0.08900131948340789,0.7341458614842606,0.08888168036915997,0.7371052356454771,0.09177532733518087,0.7373683937006521,0.09184853741071043,0.7706005561697948,1.0,0.795790761968169,1.0,0.7531226305025291
1465.0,0.7286417948780433,0.08436044336819684,0.7318609801514191,0.08717001719711537,0.7360050993745018,0.09043862264635112,0.7457446013934472,0.09930800584107131,0.7606874873337678,0.11321201373238203,0.7925805830028214,0.14639356933599207,0.7361065566183495,0.09167231516458327,0.7346599827350208,0.08892987495810512,0.7369245179647235,0.09125231050168593,0.7365138591202816,0.09079036480694218,0.7363989653956865,0.0906646238744189,0.7394554078629691,0.09367559855792577,0.7397307601037506,0.09375802819244108,0.7803306657314663,0.98808787551552,0.7769602162746573,0.9880878755065616,0.7348263444198725
1466.0,0.7307184099697495,0.08595344695059777,0.7340281457500658,0.08886831269005746,0.738309445808854,0.09228324975030079,0.748369362836651,0.1015463161119251,0.7638198644805722,0.11615417902951027,0.796899033556471,0.1514131634769826,0.7384625613765968,0.09357193459772098,0.7368820477723833,0.09069526256148601,0.739260496411611,0.09313079642242718,0.7388349685315903,0.09265206301707814,0.7387135269408206,0.09251982975126369,0.7418706947869979,0.09565536733795454,0.7421587134319662,0.0957477259496253,0.7906397025992428,0.9305555548051734,0.7536905462188954,0.9305555547899949,0.7125487066891645
1467.0,0.7328500847763812,0.08760722765726825,0.7362535784436166,0.09063346573642037,0.7406771140245687,0.09420390176292613,0.7510701752624962,0.1038865775956612,0.7670510737201903,0.1192509519773935,0.801380995220909,0.15678140398556792,0.7408837865029858,0.09555103898668031,0.7391643972873704,0.09253150004245504,0.7416609412342792,0.09508740204572981,0.7412200293130878,0.09459089183856272,0.7410917923989134,0.0944517430407485,0.7443535607061779,0.09771968336529899,0.7446547467346991,0.09782274635461981,0.8016852106398823,0.847775564219157,0.7281205337279951,0.8477755642017017,0.6883469019515723
1468.0,0.7350386988001243,0.08932530173412535,0.7385393393758023,0.09246946951651665,0.7431104614868119,0.09620533542104931,0.7538501884131561,0.10633584913967746,0.7703858309167433,0.12251470439753945,0.8060364131968291,0.16253526206827515,0.7433727024018741,0.09761467690620351,0.7415092094110615,0.09444290351594424,0.7441282770855144,0.09712705954395014,0.7436714367194452,0.09661170250318438,0.7435361419388361,0.0964651788542912,0.7469066212663317,0.09987403059524672,0.7472215067567618,0.09998864684328106,0.8136563334863814,0.7595207657289021,0.7022032182099068,0.7595207657119396,0.6640228773246835
1469.0,0.7372862382926538,0.09111146059413587,0.7408876104422059,0.09438063992205883,0.7456119884793432,0.09829271035229661,0.7567127590500954,0.10890185183203939,0.7738291981013437,0.12595915127369492,0.8108761090439305,0.16871703339163327,0.7459319315459465,0.0997683310091726,0.7439187910050031,0.0964341449921177,0.74666507632555,0.09925512265352193,0.7461917315916724,0.09871975929746665,0.746049100202754,0.09856536148254023,0.7495326546831824,0.10212437466777155,0.7498618053284523,0.10225147505495354,0.8267174970841079,0.6771579524621224,0.677154573011459,0.677157952446897,0.6406721524798027
1470.0,0.7395948041598388,0.09296979813459823,0.7433007025146613,0.09637164865198641,0.7481843495616645,0.10047163239812035,0.7596614679668687,0.1115930479483903,0.7773866156703849,0.1295995362319089,0.8159118717414325,0.17537531264817263,0.7485642595987421,0.1020179654111218,0.7463955878837084,0.09851028962710046,0.7492740711817379,0.10147741242273857,0.7487836121705425,0.1009207842133224,0.7486333480127038,0.10075796854090363,0.7522346150674688,0.10447721663868885,0.7525786328251083,0.10461782374720009,0.8409853687105688,0.6049031824695074,0.6535495460549379,0.6049031824563146,0.6187876209152181
1471.0,0.7419666209846995,0.09490474135751374,0.7457810653698536,0.09844756044350962,0.750830365148126,0.10274820261469447,0.7627001387578235,0.11441873137796534,0.7810639379817396,0.13345284827881368,0.8211565579045749,0.18256618498303517,0.7512726482934817,0.10437007937947572,0.7489421957587042,0.1006768377249857,0.7519581661114311,0.10380026901069699,0.7514499461033533,0.10322100748166897,0.7512917342092212,0.10304918092013683,0.7550156471127537,0.10693965401793668,0.7553751731917634,0.10709489321072178,0.8565362629208987,0.543177850928268,0.631581048409598,0.5431778509169823,0.5985013875921275
1472.0,0.7444040458880555,0.09692108476594051,0.7483312989173153,0.10061387505029622,0.753553034528994,0.10512907283326,0.765832859407135,0.11738913150710632,0.7848674737041134,0.13753807604134363,0.8266242000373388,0.19035469095967203,0.7540602503901299,0.10683176832138679,0.7515613714212983,0.10293977220896708,0.7547204511926154,0.1062306104856897,0.7541937837183025,0.10562722490732111,0.7540272887925431,0.10544573944635596,0.7578791013892654,0.10951945029251883,0.7582548196180232,0.10969056239833216,0.8734126627203714,0.49090611367856635,0.6112460846519456,0.49090611366892695,0.579767962889179
1473.0,0.7469095781047023,0.09902402908774602,0.7509541646207027,0.1028765746847495,0.7563555509429922,0.1076215088203128,0.769064006009237,0.12051553293428947,0.7888040307735416,0.14187650719620243,0.8323301207202967,0.1988166385972997,0.7569304253858051,0.10941079324582181,0.7542560454199421,0.10530561240526294,0.7575642177307034,0.1087759997437515,0.7570183734048352,0.10814686308975942,0.756843238182979,0.10795500931830859,0.7608285513718143,0.11222511433180817,0.7612211918307091,0.11241347020979468,0.8916095692207658,0.4466309617771055,0.5924483630039957,0.4466309617688405,0.5624684765938628
1474.0,0.7494858703503214,0.10121922497155743,0.7536525979132842,0.10524217776693326,0.7592413177384512,0.11023346226945725,0.7723982683367311,0.12381041387654589,0.7928809658001916,0.14649208260294083,0.8382910501138465,0.2080408583602127,0.7598867563173924,0.11211566009525113,0.7570293365941961,0.10778147513446608,0.7604929754084531,0.11144472087623757,0.7599271782911817,0.11078805381505834,0.7597430217204801,0.11058505358689527,0.7638678129369756,0.11506599134004547,0.764278155922131,0.115273108651122,0.9110309834745141,0.40895783505652566,0.5750539283785556,0.40895783504939215,0.5464624991996134
1475.0,0.7521357411968292,0.10351282241114519,0.7564297226083512,0.1077177999733949,0.7622139656394259,0.11297365308838811,0.7758406784535409,0.1272876067264437,0.7971062391212348,0.1514118169725783,0.8445252412761549,0.21813202666607673,0.76293306904519,0.1149557106088433,0.7598845675818366,0.1103751442867613,0.7635104704567619,0.1142458665676253,0.7629238940209618,0.11355971914727654,0.7627303092337092,0.11334471718064693,0.7670009655990432,0.11805236734627501,0.7674298460906467,0.11827992992433563,0.9314025132445164,0.37669263476867215,0.5589210727334808,0.3766926347624696,0.5316115059778145
1476.0,0.7548621879297308,0.10591152678787936,0.7592888666951265,0.1103112237606125,0.765277372282765,0.11585166372581482,0.7793966430416248,0.13096248496123122,0.8014884765637691,0.15666630086258554,0.8510525723327571,0.22921422289858442,0.7660734538318229,0.11794122670373647,0.7628252814678863,0.11309515027717323,0.7666207059083822,0.11718943841170176,0.7660124687311104,0.11647166904308229,0.765809020822382,0.1162437232709787,0.7702323754407031,0.12119558961991092,0.7706806880787621,0.12144546991669122,0.9521158535486637,0.34885828097055055,0.5439149282015517,0.34885828096511584,0.5177883116601516
1477.0,0.7576684008933066,0.10842266258117521,0.7622335791037778,0.11303097775710481,0.7684356841789394,0.11887804762620208,0.7830719790164091,0.13485218152981354,0.8060370378784848,0.16229030258594784,0.8578946173342725,0.24143543702433126,0.7693122885254766,0.12108355075797646,0.7658552606418696,0.11595086104358215,0.7698279646008044,0.12028646240927274,0.7691971255976053,0.11953471367405911,0.768983349177469,0.11929278412502421,0.7735667208669116,0.12450820588887962,0.774035425386938,0.12478249106598487,0.9719777219336552,0.3246699479457739,0.5299133689780574,0.3246699479409768,0.50487993324799
1478.0,0.7605577798458528,0.11105424599005737,0.7652676483653613,0.11588642768425494,0.771693340520785,0.12206445432021489,0.7868729526835614,0.13897584499870558,0.8107620920040813,0.16832349352016085,0.8650746563194699,0.25497331307812615,0.7726542641314676,0.12439522466623532,0.7689785479203503,0.11895258657485441,0.7731368343727739,0.12354912237044163,0.7724823873975479,0.12276079308311497,0.7722577838585521,0.12250372902751297,0.7770090215840857,0.12800412584005846,0.7774991488349579,0.12830514820517994,0.9888761640102233,0.30350086887720984,0.516808470244364,0.3035008688729454,0.49278754380262063
1479.0,0.7635339516964079,0.11381506794275686,0.7683951237248827,0.1188878807898487,0.7750550993051117,0.1254237741751166,0.7908063235863595,0.1433549411900216,0.8156747000819132,0.17481132665413646,0.872617574964634,0.2700425009838086,0.7761044137678139,0.12789015114064212,0.7721994694330622,0.12211169935336996,0.7765522354956229,0.126990914510987,0.7758731033746705,0.12616312734542848,0.7756371378547506,0.12588965238666594,0.7805646703876443,0.13169880912848486,0.7810773290881813,0.13202918176655773,0.9995489808011876,0.2848501444017174,0.5045059364769516,0.2848501443979012,0.4814252600944795
1480.0,0.7666007896422067,0.1167147892552221,0.7716203382518294,0.12204670617438163,0.7785260667460414,0.128970306466974,0.794879393594844,0.148013609878083,0.8207869065905808,0.1818061064909867,0.8805495704095117,0.2869040958787667,0.7796681447867623,0.1315837814738008,0.775522659752224,0.1254407735835819,0.7800794513902702,0.13062682723322253,0.7793744794098632,0.12975639107682652,0.7791265774436007,0.12946508579833266,0.7842394681367737,0.1356094850511633,0.7847758523929103,0.13597214369346292,1.0,0.26831581707358804,0.4929237374234351,0.26831581707015256,0.4707185698020047
1481.0,0.7697624346207063,0.11976405004563992,0.7749479340179333,0.1253754738763983,0.78211173007062,0.132719955227278,0.7991000611760802,0.15297908843830635,0.8261118377781969,0.18936829926976254,0.8888975244326959,0.3058777627120778,0.7833512739260583,0.1354933349077569,0.77895309015021,0.12895374667913664,0.7837241631123825,0.13447355095266067,0.7829921117613226,0.133556916967444,0.7827316555650882,0.13324619866076995,0.7880396629596402,0.13975541020328355,0.7886010605639662,0.14015366261897183,0.9871987304047153,0.2535734365452977,0.48199054139127656,0.25357343654218756,0.46060275426170266
1482.0,0.7730233193544295,0.12297459593597485,0.7783828902460727,0.1288881161826161,0.7858179935300463,0.13669045830191046,0.8034768813883536,0.1582822173110232,0.83166380604956,0.19756814673608353,0.8976878115126289,0.32735724531370985,0.787160066441234,0.13963805591125217,0.7824961000671302,0.1326661072253542,0.787492487377079,0.13854972391927964,0.7867320241930288,0.13758293406013866,0.7864583485127364,0.13725103295273416,0.7919719940689294,0.14415817189466518,0.7925597957324401,0.14459575639426472,0.961343760481231,0.240359366412246,0.47164420538267504,0.24035936640941583,0.45102144993948223
1483.0,0.7763881946589308,0.12635942409261164,0.7819305548440049,0.13260011537089988,0.7896512183037212,0.14090165629380014,0.8080191326000103,0.16395804595040633,0.8374584182130945,0.2064876655260693,0.9069441479502608,0.35182996102669434,0.7911012800417839,0.14403951712301297,0.7861574316746943,0.13659511455975606,0.7913910185118322,0.142876221346396,0.7906007090420791,0.1418548477986383,0.7903130965259962,0.1414997790657067,0.796043740147607,0.1488420469476344,0.7966594498170851,0.1493232019748445,0.9261734817199537,0.228457897517328,0.4618304217333468,0.22845789751474063,0.44192539318128027
1484.0,0.779862158352194,0.12993295280164055,0.7855966791547674,0.13652872301766472,0.7936182671815558,0.1453758096122964,0.8127368903334894,0.1700465628373526,0.8435126830518719,0.21622313914933255,0.9166838090217325,0.37990107424568587,0.7951822136257714,0.14872197755626165,0.7899432681700378,0.14076005627075638,0.795426875331488,0.1474764968800717,0.7946051731499888,0.14639557051480334,0.7943028492147587,0.14601510119028227,0.8002627729059774,0.15383442783696807,0.8009080192248006,0.15436397511875485,0.8866626472973704,0.21769131801381142,0.4525015467665742,0.21769131801143576,0.43327134901735276
1485.0,0.7834506876053722,0.1337112190722449,0.7893874562882969,0.14069321715540561,0.7977265542573864,0.15013797381385746,0.8176411081153461,0.17659357949585028,0.8498451096505585,0.22688824254049325,0.9269110557621708,0.4123213140593374,0.7994107610475313,0.15371280799100756,0.7938602766056366,0.1451825513682442,0.7996077534328714,0.1523769876211441,0.7987529890115348,0.15123091310585582,0.7984351161337544,0.1508225227927305,0.8046376167455903,0.15916633111655282,0.8053141657246087,0.15974977547409439,0.846725700444379,0.20791224633716612,0.4436156046713746,0.20791224633497615,0.42502120710692903
1486.0,0.7871596750327384,0.13771210975582104,0.7933095639119584,0.14511520501549005,0.8019840997850413,0.15521644591116807,0.8227437053794238,0.18365180673591291,0.8564757823445532,0.2386179826749492,0.9376057670509584,0.4500146450349046,0.8037954708618399,0.15904299845403821,0.7979156554960652,0.14988690871460814,0.8039419829809383,0.15760759668720214,0.8030523512686251,0.15639005130074238,0.8027180226238713,0.1559508853068926,0.8091775149109398,0.164873006903563,0.8098872839493356,0.1655166566418705,0.8085889616962081,0.19899768638031454,0.4351354474553426,0.19899768637828857,0.4171412224037306
1487.0,0.7909954685056442,0.1419556329128733,0.7973702119652952,0.1498189809204745,0.8063995909103838,0.16064329751107864,0.8280576622538864,0.19128217218396956,0.8634263891481293,0.2515736957116445,0.9487038146086063,0.49409393003104785,0.8083456127420886,0.16474776649822026,0.8021171873781797,0.1549005526321977,0.8084385924958357,0.16320227085433922,0.8075121391712802,0.16190608330149708,0.8071603715669065,0.16143289647607256,0.8138925021852542,0.17099467312214953,0.8146375755472793,0.17170578597207656,0.7732018623564472,0.19084439242886664,0.42702804868471145,0.19084439242698595,0.409601378072346
1488.0,0.7949649152070669,0.14646423772496542,0.8015771954101016,0.15483195121018284,0.8109824490088354,0.16645501472838808,0.8335971198271841,0.19955544239993614,0.8707201649887396,0.2659494143984885,0.9600633038951227,0.5458337527263946,0.8130712506247358,0.17086728990441682,0.8064732969947627,0.16025453057079045,0.8131073794270236,0.1691996953896005,0.8121419857496858,0.1678166999390191,0.8117717118063474,0.16730578903174473,0.818793484463929,0.17757740459658267,0.8195761302051386,0.17836436555736002,0.7407915044026281,0.1833652317122164,0.41926390962305615,0.18336523171046556,0.40237485037373666
1489.0,0.7990754107359093,0.15126319322750414,0.805938952503576,0.1601851410432683,0.8157429037868957,0.17269327009566662,0.8393774828400485,0.20855423164657858,0.8783816854748487,0.2819800105227616,0.9714072161140346,0.6065269344644468,0.8179833226710206,0.17744759379063846,0.8109931157968928,0.16598412152175343,0.817958987777214,0.1756441340967288,0.8169523538946062,0.17416499410759972,0.8165624134230133,0.173612115887257,0.8238923254251286,0.18467421539936568,0.8247150136932326,0.18554675462726875,0.711242623405516,0.17648630791392272,0.41181655886354335,0.17648630791228792,0.3954375581718292
1490.0,0.8033349536648526,0.15638103865256303,0.8104646293481602,0.16591380170549933,0.8206920740604825,0.17940585852779492,0.8454155197706172,0.2183755041576941,0.8864364051104904,0.2999516225465896,0.9822292396508534,0.6770641408888101,0.8230937282933559,0.18454163039214494,0.8156865529644584,0.17212956876454738,0.8230049924997874,0.1825864502811471,0.8219546191683792,0.18100044354644185,0.8215437497077543,0.18040071515180817,0.8292019396173841,0.19234638373420987,0.8300673621752279,0.19331584498370696,0.6843047418426003,0.17014466396726766,0.4046621295139594,0.17014466396573752,0.3887677827548487
1491.0,0.807752205732547,0.16185012138030608,0.8151641510734916,0.17205814193660357,0.8258420551380543,0.18664783831086662,0.85172945178838,0.22913370946508158,0.8949097638801312,0.32021498125525055,0.9916518372636637,0.7569335105903411,0.82841542179773,0.19221060060038114,0.8205643729133265,0.17873696687366755,0.8282579902475654,0.19008535437258098,0.8271611590964728,0.18838011056523402,0.8267279856398502,0.18772788756407213,0.834736390232408,0.20066508291115726,0.8356474808174884,0.20174475614620785,0.6596924745769147,0.16428642042427036,0.3977790010154655,0.16428642042283523,0.3823458466148209
1492.0,0.8123365581420221,0.16770724261629844,0.820048299586034,0.17866421310467653,0.8312060121498276,0.19448292974730808,0.8583390158324713,0.24096473336711807,0.903825567085106,0.34320229550853315,0.998255258871591,0.8422502465553091,0.8339625109363312,0.20052558055629044,0.8256382792700271,0.18585934116489647,0.8337316955085556,0.19820893709757462,0.8325854481016378,0.19637011479491515,0.8321284721080601,0.19565884111665074,0.8405109886747033,0.2097134007739136,0.8414709433932742,0.21091893667712838,0.6371296984774837,0.15886522838261463,0.3911474956987212,0.1588652283812657,0.3761538427352263
1493.0,0.8170982044948141,0.17399443622481153,0.825128797753712,0.18578498627351475,0.836798277317284,0.20298523940885582,0.8652654771997962,0.254030903168493,0.9132031396217762,0.3694482244265727,1.0,0.9229666351822239,0.839750357356923,0.20956953529965752,0.830921004805668,0.19355796854145016,0.839441039643381,0.2070365643982994,0.8382421557958176,0.2050474514582757,0.8377597436967501,0.20426947364044343,0.8465423908316755,0.21958885474286893,0.847554687191721,0.22093878428189476,0.6163664651513312,0.1538409225849622,0.38474962338372753,0.1538409225836919,0.3701754090392362
1494.0,0.8220482203917328,0.18075991303492261,0.8304183995555549,0.1934816699421533,0.8426344474280422,0.21224139812651202,0.8725315514373606,0.2685273574234887,0.9230524050636459,0.39961482067450393,0.9945563194869439,0.9817541493093731,0.8457956739123994,0.21943982614446164,0.8364264056442977,0.20190400284403426,0.8454022680707619,0.2166612331042349,0.84414724433929,0.21450224928438855,0.8436376159450734,0.2136485851957654,0.852848680915017,0.23040654233543542,0.8539170931774633,0.23192293170609518,0.5971833922613936,0.14917824612268332,0.3785688711020704,0.14917824612148547,0.3643955464146756
1495.0,0.8271986491863074,0.1880592119048937,0.8359309846287072,0.2018253313131339,0.8487314753179053,0.22235322744835082,0.8801611696336618,0.2846901784368773,0.9333654326295691,0.43451842431431426,0.9803449080559998,1.0,0.8521166099301888,0.2302513509600662,0.8421695565156362,0.2109804864169099,0.8516330277084412,0.22719251643259458,0.8503180577439738,0.22484059070687837,0.8497792752967014,0.22390063990593642,0.8594494274804972,0.24230310994791507,0.8605780344465297,0.24401239058315632,0.5793906848492946,0.14484547183817584,0.37259004004321256,0.14484547183704474,0.3588004839877514
1496.0,0.832562592933148,0.19595661055985808,0.8416816539961965,0.21089890246182597,0.8551077448487722,0.23344108430989524,0.8881789782874723,0.30280678564303826,0.9441019487532715,0.47515157030337896,0.9577845064184064,0.9709365680988634,0.8587328091991955,0.24214049919882205,0.8481668416488579,0.22088485411987627,0.8581524315960805,0.2387602679063061,0.8567733911904193,0.23618805448811264,0.8562033503481382,0.235149233426699,0.8663656865053526,0.2554417784507294,0.8675588652865369,0.2573758038552944,0.5628251594948125,0.14081264444617708,0.36679913944764825,0.14081264444510774,0.3533776036343128
1497.0,0.8381543066289026,0.20452686461197137,0.8476868215324589,0.22079967716784726,0.8617831116297675,0.24564807947714304,0.8966093933054503,0.32322918065842576,0.9551645506161482,0.5226811285558238,0.9293475449813768,0.9056637828131497,0.8656654156546028,0.25527015891746124,0.854436032151282,0.23173206829235873,0.8649810788392401,0.25151930376483833,0.8635335203313326,0.2486941898735979,0.862929945229633,0.24754147001427354,0.8736199104331664,0.2700187351106444,0.8748823055963855,0.2722161313618564,0.5473468305042519,0.13704897137079453,0.36118336066615714,0.13704897136978234,0.3481154504890439
1498.0,0.8439892919258334,0.21385736342402434,0.8539642920770049,0.23164243626531097,0.868778880272752,0.25914542449532313,0.9054749071215825,0.3463906657143098,0.9663565945380714,0.5783768185861584,0.8981768415634896,0.8235110378140797,0.8729369859767818,0.2698360835145019,0.8609963344002984,0.24365856547081097,0.872140993819664,0.26565534986840783,0.8706201576063549,0.26253819432512354,0.8699806035619084,0.26125351467420327,0.8812356956093791,0.28627128801367624,0.8825721462748908,0.2887791824762278,0.5328357821486495,0.13351853990664128,0.3557311819523917,0.13351853990568144,0.3430038845138516
1499.0,0.8500843835488713,0.2240508181361976,0.8605333108882852,0.24356338141130565,0.8761176705994467,0.2741392363510305,0.9147931424371186,0.3728264876637492,0.9773121411446106,0.6433664865747062,0.8667574471893833,0.7399968465673404,0.8805712421341323,0.28607501193488094,0.8678683839707184,0.2568272504888576,0.8796554257924363,0.2813926206562489,0.8780562817814147,0.277936145374789,0.8773781515482096,0.27649766285985855,0.8892372568642012,0.30448827624251,0.8906526529645413,0.3073645070755434,0.5191897085900052,0.1301729928421814,0.3504327099384086,0.13017299284126874,0.3380344794901259
1500.0,0.8564578172394364,0.23522863219188572,0.8674145591225368,0.25672511165094125,0.8838230949202759,0.2908792180921368,0.9245717928157727,0.40319815607087023,0.9873855168625366,0.7180073162573022,0.8365448572560202,0.6632558412936008,0.8885925535016299,0.3042750324256927,0.8750741436453623,0.2714338431400295,0.8875484124025764,0.29900349177429164,0.8858657526237734,0.29515022920102046,0.8851463359943437,0.2935313611493435,0.8976484454370974,0.3250233161371466,0.8991474652073889,0.328339236412486,0.5063224174481562,0.12693924620115574,0.34528045809845914,0.12693924620028332,0.3332013524519783
1501.0,0.8631292608994596,0.24753515038502413,0.8746300540862002,0.27132294623225706,0.8919191181347216,0.30966972875941895,0.9347999816244412,0.4383191660623383,0.9954988783765517,0.8005285345193366,0.808196886584665,0.5960432777812774,0.8970249660840981,0.32478876630249814,0.8826366378577168,0.28771496712055333,0.8958439478786848,0.318820819701532,0.8940725654585455,0.3145005023411201,0.8933091184822823,0.312668706752597,0.9064910041104834,0.3483114837123396,0.908077652427003,0.3521554598270077,0.49416361782576657,0.12370102321903621,0.3402708740989589,0.1237010232181932,0.3285026782069273
1502.0,0.8701197788036583,0.2611430412099552,0.8822028870110963,0.28759298103828257,0.900428888315645,0.33088382901572594,0.9454335290420323,0.4791747426454419,1.0,0.8846943146374222,0.7819027122362423,0.5383869539773426,0.9058904750396428,0.348049967821248,0.8905794125155765,0.3059584648747431,0.9045644911895844,0.34125350740575383,0.9026995045827074,0.3363797822128272,0.9018893956185966,0.33429501846706616,0.9157815450220501,0.3748898415849038,0.9174583566762041,0.379371460827209,0.482660214430305,0.12027942147597508,0.3354069173114097,0.12027942147514607,0.32394305380147853
1503.0,0.8774516795945366,0.2762601407629933,0.8901566880328864,0.3058223591522134,0.9093726836737539,0.35498086452215505,0.9563698813298661,0.5269160621233491,0.9987223265134503,0.9573938486628503,0.757617562471755,0.48925637587501314,0.9152060300751322,0.3745939465247028,0.898925536959059,0.3265165043649819,0.9137283707743731,0.3668058028640795,0.9117657925959541,0.36127219225085994,0.9109067610840473,0.3588850197744207,0.9255263783181817,0.4054214709994882,0.9272930547201979,0.410676210961475,0.47177846311763927,0.11643991463666671,0.3307013515218388,0.1164399146358349,0.3195361384677278
1504.0,0.8851481676408199,0.2931381732744428,0.8985146363253366,0.32636231771763813,0.9187643801984913,0.3825278422075209,0.9674057704229676,0.5827819398372479,0.9895897847717235,1.0,0.7351961974724773,0.4473658096600463,0.9249784089850979,0.4050814787153796,0.9076958435887085,0.34982205689715706,0.9233453369655845,0.3961002773950812,0.9212830562279163,0.38977545864927715,0.9203736621173887,0.3870247937607637,0.9357127058467705,0.44072056475309407,0.937563789386328,0.4469139924012347,0.46150363403437616,0.11199097181263201,0.3261781581570501,0.11199097181179114,0.3153048614559477
1505.0,0.8932326659312149,0.3120838538428928,0.9072977129408162,0.34964458608555765,0.928605429840741,0.414223827751983,0.9781673015577969,0.6478432220650922,0.9718150894791736,0.9978851121185177,0.7144607349036445,0.41149780905292827,0.9351954859296276,0.4403237939461366,0.9169058949157436,0.3764091247565303,0.9334089884181351,0.42990283296858184,0.9312484545128881,0.42262572872763876,0.9302888514805665,0.41943646001285134,0.9462936468970423,0.4817708543827255,0.9482145596105548,0.4890997641035117,0.4518303645923116,0.10701066322669667,0.3218661210495272,0.10701066322587054,0.31127408069934986
1506.0,0.9017275927242078,0.33347294254144305,0.91652168966852,0.3762015114096008,0.9388746284075467,0.45092383820441606,0.9880008860885288,0.7223602613703135,0.9467402574719914,0.9520678803780974,0.6952324465159373,0.3806058433983281,0.9458113831682765,0.48130100417898203,0.9265608157391789,0.4069363406933151,0.9438839012105633,0.4691439927138482,0.9416330020506696,0.4607202196717162,0.9406262620936139,0.45700133857653624,0.9571628276989914,0.529717172583907,0.9591231541660925,0.5384012549916272,0.44274150429596254,0.10199445677024112,0.31778160684370954,0.1019944567694779,0.30745475555943474
1507.0,0.9106522292593336,0.3577677756593207,0.9261919979886775,0.4066895380697327,0.9495107488908455,0.49365195338633905,0.9958253130400391,0.8044206815131208,0.9172118356092602,0.8782681136460904,0.6773452522593356,0.35382658906647163,0.9567212749664736,0.5291540316414137,0.9366465247408705,0.4422114548873733,0.9546837867883865,0.5149209369297807,0.952361751485101,0.5051246469544509,0.9513161259404592,0.5007696342924315,0.9681116071249842,0.5857819758158008,0.9700538707318849,0.5960313120907985,0.4341913231079884,0.09757817939495922,0.31391327463959395,0.0975781793942922,0.30383241136339956
1508.0,0.9200190695559467,0.3855384545968273,0.9362950238018607,0.44191358225202937,0.9603831567322041,0.5435777027055784,1.0,0.8876446797917932,0.886107233903955,0.7947374696209926,0.6606503476702185,0.3304602525027433,0.967718973947513,0.5851024931441243,0.9471148740635968,0.4832089733779362,0.9656346360695367,0.5684424902564315,0.9632803084322601,0.5570332084472696,0.9622130551152597,0.5519268643850307,0.9787587565180699,0.651000341471641,0.9805803775550955,0.6629277500164398,0.4261122007700797,0.09407148191365534,0.31022664448239307,0.09407148191307839,0.300373697972041
1509.0,0.9298276222309527,0.41748676937155627,0.946783356727839,0.4828446492807379,0.9712426511251456,0.6018953314785428,0.9984008381528914,0.9589261578069521,0.855429428415782,0.7137149573129006,0.6450167344891127,0.30994301096884797,0.9784271872237366,0.6501834860309132,0.9578585128417307,0.5310608757081691,0.9764136358708844,0.6308317831612582,0.9740990868530724,0.6176074255683105,0.9730428047262254,0.611648484119953,0.9884414935425052,0.7255626552175931,0.9899684026116772,0.7389852054572866,0.4184356290492626,0.09138248834941781,0.30668246409907296,0.09138248834890447,0.29704301709741276
1510.0,0.9400539146585867,0.4544690272301904,0.9575508450029795,0.5306108514060099,0.9816417508860408,0.6694761719476477,0.9890298041299134,1.0,0.8262496611545604,0.6407914909591907,0.630329998842352,0.2918206164373556,0.9881893428888162,0.7246032242388473,0.9686687114680158,0.5869727979111928,0.9864524922149076,0.7026115506837535,0.9843040676733428,0.6875393671138397,0.9833166226425482,0.6806976738049351,0.9960695381015437,0.8074372026415517,0.9970261352615922,0.8215025627954003,0.4111059115444544,0.0892600915576475,0.3032496823197674,0.08926009155717184,0.2938130029948292
1511.0,0.950632737509275,0.49750691266075314,0.9683907490474541,0.5864147882607637,0.9908149388161367,0.7460500320031018,0.9711770722418064,0.996864077501191,0.7990014781752295,0.5774210543767877,0.6164904616888931,0.2757259537819107,0.9959242727308347,0.8063769365123823,0.9791662600116345,0.6519609324781858,0.9948006625468572,0.7825739283433412,0.9930269024399643,0.7660634386593828,0.9922050365902708,0.75850200114366,1.0,0.8900866708262353,1.0,0.9027774943054545,0.4040819506402189,0.08748147485184629,0.29990790229658243,0.08748147485139221,0.29066590964328026
1512.0,0.9614277114389462,0.5477593035591758,0.9789271790875057,0.651273854073549,0.9975303668409355,0.8285845670141413,0.9462000116253169,0.9508679228343039,0.7737657345515853,0.5231373932890317,0.6034112226394682,0.2613609021812913,1.0,0.8890668728822781,0.9886947737946353,0.7262032379263288,0.999983312799081,0.8657510972999986,0.9988977809314776,0.8491010394152806,0.9983897159872549,0.8413845305057024,0.9981266291121478,0.9603080243283456,0.9967429607603163,0.9683232811750055,0.39733373311775994,0.08590101258653655,0.29664480507567625,0.08590101258609502,0.287591057452317
1513.0,0.9721814401508296,0.6063926873175562,0.9885091698968425,0.7253795951959036,1.0,0.9088673615162743,0.916890124321266,0.8774934044508177,0.7504544964720135,0.4768011434968471,0.5910163230760517,0.24848200115628072,0.9983167305710116,0.9596138617072963,0.9961783352800296,0.8076854120894319,1.0,0.9409951479362832,1.0,0.9267940299216253,1.0,0.9201024919286261,0.9885013656958227,1.0,0.9854643803397762,1.0,0.3908385016994174,0.08443585170865656,0.29345306062598087,0.0844358517082236,0.2845820718114835
1514.0,0.9824352120417338,0.6742177530234524,0.9960690119388378,0.8067596227406523,0.9960866974227292,0.9719710189395288,0.8860525610264436,0.7945646744156537,0.7289115227298445,0.4371676936207163,0.5792391127535432,0.23688921179288566,0.9889153380990395,1.0,1.0,0.8899612749482883,0.9927636837843142,0.9910940930322997,0.994203276406575,0.9827977147338344,0.9948977134738103,0.9788017411808521,0.9704815212656132,0.995639337647248,0.9658997263264975,0.9866883493692844,0.38457806298221037,0.08304211672284872,0.2903281369462525,0.08304211672242268,0.28163497657989617
1515.0,0.9914096804465838,0.750847448726046,1.0,0.8890582971968931,0.9841007965950862,1.0,0.8556417844052729,0.7140578836709409,0.7089622876019314,0.40310445756611485,0.5680208386894912,0.22641708341229674,0.9711164117244803,0.9965629668723639,0.998088960239086,0.9600264023983589,0.9771421973522525,1.0,0.9801105798383679,1.0,0.9815710609917234,1.0,0.9454621610794139,0.9489997189295368,0.9398111906902374,0.9334627173430962,0.3785371507191876,0.08169757511589566,0.28726699681358137,0.08169757511547622,0.2787470722378549
1516.0,0.9978604731216443,0.8330582524449037,0.9982382641730186,0.9594045365677308,0.9639503325083072,0.9830517827206103,0.8267078021465715,0.6414875108722539,0.6904369871094881,0.37365172479839354,0.557309448131938,0.21692771615959539,0.9462697349236295,0.9507577045524466,0.9885248873623744,1.0,0.9539407594923842,0.9645505514166414,0.9581433022614687,0.9722245836342253,0.9602526779236255,0.976106697727811,0.9162182420108798,0.8755720382469863,0.9100789391545515,0.8571586844423191,0.37270247769648795,0.08039136802859419,0.2842673802450817,0.0803913680281814,0.27591632134709376
1517.0,1.0,0.9124114465674041,0.9888553945062201,1.0,0.9375257743197262,0.9274670893764345,0.7996791453055632,0.5783215791760546,0.6731799443165243,0.3480212495305055,0.5470585904371397,0.20830497752816218,0.9171265559993451,0.8778538868470298,0.970657856945571,0.996351244510077,0.9256628544883133,0.8972045998430552,0.9305747785825809,0.909528596140966,0.9330848320534588,0.9158789158131235,0.885510180432049,0.7929176049441371,0.8793351681885893,0.7745114717985433,0.36706218681635233,0.07911841005022627,0.2813274244458209,0.07911841004982023,0.27314102401333423
1518.0,0.9957248663632362,0.97390514923322,0.9711702665239581,0.9971945763709147,0.9077109167647289,0.850358246574484,0.7746385912885191,0.5241315521231575,0.6570524603388741,0.3255739815030519,0.5372268078751044,0.20044944684895866,0.8864521704579014,0.795411981531401,0.9458380603784124,0.9505255176131266,0.8951869083391389,0.8159832503890853,0.9003154149358344,0.8298007214920287,0.9029772172221499,0.8370063212519144,0.8552531904049417,0.7127725935333629,0.8493075341332913,0.6958648843867123,0.3616055241031471,0.07787644864363656,0.27844546748979354,0.07787644864323794,0.27041965070073115
1519.0,0.9834229873287992,1.0,0.9464929125489762,0.9521423834055456,0.8770598320072696,0.7679589261434527,0.7515022357640958,0.47781305264176355,0.64193266599287,0.3057938015535265,0.5277769210809493,0.1932734906343751,0.8561800791913868,0.7152764547161383,0.916792474527469,0.8776680055760638,0.8646985332334207,0.7345569727134315,0.8697159925828222,0.7478679808427774,0.8723572097989158,0.7548560613650742,0.8264744207416821,0.6405301442660252,0.8208792752962073,0.6256177055382616,0.35632263421234633,0.07666455210997467,0.2756199494831208,0.0766645521095833,0.2677507583967687
1520.0,0.9630890899003234,0.9815058578194599,0.9175282396121333,0.8797775076706988,0.8472160415908976,0.6900298712485682,0.7301179903903114,0.4381474976668638,0.6277141236521733,0.2882634283930898,0.5186756445109051,0.18669566267246399,0.8273553505069245,0.6429435927759053,0.8862581759672468,0.7952375499392399,0.8354576281901402,0.6599342030724289,0.8401947475216411,0.6718587129077808,0.8427233053241244,0.6781379494199158,0.79959233658159,0.5776211023220723,0.794383743128684,0.5646949778421503,0.35120442442485966,0.0754823462606042,0.27284936471279475,0.07548234626022043,0.2651329503164113
1521.0,0.9366455634158914,0.9252251387415952,0.8870167225181314,0.7975501837785625,0.8190055858939681,0.6206064220890719,0.7103149586517179,0.4040200252069722,0.6143040190341377,0.2726442334306475,0.5098935198380979,0.18063320385774104,0.8004092711239056,0.5799087390088459,0.8561488406412004,0.7150497343468912,0.8080290042154188,0.5944450884614827,0.8124205221948486,0.6047679062868198,0.8147990423978493,0.610206966118916,0.7746866783253676,0.5236175198474331,0.769857520951835,0.5124696949502614,0.34624246795849273,0.07432963922846754,0.27013224010398124,0.0743296392280912,0.26256485803050383
1522.0,0.9069396644545356,0.84815424393458,0.8568878807487351,0.7173731568164521,0.7927308761627694,0.5604491117116935,0.6919263287120307,0.3744824748053912,0.601621330258933,0.25865998922008443,0.5014053458362085,0.1749907346925269,0.7754295783228956,0.5257768394072165,0.8274985473740332,0.6426128063172845,0.7825701890147186,0.5380522370340316,0.7866073037202213,0.5468605852719366,0.7888287293164993,0.5514963051751459,0.7516736879812079,0.4774273359919973,0.7471978516855313,0.46780039757353375,0.3414289307336926,0.073206245981854,0.2674671269688171,0.07320624598148537,0.26004513488303194
1523.0,0.8764649984162138,0.7661539553158626,0.8281916286676981,0.6448505894533911,0.7684143358015617,0.5088774162455737,0.6747988470938383,0.34875391573336917,0.5895951395060868,0.2460840027379158,0.4931914272771204,0.16964248380443253,0.7523371657322877,0.4794702407272091,0.8007331384760555,0.5794421025126313,0.7590337427778687,0.48978880705304867,0.7627343389530375,0.4972745207386594,0.764806222671017,0.5012038630688067,0.7304026243553231,0.43784538088252944,0.726247487656066,0.4294942233855761,0.3367565128327742,0.07211191445877371,0.2648525992086901,0.07211191445841267,0.25757245485058206
1524.0,0.8468185264962453,0.688698951534004,0.8013651869577647,0.5815589012295591,0.745948038448073,0.4647454760364141,0.6587957819417437,0.3261997988590085,0.5781631462105068,0.23472895985185818,0.4852401417145468,0.16440588966404832,0.7309838760580831,0.43978886555930546,0.7759378159377507,0.5251579288851983,0.7372830909193143,0.44845830015788923,0.7406756319791103,0.4548284763745902,0.7426115153637107,0.45815882362532406,0.710704245026433,0.40376800053617073,0.706836667014802,0.3964801784241364,0.332218399706679,0.07104630230930434,0.2622872544052664,0.07104630230895073,0.2551455138002425
1525.0,0.8188011576974753,0.6196923505110309,0.7765008296344433,0.5271499987632222,0.7251739080613995,0.4268737032122337,0.6437968826450516,0.3063066534073858,0.5672703927058313,0.22443883717741148,0.47755233638894945,0.1590109962959693,0.7112018296469872,0.4056298990247434,0.7530323939994399,0.4786918166967205,0.7171521997756134,0.41292262104796323,0.7202677291784969,0.4183654076972634,0.7220828230219064,0.42119517045405674,0.6924133397187596,0.3742555407863588,0.6888022809753186,0.3678542527273677,0.32780822025571643,0.07000897777059294,0.2597697159722463,0.0700089777702467,0.25276303158959695
1526.0,0.7927050770442323,0.5598585491522433,0.7535224444970653,0.4805694684487032,0.7059232547645452,0.39420844208402234,0.6296970721350531,0.2886586217077194,0.5568681953778922,0.21508229444770394,0.4701471979956566,0.15309449745581283,0.6928264679666011,0.3760527930502947,0.7318683793953591,0.43884830835932886,0.6984740408129617,0.38219679681813984,0.7013425105362118,0.3868717938138016,0.7030516928609805,0.38928471635904394,0.6753780844125332,0.34853324967837024,0.6719955636526284,0.3428739340710603,0.32352001005357917,0.06899943103643007,0.25729863546138826,0.06899943103609105,0.25042375424187996
1527.0,0.7685502477288968,0.5085215715275467,0.7322837632019932,0.44062694863406593,0.6880347464942255,0.365861949354324,0.6164047107774988,0.272917678201884,0.5469132736803866,0.2065469831907327,0.46306597470746896,0.14629757443559915,0.6757062036935004,0.3502813487897127,0.7122779583335915,0.4045263820716498,0.6810929380313175,0.35546257653252655,0.6837417202496116,0.35950110569173327,0.6853587098701948,0.3615661269490289,0.6594629854021338,0.3259709625394079,0.6562842482973873,0.3209361625507683,0.31934817862484177,0.0680170892204835,0.2548726946033158,0.0680170892201517,0.24812645584590193
1528.0,0.7462296557335536,0.4645519654033938,0.7126181133532604,0.40622236541749734,0.6713615446752903,0.3411053851111127,0.6038398221329285,0.2588076369754367,0.5373670812522475,0.19873415392124816,0.4563642063867781,0.13855481030771946,0.6597055340408593,0.3276839218742437,0.694096873580503,0.3747856653087461,0.6648689654636052,0.33205225251261145,0.6673224201479359,0.3355609751145991,0.6688595215640535,0.33733401429768606,0.6445488577334001,0.3060582695826472,0.6415521969909531,0.30155258235540316,0.31528748005403384,0.06706133154854262,0.25249060691755093,0.06706133154821751,0.2458699400472479
1529.0,0.7255873205445135,0.42678702082481107,0.6943617561245713,0.3764145689231552,0.6557732222646088,0.31934664607012925,0.591932449376148,0.2461014523898693,0.5281953691584751,0.19155277015505354,0.4500841841225804,0.1304188152619829,0.6447051154035528,0.3077487965568144,0.6771739916814742,0.3488492465069005,0.6496785963983871,0.3114244712473226,0.6519581233364059,0.3144896683090259,0.6534262358058032,0.3160158295156435,0.630531547724548,0.2883814143329143,0.6276979895479642,0.2843271234313697,0.31133298642005264,0.06613150326105557,0.25015111885511954,0.06613150326073759,0.24365304110661742
1530.0,0.7064568670181443,0.3941870118178562,0.6773637195846666,0.3504252916583513,0.6411553061263705,0.3001059635005124,0.5806212042541518,0.23461117550920096,0.519368057260744,0.18491200164654803,0.44422180048672466,0.12290141544576534,0.630600540236348,0.2900611441206377,0.6613743749109484,0.32608429289390806,0.6354137070133835,0.2931405019669664,0.6375379992749283,0.29583201988314645,0.6389467377534733,0.2971476497331276,0.6173202277858131,0.2726037801148502,0.6146331869982978,0.26893727891565916,0.30748006368112857,0.06522692765645768,0.2478530104989272,0.06522692765614617,0.2414746245533069
1531.0,0.6886791227727479,0.3658747637847735,0.6614890218336094,0.32762027873803645,0.6274078480701543,0.2829939296638152,0.5698520215749755,0.22417994913169986,0.5108595653898318,0.17871051222910947,0.438722045621968,0.11676776669629726,0.6173006623273811,0.27428349951551756,0.6465793362530886,0.30597765274354616,0.621979962761581,0.2768437477517734,0.6239653249933911,0.27921831970924343,0.6253231792649835,0.280352748369823,0.6048356499395381,0.2584500930339732,0.602280599833469,0.255119026609574,0.30372434971820617,0.06434691617882278,0.24559509587345327,0.06434691617851789,0.23933358748330083
1532.0,0.6721091410054982,0.34112915032047136,0.6466188111543346,0.30748509879374636,0.614443700441273,0.2676931879367972,0.5595771133600279,0.21467547790606076,0.5026498623331248,0.17282083999564657,0.4335080695203102,0.11211852651686387,0.6047258673959098,0.26013991564243644,0.6326852084847642,0.28811294489394046,0.609295074743722,0.2622429894376581,0.6111557429823906,0.2643469210161408,0.6124702406730314,0.2653238741465679,0.5930085257070683,0.24569387053255087,0.5905727011287738,0.2426548716776606,0.30006173429936345,0.06349077667461354,0.24337622292318675,0.0634907766743148,0.23722885855747236
1533.0,0.656618113031646,0.3193635860320833,0.6326491826483012,0.2896022998419073,0.6021868075833176,0.25394370055989984,0.5497541147710016,0.205984436769848,0.4947265709475041,0.1670693156419965,0.42851142434489226,0.10861778584378826,0.5928064633080757,0.24740332991509145,0.6196016680976869,0.2721511266258861,0.5972871439163252,0.24909901391527903,0.5990355798532304,0.25097031706184847,0.6003134384522418,0.25180904202674437,0.5817780939839845,0.23414750114011504,0.5794502331280775,0.2313643929299256,0.2964883407658913,0.06265782003310456,0.24119527321796064,0.062657820032812,0.23515939775333738
1534.0,0.642092944047186,0.30010220126995046,0.6194895283147193,0.2736319768548621,0.5905706443978305,0.24153107416108727,0.5403454237682009,0.19800724377042897,0.48708825908744324,0.1612218806624963,0.4236835241420677,0.10586185394728914,0.5814812564848397,0.23588551572709174,0.6072500073351152,0.2578147421295336,0.5858931790926021,0.23721403974829172,0.587540329225613,0.2388841217527763,0.5887875915443364,0.2396002868062475,0.5710908895399608,0.22365436204631176,0.5688610143342678,0.22109671027074718,0.2930005092687344,0.06184736544807415,0.23905116143797667,0.06184736544778763,0.23312419591856906
1535.0,0.628434867432954,0.2829583174273039,0.607060823214398,0.259295985818394,0.5795368463598056,0.2302773426090686,0.5313177584398242,0.19065249377418406,0.47974782912851555,0.15501210687423983,0.4189935977718223,0.10354896313238435,0.5706963321079763,0.2254289920860533,0.595561525199446,0.2448754287322667,0.5750578123683534,0.22642334216444948,0.5766133304590506,0.22791835268787658,0.577835482054558,0.2285247796283757,0.5608997051192957,0.21408244094673315,0.5587589384781285,0.2117243495885387,0.2895947814053803,0.06105874452915813,0.23694283468418065,0.06105874452887751,0.23112227416781883
1536.0,0.6155577619711593,0.26761647413707124,0.5952940242471344,0.2463653910458128,0.5690340356984952,0.22003364910486656,0.5226419937841618,0.1838301317261023,0.47273186311207804,0.14827537314542394,0.4144229562290592,0.10149325186038913,0.5604040378587545,0.2159002942215197,0.5844760994389961,0.23314411039994876,0.5647322087721378,0.21658853618693588,0.5662046430788091,0.2179304664843287,0.5674067114310533,0.21843775803896237,0.5511627364478752,0.2053189705028576,0.5491031555502233,0.20313801407088394,0.2862678861247277,0.060291304468187173,0.23486927165269225,0.06029130446791226,0.22915268315780424
1537.0,0.6033864791912301,0.25381795395851364,0.584128647447593,0.23465056991030733,0.5590168330500986,0.21067433615969844,0.5142933960560463,0.17744230803947397,0.4660691700997296,0.1411815958456083,0.4099601414811063,0.09959065724548502,0.5505621715244315,0.20718399988673072,0.5739409496763835,0.22246334267285825,0.5548731588658166,0.20759203076896957,0.5562701059127013,0.2087996547654101,0.5574567405721095,0.20921678490208015,0.541842906235368,0.19726557737066897,0.5398574339921661,0.1952417497416864,0.28301672678189854,0.059544410438328074,0.23282948170521547,0.05954441043805854,0.2272145022694161
1538.0,0.5918553107727551,0.24134931862280207,0.5735115374042896,0.22399341957674804,0.5494450416613921,0.20209199956108656,0.5062524305750654,0.1713715862317341,0.4597688560306863,0.1343078162697255,0.40559777301377825,0.09778584959024408,0.5411333878371632,0.1991768188817065,0.5639095782401368,0.21270136797058192,0.5454423461584664,0.1993321839271676,0.546770571162934,0.20042193656853977,0.5479461018300193,0.2007568915062266,0.5329073795891145,0.1898333768540579,0.5309897220177245,0.1879479049938748,0.27983836923729016,0.05881744737663453,0.23082250386142095,0.058817447376370686,0.2253068387201363
1539.0,0.5809066396524526,0.2300333921350409,0.5633958195523326,0.2142611856612171,0.5402829975238774,0.1941930692151606,0.49850628079925846,0.1654701967898524,0.4538057443718403,0.12828654254228472,0.4013307071268154,0.09605036659555433,0.5320848707265871,0.1917808695391436,0.5543408651160765,0.2037475488605518,0.5364057932233677,0.19171865011634714,0.5376713137327416,0.19270555818532112,0.5388397787422032,0.19296615593873745,0.5243273106708696,0.1829373330383267,0.522471956673052,0.18117117025070648,0.276730030904843,0.058109821275808354,0.22884740573421308,0.05810982127554962,0.22342882662533592
1540.0,0.5704897780976846,0.21972217592317156,0.5537400182047936,0.20534151009486215,0.5314990926391657,0.18689344140083072,0.49105077483758053,0.15956599560455018,0.4481295736074978,0.12337381486850503,0.3971550144356842,0.09436996291895378,0.5233883670242299,0.18489506914805612,0.5451982888855466,0.1955089563381626,0.5277335120167921,0.18466732327340987,0.5289416353168566,0.18556613396317992,0.530106765011472,0.18576121877336915,0.5160778980190625,0.17648924448575762,0.5142802090504787,0.17482110416124907,0.2736890706640736,0.05742096008934953,0.22690328242432806,0.05742096008909608,0.22157962602293566
1541.0,0.5605599786405221,0.21029126640553514,0.5445073232299809,0.19713835353991285,0.5230655002475156,0.18011365093484658,0.48389104443733144,0.15351909955695672,0.44268673945784626,0.11943225986408833,0.39306742579975407,0.09273770484218836,0.5150207399157716,0.17840383837813967,0.5364492420397262,0.18790799966537786,0.5193994154588032,0.17809425362912917,0.5205547118363898,0.17892091007604202,0.5217198380394857,0.1790622099225508,0.5081388530454939,0.17038964838193602,0.506395273816841,0.16879384837900388,0.2707129795586305,0.05675031433596564,0.2249892553871101,0.056750314335717075,0.21975842187255257
1542.0,0.5510775978270965,0.20163542895407538,0.5356649931432913,0.18956848017785732,0.5149581561073256,0.17377327459393924,0.47703730986941256,0.14734726198701242,0.4374343815320543,0.11618112156869599,0.38906503671531695,0.09115030556826385,0.5069652173965413,0.17216475098782102,0.5280644038033551,0.18088108645101983,0.5113815777954742,0.1719084299696894,0.512487764495222,0.17268187411878358,0.5136556080475196,0.1727868545306329,0.5004953124749478,0.1645227561054985,0.49880369490759807,0.16296855140814367,0.2677993722117269,0.056097357473857044,0.22310447128113134,0.056097357473613337,0.21796442303729782
1543.0,0.5420073924294215,0.19366505122520294,0.527183890882424,0.18255821157795568,0.5071570518026286,0.16778547406265706,0.47049366675878196,0.1413169165410472,0.4323428497259785,0.11337516951903064,0.38514515197975074,0.0896062134467586,0.49921326811340605,0.16600534280060758,0.5200171256300689,0.17437833833236976,0.5036629038422569,0.16600578214539827,0.5047226260693694,0.16674932106553467,0.5058948964572659,0.16684508324016228,0.49313880984893804,0.15876787819616603,0.49149868550031145,0.15722465630707283,0.2649459788954086,0.05546158610298642,0.22124810080576796,0.05546158610274758,0.2161968612540515
1544.0,0.5333179302880088,0.18630325039523715,0.5190381591534606,0.176040229532392,0.4996467808443326,0.16205648576227627,0.4642466595273007,0.13580924312979303,0.42739270300340326,0.11085070945486886,0.3813052058062156,0.08810463147320119,0.4917660529441994,0.15975697703931702,0.5122827791441525,0.1683641305563204,0.49623201009264356,0.16027362956054975,0.497246583913517,0.1610132246065143,0.4984233426980269,0.161140141673401,0.4860668912443744,0.153049296407857,0.48447923376873925,0.15150201403713093,0.26215063819657725,0.05484252004327439,0.21941933753260215,0.05484252004304015,0.21445499009590807
1545.0,0.5249811020163021,0.17948344763552226,0.5112050475332707,0.16995056630312452,0.49241685297625065,0.15650194891628164,0.45826553058038727,0.131043494691743,0.42257108007758587,0.1085109547273027,0.37754272217719465,0.0866450273191001,0.4846324514106038,0.15335901402717567,0.5048380391081364,0.16281705463303434,0.4890833603227507,0.15462417220813865,0.49005274575424396,0.15537918564405162,0.4912316262887263,0.15558969556827948,0.4792790728449159,0.14741757138073505,0.4777450691958134,0.14588349319921207,0.2594112902281455,0.054239702328491506,0.2176173967336892,0.05423970232826191,0.2127380839287372
1546.0,0.5169717244864707,0.17314727084041984,0.5036648764208537,0.16422710107444138,0.48546053133754397,0.15109088915427715,0.45251355999450243,0.1269860875589247,0.4178690352096791,0.10630172158426737,0.3738552963653255,0.08522689994521213,0.47782014621808117,0.14698707927262708,0.4976601959737868,0.1577249697529127,0.48221470467614214,0.14906321161854236,0.4831381657866253,0.14983056286142177,0.48431388938934683,0.15017567500484488,0.47276915565030664,0.14206708567988305,0.4712884846902293,0.14058780187150177,0.25672597033833566,0.05365269914912349,0.21584151420809625,0.05365269914889815,0.21104543686233432
1547.0,0.5092672298849128,0.1672427709955191,0.49640100152043376,0.1588132492791055,0.47877096548474474,0.1458900689824109,0.4469585082811396,0.12347434187269248,0.4132798869601196,0.10419321580073401,0.3702405873091413,0.08384967895053906,0.47132260237647305,0.14101706771483988,0.49072690621021986,0.15306790126585887,0.4756208553300242,0.14373155163453616,0.4764983455792201,0.1444810625459451,0.4776632805845931,0.14498489135862164,0.4665198418088158,0.1372046523484037,0.4650900185921119,0.13581339587964086,0.25409280327548767,0.05308109977239241,0.21409094510666127,0.05308109977217127,0.20937636169524568
1548.0,0.5018474272651228,0.16172327740610412,0.4893993917215639,0.1536711314446043,0.47233618542349515,0.14103298651880988,0.44157615620684154,0.12034474948496422,0.4087982664193574,0.10216892430334103,0.3666963152922726,0.08251269113579643,0.4651138234878497,0.13576224897337436,0.48401711406087367,0.1487900117221711,0.46928767329174254,0.13882145385148073,0.47012089079979136,0.13951767875257318,0.47126689698876384,0.14016092788534573,0.4605054858042452,0.1329003042582368,0.4591227403865478,0.1316041216778709,0.2515099977697039,0.0525245164637156,0.2123649627537481,0.05252451646349901,0.20773018885124883
1549.0,0.4946942911190691,0.15654777704326958,0.48264734225384476,0.1487977531330234,0.46613762898826605,0.1366125896445095,0.4363492929662833,0.1174799509743173,0.4044195855704682,0.10021938424735127,0.36322026196894946,0.0812151597018619,0.4591567136742264,0.1312797977551992,0.4775132942583555,0.1447906112349783,0.4631924587935007,0.1344299337290058,0.4639845578010394,0.13505671923457493,0.46510507860162986,0.13578926800250118,0.45469952900898347,0.12908759899537034,0.4533599969158221,0.12787621981045383,0.24897584149583302,0.05198258443097086,0.2106628574634879,0.051982584430758066,0.20610626530436457
1550.0,0.4877916738447813,0.15168346124525092,0.4761316192611324,0.1442192737702221,0.46015369987448357,0.1326224573604788,0.43126555431141095,0.11480668553994958,0.40013974376179345,0.09833881798791555,0.35981027119527537,0.07995621797436442,0.4534153742048428,0.12743452797119925,0.471203253143087,0.1409654822837372,0.45731004111917894,0.13052124523911324,0.4580645741015104,0.13108237665635858,0.4591556542573471,0.13185090897715523,0.4490795798619673,0.12565323183307997,0.44777989677917923,0.12451255495881726,0.24648869638560506,0.05145496181089207,0.2089839353470201,0.051454961810683535,0.20450395348838463
1551.0,0.4811248484876813,0.14710799490702,0.46983753500579767,0.139955944791387,0.4543642539416543,0.12899311342489533,0.42631562359520586,0.11228154844014056,0.39595496585453765,0.09652334963288707,0.3564642498975995,0.07873492833652368,0.4478614707226628,0.12404848572333678,0.4650793244602174,0.13725923080376987,0.45161818694782596,0.12699718033281857,0.45233835638271097,0.1275041747718248,0.45339843553942233,0.12826935580484847,0.4436284337501619,0.12249900365900668,0.44236581239158407,0.12141728630249063,0.24404699425920673,0.050941329715641734,0.2073275171061089,0.05094132971543714,0.20292263018606604
1552.0,0.4746800010323784,0.14280626674666427,0.4637498044303109,0.13599683673685853,0.4487526506263017,0.12564723313182105,0.42149205040593324,0.10987884910609876,0.3918617124894077,0.09477007137701512,0.3531801686265748,0.07755030174301528,0.4424745496603025,0.12098065328472583,0.45913572017437665,0.13366819213739942,0.44609934479508917,0.12376309481123118,0.44678780060431905,0.12422692402899718,0.4478169773647375,0.1249656977495034,0.4383330533722933,0.1195571459124417,0.43710516968922,0.11852590479788089,0.24164923274916916,0.050441392356975895,0.20569293680754688,0.0504413923567755,0.201361685392356
1553.0,0.4684439885112562,0.13876281252892328,0.45785402806925807,0.13230803036709196,0.44330565452028065,0.12252480149241747,0.41678854459775716,0.10758283275790771,0.3878566297151432,0.09307656122894477,0.3499560616671681,0.07640131567636717,0.4372400145542654,0.11813896003001802,0.4533664849958054,0.13020942081064685,0.4407400381985503,0.1207504585878195,0.4413989502176169,0.1211792554056108,0.4423982795359178,0.12188053633456859,0.43318324910326494,0.11678473941976318,0.43198811445120094,0.11579797330834529,0.23929397149147133,0.04995487726545278,0.20407954063171516,0.04995487726525579,0.19982052114548265
1554.0,0.4624044369498514,0.13495825527840816,0.45213748519291636,0.1288517191315908,0.4380125914702377,0.1195850424748555,0.4121995695175766,0.10538320569414315,0.3839365200534461,0.09144063908977555,0.34679002668846254,0.07528692970885369,0.4321470693092048,0.11546787931139502,0.4477648969970525,0.1268975790779322,0.43552968241055706,0.11791478539526233,0.43616086737242155,0.11831416953081583,0.43713187314121743,0.11897407868533084,0.42817067626313826,0.1141549082812581,0.42700654304659413,0.11320822621929481,0.2369798285606043,0.0494815356227429,0.20248668558771823,0.04948153562254986,0.19829855031931065
1555.0,0.4565499105804223,0.13137149669376724,0.44658914812508343,0.12559629791615018,0.43286454773190247,0.11680107938975048,0.40772010920877017,0.10327267709380827,0.380098325194509,0.08986024789938844,0.3436802239716321,0.07420609849370251,0.4271872670206196,0.11293451651889556,0.442323684142786,0.12373855906020513,0.43045960246353676,0.11522784419353833,0.4310646267047396,0.11560173463244244,0.4320090109470286,0.1162202507752436,0.42328819271947626,0.11165022438073169,0.42215349269868596,0.11074023802956741,0.2347054771271069,0.04902114272633337,0.20091373818659966,0.04902114272614398,0.19679519537021356
1556.0,0.45086995276257574,0.12798270617632693,0.44119937612893384,0.12251778135682422,0.42785380817027363,0.11415470805520313,0.40334553359734165,0.1012456344292184,0.3763391149560624,0.0883333996685002,0.34062487527668917,0.07315778232608072,0.42235361454936277,0.11051893216543605,0.43703540405431046,0.12073106271471042,0.42552238065860887,0.11267119230629467,0.4261026289100455,0.11302245049581555,0.42702211323790773,0.11360142040871218,0.41852947315184785,0.10925865352175618,0.41742277813436124,0.10838260835507288,0.23246964231716385,0.048573498607744375,0.19936007306335338,0.04857349860755884,0.19530988703204105
1557.0,0.4453550135138942,0.12477454217883309,0.4359595954968352,0.1195980856585607,0.4229735021208024,0.11163287153810754,0.3990715183141851,0.09929743459479222,0.37265607957326075,0.08685815444353336,0.33762226241412163,0.07214095554828356,0.41764004920148623,0.10820837380355501,0.4318927313697029,0.11786956225757188,0.4207114576789702,0.11023204551589098,0.42126817663713956,0.11056288256441595,0.42216442222847894,0.11110493345319203,0.4138887809994311,0.10697125087111689,0.41280877728031323,0.10612681200753359,0.23027109825557301,0.04813842882789297,0.1978250715379627,0.04813842882771105,0.19384206295369683
1558.0,0.4399963396934142,0.12173210636755283,0.43086205787408177,0.1168231110996508,0.41821738688910054,0.10922556627268916,0.39489399502604344,0.09742402492352718,0.36904652372575525,0.08543261529807059,0.3346707255845082,0.07115461311281297,0.41304113781028295,0.10599405256865829,0.42688862331597627,0.11514652496983807,0.41602089443576934,0.10790088820668121,0.4165552204385396,0.10821310373931238,0.41742979179198175,0.10872107997846968,0.409360831818508,0.10478089039011793,0.4083063027979757,0.10396601828415324,0.22810866527381315,0.047715785476449286,0.1963081201056518,0.04771578547627099,0.19239116627579247
1559.0,0.4347858711819217,0.11884250873292111,0.42589967470503115,0.11418137347974634,0.4135797140395858,0.10692465726515396,0.3908091189423719,0.09562174014144727,0.3655078614476401,0.08405493049178307,0.3317686615423958,0.07019777560960579,0.4085519027012394,0.10386939062458299,0.42201639769817206,0.11255373573025279,0.41144522846288034,0.10567014322711386,0.41195820569002756,0.10596526288603048,0.4128125578405109,0.1064419495515388,0.4049407086071089,0.10268156951180357,0.4039105222973667,0.10189444592694198,0.22598120726638848,0.047305448406063044,0.19480860884728535,0.04730544840588834,0.19095664414633753
1560.0,0.4297161547552465,0.116094443818985,0.4210659051235111,0.11166315024632337,0.4090551438036892,0.10472321577313096,0.3868132461231223,0.09388719301542396,0.36203761147305524,0.08272329824888755,0.32891452163246815,0.06926949303521393,0.4041677188327985,0.10182907812876821,0.41726975880860445,0.1100829973828542,0.4069793844756125,0.10353343934572522,0.40747197755042697,0.10381279490152528,0.408307455392531,0.10426079304274627,0.4006238066901827,0.10066802626113523,0.3996169062269189,0.0999070082208974,0.22388762917885832,0.04690732673727054,0.19332592975318377,0.04690732673709952,0.18953794618129408
1561.0,0.42478027453187656,0.11347786976714548,0.4163546777008477,0.1092599681807967,0.4046386873601042,0.10261514569325499,0.38290291648876834,0.09221721480313899,0.3586333927936325,0.08143597191331124,0.3261068097381231,0.06836884754590188,0.3998842507831902,0.09986856682825798,0.4126427952819563,0.10772646919041962,0.40261861588859216,0.10148520548334194,0.40309171911256597,0.10174998304180782,0.40390956263471506,0.10217166321432658,0.39640579564231143,0.09873552489395492,0.3954211917222466,0.09799911440248689,0.2218268746119627,0.046521360675847924,0.19185947495803443,0.04652136067568042,0.18813452288520532
1562.0,0.4199717951616585,0.11098377942272197,0.4117603331099856,0.10696429382177286,0.4003256655053009,0.10059496755024981,0.37907484024005655,0.09060882205301303,0.3552929203246691,0.08019126446048473,0.32334408017479793,0.06749495540034883,0.3956974121875649,0.09798379747021876,0.4081299640200101,0.105476810294348,0.3983584642517006,0.09952044190518675,0.39881290874220926,0.09977171230851792,0.39961426084490653,0.10016920721261886,0.39228259125898696,0.09687973255943082,0.3913193558764985,0.09616655544496157,0.2197979235263706,0.04614752369151036,0.19040863489312956,0.04614752369134646,0.18674582406201962
1563.0,0.41528471438587794,0.10860403579784704,0.40727757988917773,0.10476933979079818,0.3961116772426922,0.09865768868993396,0.37532588639650183,0.08905919721637144,0.3520140006406093,0.07898755198260624,0.320624935553863,0.06664696826406072,0.39160333798115415,0.09617105218433983,0.40372606796829064,0.10332722287877055,0.39419472930373506,0.09763458733119246,0.3946312887626265,0.09787332644300178,0.39541720390854035,0.09824854205955436,0.3882503336499967,0.09509664542407192,0.3873075947584621,0.09440543565838624,0.21779979003324965,0.04578582511528563,0.18897279637664377,0.04578582511512525,0.18537129726915377
1564.0,0.41071342256611465,0.10633124965630901,0.40290145871311445,0.10266893720039504,0.3919925746182426,0.09679872113720366,0.3716530727207896,0.08756567638568143,0.3487945277721147,0.07782327608461077,0.31794802463712635,0.06582407401816187,0.3875983640811169,0.09442687361500869,0.39942623186824905,0.10127144598287771,0.390123445532556,0.09582343840065446,0.3905428410715111,0.09605054147699245,0.39131429387354416,0.09640517598961426,0.38430536922282493,0.09338254192187212,0.38338230608897683,0.09271212938162272,0.21583152025595706,0.04543631322276424,0.18755134068746382,0.045436313222607286,0.1840103864031505
1565.0,0.4062526675578276,0.10415868466836696,0.39862731246644734,0.10065744642989999,0.3879644416867464,0.09501382628853594,0.3680535566092661,0.08612574062108165,0.3456324790719358,0.07669694527851532,0.3153120401970849,0.06502549719011709,0.38367901150071304,0.0927480196329791,0.39522587809133086,0.09930372663457729,0.38614086289819866,0.09408309804086697,0.3865437671772553,0.09429939051122825,0.3873016604960019,0.09463495555870365,0.38044423526690785,0.09173395107441841,0.3795400743684558,0.09108325158262832,0.2138921902484663,0.04509907888182106,0.1861436417088242,0.045099078881667955,0.18266253055877008
1566.0,0.4018975238264066,0.10208018117600806,0.39445076049225,0.09872969092898869,0.38402357636274836,0.09329907510428234,0.36452462670474456,0.08473700902377994,0.34252591116146425,0.07560713552443805,0.31271571689395833,0.06425049910296327,0.3798419731988033,0.09113143691544166,0.3911207035732692,0.09741878200486376,0.38224343035982816,0.09240994005451221,0.3826304711994135,0.09261618602257964,0.383375643571334,0.0929340276061294,0.37666364637873323,0.0901476293417711,0.3757776577437647,0.08951563630579865,0.21198090395634697,0.04477425985629751,0.18474906429465124,0.0447742598561479,0.1813271633836186
1567.0,0.3976433650344036,0.10009009308961739,0.3903676760025899,0.09688090547577863,0.38016647440070256,0.09165081757162316,0.36106369508696556,0.08339723262662418,0.33947295597071797,0.07455249008123152,0.3101578291772695,0.06349837782241677,0.3760841026987645,0.0895742444389666,0.3871066582888838,0.09561175945871954,0.3784277814005135,0.090800583020641,0.3787995449717391,0.09099749224172905,0.3795327773207599,0.09129881007373988,0.37296048226752526,0.08862054244214583,0.3720919761835219,0.08800631967057655,0.21009679120610184,0.04446204587129145,0.1833669631193089,0.04446204587114551,0.1800037132697415
1568.0,0.3934858395383883,0.09818323449438378,0.3863741659932529,0.09510669400282103,0.37638981502976415,0.0900656579720199,0.35766828995188016,0.0821042886581277,0.33647181688230354,0.07353171882204687,0.30763718921669997,0.06276846796722943,0.3724024039209524,0.08807372210670138,0.3831799254052302,0.09387819781879782,0.3746907210578614,0.08925186972523688,0.37504775472282237,0.08944010351189506,0.3757697763750637,0.08972596835085808,0.36933177665336187,0.08714985019372509,0.36848010069202214,0.08655252562599737,0.20823900570887613,0.044162684560523,0.18199668244449604,0.0441626845603806,0.1786916048975844
1569.0,0.389420848369136,0.09635483374955806,0.3824665532138789,0.09340299412606802,0.3726904479317596,0.08854043399433018,0.3543360487221768,0.08085617499070179,0.33352076498722844,0.0725435971530595,0.30515264486458926,0.06206014043694851,0.36879402190452804,0.08662730198689172,0.3793369030974264,0.09221399131508379,0.3710292141493977,0.08776085003314188,0.3713720290028993,0.08794102636858557,0.37208352305542974,0.08821239526719754,0.3657747070692321,0.08573289331179126,0.3649392433853988,0.08515165348255947,0.20640672306453112,0.043876488430381014,0.18063755751256796,0.043876488430242805,0.17739026289620588
1570.0,0.3854445253597655,0.0946004935785861,0.3786413598716474,0.09176604663586421,0.3690653813479931,0.08707219856436547,0.35106471154873475,0.07965100471286819,0.3306181354574121,0.07158696465367823,0.3027030776506603,0.061372802102368326,0.3652562342254685,0.0852325608577943,0.3755741879374104,0.09061535675159686,0.3674403744868466,0.08632476603965299,0.36776944763823555,0.08649746408006787,0.368471055745238,0.08675519365552092,0.36228658543744585,0.08436718157456892,0.3614667483085131,0.0838012666877721,0.2045991387519323,0.043603842986194526,0.1792889187091828,0.04360384298606003,0.17609911872544254
1571.0,0.38155321914968915,0.09291615608393565,0.3748952928265122,0.09019236884562014,0.3655117711592306,0.08565820372242147,0.3478521151725607,0.07848700082675893,0.32776232403674627,0.0706607235371383,0.3002874008075339,0.06070589549705996,0.36178644299213925,0.08388721340853875,0.37188855973440266,0.08907880395185433,0.36392145493616873,0.08494103884843299,0.36423723156136595,0.08510680293720446,0.36492955820313566,0.08535166084920442,0.35886484932592333,0.08305038303295928,0.35806008290403635,0.08249908255347438,0.20281546609135515,0.04334521616931041,0.17795010030885716,0.04334521616917997,0.17481762232982334
1572.0,0.3777434768383825,0.09129807189601677,0.37122523008820363,0.08867873106306635,0.36202691082022226,0.08429588613872324,0.344696187121525,0.07736249109812987,0.324951783650156,0.0697638370129839,0.29790455732429155,0.06005889854315417,0.35838216734181066,0.08258910579309255,0.36827696769660434,0.08760110932307572,0.36046983821811274,0.08360725660204026,0.3607727334060551,0.08376659988386678,0.36145634970364005,0.08399927472797337,0.3555070538114618,0.08178031408148857,0.35471683006516497,0.08124296277352076,0.2010549341644888,0.043101169240371225,0.17662045662361914,0.0431011692402451,0.17354526063390913
1573.0,0.3740120290979001,0.08974277284728954,0.36762820846066724,0.0872221356694464,0.35860822205386755,0.08298285400334189,0.3415949402194018,0.07627590309387847,0.3221850211278714,0.06889532761810024,0.2955535180240347,0.059431324340735406,0.3550410363854311,0.08133620941492535,0.3647365177858286,0.08617929228617759,0.3570830283675789,0.08232116354530318,0.3573734287810226,0.08247457124624974,0.35804887591413775,0.08269568106521628,0.35221086389088063,0.08055493028427936,0.3514346807160379,0.08003090464003762,0.19931678567714337,0.042872369200012875,0.17529938980853396,0.04287236919989123,0.17228158543649688
1574.0,0.37035577658019647,0.0882470476879404,0.3641014122051267,0.0858197984283562,0.35525324622637583,0.08171687511156951,0.33854646738602456,0.0752257594410999,0.3194605940401225,0.06805427557074645,0.29323327966002277,0.058822721047663576,0.35176078256158066,0.08012661490985973,0.3612644611442251,0.0848105942915585,0.35375864278529917,0.08108064998655747,0.3540369081526675,0.08122858241191933,0.3547047004326378,0.08143868201055968,0.3489740473896925,0.07937231789062947,0.3482114268723284,0.07886103290297718,0.19760027474914,0.04265960273736822,0.17398639542111233,0.042659602737251244,0.17102625344948347
1575.0,0.3667717774773497,0.08680792044968534,0.3606421626118553,0.08446913173372003,0.3519596363359235,0.08049586601541468,0.33554893670817315,0.07421067333714748,0.3167771076360573,0.0672398171922438,0.2909428630239724,0.0582326718751444,0.34853923536782,0.07895852633600993,0.35785818348193693,0.08349246014613076,0.3504944048254307,0.0798837430684344,0.35076086927779215,0.08002663836075873,0.35142149692153135,0.0802262255882262,0.3457944683241618,0.07823068599614953,0.345044955139918,0.07773159223643583,0.19590466461481987,0.042463791494429366,0.17268113369156143,0.042463791494317456,0.1697790806047251
1576.0,0.3632572361105965,0.08542263113181223,0.3572479083852347,0.08316772956564239,0.3487251495557984,0.07931788214212619,0.33260058676144927,0.07322934433464034,0.31413321187924187,0.06645114343344781,0.28868131105887185,0.05766079522389589,0.34537431544231906,0.07783025559582939,0.3545151953249999,0.08222252139744521,0.34728813686976356,0.07872859828577755,0.3475431101349775,0.07886687497877302,0.3481970417803801,0.07905639611990889,0.3426700806771152,0.07712835931663443,0.34193324061376296,0.0766409402846736,0.19422922521607508,0.04228600805229214,0.17138353496669392,0.04228600805218526,0.16854011055702017
1577.0,0.35980949243909666,0.08408861843593618,0.3539162167583317,0.08191335396476537,0.3455476402793487,0.078181108799889,0.3296997221634744,0.07228055442011998,0.3115275985708965,0.06568749853743512,0.2864476869674491,0.0571067449861911,0.34226402897078967,0.07674021711872371,0.3512331230323495,0.08099858154688745,0.3441377538443738,0.07761349170288243,0.344381522308617,0.07774755110216246,0.3450292073069303,0.07792740549870103,0.33959892255101015,0.07606377154776618,0.3388743411420567,0.07558754126552454,0.19257323066805881,0.04212749134669507,0.17009394351073828,0.04212749134659388,0.16730969279905092
1578.0,0.3564260123918687,0.08280350431774458,0.3506447652627215,0.08070392286691863,0.3424250536190796,0.0770838530039873,0.32684470933913945,0.07136316440079223,0.3089589985510991,0.06494817886591644,0.28424107230628676,0.05657021104038386,0.33920646239538177,0.07568692283035652,0.3480097005002285,0.07981860289118321,0.3410412571385591,0.07653681283092706,0.3412740847838625,0.07666704124903355,0.34191595530029406,0.07683758525262226,0.33657911066461027,0.07503545928724424,0.33586639192326057,0.07456996011155806,0.19093595657455473,0.041989658964085866,0.16881328812142474,0.04198965896399086,0.16608855888137056
1579.0,0.3531043789370209,0.08156508015816845,0.3474313340869631,0.079537499164053,0.33935541931649665,0.07602453606639668,0.32403397247876503,0.07047611061063946,0.30642617896710683,0.0642325319143356,0.28206056505410826,0.05605091996676329,0.33619977740310314,0.07466897743028535,0.344842761480303,0.0786806948175532,0.3379967288890161,0.07549705813211001,0.3382188581141773,0.07562382900263986,0.33885533106417315,0.07578537934511022,0.3336088351616136,0.07404205649837876,0.3329076004054114,0.07358685713116939,0.189316677166617,0.04187411152881279,0.1675432321541964,0.04187411152872456,0.16487787666092596
1580.0,0.34984228381156196,0.08037129438487535,0.3442737989640344,0.07841228087701255,0.3363368460226141,0.07500168689950779,0.3212659896700323,0.06961840194518396,0.3039279405969802,0.06353995553944852,0.27990527764124984,0.05554863601675412,0.3332422061718786,0.07368507399479945,0.3417302324452566,0.07758310340192372,0.3350023265947888,0.07449282512121376,0.3352139789256312,0.07461650101490974,0.33584545777124747,0.07476933766688766,0.330686354701462,0.07308228949635644,0.32999624145896816,0.07263698317351437,0.1877146622330341,0.041782620405594766,0.1662861988729137,0.04178262040551369,0.16367925153431387
1581.0,0.3466375198427788,0.0792202413991048,0.34117012453329415,0.07732659234208702,0.3333675159120073,0.07401393599139525,0.3185392891847175,0.06878911723335593,0.3014631152157879,0.06286989742310845,0.2777743349255727,0.05506316237163151,0.3303320468529459,0.07273398991767883,0.3386701259417653,0.07652420218132325,0.33205627803067145,0.07352280703900035,0.33225765472458274,0.07364374160323617,0.3328845311525818,0.07378811017979788,0.32780999180396064,0.07215497244075622,0.3271306527955378,0.071719175283182,0.18612917380481328,0.041717082843097456,0.16504512292534163,0.041717082843024667,0.1624946248433038
1582.0,0.34348797379895873,0.07811015168359654,0.33811835812762286,0.07627887632737068,0.3304456795957136,0.07306001001616291,0.3158524459010986,0.0679874029550525,0.2990305629905579,0.0622218547970848,0.27566687209818946,0.054594342732207965,0.32746765926858407,0.07181458319843785,0.33566053437632853,0.07550248399102727,0.32915687642843405,0.07258578807536044,0.32934815897700376,0.07270432791747762,0.3299708144781815,0.07284044167885512,0.3249781284205938,0.07125900332051638,0.32430923060617356,0.07083235283287133,0.18455946254785802,0.04167941601358187,0.16382282967687425,0.04167941601351833,0.16132599736246742
1583.0,0.3403916197128871,0.07703938298541761,0.3351166239401231,0.07526768700740259,0.32756965130021076,0.07213872704879083,0.31320407784278004,0.06721247131415922,0.2966291698888591,0.061595374455852565,0.27358203249969393,0.05414206328740127,0.3246474608044387,0.07092578908558757,0.3326996241841211,0.07451655377447124,0.32630247589682865,0.07168063912388291,0.3264838264292726,0.07179712565823623,0.3271026337967145,0.0719251671443141,0.3221892017063936,0.07039336042067687,0.3215304253936259,0.06997551412519934,0.1830047638075867,0.04167133873118965,0.16262116467034676,0.04167133873113597,0.16017493585959394
1584.0,0.3373465126264304,0.07600641248343797,0.3321631175284241,0.07429168373575251,0.32473780428148175,0.0712489923596989,0.31059284281437777,0.06646359867885465,0.2942578450847462,0.060990053087505096,0.2715189653252798,0.0537062551174545,0.32186992247600205,0.07006661708150612,0.32978563033480046,0.07356512228959432,0.32349148705221425,0.07080631405348203,0.3236630486414658,0.07092108533184435,0.3242783734039719,0.07104120766104638,0.3194416999668539,0.06955709926377504,0.3187927379736302,0.06914773345815861,0.1814642932363876,0.04169394906256692,0.1614402766764221,0.041693949062524126,0.15904198381495435
1585.0,0.33435078270865787,0.07500982986447483,0.3292561006173037,0.07334962556554021,0.32194856644429204,0.07038979477013411,0.3080174351138969,0.06574012440398717,0.2919155183439707,0.060405537957244224,0.2694768231934878,0.05328689709692494,0.31913356514873703,0.06923614831562856,0.32691685113256097,0.07264700064956849,0.32072237283284744,0.06996184648707761,0.32088426970498074,0.07007523903219506,0.32149647151076305,0.07018756688816553,0.31673415875493754,0.06874935002284836,0.31609471562064867,0.06834815865266143,0.179937241918658,0.04174693388702467,0.16027848770861486,0.04174693388699491,0.15792630555845807
1586.0,0.33140262970339435,0.07404833124508771,0.3263938961626966,0.0724403664775421,0.3192004161378878,0.06956020355552142,0.305476582301035,0.06504145005422156,0.28960113736869547,0.05984152798340479,0.26745475954993314,0.052884019373600606,0.3164369558913977,0.0684335332937595,0.32409164327026707,0.07176109564902439,0.31799364447015266,0.06914634708213266,0.3181459821168417,0.06925869774474129,0.31875541608192254,0.06936332806770423,0.3140651570933118,0.06796931540767437,0.3134349483336623,0.06757600904515713,0.17842277088807257,0.04182712049917294,0.15913283593967903,0.04182712049915739,0.15682585933051796
1587.0,0.32850031766481175,0.07312071388798164,0.32357488364200915,0.07156285128480154,0.3164918780998152,0.06875936589028296,0.30296904199959684,0.06436703905145877,0.2873136650795364,0.0592977752527548,0.2654519258724334,0.05249770751237181,0.3137787044419429,0.0676579900333482,0.32130841709941915,0.07090640583924972,0.31530385759061896,0.0683590013131375,0.31544672278348573,0.06847064917366463,0.31605374081844945,0.06856765156733609,0.31143331379692474,0.06721626903111334,0.310812065197356,0.06683057395347336,0.17692000490718704,0.04192587020230192,0.15799999096049627,0.04192587020230171,0.1557380699435105
1588.0,0.3256421699421012,0.07222587167326333,0.32079749453691125,0.07071611219172118,0.3138215195198048,0.06798650483434455,0.3004935987108848,0.06371641677594489,0.28505207681036016,0.05877408703007399,0.2634674686393472,0.05212810740781343,0.31115745976484877,0.0669088025974836,0.3185656320791509,0.0700820183277192,0.31265160842205375,0.06759906776203584,0.31278506912630677,0.06771035609952494,0.313390021255075,0.06779977295876355,0.30883728387054105,0.06648955426843046,0.3082247308135642,0.06611121162995276,0.17542802534890445,0.04202449943287483,0.15687719013592227,0.04202449943289011,0.15466072083540103
1589.0,0.32282656437573465,0.071362791295616,0.3180602079757881,0.06989926599466746,0.3111879461955537,0.06724091786884713,0.2980490606133814,0.06308917115745839,0.28281535738792923,0.058270328326815786,0.2615005260161836,0.05177543108575376,0.30857190667827017,0.06618532004423149,0.31586179236827133,0.06928710628895995,0.31003553007723894,0.06686587692913684,0.3101596352611962,0.06697715528175194,0.3107628709452726,0.067059001640591,0.3062757549550769,0.06578858362923569,0.3056716417770552,0.065417348722694,0.1739458619822836,0.04208657298606368,0.1557630800850749,0.042086572986093786,0.15359285690120822
1590.0,0.32005192866902327,0.07053054916910118,0.31536154650322784,0.0691115119203546,0.3085897987515285,0.06652197599650175,0.29563425632183,0.06248495380130149,0.28060249806491516,0.05778642510532135,0.2595502242090831,0.05143996353200551,0.30602076252843735,0.06548695581269715,0.31319544252452824,0.06852092718550198,0.30745428888750664,0.06615883058446367,0.30756906822312335,0.06627045692823384,0.30817093770507437,0.06634472002239002,0.30374744379549795,0.06511283866941703,0.30315152316839444,0.06474848027342268,0.17247248341955265,0.04204601959452616,0.15465858869283491,0.04204601959456693,0.15253571991153758
1591.0,0.3173167358993697,0.06972830903198207,0.3127000719440639,0.0683521301079056,0.30602574889106154,0.06582912343082152,0.29324803157643076,0.06190348170352984,0.2784124932703052,0.05732236820861395,0.2576156734252856,0.051122070704743026,0.3035027738875306,0.0648131875730044,0.31056516327498174,0.06778282170971567,0.3049065807572432,0.0654774016877784,0.30501204420550393,0.06558974476320129,0.30561289988603957,0.06565638329541955,0.30125109270119155,0.06446187047927532,0.3006631250350874,0.06410417028933874,0.17100678592614985,0.0417922038094553,0.1535680192987148,0.0417922038094987,0.15149384905110166
1592.0,0.3146195001334368,0.0689553202549341,0.3100743813286828,0.0676204807507253,0.30349449565043746,0.06516187790824904,0.2908892458296083,0.061344539621263364,0.2762443371362553,0.056878218121444134,0.25569596337203354,0.050822208903788614,0.30101671324986845,0.06416355757427858,0.30796956732032965,0.06707221347005711,0.30239112750894426,0.0648211349149953,0.30248726478240107,0.06493457673474647,0.3030874626461038,0.06499351982527866,0.2987854659679623,0.06383530079415717,0.298205218829807,0.06348405293642234,0.16954758022917082,0.04116116575244221,0.15250033292178852,0.04116116575247368,0.15047627318954906
1593.0,0.3119587721101086,0.06821091686751918,0.3074831028452862,0.06691600392537801,0.30099476162153355,0.06451983166822717,0.28855676869406044,0.060807983177094224,0.27409701975404993,0.0564541106859588,0.25379015821521766,0.050540935681676065,0.29856137569902425,0.0635376735328273,0.3054072951343349,0.06638860945881293,0.2999066731857666,0.06418964783939542,0.2999934530788976,0.06430458641488172,0.30059335418482797,0.06435573221280998,0.296349346227646,0.06323282378547546,0.29577659377193666,0.06288783441330287,0.16809357588093796,0.039959725670200855,0.1514698679221705,0.03995972567020455,0.14949702138789245
1594.0,0.30933313495387865,0.06749451733010005,0.3049248917829431,0.06623822014676893,0.2985252891069797,0.06390265315870682,0.2862494762113495,0.060293742791815624,0.2719695231051042,0.05605026391486247,0.25189729090933033,0.05027892248119252,0.2961355755163368,0.06293521011223815,0.30287701071714784,0.06573160135319102,0.2974519802761048,0.06358263282829174,0.29752934985220103,0.06369948515824704,0.29812932190703373,0.0637426990820919,0.29394153068838647,0.06265420860324347,0.29337605309508386,0.06231529557811053,0.16664336264341714,0.03806135298115178,0.15049461097926187,0.03806135298112033,0.1485731514589303
1595.0,0.3067411998793558,0.06680562509171238,0.3023984264269148,0.06558673170234798,0.2960848361684035,0.06331008953866595,0.28396624689478234,0.05980182855692217,0.26986081660459293,0.05566698606549522,0.2500163568007558,0.05003696916058328,0.2937381426980135,0.06235591105810085,0.3003773972581661,0.0651008677177068,0.29502582582077114,0.06299985972966124,0.2950937094419143,0.06311906510064416,0.2956941284750929,0.06315417766851979,0.291560827224234,0.06209930275637062,0.2910024101390937,0.061766295415925127,0.16519538825845836,0.035560963415696145,0.14959018535058533,0.03556096341564302,0.1477187742817649
1596.0,0.3041816018453477,0.06614382998904987,0.29990240386452016,0.06496122483296776,0.2936721725241207,0.06274197006512704,0.2817059574939863,0.059332336177597554,0.2677698521861036,0.05530468515832605,0.24814630639972934,0.04981602050049486,0.29136791934455714,0.06179959206279839,0.2979071526597564,0.06449617719343961,0.29262699735917336,0.062441179438931904,0.29268529554348266,0.0625632030956663,0.2932865477060732,0.06259000729597267,0.28920605026786483,0.06156803643404223,0.28865448424001927,0.06124077545160304,0.16374793186654316,0.032840057148258196,0.14876168360883155,0.03284005714821508,0.14693748323508524
1597.0,0.301652995113174,0.06550881055785977,0.29743553565586217,0.06436147284464236,0.29128607524761263,0.062198210469937,0.27946747842128505,0.058885454137685866,0.265695558845884,0.054963880139962014,0.24628603721640835,0.049617184641109535,0.2890237558817482,0.061266144450239764,0.29546498486848705,0.06391739277884809,0.29025428866565633,0.06190652845361565,0.2903028767530581,0.06203186570689666,0.2909053602646912,0.06205011384999169,0.28687601645433775,0.06106042789051707,0.28633109636547127,0.06073876523185008,0.16229907225220425,0.030391836486628444,0.14800036010316908,0.030391836486619795,0.146219821202286
1598.0,0.29915404866007317,0.06490033734586188,0.2949965433187939,0.063787340253837,0.2889253242120039,0.061678818451185446,0.2772496687713435,0.05846147225954803,0.2636368365541228,0.054645213898345875,0.24443438456830083,0.0494417531133752,0.2867045070671924,0.06075553978667905,0.2930496069540771,0.06336447732715376,0.28790649522071265,0.06139593454257509,0.28794522182540755,0.061525115394374164,0.288549349096952,0.06153451537355066,0.2845695399567814,0.060576590036340326,0.2840310644358069,0.06026038902112481,0.160846650068964,0.028542671845804987,0.14728866771277102,0.028542671845834287,0.1455484953224853
1599.0,0.29668344139303154,0.06431827733578323,0.29258415357165274,0.06323878808896242,0.28658869721880237,0.06118390042509792,0.2750513708560665,0.05806079185162085,0.26159254943095733,0.05434946832668332,0.2425901113036191,0.04929122160029053,0.2844090277303579,0.06026783554153494,0.2906597318694415,0.06283750040601456,0.28558240935481,0.06090952367688448,0.2856110945787885,0.06104311805669093,0.28621729454210154,0.06104332893307747,0.2822854274469176,0.06011673840043234,0.281753198263374,0.05980587387733938,0.15938822331457075,0.027346036241961535,0.14660830435016473,0.027346036242015082,0.14490597037815756
1600.0,0.2942398571022013,0.06376259960802119,0.29019709327031545,0.06271588049194403,0.2842749647408687,0.0607136697055551,0.27287140416649375,0.057683937651099436,0.25956151807615363,0.05407758158561855,0.2407518964655215,0.049167309611552634,0.28213616818671317,0.059803181940847196,0.2882940668168256,0.06233664668460042,0.2832808149938793,0.060447528389110695,0.28329924837168874,0.06058615211308102,0.2839079690523601,0.06057677892363673,0.28002247260429913,0.05968120064806129,0.27949629403301324,0.059375559293669326,0.15792101575434284,0.026676905555809153,0.14594506944609995,0.026676905555870538,0.14427882931615818
1601.0,0.2918219790858161,0.06323338239402979,0.2878340839680868,0.06221879278500157,0.2819828842003655,0.06026845629794222,0.2707085586626491,0.057331571771551286,0.25754251093838604,0.053830667600792526,0.23891832308271085,0.04907197556094334,0.2798847692585485,0.059361830174331984,0.2859513071361742,0.0618622260280913,0.2810004819265143,0.06001029774492814,0.28100842006656546,0.06015461933071768,0.2816201314404424,0.06013520700150769,0.2777794500880653,0.05927042785605608,0.27725912823675414,0.05896990860854078,0.15644185904917585,0.026364932717382675,0.1452897390977676,0.026364932717439536,0.14365842485750518
1602.0,0.2894284843699114,0.06273082169228385,0.28549383601793005,0.061747821186798404,0.27971119369270897,0.05984871850790291,0.2685615872828464,0.05700450984318613,0.2555342346174264,0.053610037604045944,0.23708786557362885,0.049007420745094496,0.2776536568258602,0.058944142132436775,0.2836301296223581,0.06141468548414139,0.2787401595026671,0.05959830912061145,0.27873732338493845,0.05974905761669146,0.2793525205650556,0.0597190838456753,0.27555510887479273,0.058885007752773944,0.27504045096553364,0.05858952239086431,0.15494713165645685,0.026267650678242556,0.1446370211218178,0.02626765067828875,0.14303981856493767
1603.0,0.28705803743691416,0.06225524163549294,0.2831750421268001,0.06130339437473911,0.2774586050570477,0.0594550565667138,0.2664291975571348,0.056703739465805446,0.2535353230200164,0.053417223093241525,0.23525887780396978,0.04897607045342243,0.2754416358209988,0.05855060185766622,0.2813291851690577,0.06099462332984151,0.2764985696639662,0.059212181973850433,0.27648464154769664,0.05937015599369933,0.2771038483542844,0.05932902294965514,0.27334816485606683,0.05852568011574396,0.2728389784508578,0.05823515399074149,0.15343270232198578,0.026287483887273505,0.14398420990272837,0.026287483887306482,0.14242049318271363
1604.0,0.28470928336743717,0.06180710680523423,0.2808763702620281,0.06088608708890028,0.2752237961850224,0.05908822845105475,0.2643100422100276,0.05643044094448936,0.2515443253555544,0.053253998795520736,0.23342958383436402,0.04898051115031211,0.2732474835710534,0.0581818288866697,0.27904709063037836,0.060602805293372246,0.2742743991970336,0.05885269375912358,0.2742490190851484,0.059018771949183584,0.2748727920578387,0.05896579661870453,0.27115729258211363,0.05819335446617373,0.2706533847422199,0.057907727388112354,0.15189389541075382,0.026364284342557803,0.14333014093962107,0.026364284342577718,0.14179936776289753
1605.0,0.2823808402899402,0.06138703667861045,0.2785964558010355,0.06049663594475854,0.2730054024533432,0.05874916800446742,0.26220270865173323,0.056186009982914564,0.24955969309011408,0.05312240280739489,0.2315980751821621,0.049023346263030995,0.27106994238360776,0.05783859362194098,0.27678241979012325,0.06024018294140113,0.2720662910965243,0.05852079804773977,0.2720290526963494,0.05869595126491886,0.2726579856134098,0.05863035427266445,0.2689811160360623,0.05788913007495034,0.26848229240516186,0.057608357340038725,0.15032551359362542,0.026463297468740515,0.14267450901500503,0.026463297468747916,0.14117615996352775
1606.0,0.2800712910258014,0.06099582234411027,0.27633389281065984,0.06013595754384552,0.2708020071669728,0.058439005313977124,0.26010570729750876,0.05597208146027768,0.24757976622945815,0.05302474858990597,0.2297623216120829,0.04910690408381066,0.26890771126685475,0.05752183478004832,0.27453369333811883,0.059907913979068805,0.26987283492866054,0.05821764472383962,0.26982328104055153,0.058402950255459746,0.2704580100142915,0.05832384299298151,0.2668181983334852,0.05761431804486005,0.26632426213605764,0.05733837156476042,0.1487219879650796,0.026565453330813657,0.14201745851796366,0.026565453330810535,0.1405510044387
1607.0,0.2777791738148465,0.060634445511693585,0.27408722434453425,0.05980516880483367,0.26861213091502,0.058159088994791316,0.25801745874228654,0.055790552427415756,0.24560275976562815,0.052963619105937755,0.22792020815610867,0.04923268002014638,0.2667594366785137,0.05723267877528532,0.2722993677837018,0.05960738375442021,0.2676925561056435,0.05794460176809841,0.2676301733644448,0.058141259996569085,0.26827138258215066,0.058047629938198494,0.2646670302741221,0.0573704647647038,0.26417778122446495,0.05709933420967978,0.14707778887642176,0.026660913633574656,0.14135934791792934,0.02666091363356239,0.13992423407139626
1608.0,0.2755029720146158,0.060304099615528545,0.2718549316648567,0.05950560911547418,0.2664342197830337,0.05791100947991522,0.2559362799898327,0.05564360070001332,0.2436267519594607,0.052941825663766345,0.22606962114760823,0.04940030557418379,0.26462370221729836,0.05697246054170027,0.27007782330448954,0.05934022643906591,0.2655239040322185,0.05770327748442446,0.26544811692066334,0.0579126314829622,0.26609654509280595,0.05780332567213436,0.26252601774523127,0.057159375181108044,0.26204125087087976,0.05689306896230952,0.14538833966768927,0.02674512162761596,0.14070061828933825,0.02674512162759593,0.13929625816828353
1609.0,0.2732411026947847,0.06000621238176633,0.26963542233978854,0.059238863313628785,0.26426663245474785,0.05769662141193791,0.25386037025685826,0.055533692331930035,0.24164967762974254,0.05296230042924347,0.22420862374580466,0.0496056823544376,0.2624990172189738,0.05674274464934947,0.26786735066428136,0.059108342904866634,0.2633652391903377,0.05749554085433062,0.2632754032419105,0.057719099501251495,0.2639318507970613,0.057592806407718716,0.26039346812129305,0.05698313282282401,0.25991297252049284,0.05672167858578459,0.14365184088093247,0.026816476050764697,0.14004172198173526,0.02681647605073813,0.13866749656938593
1610.0,0.27099190411254614,0.059742468461982674,0.2674270172632818,0.05900678344541081,0.2621076264102341,0.05751806146562455,0.2517877974568438,0.055463565818762606,0.23966933228856857,0.053027867570609545,0.2223357916790048,0.04983766819671992,0.26038380432024366,0.056545344419543675,0.26566613758850655,0.058913909768718686,0.26121481942974434,0.057323535641078664,0.2611102135441039,0.0575630009609645,0.26177555056054846,0.05741823132813426,0.25826757607712925,0.05684411085195421,0.25779113366028594,0.05658755488426746,0.14187258970063288,0.02687498765886385,0.13938308544341493,0.0268749876588323,0.1380383454376347
1611.0,0.2687536221841517,0.05951482936269041,0.2652279368279951,0.058811505377485536,0.25995534375078583,0.05737775482399217,0.2497164875153835,0.05543617134208194,0.23768339770439628,0.05314079564779467,0.2204508287985531,0.05007233895787561,0.25827638624782134,0.05638233471969785,0.2634722554489527,0.058759369622571486,0.2590707861046908,0.05718968025178625,0.25895060391829117,0.057446979833928255,0.25962577868436104,0.0572820479142351,0.256146409729617,0.056744963750987955,0.25567379404865165,0.05649336823490178,0.14006631856387125,0.026921512181682115,0.13872509119081397,0.02692151218164608,0.13740916075742343
1612.0,0.2665243963119324,0.0593255454941147,0.26303628682239016,0.0586554530612163,0.2578077977664457,0.05727839809106539,0.24764422053343518,0.05545452658564706,0.2356895078750127,0.053301959433280796,0.21855565105724578,0.050263483382311305,0.2561749724493254,0.05625605057699347,0.26128364794020814,0.05864738467655886,0.25693115136968603,0.05709663904192389,0.2567944916681061,0.05737396454924849,0.25748053957945066,0.057186972545293834,0.2540278989157283,0.056688581075743656,0.25355887428286467,0.05644201728663752,0.13826704184567581,0.026957317103784018,0.13806807034867782,0.026957317103744195,0.1367802515697898
1613.0,0.2643022453712055,0.059177150950878304,0.26085004523711286,0.058541317510838825,0.25566286240866687,0.05722289689444435,0.2455686411226091,0.05552142109718562,0.2336853891686832,0.053509310358029,0.21665619169335318,0.05032819579420479,0.25407764683094214,0.056169057560561605,0.2590981249053937,0.05858072239985316,0.2547937891478486,0.05704723966867042,0.25463964539364575,0.05734709262734802,0.25533769755918395,0.057135923718643136,0.2519098290043178,0.0566779703451531,0.25144415027500866,0.056436504435652325,0.13653171201404182,0.02698384091693508,0.1374123008815149,0.026983840916893046,0.13615187841421655
1614.0,0.26208505545966754,0.05907242427730274,0.258667052261224,0.05847198752028649,0.25351826868876204,0.05721421970419546,0.2434872960943997,0.05563884914423418,0.23166913393571112,0.05375513852102346,0.21476512450210014,0.050129076779663086,0.25198235902541316,0.05612406905065256,0.2569133670806326,0.05856201779864845,0.25265643441768315,0.05704429165439107,0.2524836836292502,0.057369537882857986,0.25319497395196006,0.05713186781615034,0.24978984645602825,0.05671601088369366,0.24932726015872902,0.056479676316247666,0.134934284856703,0.027002563231811463,0.13675800874565525,0.027002563231767317,0.13552425441018387
1615.0,0.25987057242970396,0.05901428558695123,0.2564850076899372,0.05845039154292504,0.2513716153112949,0.057255099990694315,0.24139772301833326,0.05580696004324768,0.22963970937146352,0.05402127325063041,0.21290519854981252,0.04946376503363404,0.24988692367049553,0.05612376651996293,0.254726952142222,0.05859331492888442,0.2505166992396296,0.05709022714937242,0.25032409074768325,0.057444161278551106,0.25104995916487005,0.05717750672253092,0.24766548733027455,0.056804976007649964,0.2472057353710709,0.05657372216137796,0.1335421869063503,0.02701493870669447,0.1361053703934356,0.027014938706647944,0.13489754752998934
1616.0,0.25765640473190143,0.059005577810397405,0.25430148339683006,0.058479179251184996,0.2492204066611974,0.05734746719507939,0.2392976312188373,0.056022158780384045,0.22759786815404534,0.054270939510402925,0.2111113745303894,0.048091752985536584,0.24778903582143763,0.05617044560937925,0.2525364205722388,0.05867521673107063,0.24837212061530733,0.05718642495749089,0.24815826573910665,0.05757284631849785,0.24890015338628962,0.057274682818125436,0.24553424873048632,0.05694564315165932,0.24507707686259317,0.05671924170946203,0.13238518962491827,0.027022367638327383,0.13545451574677259,0.02702236763827945,0.13427188325225814
1617.0,0.2554400465255704,0.059048640188056334,0.25211396457707913,0.05856011707812414,0.24706214148868344,0.05749139685269463,0.23718524762919402,0.056273732922534465,0.2255477061498027,0.054435757877675656,0.20942756999717854,0.04584188238046061,0.24568631705758856,0.05626535238037141,0.25033941409076294,0.058805345476830154,0.24622026700281288,0.057331974783510875,0.24598363159659678,0.05775527493232054,0.24674306027291834,0.057423283081764365,0.24339373857596236,0.05713567721636022,0.24293891350155608,0.05691355442201547,0.13144325644040322,0.027026187511851114,0.1348055311487103,0.02702618751180306,0.13364734714873255
1618.0,0.2532189388093112,0.05914451275044325,0.2499199441060251,0.05869297763005111,0.24489449346498157,0.0576832157646295,0.23505995007540764,0.05653799936487161,0.22349914150947886,0.05439749477219408,0.20789387028481526,0.04279100671239591,0.2435764181594932,0.05640747283240583,0.24813394390024973,0.05897560445476641,0.24405895068453862,0.05752146211645668,0.2437978541135131,0.05798672076868471,0.24457637653070136,0.057619263646630885,0.24124196557932706,0.057366748240087514,0.2407893074020905,0.05714768921206971,0.130663717188308,0.02702767642696215,0.13415846202373288,0.027027676426913578,0.1330239871633988
1619.0,0.25099059997502626,0.05929149057898027,0.24771711286390163,0.05887354165431421,0.24271565518952457,0.057912144468675354,0.23292338331325546,0.05676853200067442,0.22147134805547763,0.05396975424774488,0.2065281548028211,0.03935993473003526,0.24145722387731258,0.05659136739497947,0.2459188866006512,0.059167403666354305,0.2418866275864143,0.057741070839659805,0.24159925458436263,0.05825414610083421,0.24239835188836548,0.05785115392954748,0.23907787512372905,0.05761949816605545,0.2386273164451151,0.05740113805578153,0.1299882418919116,0.027028063160276214,0.13351331510291056,0.02702806316022604,0.13240181545891822
1620.0,0.2487528807335529,0.05948254512264664,0.24550372032173756,0.05909006824500096,0.2405249666117154,0.05815448161580473,0.23078132931534012,0.05688102390159368,0.219496163930164,0.052899971298358085,0.2053168104385654,0.03614875924499992,0.23932723845552487,0.05680336813892894,0.24369486753544448,0.05934359219245135,0.2397031207347559,0.05796190195354491,0.23938755793215707,0.05852946815567569,0.24020844499633243,0.05809401331503025,0.23690230305595855,0.057855032281590626,0.23645399242815085,0.057633018163644696,0.12936947388705058,0.027028540856009836,0.13287006013881333,0.027028540855959668,0.13178080976954118
1621.0,0.2465044376368321,0.05970081270331699,0.24327923039489893,0.059317202943976154,0.2383240205155969,0.0583639058512703,0.2286465834491765,0.05673339228720806,0.21761824329564275,0.050934612217839126,0.2042235436883735,0.03361737088652402,0.2371862830797673,0.057015074053218325,0.24146576746794526,0.059435604249143986,0.23751087825337472,0.058129037420554745,0.2371651973547037,0.058758429636706126,0.238008473930135,0.058299390457142046,0.2347195992071693,0.05800138513247376,0.23427407258337846,0.057768113079184294,0.1287749227270966,0.02703028261937614,0.13222863107198252,0.027030282619326475,0.13116091423483794
1622.0,0.24424558024805287,0.05991192510363865,0.24104547007121863,0.0595058739407932,0.23611851343546714,0.0584564499946513,0.22654267061083908,0.056109804380402716,0.21588666690354977,0.047981803294659904,0.2032068143381405,0.03191285291264927,0.2350367079914116,0.057172736055083495,0.23924112138673645,0.059325358174759826,0.23531703953571775,0.0581452277573603,0.23493946912727484,0.05884369473570442,0.2358045338676283,0.05837988485458249,0.23254019960775266,0.057934579002815,0.23209863823600366,0.05767764689442464,0.1281844461323996,0.027034457989886542,0.13158892662946853,0.027034457989836738,0.1305420397084326
1623.0,0.24197972544766455,0.06005163999180195,0.2388085411419628,0.0595677886241853,0.23392109449786908,0.05829067752738026,0.22450684115400468,0.05473620470726274,0.21433650621577394,0.04429494648001855,0.2022320559106047,0.030933462972673624,0.23288538116383728,0.057181502905925136,0.23703946653348995,0.05882671213988553,0.23313649845272028,0.057851284648513315,0.2327257649328496,0.05862362787244503,0.23360992393937074,0.058189147219766646,0.23038417524642255,0.05745963524107019,0.22994872182030784,0.057160970965645874,0.12758638364967118,0.027042249592913327,0.1309508103461197,0.027042249592864328,0.1299240635506047
1624.0,0.23971574119160718,0.060007931420918925,0.23658173374824432,0.059355410405096065,0.2317550656303694,0.057651420445253024,0.222588215161729,0.05237533941231398,0.2129711182014825,0.04046223346726617,0.20127522634202286,0.030480969969261047,0.23074663054859032,0.056886695261779016,0.23489177390691793,0.05768582087076143,0.23099555318609366,0.05701582320878004,0.23055153406645051,0.05785824405281349,0.23144887846704318,0.057506624475076276,0.22828474872286783,0.056312416429031495,0.22785871298991553,0.055950778306446805,0.12697436116875835,0.02705486929429421,0.13031411000774912,0.027054869294245606,0.12930682893124376
1625.0,0.23747130460421007,0.0596010519392452,0.23438923513747967,0.05864681901175346,0.22965743710849446,0.056263969937921605,0.22083583167526893,0.04901664283412419,0.2117613300149579,0.03711887450214724,0.20032137734743527,0.03036764487324942,0.22864573417573478,0.05606464528112716,0.23284197303678847,0.05564238630900136,0.22893403993131986,0.055368085426726825,0.22845891738179605,0.056255272644147,0.22935945473680108,0.05605567863407052,0.2262884720169237,0.0542263131487625,0.22587602707466645,0.05378718797991723,0.12634510901008472,0.027073572917150512,0.12967861653066945,0.027073572917103036,0.12869014370043777
1626.0,0.2352765986493415,0.058578047548277966,0.23226899423704772,0.05716422767471725,0.22767730811507036,0.05388640687306177,0.2192780718371843,0.045033958044915244,0.21066175108063842,0.034636415214777644,0.199361930905704,0.030454734976487083,0.2266209215201803,0.054456010308684424,0.23093941786669048,0.052589265699764354,0.2270013086648655,0.052720416200437166,0.2265012294411686,0.0535868097957162,0.22739134933510055,0.05360329797532145,0.22444664470328116,0.051099705725992706,0.22405160054809087,0.05059200162917489,0.12569709299019835,0.027099671940727196,0.12904408232658965,0.02709967194068023,0.12807377894222746
1627.0,0.23317566478995133,0.05666102928231471,0.2302705451852607,0.05467445969391587,0.22586429564727678,0.05049813633663198,0.21790794450771667,0.04108908193048286,0.20962865617878065,0.03305080937031475,0.19839231810934962,0.03065191129874206,0.22471943294725127,0.05188595346423306,0.22922115079706956,0.04876402043563756,0.22524173964528652,0.049165870097897656,0.2247282431178004,0.04989599736881647,0.22559348848503408,0.05015309420806367,0.2227963103502996,0.04718836658312327,0.22242031753000405,0.04665365706543651,0.12502969060436134,0.02713453939603904,0.12841021927933596,0.027134539395993577,0.12745746743505593
1628.0,0.23122025279553912,0.053693512224308994,0.22844267230072784,0.05118288357457848,0.2242480560581128,0.046463304927853014,0.21668821360643356,0.037792546105659984,0.2086288565398634,0.03219170345008872,0.1974103348044009,0.030904654758080925,0.22298358550162525,0.048454411639067274,0.2276934903772354,0.044757693019464535,0.22367452983638134,0.04518041370553854,0.22316412132431612,0.045633930475984484,0.22399329724409994,0.04609771190459694,0.22134168917166533,0.043102198575906595,0.22098331033350968,0.04259908741461002,0.12434270675348158,0.02717960503916827,0.12777669662495852,0.027179605039123717,0.12684090243595653
1629.0,0.2294527908161857,0.04984401309379373,0.22681278461366988,0.04708622881063383,0.22282295323037535,0.04244493660799126,0.21557050717448045,0.03543441787590141,0.20764050188606617,0.0318367703164391,0.19641510135555934,0.03118185311393822,0.22143149670682383,0.04462903735466342,0.22632931677521506,0.04123241858652034,0.22228379465633502,0.04143957089102852,0.22179485609680732,0.04151018616190036,0.22258246025997452,0.042109941519880865,0.22005281387328524,0.03951221326113358,0.21970838657640426,0.03908535262332185,0.12363609515902495,0.02723633116956547,0.12714313936083893,0.02723633116952129,0.12622373754242547
1630.0,0.22788609785246475,0.04566614343297511,0.22537268441366357,0.04306246928574389,0.22155233559570944,0.03906726089934612,0.2145117774803036,0.03397992768423251,0.2066504947796556,0.03179739467892792,0.195406434991142,0.031466794224380354,0.2200477999097172,0.04106096502740242,0.22508332020833016,0.038590299902767036,0.22102847350738922,0.03846648632831806,0.22057727898091165,0.03812906417911806,0.2213227143390529,0.038797208098452926,0.21888218626064687,0.036822363467649916,0.21854754600372495,0.03648537441386159,0.12290980512318371,0.02730615402179902,0.12650912844622886,0.027306154021755857,0.12560558896472213
1631.0,0.22649702415498643,0.04185757290600987,0.224084241347542,0.03972252426547844,0.220387458879501,0.03663595945392006,0.21348078217689936,0.033225485985401086,0.20565154744042694,0.03194091898733829,0.19438448030873537,0.03175135459958409,0.21879321449664713,0.038244789116296155,0.22391043808525507,0.036882049959684304,0.2198616057225081,0.036437455686095105,0.21945997052927246,0.03574547177633242,0.2201651869787924,0.036438245405089276,0.21778357640131504,0.03508381935004366,0.21745526072279106,0.03482530654430899,0.1221637090302421,0.027390364493681162,0.1258742051829224,0.027390364493638585,0.12498604253855448
1632.0,0.22523998017145253,0.038904191283157426,0.22289862948425074,0.03734521453242284,0.21928439996027999,0.03512464043593543,0.21245751354028308,0.03294366646705894,0.20463991985344673,0.03218316763985961,0.19334949474190571,0.032032452438658106,0.21762290973762885,0.036338315908592524,0.22277577909193697,0.035935942668888415,0.218743931755879,0.035246419739075135,0.21839906934930112,0.034292573558758886,0.21906668848801675,0.034987871215405024,0.21672162714463195,0.03412410665325088,0.21639722225060423,0.03392275094013447,0.12139759012474018,0.027489882633007542,0.12523788399143954,0.027489882632965673,0.12436466952947867
1633.0,0.2240667679533518,0.03692939625081476,0.22177261941271717,0.03588312695197632,0.21821102017493624,0.034330299923832804,0.21143021094113187,0.03295237462859979,0.20361392011696025,0.03247412147827505,0.19230172505567164,0.032309944239582014,0.21649940637921003,0.03523183955990083,0.22165605428809446,0.03552109940365754,0.21764795928875516,0.03467217296788231,0.21736353252311633,0.03354872855719719,0.21799597843204993,0.03423698873778687,0.21567292083796363,0.03370965562277715,0.21535091848645363,0.03354516807076735,0.12061118874947085,0.027604847011736305,0.12459968055113668,0.027604847011693995,0.12374105817310621
1634.0,0.222938737492076,0.03579222772293297,0.22067489334925966,0.03512466314565349,0.21714661619810308,0.03402212283414835,0.21039244829256212,0.03312719881517016,0.20257297688334647,0.032785639334866286,0.19124133656937087,0.03258539996567813,0.2153964216793069,0.03471061476837163,0.22053714977797395,0.03543995349195792,0.21655645486605327,0.03450036391455869,0.21633381139974067,0.033279075692540024,0.21693308099230366,0.033956614866760874,0.21462334663202268,0.03363920950659298,0.21430287430162526,0.03349645226053567,0.11980432372130284,0.027733883783948733,0.12395916635718504,0.02773388378390615,0.12311487245413436
1635.0,0.22182950323425324,0.03525847013166269,0.21958539794261203,0.03483906837942588,0.21607895700683338,0.0340139245981189,0.20934100633705047,0.03339048962512442,0.20151708549457073,0.033102939536992435,0.19016837248409646,0.032861402526767156,0.21429743348865665,0.03456988001325328,0.21941112080169498,0.03555304199087219,0.2154594268313381,0.03457006198804295,0.21529857527198587,0.03329917939504596,0.21586626043257215,0.03396489536691502,0.21356500821899269,0.03376984351434236,0.2132455948977673,0.03363886922693158,0.11897712870093421,0.027872828612723687,0.12331606715265506,0.027872828612679576,0.12248595639812934
1636.0,0.2207228144019881,0.03511309022970122,0.2184923340920192,0.03484345945855832,0.21500132092936117,0.034177964429013115,0.2082744929222638,0.033696646686027495,0.20044648342638838,0.033419202674668115,0.1890827300241932,0.033141158317542246,0.21319281485197805,0.034657175478471386,0.21827381891725367,0.035771723810767896,0.2143514707632393,0.03477522650474248,0.21425173436006245,0.033484112927693745,0.21478910263581108,0.03413809844677838,0.21249381979299825,0.034010243311462816,0.21217523237598082,0.03388499553145904,0.11813047570394931,0.028012538485716658,0.12267043320150443,0.028012538485669588,0.12185451213974197
1637.0,0.21960939359483805,0.03519848133549163,0.21738923932777401,0.035013556522172314,0.21391030954254217,0.03443430008399173,0.2071924984501768,0.034020345355849815,0.1993614621644484,0.03373230058578235,0.1879841456173366,0.033428292527029176,0.21207731090313484,0.03487255380495547,0.21712329852824855,0.03604330325906943,0.21322990223062813,0.03505122679229914,0.21319032075694153,0.033756218369890956,0.21369838936492425,0.03439918773445817,0.21140790190891015,0.0343058546188869,0.21109004136053133,0.0341828450355153,0.11726670194145981,0.0281352710023046,0.12202292550048988,0.028135271002254242,0.1212213941876691
1638.0,0.2184843167472865,0.03541208546947846,0.21627285833997859,0.03527204797001878,0.21280442277068004,0.034735894563555,0.2060950940175019,0.03434858017503469,0.19826225887390134,0.03404286148970442,0.1868721846247556,0.03372675458624249,0.21094826156415566,0.03515533669542191,0.21595882438053624,0.036338157374399604,0.21209356609617405,0.03536087711551455,0.21211313082736197,0.034069987765653995,0.21259272098099283,0.03470301511141928,0.21030658516265077,0.03462583519680572,0.20998942368968337,0.034503165172125365,0.1163908031822308,0.028209068764864655,0.12137528053578499,0.02820906876480746,0.1205885765270444
1639.0,0.21734521447461835,0.03569186007269522,0.2151417615755571,0.03557366340447987,0.2116831840335553,0.035056584778230634,0.20498253795516808,0.03467568107403103,0.19714899414486772,0.034353145166226694,0.185746233161864,0.034040789036511206,0.20980446615067644,0.035470768316826363,0.21478027642082004,0.036640771815721784,0.21094211300468532,0.03568406531885294,0.21101989938132415,0.03440019879835477,0.21147167338654735,0.03502458000342062,0.20918981345742604,0.034953898101353485,0.2088733574654587,0.03483061897129117,0.11551225592511682,0.028180166849153216,0.12073101696464208,0.02818016684908352,0.11995984169629613
1640.0,0.21619113857536068,0.03600232551378726,0.2139954989343097,0.035893368246323165,0.2105466193322468,0.035382914644694126,0.20385510583729208,0.035000308494696604,0.19602163596300598,0.034666401915247017,0.1846054909145721,0.034374943742226716,0.20864549191688864,0.0358001944487477,0.21358780002278316,0.03694405104884571,0.20977557050104473,0.0360109684655803,0.20991081077878312,0.03473394963125187,0.21033529685086005,0.03535112159392884,0.2080577934338387,0.03528247073920801,0.20774206203238654,0.03515818920462361,0.11464742395236338,0.027965907084411032,0.12009636883732551,0.02796590708432535,0.11934164965352168
1641.0,0.21502187763077163,0.03632444863785057,0.21283409631895034,0.036218420490078146,0.20939495216337706,0.03570900685501127,0.20271299254632816,0.03532368072453892,0.19487997831933757,0.03498651892740516,0.18344896495902488,0.03473409551036238,0.20747126297934196,0.03613466539087671,0.2123816027123283,0.03724586723269029,0.20859409208028432,0.03633787243110082,0.20878621391280733,0.03506567953508347,0.20918382275406136,0.035677172005940734,0.20691079076464147,0.035609138904584656,0.20659580345026915,0.03548378072641432,0.11382176589307368,0.02745689418087093,0.1194811438031618,0.027456894180762526,0.1187438518479498
1642.0,0.2138375529259291,0.036649089676305896,0.21165776085570548,0.03654340393219249,0.20822842653192367,0.03603346612371174,0.20155625590041074,0.03564854577821687,0.1937236278297321,0.03531783671265033,0.18227546575346704,0.035123475050179855,0.2062818187981298,0.036471003319999466,0.21116183677994557,0.0375470184175862,0.20739781130657456,0.03666467527490458,0.20764645769590828,0.03539416631755436,0.2080174935588641,0.03600157508608709,0.20574901255684727,0.035934536095877774,0.20543478224460518,0.035808207001317316,0.11306953851901508,0.02654587066494095,0.11889860899702244,0.026545870664799912,0.11817935937003014
1643.0,0.21263838281018205,0.03697298063664236,0.21046670985966806,0.03686723560391723,0.20704720484274805,0.03635755019404291,0.20038478396925197,0.03597859727383091,0.19255199481765128,0.03566506438884202,0.18108360803034132,0.035548669105506664,0.20507717290940775,0.03680945777057963,0.20992853163397215,0.037850041505969,0.20618675713473392,0.03699342523005704,0.20649179679986676,0.03572075278797185,0.2068364647474615,0.03632572793188036,0.2045725396483851,0.03626111234147396,0.2042590687868637,0.036134017257775285,0.11242743554103721,0.0251965498395296,0.11836300232266699,0.025196549839352447,0.1176615033916367
1644.0,0.211424546270291,0.03729632679218185,0.20926107211394188,0.037191400828736225,0.2058513090942106,0.036684107552933165,0.1991982757739302,0.036318153040450066,0.1913642874226086,0.03603324816663885,0.17987182173855223,0.03601556590814194,0.20385723013096974,0.03715233564005421,0.20868155465824606,0.038158534932433485,0.20496080450057316,0.037327479924747026,0.2053223379328739,0.03604831568303349,0.20564074834263932,0.036652560832217136,0.20338128752475096,0.036592428917720625,0.20306856596964873,0.0364648258257295,0.11192128854614758,0.023521007148168092,0.11788429670989882,0.02352100714795223,0.11719898905841232
1645.0,0.21019610424160382,0.037621402008372926,0.20804083098717827,0.0375189293389106,0.20464058690720055,0.037016971988616955,0.19799622970411088,0.03667198671428272,0.19015950904370854,0.03642775938562258,0.17863838219048825,0.036530186745136334,0.202621737532002,0.03750321605063987,0.20742058829941346,0.03847678233956229,0.20371964507077403,0.03767103447371293,0.20413800931391865,0.03638067696654123,0.20443018026408877,0.03698595687254719,0.20217498356048846,0.03693276439218499,0.20186298744430695,0.0368049385584712,0.11155326134222258,0.021777093054371095,0.11746312100641032,0.021777093054119775,0.11679140648232678
1646.0,0.208952954246488,0.0379517395651669,0.20680579161375554,0.03785381214888992,0.20341469183234742,0.037360626236548074,0.19677793703769939,0.03704524323037784,0.1889364613185911,0.03685427021414418,0.17738147535105797,0.037098303516335744,0.201370254804252,0.037866512209341056,0.20614511657558668,0.038809551013935316,0.20246276960917145,0.038028865983539516,0.20293854346227347,0.0367222756575804,0.20320440139571624,0.037330430281783226,0.20095315377744324,0.03728690193347894,0.20064184495904738,0.037159151912525445,0.11130091520404432,0.02024668984438552,0.1170903643043888,0.02024668984411225,0.1164293555652621
1647.0,0.20769480426243084,0.03829167513434603,0.20555556205519707,0.03820067692091785,0.2021730722919505,0.03772001989204931,0.19554248029440827,0.037443389715712656,0.18769375742295571,0.03731867675351598,0.17609932574320328,0.03772466573575691,0.20010213600198926,0.03824723609993899,0.20485441774063093,0.039161986039865405,0.2011894575776803,0.03840620047817941,0.20172346806492208,0.03707798871528572,0.20196284699320283,0.03769095269610113,0.19971511588029742,0.03766001633336945,0.19940444178647815,0.03753264633703946,0.11112898950086068,0.019098050908937028,0.11675185187609662,0.0190980509086533,0.11609909797233312
1648.0,0.20642115804757813,0.03864609367684073,0.20428954319820233,0.03856460948313053,0.20091496684563076,0.038100467496341356,0.19428873847675504,0.03787215944502954,0.18642985451148036,0.037826907724918694,0.17479043392059504,0.03841152750166433,0.19881651871164308,0.03865087614651701,0.2035475624823801,0.039539545405654804,0.19989877254778798,0.03880863982406615,0.20049210285858343,0.037453028659799784,0.20070474231203886,0.0380728554309572,0.19845997801353216,0.03805760422064331,0.19814987186283323,0.037930919102292744,0.11100307460200037,0.01835002551398354,0.11643379516779978,0.018350025513701226,0.11578759880841838
1649.0,0.20513130828496506,0.03902028667261592,0.20300692551614147,0.03895104745999318,0.19963940618357265,0.03850757194137266,0.193015404218078,0.038337439618072344,0.1851431207927825,0.03838451492925792,0.17345400255444843,0.03915594196477004,0.19751231974314792,0.03908332645164015,0.20222341954499268,0.03994792930520982,0.19858956460557017,0.03924209941220064,0.19924356308266522,0.03785286387383297,0.19942910502442876,0.03848175387316305,0.1971866452564924,0.038485409271637246,0.1968770268336234,0.03835970891790227,0.11089688042793404,0.017927787237796686,0.11612568536694881,0.017927787237522915,0.11548506005127859
1650.0,0.20382433703890981,0.03941985398253731,0.20170669369967997,0.03936568873487524,0.19834522513063862,0.03894712121384782,0.19172102233179653,0.03884503111788296,0.18383196395563903,0.03899586586378502,0.17209068031004654,0.0399449432423903,0.19618823927842471,0.03955081642273631,0.20088067376900184,0.04039295058023473,0.1972604839422833,0.0397127055546842,0.19797677288048598,0.03828310975138194,0.19813475789472557,0.03892344201482933,0.19589383907800173,0.03894928782845327,0.1955846164578149,0.038824857318944396,0.11079319918537284,0.017731795729272123,0.1158206621198018,0.01773179572901343,0.1151851429918979
1651.0,0.20249912605088283,0.039850593185669816,0.20038764337729043,0.03981435706980703,0.19703109181978443,0.03942489334182324,0.1904040665342571,0.03940016261712182,0.1824950664849159,0.0396626270436665,0.17070382189087022,0.04074728120292316,0.1948427788879488,0.040059784035626114,0.19951786613575465,0.04088027023980814,0.1959100141052551,0.04022658367694427,0.19669049585931578,0.03874932517784194,0.19682035913293613,0.03940369099157401,0.19458013973551108,0.0394549367290374,0.19427121270513223,0.03933202703860043,0.11068198688198763,0.017676631968370406,0.11551473201003941,0.01767663196812677,0.11488418577041462
1652.0,0.20115438321001314,0.04031831042258366,0.19904841862461037,0.04030274898159975,0.19569556718255535,0.03994627065031606,0.18906308325671536,0.040006558158221704,0.181131804249467,0.040381006754988694,0.1693015291063887,0.04150006953761125,0.19347428394355753,0.040616612321324574,0.19813347281143964,0.04141487475084645,0.1945365401817103,0.04078942836302453,0.1953833959718819,0.03925661453671269,0.19548446398711425,0.03992785038337114,0.193244069300423,0.04000735657402676,0.19293533579814715,0.0398861473329501,0.11055801581211389,0.017701495718829303,0.11520582135190555,0.01770149571859952,0.11458030495121076
1653.0,0.1997886972108837,0.04082845737024898,0.19768758598954267,0.04083594382903188,0.19433721771503742,0.04051549937439721,0.18769695166680134,0.040664713281637066,0.17974297259981367,0.04113688716791479,0.16789970546493993,0.04208955129269892,0.19208102919522207,0.04122709898637218,0.1967260524895945,0.04200008584416549,0.19313847843739534,0.04140567148001328,0.19405415163911546,0.03980886976570435,0.1941256412135004,0.040500083896397684,0.1918842457758697,0.0406098352222917,0.19157561361232203,0.0404903651481494,0.11041902028751431,0.017767255224909163,0.11489303154595451,0.01776725522469236,0.11427270046366769
1654.0,0.19840064157500764,0.04138543960593609,0.19630377231222135,0.041417480017923045,0.19295482076727616,0.04113431538646733,0.1863053417715875,0.04136879798357788,0.17833200961792461,0.04189754286652844,0.16652595227792938,0.04232983230520661,0.19066137996385318,0.04189543790523314,0.1952945117418066,0.04263574532289695,0.19171451266002082,0.04207693332392188,0.1927016622223089,0.04040737107151677,0.19274268480017304,0.04112195243650839,0.19049965995319718,0.04126208390533709,0.19019106763578453,0.04114412450698856,0.11026445108618045,0.017850224870086664,0.11457614101671076,0.01785022486988372,0.11396119402291932
1655.0,0.19698896435985175,0.041991334886841675,0.19489591272590528,0.042047662371793415,0.1915477282791153,0.041799463046423964,0.18488950227309084,0.04210125085045304,0.17690696732818312,0.0425983845991008,0.16522284276391055,0.04195616878102461,0.18921408411145327,0.0426223330581395,0.19383857105831562,0.043314975164401345,0.1902640130506425,0.04279922260661911,0.19132541238920114,0.04104827113291998,0.19133498869008855,0.041789858850904825,0.18909016074150561,0.0419569102891491,0.1887816136722194,0.04183974276589916,0.11009470187656033,0.017936706796106573,0.11425529726578773,0.01793670679591389,0.11364594480931559
1656.0,0.19555292471386548,0.04264357904481848,0.19346368613853865,0.042720538819203624,0.19011649662182656,0.04249833222957626,0.18345357481265023,0.04282371218715443,0.1754834454185387,0.04312409298720826,0.16404668014406426,0.04066896655713986,0.18773878663563268,0.04340160573389891,0.19235956413754104,0.04401855534927924,0.1887877609480396,0.04355801360774632,0.1899261010478815,0.041718188521958466,0.18990319492320978,0.04249056053159997,0.18765728582538949,0.04267444996486287,0.18734891761962302,0.042556484520453054,0.1099106490484352,0.018019140948891194,0.11393083460580672,0.01801914094870829,0.11332728157654982
1657.0,0.1940928765805051,0.04333089202755296,0.19200826257997422,0.04341864515987635,0.18866394884868282,0.043201539551244006,0.18200668171445653,0.04346282765057833,0.17408830715841614,0.04328823982764206,0.16305629339150673,0.0382628903294231,0.18623691416942956,0.044214269409840946,0.1908617673573969,0.04470555305571779,0.18728916776957188,0.04431989687373166,0.18850669857019195,0.042386750076836247,0.18845028506734723,0.043193554413076325,0.1862056389716468,0.04337257718129733,0.1858978113760715,0.04325073913913812,0.10971338563066979,0.01809362956090462,0.11360316939340195,0.018093629560731125,0.11300560633051061
1658.0,0.1926112559667732,0.044026328415316306,0.19053354881279852,0.044104214723228306,0.18719689677541201,0.04385098462495941,0.1805659573270684,0.04389087607168838,0.17276275899737745,0.04282814597704344,0.16229150373673754,0.03479865518221028,0.18471314790220253,0.045018599067962295,0.1893545041663858,0.04529876954115893,0.1857762388799741,0.045019234561808626,0.1870741530060978,0.04299467017652247,0.18698334500221095,0.04383886227471404,0.18474505769349212,0.043972108907480455,0.18443851264049832,0.04384095056926477,0.1095040713173737,0.01815841458503464,0.113272741417714,0.018158414584867673,0.11268134056328886
1659.0,0.1911141906851475,0.04467600555738165,0.18904816936116106,0.044705422542549986,0.18572874477075232,0.044342519352848685,0.17916019412331088,0.04390709643483592,0.17156107287622482,0.04145067465632461,0.161753819524964,0.03066230554671244,0.18317775505472017,0.0457346254575691,0.18785518441261748,0.045665150669711385,0.1842645039017072,0.04553913520381617,0.18564195044650927,0.04343668124596213,0.18551622018254,0.044319440599571186,0.18329370820603824,0.04433720199126523,0.18298976997904814,0.04418790328809388,0.10928385067826792,0.018212961867266547,0.11293998226089162,0.018212961867107035,0.11235489632992454
1660.0,0.18961396324726967,0.045182466235672195,0.18756835777301964,0.045097538950994505,0.18428291949569237,0.04450605810650474,0.17783236981185366,0.043239844140855334,0.1705397977410708,0.03896179337212408,0.16140632026569293,0.02641217321496627,0.18164995005330817,0.046223124294288084,0.18639292339664265,0.04559758744574121,0.1827807630717383,0.04569066168471882,0.18423343675970175,0.043542575659547285,0.1840729767780238,0.04446138367574997,0.18188167231506755,0.04425808836958543,0.1815824415038839,0.044078098853329375,0.10905381093141542,0.018257416803279983,0.11260529922043092,0.018257416803125225,0.1120266616457805
1661.0,0.18813234060577488,0.04538470391301723,0.18612148767305592,0.04508440710881636,0.18289610121071742,0.04409657396706907,0.1766370096447941,0.04160743086817776,0.16973716700133656,0.03543603643477392,0.16119256252781722,0.022542135366800175,0.18016187321238575,0.04626578966362131,0.18501096100927705,0.044819271612357055,0.18136630817303728,0.04520662537186295,0.18288481426563336,0.0430705417528394,0.18269106459960313,0.04401616139514103,0.18055307763383519,0.043458505503046564,0.1802614388417452,0.04323359082970656,0.10881496240899652,0.01829228341108342,0.11226906809700707,0.01829228341093387,0.11169699403291128
1662.0,0.1867039523683698,0.04504630551324905,0.18474868443075482,0.04439923888039494,0.18161822832422203,0.04282750700472687,0.1756276427975952,0.038861937950030574,0.16915464899524504,0.03127196772343158,0.1610576633219934,0.01935036257755404,0.17876118120276807,0.04556884989816973,0.18376380660564362,0.04304926559716801,0.18007600194248452,0.04378553054457031,0.18164474870291866,0.04174461558666193,0.1814210261660367,0.042697335157736764,0.17936253667085994,0.04166652990009632,0.1790816867822319,0.04138722759465412,0.10856823183292609,0.01831823677150095,0.11193163094280123,0.01831823677135706,0.11136621861768002
1663.0,0.18537704655378306,0.043880680993508454,0.18350275011953524,0.042761486578662376,0.18050440973451803,0.040482986414703666,0.1748359438055801,0.03514913996024329,0.16875676723349403,0.027036491882808877,0.16095942068624794,0.01694099240696007,0.177507723504306,0.04383077047014134,0.18270446837028698,0.040151733630179674,0.17896799471131608,0.04122053642123482,0.18056590201568812,0.039369985217123794,0.18031786235507163,0.04029713574236275,0.17836151276176399,0.0387662086701872,0.1780938858030054,0.0384371864968413,0.1083144626297041,0.01833601487153516,0.11159329650214861,0.01833601487139558,0.11103462869057144
1664.0,0.18420690062515954,0.041651748386598464,0.18243670285469138,0.04001632983320264,0.17959678425094028,0.037086532033584765,0.17425610498499136,0.030923740135702475,0.16848912800700414,0.023226448862248603,0.16086984019678313,0.015280542056844239,0.17645928660486798,0.0408974057027723,0.1818636357337811,0.03629606787264532,0.1780832266583431,0.03757464867614636,0.17968701530144954,0.0359967801048689,0.17942247546539453,0.036855212832825064,0.17757747575268276,0.03494828919251374,0.17732359615264096,0.03459242366281915,0.10805441892831828,0.01834635766458496,0.11125434203373682,0.01834635766444879,0.1107024875215822
1665.0,0.18323898823299234,0.03834144183690501,0.18158374963839655,0.036297424621515174,0.17890507865875194,0.0329900435663753,0.173848521667523,0.02676095190857318,0.16829867208121352,0.020135264960755603,0.16077223655465078,0.014254698460045937,0.17564876122814782,0.03692848726795673,0.1812344980128965,0.03196335021869234,0.17742599697160152,0.03324844982573746,0.17901476365279984,0.03199354837718746,0.17874259196905842,0.03273880746267009,0.17700021101369828,0.03069871548255969,0.17675844826218995,0.03034888333452339,0.10778879130350748,0.018349974148066366,0.11091501576310928,0.01834997414793406,0.11037003074040388
1666.0,0.18248875527236363,0.03426176001080797,0.18094109474496478,0.03205426078276431,0.17840190610268075,0.028755624245886294,0.17355900102522934,0.02312512296147168,0.1681444699701356,0.017853250687479096,0.16065762093280425,0.013715193272028787,0.17506793794815817,0.03240575896086943,0.18077691377968397,0.027746327547763874,0.17696225467180113,0.028830199025737576,0.1785206405315285,0.02791634281035709,0.17824912978936103,0.028514073464477548,0.17658780553889103,0.0265926121093823,0.17635525676768668,0.026277322504917055,0.10751820316071896,0.018347525979650583,0.11057553954209255,0.018347525979522137,0.11003746889271859
1667.0,0.18193391021077016,0.02996646377689582,0.18047194475605838,0.027871195866094125,0.17803716550394202,0.02491341086023261,0.17333730794700639,0.02026266702135238,0.16799929045486123,0.016326473427783157,0.1605218060150473,0.013516568168134816,0.17467257834647093,0.027930870503083467,0.18043669941137108,0.024112303057086205,0.17663704186258297,0.024847070448241772,0.17815572232354415,0.02427050603159014,0.17789134083185654,0.024703384116758518,0.1762863463569287,0.023070554909478073,0.1760600137036789,0.022805358622313816,0.10724321714987564,0.01833962075158351,0.11023611148330213,0.01833962075145804,0.10970498996046421
1668.0,0.18152643507143643,0.026011139461704257,0.1801235785511822,0.02422810763171362,0.17775826164252526,0.021794565049979345,0.17314583618136303,0.018219588745539382,0.16784685727652532,0.015420755846310226,0.1603634347307876,0.013538456253500166,0.17440360523448828,0.023987767493232306,0.1801639256286993,0.021296966643993838,0.17639545921975613,0.021615903929950518,0.17786988758149755,0.021357114611468577,0.17761689972558034,0.021625881137526705,0.17604732989170432,0.020348367067749507,0.17582482271427463,0.02013591324985063,0.10696434128299522,0.018326810792406185,0.10989690844961275,0.018326810792283908,0.1093727617368886
1669.0,0.18121297463717662,0.022763212201627674,0.17984598670754076,0.02138005910036639,0.17752278208159752,0.01950773375725231,0.17296005821668545,0.01690759999900549,0.16767837552479997,0.014975861708395436,0.16018273959114665,0.01369235913567153,0.17420684287653943,0.02083823752105487,0.1799213354298406,0.019326700786676528,0.17619449483887106,0.01923584066986959,0.17762328918811182,0.01925907591361562,0.17738404807780664,0.01938018930385543,0.17583509550834922,0.018444996966127343,0.17561478341565565,0.01827923566696089,0.10668203459881524,0.018309595017979415,0.10955808834316556,0.018309595017858983,0.10904093400666909
1670.0,0.18094907332694168,0.020358693437147,0.1796011711092432,0.019369679806687204,0.17730163805793017,0.017996750106968242,0.17276554899597765,0.016172593774762878,0.1674897305871572,0.014844017719869358,0.15998079468066018,0.01391828743480687,0.17404195596096672,0.018542924440121813,0.17968467608908523,0.018092191027819265,0.17600519886373397,0.01764920001855982,0.17738885812588895,0.017903087375885016,0.17716434119661448,0.017904113671322577,0.17562666893942122,0.017253150147063724,0.1754075528194554,0.017123903238708917,0.10639671231416342,0.018288422351515465,0.10921979217512998,0.01828842235139756,0.10870964051502384
1671.0,0.1807035727113925,0.01875462302834113,0.17936407963310183,0.018097838369863967,0.17707701320473646,0.017115860430243473,0.17255466129858704,0.015849716900977567,0.16727957327788107,0.014908783348919846,0.1597590768445127,0.01417777415465499,0.17388270457524166,0.01702621750701751,0.1794397045914156,0.017424245211529486,0.17581009081739096,0.016711893210771205,0.1771501422792428,0.017136590351709603,0.17694044898754502,0.017049576954785237,0.1754086792699335,0.016609763206004702,0.17519019977753855,0.016506294689355733,0.10610875045592505,0.018263695837022358,0.10888214591772963,0.018263695836906756,0.1083790007284495
1672.0,0.18045706805264777,0.017807422209481866,0.17911983954047714,0.017399938000609044,0.1768390229007752,0.01669452358546921,0.17232394428286324,0.01579732736339265,0.16704811118477536,0.015087591181170132,0.15951921414118472,0.014447144876668778,0.17371367147835828,0.01614008864585244,0.17917888253897882,0.017151664863486203,0.17559961298454102,0.016253449441830884,0.17689809095394415,0.016791412645740456,0.1767028094920222,0.016646343851216956,0.17517413039912796,0.016349951943575563,0.17495600693233548,0.0162631101230307,0.10581848999664037,0.018235776937674645,0.10854526215072936,0.01823577693756135,0.10804912139917737
1673.0,0.18019860981507352,0.01734265250152001,0.1788604771770628,0.017105488937497363,0.17658283675980074,0.016579868039916058,0.1720724078624864,0.015909281000073317,0.1667963782824712,0.015325892858551298,0.15926284559546586,0.014712365840052267,0.17352668514512676,0.015716819980459616,0.17889881895484924,0.01713304198051184,0.17536920289702104,0.016118372777237853,0.17662834332481686,0.016722284391738236,0.17644679122742402,0.016543171700737772,0.17491994772379407,0.016337152845137173,0.1747020662095293,0.016260126184243644,0.10552624053105288,0.018204989733452234,0.10820924151935479,0.01820498973334102,0.10772009795002721
1674.0,0.17992270709149674,0.017201526900676913,0.17858231896215795,0.017071840223405785,0.17630665137885854,0.01665449291320323,0.17180043618916024,0.016112896593987295,0.16652580560365354,0.015589367378462005,0.15899154633969106,0.014965496045972916,0.1733180589054603,0.015605501763992913,0.17859855335585337,0.017265395087737414,0.17511726837758257,0.016185273983618128,0.1763393356987515,0.01682049756367415,0.17617070744354388,0.016624552012579796,0.1746453448404748,0.016471595612987285,0.17442768612376505,0.016399761101745246,0.10523228353637373,0.018171624866980346,0.10787417402244737,0.01817162486687055,0.10739201569770856
1675.0,0.17962716814853535,0.017261101089843175,0.17828422627578622,0.017194250395550528,0.17601038966595017,0.016836799907380202,0.17150913403964055,0.01636131442968486,0.16623797465951806,0.01585723345156663,0.15870679078479039,0.015202371067441855,0.17308673784349357,0.015688840442639677,0.1782784815410428,0.017479627634953455,0.174843900270639,0.01636865976309084,0.17603109303820527,0.01701185361747805,0.17587454646225714,0.016810488171377386,0.1743508062168641,0.016686144529111584,0.1741334024605512,0.016616561244436882,0.10493687526015083,0.018135943167094746,0.10754014014950401,0.018135943166987037,0.10706495093239113
1676.0,0.17931169855692572,0.01743551642563496,0.17796648398654866,0.017402056440412473,0.17569490690450232,0.017073682357860453,0.1711999438266972,0.016625595743672453,0.16593447967864405,0.016117392370312476,0.15840993762100175,0.015421131519301962,0.17283313864244962,0.015884284504772105,0.17793970953300078,0.01773185094421339,0.17455009066511398,0.016612312604131572,0.175704493464397,0.01724868368826508,0.17555919819702506,0.017049039205811543,0.17403747696872313,0.016938046520491034,0.17382038586160517,0.016868936119564724,0.10464024927733707,0.01809817892705819,0.10720721188416779,0.018098178926951675,0.10673897187038564
1677.0,0.17897703956294664,0.01766873106506592,0.17763012921941607,0.017650197991528234,0.17536152061394553,0.017332122638885172,0.17087442636981862,0.01688852418269575,0.16561685388153796,0.016363173756468802,0.15810222708608576,0.015621300784238448,0.17255845101303138,0.01613749906603215,0.1775836750771939,0.01799529717536369,0.17423727146298937,0.016880981485793995,0.17536083366900324,0.017501654883404605,0.17522599674305622,0.01730796874440121,0.17370680606585506,0.01720116167141981,0.17349009590800715,0.017131501868521623,0.1043426187554999,0.01805854284142602,0.10687545359029853,0.018058542841321374,0.10641413949529449
1678.0,0.178624455414582,0.017925833564141437,0.1772765568213648,0.017911101146366896,0.17501173862757133,0.017592351850661898,0.17053413903601158,0.017140295063193815,0.16528653305726979,0.01659124298063438,0.15778478487396963,0.01580321099883818,0.17226422777977146,0.016414355482229342,0.17721193103990912,0.018254248735497528,0.17390704825967052,0.017153386183912704,0.17500157809698935,0.01775338187063859,0.17487645614822278,0.017568007486812174,0.17336034258719457,0.01746009926174628,0.1731440838813522,0.017389341773830867,0.10404417846294381,0.018017224620200206,0.10654492279505522,0.018017224620097316,0.10609050830131725
1679.0,0.17825543554778042,0.018185884019846207,0.17690729281290984,0.018168516158563602,0.17464710582494472,0.017843012685559902,0.17018057112866578,0.0173756923764845,0.16494484058854028,0.016800283335780042,0.15745862939018476,0.015967647444582844,0.17195214983084242,0.016694209855608818,0.17682602507729367,0.018499912111887756,0.17356105090091387,0.017417181544578712,0.17462821797727682,0.01799400599524121,0.17451212172225716,0.017818108721501344,0.17299962288589693,0.017706218300077677,0.17278388377262047,0.017634104706832666,0.10374510655105951,0.01797439530602436,0.1062156708818009,0.017974395305923006,0.10576812695096875
1680.0,0.1778715258301428,0.01843682424984681,0.1765238679487435,0.018413304542589888,0.17426912096656683,0.018077966922745502,0.1698151125875857,0.017592295965921417,0.16459298455398755,0.01699017478443071,0.15712468044581543,0.01611562941393828,0.1716238951926909,0.0169650620555269,0.17642743591008545,0.018727750179541685,0.1732008528917576,0.017665598643248622,0.1742421951808758,0.018218311849990215,0.174134489566598,0.01805232355462702,0.1726261111660842,0.017935035417318206,0.1724109551077336,0.017861480718559586,0.10344556613842562,0.01793020932285107,0.10588774370409844,0.01793020932275103,0.10544703885785926
1681.0,0.17747423623608877,0.01867211010268828,0.1761277502464985,0.018640706678624504,0.1738791945245681,0.018294261263822803,0.16943904180293964,0.01778936048537659,0.16423206138608695,0.0171614851304055,0.15678376830582108,0.016248276347061705,0.17128106942749136,0.017220320678311675,0.17601754253548693,0.01893580094476699,0.17282793102812438,0.01789528994644422,0.17384486394672513,0.018423902570967945,0.17374496597717004,0.018267811993235274,0.17224117110988366,0.018144588077433146,0.17202665587478358,0.018069608311145558,0.10314570672090871,0.017884806284548877,0.10556118213062651,0.017884806284450036,0.10512728270390274
1682.0,0.1770649933203832,0.018888563441291837,0.17572031189344484,0.018848616683460027,0.1734786302025974,0.01849085420362267,0.1690535241489545,0.017967120016923827,0.16386306284772623,0.017315156270965946,0.15643664249589037,0.01636672730047223,0.17092517177962063,0.0174567224988863,0.1755976123347014,0.019123631610639773,0.1724436482352192,0.018104974000606396,0.1734374744545294,0.01861006267559579,0.17334484986932175,0.01846359876362141,0.17184605529256997,0.01833441455961697,0.17163223267732772,0.01825808226607821,0.10284566542890836,0.017838312590569155,0.10523602252960641,0.017838312590471517,0.10480889289912375
1683.0,0.17664511865149676,0.0190850274123018,0.17530281592708674,0.019036508003865645,0.17306861989397682,0.01866782649240377,0.16865961629061474,0.018126358931931406,0.1634868844493531,0.01745231201385847,0.15608398006175908,0.016472093788048654,0.17055758187801368,0.017673020258237665,0.17516879977241123,0.019291692413321283,0.17204924953527295,0.018294591522041898,0.17302116876110094,0.018777055034983822,0.17293532824579022,0.018639801914767763,0.17144190454375854,0.018504922749005653,0.17122882050151464,0.01842733979301708,0.10254556815025326,0.017790842833696058,0.10491229720020506,0.01779084283359951,0.10449189999109809
1684.0,0.17621582203486846,0.019261532632621432,0.17487641404497575,0.019204769131945337,0.17265024602489934,0.018825894204617548,0.16825827336548757,0.01826814849631981,0.16310433423718465,0.01757414167858107,0.15572639314383363,0.01656543347518818,0.1701795579956957,0.0178691631767062,0.17473215079468565,0.01944091947426028,0.17164586519381184,0.018464782926923475,0.17259698350288893,0.018925688532745972,0.17251747881635804,0.018797157153770956,0.17102975263438613,0.018657001488225043,0.17081744761345885,0.018578282639244978,0.10224553053491227,0.017742501042527486,0.10459003475738944,0.01774250104243226,0.10417633103026235
1685.0,0.17577820292281218,0.01941878312422584,0.17444215044332387,0.019354295000504965,0.17222448772415447,0.018966110025025344,0.16785035736197781,0.018393686578406912,0.16271614136318147,0.017681830979095467,0.1553644358275647,0.016647736841596237,0.1697922415535576,0.018045788032924465,0.17428861005801752,0.01957249223961744,0.17123451754777141,0.018616566473644396,0.17216585607738638,0.01905705371828317,0.17209227630673352,0.01893672610675903,0.17061053358400213,0.018791782723755965,0.17039904296303587,0.018712045889127685,0.10194565889545242,0.01769338177891741,0.10426926047588395,0.017693381778823167,0.10386220989635299
1686.0,0.17533325612337802,0.019557841066466318,0.17400096869186188,0.01948623717494117,0.17179222874561767,0.019089681440681246,0.16743664574133485,0.018504201534856508,0.1623229641326103,0.01777652239498263,0.15499861028378317,0.016719921829541413,0.16939666474978482,0.01820390463093424,0.17383902932936662,0.01968768686047244,0.17081612948007274,0.018751141377323276,0.17172863239040884,0.019172362638954946,0.17166060044069276,0.019059718825674424,0.1701850900235088,0.01891049737294981,0.16997444457763872,0.018829857940775806,0.10164605101564848,0.017643571108270174,0.10394999659809376,0.01764357110817725,0.10354955759068245
1687.0,0.17488187953729784,0.019679934970318363,0.1735537199075883,0.019601852627270003,0.17135426595434558,0.019197861577176317,0.16701783978244975,0.0186008960578184,0.16192539739142622,0.01785929388118098,0.15462937224190043,0.01678283332099962,0.16899375950402293,0.01834470272423917,0.1733841761151082,0.019787789149486208,0.17039153337584304,0.01886976880557598,0.17128607507464638,0.019272853310150818,0.17122324444017611,0.019167387292545298,0.1697541817275725,0.019014389477073502,0.16954440808910717,0.018932957191883475,0.10134679687772885,0.017593147458443217,0.10363226261028323,0.017593147458350937,0.1032383924982808
1688.0,0.17442488261532177,0.01978634449502379,0.17310117123804705,0.019702413744502788,0.17091131771369705,0.01929188519202792,0.1665945723838261,0.018684915867614556,0.16152397921219583,0.01793114890277157,0.15425713585184977,0.016837245443650294,0.1685843666859103,0.018469434863617188,0.17292474200440586,0.01987404452277482,0.16996147991433133,0.01897370143933373,0.1708388715719574,0.01935973429218325,0.17078092340149437,0.019260963059621716,0.16931849383477265,0.019104666599847248,0.169109614929114,0.019022543991195996,0.10104797931772548,0.017542182381042166,0.10331607549070479,0.01754218238095087,0.10292873062339
1689.0,0.173962994802845,0.019878332874410428,0.1726440141101086,0.01978915636743907,0.17046403182344386,0.019372932705755623,0.16616741520714218,0.018757333780026853,0.16111919689059884,0.01799301337022481,0.15388227799462692,0.01688386544190206,0.16816924506227704,0.018579346740892264,0.172461350465307,0.01994763084406575,0.1695266463584178,0.019064143298759034,0.17038764176106672,0.019434154106424656,0.17033428220968475,0.019341622291803383,0.16887864451258833,0.019182472714613326,0.16867067996017637,0.01909975446814519,0.10074967461695931,0.01749074122716158,0.10300144993289573,0.017490741227071723,0.10262058580141975
1690.0,0.17349687357944124,0.019957108884380712,0.17218287196419385,0.019863251394866,0.1700129928432799,0.019442111568485732,0.16573688513210325,0.018819143193903792,0.16071149229317488,0.01804573668012835,0.15350514210095112,0.016923338319667986,0.1677490796730604,0.01867563723150602,0.17199456397989984,0.02000964535985657,0.1690876441846005,0.019142228368170058,0.16993294498181852,0.019497185953235803,0.16988390283240354,0.01941046774824026,0.16843519196377427,0.019248874961590622,0.16822815844489686,0.01916564785159201,0.10045195303684291,0.017438883748073834,0.10268839854698401,0.01743888374798474,0.10231396989000602
1691.0,0.17302711190280415,0.02002380706562171,0.1717183073485267,0.01992579090289477,0.16955872874250058,0.01950044824882925,0.16530345004035724,0.018871257247628326,0.16030126660970728,0.018090095097938477,0.15312604153379275,0.0169562517632766,0.16732448950786913,0.018759436951661483,0.17152489048992112,0.02006110019641308,0.16864502600125664,0.019209010809475537,0.1694752864059565,0.01954982175490403,0.16943031093841782,0.019468521138437833,0.16798864075103473,0.019304858859048236,0.1677825523334662,0.019221202004671468,0.10015487930317624,0.01738666463002187,0.10237693204142817,0.01738666462993354,0.10200889294152589
1692.0,0.17255424498359995,0.020079479127940947,0.1712508283374578,0.019977783099644472,0.16910171687729236,0.0195488866240571,0.164867533970932,0.018914511280591666,0.15988888456830083,0.01812679637507111,0.15274526258594978,0.016983141046441875,0.16689603444820647,0.0188317982752604,0.1710527891711189,0.02010292294401188,0.16819929176182644,0.01926546221747287,0.169015122759241,0.01959297177114127,0.16897398184425305,0.019516721724801615,0.1675394474607022,0.019351328559233362,0.167334315892068,0.019267313856441363,0.09985851304545948,0.01733413397108792,0.1020670593873985,0.01733413397100046,0.10170536335911282
1693.0,0.17207875638447767,0.020125092092472308,0.170780894287408,0.020020152545161825,0.16864238932893777,0.019588290116518005,0.16442952170059227,0.01894966711430566,0.159474678170687,0.018156484911298395,0.15236306713883904,0.017004493743236884,0.16646422149235673,0.018893692347935923,0.1705786755792564,0.020135960146971065,0.1677508943110135,0.019312473047148695,0.16855286742942696,0.01962746743187753,0.16851534582382696,0.019555928574951826,0.16708802574918297,0.0193891100044683,0.16688386071670733,0.019304802642287632,0.09956290919597902,0.017281337707081634,0.10175878796765131,0.017281337706995054,0.10140338803796262
1694.0,0.17160108347257239,0.020161530378747947,0.17030892097024825,0.020053743393954115,0.16818113765266898,0.0196194459102313,0.16398976280628927,0.018977418226253363,0.15905895000183634,0.018179747040959742,0.15197969502338388,0.017020754154088363,0.16602951030702978,0.01894601027177372,0.1701029262214847,0.020160982335671818,0.16730024431712315,0.019350856404287527,0.168088895008772,0.019654065914103944,0.16805479283080307,0.01958692483450865,0.16663475082563403,0.019418955639564153,0.16643156018646882,0.0193344146449341,0.09926811835297292,0.017228317992494423,0.10145212371157075,0.017228317992408263,0.10110297249351466
1695.0,0.17112162227291583,0.02018960008522622,0.16983528513596002,0.020079324256965802,0.16771831709213486,0.019643070208721764,0.16354857526537112,0.018998395245579502,0.15864197616376574,0.018197116192590807,0.1515953661193105,0.0170323273998186,0.16559231816235243,0.01898956667282371,0.16962588261023404,0.020178689755773235,0.16684771464896953,0.019381353065245365,0.16762354532483603,0.019673455548362438,0.167592676689473,0.01961042300471268,0.1661799634275433,0.01944154984557486,0.16597775341257043,0.019356828623654527,0.09897418711146798,0.01717511354180229,0.1011470712178422,0.017175113541717125,0.10080412097788292
1696.0,0.17064073177760256,0.020210034371830825,0.1693603285602212,0.020097593812463066,0.16725425031561902,0.019659813894140364,0.16310624864618736,0.01901317142686727,0.1582240088783122,0.01820907778056359,0.15121028222452754,0.017039583169826886,0.16515302431062334,0.019025104525623285,0.1691478548554202,0.02018971827978649,0.1663936442560373,0.019404637021996112,0.16715712701348304,0.01968626149554257,0.1671293188097173,0.019627070599628777,0.1657239733440464,0.019457514584053634,0.16552274873821501,0.019372661435049163,0.09868115836528941,0.01712175993572018,0.10084363386604141,0.017121759935635666,0.10050683658578403
1697.0,0.1701587377665759,0.020223499272494453,0.16888436163216475,0.02010918663424324,0.16678923072713245,0.01967026820171285,0.16266304693709002,0.019022267902886896,0.1578052787988485,0.018216073756337922,0.15082462872248575,0.017042859129348397,0.16471197386842903,0.01905330053267853,0.1686691248475419,0.020194645196002607,0.16593834160737256,0.01942132112344209,0.1666899206853608,0.019693051360217723,0.16666501147939672,0.01963745580628143,0.16526706253857892,0.019467414947441766,0.16506682684052487,0.019382473549979018,0.09838907158291683,0.017068289896428123,0.10054181391828049,0.01706828989634426,0.10021112135101172
1698.0,0.16967593619398888,0.020230599532463926,0.16840766653408576,0.02011467892095336,0.1663235254017054,0.01967497018509027,0.16221921105692189,0.019026158608888382,0.15738599706624234,0.018218506790013182,0.1504385760717386,0.01704246400164834,0.16426948125824647,0.01907477062837699,0.16818994907967622,0.02019399470281354,0.16548208774055143,0.01943196255949105,0.16622218173304568,0.019694340549857622,0.16620002078300794,0.01964211292909508,0.1648094879179826,0.019471764442435823,0.1646102434812881,0.019386774299018833,0.09809796306002133,0.017014733535291784,0.10024161261191253,0.0170147335352088,0.09991697633443146
1699.0,0.16919259619011023,0.02023188423473608,0.1679305000608379,0.02011459394717486,0.16585737768928266,0.01967440785040835,0.16177496108555278,0.019025274828542417,0.15696635713999216,0.018216744079273466,0.15005228113902636,0.017038680346857262,0.16382583326083355,0.01909007535088565,0.16771056115139618,0.020188243020168355,0.1650251389669574,0.019437068046091938,0.16575414282158663,0.019690597279384478,0.1657345891910745,0.019641527500115122,0.1643514837902658,0.019471029916015854,0.16415323194863696,0.019386026759497847,0.09780786615074397,0.016961118576162986,0.09994303024419317,0.016961118576081326,0.09962440170434562
1700.0,0.16870896272414485,0.020227852087152387,0.16745309612176434,0.020109407143004736,0.16539100952721356,0.019669024900964446,0.161330498248205,0.0190200093471457,0.15654653643166405,0.018211120798414575,0.14966588839416514,0.017031767061775373,0.1633812917247651,0.019099724936784433,0.16723117399316081,0.020177823082034536,0.1645677292746235,0.019437098639892538,0.16528601610044735,0.019682247176783862,0.1652689378598283,0.01963614099910718,0.16389326404850846,0.019465636085496816,0.16369600522682173,0.019380652247499835,0.09751881147991519,0.016907470556959073,0.09964606624968679,0.016907470556877392,0.09933339680996023
1701.0,0.16822525896854032,0.02021895630892172,0.16697566796343405,0.020099550762614087,0.16492462349639217,0.019659225074057072,0.16088600668348937,0.019010720219004937,0.15612669776450194,0.018201943208779325,0.14927953098320673,0.01702196162553172,0.16293609597423597,0.019104184063728765,0.16675198184491943,0.020163128805399916,0.1641100724652681,0.019432474155199022,0.1648179951705655,0.019669677479868967,0.1648032686760892,0.019626355166374967,0.16343502411425453,0.019455969665656346,0.1632387579271163,0.019371034408985802,0.0972308271380108,0.016853813011896087,0.09935071927111759,0.016853813011815287,0.09904396024864118
1702.0,0.16774168840091494,0.02020560909677554,0.1664984101468372,0.0200854181350203,0.1644584046521178,0.019645376075242957,0.16044165502110358,0.01899773416814436,0.1557069906797061,0.01818949145623314,0.14889333169358218,0.017009482115472742,0.16249046495174901,0.0191038762106693,0.16627316201865444,0.02014451895003498,0.16365236405757722,0.019423577182612978,0.16435025683620114,0.019653240834699645,0.16433776607829195,0.01961253591431591,0.16297694266916618,0.019442383104683998,0.16278166800864635,0.01935752292235491,0.09694393886035643,0.01680016763647347,0.0990569872243075,0.01680016763639343,0.09875608992755959
1703.0,0.16725843667520632,0.02018818567589276,0.1660215003088446,0.020067367509675502,0.16399252215690194,0.019627813129017888,0.15999759779206105,0.018981349647839124,0.1552875526076652,0.018174022082757407,0.1485074038238123,0.016994529016230768,0.16204459912731467,0.019099187632309587,0.165794876471048,0.02012232059349363,0.16319478298495152,0.019410756724469597,0.16388296266743704,0.01963325871761383,0.1638725986806083,0.019595016857062733,0.16251918320074396,0.019425197951203406,0.16232489831434493,0.019340436834921492,0.0966581701921991,0.01674655443703972,0.09876486735772785,0.01674655443696,0.09846978312021426
1704.0,0.16677567328996035,0.020167027955023016,0.16554510073379686,0.020045725520276725,0.1635271307388544,0.019606842172105232,0.1595539766912734,0.018961839587227428,0.1548685099197085,0.01815577027909709,0.148121851968405,0.016977286843384762,0.16159868220260407,0.01909047096057913,0.165317273208795,0.02009683225089439,0.162737493112322,0.019394331470824613,0.1634162603961136,0.019610024508615004,0.16340792072373328,0.019574102484557578,0.16206189538410018,0.019404707879874784,0.16186859794436034,0.019320067560833636,0.09637354264078478,0.016692991866566757,0.09847435630720813,0.016692991866487802,0.09818503651836685
1705.0,0.16629355307805327,0.020142447812825898,0.1650693597580206,0.02002079029552475,0.16306237199657525,0.019582742718733805,0.15911092170991142,0.01893945385373274,0.15444997887427717,0.018134951904222013,0.14773677272744337,0.016957925601197625,0.16115288263433616,0.019078048454908587,0.1648404875466889,0.02006832667074661,0.1622806445935625,0.019374592743851796,0.16295028516499385,0.019583806246124193,0.1629438733731041,0.01955007101045664,0.16160521631929667,0.019381181405041636,0.16141290348595858,0.01929668156977908,0.09609007581571477,0.01663949694806936,0.09818545014620851,0.016639496947991057,0.09790184627976918
1706.0,0.1658122175392058,0.020114730045769618,0.16459441302706904,0.019992834247582223,0.16259837556858273,0.019555770427968203,0.15866855215260345,0.01891442145917224,0.15403206646953893,0.01811176529562654,0.147352255349014,0.01693660209218528,0.16070735499830693,0.019062214927533624,0.16436464323556477,0.02003705333784985,0.16182437508831693,0.019351807139844086,0.16248516064750432,0.01955484909321437,0.1624805858823688,0.019523176923828593,0.16114927164133916,0.019354864311856308,0.1609579401168149,0.019270522795751657,0.09580778755856789,0.016586085386936532,0.09789814443209559,0.016586085386858882,0.09762020807207672
1707.0,0.1653317960337471,0.020084135008655787,0.1641203846230283,0.019962106568845814,0.1621352601830307,0.019526159402325185,0.15822697755286635,0.01888695253577561,0.15361487121289105,0.01808639289258272,0.14696838231189976,0.0169134610944245,0.1602622412129041,0.019043240371715016,0.1638898534754427,0.02000324071289566,0.1613688108545192,0.019326218897635947,0.16202100005300768,0.019523377544241133,0.16201817663801868,0.019493653273806866,0.16069417651736864,0.01932598183315055,0.16050382259650364,0.0192418147939254,0.09552669406274733,0.01653277167329738,0.09761243424872758,0.016532771673220273,0.09734011711329435
1708.0,0.1648524068539733,0.020050900978004646,0.16364738807700469,0.019928835466386997,0.16167313460174274,0.019494124245278913,0.15778629849810497,0.018857240106391202,0.15319848381666196,0.01805900269241322,0.14658522985475667,0.016888636420891147,0.15981767163825955,0.019021372320580942,0.16341622182691365,0.019967098236381677,0.16091406773109465,0.019298052020911196,0.16155790703109,0.019489597399001607,0.1615567540987109,0.01946171371462581,0.16024003654423846,0.019294740598439882,0.16005065615887076,0.019210762671821716,0.09524680998438789,0.016479569175423526,0.09732831424573347,0.01647956917534673,0.09706156820905784
1709.0,0.1643741581872149,0.020015246266832383,0.1631755272800135,0.019893230161470276,0.16121209847039897,0.019459861903154775,0.15734660737455472,0.018825461670974097,0.15278298782803515,0.018029749557869283,0.14620286845748617,0.016862251873571016,0.15937376606554018,0.018996837963165255,0.1629438430324819,0.019928818122156952,0.160460252023253,0.019267512179936958,0.16109597648603338,0.019453697529278537,0.16109641764148117,0.019427554336436087,0.15978694855760733,0.019261330379364488,0.15959853731655999,0.019177554818842986,0.0949681485451168,0.016426490225051826,0.09704577867474301,0.016426490224975908,0.09678455578701473
1710.0,0.163897148982897,0.019977371117183864,0.16270489730376286,0.019855482679303697,0.16075224308555028,0.019423553314690423,0.15690798904084566,0.018791780629332646,0.15236846020031053,0.01799877639183853,0.14582136327974013,0.01683442210368534,0.1589306346085054,0.018969846042492394,0.16247280375779738,0.01988857696354231,0.1600074613013154,0.019234788416189127,0.16063529531184167,0.019415851460430684,0.160637258325149,0.019391355305006353,0.15933500136252507,0.019225925653586034,0.1591475545875512,0.01914236445601214,0.09469072162729096,0.016373546195419038,0.09676482142280889,0.016373546195343435,0.0965090739285853
1711.0,0.16342146973460658,0.019937459394478968,0.16223558514150388,0.01981576945186035,0.16029365208779373,0.019385364889262516,0.15647052143806595,0.018756347558047358,0.15195497181181794,0.017966215193841957,0.14544077456096427,0.016805253388122367,0.15848837850867803,0.018940588558582667,0.16200318326182844,0.019846537172662167,0.15955578512274976,0.019200054671108503,0.16017594305654395,0.019376218788358615,0.16017935958025833,0.01935328233120085,0.15888427639419572,0.019188687007023204,0.15869778915230992,0.01910535102558752,0.0944145398623982,0.016320747572707888,0.0964854360433286,0.016320747572632938,0.09623511639829134
1712.0,0.1629472031864822,0.019895680105358946,0.1617676703777749,0.019774252754314655,0.15983640208900063,0.019345449832644517,0.15603427614315193,0.018719301357579394,0.15154258793786818,0.017932188011206295,0.14506115798580116,0.016774844331031165,0.15804709086329513,0.018909242297144274,0.16153505400359047,0.01980284827142449,0.15910530568574247,0.01916347115812645,0.1597179925234699,0.01933494645008894,0.15972279783354662,0.019313487988971513,0.1584348483164077,0.019149762392198958,0.15824931544906262,0.019066661438174287,0.09413961271317503,0.01626810402153768,0.09620761578459543,0.01626810402146327,0.0959626766708769
1713.0,0.16247442497232534,0.019852188758535068,0.16130122579478195,0.019731081993478446,0.15938056324094008,0.019303949337117307,0.15559931887160247,0.01868077028380626,0.1511313686806745,0.017896807796351444,0.14468256501837473,0.016743286498511496,0.15760685728474028,0.01887597020274353,0.16106848219233824,0.019757648050608825,0.15865609842179776,0.01912518559509382,0.15926151031644123,0.019292169864206392,0.15926764307400867,0.019272112898566486,0.15798678556458937,0.01910928825855495,0.15780220171389045,0.0190264311930208,0.09386594854990768,0.01621562444505716,0.09593135361622959,0.016215624444983288,0.09569174795640788
1714.0,0.1620032041947051,0.019807128585988234,0.1608363179223021,0.019686394864616485,0.1589261997514347,0.019260993650903654,0.1551657099348527,0.018640872876645495,0.15072136936155364,0.017860179180338356,0.14430504320841772,0.01671066499348321,0.15716775649865838,0.01884092261327244,0.16060352828722793,0.019711063611621078,0.15820823253375457,0.019085334312387264,0.1588065573347245,0.019248013955553096,0.1588139593668227,0.019229286789839463,0.1575401508389989,0.01906739056882686,0.15735651047145363,0.018984785385463134,0.09359355472142754,0.016163317040142042,0.09565664225365599,0.016163317040068594,0.09542232322350003
1715.0,0.16153360395048447,0.019760631639990135,0.1603730075370169,0.01964031839118909,0.15847337035364126,0.019216703040223847,0.15473350465692498,0.018599718796983297,0.150312640879154,0.01782239917168294,0.14392863647208703,0.01667705897695699,0.15672986088739138,0.018804238370756853,0.16014024745172006,0.019663212303873086,0.15776177148506806,0.01904404325027416,0.15835318922314998,0.01920259407699544,0.15836180532061742,0.01918512945886001,0.15709500155359254,0.019024185713992548,0.1569122989815183,0.018941839613898368,0.09332243762121385,0.01611118934814895,0.09538347418075578,0.01611118934807593,0.09515439522084225
1716.0,0.1610656818084171,0.01971281977965376,0.15991135011675037,0.01959296986042602,0.1580221287332456,0.019171188655742282,0.1543027537546509,0.018557409581853625,0.14990523003713643,0.017783557788403,0.1435533853497254,0.016642542141291843,0.15629323698429531,0.018766045821899693,0.15967868996741513,0.01961420256922539,0.15731677344530842,0.01900142885760495,0.15790145678189454,0.019156016839550975,0.15791123451289818,0.01913975162951552,0.1566513902449533,0.018979781337862003,0.15646961964585057,0.018897700797248947,0.09305260274894873,0.016059248301627752,0.09511184167088764,0.016059248301555383,0.09488795649715047
1717.0,0.16059949024380937,0.019663805559157508,0.15945139625402005,0.01954445766615361,0.15757252391799395,0.019124553313839554,0.15387350368492167,0.0185140393266668,0.14949917984423566,0.01774373863036627,0.14317932724290489,0.016607183140352807,0.15585794592419222,0.018726463720279456,0.15921890161147814,0.01956413470363223,0.1568732916964459,0.018957598902517987,0.15745140634023674,0.019108380860925728,0.15746229587796134,0.01909325573046681,0.1562093649453828,0.01893427708113016,0.15602852037949272,0.018852467912651473,0.09278405476795502,0.016007500267357495,0.09484173680636275,0.016007500267285556,0.09462299941966561
1718.0,0.16013507703465465,0.019613693028404287,0.15899319203333032,0.01949488206898475,0.1571246006332459,0.01907689220192618,0.1534457969623735,0.018469695302290236,0.1490945297894566,0.017703019398213456,0.14280649663246037,0.016571045980960614,0.15542404385426356,0.018685602040775504,0.15876092400127226,0.019513101544940334,0.15643137500381318,0.018912653204635872,0.157003080097739,0.0190597774412787,0.15701503406101405,0.019045736596628133,0.15576896952380667,0.018887765253566387,0.15558904494997444,0.01880623266193146,0.09251679755873693,0.015955951086030026,0.09457315149652488,0.01595595108595857,0.09435951619132181
1719.0,0.15967248562314768,0.019562578455612153,0.15853677937560012,0.019444335882806765,0.15667839962700178,0.019028293515976572,0.15301967245037876,0.0184244585138767,0.14869131609466374,0.017661472364393454,0.14243492527959883,0.016534190379537166,0.1549915823094606,0.018643562715601875,0.1583047949094809,0.019461189094775972,0.1559910679552306,0.018866684297154053,0.15655651643625834,0.01901029117406907,0.15656948974196538,0.0189972821032641,0.15533024399754897,0.018840331442030248,0.15515123328762156,0.018759080074515256,0.09225083426899829,0.01590460610887653,0.09430607749453296,0.01590460610880544,0.0940974988666865
1720.0,0.15921175544597313,0.019510550980260787,0.1580821963531894,0.01939290509549005,0.15623395796741918,0.018978839037498557,0.15259516562787054,0.018378404207569202,0.1482895719468409,0.017619164801263465,0.14206464241116518,0.016496672087409375,0.15456060855587786,0.0186004403002807,0.15785054855260944,0.0194084770815267,0.15555241127154976,0.018819778026242594,0.15611175020546603,0.018960000498910945,0.15612569993169467,0.018947973739902067,0.15489322481796108,0.01879205506111305,0.15471512176986932,0.018711089053475682,0.09198616736034317,0.015853470231503353,0.09404050641293972,0.015853470231432857,0.09383693936675927
1721.0,0.15875292223659493,0.01945769320383846,0.157629477478271,0.019340669430801358,0.15579130931541013,0.018928604656337573,0.15217230883431515,0.018331602330486547,0.14788932771171082,0.01757615937062017,0.14169567489086782,0.01645854318786281,0.15413116590529266,0.018556322576930153,0.15739821585540184,0.019355039470627847,0.1551154420912282,0.01877201409436884,0.1556688129846339,0.018908978202548443,0.15568369824367626,0.018897887130397962,0.1544579451323411,0.018743009852438215,0.15428074348192589,0.018662332870715063,0.0917227986519553,0.015802547925174475,0.09377642973818008,0.015802547925104517,0.09357782949272375
1722.0,0.15829601830203552,0.019404081724957094,0.1571786539671651,0.019287702857730474,0.1553504841747682,0.01887766084498327,0.1517511314948948,0.0182841179488205,0.14749061113061115,0.017532514478552568,0.14132804737746188,0.016419852367711565,0.15370329400353575,0.01851129110141938,0.156947824693515,0.01930094492766039,0.15468019423147733,0.018723466553370562,0.15522773332278375,0.018857291873399035,0.15524351514317056,0.01884709250479538,0.15402443502436525,0.01869326433795447,0.1538481284561534,0.01861287961654377,0.09146072936142552,0.01575184326575925,0.09351383884401812,0.015751843265689548,0.09332016093873942
1723.0,0.15784107277685117,0.01934978762469422,0.15672975398290076,0.019234074052709625,0.1549115101219185,0.018826073089405832,0.15133166032770162,0.01823601162829857,0.14709344750200296,0.01748828459908522,0.14096178247117858,0.016380645165838717,0.15327702909530655,0.01846542170020539,0.1564994001164507,0.019246257239122544,0.15424669842822816,0.018674204252470076,0.15478853695934827,0.01880500431447228,0.15480517817610154,0.018795655127960966,0.15359272173515898,0.01864288223195609,0.15341730389212485,0.018562792608363205,0.09119996014300155,0.01570135996054009,0.09325272500406656,0.01570135996047064,0.09306392530381719
1724.0,0.15738811185623822,0.019294876907319167,0.15628280285814236,0.019179846819601044,0.15447441201718137,0.01877390228086779,0.15091391953465416,0.01818733978081941,0.14669785984907072,0.017443520569697307,0.14059690084923976,0.01634096420090744,0.15285240426755156,0.01841878492199533,0.1560529645525632,0.019191035695212594,0.1538149825567824,0.018624291245828352,0.15435124702709369,0.018752173918920853,0.15436871217957215,0.01874363568942979,0.15316282986663426,0.01859192281605497,0.15298829435909428,0.018512130762618543,0.09094049112334443,0.015651101373057814,0.0929930794034139,0.015651101372989182,0.09280911410287807
1725.0,0.15693715901034683,0.019239410900979997,0.1558378233001159,0.019125080471764668,0.15403921219925393,0.018721205072683624,0.15049793097748124,0.0181381549806306,0.1463038690745491,0.017398269861456258,0.14023342139155517,0.01630084938021491,0.15242944967341623,0.018371446448849235,0.1556085379978779,0.01913533543846422,0.1533850718350724,0.018573787163730773,0.15391588423895555,0.018698855012023553,0.15393413947567444,0.01869109065839465,0.15273478156885073,0.01854044128080966,0.1525611219825367,0.018460948933715006,0.09068232193509589,0.015601070546158615,0.09273489314945803,0.015601070546090182,0.09255571877703664
1726.0,0.15648823518146673,0.019183446622440224,0.15539483557938413,0.01906983018004285,0.15360593066446354,0.018668034205434766,0.1500837143402473,0.01808850625305829,0.1459114941039985,0.01735257682623141,0.13987136129730995,0.01626033809144821,0.15200819273853497,0.018323467470774346,0.15516613819001504,0.01907920778164677,0.15295698901087393,0.018522747551043238,0.15348246706023091,0.018645098162972735,0.15350148005006786,0.018638072607326455,0.15230859671279476,0.018488489037370572,0.15213580661617682,0.01840929822319671,0.09042545174828065,0.015551270223382208,0.092478157281974,0.015551270223314087,0.09230373070318146
1727.0,0.15604135896570426,0.01912703710947177,0.1549538577037998,0.019014147290081856,0.15317458523203398,0.01861443880377677,0.14967128727944215,0.01803843933846755,0.1455207520183799,0.017306482923174504,0.13951073619324122,0.016219465378922774,0.1515886583513093,0.018274905027457395,0.1547257807687494,0.019022700497978596,0.1525307545347077,0.018471224176171572,0.15305101186745546,0.01859095046944544,0.153070751716758,0.018584630507351808,0.15188429304981335,0.018436114002074917,0.1517123660007892,0.018357226262115493,0.09016987929981814,0.015501702868833034,0.09222286278248783,0.015501702868765333,0.09205314120285944
1728.0,0.15559654678045964,0.01907023172412361,0.15451490557900036,0.018958079612004207,0.15274519169681153,0.018560464647625747,0.1492606655628877,0.017987996933845188,0.14513165817697027,0.01726002692642282,0.13915156023425193,0.016178264105725874,0.15117086903848595,0.01822581232037166,0.15428747942417625,0.01896585808635719,0.152106386719368,0.01841926531342401,0.15262153309507817,0.01853645581765004,0.15264197027023343,0.018530809998145003,0.15146188635895994,0.0183833608566431,0.15129081591090257,0.018304777469211355,0.0899156029211529,0.015452370685649213,0.0919690005830025,0.015452370685581935,0.09180394155059729
1729.0,0.15515381301905073,0.019013076429731553,0.15407799315661186,0.018901671685167272,0.15231776397029803,0.018506154420211647,0.14885186319825652,0.017937218914144855,0.1447442263313741,0.017213245115791236,0.1387938461970206,0.016136765103033912,0.1507548451274164,0.018176238998124324,0.15385124603373407,0.018908722014030023,0.15168390188750824,0.018366916001334027,0.1521940433711095,0.018481655120210938,0.1522151496260875,0.018476653634814467,0.15104139058323018,0.018330271286325403,0.15087117029053068,0.018251993287227396,0.08966262056423464,0.015403275633180764,0.09171656157411937,0.015403275633113963,0.09155612298160054
1730.0,0.15471317019352346,0.018955614044234636,0.15364313257125697,0.018844965020391635,0.15189231421119648,0.018451547935225958,0.14844489255218474,0.017886142535301217,0.14435846873126854,0.017166171452016845,0.13843760556715132,0.01609499730775616,0.15034060489615758,0.018126231417655608,0.15341709078892696,0.0188513309388627,0.1512633145081548,0.0183142182792675,0.1517685536425577,0.01842658653403046,0.15179030195113805,0.018422201113995028,0.15062281795570803,0.018276884198114785,0.1504534413787549,0.018198912399456188,0.08941092982590801,0.015354419442980409,0.09146553661260252,0.015354419442914085,0.09130967669895448
1731.0,0.1542746290667258,0.018897884472064294,0.15321033426730465,0.018787998321838625,0.15146885294626608,0.018396682345034943,0.148039764460714,0.017834802620629652,0.14397439622279015,0.0171188377379763,0.13808284862032574,0.016052987889535106,0.14992816471233866,0.018075832883555545,0.1529850223126719,0.0187937209131361,0.15084463732314302,0.018261211404350917,0.15134507329160934,0.018371285660017684,0.1513674377838569,0.018367489481111658,0.15020617911637899,0.018223235920884276,0.15003763982611962,0.018145570928370356,0.08916052797080802,0.01530580363369594,0.09121591652842637,0.015305803633629645,0.0910645938803112
1732.0,0.15383819877455182,0.018839924916653344,0.15277960711623756,0.018730807690446598,0.15104738918229477,0.018341592331752626,0.14763648833182078,0.01778323173214241,0.14359201833986884,0.017071273767139024,0.13772958449798492,0.016010762368032273,0.14951753916192048,0.018025083867588845,0.15255504776804585,0.01873592557060082,0.1504278814643177,0.01820793205057447,0.15092361024331286,0.018315785726395004,0.1509465661460503,0.01831255332058563,0.1497914832204766,0.0181693603891637,0.14962377480258607,0.018092002618017602,0.08891141195290014,0.01525742952494741,0.09096769213132032,0.015257429524881815,0.09082086568412939
1733.0,0.15340388693915066,0.01878177007539466,0.15235095852542815,0.018673426810665517,0.15062793050999335,0.01828631028275446,0.14723507224061483,0.01773146032816045,0.14321134338934485,0.0170235074604019,0.13737782127796774,0.015968344721346776,0.14910874116853842,0.017974022210256166,0.15212717295912406,0.018677976298342117,0.15001305656225075,0.01815441449172305,0.1505041710654467,0.018260117757097995,0.15052769464638924,0.018257424930564693,0.14937873803903878,0.018115289312043443,0.14921185409762158,0.01803823900167059,0.08866357843573533,0.01520929825027171,0.09072085421688317,0.015209298250206308,0.09057848325547516
1734.0,0.15297169977390523,0.01872345231867024,0.15192439453901496,0.01861588712202432,0.1502104832003644,0.01823086645206334,0.14683552301787126,0.017679516908461566,0.1428323785301264,0.01697556499233294,0.13702756604042088,0.015925757486320812,0.14870178210427423,0.017922683306053778,0.15170140242461103,0.01861990239483933,0.14960017084720853,0.01810069076960696,0.15008676106122767,0.018204310726639663,0.15011082957653388,0.018202134483599818,0.14896795005226104,0.0180610523285743,0.14880188421329574,0.0179843095560823,0.08841702381148568,0.015161410769195046,0.0904753935722655,0.015161410769129954,0.09033743773143248
1735.0,0.1525416421808104,0.01866500185442474,0.15149991993156933,0.018558217976929716,0.14979505229430395,0.018175289108891345,0.1464378463323706,0.017627428148070022,0.142455129847041,0.016927470907749372,0.13667882492938196,0.0158830218514193,0.1482966718925603,0.017871100273923326,0.15127773952477191,0.018561731215477006,0.14918923124290837,0.01804679084893602,0.1496713843554345,0.018148391702668024,0.14969597600042467,0.018146710174541187,0.14855912453628353,0.01800667715087845,0.14839387045069907,0.01793024184355022,0.08817174421887794,0.015113767878508155,0.0902313009814596,0.015113767878443542,0.09009772024612801
1736.0,0.15211371784088804,0.018606446879603042,0.15107753829505216,0.018500446785935775,0.1493816416858262,0.01811960467448965,0.14604204676754504,0.017575219020702297,0.1420796024196173,0.016879248229467868,0.13633160321039053,0.015840157742809127,0.14789341910385656,0.017819304114218226,0.15085618652226074,0.018503488306625654,0.14878024345375862,0.017992742760023772,0.14925804397449138,0.018092385977317063,0.14928313783729946,0.018091178356799142,0.14815226564392092,0.017952189696068623,0.14798781699037847,0.017876061642879176,0.08792773556004535,0.015066370222795201,0.08998856723022451,0.015066370222730946,0.08985932193542624
1737.0,0.15168792929822328,0.01854781371962074,0.15065725211971515,0.018442599151606218,0.14897025419953042,0.0180638378483471,0.14564812789292045,0.017522912912762867,0.1417058003863947,0.016830918557985318,0.1359859053243353,0.01579718390420217,0.14749203104458505,0.01776732385339747,0.15043674465728507,0.018445197529305832,0.14837321204602108,0.01793857273040808,0.1488467419209527,0.018036317188349082,0.1488723179389211,0.018035563668010377,0.14774737647976938,0.017897614207963736,0.14758372696721483,0.017821793070223045,0.08768499351643043,0.015019218304275165,0.08974718311067195,0.015019218304211273,0.089622233941283
1738.0,0.15126427803805928,0.01848912695694915,0.15023906286932537,0.018384698991987906,0.14856089166267933,0.018008011724670127,0.14525609233067105,0.017470531728712307,0.14133372700484256,0.01678250216376688,0.13564173493789553,0.015754117970969112,0.14709251384001504,0.017715186677526095,0.15001941421761827,0.018386881173350248,0.14796814052336163,0.01788430530635675,0.14843747924285708,0.017980207430982924,0.14846351816147202,0.017979889146027807,0.14734445917021488,0.017842973369492702,0.14718160254013962,0.017767458690685398,0.08744351356373069,0.014972312492002942,0.08950713942552992,0.014972312491939246,0.08938644741580412
1739.0,0.15084276455950546,0.018430409549760454,0.14982297105116976,0.0183267686545904,0.14815355497238217,0.017952147899988863,0.14486594181773427,0.017418095988547072,0.14096338470741798,0.016734018072769995,0.13529909499076181,0.015710976538990062,0.14669487251143112,0.01766291805556313,0.14960419460373464,0.018328560062882596,0.1475650313972949,0.017829963465133068,0.14803025609833528,0.017924077361213944,0.14805673943255634,0.017924176336085392,0.14694351492863425,0.017788288406589338,0.14678144495714895,0.017713079621479482,0.08720329098601186,0.01492565303047812,0.08926842699210781,0.014925653030414843,0.08915195352502445
1740.0,0.1504233884432227,0.018371682941507424,0.14940897628131808,0.01826882902170972,0.14774824415820464,0.017896266572657193,0.14447767726379188,0.017365624918051624,0.14059477515398316,0.01668548414575655,0.1349579877399126,0.015667775228675254,0.1462991110480576,0.01761054185331148,0.1491910843895952,0.01827025365386191,0.14716388625282642,0.01777556871881878,0.1476250718158491,0.017867946291361746,0.147651981813608,0.01786844538988835,0.14654454411622816,0.017733579184307662,0.14638325461591448,0.01765867562736742,0.08696432088897638,0.014879240047702514,0.08903103664598491,0.014879240047639762,0.08891874345241324
1741.0,0.15000614841447005,0.018312967162212267,0.14899707734541814,0.018210899607828967,0.147344958440545,0.01784038663492713,0.14409129880540028,0.017313136532433136,0.1402278992808155,0.01663691715191213,0.1346184148011051,0.01562452874452538,0.1459052324741976,0.017558080438841953,0.14878008137927276,0.018211980124362256,0.14676470580972648,0.017721141210409845,0.14722192495035125,0.01781183227849832,0.147249244558156,0.017812715157320923,0.14614754629880047,0.017678864295810115,0.14598703112037006,0.01760426520903337,0.0867265982124962,0.01483307356272358,0.08879495924443884,0.01483307356266091,0.08868680840213695
1742.0,0.1495910424018906,0.01825428092217691,0.14858727225537627,0.018152998649766394,0.14694369628514953,0.017784525758231577,0.1437068058566349,0.017260647713886714,0.13986275734650108,0.01658833283722547,0.13428037718783126,0.01558125093058923,0.14551323891188256,0.017505554780094804,0.14837118265981988,0.01815375645819849,0.14636748997973253,0.017666699802828794,0.14682081333574262,0.0177557522063632,0.14684852616617153,0.01775700327138428,0.1457525202997619,0.017624161144832798,0.1455927733335494,0.01754986568497167,0.08649011774241766,0.014787153492702208,0.08856018566963064,0.01478715349264001,0.08845613960209603
1743.0,0.149178067592344,0.01819564169874986,0.14817955830232105,0.018095143190187443,0.1465444554539982,0.017728700472230935,0.1433241971563514,0.017208174283584513,0.13949934897488944,0.01653974598805633,0.1339438753478593,0.015537954822143157,0.14512313163938226,0.017452984535326732,0.14796438465061693,0.01809559852245023,0.14597223791996486,0.01761226216145216,0.14642173413382567,0.017699721861296088,0.14644982443484433,0.01770132622694072,0.14535946424963167,0.017569486022160904,0.14520047942693226,0.01749549326744253,0.0862548741216953,0.014741479659537666,0.0883267068315554,0.014741479659475774,0.08822672830673699
1744.0,0.14876722048209914,0.018137065816729525,0.14777393210598427,0.018037349155024206,0.14614723305286775,0.0176729262381503,0.142943470812504,0.017155731068548164,0.1391376731953895,0.016491170490268936,0.13360890919758245,0.015494652693874237,0.14473491114590917,0.017400388136990384,0.14755968314948328,0.01803752113938508,0.1455789480828653,0.017557844830675493,0.14602468388004455,0.017643756002694543,0.14605313650601348,0.017645699453757248,0.1449683756323754,0.017514854176605484,0.14481014692661406,0.01744116313296469,0.08602086186091062,0.014696051796077057,0.08809451367079107,0.014696051796015576,0.08799856579965958
1745.0,0.14835849692461495,0.018078568522933477,0.14737038966087274,0.017979631425305165,0.14575202557577718,0.017617217516857006,0.14256462434358463,0.017103331963803297,0.13877772848070988,0.016442619384286185,0.13327547815424948,0.015451356104841149,0.14434857718274946,0.017347782869583973,0.14715707337574693,0.017979538153237662,0.14518761826291515,0.017503463305010084,0.14562965852629026,0.01758786842842397,0.14565845891050497,0.017590137384328703,0.14457925132866195,0.017460279880932673,0.14442177275646514,0.017386889487798214,0.08578807534815723,0.014650869551941354,0.08786359716104178,0.014650869551880009,0.08777164339605167
1746.0,0.14795189217518778,0.018020164055403815,0.14696892637940656,0.017922003903849716,0.14535882894656632,0.017561587832115876,0.14218765471741207,0.017050989990207346,0.13841951278227338,0.01639410491637861,0.1329435811663124,0.0154080759404592,0.14396412881112583,0.01729518494196191,0.14675655001054777,0.017921662492256605,0.14479824564030974,0.017449132095147226,0.14523665348086556,0.017532072035602374,0.14526578760961983,0.01753465351689023,0.1441920876564121,0.017405776493142903,0.1440353532785295,0.01733268562881371,0.08555650885843567,0.014605932498990679,0.08763394831148338,0.014605932498929752,0.08754595244492139
1747.0,0.147547400932701,0.017961865707689387,0.14656953713228646,0.017864479577242617,0.14496763855780212,0.017506049829401082,0.14181255838753024,0.01699871734827511,0.13806302356344172,0.01634563858647824,0.1326132167419438,0.015364822451716614,0.14358156444697653,0.017242609554547053,0.14635810723451312,0.017863906226398274,0.14441082682186787,0.01739486478939024,0.14484566364595552,0.01747637887712195,0.14487511803396652,0.01747926047401106,0.14380688040873837,0.017351356513474837,0.1436508843308493,0.017278564000115754,0.08532615656244262,0.014561240136456008,0.08740555816895983,0.01456124013639555,0.08732148433118588
1748.0,0.1471450173786638,0.017903685888591037,0.14617221628622204,0.0178070705734595,0.14457844930722585,0.017450615330616415,0.14143933132728304,0.016946525468324133,0.13770825783074675,0.016297231192783722,0.13228438297586098,0.015321605291852142,0.14320088190292463,0.017190070961857883,0.14596173876304827,0.017806280621008207,0.14402535787936596,0.017340674110827077,0.14445668345264942,0.017420800214239376,0.14448644511976566,0.017423970057110497,0.14342362488946944,0.017297031637466515,0.14326836126289155,0.017224536245755956,0.0850970125349342,0.014516791895756848,0.08717841781998889,0.014516791895696353,0.08709823047758775
1749.0,0.14674473521372983,0.017845636177739658,0.14577695773928562,0.017749788215489653,0.14419125563184215,0.017395295385044487,0.14106796906181063,0.016894425057217614,0.13735521216317603,0.016248892873404606,0.13195707757460903,0.015278433550658539,0.14282207842760242,0.017137582530708614,0.14556743787933762,0.01774879618680855,0.14364183438540726,0.01728657197056551,0.14406970689379348,0.0173653465655534,0.14409976334294555,0.017368793297223982,0.14304231594644876,0.017242812805384557,0.14288777896876467,0.01717061325883503,0.08486907076258221,0.014472587145026333,0.08695251839262598,0.014472587144966199,0.0868761823464774
1750.0,0.14634654769189068,0.017787727377323183,0.1453837549539987,0.017692643071272576,0.14380605153991702,0.017340100316819755,0.14069846669803465,0.01684242614197054,0.13700388273971387,0.016200633145256133,0.13163129788031747,0.015235315786594372,0.14244515074248823,0.017085156794427975,0.14517519746531954,0.01769146272647037,0.1432602514470843,0.01723256951734348,0.14368472755473322,0.017310027752639203,0.14371506675099674,0.017313740502302524,0.14266294800276844,0.017188710248296032,0.14250913191834452,0.01711680522727543,0.08464232515140784,0.014428625193364462,0.0867278510581892,0.01442862519330457,0.08665533144144308
1751.0,0.14595044765249615,0.017729969560271557,0.14499260098831673,0.017635645000220856,0.14342283064093567,0.017285039769185922,0.14033081895284039,0.01679053811044915,0.13665426536523695,0.016152460940417956,0.13130704089314565,0.01519226005686739,0.14207009507650237,0.01703280550339725,0.1447850100306498,0.017634289378036728,0.14288060373754985,0.017178677183794656,0.14330173864216197,0.017254852942601314,0.1433323489929162,0.01725882130131335,0.1422855150860435,0.017134733531044454,0.14213241418646214,0.01706312167652155,0.08441676953380356,0.014384905294834448,0.08650440703283555,0.014384905294775142,0.08643566930883244
1752.0,0.14555642755024562,0.01767237211516323,0.14460348852471114,0.017578803196606003,0.14304158617372126,0.017230122745789674,0.13996502017950552,0.01673876974938629,0.13630635549487044,0.016104384640141294,0.13098430329237779,0.015149273945617653,0.14169690719842956,0.01698053967219246,0.14439686773988192,0.01757728465543541,0.14250288552563,0.0171249047296094,0.14292073301114466,0.017199830687775326,0.14295160334723886,0.01720404468538904,0.1419100108558852,0.017080891592359093,0.14175761948033833,0.017009571509390798,0.08419239767515727,0.014341426652221654,0.08628217757901796,0.01434142665216242,0.08621718753913729
1753.0,0.14516447948330818,0.01761494378811102,0.1442164098973719,0.017522126230034726,0.14266231103279078,0.01717535764922713,0.1396010643925695,0.01668712927991278,0.13596014825689204,0.01605641210666951,0.1306630814563448,0.01510636459035643,0.14132558244739024,0.016928369623587087,0.14401076243797167,0.017520456486298457,0.14212709070359497,0.017071261281843404,0.14254170319051784,0.017144968962795628,0.14257282274835792,0.017149419046240396,0.14153642862969712,0.01702719278231726,0.14138474116525593,0.01695616304329462,0.08396920328011157,0.014298188420566408,0.0860611540068259,0.014298188420507363,0.08599987776826656
1754.0,0.14477459521966396,0.01755769272184897,0.14383135711779704,0.017465622083235297,0.14228499779311818,0.01712075231705381,0.13923894529115097,0.016635624390778297,0.13561563847427457,0.016008550713040012,0.13034337148119854,0.015063538706765129,0.1409561157614403,0.016876305029650845,0.14362668567417042,0.017463812247288366,0.14175321281328304,0.017017755372570692,0.14216464140665025,0.017090275199224056,0.1421959998112237,0.017094952212039348,0.14116476140687778,0.016973644897350895,0.1410137722887507,0.016902904045027322,0.08374717999848873,0.01425518971048951,0.0858413276752078,0.014255189710430877,0.08578373167872774
1755.0,0.1443867662218337,0.017500626492234248,0.14344832189871468,0.017409298187359167,0.1419096387333559,0.017066314055437494,0.138878656280923,0.016584262269445434,0.13527282068501012,0.015960807371002847,0.13002516919864499,0.015020802611980142,0.14058850170443285,0.01682435495015488,0.1432446287244579,0.017407358797117294,0.14138124507060715,0.01696439497408415,0.141789539605845,0.01703575631791965,0.14182112685454273,0.017040651480962298,0.1407950018915798,0.016920255212980007,0.14064470560328615,0.016849801763293194,0.08352632143085788,0.014212429591321293,0.0856226899930932,0.014212429591262846,0.08556874100068676
1756.0,0.1440009836700673,0.01744375214235084,0.14306729567661264,0.017353161454976573,0.1415362258576749,0.01701204967063676,0.1385201904947381,0.016533049631193723,0.1349316891612079,0.015913188557194285,0.12970847019263426,0.014978162246457241,0.14022273449127987,0.016772527868489526,0.14286458261260906,0.01735110250742435,0.14101118038856578,0.016911187531822722,0.141416389475287,0.016981418759311046,0.14144819592253247,0.0169865236525602,0.14042714251406802,0.0168670305144406,0.14027753358755807,0.01679686295914084,0.08330662113383283,0.014169907094045048,0.08540523242041699,0.014169907093986953,0.08535489751295328
1757.0,0.14361723848408947,0.017387076214396474,0.14268826963283354,0.017297218310933855,0.14116475091623706,0.016957965498452864,0.13816354081204701,0.01648199274638761,0.1345922379271033,0.015865700337690972,0.12939326981518048,0.014935623194525344,0.13985880801170178,0.01672083172526821,0.14248653812996465,0.017295049291671274,0.1406430113989239,0.0168581399951868,0.14104518246276215,0.0169272685117317,0.14107719880541986,0.016932575057114953,0.14006117545080582,0.016813977125353777,0.13991224846654035,0.016744093934458804,0.08308807262504929,0.01412762121406952,0.08518894646904021,0.014127621214011725,0.08514219304386696
1758.0,0.14323552134354423,0.01733060477950841,0.14231123471342086,0.017241474721232254,0.14079520542447044,0.01690406743180845,0.13780869987716896,0.0164310974660321,0.13425446077603542,0.015818348391042816,0.12907956320123298,0.014893190703710167,0.13949671585255433,0.016669273949793482,0.14211048585399538,0.01723920463219073,0.14027673047254227,0.016805258846395825,0.1406759097951995,0.016873311137946795,0.1407081270586245,0.016878811583124625,0.13969709264335284,0.01676110093458125,0.13954884223033337,0.016691500558662243,0.08287066938787083,0.014085570913838701,0.08497382370360554,0.014085570913781204,0.08493061947210284
1759.0,0.14285582270716457,0.017274343465680544,0.14193618164772903,0.017185936220063053,0.14042758068118127,0.01685036094657964,0.1374556601164696,0.016380369245741138,0.13391835128643223,0.01577113802991162,0.12876734528278563,0.014850869702905492,0.1391364513188356,0.016617861489522906,0.14173641616575133,0.01718357360552749,0.13991232973853507,0.016752550127526945,0.1403085624960624,0.016819551800007885,0.14034097202087029,0.016825238703057403,0.139334885816114,0.016708407421391496,0.1391873066518615,0.016639088293710462,0.0826544048758404,0.014043755125290072,0.08475985574228903,0.01404375512523276,0.08472016872740455
1760.0,0.1424781328307947,0.017218297483906842,0.14156310096593577,0.017130607935138268,0.14006186778556004,0.016796851125811457,0.13710441375457957,0.01632981316822253,0.13358390283690685,0.015724074221389845,0.1284566108021399,0.014808664819485196,0.13877800745346533,0.01656660083769788,0.1413643192662463,0.01712816090618551,0.13954980110225895,0.016700019465862435,0.1399431314017183,0.01676599528255034,0.1399757248311529,0.01677186149748437,0.13897454649302837,0.01665590167905916,0.13882763330355455,0.016586862217555315,0.08243927251689856,0.01400217275216961,0.08454703425749105,0.014002172752112478,0.0845108327912404
1761.0,0.14210244178428832,0.017162471652674687,0.14119198301547883,0.017075494611426767,0.1396980576531971,0.01674354268242315,0.13675495282961325,0.016279433964390872,0.1332511086204679,0.015677161606105175,0.12814735432452792,0.01476658039540632,0.13842137705589155,0.01651549805924067,0.14099418519186116,0.017072970868896576,0.13918913626227364,0.016647672097662977,0.13957960717682322,0.016712646014640783,0.1396123764447336,0.016718684677716603,0.13861606601331813,0.016603588437001646,0.13846981357302232,0.01653482704615319,0.08222526571732666,0.013960822672213413,0.08433535097644489,0.01396082267215647,0.08430260369738972
1762.0,0.14172873946744116,0.01710687042092921,0.1408228179765222,0.017020600633418596,0.1393361410311317,0.016690439980513793,0.1364072692075225,0.016229236033189615,0.13291996165795136,0.015630404516180117,0.12783957024995132,0.014724620502385927,0.13806655269963236,0.016464558815061738,0.1406260038288414,0.01701800748951212,0.13883032672628243,0.016595512890478257,0.13921798032880137,0.016659508090277768,0.1392509176481642,0.01666571260704346,0.13825943554625908,0.016551472081559233,0.1381138386778141,0.016482987154115784,0.08201237786552239,0.013919703739203046,0.08412479768176834,0.013919703739146565,0.08409547353247236
1763.0,0.14135701562489678,0.017051497889608278,0.14045559587647827,0.016965930046009114,0.13897610851202846,0.016637547055360725,0.13606135459564977,0.01617922346022674,0.13259045481065557,0.01558380699213104,0.12753325282444872,0.014682788956199852,0.13771352674874993,0.01641378838487204,0.14025976492687023,0.016963274444609575,0.13847336382615116,0.016543546364094195,0.13885824122144064,0.016606585287638413,0.13889133907344162,0.016612949320669874,0.13790464610509776,0.01649955667550677,0.13775969967931134,0.01643134659410827,0.08180060233552328,0.013878814784902455,0.0839153662119426,0.013878814784846158,0.08388943443640551
1764.0,0.14098725986022306,0.016996357831850564,0.14009030660367616,0.016911486574104687,0.1386179505474944,0.01658486763220033,0.13571720055544817,0.016129400035284732,0.13226258079232078,0.015537372798773498,0.12722839615068396,0.014641089330166723,0.13736229137344458,0.0163631916886083,0.139895458111904,0.016908775109907334,0.1381182387320268,0.016491776710206383,0.1385003800877204,0.016553881087150488,0.13853363121128742,0.01656039854443942,0.137551688560177,0.01644784597638819,0.13740738749581727,0.01637990911507388,0.0815899324903597,0.013838154620883399,0.08370704846173649,0.013838154620827341,0.08368447860281734
1765.0,0.14061946164908665,0.016941453711968917,0.13972693992021323,0.016857273641034582,0.13826165746061614,0.016532405143875568,0.13537479851449385,0.016079769268794737,0.13193633218039474,0.015491105440197796,0.1269249941980585,0.014599524967867207,0.13701283856467295,0.016312773306568915,0.1395330728981885,0.01685451257756184,0.13776494246567703,0.016440207810912988,0.13814438704184473,0.01650139868847865,0.13817778442370562,0.016508063712430215,0.13720055365126202,0.016396343453745212,0.1370568929148528,0.016328678179364276,0.08138036168521737,0.013797722040246506,0.08349983638256968,0.0137977220401908,0.08348059827940008
1766.0,0.14025361035168432,0.016886788703266868,0.13936548547404234,0.01680329438584734,0.13790721945778261,0.01648016274742445,0.13503413977783102,0.01603033440734003,0.13161170142667125,0.015445008173880354,0.12662304081215867,0.014558098995145726,0.1366651601479879,0.01626253749833775,0.13917259869957893,0.01680048967242513,0.13741346591300518,0.016388843256098167,0.1377902520905833,0.01644914102648857,0.13782378895576078,0.01645594798349322,0.1368512319991686,0.016345052305323907,0.13670820660478267,0.016277656978849142,0.08117188327040516,0.013757515819243149,0.08329372198283976,0.01375751581918768,0.08327778576821407
1767.0,0.13988969522439704,0.016832365704784823,0.13900593281033247,0.016749551679571765,0.13755462663979118,0.016428143339680283,0.13469521553862462,0.015981098448242345,0.13128868086736126,0.01539908402398045,0.126322529723787,0.01451681433144202,0.13631924779653393,0.0162124882205855,0.13881402484019623,0.016746708967333577,0.13706379983588451,0.016337686359785518,0.1374379651439532,0.01639711078626502,0.1374716349466613,0.016404054256806976,0.13650371411671622,0.016293975472317312,0.13636131912571448,0.016226848450073477,0.08096449059418018,0.013717534718804544,0.08308869732817231,0.013717534718749426,0.08307603342594487
1768.0,0.13952770543078524,0.01677818735703714,0.13864827138217398,0.01669604814050426,0.13720386901229795,0.01637634957194734,0.13435801688823124,0.015932064153308906,0.13096726273256518,0.015353335793877338,0.12602345455748443,0.014475673700493536,0.13597509304334068,0.016162629143820332,0.1384573405644293,0.016693172797488345,0.1367159348832705,0.01628674017552783,0.1370875160252592,0.016345310417235154,0.13712131244023223,0.016352385186511085,0.13615799041902402,0.01624311565371286,0.13601622093982468,0.016176255288522824,0.08075817700539538,0.013677777485984427,0.08288475454165523,0.013677777485929543,0.08287533366411962
1769.0,0.1391676300518943,0.016724256056815573,0.13829249056063,0.016642786148593994,0.13685493649568722,0.016324783863816802,0.13402253482568757,0.015883234061775154,0.13064743915527363,0.015307766077996814,0.12572580883957218,0.014434679640444727,0.13563268729289865,0.016112963668154186,0.13810253504636064,0.01663988327398632,0.13636986160169917,0.016236007510890913,0.1367388944805399,0.01629374214647044,0.13677281139473427,0.016300943195484564,0.13581405123325432,0.016192475319804625,0.13567290242102012,0.01612587996205469,0.08055293585601271,0.013638242855317735,0.08268188580400046,0.01363824285526287,0.08267567894927538
1770.0,0.1388094580959669,0.016670573971116782,0.13793857964421874,0.016589767858978772,0.136507818934335,0.016273448416173578,0.13368876026666668,0.015834610502510574,0.13032920217981034,0.015262377272969765,0.12542958600580684,0.014393834513405342,0.1352920218320687,0.016063494938150732,0.1377495973986316,0.01658684229656269,0.1360255704451809,0.016185490941101794,0.13639209018748744,0.01624240799120505,0.13642612169214893,0.016249730488312426,0.13547188680772587,0.016142056724914085,0.13533135386410436,0.016075724723553942,0.08034876050345306,0.013598929550102513,0.08248008335369496,0.013598929550047937,0.08247706180309736
1771.0,0.13845317850757438,0.016617143050249063,0.1375865278678045,0.016536995214729476,0.1361625061053503,0.01622234522344957,0.13335668405191103,0.015786195605525095,0.13001254376984342,0.015217171588166923,0.12513477940858614,0.01435314051448646,0.13495308784038812,0.016014225856816215,0.13739851668077674,0.01653405156558873,0.13568305178449677,0.01613519282190028,0.13604709276381544,0.016191309770633808,0.13608123314688045,0.016198749063508287,0.13513148732057112,0.016091861919385567,0.13499156549337915,0.016025791622855393,0.08014564431283643,0.013559836283608845,0.08227933948708949,0.013559836283554675,0.08227947480251432
1772.0,0.13809878017620889,0.016563965040174915,0.1372363244109996,0.01648446995885622,0.1358189877267961,0.016171476085169615,0.13302629695520385,0.015737991312820478,0.1296974558159556,0.01517215105564513,0.12484138232379836,0.01431259968034802,0.1346158763997911,0.015965159098783682,0.13704928190705123,0.016481512593376168,0.13534229591598956,0.016085115301660433,0.13570389177514908,0.016140449117025803,0.13573813551399477,0.016148000725027426,0.13479284288785595,0.01604189276088833,0.13465352747075077,0.01597608251798645,0.07994358065907653,0.013520961760218428,0.08207964655845848,0.013520961760164383,0.08208291057976345
1773.0,0.13774625194435078,0.016511041494137773,0.13688795840601609,0.01643219364561774,0.13547725346543682,0.016120842616836616,0.13269758969086692,0.015689999388633857,0.12938393014278735,0.015127317539548449,0.12454938795732136,0.014272213897285672,0.13428037850375285,0.01591629712274598,0.13670188205383832,0.016429226714832906,0.13500329306985162,0.016035260332813352,0.13536247674245083,0.016089827486205074,0.13539681849694424,0.016097487093123218,0.1344559435712154,0.015992150925077733,0.1343172299033844,0.015926599085767195,0.07974256292885493,0.013482304676498656,0.08188099698003537,0.013482304676444902,0.08188736182241879
1774.0,0.13739558261506743,0.01645837378361515,0.13654141894512611,0.01638016765118255,0.13513729294402801,0.016070446260196943,0.13237055292085423,0.01564222142910547,0.1290719585157851,0.015082672744983266,0.12425878945112617,0.014231984908885957,0.13394658506597557,0.015867642183183782,0.13635630606656424,0.01637719509750716,0.13466603341791286,0.01598562968262546,0.13502283714901392,0.016039446167431394,0.13505727175485388,0.016047209614582936,0.13412077938510106,0.0159426379156518,0.13398266285089977,0.01587734283181406,0.07954258452249027,0.013443863722216108,0.08168338322200487,0.013443863722162478,0.08169282127339403
1775.0,0.13704676095915871,0.016405963108646036,0.13619669508762572,0.016328393183681355,0.13479909574818993,0.01602028829292359,0.13204517726143217,0.015594658871406446,0.1287615326475778,0.015038218226419008,0.1239695798891309,0.014191914323277295,0.1336144869285192,0.01581919634143078,0.13601254286622513,0.016325418751063504,0.13433050708099398,0.015936224943368858,0.13468496244705327,0.015989306292725124,0.13471948490939464,0.0159971695723886,0.13378734030355383,0.015893355073841736,0.13364981633217873,0.015828315099976144,0.07934363885569294,0.013405637581291315,0.081486797812473,0.013405637581237919,0.08149928173091853
1776.0,0.1366997757218771,0.016353810507566582,0.1358537758663888,0.016276871292689662,0.1344626514328784,0.015970369837753542,0.13172145328947774,0.015547313002364485,0.1284526442040214,0.014993955395623617,0.12368175230266752,0.01415200361999208,0.13328407486952473,0.015770961476118676,0.13567058135552876,0.01627389853621957,0.13399670413586068,0.015887047541921676,0.13434884206387948,0.015939408845662886,0.13438344755123163,0.01594736809482915,0.13345561626662086,0.015844303587371034,0.13331868033173896,0.015779517081248935,0.07914571936120608,0.013367624932699176,0.08129123333740372,0.01336762493264596,0.08130673604848043
1777.0,0.13635461562923692,0.016301916866196683,0.13551265029406298,0.016225602878172735,0.13412794952845464,0.015920691871115743,0.1313993715484226,0.015500184966610325,0.1281452848098659,0.014949885529176664,0.1233952996757388,0.014112254156474479,0.13295533961046802,0.015722939293042207,0.13533041042467686,0.01622263517318397,0.13366461462172607,0.01583809874883113,0.1340144654077385,0.015889754669685133,0.13404914924612596,0.01589780616410517,0.13312559718638764,0.01579548449892044,0.13298924480577384,0.015730949822190036,0.07894881949037141,0.013329824451317447,0.08109668244053388,0.013329824451264577,0.08111517713475083
1778.0,0.13601126939396047,0.016250282926504385,0.13517330736887678,0.016174588698933387,0.13379497954643665,0.01587125523127795,0.13107892255387607,0.015453275774282975,0.12783944605418782,0.014906009775575418,0.12311021494993209,0.014072667174246498,0.13262827182302672,0.01567513133447813,0.13499201895676766,0.016171629249619533,0.13333422854645063,0.01578937968687841,0.13368182187330202,0.015840344475937768,0.13371657954063923,0.01584848462445819,0.13279727295266863,0.015746898714115644,0.13266149968784027,0.015682614232868274,0.07875293271458361,0.013292234808727035,0.08090313782326894,0.013292234808674397,0.080924597953485
1779.0,0.13566972572104577,0.016198909294785978,0.134835736080094,0.016123829380579824,0.1334637309848978,0.015822060626039455,0.13076009679888756,0.01540658630830965,0.12753511949543778,0.014862329161962541,0.12282649102910184,0.01403324380475132,0.1323028621355486,0.015627538987987424,0.1346553958329094,0.016120881228164963,0.13300553589231323,0.015740891339166365,0.13335090084683462,0.015791178850682312,0.13338572796754802,0.015799404189842357,0.13247063343835172,0.015698547009084487,0.13233543489419491,0.015634511094378353,0.07855805252665919,0.013254854673965127,0.08071059224454079,0.013254854673912667,0.0807349915233943
1780.0,0.13532997331303098,0.016147796449389733,0.13449992541316425,0.016073325423059382,0.1331341933335214,0.01577310864000537,0.13044288475895335,0.015360117331298492,0.12723229666626248,0.014818844600495389,0.12254412078382926,0.01399398507490004,0.13197910113917366,0.015580163494739358,0.13432052993700955,0.01607039145353838,0.13267852662149918,0.015692634556771577,0.13302169171102568,0.015742258262294525,0.1330565840509102,0.01575056545118041,0.13214566850446283,0.015650430037595343,0.13201104032883826,0.015586641065943077,0.07836417244211981,0.01321768271423514,0.08051903852066102,0.013217682714182857,0.0805463509180117
1781.0,0.13499200087490149,0.016096944748009667,0.13416586435454633,0.016023077207768792,0.13280635607840272,0.015724399741457475,0.13012727689671716,0.015313869492050885,0.1269309690780575,0.014775556894382353,0.12226309705560655,0.01395489191232669,0.1316569793935721,0.01553300595738214,0.13398741016027918,0.016020160159252766,0.1323531906812609,0.01564461006596786,0.13269418384958512,0.01569358306788453,0.13272913731084338,0.015701968883219525,0.131822368004897,0.015602548337807142,0.13168830588826053,0.015539004691627948,0.07817128600041268,0.013180717595576036,0.08032846952514311,0.013180717595523873,0.08035866926552242
1782.0,0.1346557971187345,0.016046354434576082,0.13383354189623795,0.01597308500427916,0.13248020870653046,0.015675934288852503,0.12981326366639398,0.015267843331733616,0.1266311282252429,0.014732466743596451,0.12198341266080943,0.013915965150382962,0.13133648743241882,0.015486067347483604,0.13365602540545202,0.01597018747395714,0.13202951800875434,0.015596818475070157,0.13236836665152008,0.015645153519548628,0.13240337726801563,0.015653614851013613,0.13150072179088945,0.015554902338656203,0.1313672214659213,0.015491602406694522,0.0779793867660247,0.013143957983492377,0.08013887818851495,0.013143957983440448,0.08017193974859149
1783.0,0.1343213507680475,0.015996025645766777,0.13350294704005952,0.015923348976688498,0.1321557407100232,0.015627712536967237,0.1295008355179523,0.015222039289716506,0.12633276558932782,0.01468957475029392,0.1217050603944875,0.01387720553287281,0.1310176157684975,0.015439348512578218,0.13332636459076513,0.015920473427440063,0.1317074985356374,0.015549260280900241,0.1320442295151742,0.015596969770287801,0.13207929344788455,0.015605503616053491,0.13118071971525244,0.015507492365895431,0.13104777695643757,0.01544443454360935,0.07778846832956461,0.013107402543546552,0.07995025749810358,0.013107402543494911,0.07998615560416303
1784.0,0.13398865056186154,0.015945958417162218,0.1331740688016346,0.015873869189628645,0.1318329415901076,0.01557973464271298,0.12918998290105121,0.015176457709100883,0.1260358726427428,0.014646881423949293,0.12142803303392144,0.013838613718550257,0.13070035489854914,0.01539285018282817,0.1329984166536779,0.015871017956298025,0.13138712219237247,0.015501935874909879,0.1317217618520337,0.015549031879604535,0.1317568753846506,0.015557635342068768,0.13086235163630847,0.015460318647810911,0.13072996225956535,0.015397501337731923,0.07759852430873036,0.013071049941918138,0.07976260049781578,0.013071049941866617,0.07980131012325552
1785.0,0.13365768525854715,0.015896152689064556,0.13284689621417722,0.015824645613949934,0.1315118008608419,0.01553200067063402,0.12888069626876641,0.015131098841955997,0.12574044085245176,0.014604387186226803,0.12115232334201387,0.013800190285390984,0.1303846953078499,0.015346572977335195,0.13267217055437838,0.015821820909303286,0.13106837891227474,0.015454845548973712,0.13140095309026575,0.015501339818796079,0.1314361126250132,0.01551001010051353,0.13054560742163843,0.015413381320634034,0.13041376728390663,0.015350802932698063,0.07740954834925795,0.013034898845927982,0.07957590028789231,0.013034898845876747,0.07961739665072741
1786.0,0.13332844363941118,0.01584660831200035,0.13252141833199385,0.01577567813209338,0.13119230805264526,0.015484510598113895,0.12857296608106253,0.015085962854282037,0.12544646168337667,0.014562092375598013,0.12087792407048795,0.013761935734648647,0.13007062747449005,0.015300517410115322,0.13234761527904138,0.0157728820524794,0.13075125863535428,0.015407989500874882,0.1310817926781049,0.015453893475967826,0.13111699473168292,0.015462627875761914,0.13023047695156825,0.015366680433663382,0.13009918195042935,0.015304339385517366,0.07722153412577397,0.012998947924533481,0.07939015002466283,0.012998947924482536,0.07943440858505045
1787.0,0.13300091451206086,0.015797325051927085,0.1321976242338107,0.01572696654317767,0.1308744527155816,0.015437264320306697,0.12826678280808795,0.015041049830710241,0.12515392660160718,0.014519997251722452,0.12060482796292982,0.013723850494711051,0.12975814187348467,0.015254683895759963,0.13202473984292068,0.015724201073906163,0.1304357513118828,0.015361367839503183,0.13076427008695438,0.015406692660776615,0.1307995112866687,0.015415488570026219,0.1299169501224973,0.015320215954118291,0.12978619619575632,0.015258110671403027,0.07703447534260208,0.01296319584879235,0.07920534292026703,0.01296319584874152,0.07925233937804985
1788.0,0.13267508671357245,0.015748302595157374,0.13187550302587983,0.015678510567812446,0.13055822442246937,0.01539026165480022,0.1279621369333016,0.014996359778960376,0.12486282707745587,0.014478101999606965,0.12033302775763832,0.013685934924763233,0.12944722898053934,0.015209072754795149,0.13170353329322032,0.015675777588266472,0.13012184690579928,0.015314980589771954,0.13044837481435706,0.015359737108923951,0.13048365189438646,0.015368592008013294,0.12960501684995768,0.015273987771732793,0.12947479997526457,0.015212116688341857,0.07684836573452863,0.012927641292299492,0.07902147224238473,0.01292764129224884,0.07907118253464797
1789.0,0.1323509491134291,0.015699540553021966,0.13155504384487776,0.015630309852654546,0.13024361277178684,0.01534350234603834,0.1276590189563447,0.014951892634064214,0.12457315458833222,0.01443640673355178,0.12006251619036976,0.013648189318271605,0.12913787927571801,0.01516368421876685,0.13138398471178594,0.015627611141150275,0.12980953539788237,0.015268827697284677,0.13013409638675594,0.015313026486408329,0.13016940618456585,0.015321937941334615,0.12929466707156462,0.015227995703112876,0.12916498326600673,0.015166357261431784,0.07666319906748452,0.012892282931597427,0.07883853131394165,0.012892282931547004,0.07889093161258455
1790.0,0.13202849061629882,0.015651038466279528,0.1312362358606387,0.015582363974723437,0.129930607390402,0.015296986069508049,0.12735741939583,0.014907648262374612,0.12428490062144604,0.014394911500897755,0.11979328599691444,0.013610613906295308,0.12883008324680537,0.015118518435054861,0.13106608321762786,0.01557970121313287,0.12949880678873985,0.015222909032751739,0.12982142436208424,0.015266560393557869,0.12985676381496863,0.015275526052686185,0.1289858907497222,0.015182239495861848,0.12885673606941636,0.015120832146986438,0.0764789691392065,0.012857119446561194,0.07865651351281303,0.012857119446510999,0.07871158022214343
1791.0,0.1317077001646242,0.01560279580929424,0.13091906827869587,0.015534672445484612,0.12961919793610707,0.01525071243570634,0.12705732879188414,0.014863626465363407,0.12399805667636804,0.014353616285582887,0.11952532991549158,0.013573208860635604,0.12852383139253298,0.015073575471443076,0.13074981796928034,0.015532047223634491,0.1291896511016259,0.015177224396180532,0.12951034833219,0.015220338368847827,0.12954571447396768,0.015229355959807888,0.12867867787420786,0.01513671883249296,0.12855004841392376,0.015075541036428176,0.07629566977983238,0.012822149520760204,0.0784754122715098,0.012822149520710183,0.07853312202585183
1792.0,0.13138856674103425,0.015554811993992853,0.13060353034268868,0.01548723471472209,0.12930937410004967,0.015204680993899931,0.12675873770859752,0.01481982698322869,0.1237126142674394,0.014312521011523117,0.11925864068909889,0.013535974296832242,0.1282191142255749,0.015028855320448793,0.13043517816700406,0.015484648534578302,0.12888205838507072,0.015131773520846459,0.1292008579251086,0.015174359892518214,0.12923624788292673,0.015183427219235034,0.12837301846456295,0.015091433334137974,0.12824491035731525,0.015030483559981708,0.07611329485246515,0.012787371841796962,0.07829522107686047,0.012787371841747117,0.07835555073818516
1793.0,0.1310710793706142,0.015507086373608517,0.13028961133656788,0.015440050174204321,0.12900112560895385,0.015158891235692112,0.12646163673628424,0.014776249498314156,0.12342856492603171,0.014271625545820576,0.11899321106766754,0.013498910277016168,0.12791592227540863,0.014984357903432315,0.13012215305483968,0.015437504453855541,0.12857601871536786,0.01508655607705794,0.12889294280718896,0.015128624390005344,0.1289283537984459,0.015137739329856735,0.1280689025723777,0.0150463825640643,0.12794131198901523,0.014985659290171942,0.07593183825367598,0.012752785101624928,0.07811593346968769,0.012752785101575254,0.07817886012525951
1794.0,0.13075522712300428,0.01545961824623197,0.12997730058669296,0.01539311816115736,0.12869444222721727,0.015113342598398334,0.12616601649364467,0.0147328936383573,0.12314590020270427,0.01423092970181527,0.11872903381014203,0.013462016812619564,0.1276142460909821,0.014940083074495012,0.12981073192251694,0.015390614238608687,0.1282715221988934,0.015041571675730659,0.12858659268508169,0.01508313123519121,0.1286220220144764,0.015092291736287428,0.1277663202833669,0.01500156603101063,0.1276392434322005,0.014941067745146202,0.07575129391398351,0.012718387996846405,0.0779375430444711,0.012718387996796959,0.07800304400451281
1795.0,0.13044099911436785,0.015412406858171319,0.12966658746377416,0.015346437961558974,0.12838931375889379,0.015068034468252759,0.12587186762974517,0.01468975897957071,0.12286461166920418,0.014190433241982736,0.11846610168639894,0.013425293866960761,0.12731407624321195,0.014896030624179348,0.1295009041072535,0.015343977098344974,0.12796855897429424,0.014996819871773872,0.1282817973075823,0.015037879753488843,0.12831724236427372,0.015047083832066748,0.12746526171938932,0.014956983192351893,0.12733869484579116,0.014896708391822229,0.07557165579829199,0.012684179228991071,0.07776004344900952,0.012684179228941684,0.07782809624438589
1796.0,0.13012838450922798,0.015365451407140362,0.12935746138467646,0.015300008813258319,0.12808573004949206,0.015022966183446252,0.12557918082592165,0.014646845049568103,0.1225846909203669,0.014150135880690192,0.11820440747910929,0.013388741357701675,0.1270154033273677,0.014852200282979192,0.1291926589954063,0.015297592197884556,0.12766711921452228,0.01495230016730735,0.12797854646737797,0.014992869224763733,0.12801400472222593,0.015002114962690528,0.12716571704027302,0.014912633457100066,0.12703965642627918,0.014852580648878193,0.07539291790628108,0.012650157504775727,0.07758342838406902,0.012650157504726681,0.0776540107639948
1797.0,0.1298173725221682,0.015318751045276378,0.12904991181412623,0.015253829908936832,0.1277836809877284,0.014978137037009077,0.12528794679753052,0.014604151330143297,0.12230612957589956,0.014110037286814878,0.11794394398547822,0.013352359159189059,0.12671821796529617,0.014808591724673479,0.12888598602401563,0.015251458660159102,0.1273671931287523,0.014908012014712554,0.12767683000264687,0.014948098886107007,0.1277122990055843,0.014957384428490525,0.12686767644555424,0.01486851618875484,0.1267421184094792,0.014808683889587742,0.0752150742727711,0.012616321536349291,0.07740769160303755,0.012616321536300417,0.07748078153279726
1798.0,0.12950795241941174,0.015272304882002713,0.128743928266254,0.015207900398911074,0.12748315650708256,0.014933546279545932,0.12499815629560804,0.014561677259908588,0.12202891928205908,0.01407013708623514,0.11768470401888628,0.013316147104684652,0.12642251080747546,0.014765204569491836,0.12858087468224458,0.01520557556886202,0.12706877096417302,0.01486395481952822,0.12737663779855565,0.014903567934466589,0.12741211517605433,0.014912891487361888,0.12657113017610488,0.01482463070800569,0.12644607107215391,0.01476501744451176,0.07503811896805719,0.012582670041518366,0.07723282691156172,0.012582670041469662,0.07730840257025302
1799.0,0.12920011352029465,0.015226111986742246,0.12843950030606807,0.015162219393795195,0.1271841465873089,0.014889193121829175,0.12470980010840238,0.014519422236801756,0.12175305171321921,0.01403043486419936,0.11742668041042317,0.013280104988487815,0.12612827253501396,0.014722038387120408,0.12827731451269575,0.01515994197096373,0.1267718430076581,0.01482012794319935,0.12707795978866981,0.014859275529142216,0.1271134432412704,0.014868635357355041,0.12627606851562354,0.014780976295300022,0.1261515047335097,0.01472158060405425,0.07486204609819953,0.012549201743959917,0.07705882816718476,0.012549201743911383,0.0771368679454847
1800.0,0.12889384519861458,0.01518017139148987,0.12813661755080516,0.015116785967022567,0.1268866412558022,0.014845076737262366,0.12442286906284601,0.014477385620466627,0.12147851857336939,0.013990930167578656,0.11716986601037628,0.013244232567961109,0.1258354938614521,0.014679092699555538,0.12797529511264466,0.015114556879096542,0.1264763995873357,0.014776530705689142,0.1267807859562328,0.014815220794152484,0.12681627325619765,0.014824615219133168,0.12598248179205168,0.014737552193278552,0.1258584097566032,0.014678372620887547,0.07468684980529754,0.012515915373418292,0.0768856892789829,0.012515915373369983,0.07696617177692928
1801.0,0.12858913688390702,0.015134482093250813,0.12783526967117434,0.015071599157239962,0.1265906305888903,0.014801196264216165,0.12413735402586441,0.014435566734516828,0.12120531159747891,0.01395162250701004,0.11691425368959321,0.013208529565455233,0.12554416553451428,0.014636366983818358,0.12767480613517618,0.015069419273816598,0.1261824310740276,0.014733162387955545,0.1264851063353725,0.014771402820482258,0.12652059532440138,0.014780830218304494,0.12569036037887385,0.014694357609089083,0.12556677654966902,0.014635392712255274,0.07451252426772896,0.012482809665888476,0.07671340420719522,0.012482809665840224,0.07679630823198888
1802.0,0.12828597806259318,0.015089043056354931,0.12753544639251996,0.015026657970577124,0.12629610471300845,0.01475755080824699,0.12385324590566887,0.014393964868683704,0.12093342255280691,0.01391251135893626,0.11665983634078185,0.013172995670148282,0.12525427833769287,0.014593860674529835,0.1273758372902194,0.015024528105748986,0.1258899278826318,0.014690022234307185,0.12619091101220983,0.014727820668214752,0.12622639959924803,0.014737279467637478,0.1253996946963511,0.014651391716583117,0.12527659556732013,0.014592640062161414,0.0743390637003598,0.01244988336378659,0.07654196696284368,0.012449883363738536,0.07662727152667372
1803.0,0.12798435827904975,0.01504385321465018,0.12723713749588905,0.014981961382801006,0.1260030538058234,0.014714139444201765,0.12357053565290739,0.014352579280862051,0.12066284324012214,0.01387359616754438,0.11640660687974405,0.013137630539797138,0.12496582309176692,0.0145515731663601,0.12707837834551278,0.014979882297623691,0.12559888047337225,0.014647109454637923,0.1258981901258913,0.014684473368555665,0.12593367628500568,0.014693962049162517,0.12511047521262092,0.014608653658402568,0.12498785731168983,0.014550113823444831,0.07416646235474153,0.012417135216107617,0.07637137160736575,0.012417135216059819,0.07645905592525258
1804.0,0.12768426713659653,0.014998911473582559,0.12694033281900846,0.014937508341358563,0.12571146809722464,0.01467096121821642,0.12328921426176226,0.014311409199050197,0.12039356549484406,0.013834876346614709,0.11615455824652647,0.013102433802405451,0.12467879065623076,0.014509503816357844,0.12678241912748597,0.014935480746206826,0.12530927935298428,0.01460442322655103,0.12560693386951738,0.014641359925754237,0.12564241563787212,0.014650877016168198,0.12482269244476718,0.01456614254796118,0.12470055233347152,0.0145078131197557,0.07399471451925357,0.012384563978572063,0.07620161225223,0.012384563978524348,0.07629165573988503
1805.0,0.127385694298392,0.014954216712171065,0.12664502225718405,0.014893297767316616,0.12542133787027893,0.014628015149614844,0.12300927277095484,0.014270453823197232,0.1201255811881101,0.013796351281276584,0.11590368340649762,0.013067405057816988,0.12439317193058468,0.014467651946159907,0.12648794952206088,0.014891322324132063,0.12502111507578853,0.01456196269737718,0.1253171324910246,0.01459847931892608,0.12535260796689285,0.014608023395095492,0.12453633695977209,0.01452385747132568,0.12441467123289796,0.01446573704742725,0.07382381451926692,0.012352168413760184,0.07603268305855751,0.012352168413712722,0.07612506533027107
1806.0,0.12708862948826016,0.014909767784879036,0.12635119576413598,0.014849328557200787,0.12513265346208055,0.01458530023271024,0.12273070226469396,0.014229712326957706,0.11985888222775325,0.013758020329683191,0.11565397535136937,0.013032543879232299,0.12410895785557116,0.014426016844095904,0.12619495947538792,0.01484740588163981,0.12473437824472249,0.014519726986091826,0.1250287762939836,0.014555830503786032,0.1250642436348533,0.014565400187338337,0.1242513993754109,0.014481797489004609,0.12413020466062284,0.014423884677257484,0.07365375671724515,0.012319947291236923,0.07586457823673191,0.012319947291189686,0.07595927910328136
1807.0,0.1267930624914466,0.014865563523391051,0.12605884335275436,0.014805599584742543,0.12484540526456368,0.01454281543851561,0.12245349387354257,0.014189183859360263,0.11959346055925947,0.013719882824602512,0.11540542710016496,0.012997849814655613,0.12382613941432578,0.014384597767188066,0.1259034389945002,0.01480373024822646,0.12444905951226048,0.014477715185135697,0.12474185563831397,0.014513412414290302,0.12477731305905583,0.014523006370951054,0.1239678703610837,0.01443996163764748,0.12384714331855565,0.01438225505620154,0.07348453551285798,0.012287899387666494,0.07569729204602542,0.012287899387619396,0.07579429151259186
1808.0,0.12649898315527539,0.014821602738297461,0.1257679550957578,0.01476210970253566,0.12455958372519584,0.014500559716370105,0.12217763877521048,0.014148867546395053,0.11932930816660225,0.013681938074935495,0.1151580317001037,0.012963322388276553,0.12354470763344264,0.014343393943052002,0.12561337814793644,0.014760294234209949,0.12416514958127281,0.014435926362147047,0.12445636094096388,0.014471223964199186,0.12449180671205616,0.014480840902272715,0.12368574063855146,0.01439834893165794,0.12356547796062127,0.014340847208978389,0.07331614534304211,0.012256023486916649,0.07553081879420659,0.012256023486869693,0.0756300970583228
1809.0,0.12620638138979126,0.014777884220693992,0.1254785211263568,0.014718857743609044,0.12427517934767403,0.014458531995480414,0.12190312819531027,0.014108762492520882,0.1190664170730668,0.013644185367159192,0.11491178222745492,0.012928961101785794,0.12326465358395407,0.014302404571705084,0.12532476706625045,0.014717096632214795,0.12388263920583827,0.014394359561606436,0.12417228267649684,0.014429264048557003,0.12420771512232288,0.014438902717466853,0.12340500098263975,0.014356958364726958,0.12328519939344353,0.01429966013959794,0.07314858068206767,0.012224318380155514,0.07536515283715425,0.012224318380108751,0.07546669028667126
1810.0,0.12591524716829486,0.014734406743697725,0.12519053163877328,0.014675842522920297,0.12399218269248403,0.01441673118638865,0.12162995340802171,0.01406886778210205,0.11880477934198694,0.013606623966702413,0.11466667178831329,0.012894765435631794,0.12298596838225204,0.014261628827285563,0.1250375959425262,0.01467413621858229,0.12360151919195561,0.014353013806399487,0.12388961137764595,0.014387531545100612,0.12392502887483992,0.014397190733986142,0.1231256422218692,0.014315788911290726,0.1230062984769829,0.014258692832813565,0.07298183604158752,0.012192782865938107,0.07520028857846796,0.012192782865891516,0.07530406578953883
1811.0,0.1256255705278439,0.014691169063886655,0.12490397688876743,0.014633062838770708,0.12371058437748099,0.014375156182362101,0.12135810573673331,0.014029182480771403,0.11854438707742636,0.013569253119254592,0.11442269351935554,0.012860734850218313,0.12270864319094295,0.014221065859689446,0.1247518550327863,0.014631411754707611,0.12332178039821684,0.01431188809930419,0.1236083376358008,0.014346025315595052,0.12364373861164618,0.014355703851963412,0.12284765523902558,0.01427483952791496,0.12272876612511832,0.014217944255500404,0.07281590597064944,0.012161415750286442,0.07503622046908437,0.012161415750240044,0.07514221820417012
1812.0,0.12533734156968318,0.014648169922665748,0.12461884719407905,0.014590517474151412,0.12343037507835644,0.014333805860717724,0.1210875765545863,0.013989705636728031,0.11828523242484665,0.013532072052014791,0.11417984058851054,0.012826868787049249,0.12243266921962467,0.014180714796124518,0.12446753465637354,0.014588921988309632,0.12304341373641546,0.014270981424402952,0.12332845210144257,0.014304744207102893,0.12336383503234319,0.014314440955530949,0.12257103097167509,0.014234109154610366,0.12245259330616928,0.014177413357966906,0.0726507850557148,0.012130215846760892,0.07487294300688509,0.012130215846714549,0.07498114221278081
1813.0,0.1250505504596395,0.014605408047561146,0.1243351329348193,0.014548205198019509,0.12315154552907034,0.014292679084075484,0.12081835728503047,0.013950436281973455,0.11802730757166131,0.013495079974877141,0.11393810619561273,0.012793166669817843,0.12215803772562349,0.014140574742591366,0.12418462519628465,0.014546665654634978,0.12276641017211093,0.014230292748425046,0.12304994548453384,0.014263687053188326,0.12308530889452284,0.014273400914075996,0.12229576041264344,0.01419359671608358,0.12217777104335491,0.014137099075199859,0.07248646792064324,0.012099181976524407,0.07471045073630904,0.012099181976478286,0.07482083254219093
1814.0,0.12476518742844653,0.014562882153450998,0.1240528245538211,0.01450612476650827,0.12287408652225662,0.014251774701553444,0.12055043940226036,0.013911373433483278,0.11777060474779885,0.013458276081564708,0.11369748357301274,0.01275962790545028,0.12188474001463433,0.014100644785291678,0.12390311709944067,0.014504641477601497,0.12249076072510652,0.014189821022023038,0.12277280855485824,0.014222852675061919,0.1228081510141594,0.014232582583431503,0.12202183461042626,0.014153301122924535,0.12190429041524466,0.014097000328049253,0.07232294922668368,0.012068312968400618,0.07454873824796528,0.012068312968354691,0.0746612839634505
1815.0,0.12448124277204033,0.014520590943730363,0.12377191255693981,0.014464274924078431,0.12259798890955911,0.014211091549898634,0.12028381443166204,0.013872516094325308,0.117515116226205,0.013421659550706913,0.1134579659861041,0.012726251885097203,0.121612767441362,0.014060923991965922,0.12362300087694927,0.0144628481708831,0.12221645646992824,0.01414956518098646,0.12249703214231861,0.014182239882667471,0.12253235226595366,0.014191984807008846,0.12174924466957757,0.01411322127273708,0.1216321425561077,0.01405711602435241,0.07216022367243022,0.0120376076589245,0.07438780017824294,0.012037607658878713,0.07450249129148422
1816.0,0.1241987068518057,0.0144785331114181,0.12349238751330309,0.014422654404608033,0.12232324360192139,0.01417062845456444,0.12001847395018399,0.013833863254721263,0.11726083432327303,0.01338522954686623,0.113219546733877,0.012693037985083706,0.12134211141005179,0.014021411413169753,0.1233442671042772,0.014421284438937726,0.12194348853621301,0.014109524147394375,0.1222226071371936,0.014141847475711776,0.12225790358364402,0.01415160641687197,0.12147798175101052,0.014073356051210734,0.12136131865625885,0.014017445060004161,0.07199828599378016,0.012007064892387202,0.07422763120892557,0.012007064892341608,0.0743444493847093
1817.0,0.12391757009476251,0.014436707340206347,0.12321424005553505,0.014381261932428106,0.12204984156985772,0.01413038423073156,0.11975440958669371,0.013795413893057972,0.11700775139929571,0.013348985221515848,0.11298221914936488,0.012659985567813612,0.12107276337501333,0.013982106083485157,0.12306690642142681,0.014379948977985326,0.12167184810907766,0.014069696830713057,0.12194952449034248,0.014101674244646291,0.12198479596025691,0.014111446234758507,0.12120803707232916,0.014033704333141054,0.12109180996235647,0.013977986319972269,0.07183713096387803,0.011976683520875596,0.07406822606680441,0.011976683520830136,0.07418715314467794
1818.0,0.12363782299374543,0.014395112305456094,0.12293746087993229,0.014340096223306259,0.1217777738436513,0.014090357684279667,0.11949161302225714,0.013757166976846409,0.11675585985880013,0.013312925713973404,0.11274597660012356,0.012627093982634476,0.12080471484107999,0.013943007022674304,0.12279090953305861,0.01433884047693254,0.12140152642942176,0.014030082128837086,0.12167777521340552,0.014061718971595534,0.12171302044833537,0.014071503073050292,0.12093940190804214,0.013994264983399136,0.12082360777764636,0.013938738679263847,0.07167675339304028,0.011946462404305145,0.07390957952329025,0.011946462404259795,0.07403059751570913
1819.0,0.12335945610751657,0.014353746675141228,0.12266204074658618,0.01429915598537741,0.12150703151356212,0.014050547612707647,0.11923007599042158,0.01371912146363776,0.11650515215093346,0.013277050152286743,0.1125108124886079,0.012594362566661958,0.12053795736401761,0.013904113236777987,0.1225162672085609,0.01429795761825234,0.12113251479423606,0.013990678929080059,0.12140735037892925,0.014021980431240593,0.12144256816011054,0.014031775735693332,0.12067206758979178,0.013955036857851152,0.1205567034621846,0.01389970100384314,0.07151714812867851,0.011916400410448894,0.0737516863940302,0.011916400410403682,0.0738747774845205
1820.0,0.12308246006086226,0.014312609110744596,0.12238797047951826,0.01425843992003015,0.1212376057299494,0.014010952806009891,0.11896979027743733,0.01368127630189222,0.11625562076972001,0.013241357654081716,0.1122767202525635,0.012561790645567282,0.12027248255090295,0.01386542371915868,0.12224297028213613,0.01425729907881699,0.12086480455680436,0.01395148610911694,0.12113824112047566,0.01398245739165711,0.12117343026767254,0.013992263019073395,0.1204060255065309,0.01391601880423466,0.12029108843301331,0.013860872151502739,0.07135831005520432,0.011886496414959983,0.07359454153852399,0.011886496414914908,0.07371968807986609
1821.0,0.12280682554464062,0.01427169826810674,0.12211524096671046,0.01421794672274511,0.12096948770340135,0.013971572047506745,0.11871074772245577,0.013643630431804618,0.11600725825437475,0.013205847327366967,0.11204369336537641,0.012529377534329639,0.12000828206046103,0.013826937451496085,0.1219710096528008,0.0142168635306885,0.12059838712694479,0.013912502537878818,0.1208704386327113,0.013943148615110696,0.12090559800306287,0.013952963712845741,0.12014126710466645,0.013877209662989708,0.12002675416431825,0.013822250972693503,0.07120023409393256,0.011856749301391174,0.07343813985974008,0.011856749301346402,0.07356532437217322
1822.0,0.12253254331580744,0.014231012798231524,0.12184384316018242,0.014177675083890723,0.12070266870480072,0.01393240411463406,0.1184529402177008,0.013606182786093124,0.11576005718952344,0.013170518271301319,0.11181172533636992,0.012497122537953162,0.11974534760335193,0.013788653404730941,0.12170037628438127,0.014176649641868098,0.12033325397114776,0.013873727076403542,0.12060393417144818,0.013904052858811656,0.12063906265837646,0.013913876600723806,0.11987778388817963,0.01383860826804742,0.11976369218754226,0.013783836311311037,0.07104291520296885,0.01182715796120879,0.07328247630373762,0.011827157961164098,0.07341168147317881
1823.0,0.12225960419741681,0.014190551348049099,0.12157376807598132,0.014137623689479673,0.12043714006539606,0.013893447779691393,0.11819635970858525,0.013568932290744873,0.11551401020542498,0.013135369576926565,0.11158080971111597,0.012465024952152721,0.1194836709424294,0.013750570539965876,0.12143106120550705,0.0141366560770068,0.12006939661273246,0.013835158578644797,0.12033871905365395,0.01386516887563221,0.12037381558580981,0.013875000461228337,0.1196155674186853,0.013800213447581838,0.11950189409145795,0.01374562700544371,0.07088634837709729,0.011797721293802077,0.07312754585928051,0.011797721293757576,0.07325875453557111
1824.0,0.12198799907857437,0.014150312561140644,0.1213050067941632,0.014097791221883451,0.12017289317680585,0.013854701810554041,0.11794099819384518,0.013531877865728304,0.11526910997814331,0.013100400327862954,0.1113509400716852,0.012433084064007527,0.11922324389297694,0.013712687809320974,0.12116305550951559,0.01409688149807861,0.11980680663195854,0.013796795892239637,0.120074784657472,0.013826495414785913,0.12010984819768504,0.013836334068398052,0.11935460931553644,0.01376202402472177,0.1192413515222509,0.01370762188808344,0.07073052864764322,0.011768438206490333,0.07297334355746755,0.01176843820644591,0.07310653875262846
1825.0,0.12171771891438106,0.014110295078423126,0.12103755045876001,0.014058176360512948,0.11990991949103283,0.013816164971347354,0.11768684772559534,0.013495018425668977,0.11502534922972114,0.013065609600973601,0.11112211003686989,0.012401299152586497,0.11896405832287925,0.013675004156748145,0.1208963503544028,0.01405732456501917,0.1195454756660837,0.013758637859239399,0.11981212242216394,0.013788031222472092,0.11984715196646205,0.013797876192463261,0.11909490125579322,0.013724038818227957,0.11898205618354761,0.013669819787800741,0.07057545108235065,0.011739307614524398,0.07281986447134961,0.011739307614480138,0.07295502935786356
1826.0,0.12144875472585658,0.014070497538798528,0.12077139027769847,0.014018777782460906,0.11964821052042807,0.01377783602308632,0.1174339004093938,0.01345835288049339,0.11478272072830081,0.013030996466996196,0.1108943132624085,0.012369669489543553,0.11870610615281132,0.013637518518806027,0.12063093696269739,0.014017983936330804,0.11928539540943599,0.013720683316802934,0.11955072384805539,0.013749775042488872,0.11958571842470529,0.013759625600487558,0.11883643497427707,0.013686256643135582,0.11872399983639503,0.013632219529385238,0.07042111078523418,0.011710328441085988,0.07266710371555671,0.011710328441041837,0.0728042216246651
1827.0,0.1211810975998145,0.014030918579772093,0.12050651752271724,0.013979594163111847,0.119387757837636,0.013739713724284895,0.11718214840428506,0.013421880136038287,0.11454121728823238,0.012996559991145415,0.11066754344117276,0.012338194339687945,0.1184493793563406,0.013600229825397296,0.12036680662133545,0.013978858269654977,0.1190265576134307,0.01368293109785635,0.11929058049647051,0.013711725616812106,0.11932553916503287,0.013721581056974137,0.11857920226351207,0.013648676311364983,0.11846717429928916,0.013594819934455028,0.0702675028964287,0.011681499617282617,0.07251505644592765,0.011681499617238519,0.07265411086594699
1828.0,0.12091473868873981,0.01399155683803261,0.12024292352924634,0.013940624176722158,0.11912855307554003,0.01370179683153076,0.11693158392277272,0.013385599094632843,0.11430083177015948,0.012962299233687077,0.11044179430332124,0.01230687296152655,0.11819386996004537,0.013563137000468795,0.1201039506815191,0.013939946222315794,0.11876895408656246,0.013645380031718323,0.11903168398962924,0.0136738816861462,0.11906660584005381,0.013683741324442392,0.11832319497372228,0.01361129663230055,0.1182115714480939,0.013557619822033741,0.07011462259205162,0.01165282008214013,0.07236371785913791,0.011652820082096274,0.07250469243379322
1829.0,0.12064966921062928,0.013952410950006025,0.11998059969627957,0.013901866496965521,0.11887058792714524,0.01366408410003276,0.11668219923085073,0.013349508655651354,0.11406155708108498,0.012928213250483121,0.11021705961645159,0.012275704607783973,0.11793957004359498,0.01352623896267944,0.11984236055855349,0.01390124645183277,0.11851257669440227,0.013608028944694853,0.11877402601051783,0.013636241990445781,0.11880891016228,0.01364610516397468,0.11806840501273141,0.013574116413341561,0.11795718321601306,0.013520618009099207,0.06996246508401889,0.01162428878259225,0.07221308319232775,0.011624288782548555,0.07235596171910731
1830.0,0.12038588044882494,0.013913479552377981,0.1197195374862054,0.013863319797453083,0.11861385414547428,0.013626574284138944,0.11643398664793314,0.01331360771603629,0.11382338617441996,0.012894301093512903,0.10999333318573085,0.012244688525896625,0.11768647173979259,0.013489534626033504,0.11958202773163966,0.013862757616408043,0.11825741735953371,0.013570876660643933,0.11851759830275585,0.013598805269408862,0.11855244390400001,0.013608671335734655,0.11781482434590053,0.013537134460423247,0.11770400159348562,0.013483813311105704,0.06981102561989802,0.011595904673466337,0.07206314772274218,0.01159590467342275,0.07220791415126573
1831.0,0.12012336375182334,0.013874761282587845,0.11945972842465116,0.013824982752224315,0.11835834354344213,0.013589266137827821,0.11618693854682412,0.0132778951707982,0.11358631204998618,0.012860561811366883,0.109770608853971,0.012213823958486674,0.11743456723461448,0.013453022900485228,0.11932294374369488,0.013824478375386556,0.11800346806149664,0.013533922001512674,0.1182623926704452,0.013561570262946495,0.11829719889716207,0.013571438599458531,0.11756244499602284,0.013500349578512608,0.11745201862810929,0.013447204542475314,0.0696602994827287,0.011567666717467855,0.07191390676736065,0.011567666717424457,0.07206054519777269
1832.0,0.11986211053305464,0.013836254779297083,0.11920116410028112,0.0137868540362119,0.11810404799368816,0.0135521584151751,0.11594104735362479,0.013242369913488245,0.11335032775404584,0.012826994449720951,0.1095488805017652,0.012183110143812499,0.11718384876721076,0.013416702692510026,0.11906510020112628,0.013786407389691469,0.11775072083671033,0.013497163787844338,0.11800840097799244,0.013524535711625575,0.11804316703322482,0.013534405714920815,0.11731125904319782,0.013463760572078152,0.11720122642450423,0.01341079051706901,0.06951028199085027,0.011539573885161494,0.0717653556825378,0.0115395738851182,0.07191385036390865
1833.0,0.11960211227067793,0.013797958682831972,0.11894383616459259,0.01374893232568169,0.11785095942842903,0.013515249870793423,0.11569630554766801,0.013207030836648894,0.11311542637927689,0.012793598051782398,0.10932814204749984,0.012152546316199598,0.11693430862987672,0.013380572905651205,0.11880848877358705,0.013748543322235046,0.11749916777835323,0.013460600839263023,0.11775561514991371,0.01348770035708874,0.1177903402629928,0.013497571442376085,0.11706125862469119,0.013427366245534627,0.11695161714418675,0.013374570048629603,0.06936096849771914,0.01151162515494988,0.07161748986364469,0.01151162515490678,0.07176782519239981
1834.0,0.11934336050731614,0.013759871635601708,0.11868773633169373,0.013711216298649848,0.11759906983926563,0.013478539260251221,0.11545270566139502,0.013171876832240272,0.11288160106473688,0.012760371658718019,0.10910838744744919,0.012122131706452393,0.11668593916805442,0.013344632441038343,0.11855310119375234,0.013710884838308656,0.1172488010362683,0.013424231974931079,0.11750402717064601,0.01345106294245224,0.11753871059643431,0.013460934542976852,0.11681243593480145,0.0133911654036672,0.11670318300542527,0.013338541951204066,0.06921235439172935,0.011483819513050721,0.07147030474470942,0.011483819513007778,0.07162246526306647
1835.0,0.11908584684982702,0.013721992282492847,0.11843285637806811,0.013673704635275018,0.11734837127698093,0.013442025340468464,0.1152102402802448,0.013136906792045634,0.11264884499583237,0.012727314310061614,0.10888961069579452,0.012091865542245174,0.1164387327802411,0.013308880197878254,0.11829892925702841,0.013673430605950486,0.11699961281678517,0.013388056013983721,0.1172536290843111,0.013414622212682246,0.11728827010248719,0.013424493779169724,0.11656478322466463,0.013355156852030068,0.11645591628306343,0.013302705039543283,0.06906443509601617,0.011456155953471214,0.07132379579805899,0.011456155953428348,0.07147776619249156
1836.0,0.11882956296901027,0.013684319271244746,0.1181791881423237,0.013636396018231247,0.11709885585134248,0.013405706870090846,0.11496890204252032,0.013102119608056267,0.1124171514042482,0.012694425044099658,0.1086718058246514,0.01206174704849767,0.11619268191793491,0.01327331507392456,0.1180459648213049,0.013636179296292033,0.11675159538262049,0.013352071775941865,0.11700441299450194,0.013378376914950169,0.11703901090885509,0.01338824791506946,0.1163182928020979,0.013319339397326335,0.1162098093083605,0.013267058129480263,0.06891720606826907,0.01142863347798057,0.0711779585339756,0.011428633477937922,0.07133372363368394
1837.0,0.11857450059934548,0.013646851252799783,0.11792672352493515,0.013599289133059697,0.11685051573086955,0.013369582609844865,0.11472868363922444,0.013067514172837236,0.1121865135678754,0.012661702898239507,0.1084549669040821,0.012031775447732616,0.11594777908554793,0.01323793596592171,0.11779419980665601,0.013599129583886498,0.11650474105265958,0.013316278081103002,0.11675637106403909,0.013342325798969688,0.11679092520178089,0.01335219571681545,0.11607295703138493,0.01328371184776743,0.1159648544687719,0.013231600038288556,0.06877066280053788,0.011401251096081436,0.07103278850033685,0.01140125109603886,0.07119033327574605
1838.0,0.11832065153868754,0.013609586881637754,0.11767545448795504,0.013562382668499427,0.11660334314259548,0.013333651322872377,0.11448957781392446,0.01303308937987225,0.11195692481073675,0.012629146909360229,0.10823908804207029,0.012001949960414558,0.11570401684029612,0.013202741770026881,0.11754362619504809,0.013562280147017495,0.11625904220182691,0.0132806737509114,0.11650949551470186,0.013306467617314653,0.11654400522581683,0.013316335952904648,0.11582876833307743,0.013248273013414283,0.11572104420776956,0.013196329585022898,0.06862480081902915,0.011374007824978286,0.07088828128227334,0.011374007824935818,0.07104759084354133
1839.0,0.11806800764797597,0.013572524816088432,0.11742537305475027,0.013525675316801725,0.11635733037182629,0.013297911775048108,0.11425157736255617,0.012998844123892827,0.11172837850286221,0.01259675611414442,0.10802416338453058,0.011972269805277236,0.115461387792085,0.013167731382211549,0.1172942360300326,0.013525629667990716,0.11601449126083879,0.013245257608308608,0.1162637786269802,0.013270801125718748,0.11629824328358086,0.013280667394511293,0.11558571918377203,0.013213021706497598,0.11547837102461696,0.013161245590840037,0.06847961568391313,0.011346902689545555,0.07074443250182297,0.011346902689503217,0.07090549209736519
1840.0,0.11781656085090127,0.013535663718628075,0.11717647130968684,0.013489165774025697,0.11611246976188208,0.01326236273527907,0.11401467513324742,0.012964777301190273,0.11150086806020157,0.01256452954939488,0.10781018711526026,0.011942734199631676,0.11521988460336548,0.01313290369864234,0.11704602141643791,0.013489176833408641,0.1157710807160473,0.013210028478067988,0.11601921273978258,0.013235325083360035,0.11605363173549511,0.013245188815785491,0.11534380211589411,0.013177956741724164,0.11523682747413587,0.013126346879303237,0.06833510298910424,0.011319934722293206,0.07060123781758697,0.011319934722251058,0.0707640328326223
1841.0,0.11756630313359502,0.013499002256157652,0.11692874139783636,0.013452852740316051,0.11586875371382527,0.013227002975786913,0.11377886402612718,0.012930887809909008,0.11127438694448093,0.012532466252335657,0.10759715345590509,0.01191334235966385,0.11497949998900002,0.01309825761604169,0.11679897452003303,0.01345292033442934,0.11552880310919192,0.013174985187106433,0.11577579025017214,0.013200038253127749,0.11581016299952601,0.013209898994136344,0.1151030097174294,0.013143076936564529,0.11499640616648017,0.013091632276670038,0.06819125836207164,0.011293102963331423,0.07045869292439104,0.011293102963289432,0.07062320887950001
1842.0,0.11731722654429344,0.013462539100264926,0.11668217552465442,0.013416734920165724,0.11562617468618157,0.01319183127237545,0.1135441369931149,0.012897174550327364,0.11104892866308175,0.012500565260897632,0.10738505666590288,0.011884093500714638,0.11474022671609156,0.013063792032031315,0.11655308756720349,0.013416858867009168,0.11528765103718351,0.01314012656478468,0.11553350361306147,0.013164939401874805,0.11556782955091147,0.013174796710499672,0.11486333463170109,0.013108381111524146,0.11475709976687312,0.013057100612164764,0.06804807746362151,0.011266406460334092,0.07031679355294844,0.01126640646029209,0.07048301610264864
1843.0,0.11706932319300575,0.01342627292747101,0.1164367659556648,0.013380811022664132,0.11538472519466261,0.013156846404682784,0.11331048703769463,0.012863636425121878,0.110824486768898,0.012468825613989978,0.10717389104242556,0.011854986837550067,0.11450205760381402,0.013029505845457234,0.116308352844609,0.013380991132132066,0.11504761715186643,0.013105451443188507,0.11529234534090887,0.013130027300655872,0.11532662392186845,0.013139880749590356,0.11462476955709447,0.013073868090402925,0.11451890099537892,0.013022750718234527,0.06790555598768237,0.011239844268500122,0.07017553546952225,0.011239844268458222,0.07034345040086196
1844.0,0.11682258525114551,0.013390202419462517,0.11619250501612424,0.013345079761728048,0.11514439781185659,0.013122047156417857,0.11307790721471646,0.012830272339617027,0.11060105486017449,0.012437246351757882,0.10696365092029991,0.01182602158461651,0.11426498552323633,0.012995397956697923,0.11606476269884332,0.013345315836024836,0.11480869415976445,0.01307095865739397,0.11505230800342436,0.013095300724950963,0.11508653870131427,0.013105149900139593,0.1143873072467968,0.013039536700536388,0.1142818026265994,0.012988581430793532,0.06776368966110145,0.011213415450514859,0.07003491447559876,0.011213415450473201,0.0702045077067608
1845.0,0.11657700495118636,0.013354326263308906,0.1159493850906878,0.013309539856321299,0.11490518516695136,0.013087432315585101,0.11284639063014282,0.012797081202022182,0.11037862658034578,0.012405826515826671,0.10675433067193407,0.011797196956285548,0.11402900339711884,0.012961467267956954,0.11582230953606552,0.013309831690358003,0.11457087482184629,0.013036647045721262,0.11481338422723303,0.01306075845487637,0.11484756653454595,0.013070602955120067,0.11415094050851834,0.013005385773025903,0.11404579748943665,0.012954591589450492,0.06762247424342363,0.011187119076509868,0.06989492640755218,0.01118711907646843,0.07006618398648022
1846.0,0.11633257458631006,0.01331864315166654,0.11570739862306278,0.013274190030659695,0.11466707994539317,0.013053000674694728,0.11261593044081604,0.012764061923655824,0.11015719561787245,0.012374565149535678,0.10654592470722335,0.011768512167086098,0.11379410419971236,0.012927712683540187,0.11558098582166311,0.013274537412435691,0.1143341519532208,0.013002515449970966,0.11457556669556983,0.013026399275382216,0.11460970012296505,0.01303623871195616,0.11391566220421316,0.01297141414295449,0.1138108784667911,0.012920780037726537,0.06748190552667752,0.011160954224021333,0.06975556713632138,0.01116095422397988,0.06992847523935662
1847.0,0.11608928651001753,0.01328315178297051,0.1154665381156536,0.013239029014403667,0.11443007488859923,0.01301875103096083,0.11238651985420664,0.012731213419157733,0.10993675570605836,0.012343461298156489,0.10633842747344505,0.011739966431925982,0.1135602809565481,0.012894133110117528,0.1153407840798612,0.013239431725371904,0.11409851842291502,0.012968562715648628,0.11433884814794738,0.012992221976439431,0.11437293222373003,0.013002055972722417,0.11368146524978398,0.012937620649590614,0.11357703849529467,0.012887145623257051,0.06734197933515793,0.011134919977947843,0.06961683256708584,0.011134919977906521,0.06979137749762325
1848.0,0.11584713313576743,0.013247850861613278,0.11522679612921856,0.013204055542838704,0.11419416279362192,0.012984682186487784,0.112158152128174,0.012698534606686789,0.10971730062286081,0.012312514009103173,0.10613183345516491,0.011711558966302717,0.11332752674421788,0.01286072745697131,0.11510169689337871,0.013204513358257505,0.11386396715356094,0.012934787692177483,0.11410322137981693,0.012958225353213603,0.11413725564947096,0.012968053544330872,0.11344834261478773,0.012904004136580171,0.11334427056498468,0.012853687197985528,0.06720269152520825,0.011109015430507631,0.0694787186389417,0.011109015430466577,0.06965488682609865
1849.0,0.11560610693659995,0.013212739098112722,0.11498816528250011,0.013169268357044548,0.11395933651282707,0.012950792948444935,0.11193082057067441,0.012666024408110722,0.10949882419070513,0.012281722332129917,0.10592613717410439,0.011683288986504616,0.11309583469013447,0.012827494636231462,0.1148637169030346,0.013169781046314031,0.11363049112112052,0.012901189233096725,0.11386867924223933,0.01292440820622957,0.11390266326793132,0.012934230238706162,0.11321628732214657,0.012870563452127032,0.11311256771904936,0.012820403618342352,0.06706403798499487,0.011083239681194816,0.069341221324589,0.011083239681153866,0.06951899932188868
1850.0,0.11536620044474233,0.013177815209267998,0.11475063825185829,0.013134666204053392,0.11372558895355445,0.012917082129231084,0.11170451853953818,0.01263368174918489,0.10928132027628497,0.012251085319517664,0.1057213331890407,0.011655155709802464,0.11286519797229592,0.012794433563098501,0.11462683680738042,0.013135233531038236,0.11339808335458967,0.012867766196251048,0.11363521464152643,0.012890769341523592,0.11366914800166726,0.01290058487295005,0.11298529244781366,0.012837297449162663,0.11288192305348706,0.012787293745415403,0.06692601463429977,0.011057591836734413,0.06920433663000605,0.011057591836693506,0.0693837111140785
