wavelength_nm,photon_energy_eV,chi2_real_pm_per_V,chi2_imag_pm_per_V,chi2_abs_real_pm_per_V,chi2_abs_pm_per_V
400,3.0996049599999997,0.24875145403287313,0.001167669233290273,0.24875145403287313,0.24875419460766277
401,3.0918752718204487,0.25099968960249042,0.0011841934590727907,0.25099968960249042,0.25100248304487954
402,3.084184039800995,0.25326769680642369,0.0012009512973288981,0.25326769680642369,0.25327054414133737
403,3.0765309776674936,0.25555567542751911,0.0012179462981841208,0.25555567542751911,0.25555857770069229
404,3.0689158019801979,0.25786382778414807,0.0012351820729664125,0.25786382778414807,0.2578667860625834
405,3.0613382320987652,0.26019235876986013,0.0012526622954223579,0.26019235876986013,0.26019537414229715
406,3.0537979901477832,0.26254147589377053,0.0012703907029611335,0.26254147589377053,0.2625445494711659
407,3.0462948009828006,0.26491138932170155,0.0012883710979268944,0.26491138932170155,0.26491452223772127
408,3.0388283921568626,0.26730231191811038,0.0013066073489002733,0.26730231191811038,0.26730550532963393
409,3.0313984938875302,0.26971445928880522,0.0013251033920298311,0.26971445928880522,0.26971771437644232
410,3.0240048390243901,0.27214804982447627,0.0013438632323941172,0.27214804982447627,0.27215136779309601
411,3.0166471630170313,0.27460330474504213,0.0013628909453953448,0.27460330474504213,0.27460668682431516
412,3.009325203883495,0.27708044814484822,0.0013821906781853084,0.27708044814484822,0.2770838955898029
413,3.0020387021791763,0.27957970703875068,0.0014017666511244452,0.27957970703875068,0.27958322113034229
414,2.9947874009661835,0.28210131140904904,0.0014216231592750163,0.28210131140904904,0.2821048934547436
415,2.9875710457831324,0.28464549425335228,0.001441764573929158,0.28464549425335228,0.28464914558772503
416,2.9803893846153846,0.28721249163336082,0.0014621953441728559,0.28721249163336082,0.28721621361870897
417,2.9732421678657071,0.28980254272459283,0.0014829199984867335,0.28980254272459283,0.28980633675156475
418,2.9661291483253587,0.292415889867078,0.0015039431463846091,0.292415889867078,0.29241975735531733
419,2.9590500811455844,0.29505277861704093,0.0015252694800909992,0.29505277861704093,0.29505672101584718
420,2.9520047238095235,0.2977134577996069,0.0015469037762583012,0.2977134577996069,0.29771747658861297
421,2.9449928361045128,0.30039817956252746,0.0015688508977251187,0.30039817956252746,0.30040227625239424
422,2.9380141800947865,0.30310719943097109,0.0015911157953164639,0.30310719943097109,0.30311137556409951
423,2.9310685200945623,0.30584077636341012,0.0016137035096873134,0.30584077636341012,0.30584503351467163
424,2.9241556226415093,0.30859917280858939,0.0016366191732104197,0.30859917280858939,0.30860351258607494
425,2.9172752564705879,0.3113826547636539,0.0016598680119097671,0.3113826547636539,0.31138707880944233
426,2.9104271924882625,0.31419149183342954,0.0016834553474407857,0.31419149183342954,0.31419600182437529
427,2.9036112037470723,0.31702595729088945,0.0017073865991187767,0.31702595729088945,0.31703055493943127
428,2.8968270654205606,0.319886328138833,0.0017316672859967828,0.319886328138833,0.31989101519382279
429,2.8900745547785545,0.32277288517282621,0.0017563030289941858,0.32277288517282621,0.32277766342038
430,2.8833534511627903,0.32568591304538619,0.0017812995530775621,0.32568591304538619,0.32569078430975701
431,2.8766635359628769,0.32862570033150729,0.001806662689495326,0.32862570033150729,0.32863066647598066
432,2.8700045925925926,0.33159253959547896,0.0018323983780674609,0.33159253959547896,0.33159760252329212
433,2.8633764064665126,0.33458672745911622,0.0018585126695319417,0.33458672745911622,0.33459188911440119
434,2.8567787649769585,0.33760856467136646,0.0018850117279496119,0.33760856467136646,0.33761382704011805
435,2.8502114574712643,0.34065835617932805,0.0019119018331689736,0.34065835617932805,0.34066372129039746
436,2.8436742752293576,0.34373641120078235,0.0019391893833526248,0.34373641120078235,0.34374188112689713
437,2.8371670114416472,0.34684304329819426,0.0019668808975671576,0.34684304329819426,0.34684862015700496
438,2.8306894611872142,0.34997857045427005,0.0019949830184383894,0.34997857045427005,0.34998425640942521
439,2.8242414214123004,0.35314331514908892,0.002023502514873445,0.35314331514908892,0.35314911241133884
440,2.8178226909090909,0.35633760443883788,0.0020524462848522298,0.35633760443883788,0.35634351526716729
441,2.8114330702947843,0.35956177003622125,0.002081821358289636,0.35956177003622125,0.35956779673901312
442,2.8050723619909501,0.3628161483925616,0.0021116348999709097,0.3628161483925616,0.36282229332879212
443,2.7987403702031601,0.36610108078162029,0.002141894212562407,0.36610108078162029,0.36610734636208581
444,2.7924369009009009,0.36941691338523053,0.0021726067396993726,0.36941691338523053,0.36942330207380841
445,2.7861617617977528,0.37276399738072896,0.0022037800691537624,0.37276399738072896,0.37277051169567221
446,2.7799147623318383,0.37614268903027337,0.00223542193608375,0.37614268903027337,0.37614933154554087
447,2.7736957136465321,0.37955334977206423,0.0022675402263678968,0.37955334977206423,0.37956012311868736
448,2.7675044285714283,0.3829963463135706,0.0023001429800259482,0.3829963463135706,0.38300325318105732
449,2.7613407216035633,0.38647205072670709,0.0023332383947293782,0.38647205072670709,0.38647909386448459
450,2.7552044088888885,0.38998084054513327,0.002366834829403826,0.38998084054513327,0.38998802276403099
451,2.7490953082039908,0.39352309886366066,0.0024009408079266456,0.39352309886366066,0.3935304230374338
452,2.7430132389380528,0.39709921443980789,0.0024355650229219246,0.39709921443980789,0.39710668350670381
453,2.7369580220750551,0.40070958179761584,0.0024707163396564475,0.40070958179761584,0.40071719876198381
454,2.7309294801762114,0.40435460133374534,0.0025064038000391919,0.40435460133374534,0.40436236926769159
455,2.7249274373626373,0.40803467942588878,0.0025426366267276342,0.40803467942588878,0.40804260147097804
456,2.7189517192982455,0.41175022854363164,0.0025794242273443676,0.41175022854363164,0.4117583079126364
457,2.7130021531728663,0.41550166736175165,0.0026167761988069149,0.41550166736175165,0.41550990734045123
458,2.7070785676855893,0.4192894208760769,0.0026547023317746781,0.4192894208760769,0.41929782482510719
459,2.701180793028322,0.42311392052191332,0.0026932126152162568,0.42311392052191332,0.42312249187866946
460,2.6953086608695651,0.42697560429516379,0.0027323172411011171,0.42697560429516379,0.42698434657575718
461,2.6894620043383948,0.43087491687618273,0.002772026609219316,0.43087491687618273,0.4308838336774537
462,2.6836406580086578,0.43481230975642782,0.0028123513321332647,0.43481230975642782,0.43482140475801678
463,2.6778444578833693,0.43878824136801831,0.0028533022402657078,0.43878824136801831,0.43879751833449621
464,2.67207324137931,0.44280317721623919,0.0028948903871281661,0.44280317721623919,0.44281263999929993
465,2.6663268473118276,0.4468575900150874,0.0029371270546942312,0.4468575900150874,0.44686724255580357
466,2.6606051158798283,0.45095195982596836,0.0029800237589223399,0.45095195982596836,0.4509618061571129
467,2.6549078886509636,0.45508677419955623,0.0030235922554326423,0.45508677419955623,0.45509681844799249
468,2.6492350085470084,0.45926252832099101,0.003067844545343105,0.45926252832099101,0.45927277471013173
469,2.6435863198294243,0.46347972515844538,0.0031127928812695162,0.46347972515844538,0.46349017801078563
470,2.6379616680851061,0.46773887561515615,0.0031584497734951453,0.46773887561515615,0.46774953935487973
471,2.6323609002123138,0.47204049868505826,0.0032048279963152694,0.47204049868505826,0.47205137784072243
472,2.6267838644067796,0.47638512161205671,0.0032519405945619024,0.47638512161205671,0.47639622081935606
473,2.6212304101479913,0.48077328005309639,0.0032998008903154198,0.48077328005309639,0.48078460405770979
474,2.6157003881856538,0.48520551824511426,0.0033484224898079236,0.48520551824511426,0.48521707190563701
475,2.6101936505263157,0.4896823891759472,0.0033978192905260744,0.4896823891759472,0.48969417746691141
476,2.6047100504201679,0.49420445475935404,0.0034480054885185525,0.49420445475935404,0.49421648277433983
477,2.5992494423480084,0.49877228601427426,0.0034989955859159013,0.49877228601427426,0.49878455896911572
478,2.5938116820083681,0.50338646324838643,0.0035508043986691371,0.50338646324838643,0.50339898648447501
479,2.5883966263048013,0.50804757624612917,0.0036034470645148571,0.50804757624612917,0.50806035523381787
480,2.5830041333333331,0.51275622446129421,0.0036569390511738938,0.51275622446129421,0.51276926480340568
481,2.5776340623700622,0.51751301721437093,0.0037112961647919208,0.51751301721437093,0.51752632464981385
482,2.5722862738589209,0.52231857389469671,0.0037665345586297087,0.52231857389469671,0.52233215430219404
483,2.5669606293995857,0.52717352416760721,0.003822670742011364,0.52717352416760721,0.52718738356953931
484,2.561656991735537,0.5320785081867192,0.0038797215895399317,0.5320785081867192,0.5320926527530867
485,2.556375224742268,0.53703417681150456,0.0039377043505887544,0.53703417681150456,0.53704861286401528
486,2.5511151934156375,0.54204119183027566,0.0039966366590782482,0.54204119183027566,0.54205592584655915
487,2.5458767638603694,0.54710022618879672,0.0040565365435482094,0.54710022618879672,0.54711526480675132
488,2.5406598032786882,0.55221196422461438,0.0041174224375353022,0.55221196422461438,0.5522273142468922
489,2.5354641799591002,0.55737710190734435,0.0041793131902665304,0.55737710190734435,0.55739277030597778
490,2.5302897632653059,0.56259634708508122,0.004242228077680061,0.56259634708508122,0.56261234100625646
491,2.5251364236252543,0.56787041973701413,0.004306186813783747,0.56787041973701413,0.56788674650599813
492,2.5200040325203252,0.57320005223263393,0.0043712095623647616,0.57320005223263393,0.57321671935885854
493,2.5148924624746449,0.57858598959751562,0.0044373169490609012,0.57858598959751562,0.57860300477982562
494,2.5098015870445343,0.58402898978600648,0.0045045300738080305,0.58402898978600648,0.58404636091807749
495,2.5047312808080808,0.58952982396099918,0.004572870523675809,0.58952982396099918,0.58954755913693091
496,2.4996814193548387,0.59508927678099321,0.0046423603861060047,0.59508927678099321,0.59510738430108556
497,2.4946518792756538,0.60070814669468287,0.0047130222625679195,0.60070814669468287,0.60072663507140089
498,2.4896425381526104,0.60638724624325513,0.0047848792826458899,0.60638724624325513,0.60640612420738926
499,2.4846532745490979,0.61212740237074681,0.0048579551185739481,0.61212740237074681,0.61214667887777696
500,2.4796839679999998,0.61792945674257771,0.0049322740002347501,0.61792945674257771,0.61794914097924802
501,2.4747344990019959,0.62379426607259791,0.0050078607306390712,0.62379426607259791,0.62381436746371
502,2.4698047490039841,0.6297227024589005,0.0050847407019034389,0.6297227024589005,0.62974323067433313
503,2.464894600397614,0.63571565372866079,0.005162939911744744,0.63571565372866079,0.63573661869062636
504,2.4600039365079365,0.64177402379230108,0.0052424849805104146,0.64177402379230108,0.64179543568284425
505,2.4551326415841581,0.64789873300724765,0.0053234031687640019,0.64789873300724765,0.64792060227599957
506,2.4502806007905136,0.65409071855165957,0.0054057223954475046,0.65409071855165957,0.65411305592385394
507,2.4454477001972386,0.66035093480834894,0.0054894712566413793,0.66035093480834894,0.6603737512931126
508,2.4406338267716534,0.66668035375928092,0.00557467904494479,0.66668035375928092,0.66670366065820741
509,2.4358388683693515,0.67307996539100245,0.005661375769499993,0.67307996539100245,0.67310377430702062
510,2.4310627137254901,0.67955077811132636,0.0057495921766849457,0.67955077811132636,0.67957510095787588
511,2.4263052524461837,0.6860938191776349,0.0058393597714994465,0.6860938191776349,0.68611866818815992
512,2.4215663749999998,0.69271013513723534,0.0059307108396722853,0.69271013513723534,0.69273552287500795
513,2.4168459727095515,0.69940079228006846,0.0060236784705156275,0.69940079228006846,0.69942673164835767
514,2.4121439377431906,0.70616687710429527,0.0061182965805573666,0.70616687710429527,0.70619338135689191
515,2.407460163106796,0.71300949679510062,0.006214599937980049,0.71300949679510062,0.713036579547215
516,2.4027945426356587,0.71992977971718664,0.0063126241878992163,0.71992977971718664,0.71995745495673191
517,2.3981469709864602,0.72692887592142097,0.0064124058785131454,0.72692887592142097,0.72695715802069893
518,2.3935173436293433,0.73400795766612759,0.0065139824881587389,0.73400795766612759,0.73403686139393276
519,2.388905556840077,0.74116821995348792,0.0066173924533097731,0.74116821995348792,0.74119776048764685
520,2.3843115076923076,0.74841088108157194,0.0067226751975543852,0.74841088108157194,0.74844107402193438
521,2.379735094049904,0.75573718321257144,0.0068298711615916302,0.75573718321257144,0.75576804459447455
522,2.3751762145593869,0.76314839295773851,0.0069390218342877744,0.76314839295773851,0.76317993926596084
523,2.3706347686424474,0.77064580197965404,0.0070501697848352526,0.77064580197965404,0.77067805016288038
524,2.3661106564885492,0.77823072761242496,0.0071633586960588129,0.77823072761242496,0.77826369509824411
525,2.361603779047619,0.78590451350037127,0.0072786333989166528,0.78590451350037127,0.78593821821082788
526,2.3571140380228135,0.79366853025595585,0.0073960399082441033,0.79366853025595585,0.79370299062367999
527,2.3526413358633773,0.80152417613756444,0.0075156254597926984,0.80152417613756444,0.80155941112250262
528,2.3481855757575758,0.80947287774786902,0.0076374385486167491,0.80947287774786902,0.80950890685464394
529,2.3437466616257088,0.81751609075348086,0.007761528968865495,0.81751609075348086,0.81755293404940343
530,2.3393244981132075,0.82565530062671932,0.0078879478550376095,0.82565530062671932,0.82569297876048464
531,2.3349189905838039,0.83389202341017787,0.0080167477247616234,0.83389202341017787,0.83393055763127133
532,2.3305300451127819,0.84222780650510365,0.0081479825231652557,0.84222780650510365,0.84226721868394949
533,2.3261575684803,0.85066422948421749,0.0082817076689025576,0.85066422948421749,0.85070454213310198
534,2.3218014681647938,0.85920290493009732,0.0084179801019086849,0.85920290493009732,0.85924414122489889
535,2.3174616523364486,0.86784547929991396,0.008556858332958054,0.86784547929991396,0.86788766310267806
536,2.3131380298507462,0.87659363381755018,0.0086984024951017695,0.87659363381755018,0.87663678969994419
537,2.3088305102420854,0.88544908539414702,0.0088426743970686852,0.88544908539414702,0.88549323866183427
538,2.3045390037174718,0.89441358757808076,0.008989737578713481,0.89441358757808076,0.89445876429605586
539,2.3002634211502779,0.90348893153555498,0.0091396573686034419,0.90348893153555498,0.90353515855448263
540,2.2960036740740741,0.91267694706287683,0.0092925009438375276,0.91267694706287683,0.912724252046479
541,2.2917596746765247,0.92197950363173464,0.0094483373921977198,0.92197950363173464,0.92202791508527371
542,2.287531335793358,0.93139851146861097,0.0096072377767358781,0.93139851146861097,0.93144805876851933
543,2.2833185709023938,0.94093592266976733,0.0097692752029071191,0.94093592266976733,0.94098663609447541
544,2.2791212941176471,0.95059373235311373,0.0099345248883624011,0.95059373235311373,0.95064564311513078
545,2.274939420183486,0.9603739798483848,0.010103064235524657,0.9603739798483848,0.96042712012769238
546,2.2707728644688645,0.970278749927179,0.010274972907071949,0.970278749927179,0.97033315290599564
547,2.2666215429616088,0.98031017407441956,0.010450332904464444,0.98031017407441956,0.98036587397340225
548,2.2624853722627734,0.99047043180275907,0.010629228649653752,0.99047043180275907,0.99052746391870961
549,2.2583642695810564,1.0007617520119165,0.010811747070124493,1.0007617520119165,1.0008201527570622
550,2.2542581527272727,1.0111864143944183,0.010997977687422535,1.0111864143944183,1.0112462213373423
551,2.2501669401088926,1.0217467508898315,0.011188012709334443,1.0217467508898315,1.0218080027981342
552,2.2460905507246376,1.0324451471894087,0.011381947125892012,1.0324451471894087,1.0325078840741782
553,2.2420289041591319,1.0432840442932192,0.011579878809382705,1.0432840442932192,1.0433483074554037
554,2.2379819205776172,1.05426594012174,0.011781908618558209,1.05426594012174,1.0543317722005121
555,2.2339495207207207,1.0653933911845588,0.011988140507244553,1.0653933911845588,1.0654608362077678
556,2.2299316258992805,1.0766690143080728,0.012198681637565656,1.0766690143080728,1.0767381177448914
557,2.2259281579892281,1.0880954884250733,0.012413642498007454,1.0880954884250733,1.0881662972409443
558,2.2219390394265233,1.0996755564285423,0.012633137026557596,1.0996755564285423,1.0997481191425407
559,2.2179641932021466,1.1114120270924914,0.012857282739174792,1.1114120270924914,1.1114863938372235
560,2.2140035428571427,1.1233077770627471,0.013086200863849439,1.1233077770627471,1.1233839996469146
561,2.2100570124777184,1.1353657529205372,0.01332001648053802,1.1353657529205372,1.1354438848943
562,2.2061245266903913,1.1475889733221809,0.013558858667265073,1.1475889733221809,1.1476690700454621
563,2.2022060106571932,1.1599805312181011,0.013802860652707159,1.1599805312181011,1.1600626499319879
564,2.1983013900709216,1.1725435961545601,0.014052159975586551,1.1725435961545601,1.1726277960559555
565,2.1944105911504423,1.185281416662018,0.014306898651228191,1.185281416662018,1.1853677589817164
566,2.1905335406360424,1.1981973227335532,0.014567223345645842,1.1981973227335532,1.1982858708179183
567,2.1866701657848324,1.2112947283977502,0.014833285557552228,1.2112947283977502,1.2113855477941824
568,2.182820394366197,1.2245771343900795,0.015105241808705934,1.2245771343900795,1.2246702929364779
569,2.1789841546572934,1.2380481309271736,0.01538325384303596,1.2380481309271736,1.2381436988456014
570,2.1751613754385963,1.2517114005889636,0.015667488835008486,1.2517114005889636,1.2518094505837458
571,2.1713519859894919,1.2655707213131855,0.015958119607730269,1.2655707213131855,1.2656713286736772
572,2.167555916083916,1.2796299695079068,0.016255324861311544,1.2796299695079068,1.2797332122161842
573,2.1637730959860382,1.2938931232871496,0.016559289412045826,1.2938931232871496,1.293999082130898
574,2.1600034564459927,1.3083642658356314,0.016870204442993066,1.3083642658356314,1.3084730245265124
575,2.1562469286956518,1.3230475889085458,0.017188267766597203,1.3230475889085458,1.3231592342063492
576,2.1525034444444442,1.3379473964729507,0.017513684099998358,1.3379473964729507,1.3380620183158556
577,2.1487729358752166,1.3530681084972862,0.017846665353750374,1.3530681084972862,1.3531858001385741
578,2.1450553356401381,1.3684142648963666,0.018187430934694361,1.3684142648963666,1.3685351230479499
579,2.1413505768566492,1.3839905296393145,0.018536208063787842,1.3839905296393145,1.3841146546224752
580,2.1376585931034482,1.3998016950282755,0.018893232109740608,1.3998016950282755,1.3999291909320219
581,2.133979318416523,1.4158526861564589,0.019258746939363657,1.4158526861564589,1.4159836610039449
582,2.1303126872852234,1.4321485655543178,0.019633005285595695,1.4321485655543178,1.4322831314777937
583,2.1266586346483702,1.448694538033207,0.02001626913423759,1.448694538033207,1.4488328114580029
584,2.1230170958904107,1.4654959557365639,0.020408810130487592,1.4654959557365639,1.4656380575746411
585,2.1193880068376068,1.482558323408917,0.02081091000645114,1.482558323408917,1.4827043792625541
586,2.1157713037542663,1.4998873038940923,0.021222861030870337,1.4998873038940923,1.500037444270317
587,2.1121669233390117,1.5174887238742327,0.021644966482406991,1.5174887238742327,1.5176430844106501
588,2.1085748027210882,1.5353685798620234,0.022077541147901295,1.5353685798620234,1.5355273015647306
589,2.1049948794567062,1.5535330444596327,0.022520911847130287,1.5535330444596327,1.5536962739539673
590,2.1014270915254234,1.5719884728981346,0.022975417985689556,1.5719884728981346,1.5721563626930455
591,2.0978713773265651,1.5907414098723516,0.023441412137740231,1.5907414098723516,1.5909141186392459
592,2.0943276756756757,1.6097985966870447,0.02391926066048531,1.6097985966870447,1.6099762895540179
593,2.0907959258010118,1.6291669787310235,0.024409344342367037,1.6291669787310235,1.629349827593447
594,2.087276067340067,1.648853713297203,0.024912059087127875,1.648853713297203,1.6490418971457139
595,2.0837680403361345,1.6688661777673386,0.025427816636024093,1.6688661777673386,1.6690598830343508
596,2.0802717852348991,1.6892119781818882,0.025957045330653156,1.6892119781818882,1.689411399107827
597,2.0767872428810721,1.709898958215986,0.026500190919033877,1.709898958215986,1.7101042972365337
598,2.0733143545150501,1.7309352085849152,0.027057717407776023,1.7309352085849152,1.7311466767406576
599,2.0698530617696158,1.7523290769028939,0.027630107963384436,1.7523290769028939,1.7525468942728513
600,2.0664033066666665,1.7740891780214567,0.028217865865977548,1.7740891780214567,1.7743135741821057
601,2.0629650316139765,1.7962244048747467,0.028821515518944449,1.7962244048747467,1.7964556193862531
602,2.0595381794019931,1.8187439398615379,0.029441603518335892,1.8187439398615379,1.8189822227830599
603,2.0561226932006633,1.8416572667951119,0.030078699786082741,1.8416572667951119,1.8419028792311671
604,2.0527185165562911,1.8649741834549065,0.030733398771448858,1.8649741834549065,1.8652273981349674
605,2.0493255933884296,1.8887048147756458,0.031406320725476916,1.8887048147756458,1.8889659166692812
606,2.0459438679867987,1.9128596267124802,0.032098113053562624,1.9128596267124802,1.9131289136825589
607,2.042573285008237,1.9374494408232197,0.032809451751706034,1.9374494408232197,1.9377272243198871
608,2.0392137894736839,1.9624854496116537,0.033541042932436579,1.9624854496116537,1.9627720554100139
609,2.0358653267651885,1.9879792326791117,0.034293624446902496,1.9879792326791117,1.988275001663788
610,2.0325278426229505,2.0139427737348532,0.035067967610148215,2.0139427737348532,2.0142480627348611
611,2.0292012831423896,2.0403884785195041,0.035864879037191308,2.0403884785195041,2.040703661197159
612,2.0258855947712417,2.0673291936996785,0.036685202598151834,2.0673291936996785,2.0676546614975702
613,2.0225807243066884,2.094778226796306,0.037529821501387187,2.094778226796306,2.0951143899467164
614,2.019286618892508,2.1227493672141708,0.038399660514361555,2.1227493672141708,2.1230966558156936
615,2.0160032260162599,2.1512569084443793,0.039295688332813911,2.1512569084443793,2.1516157736108967
616,2.0127304935064934,2.1803156715181915,0.040218920109724457,2.1803156715181915,2.1806865866058365
617,2.0094683695299835,2.2099410297955879,0.041170420156598567,2.2099410297955879,2.2103244917137967
618,2.0062168025889968,2.2401489351791914,0.042151304830698039,2.2401489351791914,2.2405454657925148
619,2.0029757415185783,2.2709559458510693,0.043162745623100601,2.2709559458510693,2.2713660934789988
620,1.9997451354838709,2.3023792556372857,0.044205972463819035,2.3023792556372857,2.3028035966600306
621,1.9965249339774556,2.3344367251146654,0.045282277261716561,2.3344367251146654,2.3348758656935256
622,1.9933150868167202,2.367146914582043,0.046393017698615868,2.367146914582043,2.3676014925038524
623,1.9901155441412519,2.4005291190296463,0.047539621298833726,2.4005291190296463,2.400999805685641
624,1.9869262564102563,2.4346034052506393,0.048723589797408415,2.4346034052506393,2.4350909077610954
625,1.9837471743999999,2.469390651251226,0.04994650383252898,2.469390651251226,2.469895714748306
626,1.9805782492012778,2.5049125881290344,0.051210027990192905,2.5049125881290344,2.5054359982115
627,1.9774194322169059,2.5411918446041035,0.052515916231871476,2.5411918446041035,2.5417344299788831
628,1.9742706751592356,2.5782519944029003,0.053866017739071334,2.5782519944029003,2.5788146297300236
629,1.9711319300476946,2.616117606713221,0.055262283212101332,2.616117606713221,2.6167012156722684
630,1.968003149206349,2.6548142999480087,0.056706771664202224,2.6548142999480087,2.6554198585461042
631,1.9648842852614896,2.6943687990764644,0.05820165775646316,2.6943687990764644,2.6949973392199018
632,1.9617752911392403,2.734808996805735,0.059749239723745046,2.734808996805735,2.7354616101596374
633,1.958676120063191,2.7761640189215635,0.061351947947176605,2.7761640189215635,2.776841861084574
634,1.9555867255520503,2.8184642941263549,0.063012354234804779,2.8184642941263549,2.8191685891502454
635,1.9525070614173228,2.8617416287440971,0.06473318187870622,2.8617416287440971,2.8624736740314414
636,1.9494370817610061,2.9060292866981996,0.066517316564459139,2.9060292866981996,2.906790458314906
637,1.9463767409733124,2.9513620752070455,0.068367818217396098,2.9513620752070455,2.952153833650653
638,1.9433259937304075,2.9977764366869257,0.070287933879681325,2.9977764366869257,2.9986003331561939
639,1.9402847949921751,3.0453105474000219,0.072281111723126901,3.0453105474000219,3.0461682306165812
640,1.9372531,3.0940044234409507,0.074351016314946311,3.0940044234409507,3.0948976470796632
641,1.9342308642745709,3.1439000347153563,0.076501545267583737,3.1439000347153563,3.1448306655067375
642,1.931218043613707,3.1950414276332699,0.078736847419559192,3.1950414276332699,3.1960114542088887
643,1.928214594090202,3.2474748573159156,0.081061342712263423,3.2474748573159156,3.2484863998763087
644,1.9252204720496893,3.3012489302009946,0.083479743948104562,3.3012489302009946,3.3023042510954155
645,1.9222356341085269,3.3564147580278245,0.08599708063880615,3.3564147580278245,3.3575162733463229
646,1.9192600371517026,3.4130261242926663,0.088618725179378993,3.4130261242926663,3.4141764165837474
647,1.9162936383307572,3.4711396643871799,0.09135042161393242,3.4711396643871799,3.4723414966288941
648,1.9133363950617284,3.5308150607714808,0.094198317294662881,3.5308150607714808,3.5320713917405264
649,1.9103882650231123,3.5921152546907251,0.097168997775838178,3.5921152546907251,3.5934292558933976
650,1.9074492061538459,3.6551066761214317,0.10026952533125552,3.6551066761214317,3.6564817504723877
651,1.9045191766513057,3.7198594938366734,0.10350748153761227,3.7198594938366734,3.7212992962970728
652,1.9015981349693249,3.7864478877095609,0.10689101442869584,3.7864478877095609,3.7879563481257001
653,1.8986860398162326,3.8549503456368459,0.11042889079787352,3.8549503456368459,3.8565316940547092
654,1.895782850152905,3.9254499877661129,0.11413055431082914,3.9254499877661129,3.927108782537132
655,1.8928885251908396,3.9980349210533337,0.11800619018907615,3.9980349210533337,3.9997760800930937
656,1.8900030243902437,4.0727986275746488,0.12206679734014436,4.0727986275746488,4.0746274631905699
657,1.887126307458143,4.1498403904712298,0.12632426894570353,4.1498403904712298,4.1517626482388268
658,1.8842583343465045,4.2292657619326928,0.13079148267821633,4.2292657619326928,4.2312876641747348
659,1.8813990652503791,4.3111870782331021,0.13548240190470356,4.3111870782331021,4.3133153727440261
660,1.8785484606060605,4.395724027541231,0.1404121894588512,4.395724027541231,4.3979660423031843
661,1.8757064810892585,4.4830042770473959,0.14559733582705064,4.4830042770473959,4.4853679818076442
662,1.8728730876132929,4.5731641669103897,0.1510558039090345,4.5731641669103897,4.5756582426365497
663,1.8700482413273001,4.6663494796500355,0.15680719289048251,4.6663494796500355,4.6689833970546895
664,1.8672319036144578,4.7627162949292856,0.16287292421707406,4.7627162949292856,4.7655004034653023
665,1.8644240360902253,4.8624319412229422,0.16927645320397799,4.8624319412229422,4.8653775702029973
666,1.8616246006006005,4.9656760577045986,0.17604351047325995,4.9656760577045986,4.9687956315027115
667,1.8588335592203897,5.0726417818589873,0.18320237821114033,5.0726417818589873,5.0759489515206653
668,1.856050874251497,5.1835370809160288,0.19078420721177342,5.1835370809160288,5.1870468749523448
669,1.8532765082212255,5.2985862482961732,0.19882338186800586,5.2985862482961732,5.3023152459855449
670,1.8505104238805969,5.4180315899654072,0.20735794173828476,5.4180315899654072,5.4219981211602262
671,1.8477525842026825,5.5421353300648519,0.21643007013476157,5.5421353300648519,5.5463597063309535
672,1.8450029523809524,5.6711817705821161,0.22608666243395753,5.6711817705821161,5.675686553529312
673,1.8422614918276372,5.8054797463931553,0.2363799896301817,5.8054797463931553,5.8102900603393897
674,1.8395281661721068,5.9453654250129162,0.24736847619286528,5.9453654250129162,5.9505093227347352
675,1.8368029392592591,6.0912055102176197,0.25911761576365722,6.0912055102176197,6.0967144025700053
676,1.8340857751479289,6.243400920812439,0.27170105391849297,6.243400920812439,6.2493100835773889
677,1.8313766381093057,6.4023910308344512,0.28520187450133749,6.4023910308344512,6.408740205448221
678,1.8286754926253685,6.5686585761986294,0.29971413541941372,6.5686585761986294,6.5754926852394879
679,1.8259823033873341,6.7427353562723109,0.31534471196983638,6.7427353562723109,6.7501053600734284
680,1.8232970352941176,6.9252088884969538,0.33221552170043334,6.9252088884969538,6.9331728164077893
681,1.8206196534508075,7.1167302118238922,0.35046622582052345,7.1167302118238922,7.1253544110681135
682,1.8179501231671553,7.318023082907402,0.37025753013217433,7.318023082907402,7.3273837405028228
683,1.815288409956076,7.529894871093477,0.39177524598720648,7.529894871093477,7.5400798810813798
684,1.8126344795321636,7.7532495389163998,0.41523532267211871,7.7532495389163998,7.7643608098736614
685,1.8099882978102189,7.9891032004877722,0.44089013236942409,7.9891032004877722,8.0012595294031481
686,1.8073498309037899,8.2386028897942474,0.46903638550344184,8.2386028897942474,8.2519435714655884
687,1.8047190451237263,8.5030493571322552,0.50002518986633482,8.5030493571322552,8.5177387586335431
688,1.8020959069767442,8.7839249626597784,0.53427495960437765,8.7839249626597784,8.800158378239443
689,1.7994803831640056,9.082928077180032,0.57228815783595577,9.082928077180032,9.1009393026667667
690,1.7968724405797101,9.4020158693775464,0.61467326299155745,9.4020158693775464,9.4220871163593003
691,1.7942720463096959,9.7434580110863855,0.66217395334990981,9.7434580110863855,9.7659330510862361
692,1.7916791676300576,10.109904749959888,0.71570841946562358,10.109904749959888,10.135206588666827
693,1.7890937720057718,10.504474105510504,0.77642312741315767,10.504474105510504,10.53312912225625
694,1.7865158270893371,10.930864826624894,0.84576758508833594,10.930864826624894,10.963536321184485
695,1.7839453007194244,11.393504490184771,0.92560026388104788,11.393504490184771,11.431040215849004
696,1.7813821609195402,11.897746151638369,1.0183417937441459,11.897746151638369,11.941247150013758
697,1.7788263758967,12.450132920147702,1.1272017214204748,12.450132920147702,12.50105569342521
698,1.7762779140401146,13.058758629477847,1.2565230206505897,13.058758629477847,13.119071119724408
699,1.7737367439198855,13.733765512359671,1.4123211596286738,13.733765512359671,13.806193038141062
700,1.7712028342857142,14.488037112680878,1.603156303634127,14.488037112680878,14.576464918226925
701,1.7686761540656204,15.338163911513181,1.8415992658210523,15.338163911513181,15.448325476643673
702,1.7661566723646722,16.305763007005361,2.1468040140153493,16.305763007005361,16.446479097825677
703,1.7636443584637267,17.419146213802819,2.5492447149708033,17.419146213802819,17.604695493948412
704,1.7611391818181816,18.714846886117698,3.0998969889070063,18.714846886117698,18.969840677050087
705,1.7586411120567376,20.236383971823678,3.8888728382712197,20.236383971823678,20.606663199250036
706,1.7561501189801698,22.018676328944032,5.083639801614023,22.018676328944032,22.597909215486165
707,1.753666172560113,24.011126286002138,6.9956245072620273,24.011126286002138,25.009457166618947
708,1.7511892429378531,25.803780623123899,10.078961394904518,25.803780623123899,27.702356528755455
709,1.748719300423131,26.289416652469903,14.301372538954539,26.289416652469903,29.927624102576615
710,1.7462563154929576,24.841903741945821,18.257857579792322,24.841903741945821,30.829686098435737
711,1.743800258790436,22.480110513632056,20.917655231566215,22.480110513632056,30.706736542520762
712,1.7413511011235954,20.118356547606432,22.53109343976157,20.118356547606432,30.205933883392603
713,1.7389088134642354,18.012517627537399,23.533327039176761,18.012517627537399,29.63559131880438
714,1.7364733669467787,16.171245305293766,24.187878887224386,16.171245305293766,29.095749857788867
715,1.7340447328671327,14.552919620452624,24.635804433855611,14.552919620452624,28.613114643158557
716,1.7316228826815641,13.115084401162736,24.954950196108065,13.115084401162736,28.191399009979197
717,1.7292077880055787,11.823328514231001,25.19135018983296,11.823328514231001,27.827957552472746
718,1.7267994206128132,10.650763683876967,25.374896544577105,10.650763683876967,27.519522919152937
719,1.724397752433936,9.5747820722330133,25.527515445995526,9.5747820722330133,27.264088038595663
720,1.7220027555555555,8.5715834020656025,25.665071326341476,8.5715834020656025,27.058601741493625
721,1.71961440221914,7.6164234461906428,25.78933280929995,7.6164234461906428,26.890511204893773
722,1.7172326648199445,6.7006800306312737,25.890696263517754,6.7006800306312737,26.743733207662554
723,1.7148575159059474,5.8279511893699318,25.969966116069315,5.8279511893699318,26.615862847848209
724,1.7124889281767954,4.9973034789608182,26.035330996045644,4.9973034789608182,26.51059226298969
725,1.7101268744827585,4.2038536978251067,26.093809902156003,4.2038536978251067,26.430272437539735
726,1.7077713278236912,3.4419654318645865,26.150347756961551,3.4419654318645865,26.375894560074638
727,1.7054222613480055,2.7062455803345342,26.208600519246964,2.7062455803345342,26.34795070434421
728,1.7030796483516482,1.9916594304681512,26.271497876083963,1.9916594304681512,26.346884216925094
729,1.7007434622770918,1.2934315742084972,26.34154698489656,1.2934315742084972,26.37328312506186
730,1.6984136767123286,0.60691037578334384,26.420993839170379,0.60691037578334384,26.42796351695894
731,1.6960902653898768,-0.072565144386993574,26.511910333038152,0.072565144386993574,26.512009641052018
732,1.6937732021857923,-0.74979173507386554,26.616240387488695,0.74979173507386554,26.626799282124942
733,1.6914624611186901,-1.4298259913801106,26.735821573075484,1.4298259913801106,26.774027667740889
734,1.6891580163487738,-2.1181130835674682,26.872390488796519,2.1181130835674682,26.955737304276088
735,1.6868598421768706,-2.8206289640916262,27.027575638922208,2.8206289640916262,27.174359103219601
736,1.6845679130434781,-3.5440472837093218,27.202878215408383,3.5440472837093218,27.432769717101252
737,1.6822822035278153,-4.2959457573211157,27.399637721667553,4.2959457573211157,27.734370323273478
738,1.6800026883468833,-5.0850718407539954,27.618974842581437,5.0850718407539954,28.083192962709486
739,1.677729342354533,-5.9216952551065187,27.861697343656381,5.9216952551065187,28.48404208612008
740,1.6754621405405403,-6.8180869829234787,28.128144246956552,6.8180869829234787,28.94268143908414
741,1.6732010580296894,-7.7891842489604652,28.417925157466208,7.7891842489604652,29.466079846487972
742,1.6709460700808625,-8.8535343575884831,28.729476608279413,8.8535343575884831,30.062732690270753
743,1.6686971520861371,-10.034665685293888,29.059285962877802,10.034665685293888,30.743074278411413
744,1.6664542795698924,-11.363122405595117,29.400481306946041,11.363122405595117,31.519975442322622
745,1.6642174281879194,-12.879525600307122,29.740150167153438,12.879525600307122,32.409238060371045
746,1.6619865737265413,-14.63914522143163,30.053986194661732,14.63914522143163,33.429727175121883
747,1.6597616921017402,-16.71831043807115,30.295079291642246,16.71831043807115,34.601932506589996
748,1.6575427593582885,-19.221237202514089,30.369496186877363,19.221237202514089,35.941094282729765
749,1.6553297516688918,-22.276771020634989,30.082499275638511,22.276771020634989,37.432756908549955
750,1.6531226453333332,-25.975858481943611,29.03055758534547,25.975858481943611,38.955339782756631
751,1.6509214167776296,-30.08286850767562,26.486603973564463,30.08286850767562,40.081406758028621
752,1.6487260425531913,-33.39045588263896,21.823292629890922,33.39045588263896,39.889580660371827
753,1.6465364993359892,-34.189745666369987,16.082035635915773,34.189745666369987,37.783204984833276
754,1.6443527639257294,-32.75496965661867,11.364463824772532,32.75496965661867,34.670435175096564
755,1.6421748132450329,-30.565126389363904,8.2129437306093607,30.565126389363904,31.649319043542555
756,1.6400026243386243,-28.416233176012582,6.180990001242245,28.416233176012582,29.080697125567241
757,1.6378361743725229,-26.526155608928015,4.8294098578421814,26.526155608928015,26.962198184941936
758,1.6356754406332452,-24.909472227163384,3.8873126577008481,24.909472227163384,25.210969960208693
759,1.6335204005270092,-23.530406046103813,3.1999436628675371,23.530406046103813,23.746992401987352
760,1.6313710315789474,-22.348390509860664,2.6773118544787327,22.348390509860664,22.508188668734817
761,1.6292273114323257,-21.329002014225019,2.2644683425931103,21.329002014225019,21.448872786172732
762,1.6270892178477689,-20.445235145708111,1.925580085579889,20.445235145708111,20.535712766526515
763,1.62495672870249,-19.676350477129269,1.6350077777218077,19.676350477129269,19.744164163925401
764,1.6228298219895287,-19.005932644791677,1.3715878160937405,19.005932644791677,19.05535958295237
765,1.6207084758169934,-18.418463521960945,1.114259454381779,18.418463521960945,18.452137346158171
766,1.6185926684073106,-17.891624277683952,0.84025996880735221,17.891624277683952,17.911344341198681
767,1.6164823780964797,-17.385098648699898,0.53626682096577083,17.385098648699898,17.393367618960273
768,1.6143775833333331,-16.854824109804564,0.22674576415586545,16.854824109804564,16.85634923149173
769,1.6122782626788035,-16.299678263965077,-0.041069039449452838,16.299678263965077,16.299730003125109
770,1.6101843948051946,-15.750610078794463,-0.24872955957758647,15.750610078794463,15.752573892796992
771,1.6080959584954604,-15.230852932135395,-0.40579122491944952,15.230852932135395,15.23625766251539
772,1.606012932642487,-14.747634392560496,-0.5276730883075782,14.747634392560496,14.757071493516499
773,1.6039352962483828,-14.299839642478407,-0.62579757297298677,14.299839642478407,14.313526344089212
774,1.6018630284237725,-13.883963689110651,-0.70731555748694608,13.883963689110651,13.901969033860137
775,1.5997961083870966,-13.496315258840546,-0.77667271173563723,13.496315258840546,13.518644387184944
776,1.5977345154639173,-13.133598214688028,-0.83674336815660666,13.133598214688028,13.16022574004757
777,1.595678229086229,-12.79299298947122,-0.88947554119190786,12.79299298947122,12.823877587026416
778,1.5936272287917737,-12.472107803449415,-0.93624812374887689,12.472107803449415,12.507199271223236
779,1.5915814942233633,-12.168907350050699,-0.97807401647305736,12.168907350050699,12.208150346216156
780,1.5895410051282051,-11.881647550118604,-1.0157204258351067,11.881647550118604,11.924983710206824
781,1.5875057413572342,-11.608821978791582,-1.0497831885275457,11.608821978791582,11.656191165135786
782,1.5854756828644501,-11.34911927969965,-1.0807345688936869,11.34911927969965,11.400460325497921
783,1.5834508097062578,-11.101389534227298,-1.1089551444920667,11.101389534227298,11.156640672852506
784,1.5814311020408163,-10.864617598530497,-1.1347557950766196,10.864617598530497,10.923716687865836
785,1.5794165401273885,-10.637901783253074,-1.1583933315093371,10.637901783253074,10.700786394495697
786,1.5774071043256996,-10.420436619149324,-1.1800819167146406,10.420436619149324,10.487044038424989
787,1.5754027750952986,-10.211498751033268,-1.2000016295636398,10.211498751033268,10.281765930680846
788,1.5734035329949236,-10.010435228049545,-1.2183050419631414,10.010435228049545,10.084298717821095
789,1.5714093586818756,-9.8166536232299535,-1.2351223804365474,9.8166536232299535,9.8940495073114025
790,1.5694202329113922,-9.6296135345449159,-1.2505656498428068,9.6296135345449159,9.7104773965679669
791,1.5674361365360303,-9.4488191053872796,-1.2647319658977767,9.4488191053872796,9.5330860392579755
792,1.5654570505050505,-9.2738122635254712,-1.2777062499198595,9.2738122635254712,9.361416941905734
793,1.5634829558638081,-9.1041664196279619,-1.2895633689221386,9.1041664196279619,9.1950432233213153
794,1.5615138337531485,-8.9394803920854926,-1.3003697470057105,8.9394803920854926,9.0335635913745964
795,1.559549665408805,-8.779372333488098,-1.3101844221045282,8.779372333488098,8.8765962953117121
796,1.5575904321608038,-8.6234734221086029,-1.3190594666203923,8.6234734221086029,8.7237727926794566
797,1.5556361154328731,-8.4714210418625342,-1.3270396180525448,8.4714210418625342,8.5747308188882734
798,1.5536866967418546,-8.3228510954020507,-1.3341608536759411,8.3228510954020507,8.4291064496609867
799,1.5517421576971213,-8.1773889620850184,-1.3404474505428554,8.1773889620850184,8.286524579393749
800,1.5498024799999999,-8.0346384073911707,-1.3459067222800076,8.0346384073911707,8.1465869689461883
801,1.5478676454431959,-7.8941674579225385,-1.3505199709126574,7.8941674579225385,8.0088566003866681
802,1.5459376359102244,-7.7554898894995006,-1.354226945276106,7.7554898894995006,7.8728364675916414
803,1.5440124333748442,-7.618040663919313,-1.356898665694767,7.618040663919313,7.7379401358560811
804,1.5420920199004975,-7.481143933740082,-1.3582886291162768,7.481143933740082,7.6034507006570786
805,1.5401763776397515,-7.3439750539830335,-1.3579426275736486,7.3439750539830335,7.4684655568133094
806,1.5382654888337468,-7.205530016889238,-1.3550279599763377,7.205530016889238,7.3318322127971172
807,1.5363593358116481,-7.0646588601584721,-1.3480079864189496,7.0646588601584721,7.1921158459708421
808,1.5344579009900989,-6.9203622834931053,-1.3340527432661529,6.9203622834931053,7.0477734680259028
809,1.5325611668726822,-6.7729539370059086,-1.3082179770418638,6.7729539370059086,6.8981402789635524
810,1.5306691160493826,-6.6272677380656457,-1.2636354480004799,6.6272677380656457,6.7466623020163921
811,1.5287817311960541,-6.4966029137817465,-1.1974080161898237,6.4966029137817465,6.606030228253057
812,1.5268989950738916,-6.3951056583820325,-1.1218328264337019,6.3951056583820325,6.4927563693961377
813,1.5250208905289051,-6.3194847325342938,-1.0564242869469158,6.3194847325342938,6.4071771911494171
814,1.5231474004914003,-6.255513121468141,-1.0078003800105466,6.255513121468141,6.3361743993366773
815,1.52127850797546,-6.1937479557813155,-0.97247647293280304,6.1937479557813155,6.269627120503503
816,1.5194141960784313,-6.1306096932676155,-0.94575602467417541,6.1306096932676155,6.2031306345581942
817,1.5175544479804159,-6.0651438429606603,-0.92429705094345549,6.0651438429606603,6.1351686915834991
818,1.5156992469437651,-5.9972318875854089,-0.9059644917982157,5.9972318875854089,6.0652750946573271
819,1.5138485763125762,-5.9269296945643681,-0.88935873588635483,5.9269296945643681,5.9932841218655941
820,1.5120024195121951,-5.8542505569015777,-0.87347579379238127,5.8542505569015777,5.9190547847881643
821,1.510160760048721,-5.7790977084662689,-0.85748955414230532,5.7790977084662689,5.8423675560052919
822,1.5083235815085156,-5.7012437248815608,-0.84059727637488224,5.7012437248815608,5.7628798175521796
823,1.5064908675577156,-5.6203258155160238,-0.82188028078395847,5.6203258155160238,5.6801011847059
824,1.5046626019417475,-5.5358570677288306,-0.80013746243861816,5.5358570677288306,5.5933830043293975
825,1.5028387684848483,-5.4472834931264309,-0.77364173472031406,5.4472834931264309,5.5019468361834205
826,1.5010193510895882,-5.3541820180615609,-0.73975296911389599,5.3541820180615609,5.4050438978648998
827,1.4992043337363965,-5.2568682504174156,-0.69434048754298772,5.2568682504174156,5.3025251074264697
828,1.4973937004830917,-5.1580710034603641,-0.631273264605829,5.1580710034603641,5.1965567841932323
829,1.4955874354644147,-5.0665456514106122,-0.54372503787009019,5.0665456514106122,5.0956375219038694
830,1.4937855228915662,-4.9998829543376395,-0.43196612602675954,4.9998829543376395,5.0185081738610977
831,1.4919879470517448,-4.9734581509325793,-0.31442098926989065,4.9734581509325793,4.9833870547621695
832,1.4901946923076923,-4.9806595852672366,-0.21582774430292948,4.9806595852672366,4.9853336417460863
833,1.4884057430972388,-5.0021395659993608,-0.14415018595055659,5.0021395659993608,5.0042161737724573
834,1.4866210839328535,-5.0248949629548232,-0.094251672963913402,5.0248949629548232,5.0257788218927075
835,1.4848406994011976,-5.0439616316277149,-0.059194560090223086,5.0439616316277149,5.0443089652871969
836,1.4830645741626793,-5.058248604413393,-0.033915545706177053,5.058248604413393,5.0583623049649757
837,1.4812926929510155,-5.0680157930744159,-0.015172764580093506,5.0680157930744159,5.0680385053427432
838,1.4795250405727922,-5.0738811199381182,-0.00092570892109594682,5.0738811199381182,5.0738812043840271
839,1.4777616019070321,-5.0764851656824845,0.010133599215160438,5.0764851656824845,5.0764952799374656
840,1.4760023619047618,-5.0763935164089755,0.018867790060467377,5.0763935164089755,5.0764285799113589
841,1.474247305588585,-5.0740795050748364,0.025863044371192134,5.0740795050748364,5.0741454177905316
842,1.4724964180522564,-5.0699319252798656,0.031529094638687694,5.0699319252798656,5.0700299615269273
843,1.4707496844602608,-5.064268681538362,0.036159772415630287,5.064268681538362,5.0643977734723249
844,1.4690070900473933,-5.0573501622914776,0.039970671585913081,5.0573501622914776,5.0575081135492672
845,1.4672686201183431,-5.0493906154346586,0.043123228224482085,5.0493906154346586,5.049574754378046
846,1.4655342600472812,-5.0405673327901681,0.045740524173685737,5.0405673327901681,5.0407748642389372
847,1.4638039952774498,-5.0310279149790205,0.047917914085839897,5.0310279149790205,5.0312561063603685
848,1.4620778113207547,-5.0208959803646351,0.049730332667682869,5.0208959803646351,5.0211422556654366
849,1.4603556937573614,-5.0102756525490353,0.051237422502440261,5.0102756525490353,5.0105376346246873
850,1.458637628235294,-4.999255101114537,0.052487199816385388,4.999255101114537,4.9995306251851561
851,1.4569236004700352,-4.9879093509877599,0.053518719713899876,4.9879093509877599,4.9881964623529962
852,1.4552135962441313,-4.9763025259249254,0.054364044080303597,4.9763025259249254,4.9765994693983124
853,1.4535076014067994,-4.9644896523390649,0.055049715235550883,4.9644896523390649,4.9647948577286822
854,1.4518056018735361,-4.9525181196006436,0.055597873823274357,4.9525181196006436,4.9528301857166843
855,1.4501075836257309,-4.9404288702202699,0.056027116946603783,4.9404288702202699,4.9407465488060893
856,1.4484135327102803,-4.9282573762158677,0.056353164144007928,4.9282573762158677,4.9285795565593906
857,1.4467234352392064,-4.9160344450823974,0.05658937947232387,4.9160344450823974,4.9163601396872521
858,1.4450372773892772,-4.9037868890649996,0.056747184621373375,4.9037868890649996,4.9041152205396061
859,1.4433550454016297,-4.8915380840533,0.056836388641318403,4.8915380840533,4.8918682732487406
860,1.4416767255813951,-4.8793084387914867,0.056865453235815405,4.8793084387914867,4.8796397941480816
861,1.4400023042973287,-4.8671157907747737,0.056841707812905928,4.8671157907747737,4.8674476988002908
862,1.4383317679814385,-4.8549757418739237,0.056771525027410535,4.8549757418739237,4.8553076586595614
863,1.4366651031286211,-4.8429019441340326,0.056660465008384869,4.8429019441340326,4.8432333878094456
864,1.4350022962962963,-4.8309063441684934,0.056513394581494819,4.8309063441684934,4.8312368881989762
865,1.4333433341040462,-4.818999392974936,0.05633458638525865,4.818999392974936,4.8193286602094281
866,1.4316882032332563,-4.8071902267375872,0.056127801714268954,4.8071902267375872,4.8075178841234329
867,1.4300368904267589,-4.7954868231747803,0.055896360110372967,4.7954868231747803,4.7958125770630922
868,1.4283893824884792,-4.783896137189279,0.05564319809918411,4.783896137189279,4.7842197291626576
869,1.426745666283084,-4.7724242189264459,0.055370918986711815,4.7724242189264459,4.7727454220883319
870,1.4251057287356321,-4.7610763168250401,0.055081835254924771,4.7610763168250401,4.7613949324969189
871,1.4234695568312283,-4.7498569678174114,0.054778004800040164,4.7498569678174114,4.7501728225964035
872,1.4218371376146788,-4.7387700764894234,0.054461262024500079,4.7387700764894234,4.7390830196244584
873,1.4202084581901488,-4.7278189847209227,0.054133244608605413,4.7278189847209227,4.7281288857707162
874,1.4185835057208236,-4.7170065330961393,0.053795416640030957,4.7170065330961393,4.7173132798366417
875,1.4169622674285713,-4.7063351151736956,0.053449088660712546,4.7063351151736956,4.7066386117265955
876,1.4153447305936071,-4.6958067255476124,0.053095435094762139,4.6958067255476124,4.6961068907049057
877,1.4137308825541619,-4.6854230024913015,0.052735509443422091,4.6854230024913015,4.6857197682139358
878,1.4121207107061502,-4.6751852658664568,0.052370257569398254,4.6751852658664568,4.6754785759377295
879,1.4105142025028441,-4.6650945508791537,0.052000529341320378,4.6650945508791537,4.6653843596957953
880,1.4089113454545454,-4.6551516381892828,0.051627088865998455,4.6551516381892828,4.6554379096752161
881,1.4073121271282631,-4.6453570808069617,0.051250623501181647,4.6453570808069617,4.6456397874364557
882,1.4057165351473921,-4.6357112281546904,0.050871751812002181,4.6357112281546904,4.6359903500732056
883,1.404124557191393,-4.6262142476225776,0.050491030610108595,4.6262142476225776,4.6264897718549216
884,1.4025361809954751,-4.6168661439023317,0.050108961193997076,4.6168661439023317,4.6171380636389383
885,1.4009513943502825,-4.6076667763509533,0.049725994892104552,4.6076667763509533,4.6079350903041592
886,1.3993701851015801,-4.5986158745997425,0.049342537995757024,4.5986158745997425,4.5988805864228111
887,1.3977925411499434,-4.5897130526028818,0.048958956157032524,4.5897130526028818,4.5899741703653687
888,1.3962184504504505,-4.5809578212930777,0.048575578316265328,4.5809578212930777,4.5812153570068039
889,1.3946479010123733,-4.5723495999916199,0.048192700215287432,4.5723495999916199,4.5726035691821743
890,1.3930808808988764,-4.5638877267050244,0.047810587544984268,4.5638877267050244,4.5641381480242416
891,1.3915173782267114,-4.5555714674234018,0.047429478769472413,4.5555714674234018,4.5558183622987594
892,1.3899573811659192,-4.5474000245230108,0.04704958766376921,4.5474000245230108,4.5476434168403319
893,1.3884008779395296,-4.5393725443641433,0.046671105597129142,4.5393725443641433,4.5396124601803463
894,1.3868478568232661,-4.5314881241646248,0.046294203590246844,4.5314881241646248,4.5317245914476185
895,1.3852983061452513,-4.5237458182218777,0.045919034171051615,4.5237458182218777,4.5239788666149989
896,1.3837522142857142,-4.516144643546669,0.045545733050821199,4.516144643546669,4.516374304155315
897,1.3822095696767001,-4.5086835849660218,0.045174420639758406,4.5086835849660218,4.508909890164384
898,1.3806703608017816,-4.5013615997473693,0.044805203418925785,4.5013615997473693,4.5015845830033676
899,1.379134576195773,-4.4941776217882055,0.044438175183422399,4.4941776217882055,4.494397317504931
900,1.3776022044444443,-4.4871305654138727,0.044073418170070058,4.4871305654138727,4.4873470087859948
901,1.3760732341842397,-4.4802193288195458,0.043711004081294191,4.4802193288195458,4.4804325557033051
902,1.3745476541019954,-4.4734427971897457,0.043350995015599872,4.4734427971897457,4.4736528439852883
903,1.3730254529346622,-4.4667998455253333,0.042993444313928791,4.4667998455253333,4.4670067490702445
904,1.3715066194690264,-4.4602893412043905,0.042638397330135067,4.4602893412043905,4.4604931386774238
905,1.3699911425414364,-4.4539101463022419,0.042285892132923247,4.4539101463022419,4.4541108751363092
906,1.3684790110375276,-4.4476611196916966,0.041935960145877443,4.4476611196916966,4.4478588174952849
907,1.3669702138919513,-4.4415411189430429,0.041588626731390035,4.4415411189430429,4.4417358234293065
908,1.3654647400881057,-4.4355490020429205,0.041243911723845228,4.4355490020429205,4.4357407509657536
909,1.3639625786578657,-4.4296836289468686,0.040901829916726459,4.4296836289468686,4.4298724600433408
910,1.3624637186813187,-4.4239438629813925,0.040562391507931353,4.4239438629813925,4.4241298139199721
911,1.3609681492864982,-4.418328572107896,0.04022560250710111,4.418328572107896,4.4185116804419637
912,1.3594758596491228,-4.4128366300613564,0.039891465108407659,4.4128366300613564,4.4130169331875182
913,1.3579868389923329,-4.4074669173746326,0.039559978031907722,4.4074669173746326,4.407644452495429
914,1.3565010765864332,-4.4022183222977684,0.039231136836237385,4.4022183222977684,4.4023931263883789
915,1.3550185617486339,-4.3970897416221959,0.038904934205222952,4.3970897416221959,4.3972618514007857
916,1.3535392838427946,-4.3920800814176388,0.038581360210650326,4.3920800814176388,4.3922495333190348
917,1.352063232279171,-4.3871882576891892,0.038260402553261588,4.3871882576891892,4.3873550878415859
918,1.350590396514161,-4.3824131969624247,0.037942046783902353,4.3824131969624247,4.3825774411668501
919,1.3491207660500544,-4.377753836800883,0.037626276506464759,4.377753836800883,4.3779155305131905
920,1.3476543304347826,-4.3732091262642445,0.03731307356419955,4.3732091262642445,4.3733683045793983
921,1.346191079261672,-4.368778026309835,0.03700241821080591,4.368778026309835,4.3689347239482883
922,1.3447310021691974,-4.3644595101442629,0.036694289267540287,4.3644595101442629,4.3646137614402436
923,1.3432740888407366,-4.3602525635283218,0.036388664267544529,4.3602525635283218,4.3604044024198583
924,1.3418203290043289,-4.3561561850401631,0.036085519588433923,4.3561561850401631,4.3563056450606901
925,1.3403697124324323,-4.3521693862993089,0.035784830574102242,4.3521693862993089,4.3523165005707156
926,1.3389222289416847,-4.3482911921557008,0.035486571646635712,4.3482911921557008,4.3484359933826875
927,1.3374778683926645,-4.3445206408469073,0.035190716409133252,4.3445206408469073,4.3446631613125319
928,1.336036620689655,-4.3408567841253625,0.034897237740167494,4.3408567841253625,4.3409970556876765
929,1.334598475780409,-4.3372986873595831,0.034606107880560275,4.3372986873595831,4.337436741449241
930,1.3331634236559138,-4.3338454296105784,0.034317298513080227,4.3338454296105784,4.3339812972293421
931,1.331731454350161,-4.3304961036862828,0.034030780835633878,4.3304961036862828,4.3306298154063416
932,1.3303025579399141,-4.3272498161758648,0.033746525628446683,4.3272498161758648,4.3273814021398724
933,1.3288767245444801,-4.3241056874657211,0.033464503315744618,4.3241056874657211,4.3242351773875072
934,1.3274539443254818,-4.3210628517385885,0.033184684022313865,4.3210628517385885,4.3211902749044606
935,1.3260342074866309,-4.3181204569582068,0.032907037625387978,4.3181204569582068,4.3182458422287899
936,1.3246175042735042,-4.3152776648392965,0.032631533802195689,4.3152776648392965,4.3154010406518619
937,1.3232038249733189,-4.3125336508064347,0.032358142073517365,4.3125336508064347,4.3126550451776602
938,1.3217931599147121,-4.309887603940826,0.032086831843554472,4.309887603940826,4.3100070444699448
939,1.3203854994675186,-4.3073387269175374,0.031817572436400141,4.3073387269175374,4.3074562407898398
940,1.3189808340425531,-4.3048862359335622,0.031550333129367031,4.3048862359335622,4.3050018499242029
941,1.3175791540913921,-4.3025293606276236,0.031285083183411125,4.3025293606276236,4.3026431011057076
942,1.3161804501061569,-4.3002673439933865,0.031021791870881388,4.3002673439933865,4.3003792369262985
943,1.3147847126193,-4.2980994422853023,0.030760428500794204,4.2980994422853023,4.2982095132432505
944,1.3133919322033898,-4.2960249249196334,0.030500962441815868,4.2960249249196334,4.2961331990803791
945,1.3120020994708994,-4.294043074370018,0.030243363143137567,4.294043074370018,4.2941495765237754
946,1.3106152050739956,-4.2921531860583144,0.02998760015339455,4.2921531860583144,4.2922579406127843
947,1.3092312397043293,-4.2903545682423214,0.029733643137777294,4.2903545682423214,4.2904575992278495
948,1.3078501940928269,-4.2886465418995634,0.029481461893478403,4.2886465418995634,4.288747872974402
949,1.3064720590094836,-4.2870284406085126,0.029231026363593884,4.2870284406085126,4.2871280950641681
950,1.3050968252631578,-4.2854996104270491,0.028982306649598902,4.2854996104270491,4.2855976111936975
951,1.3037244837013668,-4.2840594097693128,0.028735273022506697,4.2840594097693128,4.2841557794212708
952,1.3023550252100839,-4.2827072092805043,0.028489895932805445,4.2827072092805043,4.2828019700417466
953,1.3009884407135361,-4.2814423917107298,0.028246146019271723,4.2814423917107298,4.2815355654604383
954,1.2996247211740042,-4.2802643517873911,0.028003994116740635,4.2802643517873911,4.2803559600655205
955,1.298263857591623,-4.2791724960872379,0.027763411262912194,4.2791724960872379,4.2792625601000971
956,1.296905841004184,-4.2781662429077443,0.02752436870427391,4.2781662429077443,4.2782547835335762
957,1.2955506624869382,-4.2772450221381302,0.02728683790119886,4.2772450221381302,4.2773320599326938
958,1.2941983131524006,-4.2764082751306347,0.027050790532277963,4.2764082751306347,4.2764938303327638
959,1.2928487841501564,-4.2756554545717922,0.026816198497965876,4.2756554545717922,4.2757395471089454
960,1.2915020666666666,-4.2749860243540105,0.02658303392356387,4.2749860243540105,4.2750686738477892
961,1.290158151925078,-4.2743994594479489,0.02635126916161977,4.2743994594479489,4.2744806852195909
962,1.2888170311850311,-4.2738952457748294,0.026120876793765249,4.2738952457748294,4.2739750668506673
963,1.2874786957424713,-4.273472880080778,0.025891829632053706,4.273472880080778,4.2735513151976532
964,1.2861431369294605,-4.2731318698107295,0.025664100719820705,4.2731318698107295,4.273208937421372
965,1.2848103461139895,-4.2728717329845445,0.02543766333212643,4.2728717329845445,4.2729474512629038
966,1.2834803146997928,-4.2726919980731832,0.025212490975780918,4.2726919980731832,4.2727663849197057
967,1.2821530341261633,-4.2725922038771724,0.024988557389026417,4.2725922038771724,4.2726652769240392
968,1.2808284958677685,-4.272571899405385,0.024765836540857893,4.272571899405385,4.2726436760216862
969,1.2795066914344684,-4.272630643755992,0.024544302630062929,4.272630643755992,4.2727011410528517
970,1.278187612371134,-4.2727680059984454,0.024323930083949209,4.2727680059984454,4.2728372408340878
971,1.2768712502574664,-4.2729835650568422,0.024104693556831126,4.2729835650568422,4.2730515540416016
972,1.2755575967078188,-4.2732769095953707,0.023886567928269486,4.2732769095953707,4.2733436690966426
973,1.2742466433710173,-4.27364763790486,0.023669528301092382,4.27364763790486,4.2737131840519886
974,1.2729383819301847,-4.2740953577911931,0.023453549999219551,4.2740953577911931,4.2741597064803036
975,1.271632804102564,-4.2746196864652681,0.023238608565298163,4.2746196864652681,4.274682853364034
976,1.2703299016393441,-4.2752202504349643,0.023024679758177902,4.2752202504349643,4.2752822509873143
977,1.2690296663254861,-4.2758966853982692,0.022811739550229852,4.2758966853982692,4.2759575348290371
978,1.2677320899795501,-4.2766486361388782,0.022599764124527723,4.2766486361388782,4.2767083494583789
979,1.2664371644535239,-4.2774757564229873,0.022388729871905599,4.2774757564229873,4.2775343484315451
980,1.2651448816326529,-4.2783777088981871,0.022178613387900739,4.2783777088981871,4.2784351941905951
981,1.26385523343527,-4.279354164994011,0.021969391469592967,4.279354164994011,4.279410557963927
982,1.2625682118126271,-4.2804048048243075,0.021761041112350506,4.2804048048243075,4.2804601196685983
983,1.2612838087487284,-4.2815293170916764,0.0215535395064963,4.2815293170916764,4.2815835678146907
984,1.2600020162601626,-4.2827273989931314,0.021346864033896781,4.2827273989931314,4.2827805994109189
985,1.2587228263959389,-4.2839987561282769,0.021140992264482329,4.2839987561282769,4.2840509198727492
986,1.2574462312373225,-4.2853431024088575,0.02093590195271211,4.2853431024088575,4.2853942429318854
987,1.2561722228976697,-4.2867601599703917,0.020731571033983404,4.2867601599703917,4.2868102905478471
988,1.2549007935222671,-4.2882496590852099,0.020527977620996882,4.2882496590852099,4.2882987928209513
989,1.2536319352881697,-4.2898113380780032,0.020325100000078276,4.2898113380780032,4.2898594879078038
990,1.2523656404040404,-4.2914449432422881,0.020122916627467853,4.2914449432422881,4.2914921219377069
991,1.2511019011099898,-4.2931502287595507,0.019921406125578925,4.2931502287595507,4.2931964489317522
992,1.2498407096774193,-4.2949269566195589,0.0197205472792263,4.2949269566195589,4.294972230723074
993,1.248582058408862,-4.2967748965427184,0.019520319031838658,4.2967748965427184,4.2968192368791591
994,1.2473259396378269,-4.2986938259041807,0.019320700481651028,4.2986938259041807,4.2987372446258938
995,1.2460723457286431,-4.3006835296596702,0.019121670877879304,4.3006835296596702,4.3007260387733508
996,1.2448212690763052,-4.3027438002730669,0.018923209616888037,4.3027438002730669,4.3027854116433142
997,1.2435727021063188,-4.3048744376456529,0.018725296238345117,4.3048744376456529,4.3049151629984754
998,1.242326637274549,-4.3070752490474185,0.018527910421374513,4.3070752490474185,4.3071150999737
999,1.2410830670670669,-4.3093460490495659,0.018331031980701087,4.3093460490495659,4.3093850370084805
1000,1.2398419839999999,-4.3116866594591325,0.018134640862796612,4.3116866594591325,4.3117247957815064
1001,1.2386033806193806,-4.3140969092549941,0.017938717142024094,4.3140969092549941,4.3141342051466358
1002,1.237367249500998,-4.316576634525914,0.017743241016787599,4.316576634525914,4.3166131010708906
1003,1.2361335832502491,-4.3191256784097511,0.017548192805678521,4.3191256784097511,4.3191613265736262
1004,1.234902374501992,-4.3217438910348331,0.017353552943633645,4.3217438910348331,4.3217787316678615
1005,1.2336736159203978,-4.3244311294625444,0.017159301978095017,4.3244311294625444,4.3244651733028299
1006,1.232447300198807,-4.3271872576319268,0.016965420565179662,4.3271872576319268,4.3272205153085359
1007,1.2312234200595829,-4.3300121463051848,0.016771889465851481,4.3300121463051848,4.3300446283412244
1008,1.2300019682539682,-4.3329056730156754,0.016578689542110642,4.3329056730156754,4.3329373898313328
1009,1.2287829375619423,-4.3358677220169852,0.01638580175318196,4.3358677220169852,4.3358986839325313
1010,1.2275663207920791,-4.3388981842335674,0.016193207151722108,4.3388981842335674,4.3389284014723275
1011,1.2263521107814044,-4.3419969572127926,0.0160008868800302,4.3419969572127926,4.34202643990408
1012,1.2251403003952568,-4.34516394507882,0.015808822166272572,4.34516394507882,4.3451927032608371
1013,1.2239308825271471,-4.3483990584882548,0.0156169943207169,4.3483990584882548,4.3484271021109633
1014,1.2227238500986193,-4.3517022145861883,0.015425384731976105,4.3517022145861883,4.3517295535141507
1015,1.2215191960591132,-4.3550733369652264,0.015233974863267129,4.3550733369652264,4.3550999809804098
1016,1.2203169133858267,-4.3585123556248782,0.015042746248674847,4.3585123556248782,4.3585383144294401
1017,1.219116995083579,-4.3620192069324837,0.014851680489428871,4.3620192069324837,4.362044490151523
1018,1.2179194341846757,-4.3655938335866029,0.014660759250193327,4.3655938335866029,4.3656184507708833
1019,1.2167242237487732,-4.3692361845804548,0.014469964255363642,4.3692361845804548,4.3692601452091084
1020,1.215531356862745,-4.3729462151680387,0.014279277285375577,4.3729462151680387,4.3729695286512422
1021,1.2143408266405484,-4.3767238868304617,0.014088680173021367,4.3767238868304617,4.3767465625120856
1022,1.2131526262230918,-4.3805691672446212,0.0138981547997769,4.3805691672446212,4.3805912144048627
1023,1.2119667487781036,-4.3844820302531566,0.013707683092139718,4.3844820302531566,4.3845034581111459
1024,1.2107831874999999,-4.3884624558352563,0.013517247017968692,4.3884624558352563,4.3884832735516444
1025,1.209601935609756,-4.3925104300792217,0.013326828582839831,4.3925104300792217,4.3925306467587477
1026,1.2084229863547757,-4.3966259451563516,0.013136409826404967,4.3966259451563516,4.3966455698503957
1027,1.2072463330087633,-4.4008089992963626,0.01294597281875403,4.4008089992963626,4.4008280410054743
1028,1.2060719688715953,-4.405059596763488,0.012755499656791052,4.405059596763488,4.4050780644399028
1029,1.2048998872691934,-4.4093777478349185,0.012564972460606196,4.4093777478349185,4.4093956503850587
1030,1.203730081553398,-4.4137634687794129,0.012374373369862676,4.4137634687794129,4.4137808150663727
1031,1.2025625451018427,-4.4182167818385594,0.012183684540178475,4.4182167818385594,4.4182335806845758
1032,1.2013972713178294,-4.4227377152079175,0.011992888139515462,4.4227377152079175,4.4227539753968319
1033,1.2002342536302033,-4.4273263030203438,0.01180196634457038,4.4273263030203438,4.4273420333000457
1034,1.1990734854932301,-4.4319825853307808,0.011610901337167419,4.4319825853307808,4.4319977944156488
1035,1.1979149603864734,-4.4367066081015043,0.011419675300649784,4.4367066081015043,4.4367213046748297
1036,1.1967586718146717,-4.4414984231893317,0.011228270416273948,4.4414984231893317,4.441512615905741
1037,1.1956046133076181,-4.446358088333886,0.011036668859598798,4.446358088333886,4.4463717858217491
1038,1.1944527784200385,-4.4512856671471308,0.010844852796877635,4.4512856671471308,4.4512988780109639
1039,1.1933031607314726,-4.4562812291038565,0.010652804381440922,4.4562812291038565,4.4562939619267228
1040,1.1921557538461538,-4.4613448495343118,0.010460505750082949,4.4613448495343118,4.4613571128802141
1041,1.1910105513928915,-4.466476609616965,0.010267939019434919,4.466476609616965,4.4664884120332342
1042,1.189867547024952,-4.4716765963732819,0.010075086282340166,4.4716765963732819,4.4716879463929651
1043,1.1887267344199424,-4.4769449026634991,0.0098819296042140931,4.4769449026634991,4.4769558088077428
1044,1.1875881072796934,-4.4822816271835713,0.0096884510194057659,4.4822816271835713,4.4822920979640051
1045,1.1864516593301435,-4.4876868744634901,0.009494632527542006,4.4876868744634901,4.4876969183846098
1046,1.1853173843212237,-4.4931607548667838,0.0093004560898660299,4.4931607548667838,4.4931703804283369
1047,1.1841852760267431,-4.4987033845911508,0.0091059036255632525,4.4987033845911508,4.4987126002905224
1048,1.1830553282442746,-4.5043148856705244,0.0089109570080727792,4.5043148856705244,4.5043237000051262
1049,1.1819275347950429,-4.5099953859782325,0.0087155980613928645,4.5099953859782325,4.5100038074478954
1050,1.1808018895238095,-4.5157450192312663,0.0085198085563624182,4.5157450192312663,4.5157530563406398
1051,1.179678386298763,-4.5215639249961814,0.008323570206931797,4.5215639249961814,4.5215715862571342
1052,1.1785570190114067,-4.5274522486956226,0.0081268646664170614,4.5274522486956226,4.5274595426296589
1053,1.1774377815764481,-4.5334101416166774,0.007929673523734089,4.5334101416166774,4.5334170767573481
1054,1.1763206679316887,-4.5394377609201157,0.0077319782996140181,4.5394377609201157,4.5394443458154496
1055,1.1752056720379147,-4.5455352696508058,0.007533760442799145,4.5455352696508058,4.5455415128657481
1056,1.1740927878787879,-4.5517028367496053,0.0073350013262138102,4.5517028367496053,4.5517087468684618
1057,1.1729820094607379,-4.5579406370664817,0.0071356822431186753,4.5579406370664817,4.5579462226953797
1058,1.1718733308128544,-4.564248851374332,0.0069357844032314972,4.564248851374332,4.5642541211436942
1059,1.1707667459867799,-4.5706276663848566,0.006735288928830848,4.5706276663848566,4.5706326289518868
1060,1.1696622490566038,-4.5770772747652178,0.0065341768508273036,4.5770772747652178,4.5770819388164021
1061,1.1685598341187557,-4.5835978751555775,0.0063324291048090543,4.5835978751555775,4.5836022494092017
1062,1.167459495291902,-4.5901896721889415,0.0061300265270550457,4.5901896721889415,4.5901937653976264
1063,1.1663612267168391,-4.5968528765111358,0.0059269498505206374,4.5968528765111358,4.5968566974643918
1064,1.165265022556391,-4.6035877048024556,0.0057231797007867985,4.6035877048024556,4.6035912623292505
1065,1.164170876995305,-4.6103943798011713,0.0055186965919791237,4.6103943798011713,4.610397682772529
1066,1.16307878424015,-4.6172731303271313,0.0053134809226476516,4.6172731303271313,4.6172761876587396
1067,1.1619887385192127,-4.6242241913076363,0.0051075129716136296,4.6242241913076363,4.6242270119624873
1068,1.1609007340823969,-4.6312478038040545,0.004900772893773794,4.6312478038040545,4.6312503967951075
1069,1.1598147652011224,-4.6383442150401226,0.0046932407158673077,4.6383442150401226,4.6383465894329836
1070,1.1587308261682243,-4.6455136784309854,0.0044848963322009338,4.6455136784309854,4.6455158433466233
1071,1.1576489112978523,-4.6527564536141846,0.0042757195003303317,4.6527564536141846,4.6527584182316719
1072,1.1565690149253731,-4.6600728064813772,0.0040656898366975853,4.6600728064813772,4.6600745800406527
1073,1.1554911314072693,-4.6674630092119251,0.0038547868122196238,4.6674630092119251,4.6674646010165954
1074,1.1544152551210427,-4.6749273403070806,0.0036429897478340977,4.6749273403070806,4.6749287597272469
1075,1.1533413804651163,-4.6824660846266202,0.0034302778099882733,4.6824660846266202,4.6824673411017406
1076,1.1522695018587359,-4.6900795334255747,0.0032166300060838485,4.6900795334255747,4.6900806364673571
1077,1.1511996137418754,-4.6977679843931739,0.0030020251798623769,4.6977679843931739,4.6977689435885077
1078,1.150131710575139,-4.7055317416930471,0.0027864420067395916,4.7055317416930471,4.7055325667069674
1079,1.1490657868396663,-4.7133711160043195,0.0025698589890818663,4.7133711160043195,4.7133718165830105
1080,1.1480018370370371,-4.7212864245649246,0.0023522544514213272,4.7212864245649246,4.7212870105387639
1081,1.1469398556891766,-4.7292779912154703,0.0021336065356164198,4.7292779912154703,4.7292784725021093
1082,1.1458798373382624,-4.737346146445077,0.0019138931959433707,4.737346146445077,4.7373465330525679
1083,1.1448217765466298,-4.7454912274387091,0.0016930921941274097,4.7454912274387091,4.7454915294686728
1084,1.143765667896679,-4.7537135781254154,0.0014711810943045141,4.7537135781254154,4.7537138057762531
1085,1.1427115059907833,-4.7620135492286,0.0012481372579184174,4.7620135492286,4.7620137127987539
1086,1.1416592854511969,-4.7703914983177711,0.0010239378385436702,4.7703914983177711,4.7703916082090325
1087,1.1406090009199632,-4.778847789861139,0.00079855977663568882,4.778847789861139,4.7788478565820034
1088,1.1395606470588235,-4.7873827952804735,0.00057197979420933569,4.7873827952804735,4.7873828294495482
1089,1.1385142185491275,-4.7959968930074908,0.00034417438943610233,4.7959968930074908,4.7959969053569571
1090,1.137469710091743,-4.8046904685409189,0.00011511983116535476,4.8046904685409189,4.8046904699200477
1091,1.1364271164069659,-4.8134639145061762,-0.00011520784663884885,4.8134639145061762,4.8134639158848964
1092,1.1353864322344323,-4.8223176307162898,-0.00034683285054382335,4.8223176307162898,4.8223176431888222
1093,1.1343476523330283,-4.8312520242341908,-0.00057977963338126637,4.8312520242341908,4.8312520590227326
1094,1.1333107714808044,-4.8402675094367584,-0.00081407290006833995,4.8402675094367584,4.8402675778952355
1095,1.1322757844748859,-4.8493645080808676,-0.0010497376135218618,4.8493645080808676,4.8493646216987489
1096,1.1312426861313867,-4.8585434493707513,-0.0012867990006663272,4.8585434493707513,4.8585436197769294
1097,1.1302114712853235,-4.8678047700270088,-0.0015252825585370972,4.8678047700270088,4.8678050089937441
1098,1.1291821347905282,-4.8771489143578233,-0.0017652140604863024,4.8771489143578233,4.8771492338047615
1099,1.1281546715195632,-4.8865763343312896,-0.0020066195624875837,4.8865763343312896,4.88657674632955
1100,1.1271290763636364,-4.8960874896502311,-0.0022495254095483159,4.8960874896502311,4.8960880064265657
1101,1.1261053442325157,-4.9056828478281513,-0.0024939582422284336,4.9056828478281513,4.9056834817691852
1102,1.1250834700544463,-4.9153628842673989,-0.0027399450032726375,4.9153628842673989,4.9153636479239404
1103,1.1240634487760652,-4.9251280823393877,-0.002987512944352207,4.9251280823393877,4.925128988430826
1104,1.1230452753623188,-4.9349789334661018,-0.0032366896329294841,4.9349789334661018,4.9349799948848831
1105,1.12202894479638,-4.9449159372040246,-0.003487502959237828,4.9449159372040246,4.9449171670202166
1106,1.121014452079566,-4.9549396013299294,-0.0037399811433882907,4.9549396013299294,4.9549410127958691
1107,1.1200017922312555,-4.9650504419284918,-0.0039941527426021308,4.9650504419284918,4.9650520484835248
1108,1.1189909602888086,-4.9752489834821318,-0.0042500466585734609,4.9752489834821318,4.9752507987574432
1109,1.1179819513074842,-4.9855357589627616,-0.0045076921449662419,4.9855357589627616,4.9855377967863079
1110,1.1169747603603604,-4.9959113099255639,-0.0047671188150488078,4.9959113099255639,4.9959135843270905
1111,1.1159693825382537,-5.00637618660509,-0.0050283566494691654,5.00637618660509,5.0063787118212622
1112,1.1149658129496403,-5.0169309480134974,-0.0052914360041754812,5.0169309480134974,5.0169337384931243
1113,1.1139640467205749,-5.0275761620406474,-0.0055563876184858748,5.0275761620406474,5.0275792324500195
1114,1.112964078994614,-5.0383124055568835,-0.0058232426233099169,5.0383124055568835,5.0383157707852178
1115,1.1119659049327353,-5.0491402645178383,-0.0060920325495281216,5.0491402645178383,5.0491439396828302
1116,1.1109695197132616,-5.0600603340716486,-0.0063627893365327971,5.0600603340716486,5.0600643345251477
1117,1.1099749185317815,-5.0710732186681824,-0.006635545340931753,5.0710732186681824,5.0710775600019824
1118,1.1089820966010733,-5.0821795321713417,-0.0069103333454265947,5.0821795321713417,5.0821842302230902
1119,1.1079910491510276,-5.0933798979732767,-0.0071871865678597661,5.0933798979732767,5.0933849688325177
1120,1.1070017714285714,-5.1046749491109686,-0.0074661386704450994,5.1046749491109686,5.104680409125308
1121,1.1060142586975914,-5.116065328386064,-0.0077472237691796775,5.116065328386064,5.1160711941674668
1122,1.1050285062388592,-5.1275516884863812,-0.0080304764434450792,5.1275516884863812,5.1275579769176129
1123,1.1040445093499553,-5.1391346921108401,-0.0083159317458031973,5.1391346921108401,5.1391414203520398
1124,1.1030622633451956,-5.1508150120963343,-0.0086036252119890601,5.1508150120963343,5.1508221975917348
1125,1.1020817635555555,-5.1625933315482193,-0.0088935928711089234,5.1625933315482193,5.1626009920330178
1126,1.1011030053285966,-5.1744703439724304,-0.0091858712560494368,5.1744703439724304,5.174478497479809
1127,1.1001259840283939,-5.186446753411758,-0.0094804974140987111,5.186446753411758,5.1864554182800591
1128,1.0991506950354608,-5.1985232745839465,-0.0097775089177917253,5.1985232745839465,5.1985324694640154
1129,1.0981771337466784,-5.2107006330231034,-0.010076943875981102,5.2107006330231034,5.210710376885789
1130,1.0972052955752212,-5.2229795652244313,-0.010378840945140782,5.2229795652244313,5.2229898773682644
1131,1.0962351759504863,-5.2353608187914986,-0.010683239340910151,5.2353608187914986,5.2353717188505353
1132,1.0952667703180212,-5.2478451525871073,-0.010990178849882109,5.2478451525871073,5.2478566605389627
1133,1.0943000741394526,-5.260433336886905,-0.011299699841645822,5.260433336886905,5.2604454730609653
1134,1.0933350828924162,-5.2731261535368397,-0.011611843281087008,5.2731261535368397,5.2731389386226688
1135,1.0923717920704845,-5.2859243961132503,-0.011926650740954722,5.2859243961132503,5.2859378511691872
1136,1.0914101971830985,-5.2988288700869255,-0.012244164414702094,5.2988288700869255,5.2988430165488865
1137,1.0904502937554967,-5.3118403929904225,-0.012564427129607595,5.3118403929904225,5.3118552526809069
1138,1.0894920773286467,-5.3249597945888034,-0.012887482360184364,5.3249597945888034,5.3249753897261174
1139,1.0885355434591746,-5.3381879170543041,-0.013213374241886754,5.3381879170543041,5.3382042702619978
1140,1.0875806877192982,-5.3515256151443378,-0.013542147585120578,5.3515256151443378,5.3515427494608696
1141,1.0866275056967571,-5.3649737563834385,-0.013873847889566349,5.3649737563834385,5.36499169527207
1142,1.0856759929947459,-5.3785332212493699,-0.014208521358823889,5.3785332212493699,5.3785519886083035
1143,1.084726145231846,-5.3922049033624262,-0.014546214915386622,5.3922049033624262,5.3922245235351758
1144,1.083777958041958,-5.4059897096794902,-0.014886976215956395,5.4059897096794902,5.4060102074655196
1145,1.0828314270742356,-5.4198885606921312,-0.015230853667105051,5.4198885606921312,5.4199099613577397
1146,1.0818865479930191,-5.4339023906281358,-0.015577896441295449,5.4339023906281358,5.4339247199176119
1147,1.080943316477768,-5.4480321476582727,-0.015928154493270553,5.4480321476582727,5.4480554318053311
1148,1.0800017282229963,-5.462278794107295,-0.016281678576820405,5.462278794107295,5.462303059846783
1149,1.0790617789382071,-5.476643306668727,-0.016638520261938836,5.476643306668727,5.4766685812486298
1150,1.0781234643478259,-5.491126676625008,-0.016998731952379061,5.491126676625008,5.4911529878187508
1151,1.0771867801911381,-5.5057299100722936,-0.017362366903620946,5.5057299100722936,5.5057572861913524
1152,1.0762517222222221,-5.520454028149457,-0.01772947924126074,5.520454028149457,5.5204824980562828
1153,1.0753182862098871,-5.535300067272674,-0.018100123979835028,5.535300067272674,5.5353296603939466
1154,1.0743864679376083,-5.5502690793746066,-0.018474357042091334,5.5502690793746066,5.5502998257148199
1155,1.0734562632034632,-5.5653621321492306,-0.018852235278718876,5.5653621321492306,5.5653940623046303
1156,1.072527667820069,-5.5805803093010216,-0.019233816488551485,5.5805803093010216,5.5806134544738901
1157,1.0716006776145202,-5.5959247108005901,-0.019619159439254706,5.5959247108005901,5.5959591028139029
1158,1.0706752884283246,-5.6113964531452485,-0.020008323888516068,5.6113964531452485,5.6114321244577043
1159,1.0697514961173424,-5.6269966696252123,-0.02040137060574708,5.6269966696252123,5.6270336533466567
1160,1.0688292965517241,-5.6427265105958533,-0.020798361394313708,5.6427265105958533,5.642764840503097
1161,1.0679086856158484,-5.6585871437555877,-0.021199359114313712,5.6585871437555877,5.6586268543086398
1162,1.0669896592082615,-5.6745797544300522,-0.021604427705910971,5.6745797544300522,5.6746208807887717
1163,1.0660722132416165,-5.690705545862432,-0.022013632213247702,5.690705545862432,5.6907481239036279
1164,1.0651563436426117,-5.7069657395100162,-0.022427038808949591,5.7069657395100162,5.7070098058449883
1165,1.0642420463519313,-5.7233615753473881,-0.022844714819240462,5.7233615753473881,5.723407167339932
1166,1.0633293173241851,-5.7398943121763963,-0.0232667287496858,5.7398943121763963,5.7399414679612955
1167,1.0624181525278491,-5.7565652279426178,-0.02369315031158245,5.7565652279426178,5.756613986444612
1168,1.0615085479452053,-5.7733756200592801,-0.024124050449014701,5.7733756200592801,5.773426021012563
1169,1.060600499572284,-5.790326805737811,-0.024559501366595356,5.790326805737811,5.7903788897060275
1170,1.0596940034188034,-5.8074201223264517,-0.024999576557912837,5.8074201223264517,5.8074739307232583
1171,1.0587890555081128,-5.8246569276556404,-0.02544435083470515,5.8246569276556404,5.8247125027658004
1172,1.0578856518771331,-5.8420386003917262,-0.025893900356782823,5.8420386003917262,5.8420959853927945
1173,1.0569837885763,-5.8595665403985091,-0.026348302662721992,5.8595665403985091,5.8596257793830953
1174,1.0560834616695058,-5.877242169106216,-0.026807636701353492,5.877242169106216,5.8773033071048708
1175,1.0551846672340426,-5.8950669298900316,-0.02727198286406881,5.8950669298900316,5.8951300128947475
1176,1.0542874013605441,-5.9130422884562215,-0.027741423017970557,5.9130422884562215,5.9131073634445919
1177,1.0533916601529312,-5.9311697332371178,-0.028216040539890512,5.9311697332371178,5.9312368481971625
1178,1.0524974397283531,-5.9494507757958086,-0.02869592035130504,5.9494507757958086,5.9495199797514893
1179,1.051604736217133,-5.9678869512390751,-0.029181148954171433,5.9678869512390751,5.9679582942765199
1180,1.0507135457627117,-5.9864798186403672,-0.029671814467717307,5.9864798186403672,5.9865533519348357
1181,1.0498238645215918,-6.0052309614724511,-0.030168006666210355,6.0052309614724511,6.0053067373160509
1182,1.0489356886632826,-6.0241419880500739,-0.030669817017739291,6.0241419880500739,6.0242200598802667
1183,1.048049014370245,-6.0432145319824091,-0.031177338724037648,6.0432145319824091,6.0432949544113175
1184,1.0471638378378378,-6.0624502526365482,-0.031690666761382977,6.0624502526365482,6.0625330814811003
1185,1.0462801552742615,-6.0818508356115668,-0.032209897922605965,6.0818508356115668,6.0819361279245028
1186,1.0453979629005059,-6.1014179932236559,-0.032735130860242531,6.1014179932236559,6.1015058073254194
1187,1.0445172569502947,-6.1211534650022656,-0.033266466130867658,6.1211534650022656,6.1212438605138155
1188,1.0436380336700335,-6.1410590181989253,-0.033804006240645654,6.1410590181989253,6.1411520560754935
1189,1.0427602893187551,-6.161136448306662,-0.034347855692138773,6.161136448306662,6.1612321908724947
1190,1.0418840201680672,-6.1813875795930571,-0.034898121032411522,6.1813875795930571,6.1814860905771605
1191,1.041009222502099,-6.2018142656449875,-0.035454910902474726,6.2018142656449875,6.2019156102179247
1192,1.0401358926174495,-6.222418389926947,-0.036018336088110406,6.222418389926947,6.2225226347387128
1193,1.0392640268231348,-6.24320186635242,-0.036588509572124228,6.24320186635242,6.2433090795714286
1194,1.038393621440536,-6.2641666398689608,-0.03716554658807103,6.2641666398689608,6.2642768912221918
1195,1.0375246728033471,-6.2853146870578716,-0.03774956467550164,6.2853146870578716,6.2854280478722044
1196,1.036657177257525,-6.3066480167476424,-0.038340683736780012,6.3066480167476424,6.3067645599924189
1197,1.0357911311612364,-6.3281686706427926,-0.038939026095525339,6.3281686706427926,6.3282884709736669
1198,1.0349265308848079,-6.3498787239679633,-0.039544716556728934,6.3498787239679633,6.3500018577720558
1199,1.0340633728106754,-6.3717802861278496,-0.040157882468604425,6.3717802861278496,6.3719068315702687
1200,1.0332016533333332,-6.3938755013829844,-0.040778653786228636,6.3938755013829844,6.3940055384547589
1201,1.032341368859284,-6.4161665495425595,-0.041407163137032202,6.4161665495425595,6.4163001601100245
1202,1.0314825158069882,-6.4386556466744675,-0.042043545888202805,6.4386556466744675,6.4387929145301657
1203,1.0306250906068162,-6.4613450458326387,-0.042687940216065867,6.4613450458326387,6.4614860567477725
1204,1.0297690897009966,-6.4842370378026501,-0.043340487177509171,6.4842370378026501,6.484381879581159
1205,1.0289145095435683,-6.507333951866471,-0.044001330783522738,6.507333951866471,6.507482714400771
1206,1.0280613466003317,-6.5306381565856952,-0.044670618074923535,6.5306381565856952,6.5307909319141588
1207,1.0272095973487987,-6.5541520606053929,-0.045348499200343589,6.5541520606053929,6.5543089429716108
1208,1.0263592582781456,-6.5778781134773716,-0.046035127496556957,6.5778781134773716,6.5780391993912781
1209,1.0255103258891645,-6.601818806505646,-0.046730659571227615,6.601818806505646,6.6019841948065574
1210,1.0246627966942148,-6.6259766736124348,-0.047435255388164524,6.6259766736124348,6.6261464655340845
1211,1.0238166672171758,-6.6503542922271421,-0.048149078355168448,6.6503542922271421,6.6505285914647745
1212,1.0229719339933994,-6.6749542841977885,-0.048872295414563435,6.6749542841977885,6.6751331969773835
1213,1.022128593569662,-6.6997793167263939,-0.049605077136509121,6.6997793167263939,6.6999629518761141
1214,1.0212866425041185,-6.7248321033289802,-0.050347597815189868,6.7248321033289802,6.725020572352908
1215,1.0204460773662551,-6.7501154048195211,-0.051100035567984647,6.7501154048195211,6.7503088219737659
1216,1.019606894736842,-6.7756320303215638,-0.051862572437726739,6.7756320303215638,6.7758305126928446
1217,1.0187690912078882,-6.801384838304454,-0.05263539449815903,6.801384838304454,6.8015885058912282
1218,1.0179326633825942,-6.8273767376489793,-0.053418691962707238,6.8273767376489793,6.8275857134452318
1219,1.0170976078753076,-6.853610688740039,-0.054212659296685742,6.853610688740039,6.8538250988218055
1220,1.0162639213114752,-6.8800897045888032,-0.055017495333065755,6.8800897045888032,6.8803096782035595
1221,1.0154316003276003,-6.9068168519857966,-0.055833403391933406,6.9068168519857966,6.9070425216447964
1222,1.0146006415711948,-6.9337952526839128,-0.056660591403775856,6.9337952526839128,6.9340267542576006
1223,1.0137710417007357,-6.9610280846142754,-0.057499272036737645,6.9610280846142754,6.9612655574308784
1224,1.0129427973856209,-6.9885185831351109,-0.05834966282799077,6.9885185831351109,6.9887621700825475
1225,1.0121159053061224,-7.0162700423145719,-0.059211986319380155,7.0162700423145719,7.0165198899457852
1226,1.0112903621533442,-7.0442858162489106,-0.060086470197497702,7.0442858162489106,7.0445420748907717
1227,1.0104661646291768,-7.0725693204172213,-0.060973347438355863,7.0725693204172213,7.072832144283133
1228,1.009643309446254,-7.1011240330737131,-0.061872856456836101,7.1011240330737131,7.1013935803800656
1229,1.0088217933279089,-7.1299534966784428,-0.062785241261092528,7.1299534966784428,7.1302299297650533
1230,1.00800161300813,-7.1590613193688739,-0.063710751612101629,7.1590613193688739,7.1593448048235944
1231,1.0071827652315191,-7.188451176472114,-0.064649643188556066,7.188451176472114,7.1887418852597369
1232,1.0063652467532467,-7.218126812060504,-0.065602177757311947,7.218126812060504,7.2184249196561732
1233,1.0055490543390104,-7.2480920405510041,-0.066568623349600897,7.2480920405510041,7.2483977270782738
1234,1.0047341847649918,-7.2783507483507268,-0.06754925444323831,7.2783507483507268,7.278664198724476
1235,1.0039206348178138,-7.3089068955493417,-0.068544352151059806,7.3089068955493417,7.3092282996237383
1236,1.0031084012944984,-7.3397645176604751,-0.069554204415835014,7.3397645176604751,7.3400940703821789
1237,1.0022974810024252,-7.370927727413731,-0.070579106211911963,7.370927727413731,7.3712656289805629
1238,1.0014878707592891,-7.4024007165988408,-0.071619359753867184,7.4024007165988408,7.4027471726241316
1239,1.0006795673930589,-7.4341877579637146,-0.072675274712439064,7.4341877579637146,7.4345429796465705
1240,0.99987256774193545,-7.4662932071689045,-0.073747168438038191,7.4662932071689045,7.4666574114706208
1241,0.99906686865431094,-7.498721504799283,-0.074835366192146258,7.498721504799283,7.4990949146261867
1242,0.99826246698872778,-7.5314771784359884,-0.075940201386921008,7.5314771784359884,7.5318600228289423
1243,0.99745935961383747,-7.5645648447905529,-0.077062015833348679,7.5645648447905529,7.5649573591214274
1244,0.9966575434083601,-7.5979892119024477,-0.078201159998294245,7.5979892119024477,7.5983916380778282
1245,0.99585701526104409,-7.6317550814042221,-0.07935799327081744,7.6317550814042221,7.6321676680766872
1246,0.99505777207062596,-7.6658673508544588,-0.080532884238146751,7.6658673508544588,7.6662903536417195
1247,0.99425981074578984,-7.7003310161425205,-0.081726210971711816,7.7003310161425205,7.7007646978547726
1248,0.99346312820512817,-7.7351511739671714,-0.082938361323659004,7.7351511739671714,7.7355958048430091
1249,0.99266772137710158,-7.7703330243919204,-0.084169733234299854,7.7703330243919204,7.7707888823431821
1250,0.99187358719999996,-7.8058818734791018,-0.085420735050953267,7.8058818734791018,7.8063492443450331
1251,0.99108072262190239,-7.84180313600746,-0.086691785858676873,7.84180313600746,7.8422823138185871
1252,0.99028912460063889,-7.87810233827377,-0.087983315823393166,7.87810233827377,7.8785936255259363
1253,0.98949879010375097,-7.91478512098357,-0.089295766547957983,7.91478512098357,7.9152888289225611
1254,0.98870971610845293,-7.951857242234361,-0.090629591441729745,7.951857242234361,7.9523736911515881
1255,0.9879218996015936,-7.9893245805927897,-0.091985256104236301,7.9893245805927897,7.9898541001325372
1256,0.9871353375796178,-8.0271931382716879,-0.093363238723560893,8.0271931382716879,8.027736067750423
1257,0.98635002704852814,-8.0654690444095429,-0.094764030490103179,8.0654690444095429,8.0660257331478515
1258,0.9855659650238473,-8.1041585584565894,-0.096188136026403248,8.1041585584565894,8.104729366124289
1259,0.9847831485305798,-8.1432680736711767,-0.097636073833750059,8.1432680736711767,8.1438533706462302
1260,0.9840015746031745,-8.1828041207320226,-0.099108376756336353,8.1828041207320226,8.1834042884738523
1261,0.98322124028548763,-8.2227733714691098,-0.10060559246375633,8.2227733714691098,8.2233888029070155
1262,0.98244214263074481,-8.2631826427191513,-0.10212828395269227,8.2631826427191513,8.2638137426564864
1263,0.9816642787015043,-8.3040389003100081,-0.10367703006866977,8.3040389003100081,8.3046860858448888
1264,0.98088764556962016,-8.3453492631792443,-0.10525242604881507,8.3453492631792443,8.3460129641425507
1265,0.98011224031620547,-8.3871210076326612,-0.10685508408659616,8.3871210076326612,8.3878016670441298
1266,0.97933806003159551,-8.4293615717474388,-0.10848563391958016,8.4293615717474388,8.4300596462907293
1267,0.97856510181531164,-8.4720785599264836,-0.11014472344129608,8.4720785599264836,8.4727945204441237
1268,0.97779336277602513,-8.5152797476103004,-0.11183301933834752,8.5152797476103004,8.5160140796194366
1269,0.97702284003152085,-8.5589730861520401,-0.11355120775399039,8.5589730861520401,8.5597262903820344
1270,0.97625353070866139,-8.6031667078632736,-0.1152999949794469,8.6031667078632736,8.6039393008161831
1271,0.97548543194335158,-8.6478689312371699,-0.11708010817430539,8.6478689312371699,8.6486614457722428
1272,0.97471854088050303,-8.6930882663562663,-0.11889229611742097,8.6930882663562663,8.6939012522996286
1273,0.97395285467399839,-8.738833420493286,-0.12073732998982911,8.738833420493286,8.7396674452740744
1274,0.97318837048665618,-8.7851133039126665,-0.12261600419124413,8.7851133039126665,8.7859689532269094
1275,0.97242508549019602,-8.8319370358811966,-0.12452913719182135,8.8319370358811966,8.8328149143848638
1276,0.97166299686520374,-8.8793139508971315,-0.12647757242095703,8.8793139508971315,8.880214682929795
1277,0.97090210180109626,-8.9272536051475413,-0.12846217919499037,8.9272536051475413,8.9281778354882295
1278,0.97014239749608755,-8.9757657832024869,-0.13048385368579168,8.9757657832024869,8.9767141778593604
1279,0.9693838811571539,-9.0248605049580206,-0.13254351993232555,9.0248605049580206,9.025833751993618
1280,0.96862654999999998,-9.0745480328376402,-0.13464213089741589,9.0745480328376402,9.075546843231546
1281,0.96787040124902413,-9.1248388792648853,-0.13678066957205065,9.1248388792648853,9.1258639878157624
1282,0.96711543213728546,-9.1757438144181229,-0.13896015012971341,9.1757438144181229,9.1767959806871886
1283,0.96636163990646917,-9.2272738742803,-0.14118161913339272,9.2272738742803,9.2283538835784196
1284,0.96560902180685348,-9.2794403689987668,-0.14344615679804212,9.2794403689987668,9.2805490334195255
1285,0.96485757509727621,-9.332254891566091,-0.14575487831147615,9.332254891566091,9.3333930510672722
1286,0.96410729704510101,-9.3857293268399715,-0.14810893521683438,9.3857293268399715,9.3868978503760747
1287,0.96335818492618486,-9.4398758609158229,-0.15050951685996133,9.4398758609158229,9.4410756476244106
1288,0.96261023602484463,-9.4947069908693997,-0.1529578519052498,9.4947069908693997,9.495938971314196
1289,0.96186344763382459,-9.5502355348859709,-0.1554552099237097,9.5502355348859709,9.5515006723598752
1290,0.96111781705426347,-9.6064746427961936,-0.15800290305727976,9.6064746427961936,9.6077739346875131
1291,0.96037334159566223,-9.6634378070352973,-0.16060228776363916,9.6634378070352973,9.6647722862607619
1292,0.95963001857585128,-9.7211388740491209,-0.16325476664605254,9.7211388740491209,9.7225096105574345
1293,0.95888784532095894,-9.7795920561655052,-0.16596179037307734,9.7795920561655052,9.781000158515452
1294,0.95814681916537858,-9.8388119439564079,-0.16872485969327622,9.8388119439564079,9.8402585609737816
1295,0.95740693745173744,-9.8988135191131228,-0.17154552755040942,9.8988135191131228,9.9002998416310248
1296,0.95666819753086418,-9.959612167860751,-0.17442540130495504,9.959612167860751,9.9611394305481102
1297,0.95593059676175784,-10.021223694939021,-0.17736614506817144,10.021223694939021,10.022793178222507
1298,0.95519413251155616,-10.083664338177165,-0.18036948215536919,10.083664338177165,10.085277370262006
1299,0.95445880215550416,-10.146950783694141,-0.18343719766547562,10.146950783694141,10.148608742689735
1300,0.95372460307692297,-10.211100181755342,-0.18657114119448043,10.211100181755342,10.21280449791195
1301,0.95299153266717906,-10.2761301633196,-0.18977322969086563,10.2761301633196,10.277882321382855
1302,0.95225958832565283,-10.342058857313319,-0.19304545046168997,10.342058857313319,10.343860399003692
1303,0.95152876745970827,-10.408904908668692,-0.19638986433859745,10.408904908668692,10.410757435293654
1304,0.95079906748466247,-10.476687497167394,-0.19980860901367808,10.476687497167394,10.478592672374454
1305,0.95007048582375475,-10.54542635713176,-0.20330390255582725,10.54542635713176,10.54738590981119
1306,0.94934301990811631,-10.615141798010036,-0.20687804711899438,10.615141798010036,10.617157525356751
1307,0.94861666717674054,-10.685854725903113,-0.21053343285454668,10.685854725903113,10.687928496647769
1308,0.94789142507645252,-10.757586666085682,-0.21427254204087981,10.757586666085682,10.75972042390587
1309,0.94716729106187925,-10.830359786574384,-0.21809795344435923,10.830359786574384,10.832555553697574
1310,0.94644426259541981,-10.904196922804228,-0.22201234692672606,10.904196922804228,10.906456803814937
1311,0.94572233714721576,-10.979121603473097,-0.22601850831525644,10.979121603473097,10.981447789337739
1312,0.94500151219512185,-11.055158077620959,-0.23011933455317313,11.055158077620959,11.057552849944836
1313,0.94428178522467621,-11.132331343016336,-0.23431783914917448,11.132331343016336,11.134797078548287
1314,0.94356315372907151,-11.210667175922126,-0.23861715794637511,11.210667175922126,11.213206351323612
1315,0.94284561520912535,-11.290192162324562,-0.24302055523257038,11.290192162324562,11.292807359221202
1316,0.94212916717325224,-11.370933730708316,-0.24753143021541923,11.370933730708316,11.373627641043321
1317,0.9414138071374335,-11.452920186472152,-0.25215332388806566,11.452920186472152,11.455695618182647
1318,0.94069953262518957,-11.536180748081087,-0.25688992631273189,11.536180748081087,11.539040631119974
1319,0.93998634116755109,-11.620745585061631,-0.26174508435205979,11.620745585061631,11.623692977789453
1320,0.93927423030303026,-11.706645857952466,-0.26672280988042663,11.706645857952466,11.709683953925747
1321,0.93856319757759266,-11.793913760329843,-0.27182728851011606,11.793913760329843,11.797045895514538
1322,0.93785324054462926,-11.882582563039158,-0.27706288887014885,11.882582563039158,11.885812223480198
1323,0.93714435676492813,-11.972686660769451,-0.2824341724787669,11.972686660769451,11.976017490750026
1324,0.93643654380664643,-12.064261621120501,-0.28794590425407229,12.064261621120501,12.067697431847458
1325,0.93572979924528299,-12.157344236323045,-0.29360306371113587,12.157344236323045,12.160889015178032
1326,0.93502412066365004,-12.251972577783182,-0.29941085689815405,12.251972577783182,12.255630498182439
1327,0.93431950565184618,-12.348186053636603,-0.30537472912879826,12.348186053636603,12.351961485546171
1328,0.93361595180722889,-12.446025469512286,-0.31150037857304769,12.446025469512286,12.449922990669446
1329,0.93291345673438664,-12.545533092719314,-0.31779377077438975,12.545533092719314,12.549557500615649
1330,0.93221201804511267,-12.64675272009017,-0.32426115416743706,12.64675272009017,12.65090904477659
1331,0.93151163335837706,-12.749729749728964,-0.33090907667686098,12.749729749728964,12.754023267508607
1332,0.93081230030030027,-12.854511256935389,-0.33774440348605028,12.854511256935389,12.858947505016294
1333,0.93011401650412595,-12.961146074596098,-0.34477433607227082,12.961146074596098,12.965730866782323
1334,0.92941677961019487,-13.069684878360754,-0.35200643261427811,13.069684878360754,13.074424321868001
1335,0.92872058726591755,-13.180180276941922,-0.35944862988861315,13.180180276941922,13.18508079043195
1336,0.92802543712574848,-13.292686907912742,-0.36710926678212041,13.292686907912742,13.297755240849943
1337,0.92733132685115927,-13.407261539403663,-0.37499710956084731,13.407261539403663,13.412504792847296
1338,0.92663825411061274,-13.52396317813368,-0.38312137904949506,13.52396317813368,13.52938882709047
1339,0.92594621657953691,-13.642853184253351,-0.39149177989122175,13.642853184253351,13.648469101727642
1340,0.92525521194029847,-13.76399539351473,-0.40011853207500148,13.76399539351473,13.769809876407317
1341,0.92456523788217737,-13.887456247330793,-0.40901240493717284,13.887456247330793,13.893478044353026
1342,0.92387629210134126,-14.013304931339011,-0.4181847538655874,14.013304931339011,14.019543273126123
1343,0.92318837230081896,-14.141613523137277,-0.4276475599590901,14.141613523137277,14.148078154764274
1344,0.92250147619047618,-14.272457149923877,-0.43741347292233357,14.272457149923877,14.279158366049003
1345,0.92181560148698882,-14.405914156842037,-0.44749585750666354,14.405914156842037,14.41286283972714
1346,0.9211307459138186,-14.542066286903765,-0.45790884384216402,14.542066286903765,14.549273947588308
1347,0.92044690720118771,-14.680998873453671,-0.46866738204488501,14.680998873453671,14.688477696389805
1348,0.9197640830860534,-14.822801046225258,-0.47978730152701465,14.822801046225258,14.830563937716031
1349,0.91908227131208298,-14.967565952149922,-0.49128537548724371,14.967565952149922,14.975626592971837
1350,0.91840146962962954,-15.11539099218761,-0.50317939111458965,15.11539099218761,15.123763894822902
1351,0.91772167579570685,-15.266378075586488,-0.51548822610247291,15.266378075586488,15.275078646540516
1352,0.91704288757396446,-15.420633893115578,-0.52823193214188358,15.420633893115578,15.42967850085151
1353,0.91636510273466365,-15.578270210979767,-0.5414318261445743,15.578270210979767,15.587676260067177
1354,0.91568831905465287,-15.739404187308061,-0.55511059004071361,15.739404187308061,15.749190199455523
1355,0.91501253431734308,-15.904158713305769,-0.56929238010224625,15.904158713305769,15.914344416031163
1356,0.91433774631268427,-16.072662781393355,-0.58400294686533893,16.072662781393355,16.083269205181345
1357,0.91366395283714064,-16.245051882908825,-0.59926976686553268,16.245051882908825,16.256101467814435
1358,0.91299115169366707,-16.421468438241732,-0.61512218756004411,16.421468438241732,16.432985151024692
1359,0.91231934069168497,-16.602062262594849,-0.63159158699714602,16.602062262594849,16.614071725613847
1360,0.91164851764705879,-16.786991070936992,-0.6487115500063052,16.786991070936992,16.799520704199566
1361,0.91097868038207197,-16.976421026136229,-0.66651806293026028,16.976421026136229,16.989500204092305
1362,0.91030982672540373,-17.170527334732455,-0.68504972920684604,17.170527334732455,17.184187559622387
1363,0.90964195451210561,-17.369494895359125,-0.70434800844172374,17.369494895359125,17.383769989185389
1364,0.90897506158357766,-17.573519005435585,-0.7244574820013967,17.573519005435585,17.588445322928163
1365,0.90830914578754574,-17.782806132466497,-0.74542614860924972,17.782806132466497,17.798422797762687
1366,0.90764420497803799,-17.997574757088429,-0.76730575395860989,17.997574757088429,18.013923927258176
1367,0.90698023701536201,-18.218056295938403,-0.7901521589803191,18.218056295938403,18.235183454967547
1368,0.90631723976608181,-18.444496113484767,-0.81402575213702177,18.444496113484767,18.462450400894699
1369,0.90565521110299485,-18.677154633197325,-0.83899191198391199,18.677154633197325,18.69598921214758
1370,0.90499414890510943,-18.916308559852908,-0.86512152726389369,18.916308559852908,18.936081030363699
1371,0.9043340510576221,-19.16225222642597,-0.89249158302708409,19.16225222642597,19.1830250902964
1372,0.90367491545189493,-19.415299080927127,-0.92118582272204663,19.415299080927127,19.437140266043095
1373,0.9030167399854333,-19.67578333077936,-0.95129549795013624,19.67578333077936,19.698766783841954
1374,0.90235952256186314,-19.944061764926587,-0.98292021966888976,19.944061764926587,19.968268123235941
1375,0.90170326109090904,-20.220515776907639,-1.0161689271550345,20.220515776907639,20.246033131768954
1376,0.90104795348837208,-20.505553615702539,-1.0511609940927,20.505553615702539,20.532478382356899
1377,0.90039359767610738,-20.79961289535602,-1.088027494863927,20.79961289535602,20.828050807174449
1378,0.8997401915820028,-21.103163399339465,-1.126912658646301,21.103163399339465,21.133230647476452
1379,0.89908773313995638,-21.416710221476464,-1.1679755444706172,21.416710221476464,21.448534765414067
1380,0.89843622028985504,-21.740797292215156,-1.2113919772198267,21.740797292215156,21.774520371839706
1381,0.89778565097755247,-22.076011347310114,-1.257356792995302,22.076011347310114,22.111789233606952
1382,0.89713602315484797,-22.422986405867228,-1.3060864527712939,22.422986405867228,22.460992435327057
1383,0.89648733477946485,-22.782408836535879,-1.3578220963689995,22.782408836535879,22.822835784372987
1384,0.89583958381502882,-23.15502310485244,-1.4128331252480764,23.15502310485244,23.198085964709428
1385,0.89519276823104688,-23.541638311848857,-1.4714214234120848,23.541638311848857,23.587577565557382
1386,0.8945468860028859,-23.943135654718674,-1.5339263521509983,23.943135654718674,23.992221135903279
1387,0.89390193511175187,-24.360476965350664,-1.6007306881301662,24.360476965350664,24.413012446547885
1388,0.89325791354466855,-24.794714512915895,-1.6722677178126952,24.794714512915895,24.85104317925186
1389,0.89261481929445641,-25.247002293610826,-1.7490297575342324,25.247002293610826,25.307513309417235
1390,0.89197265035971218,-25.718609075614431,-1.8315784420614496,25.718609075614431,25.783745507076762
1391,0.89133140474478789,-26.210933522064664,-1.9205572211237141,26.210933522064664,26.2812019538244
1392,0.89069108045977008,-26.725521781498294,-2.0167066315087654,26.725521781498294,26.801504064714564
1393,0.89005167552045938,-27.264088016104381,-2.1208830835059302,27.264088016104381,27.346455719229652
1394,0.88941318794835,-27.828538435859535,-2.2340821312693189,27.828538435859535,27.918070750776607
1395,0.88877561577060926,-28.420999523550947,-2.3574675106762246,28.420999523550947,28.518605628283737
1396,0.8881389570200573,-29.04385127339885,-2.4924076596131668,29.04385127339885,29.150598496995059
1397,0.88750320973514663,-29.699766423744336,-2.6405220342013287,29.699766423744336,29.816916041704818
1398,0.88686837195994273,-30.391756836169947,-2.803740373891177,30.391756836169947,30.520810010107368
1399,0.88623444174410282,-31.123228342831524,-2.9843792584555215,31.123228342831524,31.265985703929616
1400,0.88560141714285712,-31.898045512285364,-3.1852420063056925,31.898045512285364,32.056685326816975
1401,0.88496929621698783,-32.720607790376903,-3.4097504384571522,32.720607790376903,32.897789777190688
1402,0.8843380770328102,-33.595938190734458,-3.6621206632919145,33.595938190734458,33.794943270675269
1403,0.88370775766215248,-34.529784806215034,-3.9476004230023936,34.529784806215034,34.75470598153877
1404,0.88307833618233611,-35.528733224157648,-4.2727936114812302,35.528733224157648,35.784740459582466
1405,0.88244981067615647,-36.600323127126813,-4.6461097562347806,36.600323127126813,36.894037307904838
1406,0.88182217923186335,-37.753152275561192,-5.078394714852795,37.753152275561192,38.093183112225681
1407,0.88119543994314142,-38.996930273833257,-5.5838266672776093,38.996930273833257,39.3946657687613
1408,0.88056959090909082,-40.34240189805459,-6.1812025538471289,40.34240189805459,40.813192179929331
1409,0.87994463023420855,-41.800972411671466,-6.8957972346697911,41.800972411671466,42.365945216211081
1410,0.87932055602836878,-43.3836883240444,-7.7620449719246203,43.3836883240444,44.072596414824559
1411,0.87869736640680363,-45.098863497175884,-8.827329452179967,45.098863497175884,45.954643225622227
1412,0.87807505949008491,-46.946925685444668,-10.157015855948774,46.946925685444668,48.033101111761034
1413,0.87745363340410465,-48.909781789713065,-11.840007089727678,48.909781789713065,50.322485258601347
1414,0.87683308628005652,-50.93032782976718,-13.991169739271132,50.93032782976718,52.817148006311868
1415,0.87621341625441684,-52.878203357751715,-16.739242414289052,52.878203357751715,55.464462739199753
1416,0.87559462146892653,-54.510694759026435,-20.176004895497137,54.510694759026435,58.124753906187649
1417,0.8749767000705716,-55.479155635058049,-24.246966790695879,55.479155635058049,60.546280715896181
1418,0.87435965021156548,-55.465062990112344,-28.646558666607277,55.465062990112344,62.425944413653063
1419,0.87374347004933051,-54.402922047663637,-32.891268157628218,54.402922047663637,63.572898693870918
1420,0.87312815774647878,-52.536123805768867,-36.582192088300019,52.536123805768867,64.017974683055655
1421,0.87251371147079515,-50.227406307817034,-39.572757658889245,50.227406307817034,63.943690018169235
1422,0.87190012939521799,-47.76865348043458,-41.913406869725421,47.76865348043458,63.549806693340784
1423,0.87128740969782148,-45.331460761997278,-43.728469328079669,45.331460761997278,62.985080492076079
1424,0.87067555056179768,-42.997430957468765,-45.142236110223834,42.997430957468765,62.342606217365422
1425,0.87006455017543849,-40.797007316046589,-46.254964071227562,40.797007316046589,61.675907023538059
1426,0.86945440673211771,-38.735280435717613,-47.14151688927744,38.735280435717613,61.014298037883854
1427,0.86884511843027323,-36.805992270025556,-47.856396493468935,36.805992270025556,60.373137671660629
1428,0.86823668347338934,-34.998491355688074,-48.439171009720098,34.998491355688074,59.759917045483597
1429,0.86762910006997895,-33.301009048113357,-48.918775799814512,33.301009048113357,59.177730856928314
1430,0.86702236643356634,-31.702117482077668,-49.31661005529898,31.702117482077668,58.627231558328511
1431,0.86641648078266942,-30.191313923228002,-49.648690443810722,30.191313923228002,58.107726673793074
1432,0.86581144134078203,-28.759197487278293,-49.92713214668413,28.759197487278293,57.617792082869101
1433,0.86520724633635726,-27.397467492187545,-50.161163910725364,27.397467492187545,57.155608560001617
1434,0.86460389400278936,-26.098859558925497,-50.357820818821665,26.098859558925497,56.719137756995792
1435,0.8640013825783972,-24.857085541592141,-50.52241303114775,24.857085541592141,56.306206763658984
1436,0.86339971030640661,-23.666827611081338,-50.658845004102702,23.666827611081338,55.914553618198042
1437,0.86279887543493383,-22.523838208267257,-50.769866823872661,22.523838208267257,55.54190008404435
1438,0.862198876216968,-21.425184437581528,-50.857397798187009,21.425184437581528,55.186170722269026
1439,0.86159971091035437,-20.369552609427799,-50.923170333532553,20.369552609427799,54.846038601946603
1440,0.86100137777777774,-19.357150111321879,-50.969900715677298,19.357150111321879,54.521830851487827
1441,0.86040387508674521,-18.38840272879586,-51.002461690481326,18.38840272879586,54.21609035522021
1442,0.85980720110956999,-17.461695699197492,-51.027445364730369,17.461695699197492,53.932467004040475
1443,0.85921135412335403,-16.572478336570256,-51.050728673074701,16.572478336570256,53.673307483962475
1444,0.85861633240997226,-15.714867144667771,-51.075584016376652,15.714867144667771,53.438491108830057
1445,0.85802213425605534,-14.883633548534377,-51.102970627619001,14.883633548534377,53.226273160670836
1446,0.85742875795297369,-14.074899435675142,-51.132762304772413,14.074899435675142,53.034537567897424
1447,0.85683620179682096,-13.285913083689632,-51.164610813580339,13.285913083689632,52.861449906075194
1448,0.85624446408839772,-12.514642275343203,-51.19828736821259,12.514642275343203,52.705605970502646
1449,0.85565354313319519,-11.759471828510325,-51.233749748232469,11.759471828510325,52.565980357547211
1450,0.85506343724137923,-11.019023979207422,-51.271116143923251,11.019023979207422,52.441836734595938
1451,0.85447414472777394,-10.292059244083521,-51.310621803612023,10.292059244083521,52.332651312130459
1452,0.85388566391184562,-9.5774219877952689,-51.352581702305912,9.5774219877952689,52.238057577060694
1453,0.8532979931176875,-8.8740094099913591,-51.39736323847346,8.8740094099913591,52.157808532147875
1454,0.85271113067400273,-8.1807525977049629,-51.445367502449727,8.1807525977049629,52.091751271453397
1455,0.85212507491408929,-7.4966038052040602,-51.497016774430278,7.4966038052040602,52.039809812086688
1456,0.85153982417582408,-6.8205269795205332,-51.5527462657993,6.8205269795205332,52.001973383942378
1457,0.85095537680164712,-6.151489995707518,-51.612998660816928,6.151489995707518,51.978288351279701
1458,0.85037173113854592,-5.4884577953525149,-51.6782204703795,5.4884577953525149,51.968852594188725
1459,0.84978888553803966,-4.8303859912592753,-51.748859537458387,4.8303859912592753,51.973811600191027
1460,0.84920683835616428,-4.1762146885971134,-51.825363257262921,4.1762146885971134,51.993355785835874
1461,0.84862558795345644,-3.5248623669257171,-51.908177223797708,3.5248623669257171,52.027718741099534
1462,0.84804513269493842,-2.8752197128591952,-51.997744112273494,2.8752197128591952,52.077176201889891
1463,0.8474654709501025,-2.2261433121494658,-52.094502670706547,2.2261433121494658,52.142045630704587
1464,0.84688660109289615,-1.5764491139677634,-52.198886735123835,1.5764491139677634,52.222686336449762
1465,0.84630852150170643,-0.92490557495674786,-52.31132420815517,0.92490557495674786,52.319500100185472
1466,0.84573123055934507,-0.27022637917842918,-52.432235954903092,0.27022637917842918,52.432932299525611
1467,0.84515472665303337,0.38893738628109409,-52.562034575513522,0.38893738628109409,52.563473543972776
1468,0.84457900817438691,1.0540057409410586,-52.701123012279908,1.0540057409410586,52.711661848754069
1469,0.84400407351940088,1.7264791715381009,-52.849892941151509,1.7264791715381009,52.878085387246493
1470,0.84342992108843529,2.4079490387385958,-53.008722883353101,2.4079490387385958,53.063385872909443
1471,0.8428565492861998,3.1001092595094022,-53.177975952215277,3.1001092595094022,53.268262631657912
1472,0.84228395652173904,3.8047695352522695,-53.357997122712646,3.8047695352522695,53.493477435700463
1473,0.84171214120841809,4.5238704441237267,-53.549109875556923,4.5238704441237267,53.739860180872121
1474,0.84114110176390766,5.2595007743266375,-53.751612022318014,5.2595007743266375,54.008315502271913
1475,0.8405708366101694,6.0139175469165345,-53.965770460354221,6.0139175469165345,54.299830438416201
1476,0.84000134417344163,6.7895692663573186,-54.191814532412479,6.7895692663573186,54.615483272951607
1477,0.83943262288422471,7.5891230509983831,-54.42992756948756,7.5891230509983831,54.956453705664607
1478,0.83886467117726649,8.4154964419625404,-54.680236067596084,8.4154964419625404,55.324034530868403
1479,0.83829748749154831,9.271894878330798,-54.942795775499917,9.271894878330798,55.719645029945305
1480,0.83773107027027016,10.161856072501802,-55.217573729985958,10.161856072501802,56.144846312592904
1481,0.83716541796083721,11.089302838990996,-55.504424936440202,11.089302838990996,56.601358861601362
1482,0.83660052901484472,12.058606343007781,-55.803061907994021,12.058606343007781,57.091082536969296
1483,0.83603640188806472,13.074662265558395,-56.113014575923359,13.074662265558395,57.616119256300173
1484,0.83547303504043124,14.142983055338043,-56.433577061306963,14.142983055338043,58.178798454746811
1485,0.83491042693602691,15.269810278544224,-56.763736293131217,15.269810278544224,58.781705180258911
1486,0.83434857604306856,16.462252100503996,-57.10207522709436,16.462252100503996,59.427710198705213
1487,0.83378748083389365,17.728452123095003,-57.446640087069767,17.728452123095003,60.120000598587843
1488,0.83322713978494622,19.077797075123918,-57.79475603550911,19.077797075123918,60.862107804804324
1489,0.83266755137676285,20.521171968792125,-58.142768070804578,20.521171968792125,61.657927129511179
1490,0.8321087140939597,22.0712717175508,-58.485672322953704,22.0712717175508,62.511718119868299
1491,0.83155062642521793,23.742976570312308,-58.816585042689709,23.742976570312308,63.428066441460679
1492,0.83099328686327067,25.553792271533418,-59.125969006716289,25.553792271533418,64.411773073250018
1493,0.83043669390488939,27.524338703878655,-59.400494642052536,27.524338703878655,65.467610196236308
1494,0.82988084605087009,29.678830522568887,-59.621348793272077,29.678830522568887,66.599836434606758
1495,0.82932574180602003,32.045404208191528,-59.761709801594279,32.045404208191528,67.811281430720271
1496,0.82877137967914427,34.655955449612108,-59.782981145554785,34.655955449612108,69.101664833600481
1497,0.82821775818303267,37.544755101840593,-59.629243839458624,37.544755101840593,70.464568092927379
1498,0.82766487583444592,40.744322751641604,-59.219376883992155,40.744322751641604,71.88208702464226
1499,0.82711273115410266,44.275579515320345,-58.436827401727427,44.275579515320345,73.31568548541803
1500,0.8265613226666666,48.127058773371189,-57.119250435805554,48.127058773371189,74.691515960809085
1501,0.82601064890073284,52.216208936467112,-55.056707108440861,52.216208936467112,75.879993893788821
1502,0.8254607083888148,56.331087504254839,-52.020634920724746,56.331087504254839,76.676840551546874
1503,0.8249114996673319,60.079402825634745,-47.858922229811981,60.079402825634745,76.811529609063768
1504,0.82436302127659566,62.930148194095167,-42.660983729138081,62.930148194095167,76.027383780244364
1505,0.82381527176079727,64.432388350725986,-36.86809847613344,64.432388350725986,74.234691040137307
1506,0.82326824966799461,64.488199664966331,-31.130536246745422,64.488199664966331,71.608925302915239
1507,0.82272195355009947,63.3822369387821,-25.980756044676212,63.3822369387821,68.500420757955155
1508,0.82217638196286469,61.551569364962305,-21.651957202353302,61.551569364962305,65.248777321742239
1509,0.82163153346587137,59.371351833900675,-18.136836112706028,59.371351833900675,62.079805434327653
1510,0.82108740662251645,57.088061622329519,-15.319276168625066,57.088061622329519,59.107757546074239
1511,0.82054399999999994,54.840622351690314,-13.061582928126896,54.840622351690314,56.374629120811534
1512,0.82000131216931216,52.698340307376853,-11.240613630848141,52.698340307376853,53.883823787386405
1513,0.81945934170522139,50.690172045487628,-9.7571158950739267,50.690172045487628,51.62068241113284
1514,0.81891808718626147,48.823281097699748,-8.5346767343362977,48.823281097699748,49.563630659028867
1515,0.81837754719471945,47.093878722193637,-7.5155720809464768,47.093878722193637,47.689802230713696
1516,0.81783772031662261,45.49321503065724,-6.656380758432924,45.49321503065724,45.977603445882799
1517,0.81729860514172703,44.010740776734508,-5.9243093616494011,44.010740776734508,44.407687905693173
1518,0.8167602002635046,42.635701310410383,-5.2943802792287684,42.635701310410383,42.96316432447238
1519,0.8162225042791309,41.357890761800874,-4.7473625780804714,41.357890761800874,41.629467684715998
1520,0.81568551578947368,40.167967309568439,-4.2682712173712805,40.167967309568439,40.394105225485546
1521,0.81514923339907952,39.057544694024756,-3.8452797506359495,39.057544694024756,39.246375296151776
1522,0.81461365571616284,38.01917369663775,-3.4689272542672356,38.01917369663775,38.177100791842612
1523,0.81407878135259348,37.046272624388877,-3.1315325234037346,37.046272624388877,37.178391725647309
1524,0.81354460892388447,36.133036158668801,-2.8267533036762771,36.133036158668801,36.24343852731846
1525,0.81301113704918027,35.274335164227949,-2.5492460276297475,35.274335164227949,35.366331115733146
1526,0.81247836435124499,34.465609372205421,-2.2943940385642243,34.465609372205421,34.54189446746738
1527,0.81194628945645053,33.702746025174292,-2.0580819226095501,33.702746025174292,33.765526663115644
1528,0.81141491099476437,32.981927629059157,-1.8365036972582436,32.981927629059157,33.033018268976555
1529,0.81088422759973833,32.299419408451762,-1.6260095192107489,32.299419408451762,32.340321598271629
1530,0.8103542379084967,31.651256000050161,-1.4230315661433677,31.651256000050161,31.683229400093541
1531,0.80982494056172427,31.032801294946239,-1.2242030250749032,31.032801294946239,31.056938504273393
1532,0.80929633420365532,30.438269090130575,-1.0268916695676378,30.438269090130575,30.455586215080899
1533,0.8087684174820613,29.860624739013545,-0.83037161894435485,29.860624739013545,29.872168097239545
1534,0.80824118904823983,29.292721936087716,-0.63732704319751754,29.292721936087716,29.29965433558808
1535,0.80771464755700317,28.7300903741409,-0.45415057580224882,28.7300903741409,28.733679639959185
1536,0.80718879166666657,28.173578453580916,-0.28831623810531415,28.173578453580916,28.175053666909562
1537,0.80666362003903702,27.628714143630575,-0.14408486688194522,27.628714143630575,27.629089845293791
1538,0.80613913133940174,27.101756959113089,-0.02051663550275773,27.101756959113089,27.101764724887698
1539,0.80561532423651716,26.596214318717074,0.086672946294939379,26.596214318717074,26.596355545201124
1540,0.8050921974025973,26.112392534762748,0.18204266402362368,26.112392534762748,26.113027082685338
1541,0.80456974951330296,25.648861042946351,0.26884391510863193,25.648861042946351,25.650269976182742
1542,0.80404797924773019,25.203791731622267,0.34901263445002551,25.203791731622267,25.206208113677008
1543,0.80352688528839922,24.77553830025019,0.42366760172382767,24.77553830025019,24.77916044388741
1544,0.80300646632124351,24.362743128442446,0.49351086167426761,24.362743128442446,24.367741087615411
1545,0.80248672103559859,23.964288837719295,0.55904323201342088,23.964288837719295,23.970808681245984
1546,0.80196764812419141,23.579231945400942,0.62066271799530082,23.579231945400942,23.587399206875808
1547,0.80144924628312852,23.206753020959461,0.67870689439724297,23.206753020959461,23.216675662642
1548,0.80093151421188624,22.846124185783154,0.7334715369346978,22.846124185783154,22.857895152610165
1549,0.80041445061329886,22.496688499142593,0.78521970522343931,22.496688499142593,22.510387900099051
1550,0.79989805419354831,22.157846579514469,0.83418701227848402,22.157846579514469,22.173543537575473
1551,0.79938232366215334,21.829047494678768,0.88058529365211946,21.829047494678768,21.84680171064721
1552,0.79886725773195866,21.5097821944495,0.92460550998385438,21.5097821944495,21.529645268832208
1553,0.79835285511912424,21.199578509423645,0.96642019716819538,21.199578509423645,21.221595061981358
1554,0.79783911454311451,20.897997161768473,1.006185589266003,20.897997161768473,20.922205782692462
1555,0.79732603472668806,20.604628467166073,1.0440434729731725,20.604628467166073,20.631062528222056
1556,0.79681361439588683,20.319089535543547,1.0801228099685725,20.319089535543547,20.34777788452709
1557,0.79630185228002559,20.041021850142002,1.1145411556431299,20.041021850142002,20.071989407766523
1558,0.79579074711168163,19.770089145641911,1.1474058992784488,19.770089145641911,19.80335742050643
1559,0.79528029762668373,19.505975530415178,1.1788153483536228,19.505975530415178,19.541563064879682
1560,0.79477050256410253,19.24838381293101,1.2088596774048042,19.24838381293101,19.286306570454588
1561,0.79426136066623954,18.997034001936271,1.2376217595658672,18.997034001936271,19.037305704602048
1562,0.79375287067861711,18.751661956472674,1.2651778967230549,18.751661956472674,18.794294379948962
1563,0.79324503134996793,18.512018166312728,1.2915984621083805,18.512018166312728,18.557021398306709
1564,0.79273784143222503,18.277866646710585,1.3169484672849405,18.277866646710585,18.325249314004417
1565,0.79223129968051109,18.048983933874609,1.3412880637932416,18.048983933874609,18.098753402246743
1566,0.79172540485312892,17.825158169533395,1.3646729882647535,17.825158169533395,17.877320720224905
1567,0.79122015571155069,17.606188264532747,1.3871549585511214,17.606188264532747,17.660749250391493
1568,0.79071555102040814,17.391883132697103,1.4087820273291445,17.391883132697103,17.448847116698559
1569,0.79021158954748238,17.182060987215571,1.4295988987204251,17.182060987215571,17.241431865701234
1570,0.78970827006369426,16.976548692738376,1.4496472126703748,16.976548692738376,17.038329805415792
1571,0.78920559134309354,16.775181167057774,1.4689658011432618,16.775181167057774,16.83937539555842
1572,0.78870355216284982,16.577800826916835,1.4875909196244121,16.577800826916835,16.644410683501938
1573,0.78820215130324212,16.384257072975686,1.5055564568778157,16.384257072975686,16.453284780802896
1574,0.78770138754764929,16.194405809448952,1.5228941255097104,16.194405809448952,16.265853375664797
1575,0.78720125968253962,16.008108994270813,1.5396336354414759,16.008108994270813,16.081978277060223
1576,0.78670176649746182,15.825234215984921,1.5558028520947227,15.825234215984921,15.901526986593645
1577,0.78620290678503479,15.645654293815301,1.5714279407384522,15.645654293815301,15.724372294451523
1578,0.78570467934093779,15.469246897592825,1.5865334981742518,15.469246897592825,15.550391896010666
1579,0.78520708296390118,15.295894184407768,1.6011426726597993,15.295894184407768,15.379468025871752
1580,0.78471011645569611,15.125482448981018,1.6152772727183653,15.125482448981018,15.211487106203432
1581,0.78421377862112585,14.957901784878565,1.6289578652340766,14.957901784878565,15.046339406406506
1582,0.78371806826801516,14.793045753750604,1.64220386299441,14.793045753750604,14.883918711152402
1583,0.78322298420720149,14.630811059811833,1.6550336016107827,14.630811059811833,14.724121993870231
1584,0.78272852525252523,14.471097226773153,1.6674644054978784,14.471097226773153,14.566849092728463
1585,0.78223469022082015,14.313806274375448,1.6795126423355531,14.313806274375448,14.412002386070952
1586,0.78174147793190407,14.158842391550998,1.6911937651728337,14.158842391550998,14.259486464110166
1587,0.78124888720856955,14.006111603059249,1.7025223410043147,14.006111603059249,14.109207793457779
1588,0.78075691687657423,13.855521426164675,1.7135120642953572,13.855521426164675,13.961074370742178
1589,0.7802655657646318,13.706980513549372,1.724175753476638,13.706980513549372,13.81499536111753
1590,0.77977483270440251,13.560398278158331,1.7345253278800414,13.560398278158331,13.670880716886415
1591,0.77928471653048392,13.415684495017402,1.7445717618657159,13.415684495017402,13.528640770681641
1592,0.77879521608040192,13.27274887423318,1.7543250119781917,13.27274887423318,13.388185796668287
1593,0.77830633019460127,13.131500598340505,1.7637939117033319,13.131500598340505,13.2494255319685
1594,0.77781805771643653,12.991847815842871,1.7729860267958006,12.991847815842871,13.112268648911764
1595,0.77733039749216293,12.853697081191751,1.7819074619045359,12.853697081191751,12.976622166720752
1596,0.77684334837092728,12.716952729475675,1.7905626062419953,12.716952729475675,12.84239078873521
1597,0.77635690920475886,12.581516171713915,1.7989538020027012,12.581516171713915,12.709476148167504
1598,0.77587107884856066,12.44728509385121,1.8070809136548813,12.44728509385121,12.577775941560823
1599,0.77538585616010003,12.314152539232701,1.8149407686690457,12.314152539232701,12.447182924391695
1600,0.77490123999999994,12.182005850652033,1.8225264297310151,12.182005850652033,12.317583737583782
1601,0.77441722923173006,12.050725444013601,1.829826243979215,12.050725444013601,12.188857526862471
1602,0.77393382272159794,11.920183381695733,1.8368225945235834,11.920183381695733,12.060874308979736
1603,0.77345101933873983,11.790241710504986,1.8434902510509024,11.790241710504986,11.933493030033212
1604,0.77296881795511219,11.660750528173594,1.8497941761808381,11.660750528173594,11.806559252150192
1605,0.77248721744548277,11.531545746481033,1.8556865872214587,11.531545746481033,11.679902397416615
1606,0.77200621668742209,11.402446533566469,1.8611029917748443,11.402446533566469,11.553332475819921
1607,0.77152581456129432,11.273252452631429,1.8659567996707729,11.273252452631429,11.426636234649202
1608,0.77104600995024875,11.143740387147123,1.8701319485041483,11.143740387147123,11.299572705237566
1609,0.7705668017402113,11.013661487088573,1.8734727464437326,11.013661487088573,11.171868218156062
1610,0.77008818881987573,10.882738647572797,1.8757698122494817,10.882738647572797,11.043211166138274
1611,0.76961017008069521,10.750665551409007,1.8767405614867083,10.750665551409007,10.91324722222409
1612,0.7691327444168734,10.617109269754184,1.8760021632064223,10.617109269754184,10.78157657127451
1613,0.76865591072535644,10.481720168755444,1.8730343851214593,10.481720168755444,10.647756360094927
1614,0.76817966790582404,10.344155990636878,1.8671296431817743,10.344155990636878,10.511314678149299
1615,0.76770401486068107,10.20413229988181,1.8573289431115032,10.20413229988181,10.371788023113997
1616,0.76722895049504947,10.061519812518124,1.8423478797246,10.061519812518124,10.228803774030494
1617,0.76675447371675942,9.9165197082795409,1.8205121871085288,9.9165197082795409,10.082243190287924
1618,0.76628058343634109,9.7699534278561906,1.7897576960881625,9.7699534278561906,9.9325335435217994
1619,0.76580727856701658,9.6236771478816188,1.747814618827084,9.6236771478816188,9.7811051414676307
1620,0.7653345580246913,9.4810127502041048,1.6927688262215108,9.4810127502041048,9.630943311460209
1621,0.76486242072794564,9.3468203105470096,1.6241388177803482,9.3468203105470096,9.4868791927100578
1622,0.76439086559802705,9.2265935049769432,1.5441555950677976,9.2265935049769432,9.3549155104608985
1623,0.76391989155884155,9.1243963367005456,1.4581475884782333,9.1243963367005456,9.2401733154188843
1624,0.7634494975369458,9.0408682243974994,1.3730083442854522,9.0408682243974994,9.1445311615411899
1625,0.76297968246153836,8.9731160846831202,1.2945571660358328,8.9731160846831202,9.0660184494260569
1626,0.76251044526445255,8.9164955038362592,1.2259093918649091,8.9164955038362592,9.0003747648081198
1627,0.76204178488014751,8.8665421701988905,1.1676430273074356,8.8665421701988905,8.9430956774002439
1628,0.76157370024570015,8.819908056576331,1.1188397771357128,8.819908056576331,8.8905894390282789
1629,0.76110619030079796,8.7744297342173425,1.0780209615209413,8.7744297342173425,8.8404041963134219
1630,0.76063925398773002,8.728844780917445,1.043679168902893,8.728844780917445,8.7910179966231183
1631,0.76017289025137946,8.6824794722972705,1.0144955636930262,8.6824794722972705,8.741547405100329
1632,0.75970709803921566,8.6350136207000112,0.98939075666691711,8.6350136207000112,8.6915104728149917
1633,0.75924187630128592,8.5863275329904702,0.96750681332877186,8.5863275329904702,8.6406649013619194
1634,0.75877722399020797,8.5364091563759992,0.94816861588816104,8.5364091563759992,8.5889059262059249
1635,0.75831314006116202,8.4852998235244037,0.93084439699177923,8.4852998235244037,8.5362043313474096
1636,0.75784962347188256,8.4330632940634906,0.91511197850571013,8.4330632940634906,8.4825695667577996
1637,0.75738667318265118,8.3797684387707392,0.90063182289728894,8.3797684387707392,8.4280280474042968
1638,0.75692428815628809,8.3254797804353586,0.88712610957498572,8.3254797804353586,8.3726104835187236
1639,0.75646246735814515,8.2702525041367316,0.87436258552772284,8.2702525041367316,8.3163445342981426
1640,0.75600120975609753,8.2141299761816882,0.86214199118390811,8.2141299761816882,8.2592505760855275
1641,0.75554051432053615,8.1571426459290066,0.85028805613418679,8.1571426459290066,8.2013392762669035
1642,0.75508038002436051,8.0993076940547439,0.83863925639270365,8.0993076940547439,8.1426102034505679
1643,0.75462080584297009,8.0406290835613632,0.82704168064422035,8.0406290835613632,8.0830510329290668
1644,0.75416179075425782,7.9810978556326759,0.81534245829546226,7.9810978556326759,8.0226371166520902
1645,0.75370333373860177,7.9206926472035271,0.80338325893911344,7.9206926472035271,7.9613313379238049
1646,0.75324543377885778,7.8593805303804842,0.79099338539005959,7.8593805303804842,7.8990843049719794
1647,0.75278808986035206,7.7971184206055,0.77798195457111341,7.7971184206055,7.8358350918446407
1648,0.75233130097087375,7.7338555124067554,0.76412859721186144,7.7338555124067554,7.7715129543648906
1649,0.75187506610066701,7.6695375413110511,0.74917202130254745,7.6695375413110511,7.7060408002476946
1650,0.75141938424242416,7.6041142400846695,0.73279571974665858,7.6041142400846695,7.6393417872966953
1651,0.75096425439127801,7.5375523075792259,0.71461018724451397,7.5375523075792259,7.5713514321557254
1652,0.75050967554479409,7.4698577232724759,0.6941315366498767,7.4698577232724759,7.5020392558360669
1653,0.75005564670296421,7.401113501929423,0.67075797649377156,7.401113501929423,7.4314465167605173
1654,0.74960216686819825,7.3315419596275291,0.64374951628696675,7.3315419596275291,7.3597500599883672
1655,0.74914923504531716,7.2616030721511855,0.61222498209292642,7.2616030721511855,7.2873656835769003
1656,0.74869685024154586,7.1921377428376871,0.57520738398221227,7.1921377428376871,7.2151028299351383
1657,0.74824501146650568,7.1245438429928569,0.53177433146989295,7.1245438429928569,7.1443620366228417
1658,0.74779371773220737,7.0609108844781296,0.48138716335144605,7.0609108844781296,7.0773014715766696
1659,0.7473429680530439,7.0039287615491119,0.42441758098106064,7.0039287615491119,7.0167762099058493
1660,0.74689276144578309,6.9563269892640491,0.36267067829789801,6.9563269892640491,6.9657745586876763
1661,0.74644309692956046,6.919854597739203,0.29940464873908679,6.919854597739203,6.9263288109603174
1662,0.74599397352587238,6.8944060282015514,0.23847262813279935,6.8944060282015514,6.8985290951093665
1663,0.74554539025856881,6.8780673085270188,0.18302214118742277,6.8780673085270188,6.8805019442474498
1664,0.74509734615384615,6.8680403255960094,0.13470602238549939,6.8680403255960094,6.8693612240498663
1665,0.74464984024024017,6.8616445751781328,0.093767554170055667,6.8616445751781328,6.8622852338187252
1666,0.74420287154861942,6.8568355301280199,0.05958507864461593,6.8568355301280199,6.8570944188353637
1667,0.74375643911217748,6.8522667199007437,0.031190916376430733,6.8522667199007437,6.8523377086891806
1668,0.74331054196642676,6.8471436853194838,0.0075866295142464901,6.8471436853194838,6.8471478883077932
1669,0.74286517914919104,6.841046314433374,-0.012116717756725293,6.841046314433374,6.8410570448631427
1670,0.74242034970059878,6.8337872481875053,-0.028658786236929856,6.8337872481875053,6.8338473409580009
1671,0.74197605266307598,6.8253156620543294,-0.042635545911084427,6.8253156620543294,6.8254488260083859
1672,0.74153228708133967,6.8156567900117508,-0.054520544513376734,6.8156567900117508,6.8158748498639046
1673,0.74108905200239084,6.8048755229471958,-0.064688564960831085,6.8048755229471958,6.8051829874914143
1674,0.74064634647550776,6.7930551099708048,-0.073436703649077839,6.7930551099708048,6.7934520441777844
1675,0.74020416955223878,6.7802850027256483,-0.08100159148073155,6.7802850027256483,6.7807688336949488
1676,0.73976252028639611,6.7666541291367324,-0.087572914154703974,6.7666541291367324,6.7672207824672554
1677,0.73932139773404881,6.7522473519233905,-0.093303833261774882,6.7522473519233905,6.7528919661769926
1678,0.73888080095351605,6.7371437743912423,-0.098318960506171726,6.7371437743912423,6.737861148377406
1679,0.73844072900536029,6.7214161019140803,-0.10272045336492158,6.7214161019140803,6.7222009718997073
1680,0.73800118095238088,6.7051305923286328,-0.10659268684748358,6.7051305923286328,6.7059778005202713
1681,0.73756215585960727,6.6883473210450113,-0.1100058508668878,6.6883473210450113,6.6892519143888522
1682,0.73712365279429248,6.6711206008435866,-0.11301873676270863,6.6711206008435866,6.6720778851763365
1683,0.73668567082590608,6.653499464059994,-0.11568091000050329,6.653499464059994,6.6545050297663142
1684,0.7362482090261282,6.6355281551050584,-0.11803441598603981,6.6355281551050584,6.6365778847647912
1685,0.73581126646884265,6.6172466050539107,-0.12011512871025137,6.6172466050539107,6.6183366699075226
1686,0.73537484223013039,6.5986908741389936,-0.12195382443064484,6.5986908741389936,6.5998177238268099
1687,0.73493893538826316,6.5798935561251159,-0.12357704227620364,6.5798935561251159,6.5810539046048362
1688,0.73450354502369664,6.5608841432375673,-0.12500777862831264,6.5608841432375673,6.562074952764843
1689,0.73406867021906452,6.5416893528755455,-0.12626605096459809,6.5416893528755455,6.5429078172591932
1690,0.73363431005917157,6.5223334186613418,-0.12736935851892495,6.5223334186613418,6.5235769465590012
1691,0.73320046363098756,6.5028383489429729,-0.12833306085789009,6.5028383489429729,6.5041045476677661
1692,0.73276713002364058,6.4832241560347104,-0.12917069075427218,6.4832241560347104,6.4845108161481173
1693,0.73233430832841107,6.4635090593782891,-0.12989421415422153,6.4635090593782891,6.4648141402159398
1694,0.73190199763872488,6.4437096656155912,-0.13051424729655581,6.4437096656155912,6.445031281808892
1695,0.73147019705014749,6.4238411282876715,-0.13104023893773475,6.4238411282876715,6.4251775372903959
1696,0.73103890566037733,6.4039172896059071,-0.13148062400822802,6.4039172896059071,6.4052668802012498
1697,0.73060812256923979,6.3839508064574542,-0.13184295375963884,6.3839508064574542,6.3853120882009238
1698,0.7301778468786807,6.3639532625573825,-0.13213400647070139,6.3639532625573825,6.365324856099706
1699,0.7297480776927604,6.3439352684240617,-0.1323598820015025,6.3439352684240617,6.3453158966530685
1700,0.72931881411764699,6.3239065506432066,-0.13252608286700812,6.3239065506432066,6.32529503058222
1701,0.72889005526161077,6.303876031700792,-0.13263758401195691,6.303876031700792,6.3052712671021744
1702,0.72846180023501761,6.2838519015024357,-0.13269889307543914,6.2838519015024357,6.2852528760773998
1703,0.72803404815032291,6.2638416815580076,-0.13271410261947092,6.2638416815580076,6.2652474527872837
1704,0.72760679812206563,6.2438522826767411,-0.13268693554103972,6.2438522826767411,6.2452619761504655
1705,0.72718004926686208,6.2238900569200304,-0.1326207846808457,6.2238900569200304,6.2253028611592383
1706,0.72675380070339968,6.2039608444621859,-0.13251874747393622,6.2039608444621859,6.2053760061781933
1707,0.72632805155243108,6.1840700159244015,-0.13238365635032612,6.1840700159244015,6.1854868356762278
1708,0.72590280093676807,6.1642225106850059,-0.13221810548017893,6.1642225106850059,6.165640338898509
1709,0.72547804798127558,6.144422871598282,-0.13202447436579406,6.144422871598282,6.1458411049140897
1710,0.72505379181286544,6.1246752765130292,-0.13180494870475568,6.1246752765130292,6.1260933544333964
1711,0.72463003156049088,6.1049835669213568,-0.13156153888509009,6.1049835669213568,6.1064009687289316
1712,0.72420676635514014,6.0853512740431395,-0.13129609642004969,6.0853512740431395,6.0867675159672068
1713,0.72378399532983062,6.0657816426059661,-0.13101032858445294,6.0657816426059661,6.0671962752140587
1714,0.72336171761960322,6.046277652554819,-0.13070581147835419,6.046277652554819,6.0476902583497143
1715,0.72293993236151599,6.026842038898689,-0.13038400171100445,6.026842038898689,6.0282522301027424
1716,0.72251863869463862,6.0074773098760925,-0.13004624687215305,6.0074773098760925,6.0088847263865546
1717,0.72209783576004649,5.9881857636037559,-0.12969379493468636,5.9881857636037559,5.9895900711043035
1718,0.72167752270081487,5.9689695033540744,-0.12932780271343403,5.9689695033540744,5.9703703915691584
1719,0.72125769866201273,5.9498304515897953,-0.12894934348887566,5.9498304515897953,5.9512276326697036
1720,0.72083836279069757,5.9307703628710353,-0.12855941388977077,5.9307703628710353,5.9321635698966624
1721,0.72041951423590933,5.9117908357412521,-0.12815894011767093,5.9117908357412521,5.9131798213386295
1722,0.72000115214866434,5.8928933236797718,-0.12774878358502906,5.8928933236797718,5.8942778587352898
1723,0.71958327568195002,5.8740791452108354,-0.12732974603029368,5.8740791452108354,5.8754590176789581
1724,0.71916588399071923,5.8553494932370711,-0.12690257416567202,5.8553494932370711,5.8567245070330483
1725,0.71874897623188405,5.8367054436695742,-0.12646796390616361,5.8367054436695742,5.8380754176403551
1726,0.71833255156431053,5.818147963412823,-0.12602656422336317,5.818147963412823,5.8195127303799854
1727,0.71791660914881295,5.7996779177608992,-0.12557898066191031,5.7996779177608992,5.8010373236299282
1728,0.71750114814814814,5.7812960772524278,-0.12512577855246915,5.7812960772524278,5.7826499801831917
1729,0.71708616772700973,5.7630031240317479,-0.12466748595118538,5.7630031240317479,5.7643513936654722
1730,0.71667166705202312,5.7447996577531413,-0.12420459633230718,5.7447996577531413,5.7461421744915677
1731,0.71625764529173885,5.7266862010690573,-0.1237375710575005,5.7266862010690573,5.7280228554018491
1732,0.71584410161662815,5.7086632047332841,-0.12326684164329599,5.7086632047332841,5.7099938966100829
1733,0.71543103519907669,5.690731052349534,-0.12279281184517055,5.690731052349534,5.692055690593345
1734,0.71501844521337943,5.6728900647931848,-0.12231585957558511,5.6728900647931848,5.6742085665520738
1735,0.71460633083573477,5.6551405043344865,-0.12183633867071092,5.6551405043344865,5.6564527945688008
1736,0.71419469124423962,5.6374825784798031,-0.12135458051976999,5.6374825784798031,5.6387885894823562
1737,0.71378352561888303,5.6199164435588926,-0.12087089556899072,5.6199164435588926,5.6212161145057644
1738,0.71337283314154198,5.6024422080727554,-0.12038557471110761,5.6024422080727554,5.6037354846025389
1739,0.71296261299597463,5.5850599358211728,-0.11989889057070319,5.5850599358211728,5.5863467696406826
1740,0.71255286436781606,5.5677696488274986,-0.11941109869374084,5.5677696488274986,5.5690499973420904
1741,0.71214358644457199,5.55057133007241,-0.11892243864987706,5.55057133007241,5.5518451560392279
1742,0.71173477841561417,5.5334649260536946,-0.11843313505455771,5.5334649260536946,5.5347321972562753
1743,0.71132643947217433,5.5164503491808166,-0.11794339851764551,5.5164503491808166,5.5177110381236023
1744,0.71091856880733939,5.4995274800199283,-0.11745342652452079,5.4995274800199283,5.5007815636413611
1745,0.71051116561604577,5.4826961693958545,-0.11696340425514307,5.4826961693958545,5.4839436287987979
1746,0.71010422909507442,5.46595624036493,-0.11647350534602779,5.46595624036493,5.4671970605632927
1747,0.70969775844304517,5.4493074900631697,-0.11598389259958564,5.4493074900631697,5.4505416597436547
1748,0.70929175286041179,5.4327496914408524,-0.11549471864505928,5.4327496914408524,5.4339772027388538
1749,0.70888621154945675,5.416282594893115,-0.1150061265546144,5.416282594893115,5.4175034431818494
1750,0.70848113371428567,5.3999059297876375,-0.1145182504182799,5.3999059297876375,5.4011201134796618
1751,0.70807651856082232,5.3836194059021558,-0.11403121588052773,5.3836194059021558,5.3848269262624839
1752,0.70767236529680355,5.3674227147744578,-0.11354514064165866,5.3674227147744578,5.368623575744544
1753,0.70726867313177411,5.3513155309713767,-0.11306013492642142,5.3513155309713767,5.3525097390032883
1754,0.70686544127708095,5.3352975132821623,-0.11257630192236767,5.3352975132821623,5.3364850771822958
1755,0.70646266894586884,5.3193683058411896,-0.11209373819009077,5.3193683058411896,5.3205492366229636
1756,0.7060603553530751,5.3035275391830492,-0.11161253404738108,5.3035275391830492,5.3047018499279943
1757,0.70565849971542394,5.2877748312369643,-0.111132773929213,5.2877748312369643,5.2889425369637282
1758,0.70525710125142205,5.2721097882620747,-0.11065453672514219,5.2721097882620747,5.2732709058028338
1759,0.70485615918135303,5.2565320057281131,-0.11017789609592799,5.2565320057281131,5.2576865536119728
1760,0.70445567272727272,5.2410410691441367,-0.10970292077046961,5.2410410691441367,5.2421890674870815
1761,0.70405564111300389,5.225636554840273,-0.10922967482485868,5.225636554840273,5.2267780252412921
1762,0.70365606356413157,5.2103180307036592,-0.10875821794431334,5.2103180307036592,5.2114529961466678
1763,0.70325693930799771,5.1950850568706688,-0.1082886056694643,5.1950850568706688,5.1962135416319022
1764,0.70285826757369607,5.1799371863818724,-0.10782088962795117,5.1799371863818724,5.1810592159424225
1765,0.70246004759206793,5.1648739657958576,-0.10735511775223028,5.1648739657958576,5.1659895667590563
1766,0.70206227859569648,5.1498949357712114,-0.10689133448462484,5.1498949357712114,5.151004135784583
1767,0.70166495981890209,5.1349996316123541,-0.10642958097031663,5.1349996316123541,5.1361024592938689
1768,0.70126809049773753,5.1201875837859827,-0.10596989523925199,5.1201875837859827,5.1212840686543801
1769,0.70087166986998295,5.1054583184069493,-0.10551231237741249,5.1054583184069493,5.1065484908158796
1770,0.70047569717514124,5.0908113576962375,-0.10505686468837222,5.0908113576962375,5.0918952487720288
1771,0.70008017165443248,5.0762462204139194,-0.10460358184562801,5.0762462204139194,5.077323861996744
1772,0.69968509255079003,5.0617624222659252,-0.10415249103630853,5.0617624222659252,5.0628338468541978
1773,0.69929045910885501,5.0473594762883351,-0.10370361709677128,5.0473594762883351,5.0484247169861431
1774,0.69889627057497172,5.033036893209621,-0.10325698264069083,5.033036893209621,5.034095983677032
1775,0.698502526197183,5.0187941817918524,-0.10281260817992771,5.0187941817918524,5.0198471561979359
1776,0.69810922522522523,5.0046308491528322,-0.10237051223882745,5.0046308491528322,5.0056777421312537
1777,0.6977163669105233,4.9905464010688299,-0.10193071146212848,4.9905464010688299,4.9915872476758558
1778,0.69732395050618667,4.9765403422606944,-0.10149322071703523,4.9765403422606944,4.977575177935508
1779,0.6969319752670039,4.9626121766636935,-0.10105805318973293,4.9626121766636935,4.9636410371908708
1780,0.69654044044943819,4.948761407680287,-0.1006252204766844,4.948761407680287,4.9497843291543271
1781,0.69614934531162265,4.9349875384199482,-0.10019473267093681,4.9349875384199482,4.9360045572117519
1782,0.6957586891133557,4.9212900719238686,-0.09976659844393776,4.9212900719238686,4.922301224649047
1783,0.69536847111609645,4.9076685113768033,-0.099340825122870485,4.9076685113768033,4.9086738348657368
1784,0.69497869058295958,4.8941223603068273,-0.098917418763943721,4.8941223603068273,4.8951218915763679
1785,0.69458934677871143,4.8806511227724894,-0.09849638422179563,4.8806511227724894,4.8816448989992214
1786,0.6942004389697648,4.8672543035399247,-0.098077725215234113,4.8672543035399247,4.8682423620349171
1787,0.69381196642417453,4.8539314082484797,-0.097661444389554791,4.8539314082484797,4.854913786433424
1788,0.69342392841163303,4.8406819435663291,-0.097247543375588219,4.8406819435663291,4.8416586789510143
1789,0.69303632420346561,4.8275054173375249,-0.096836022845688374,4.8275054173375249,4.8284765474985711
1790,0.69264915307262565,4.8144013387195326,-0.096426882566809619,4.8144013387195326,4.8153669012803153
1791,0.69226241429369062,4.801369218311736,-0.09602012145088093,4.801369218311736,4.8023292509234405
1792,0.69187610714285708,4.7884085682769228,-0.095615737602525563,4.7884085682769228,4.7893631086006758
1793,0.69149023089793638,4.7755189024548237,-0.095213728364410138,4.7755189024548237,4.7764679881448364
1794,0.69110478483835003,4.762699736467729,-0.094814090360226116,4.762699736467729,4.763643405155408
1795,0.69071976824512527,4.7499505878204573,-0.094416819535509677,4.7499505878204573,4.750888877099432
1796,0.69033518040089081,4.7372709759931464,-0.094021911196360913,4.7372709759931464,4.7382039234051625
1797,0.68995102058987201,4.7246604225278528,-0.093629360046254939,4.7246604225278528,4.7255880655494868
1798,0.68956728809788648,4.7121184511094434,-0.093239160220941975,4.7121184511094434,4.7130408271396051
1799,0.68918398221234012,4.6996445876413997,-0.092851305321612121,4.6996445876413997,4.70056173398957
1800,0.68880110222222213,4.6872383603160443,-0.092465788446416369,4.6872383603160443,4.6881503141912217
1801,0.68841864741810099,4.6748992996795096,-0.092082602220362991,4.6748992996795096,4.6758060981798257
1802,0.68803661709211983,4.6626269386926538,-0.091701738823757678,4.6626269386926538,4.6635286187956133
1803,0.68765501053799216,4.6504208127867415,-0.091323190019213463,4.6504208127867415,4.6513174113400799
1804,0.68727382705099771,4.6382804599165119,-0.090946947177306059,4.6382804599165119,4.6391720136296088
1805,0.68689306592797783,4.6262054206065155,-0.090573001300956801,4.6262054206065155,4.6270919660423617
1806,0.68651272646733108,4.614195237996638,-0.090201343048625454,4.614195237996638,4.6150768115643128
1807,0.68613280796900933,4.6022494578820474,-0.08983196275633229,4.6022494578820474,4.603126095829686
1808,0.68575330973451321,4.5903676287505171,-0.089464850458585404,4.5903676287505171,4.5912393671587441
1809,0.68537423106688777,4.5785493018159631,-0.089099995908287793,4.5785493018159631,4.57941617659176
1810,0.6849955712707182,4.5667940310503923,-0.088737388595663574,4.5667940310503923,4.5676560779213959
1811,0.68461732965212585,4.5551013732103804,-0.088377017766235244,4.5551013732103804,4.5559586277195656
1812,0.68423950551876378,4.5434708878636432,-0.088018872437928025,4.5434708878636432,4.5443233853643923
1813,0.68386209817981247,4.5319021374111088,-0.08766294141729894,4.5319021374111088,4.5327499130626334
1814,0.68348510694597564,4.5203946871065863,-0.087309213315030443,4.5203946871065863,4.521237775869694
1815,0.68310853112947656,4.5089481050758433,-0.086957676560592834,4.5089481050758433,4.5097865417090253
1816,0.68273237004405285,4.4975619623306144,-0.086608319416197371,4.4975619623306144,4.4983957813864386
1817,0.68235662300495314,4.4862358327841019,-0.08626112999011229,4.4862358327841019,4.4870650686058964
1818,0.68198128932893287,4.4749692932603224,-0.08591609624925145,4.4749692932603224,4.4757939799791382
1819,0.68160636833424959,4.4637619235053787,-0.085573206031185567,4.4637619235053787,4.4645820950372164
1820,0.68123185934065933,4.4526133061946069,-0.08523244705554392,4.4526133061946069,4.4534289962378821
1821,0.68085776166941236,4.4415230269389063,-0.084893806934845162,4.4415230269389063,4.4423342689721625
1822,0.68048407464324911,4.430490674289592,-0.084557273184813903,4.430490674289592,4.431297501569432
1823,0.68011079758639603,4.4195158397407557,-0.084222833234164685,4.4195158397407557,4.420318285299988
1824,0.67973792982456138,4.408598117731561,-0.083890474433907514,4.408598117731561,4.4093962143775425
1825,0.67936547068493147,4.3977371056468861,-0.083560184066173826,4.3977371056468861,4.3985308859600636
1826,0.67899341949616643,4.3869324038149866,-0.08323194935264186,4.3869324038149866,4.3877219001476124
1827,0.6786217755883962,4.3761836155066725,-0.082905757462485907,4.3761836155066725,4.376968859981698
1828,0.67825053829321658,4.3654903469314643,-0.082581595519958945,4.3654903469314643,4.3662713714415897
1829,0.67787970694368505,4.3548522072332325,-0.082259450611603752,4.3548522072332325,4.3556290434401177
1830,0.67750928087431694,4.3442688084847063,-0.081939309793071458,4.3442688084847063,4.3450414878183263
1831,0.67713925942108133,4.3337397656813632,-0.081621160095593559,4.3337397656813632,4.3345083193394967
1832,0.67676964192139732,4.3232646967340109,-0.081304988532151928,4.3232646967340109,4.324029155681866
1833,0.67640042771412978,4.3128432224606001,-0.080990782103313091,4.3128432224606001,4.3136036174305632
1834,0.67603161613958551,4.302474966577563,-0.080678527802760636,4.302474966577563,4.3032313280690619
1835,0.67566320653950951,4.2921595556900769,-0.080368212622555668,4.2921595556900769,4.2929119139695588
1836,0.67529519825708051,4.2818966192816905,-0.080059823558103815,4.2818966192816905,4.2826450043827036
1837,0.67492759063690799,4.2716857897031026,-0.079753347612874614,4.2716857897031026,4.2724302314264753
1838,0.67456038302502719,4.2615267021608396,-0.079448771802894058,4.2615267021608396,4.2622672300749551
1839,0.67419357476889608,4.2514189947050269,-0.079146083160943181,4.2514189947050269,4.2521556381461885
1840,0.67382716521739128,4.2413623082162246,-0.078845268740587005,4.2413623082162246,4.2420950962891011
1841,0.67346115372080384,4.2313562863927707,-0.078546315619968887,4.2313562863927707,4.2320852479709208
1842,0.67309553963083602,4.2214005757361903,-0.07824921090538392,4.2214005757361903,4.2221257394626646
1843,0.67273032230059682,4.2114948255378213,-0.077953941734681037,4.2114948255378213,4.2122162198258311
1844,0.67236550108459869,4.2016386878635945,-0.077660495280463648,4.2016386878635945,4.2023563408972491
1845,0.67200107533875331,4.1918318175394589,-0.077368858753116249,4.1918318175394589,4.1925457572745612
1846,0.67163704442036831,4.1820738721355539,-0.077079019403656246,4.1820738721355539,4.1827841263004597
1847,0.67127340768814292,4.1723645119507555,-0.07679096452643322,4.1723645119507555,4.1730711080472815
1848,0.67091016450216445,4.162703399996861,-0.076504681461670859,4.162703399996861,4.1634063653012516
1849,0.67054731422390479,4.1530902019816427,-0.076220157597835514,4.1530902019816427,4.1537895635455779
1850,0.67018485621621615,4.143524586293017,-0.075937380373928137,4.143524586293017,4.1442203709446694
