wavelength_nm,photon_energy_eV,chi2_real_pm_per_V,chi2_imag_pm_per_V,chi2_abs_real_pm_per_V,chi2_abs_pm_per_V
400,3.0996049599999997,0.13688558108669707,0.00063341901555726476,0.13688558108669707,0.13688704660811404
401,3.0918752718204487,0.13810717844984582,0.00064225617850635261,0.13810717844984582,0.13810867182178094
402,3.084184039800995,0.13933928798850087,0.00065121572420848649,0.13933928798850087,0.13934080974022592
403,3.0765309776674936,0.14058201280594823,0.00066029946301202395,0.14058201280594823,0.14058356347721682
404,3.0689158019801979,0.14183545727165314,0.00066950923551285161,0.14183545727165314,0.14183703741292461
405,3.0613382320987652,0.14309972704037571,0.00067884691313542609,0.14309972704037571,0.14310133721304463
406,3.0537979901477832,0.14437492907163835,0.00068831439872658949,0.14437492907163835,0.14437656984826902
407,3.0462948009828006,0.14566117164953785,0.00069791362716241172,0.14566117164953785,0.14566284361410464
408,3.0388283921568626,0.14695856440293104,0.00070764656596855537,0.14695856440293104,0.14696026815106442
409,3.0313984938875302,0.14826721832596884,0.00071751521595427806,0.14826721832596884,0.14826895446520702
410,3.0240048390243901,0.14958724579902838,0.00072752161186058202,0.14958724579902838,0.14958901494907526
411,3.0166471630170313,0.15091876061000675,0.00073766782302280638,0.15091876061000675,0.15092056340299573
412,3.009325203883495,0.15226187797602375,0.00074795595404802072,0.15226187797602375,0.15226371505678804
413,3.0020387021791763,0.15361671456551496,0.00075838814550760665,0.15361671456551496,0.15361858659186439
414,2.9947874009661835,0.15498338852073412,0.00076896657464541117,0.15498338852073412,0.15498529616373852
415,2.9875710457831324,0.1563620194806854,0.00077969345610189055,0.1563620194806854,0.15636396342496478
416,2.9803893846153846,0.15775272860445583,0.00079057104265457421,0.15775272860445583,0.15775470954847776
417,2.9732421678657071,0.15915563859501758,0.00080160162597539162,0.15915563859501758,0.15915765725140157
418,2.9661291483253587,0.16057087372344553,0.00081278753740518191,0.16057087372344553,0.16057293081927496
419,2.9590500811455844,0.16199855985361206,0.00082413114874588874,0.16199855985361206,0.16200065613075354
420,2.9520047238095235,0.16343882446733177,0.00083563487307088298,0.16343882446733177,0.16344096068276268
421,2.9449928361045128,0.16489179668999099,0.00084730116555388501,0.16489179668999099,0.16489397361613453
422,2.9380141800947865,0.16635760731665417,0.00085913252431694996,0.16635760731665417,0.16635982574172301
423,2.9310685200945623,0.16783638883868729,0.00087113149129808146,0.16783638883868729,0.16783864956703556
424,2.9241556226415093,0.16932827547085738,0.00088330065313885382,0.16932827547085738,0.16933057932334136
425,2.9172752564705879,0.17083340317898027,0.00089564264209276317,0.17083340317898027,0.17083575099332801
426,2.9104271924882625,0.17235190970807762,0.00090816013695462438,0.17235190970807762,0.17235430233926768
427,2.9036112037470723,0.17388393461109758,0.00092085586401175618,0.17388393461109758,0.17388637293174741
428,2.8968270654205606,0.17542961927816864,0.00093373259801748237,0.17542961927816864,0.1754321041789324
429,2.8900745547785545,0.17698910696643466,0.00094679316318745446,0.17698910696643466,0.17699163935641116
430,2.8833534511627903,0.1785625428304648,0.00096004043421949728,0.1785625428304648,0.17856512363761548
431,2.8766635359628769,0.18015007395326244,0.00097347733733763866,0.18015007395326244,0.18015270412484022
432,2.8700045925925926,0.18175184937787148,0.00098710685136080886,0.18175184937787148,0.18175452988086013
433,2.8633764064665126,0.18336802013960946,0.0010009320087970611,0.18336802013960946,0.18337075196117417
434,2.8567787649769585,0.1849987392989404,0.0010149558969638991,0.1849987392989404,0.18500152344688972
435,2.8502114574712643,0.18664416197498279,0.0010291816591354226,0.18664416197498279,0.18664699947824268
436,2.8436742752293576,0.18830444537969915,0.0010436124957170492,0.18830444537969915,0.1883073372887985
437,2.8371670114416472,0.18997974885275337,0.0010582516654485427,0.18997974885275337,0.18998269624032255
438,2.8306894611872142,0.19167023389706889,0.0010731024866361496,0.19167023389706889,0.1916732378583508
439,2.8242414214123004,0.19337606421510062,0.0010881683384145811,0.19337606421510062,0.19337912586847486
440,2.8178226909090909,0.1950974057458294,0.0011034526620397711,0.1950974057458294,0.19510052623335017
441,2.8114330702947843,0.19683442670250612,0.0011189589622131219,0.19683442670250612,0.19683760719045373
442,2.8050723619909501,0.19858729761116822,0.0011346908084381908,0.19858729761116822,0.19859053929061538
443,2.7987403702031601,0.20035619134991478,0.0011506518364108004,0.20035619134991478,0.20035949543730713
444,2.7924369009009009,0.20214128318900532,0.0011668457494432368,0.20214128318900532,0.20214465092675749
445,2.7861617617977528,0.20394275083176783,0.0011832763199238496,0.20394275083176783,0.20394618348887489
446,2.7799147623318383,0.20576077445634122,0.0011999473908127231,0.20576077445634122,0.20576427332900638
447,2.7736957136465321,0.20759553675827919,0.0012168628771746493,0.20759553675827919,0.2075991031705578
448,2.7675044285714283,0.20944722299404639,0.0012340267677503668,0.20944722299404639,0.20945085829850715
449,2.7613407216035633,0.21131602102539304,0.0012514431265671254,0.21131602102539304,0.21131972660379669
450,2.7552044088888885,0.21320212136466526,0.001269116094589766,0.21320212136466526,0.21320589862866132
451,2.7490953082039908,0.21510571722105998,0.0012870498914134818,0.21510571722105998,0.2151095676129019
452,2.7430132389380528,0.21702700454784285,0.0013052488169992813,0.21702700454784285,0.21703092954112252
453,2.7369580220750551,0.21896618209056534,0.0013237172534536516,0.21896618209056534,0.21897018319096714
454,2.7309294801762114,0.22092345143629183,0.0013424596668535071,0.22092345143629183,0.22092753018236708
455,2.7249274373626373,0.22289901706385795,0.0013614806091176855,0.22289901706385795,0.2229031750278202
456,2.7189517192982455,0.2248930863952231,0.0013807847199266035,0.2248930863952231,0.22489732518376485
457,2.7130021531728663,0.22690586984788846,0.0014003767286911843,0.22690586984788846,0.22691019110302021
458,2.7070785676855893,0.2289375808884444,0.0014202614565726628,0.2289375808884444,0.22894198628835657
459,2.701180793028322,0.23098843608727954,0.0014404438185547084,0.23098843608727954,0.23099292734722773
460,2.6953086608695651,0.23305865517443897,0.0014609288255694429,0.23305865517443897,0.23306323404765372
461,2.6894620043383948,0.23514846109671983,0.0014817215866788865,0.23514846109671983,0.2351531293753413
462,2.6836406580086578,0.23725808007598426,0.0015028273113135097,0.23725808007598426,0.23726283959202246
463,2.6778444578833693,0.23938774166874566,0.0015242513115695864,0.23938774166874566,0.23939259429506779
464,2.67207324137931,0.24153767882705579,0.0015459990045671385,0.24153767882705579,0.24154262647840047
465,2.6663268473118276,0.24370812796073038,0.0015680759148701709,0.24370812796073038,0.24371317259475025
466,2.6606051158798283,0.24589932900093758,0.0015904876769712133,0.24589932900093758,0.24590447261927126
467,2.6549078886509636,0.24811152546519044,0.0016132400378420383,0.24811152546519044,0.24811677011456426
468,2.6492350085470084,0.25034496452378541,0.0016363388595525409,0.25034496452378541,0.25035031229714627
469,2.6435863198294243,0.25259989706770458,0.0016597901219598853,0.25259989706770458,0.25260535010538454
470,2.6379616680851061,0.25487657777804973,0.0016835999254700249,0.25487657777804973,0.254882138268964
471,2.6323609002123138,0.25717526519701994,0.0017077744938738715,0.25717526519701994,0.25718093537989839
472,2.6267838644067796,0.25949622180048704,0.0017323201772603777,0.25949622180048704,0.25950200396514111
473,2.6212304101479913,0.26183971407221118,0.0017572434550088434,0.26183971407221118,0.26184561056083694
474,2.6157003881856538,0.26420601257973864,0.0017825509388630107,0.26420601257973864,0.26421202578825709
475,2.6101936505263157,0.26659539205201355,0.0018082493760893576,0.26659539205201355,0.26660152443144985
476,2.6047100504201679,0.26900813145878832,0.0018343456527223248,0.26900813145878832,0.26901438551669016
477,2.5992494423480084,0.27144451409181014,0.001860846796899243,0.27144451409181014,0.27145089239370801
478,2.5938116820083681,0.27390482764792157,0.0018877599822874633,0.27390482764792157,0.2739113328188309
479,2.5883966263048013,0.27638936431404071,0.001915092531607065,0.27638936431404071,0.27639599904000806
480,2.5830041333333331,0.27889842085413463,0.0019428519202517409,0.27889842085413463,0.27890518788382912
481,2.5776340623700622,0.28143229869820652,0.0019710457800112971,0.28143229869820652,0.28143920084455798
482,2.5722862738589209,0.28399130403335859,0.0019996819028987502,0.28399130403335859,0.28399834417524389
483,2.5669606293995857,0.28657574789699902,0.0020287682450855823,0.28657574789699902,0.28658292898097854
484,2.561656991735537,0.28918594627222216,0.002058312930948502,0.28918594627222216,0.28919327131432759
485,2.556375224742268,0.29182222018547821,0.0020883242572313004,0.29182222018547821,0.29182969227305344
486,2.5511151934156375,0.2944848958065166,0.0021188106973256066,0.2944848958065166,0.29449251810011412
487,2.5458767638603694,0.29717430455074145,0.0021497809056743779,0.29717430455074145,0.29718208028607518
488,2.5406598032786882,0.29989078318399631,0.0021812437223021081,0.29989078318399631,0.29989871567395349
489,2.5354641799591002,0.30263467392986942,0.0022132081774758495,0.30263467392986942,0.30264276656658301
490,2.5302897632653059,0.3054063245795966,0.0022456834965015509,0.3054063245795966,0.3054145808365808
491,2.5251364236252543,0.30820608860458876,0.002278679104659868,0.30820608860458876,0.30821451203893957
492,2.5200040325203252,0.31103432527173858,0.0023122046322864064,0.31103432527173858,0.31104291952640112
493,2.5148924624746449,0.31389139976150082,0.0023462699200009355,0.31389139976150082,0.31390016856760655
494,2.5098015870445343,0.316777683288886,0.0023808850240906888,0.316777683288886,0.3167866304681618
495,2.5047312808080808,0.31969355322741921,0.0024160602220528477,0.31969355322741921,0.31970268269467073
496,2.4996814193548387,0.32263939323616431,0.0024518060183016882,0.32263939323616431,0.32264870900183629
497,2.4946518792756538,0.32561559338990165,0.0024881331500457415,0.32561559338990165,0.32562509956271818
498,2.4896425381526104,0.32862255031252152,0.0025250525933409925,0.32862255031252152,0.32863225110220828
499,2.4846532745490979,0.33166066731379662,0.0025625755693259589,0.33166066731379662,0.33167056703388886
500,2.4796839679999998,0.33473035452953359,0.0026007135506448233,0.33473035452953359,0.33474045760027232
501,2.4747344990019959,0.33783202906530652,0.0026394782680653857,0.33783202906530652,0.33784234001662622
502,2.4698047490039841,0.34096611514379371,0.0026788817172980353,0.34096611514379371,0.3409766386184046
503,2.464894600397614,0.3441330442558812,0.0027189361660233686,0.3441330442558812,0.34414378501244963
504,2.4600039365079365,0.34733325531560411,0.0027596541611350335,0.34733325531560411,0.34734421823203521
505,2.4551326415841581,0.35056719481907839,0.0028010485362059212,0.35056719481907839,0.35057838489590287
506,2.4502806007905136,0.35383531700751114,0.0028431324191850052,0.35383531700751114,0.35384673937138222
507,2.4454477001972386,0.35713808403443426,0.0028859192403335151,0.35713808403443426,0.35714974394173704
508,2.4406338267716534,0.3604759661372714,0.002929422740408391,0.3604759661372714,0.36048786897784962
509,2.4358388683693515,0.3638494418133883,0.0029736569791021222,0.3638494418133883,0.36386159311439231
510,2.4310627137254901,0.36725899800073825,0.0030186363437479892,0.36725899800073825,0.36727140343059939
511,2.4263052524461837,0.37070513026328711,0.0030643755583003992,0.37070513026328711,0.37071779563582186
512,2.4215663749999998,0.37418834298131609,0.0031108896925999508,0.37418834298131609,0.37420127425996635
513,2.4168459727095515,0.37770914954677037,0.0031581941719336501,0.37770914954677037,0.37772235284898376
514,2.4121439377431906,0.38126807256383821,0.0032063047869011338,0.38126807256383821,0.38128155416559389
515,2.407460163106796,0.38486564405487833,0.0032552377035978608,0.38486564405487833,0.38487941039536427
516,2.4027945426356587,0.3885024056718932,0.0033050094741269281,0.3885024056718932,0.38851646335834
517,2.3981469709864602,0.39217890891372553,0.00335563704745171,0.39217890891372553,0.39219326472640303
518,2.3935173436293433,0.3958957153491286,0.0034071377806016798,0.3958957153491286,0.39591037624651149
519,2.388905556840077,0.39965339684593326,0.0034595294502450221,0.39965339684593326,0.39966836997004168
520,2.3843115076923076,0.40345253580648321,0.0035128302646409287,0.40345253580648321,0.40346782848840596
521,2.379735094049904,0.40729372540955566,0.003567058875986664,0.40729372540955566,0.40730934517516199
522,2.3751762145593869,0.41117756985894682,0.0036222343931735946,0.41117756985894682,0.41119352443479473
523,2.3706347686424474,0.41510468463898709,0.0036783763949679938,0.41510468463898709,0.41512098195843578
524,2.3661106564885492,0.4190756967771635,0.0037355049436326379,0.4190756967771635,0.41909234498669745
525,2.361603779047619,0.42309124511409812,0.0037936405990060124,0.42309124511409812,0.42310825257987145
526,2.3571140380228135,0.42715198058115578,0.0038528044330567602,0.42715198058115578,0.42716935589576588
527,2.3526413358633773,0.43125856648586292,0.0039130180449314864,0.43125856648586292,0.43127631847536146
528,2.3481855757575758,0.43541167880547726,0.003974303576515098,0.43541167880547726,0.43542981653662904
529,2.3437466616257088,0.43961200648890109,0.0040366837285238395,0.43961200648890109,0.43963053927669965
530,2.3393244981132075,0.4438602517673117,0.0041001817771513255,0.4438602517673117,0.44387918918276292
531,2.3349189905838039,0.44815713047367134,0.0041648215912897316,0.44815713047367134,0.44817648235185492
532,2.3305300451127819,0.45250337237156713,0.0042306276503485535,0.45250337237156713,0.45252314881998801
533,2.3261575684803,0.45689972149357683,0.0042976250626947758,0.45689972149357683,0.45691993290081756
534,2.3218014681647938,0.46134693648954361,0.0043658395847389272,0.46134693648954361,0.46136759353423024
535,2.3174616523364486,0.46584579098510304,0.004435297640693267,0.46584579098510304,0.46586690464519787
536,2.3131380298507462,0.47039707395076713,0.0045060263430286261,0.47039707395076713,0.47041865551320089
537,2.3088305102420854,0.47500159008199039,0.0045780535136585934,0.47500159008199039,0.47502365115264861
538,2.3045390037174718,0.4796601601905861,0.0046514077058802429,0.4796601601905861,0.47968271270466384
539,2.3002634211502779,0.48437362160782405,0.0047261182271023106,0.48437362160782405,0.484396677840565
540,2.2960036740740741,0.4891428285997419,0.00480221516239333,0.4891428285997419,0.4891664011775772
541,2.2917596746765247,0.49396865279497248,0.0048797293988831082,0.49396865279497248,0.49399275470707699
542,2.287531335793358,0.49885198362564886,0.004958692651053212,0.49885198362564886,0.49887662823593198
543,2.2833185709023938,0.50379372878173756,0.005039137486953494,0.50379372878173756,0.50381892984128673
544,2.2791212941176471,0.50879481467939125,0.005121097355382756,0.50879481467939125,0.50882058633938876
545,2.274939420183486,0.51385618694376212,0.0052046066140753085,0.51385618694376212,0.51388254376889464
546,2.2707728644688645,0.51897881090680276,0.0052897005589342874,0.51897881090680276,0.51900576788918462
547,2.2666215429616088,0.5241636721206302,0.0053764154543579044,0.5241636721206302,0.52419124469426359
548,2.2624853722627734,0.52941177688698504,0.0054647885647039068,0.52941177688698504,0.52943998094278055
549,2.2583642695810564,0.53472415280341923,0.0055548581869418606,0.53472415280341923,0.53475300470479969
550,2.2542581527272727,0.54010184932682059,0.0056466636845443167,0.54010184932682059,0.54013136592593658
551,2.2501669401088926,0.5455459383548551,0.0057402455226703807,0.5455459383548551,0.54557613700943697
552,2.2460905507246376,0.55105751482612786,0.0058356453046984891,0.55105751482612786,0.55108841341700365
553,2.2420289041591319,0.55663769733963897,0.0059329058101669965,0.55663769733963897,0.55666931428894828
554,2.2379819205776172,0.56228762879433902,0.0060320710341849656,0.56228762879433902,0.56231998308447284
555,2.2339495207207207,0.56800847704950952,0.0061331862283781624,0.56800847704950952,0.56804158824281092
556,2.2299316258992805,0.57380143560679886,0.0062362979434387057,0.57380143560679886,0.57383532386605718
557,2.2259281579892281,0.57966772431473035,0.0063414540733501695,0.57966772431473035,0.57970241042450621
558,2.2219390394265233,0.58560859009652222,0.0064487039013635325,0.58560859009652222,0.58564409548534169
559,2.2179641932021466,0.59162530770218535,0.0065580981478033026,0.59162530770218535,0.59166165446564278
560,2.2140035428571427,0.59771918048580597,0.0066696890197872685,0.59771918048580597,0.5977563914106182
561,2.2100570124777184,0.60389154120898514,0.0067835302629472172,0.60389154120898514,0.60392963979804126
562,2.2061245266903913,0.61014375287155942,0.0068996772152431166,0.61014375287155942,0.61018276337001287
563,2.2022060106571932,0.61647720957054908,0.0070181868629673617,0.61647720957054908,0.61651715699300225
564,2.1983013900709216,0.6228933373886032,0.0071391178990412221,0.6228933373886032,0.62293424754743476
565,2.1944105911504423,0.62939359531303585,0.0072625307837111738,0.62939359531303585,0.62943549484792627
566,2.1905335406360424,0.6359794761867148,0.0073884878077574937,0.6359794761867148,0.6360223925954287
567,2.1866701657848324,0.64265250769210169,0.0075170531583347543,0.64265250769210169,0.64269646936258484
568,2.182820394366197,0.64941425336984038,0.0076482929875690484,0.64941425336984038,0.64945928961369925
569,2.1789841546572934,0.6562663136732183,0.0077822754840452674,0.6562663136732183,0.65631245476064559
570,2.1751613754385963,0.66321032706010241,0.0079190709473220093,0.66321032706010241,0.66325760425632263
571,2.1713519859894919,0.67024797112380163,0.0080587518656227049,0.67024797112380163,0.67029641672711049
572,2.167555916083916,0.67738096376460843,0.0082013929968568523,0.67738096376460843,0.67743061114608516
573,2.1637730959860382,0.68461106440359987,0.0083470714531353254,0.68461106440359987,0.68466194804857794
574,2.1600034564459927,0.6919400752405962,0.0084958667889520612,0.6919400752405962,0.69199223079197758
575,2.1562469286956518,0.69936984255812673,0.0086478610932149147,0.69936984255812673,0.69942330686163612
576,2.1525034444444442,0.70690225807337081,0.0088031390853170362,0.70690225807337081,0.70695706922484769
577,2.1487729358752166,0.71453926034015702,0.0089617882154530253,0.71453926034015702,0.71459545773498823
578,2.1450553356401381,0.72228283620318479,0.0091238987693944111,0.72228283620318479,0.72234046058799095
579,2.1413505768566492,0.73013502230678262,0.0092895639779515017,0.73013502230678262,0.73019411583347227
580,2.1376585931034482,0.73809790666059083,0.0094588801313616605,0.73809790666059083,0.73815851294290835
581,2.133979318416523,0.74617363026467287,0.0096319466988586955,0.74617363026467287,0.74623579443736843
582,2.1303126872852234,0.75436438879671841,0.0098088664536915456,0.75436438879671841,0.75442815757748127
583,2.1266586346483702,0.76267243436416843,0.0099897456038777893,0.76267243436416843,0.76273785611846812
584,2.1230170958904107,0.77110007732412433,0.010174693928992843,0.77110007732412433,0.77116720213311674
585,2.1193880068376068,0.77964968817416658,0.010363824923314679,0.77964968817416658,0.77971856790582861
586,2.1157713037542663,0.78832369951732528,0.010557255945662654,0.78832369951732528,0.78839438790099492
587,2.1121669233390117,0.79712460810463615,0.010755108376289266,0.79712460810463615,0.79719716080914105
588,2.1085748027210882,0.80605497695882566,0.010957507781205571,0.80605497695882566,0.80612945167439964
589,2.1049948794567062,0.81511743758299482,0.011164584084344623,0.81511743758299482,0.81519389410718968
590,2.1014270915254234,0.82431469225825404,0.011376471747991494,0.82431469225825404,0.82439319258607002
591,2.0978713773265651,0.83364951643447305,0.01159330996193517,0.83364951643447305,0.83373012485294318
592,2.0943276756756757,0.8431247612187498,0.0118152428418264,0.8431247612187498,0.84320754440623058
593,2.0907959258010118,0.85274335596603956,0.012042419637255348,0.85274335596603956,0.85282838309647235
594,2.087276067340067,0.86250831097714986,0.01227499495009593,0.86250831097714986,0.86259565382958014
595,2.0837680403361345,0.87242272030911971,0.012513128963697866,0.87242272030911971,0.8725124533827735
596,2.0802717852348991,0.88248976470365403,0.012756987683545884,0.88248976470365403,0.88258196533889632
597,2.0767872428810721,0.89271271463925905,0.013006743190043659,0.89271271463925905,0.89280746314477399
598,2.0733143545150501,0.90309493351346148,0.013262573904124851,0.90309493351346148,0.90319231330002236
599,2.0698530617696158,0.91363988096138393,0.013524664866437892,0.91363988096138393,0.91373997868260159
600,2.0664033066666665,0.92435111631781464,0.013793208030902025,0.92435111631781464,0.92445402201827964
601,2.0629650316139765,0.93523230222978304,0.014068402573483532,0.93523230222978304,0.93533810950104557
602,2.0595381794019931,0.94628720842763681,0.014350455217099239,0.94628720842763681,0.946396014572498
603,2.0561226932006633,0.95751971566253813,0.01463958057361419,0.95751971566253813,0.9576316218681582
604,2.0527185165562911,0.96893381981926385,0.01493600150396826,0.96893381981926385,0.96904893133962855
605,2.0493255933884296,0.98053363621328193,0.015239949497535071,0.98053363621328193,0.98065206256160409
606,2.0459438679867987,0.99232340408197706,0.015551665071893511,0.99232340408197706,0.99244525923365212
607,2.042573285008237,1.0043074912803145,0.015871398194275271,1.0043074912803145,1.004432893887093
608,2.0392137894736839,1.016490399191833,0.016199408726039193,1.016490399191833,1.0166194728079161
609,2.0358653267651885,1.0288767678667043,0.016535966891618313,1.0288767678667043,1.029009641187524
610,2.0325278426229505,1.0414713813991261,0.016881353773491016,1.0414713813991261,1.0416081885136224
611,2.0292012831423896,1.0542791735572958,0.017235861834834283,1.0542791735572958,1.0544200542145641
612,2.0258855947712417,1.0673052336797721,0.017599795471643871,1.0673052336797721,1.0674503335710175
613,2.0225807243066884,1.0805548128532219,0.017973471596227829,1.0805548128532219,1.0807042839100258
614,2.019286618892508,1.0940333303873939,0.018357220254129988,1.0940333303873939,1.0941873310973727
615,2.0160032260162599,1.1077463806039489,0.018751385276682422,1.1077463806039489,1.1079050763449654
616,2.0127304935064934,1.1216997399573825,0.019156324971558635,1.1216997399573825,1.1218633033515606
617,2.0094683695299835,1.1358993745069448,0.019572412853874038,1.1358993745069448,1.1360679857958285
618,2.0062168025889968,1.1503514477601002,0.020000038420573206,1.1503514477601002,1.1505252952024059
619,2.0029757415185783,1.165062328909209,0.020439607971057532,1.165062328909209,1.1652416092027267
620,1.9997451354838709,1.1800386014847239,0.020891545477230884,1.1800386014847239,1.1802235202140525
621,1.9965249339774556,1.195287072449803,0.021356293506392544,1.195287072449803,1.1954778445617267
622,1.9933150868167202,1.2108147817627457,0.021834314200675449,1.2108147817627457,1.2110116320712114
623,1.9901155441412519,1.2266290124357453,0.022326090317020875,1.2266290124357453,1.226832176158555
624,1.9869262564102563,1.2427373011204006,0.022832126332001344,1.2427373011204006,1.242947024449899
625,1.9837471743999999,1.2591474492523482,0.02335294961615416,1.2591474492523482,1.2593639899625801
626,1.9805782492012778,1.2758675347900668,0.023889111682865116,1.2758675347900668,1.2760911628830751
627,1.9774194322169059,1.2929059245851131,0.024441189517260924,1.2929059245851131,1.293136922979274
628,1.9742706751592356,1.3102712874239355,0.025009786991020883,1.3102712874239355,1.3105099526874695
629,1.9711319300476946,1.3279726077842904,0.025595536369514491,1.3279726077842904,1.3282192509173523
630,1.968003149206349,1.3460192003525222,0.026199099918217797,1.3460192003525222,1.3462741476215636
631,1.9648842852614896,1.3644207253513487,0.026821171615951767,1.3644207253513487,1.3646843191797704
632,1.9617752911392403,1.3831872047317018,0.027462478983143752,1.3831872047317018,1.3834598046511499
633,1.958676120063191,1.4023290392859642,0.028123785034023296,1.4023290392859642,1.4026110229530264
634,1.9555867255520503,1.4218570267448754,0.028805890362454512,1.4218570267448754,1.4221487910283337
635,1.9525070614173228,1.4417823809245669,0.029509635371967331,1.4417823809245669,1.4420843430688439
636,1.9494370817610061,1.4621167519960059,0.030235902661504298,1.4621167519960059,1.4624293508669421
637,1.9463767409733124,1.4828722479545022,0.03098561957944064,1.4828722479545022,1.4831959453741641
638,1.9433259937304075,1.504061457373298,0.031759760959597649,1.504061457373298,1.5043967395511397
639,1.9402847949921751,1.5256974735321771,0.032559352054232507,1.5256974735321771,1.5260448526005586
640,1.9372531,1.5477939200191324,0.033385471680403594,1.5477939200191324,1.5481539356819511
641,1.9342308642745709,1.5703649779117752,0.03423925559765699,1.5703649779117752,1.5707381992158118
642,1.931218043613707,1.5934254146535602,0.035121900136706824,1.5934254146535602,1.5938124418930488
643,1.928214594090202,1.6169906147500757,0.03603466610068419,1.6169906147500757,1.6173920815160483
644,1.9252204720496893,1.6410766124211236,0.036978882962647119,1.6410766124211236,1.6414931878082089
645,1.9222356341085269,1.665700126356084,0.037955953385391802,1.665700126356084,1.6661325173407031
646,1.9192600371517026,1.6908785967330804,0.038967358092214813,1.6908785967330804,1.6913275507383891
647,1.9162936383307572,1.7166302246765972,0.040014661120184203,1.7166302246765972,1.7170965323410874
648,1.9133363950617284,1.7429740143437424,0.041099515490713126,1.7429740143437424,1.7434585125121593
649,1.9103882650231123,1.7699298178468474,0.042223669335846939,1.7699298178468474,1.7704333928040212
650,1.9074492061538459,1.7975183832388217,0.043388972522705224,1.7975183832388217,1.7980419742091907
651,1.9045191766513057,1.8257614058089131,0.044597383823041237,1.8257614058089131,1.8263060087469456
652,1.9015981349693249,1.8546815829597088,0.045850978679936968,1.8546815829597088,1.8552482546591547
653,1.8986860398162326,1.8843026729618666,0.047151957629320743,1.8843026729618666,1.8848925355148267
654,1.895782850152905,1.9146495579118561,0.048502655440373021,1.9146495579118561,1.9152638035520941
655,1.8928885251908396,1.9457483112494121,0.049905551046044619,1.9457483112494121,1.9463882076181895
656,1.8900030243902437,1.9776262702267555,0.051363278342987012,1.9776262702267555,1.9782931661038332
657,1.887126307458143,2.0103121137609046,0.052878637949302254,2.0103121137609046,2.0110074453082487
658,1.8842583343465045,2.0438359461440303,0.054454610018803931,2.0438359461440303,2.0445612437153264
659,1.8813990652503791,2.0782293871355337,0.056094368222125046,2.0782293871355337,2.0789862827108734
660,1.8785484606060605,2.1135256690142938,0.057801295018206342,2.1135256690142938,2.1143159043265274
661,1.8757064810892585,2.1497597412300999,0.059578998354680682,2.1497597412300999,2.1505851766574264
662,1.8728730876132929,2.1869683833622799,0.061431329952705227,2.1869683833622799,2.1878310076708356
663,1.8700482413273001,2.225190327169825,0.063362405351212958,2.225190327169825,2.2260922682004995
664,1.8672319036144578,2.2644663886040277,0.065376625907712621,2.2644663886040277,2.2654099250096982
665,1.8644240360902253,2.3048396107515945,0.067478702978097521,2.3048396107515945,2.3058271849046208
666,1.8616246006006005,2.3463554187864881,0.069673684526967483,2.3463554187864881,2.3473896509919867
667,1.8588335592203897,2.3890617881322171,0.071966984453293054,2.3890617881322171,2.3901454923005852
668,1.856050874251497,2.433009427176934,0.0743644149545791,2.433009427176934,2.43414562812979
669,1.8532765082212255,2.4782519760434898,0.076872222296902909,2.4782519760434898,2.4794439286510044
670,1.8505104238805969,2.5248462230966959,0.079497126409243751,2.5248462230966959,2.5260974334718327
671,1.8477525842026825,2.5728523410770974,0.082246364779659353,2.5728523410770974,2.5741665900841322
672,1.8450029523809524,2.6223341449852553,0.08512774119946101,2.6223341449852553,2.6237155143569342
673,1.8422614918276372,2.673359374109614,0.088149679981388063,2.673359374109614,2.6748122755102965
674,1.8395281661721068,2.7260000008990053,0.091321286370855459,2.7260000008990053,2.7275292083212976
675,1.8368029392592591,2.7803325697349637,0.094652413978216304,2.7803325697349637,2.7819432556759547
676,1.8340857751479289,2.8364385690657805,0.098153740187576499,2.8364385690657805,2.8381363449976713
677,1.8313766381093057,2.8944048408344409,0.10183685064772732,2.8944048408344409,2.8961958025650985
678,1.8286754926253685,2.9543240316757284,0.10571433412760456,2.9543240316757284,2.9562148102898025
679,1.8259823033873341,3.0162950909874953,0.10979988922780354,3.0162950909874953,3.0182929101711946
680,1.8232970352941176,3.080423821714187,0.11410844468770062,3.080423821714187,3.0825365624000773
681,1.8206196534508075,3.1468234905331913,0.11865629532281924,3.1468234905331913,3.1490597639599085
682,1.8179501231671553,3.2156155051339015,0.12346125597935786,3.2156155051339015,3.2179847356048095
683,1.815288409956076,3.286930167448241,0.12854283631478836,3.286930167448241,3.289442686299485
684,1.8126344795321636,3.3609075130681818,0.13392243972070772,3.3609075130681818,3.3635746656286516
685,1.8099882978102189,3.4376982487087702,0.13962359031628552,3.4376982487087702,3.4405325163625693
686,1.8073498309037899,3.5174648014970167,0.14567219268216625,3.5174648014970167,3.5204799413561894
687,1.8047190451237263,3.6003824961493462,0.15209682990659845,3.6003824961493462,3.6035937013273616
688,1.8020959069767442,3.6866408788209162,0.15892910661724369,3.6866408788209162,3.6900649628866438
689,1.7994803831640056,3.7764452096659111,0.16620404502371838,3.7764452096659111,3.7801008195801935
690,1.7968724405797101,3.870018150058093,0.17396054366195157,3.870018150058093,3.8739260127847337
691,1.7942720463096959,3.9676016751373329,0.18224191059496681,3.9676016751373329,3.9717848842214343
692,1.7916791676300576,4.0694592480608716,0.19109648539361695,4.0694592480608716,4.0739435978371059
693,1.7890937720057718,4.175878299289046,0.20057836743615642,4.175878299289046,4.1806926760952585
694,1.7865158270893371,4.2871730627309788,0.21074827211253822,4.2871730627309788,4.2923499046564855
695,1.7839453007194244,4.4036878310143219,0.22167454164340727,4.4036878310143219,4.4092636704370989
696,1.7813821609195402,4.5258007050281872,0.23343434375219063,4.5258007050281872,4.53181681166358
697,1.7788263758967,4.6539279288879669,0.24611509980114843,4.6539279288879669,4.6604310755158229
698,1.7762779140401146,4.7885289214417384,0.25981619481464246,4.7885289214417384,4.7955723002131814
699,1.7737367439198855,4.9301121405220645,0.27465103587928474,4.9301121405220645,4.9377564652008319
700,1.7712028342857142,5.0792419478472848,0.29074954385355445,5.0792419478472848,5.0875567871054308
701,1.7686761540656204,5.2365466828060914,0.30826118770169531,5.2365466828060914,5.2456120825934835
702,1.7661566723646722,5.4027282050211358,0.32735870328553229,5.4027282050211358,5.4126366752210222
703,1.7636443584637267,5.5785732322598474,0.3482426822273198,5.5785732322598474,5.5894321959758102
704,1.7611391818181816,5.764966886962906,0.37114727598844421,5.764966886962906,5.7769017222255412
705,1.7586411120567376,5.9629089783408205,0.39634734213151201,5.9629089783408205,5.9760668252281341
706,1.7561501189801698,6.1735336973162287,0.4241674734899451,6.1735336973162287,6.1880882635484307
707,1.753666172560113,6.3981336021837123,0.45499351108224895,6.3981336021837123,6.4142912848201155
708,1.7511892429378531,6.6381890430665855,0.48928736997467104,6.6381890430665855,6.6561968046254458
709,1.748719300423131,6.8954045408457691,0.52760633770253151,6.8954045408457691,6.9155601529811257
710,1.7462563154929576,7.1717541414692025,0.57062849035553698,7.1717541414692025,7.1944196666365041
711,1.743800258790436,7.4695384683099277,0.61918659688572264,7.4695384683099277,7.4951582352425845
712,1.7413511011235954,7.7914571803774084,0.67431398618053939,7.7914571803774084,7.8205820976199316
713,1.7389088134642354,8.1407019415818986,0.73730756526083319,8.1407019415818986,8.1740229108723543
714,1.7364733669467787,8.5210770075173663,0.80981589607080218,8.5210770075173663,8.5594716632260699
715,1.7340447328671327,8.9371574245501257,0.89396465671040093,8.9371574245501257,8.9817568236196852
716,1.7316228826815641,9.3944990207772001,0.99253918360098581,9.3944990207772001,9.4467849495141518
717,1.7292077880055787,9.8999204076327239,1.1092564472479909,9.8999204076327239,9.9618710061526148
718,1.7267994206128132,10.461885747646122,1.2491812490329024,10.461885747646122,10.536199845757313
719,1.724397752433936,11.091028395542054,1.4193826089376529,11.091028395542054,11.181482811383955
720,1.7220027555555555,11.800868022016697,1.630004839007285,11.800868022016697,11.912909042221528
721,1.71961440221914,12.608777815978634,1.8960837031929287,12.608777815978634,12.750545534298864
722,1.7172326648199445,13.537214600069568,2.240760460269815,13.537214600069568,13.721413431882493
723,1.7148575159059474,14.614985316901365,2.7012367504903958,14.614985316901365,14.862519160473514
724,1.7124889281767954,15.877330459004448,3.3403046560807805,15.877330459004448,16.224896230788822
725,1.7101268744827585,17.359711332298602,4.269239999309713,17.359711332298602,17.876968079415551
726,1.7077713278236912,19.065352793759963,5.6906760151158071,19.065352793759963,19.896519058859145
727,1.7054222613480055,20.839350304952887,7.9457358416411559,20.839350304952887,22.302763039535726
728,1.7030796483516482,22.058852030239841,11.348616985898815,22.058852030239841,24.806935731457187
729,1.7007434622770918,21.730455374377279,15.369929932954371,21.730455374377279,26.616675917960325
730,1.6984136767123286,19.933254715820333,18.683880818006855,19.933254715820333,27.320725575783268
731,1.6960902653898768,17.667591254655392,20.890066884013763,17.667591254655392,27.359434847235864
732,1.6937732021857923,15.487265421395996,22.328746457665076,15.487265421395996,27.174037399758227
733,1.6914624611186901,13.516827044257813,23.324942593202955,13.516827044257813,26.958441355549336
734,1.6891580163487738,11.743841865401212,24.069315651051738,11.743841865401212,26.781519330865351
735,1.6868598421768706,10.128657101636922,24.668087697138276,10.128657101636922,26.666537932702191
736,1.6845679130434781,8.6317063084716743,25.183447468448286,8.6317063084716743,26.621652469217686
737,1.6822822035278153,7.2172927061336392,25.655107071078767,7.2172927061336392,26.65096307517846
738,1.6800026883468833,5.8500524932619218,26.109686131301522,5.8500524932619218,26.757033169785455
739,1.677729342354533,4.4928518399452528,26.558413939095615,4.4928518399452528,26.935758177858066
740,1.6754621405405403,3.1190775411593945,26.996944045008938,3.1190775411593945,27.176527233572518
741,1.6732010580296894,1.7146032730283136,27.424670005859831,1.7146032730283136,27.478216632710851
742,1.6709460700808625,0.26071483952982555,27.847779345450562,0.26071483952982555,27.848999743266436
743,1.6686971520861371,-1.2700556169829946,28.270168100314642,1.2700556169829946,28.298682755391241
744,1.6664542795698924,-2.9129979139007611,28.690077197376596,2.9129979139007611,28.837581147485633
745,1.6642174281879194,-4.7129994568710334,29.09807363466917,4.7129994568710334,29.47728367962516
746,1.6619865737265413,-6.728870125965809,29.472364598628715,6.728870125965809,30.23074541268571
747,1.6597616921017402,-9.0397906770748975,29.768007985923383,9.0397906770748975,31.110321678428981
748,1.6575427593582885,-11.752228528152795,29.892774662300653,11.752228528152795,32.119975908910831
749,1.6553297516688918,-14.996769523764232,29.653610290722412,14.996769523764232,33.230102308342985
750,1.6531226453333332,-18.865703706617801,28.648939414009611,18.865703706617801,34.302718637062654
751,1.6509214167776296,-23.124614569461265,26.154369678571044,23.124614569461265,34.911299779147392
752,1.6487260425531913,-26.568098607475839,21.546590356806227,26.568098607475839,34.20700834069789
753,1.6465364993359892,-27.492459768496857,15.8724145713038,27.492459768496857,31.745375859261067
754,1.6443527639257294,-26.183881609474426,11.235358740497691,26.183881609474426,28.492612062895372
755,1.6421748132450329,-24.132742330581088,8.1660891669136006,24.132742330581088,25.476935935787175
756,1.6400026243386243,-22.12939452677292,6.2025854972999159,22.12939452677292,22.982214187777526
757,1.6378361743725229,-20.379208980476939,4.9039287883088178,20.379208980476939,20.960932141265946
758,1.6356754406332452,-18.890732051571788,4.0045530572544514,18.890732051571788,19.310520516874931
759,1.6335204005270092,-17.626732407668278,3.3544838746753012,17.626732407668278,17.943083832970288
760,1.6313710315789474,-16.546523535360038,2.8671204442785267,16.546523535360038,16.793088481521902
761,1.6292273114323257,-15.615649026465725,2.4902767044257343,15.615649026465725,15.812968493687878
762,1.6270892178477689,-14.806820065894705,2.1910405166165106,14.806820065894705,14.968051944365948
763,1.62495672870249,-14.098817821080772,1.9476953994374213,14.098817821080772,14.232715177400776
764,1.6228298219895287,-13.475155517505971,1.7452019946202229,13.475155517505971,13.587698341624971
765,1.6207084758169934,-12.922883155408485,1.5724838598761623,12.922883155408485,13.018203199286429
766,1.6185926684073106,-12.431428018703279,1.4206204571361885,12.431428018703279,12.512336515113187
767,1.6164823780964797,-11.990985427670886,1.2816986292021815,11.990985427670886,12.059290315052303
768,1.6143775833333331,-11.590040220082912,1.1495699106171866,11.590040220082912,11.646911319424387
769,1.6122782626788035,-11.215792042748358,1.0247928783786684,11.215792042748358,11.262512667684463
770,1.6101843948051946,-10.863265058855276,0.91471485340948,10.863265058855276,10.901707710354092
771,1.6080959584954604,-10.535965183716666,0.82179605207307693,10.535965183716666,10.567966270938447
772,1.606012932642487,-10.236094337786017,0.74245153459466695,10.236094337786017,10.26298502255932
773,1.6039352962483828,-9.9629312950988549,0.67244699411256481,9.9629312950988549,9.9855988779217029
774,1.6018630284237725,-9.7147639077994157,0.60840442126451166,9.7147639077994157,9.733796470242039
775,1.5997961083870966,-9.4898434373372602,0.54742035134250266,9.4898434373372602,9.5056192594820992
776,1.5977345154639173,-9.2864812023602461,0.48641559637873799,9.2864812023602461,9.2992114318468246
777,1.595678229086229,-9.1024290434265964,0.42147446803839506,9.1024290434265964,9.1121816936354083
778,1.5936272287917737,-8.9329837269862793,0.34778735845442132,8.9329837269862793,8.9397513563466831
779,1.5915814942233633,-8.7682992494010996,0.26310193433493279,8.7682992494010996,8.7722456848231669
780,1.5895410051282051,-8.5979878028441377,0.17548291820334239,8.5979878028441377,8.5997783990308552
781,1.5875057413572342,-8.424381066106216,0.098140512783385758,8.424381066106216,8.4249526946575948
782,1.5854756828644501,-8.2577657917100709,0.034287995757414036,8.2577657917100709,8.2578369769201743
783,1.5834508097062578,-8.1043691136671718,-0.020286858960293919,8.1043691136671718,8.1043945046628174
784,1.5814311020408163,-7.9661796956669502,-0.070398342678504089,7.9661796956669502,7.9664907500296689
785,1.5794165401273885,-7.8436541833003819,-0.12006409382216809,7.8436541833003819,7.8445730498116282
786,1.5774071043256996,-7.7369449391974783,-0.17317417385040357,7.7369449391974783,7.7388827544201897
787,1.5754027750952986,-7.646039494754751,-0.23453474163206167,7.646039494754751,7.6496357103055503
788,1.5734035329949236,-7.5698911577869232,-0.31116944068346225,7.5698911577869232,7.576283954654544
789,1.5714093586818756,-7.5034072628850268,-0.41349422514837741,7.5034072628850268,7.5147919483473942
790,1.5694202329113922,-7.4304809922411401,-0.55265924302840985,7.4304809922411401,7.4510053023039529
791,1.5674361365360303,-7.3203810338816222,-0.72425021129227418,7.3203810338816222,7.3561210464327367
792,1.5654570505050505,-7.1545587616480955,-0.8923604383712942,7.1545587616480955,7.209994329113286
793,1.5634829558638081,-6.9537218896662267,-1.0234245104889719,6.9537218896662267,7.0286304389612653
794,1.5615138337531485,-6.7468299954037594,-1.1154840711872471,6.7468299954037594,6.8384223107345727
795,1.559549665408805,-6.5476181609095736,-1.1798659820607365,6.5476181609095736,6.6530735240711882
796,1.5575904321608038,-6.3594926561326126,-1.2263604060822786,6.3594926561326126,6.4766586052540172
797,1.5556361154328731,-6.1821318920872184,-1.261180678025779,6.1821318920872184,6.3094636407374169
798,1.5536866967418546,-6.0142327153281414,-1.2880683381158733,6.0142327153281414,6.1506190906103022
799,1.5517421576971213,-5.8543755044605152,-1.3093071982997211,5.8543755044605152,5.998999740518979
800,1.5498024799999999,-5.7012470015772738,-1.32632881066577,5.7012470015772738,5.8534917345970454
801,1.5478676454431959,-5.553663773918478,-1.3400449639263587,5.553663773918478,5.7130466319713182
802,1.5459376359102244,-5.4105368798134297,-1.3510241085395462,5.4105368798134297,5.5766634710798462
803,1.5440124333748442,-5.2708197967277517,-1.3595750464400629,5.2708197967277517,5.443343240737228
804,1.5420920199004975,-5.1334508144572961,-1.3657643024264861,5.1334508144572961,5.3120268630942356
805,1.5401763776397515,-4.99729414527906,-1.3693667511178704,4.99729414527906,5.1815165804528194
806,1.5382654888337468,-4.8610930649302002,-1.3697207860006302,4.8610930649302002,5.0503822446934317
807,1.5363593358116481,-4.7234908172653416,-1.36541985693646,4.7234908172653416,4.9168828424629343
808,1.5344579009900989,-4.5833176627269587,-1.353734484337163,4.5833176627269587,4.7790582599031488
809,1.5325611668726822,-4.4407458211504718,-1.3297991223159737,4.4407458211504718,4.6355786212486683
810,1.5306691160493826,-4.3004911142927771,-1.2868079524351452,4.3004911142927771,4.4888861124516692
811,1.5287817311960541,-4.1757535918981983,-1.2219138924975463,4.1757535918981983,4.3508610206405365
812,1.5268989950738916,-4.0805957239046862,-1.1474546322446098,4.0805957239046862,4.2388575813547718
813,1.5250208905289051,-4.0116552587666341,-1.0829777157379215,4.0116552587666341,4.1552639685072856
814,1.5231474004914003,-3.9546446960876676,-1.0351284264546228,3.9546446960876676,4.0878729837837113
815,1.52127850797546,-3.9000694514752023,-1.0004447916531212,3.9000694514752023,4.0263421995001796
816,1.5194141960784313,-3.8443056172117167,-0.97424920423912864,3.8443056172117167,3.965834992846542
817,1.5175544479804159,-3.7863605281457939,-0.95321559733828831,3.7863605281457939,3.9045033005632717
818,1.5156992469437651,-3.7260827341694185,-0.93522236732960196,3.7260827341694185,3.8416576393829045
819,1.5138485763125762,-3.6634996272347813,-0.91888133690280394,3.6634996272347813,3.7769792731834873
820,1.5120024195121951,-3.5985998315097234,-0.90319827801981456,3.5985998315097234,3.7102139933917249
821,1.510160760048721,-3.5312651756279436,-0.88735544875356731,3.5312651756279436,3.6410483975134542
822,1.5083235815085156,-3.4612496381234141,-0.87055731312327267,3.4612496381234141,3.5690501667589203
823,1.5064908675577156,-3.3881742556085559,-0.85189141603883234,3.3881742556085559,3.4936290259684464
824,1.5046626019417475,-3.3115380421366112,-0.83016204874067223,3.3115380421366112,3.4140083819005618
825,1.5028387684848483,-3.2307747593107994,-0.803646817235804,3.2307747593107994,3.3292272004555343
826,1.5010193510895882,-3.145450671134963,-0.76970968561455255,3.145450671134963,3.238257698928892
827,1.4992043337363965,-3.0558721089705614,-0.72422355463871801,3.0558721089705614,3.1405181265959485
828,1.4973937004830917,-2.964759821926128,-0.66106053619128502,2.964759821926128,3.037565116045573
829,1.4955874354644147,-2.8808621828597119,-0.57339712430872103,2.8808621828597119,2.9373714744302832
830,1.4937855228915662,-2.8217638839098047,-0.46150606463823662,2.8217638839098047,2.8592550190977399
831,1.4919879470517448,-2.8028349170549625,-0.34381395832977235,2.8028349170549625,2.8238434110631712
832,1.4901946923076923,-2.8174591032759455,-0.24506081408918978,2.8174591032759455,2.8280966393025806
833,1.4884057430972388,-2.8462848666519029,-0.17321210144533425,2.8462848666519029,2.8515504509334484
834,1.4866210839328535,-2.8763057565511936,-0.12313266369739098,2.8763057565511936,2.8789401622886759
835,1.4848406994011976,-2.9025548069529279,-0.087886173332742068,2.9025548069529279,2.9038850505535891
836,1.4830645741626793,-2.9239386704570913,-0.062410499807323896,2.9239386704570913,2.9246046603054885
837,1.4812926929510155,-2.9407152704052066,-0.043464819742353,2.9407152704052066,2.941036465627314
838,1.4795250405727922,-2.953500887702277,-0.029009553104017871,2.953500887702277,2.9536433514947995
839,1.4777616019070321,-2.962934769417612,-0.017737548774612866,2.962934769417612,2.962987861679546
840,1.4760023619047618,-2.9695814411975734,-0.0087869139024329967,2.9695814411975734,2.9695944412934545
841,1.474247305588585,-2.9739134179914251,-0.0015721257066331762,2.9739134179914251,2.9739138335346369
842,1.4724964180522564,-2.9763188905949969,0.0043159609327648729,2.9763188905949969,2.9763220198814855
843,1.4707496844602608,-2.977115351717293,0.0091706530714323331,2.977115351717293,2.9771294762419287
844,1.4690070900473933,-2.9765629474572437,0.013207076167479431,2.9765629474572437,2.9765922473587558
845,1.4672686201183431,-2.9748758336517431,0.016586247941691307,2.9748758336517431,2.9749220711248787
846,1.4655342600472812,-2.9722313432424414,0.019430876652822254,2.9722313432424414,2.972294856961581
847,1.4638039952774498,-2.9687772358798075,0.021835983448102142,2.9687772358798075,2.9688575389282823
848,1.4620778113207547,-2.9646373932232848,0.023876205447095539,2.9646373932232848,2.9647335371807539
849,1.4603556937573614,-2.9599162942357395,0.025610919868779197,2.9599162942357395,2.9600270924602627
850,1.458637628235294,-2.954702545004797,0.02708790651105869,2.954702545004797,2.9548267096628491
851,1.4569236004700352,-2.9490716783234525,0.028346010057607479,2.9490716783234525,2.9492079038575243
852,1.4552135962441313,-2.9430883884084951,0.029417105368070684,2.9430883884084951,2.9432354014032156
853,1.4535076014067994,-2.9368083268634324,0.03032756879769527,2.9368083268634324,2.9369649146974113
854,1.4518056018735361,-2.9302795559237342,0.031099393998417629,2.9302795559237342,2.9304445819997462
855,1.4501075836257309,-2.9235437323064728,0.03175104818444574,2.9235437323064728,2.9237161428170948
856,1.4484135327102803,-2.9166370778893489,0.032298136430890995,2.9166370778893489,2.9168159032986343
857,1.4467234352392064,-2.9095911805723684,0.032753922251046536,2.9095911805723684,2.9097755338663727
858,1.4450372773892772,-2.9024336589619146,0.033129739357578195,2.9024336589619146,2.9026227319968658
859,1.4433550454016297,-2.8951887171421564,0.033435320172242558,2.8951887171421564,2.8953817759498079
860,1.4416767255813951,-2.8878776101800412,0.03367906002230435,2.8878776101800412,2.8880739897833596
861,1.4400023042973287,-2.8805190366948743,0.03386823120283404,2.8805190366948743,2.8807181357860014
862,1.4383317679814385,-2.8731294714937432,0.034009157627043929,2.8731294714937432,2.8733307471936493
863,1.4366651031286211,-2.8657234486867855,0.03410735824816262,2.8657234486867855,2.8659264115186129
864,1.4350022962962963,-2.8583138036726901,0.034167665553763812,2.8583138036726901,2.8585180128232941
865,1.4333433341040462,-2.8509118807944827,0.0341943240234477,2.8509118807944827,2.851116939701098
866,1.4316882032332563,-2.8435277122048843,0.034191072375979278,2.8435277122048843,2.843733264479523
867,1.4300368904267589,-2.8361701724807382,0.03416121262056325,2.8361701724807382,2.8363758981695515
868,1.4283893824884792,-2.8288471127207959,0.034107668303992825,2.8288471127207959,2.8290527248861799
869,1.426745666283084,-2.8215654772176686,0.034033033863506659,2.8215654772176686,2.8217707188254191
870,1.4251057287356321,-2.8143314052712087,0.033939616619612811,2.8143314052712087,2.8145360463621887
871,1.4234695568312283,-2.8071503202871586,0.033829472648780279,2.8071503202871586,2.807354155411816
872,1.4218371376146788,-2.8000270079561647,0.033704437543332355,2.8000270079561647,2.8002298538502273
873,1.4202084581901488,-2.7929656850253846,0.033566152881281827,2.7929656850253846,2.7931673785057285
874,1.4185835057208236,-2.78597005993909,0.033416089081517372,2.78597005993909,2.7861704559998697
875,1.4169622674285713,-2.7790433864301844,0.033255565201175327,2.7790433864301844,2.7792423565206033
876,1.4153447305936071,-2.7721885109843631,0.033085766136617831,2.7721885109843631,2.7723859414508918
877,1.4137308825541619,-2.7654079149620268,0.032907757611834926,2.7654079149620268,2.7656037056392706
878,1.4121207107061502,-2.7587037520515159,0.032722499274825984,2.7587037520515159,2.7588978149873373
879,1.4105142025028441,-2.7520778816314637,0.032530856170930933,2.7520778816314637,2.7522701399332767
880,1.4089113454545454,-2.7455318985412314,0.032333608819292398,2.7455318985412314,2.7457222853316203
881,1.4073121271282631,-2.7390671596880969,0.032131462083767562,2.7390671596880969,2.739255617159059
882,1.4057165351473921,-2.732684807865783,0.031925053000182391,2.732684807865783,2.7328712864219415
883,1.404124557191393,-2.7263857931062354,0.031714957697858912,2.7263857931062354,2.7265702505883271
884,1.4025361809954751,-2.7201708918483742,0.031501697532838116,2.7201708918483742,2.7203532928291922
885,1.4009513943502825,-2.7140407241682167,0.031285744533475157,2.7140407241682167,2.7142210393139599
886,1.3993701851015801,-2.707995769286109,0.031067526244633728,2.707995769286109,2.7081739747768099
887,1.3977925411499434,-2.7020363795399982,0.03084743004478116,2.7020363795399982,2.7022124565433394
888,1.3962184504504505,-2.6961627929899237,0.030625807000016825,2.6961627929899237,2.6963367271833141
889,1.3946479010123733,-2.6903751447999245,0.030402975310489619,2.6903751447999245,2.6905469259362387
890,1.3930808808988764,-2.6846734775256706,0.03017922339720859,2.6846734775256706,2.6848430990384964
891,1.3915173782267114,-2.6790577504224364,0.029954812671050601,2.6790577504224364,2.6792252090671069
892,1.3899573811659192,-2.6735278478722035,0.029729980020314767,2.6735278478722035,2.6736931433992543
893,1.3884008779395296,-2.6680835870215915,0.029504940048608333,2.6680835870215915,2.6682467218796084
894,1.3868478568232661,-2.6627247247075472,0.029279887090850457,2.6627247247075472,2.6628857037726825
895,1.3852983061452513,-2.6574509637433206,0.029054997031743496,2.6574509637433206,2.6576097940730157
896,1.3837522142857142,-2.6522619586257701,0.028830428948130218,2.6522619586257701,2.6524186492344568
897,1.3822095696767001,-2.6471573207220152,0.028606326594082618,2.6471573207220152,2.647311882376794
898,1.3806703608017816,-2.6421366229837497,0.028382819745299118,2.6421366229837497,2.642289068018234
899,1.379134576195773,-2.6371994042356484,0.028160025417515513,2.6371994042356484,2.6373497463803268
900,1.3776022044444443,-2.6323451730767289,0.027938048971893101,2.6323451730767289,2.6324934273043703
901,1.3760732341842397,-2.6275734114320564,0.027716985118902346,2.6275734114320564,2.627719593816809
902,1.3745476541019954,-2.6228835777864301,0.027496918830910072,2.6228835777864301,2.6230277053754003
903,1.3730254529346622,-2.618275110129157,0.027277926172547096,2.618275110129157,2.6184172008253617
904,1.3715066194690264,-2.613747428636815,0.027060075056963645,2.613747428636815,2.6138875010925107
905,1.3699911425414364,-2.6092999381174309,0.02684342593516667,2.6092999381174309,2.6094380116369056
906,1.3684790110375276,-2.6049320302371726,0.026628032424897627,2.6049320302371726,2.6050681246881777
907,1.3669702138919513,-2.6006430855491587,0.026413941884786199,2.6006430855491587,2.6007772212822347
908,1.3654647400881057,-2.5964324753422057,0.026201195938977337,2.5964324753422057,2.5965646731172107
909,1.3639625786578657,-2.5922995633245272,0.025989830956816354,2.5922995633245272,2.592429844243755
910,1.3624637186813187,-2.5882437071577851,0.025779878491777236,2.5882437071577851,2.5883720926051041
911,1.3609681492864982,-2.5842642598534855,0.025571365683349279,2.5842642598534855,2.5843907714389855
912,1.3594758596491228,-2.5803605710442437,0.025364315625245534,2.5803605710442437,2.580485230553919
913,1.3579868389923329,-2.576531988140613,0.025158747702966056,2.576531988140613,2.5766548174906556
914,1.3565010765864332,-2.5727778573828211,0.024954677903432851,2.5727778573828211,2.572898878578131
915,1.3550185617486339,-2.5690975247968071,0.024752119099180445,2.5690975247968071,2.5692167598933686
916,1.3535392838427946,-2.5654903370622577,0.024551081309313813,2.5654903370622577,2.5656078081330502
917,1.352063232279171,-2.5619556423006324,0.02435157193925501,2.5619556423006324,2.5620713714047776
918,1.350590396514161,-2.5584927907890025,0.024153596001112929,2.5584927907890025,2.5586067999438846
919,1.3491207660500544,-2.5551011356066535,0.023957156316317223,2.5551011356066535,2.5552134467627505
920,1.3476543304347826,-2.551780033220016,0.023762253702031687,2.551780033220016,2.5518906682382272
921,1.346191079261672,-2.548528844010586,0.023568887142708841,2.548528844010586,2.5486378246418382
922,1.3447310021691974,-2.5453469327506397,0.023377053948017062,2.5453469327506397,2.5454542806175828
923,1.3432740888407366,-2.5422336690318126,0.023186749898287493,2.5422336690318126,2.5423394056124371
924,1.3418203290043289,-2.5391884276493819,0.02299796937848507,2.5391884276493819,2.5392925742623818
925,1.3403697124324323,-2.5362105889466484,0.02281070550166725,2.5362105889466484,2.5363131667384038
926,1.3389222289416847,-2.5332995391223019,0.022624950222761467,2.5332995391223019,2.5334005690553258
927,1.3374778683926645,-2.5304546705041817,0.022440694443457226,2.5304546705041817,2.5305541733469235
928,1.336036620689655,-2.5276753817917639,0.022257928108916129,2.5276753817917639,2.5277733781096439
929,1.334598475780409,-2.5249610782704002,0.022076640296959951,2.5249610782704002,2.5250575884179796
930,1.3331634236559138,-2.5223111719993847,0.021896819300322543,2.5223111719993847,2.5224062161135703
931,1.331731454350161,-2.519725081975996,0.02171845270252059,2.519725081975996,2.5198186799701943
932,1.3303025579399141,-2.5172022342777201,0.021541527447837466,2.5172022342777201,2.5172944058368563
933,1.3288767245444801,-2.5147420621842516,0.021366029905886617,2.5147420621842516,2.5148328267605864
934,1.3274539443254818,-2.5123440062809879,0.021191945931155538,2.5123440062809879,2.5124333830906549
935,1.3260342074866309,-2.5100075145458067,0.021019260917943504,2.5100075145458067,2.5100955225660146
936,1.3246175042735042,-2.5077320424201668,0.020847959851024847,2.5077320424201668,2.5078187003870061
937,1.3232038249733189,-2.5055170528661721,0.020678027352375908,2.5055170528661721,2.5056023792729709
938,1.3217931599147121,-2.5033620164106694,0.020509447724258292,2.5033620164106694,2.5034460295068568
939,1.3203854994675186,-2.5012664111773839,0.020342204988939842,2.5012664111773839,2.5013491289678056
940,1.3189808340425531,-2.4992297229084617,0.020176282925301783,2.4992297229084617,2.4993111631531169
941,1.3175791540913921,-2.4972514449757783,0.020011665102569014,2.4972514449757783,2.4973316251899322
942,1.3161804501061569,-2.4953310783838081,0.019848334911378093,2.4953310783838081,2.4954100158384498
943,1.3147847126193,-2.4934681317636187,0.019686275592377886,2.4934681317636187,2.493545843486229
944,1.3133919322033898,-2.4916621213599406,0.01952547026255233,2.4916621213599406,2.4917386241355439
945,1.3120020994708994,-2.4899125710113124,0.019365901939429768,2.4899125710113124,2.4899878813837812
946,1.3106152050739956,-2.4882190121239427,0.019207553563336109,2.4882190121239427,2.4882931463975333
947,1.3092312397043293,-2.4865809836401347,0.019050408017831866,2.4865809836401347,2.4866539578812299
948,1.3078501940928269,-2.4849980320017515,0.018894448148476801,2.4849980320017515,2.4850698620407865
949,1.3064720590094836,-2.4834697111090822,0.018739656780031803,2.4834697111090822,2.4835404125426392
950,1.3050968252631578,-2.4819955822755499,0.018586016732220649,2.4819955822755499,2.4820651704685996
951,1.3037244837013668,-2.4805752141789297,0.018433510834156279,2.4805752141789297,2.4806437042672038
952,1.3023550252100839,-2.4792081828092165,0.018282121937523835,2.4792081828092165,2.4792755897017003
953,1.3009884407135361,-2.4778940714136741,0.018131832928616309,2.4778940714136741,2.4779604097951982
954,1.2996247211740042,-2.4766324704391538,0.017982626739304321,2.4766324704391538,2.4766977547730749
955,1.298263857591623,-2.475422977472288,0.017834486357013006,2.475422977472288,2.4754872220032538
956,1.296905841004184,-2.4742651971777159,0.017687394833787583,2.4742651971777159,2.4743284159344907
957,1.2955506624869382,-2.4731587412344309,0.017541335294505737,2.4731587412344309,2.4732209480327851
958,1.2941983131524006,-2.4721032282708553,0.017396290944298856,2.4721032282708553,2.4721644367164988
959,1.2928487841501564,-2.4710982837983346,0.017252245075247717,2.4710982837983346,2.4711585072898932
960,1.2915020666666666,-2.4701435401440133,0.017109181072389679,2.4701435401440133,2.4702027918760368
961,1.290158151925078,-2.4692386363823751,0.016967082419108312,2.4692386363823751,2.4692969293483737
962,1.2888170311850311,-2.4683832182663448,0.016825932701929273,2.4683832182663448,2.4684405652618429
963,1.2874786957424713,-2.4675769381578663,0.016685715614781459,2.4675769381578663,2.467633351783471
964,1.2861431369294605,-2.4668194549578271,0.016546414962751728,2.4668194549578271,2.4668749476223049
965,1.2848103461139895,-2.466110434035941,0.016408014665379222,2.466110434035941,2.4661650179593
966,1.2834803146997928,-2.4654495471604605,0.016270498759512017,2.4654495471604605,2.4655032343770316
967,1.2821530341261633,-2.4648364724277592,0.016133851401774098,2.4648364724277592,2.4648892747892703
968,1.2808284958677685,-2.4642708941919471,0.0159980568706488,2.4642708941919471,2.4643228233705941
969,1.2795066914344684,-2.4637525029948177,0.015863099568233632,2.4637525029948177,2.4638035704863204
970,1.278187612371134,-2.4632809954959338,0.015728964021667333,2.4632809954959338,2.4633312126225806
971,1.2768712502574664,-2.4628560744028398,0.0155956348842664,2.4628560744028398,2.4629054523165137
972,1.2755575967078188,-2.462477448402133,0.015463096936392327,2.462477448402133,2.4625259980873184
973,1.2742466433710173,-2.4621448320905914,0.015331335086062547,2.4621448320905914,2.4621925643673621
974,1.2729383819301847,-2.4618579459069556,0.015200334369334476,2.4618579459069556,2.461904871433938
975,1.271632804102564,-2.4616165160642502,0.015070079950469932,2.4616165160642502,2.4616626453415607
976,1.2703299016393441,-2.4614202744827693,0.014940557121902405,2.4614202744827693,2.4614656178549281
977,1.2690296663254861,-2.4612689587237888,0.014811751304025914,2.4612689587237888,2.4613135263826056
978,1.2677320899795501,-2.4611623119237285,0.014683648044807027,2.4611623119237285,2.4612061139111563
979,1.2664371644535239,-2.4611000827293683,0.014556233019247786,2.4611000827293683,2.4611431289403329
980,1.2651448816326529,-2.461082025233619,0.014429492028702896,2.461082025233619,2.4611243254188153
981,1.26385523343527,-2.4611078989121946,0.014303411000067101,2.4611078989121946,2.4611494626808494
982,1.2625682118126271,-2.4611774685610346,0.014177975984835313,2.4611774685610346,2.4612183053836425
983,1.2612838087487284,-2.4612905042346283,0.014053173158059616,2.4612905042346283,2.4613306234456518
984,1.2600020162601626,-2.4614467811852112,0.013928988817200311,2.4614467811852112,2.4614861919857498
985,1.2587228263959389,-2.4616460798027662,0.013805409380881761,2.4616460798027662,2.461684791263191
986,1.2574462312373225,-2.4618881855560373,0.013682421387565667,2.4618881855560373,2.4619262066185947
987,1.2561722228976697,-2.4621728889344032,0.013560011494145374,2.4621728889344032,2.4622102284157839
988,1.2549007935222671,-2.462499985390517,0.013438166474468119,2.462499985390517,2.4625366519843905
989,1.2536319352881697,-2.46286927528425,0.013316873217792555,2.46286927528425,2.4629052775637694
990,1.2523656404040404,-2.463280563827186,0.013196118727188066,2.463280563827186,2.4633159102474536
991,1.2511019011099898,-2.4637336610282414,0.013075890117881461,2.4637336610282414,2.4637683599287485
992,1.2498407096774193,-2.4642283816402086,0.012956174615551298,2.4642283816402086,2.4642624412472367
993,1.248582058408862,-2.4647645451073181,0.012836959554582819,2.4647645451073181,2.4647979735363079
994,1.2473259396378269,-2.4653419755136223,0.012718232376282997,2.4653419755136223,2.4653747807715134
995,1.2460723457286431,-2.465960501532372,0.012599980627057177,2.465960501532372,2.4659926915199057
996,1.2448212690763052,-2.4666199563764941,0.012482191956559866,2.4666199563764941,2.4666515388904888
997,1.2435727021063188,-2.4673201777497242,0.01236485411581113,2.4673201777497242,2.467351160485316
998,1.242326637274549,-2.468061007799033,0.012247954955293426,2.468061007799033,2.4680913983518855
999,1.2410830670670669,-2.4688422930676897,0.012131482423024798,2.4688422930676897,2.4688720989361737
1000,1.2398419839999999,-2.4696638844496119,0.012015424562612027,2.4696638844496119,2.4696931130369553
1001,1.2386033806193806,-2.4705256371441822,0.011899769511289859,2.4705256371441822,2.4705542957605866
1002,1.237367249500998,-2.4714274106126037,0.0117845054979441,2.4714274106126037,2.4714555064773371
1003,1.2361335832502491,-2.4723690685345598,0.01166962084112232,2.4723690685345598,2.4723966087780136
1004,1.234902374501992,-2.4733504787663554,0.011555103947038209,2.4733504787663554,2.4733774704320783
1005,1.2336736159203978,-2.4743715132995181,0.011440943307562637,2.4743715132995181,2.4743979633462185
1006,1.232447300198807,-2.4754320482207985,0.011327127498211895,2.4754320482207985,2.4754579635243212
1007,1.2312234200595829,-2.4765319636725245,0.011213645176130323,2.4765319636725245,2.4765573510277985
1008,1.2300019682539682,-2.4776711438143098,0.011100485078067924,2.4776711438143098,2.4776960099372718
1009,1.2287829375619423,-2.4788494767854807,0.010987636018356773,2.4788494767854807,2.4788738283149714
1010,1.2275663207920791,-2.4800668546684195,0.010875086886886886,2.4800668546684195,2.4800906981680537
1011,1.2263521107814044,-2.4813231734526688,0.010762826647079934,2.4813231734526688,2.4813465154126817
1012,1.2251403003952568,-2.482618333000211,0.010650844333865903,2.482618333000211,2.4826411798392796
1013,1.2239308825271471,-2.483952237011172,0.010539129051659227,2.483952237011172,2.4839745950782133
1014,1.2227238500986193,-2.4853247929909648,0.010427669972339602,2.4853247929909648,2.4853466685669092
1015,1.2215191960591132,-2.4867359122176529,0.010316456333234962,2.4867359122176529,2.4867573115171973
1016,1.2203169133858267,-2.4881855097106422,0.010205477435105994,2.4881855097106422,2.4882064388839784
1017,1.219116995083579,-2.4896735041999802,0.010094722640138991,2.4896735041999802,2.4896939693345024
1018,1.2179194341846757,-2.4911998180965389,0.0099841813699387792,2.4911998180965389,2.4912198252185322
1019,1.2167242237487732,-2.4927643774630912,0.0098738431035303442,2.4927643774630912,2.4927839325393979
1020,1.215531356862745,-2.4943671119860564,0.0097636973753647861,2.4943671119860564,2.4943862209257204
1021,1.2143408266405484,-2.4960079549481309,0.0096537337733282984,2.4960079549481309,2.4960266236040267
1022,1.2131526262230918,-2.497686843201758,0.0095439419367615227,2.497686843201758,2.4977050773721974
1023,1.2119667487781036,-2.4994037171433456,0.0094343115544805421,2.4994037171433456,2.4994215225736696
1024,1.2107831874999999,-2.5011585206883131,0.0093248323628067793,2.5011585206883131,2.5011759030724621
1025,1.209601935609756,-2.5029512012467565,0.0092154941436026587,2.5029512012467565,2.5029681662288259
1026,1.2084229863547757,-2.5047817097002252,0.0091062867223125586,2.5047817097002252,2.5047982628760046
1027,1.2072463330087633,-2.506650000378758,0.00899719996601029,2.506650000378758,2.5066661472972536
1028,1.2060719688715953,-2.508556031039249,0.0088882237814546412,2.508556031039249,2.508571777204188
1029,1.2048998872691934,-2.5104997628441401,0.0087793481131470917,2.5104997628441401,2.5105151137154653
1030,1.203730081553398,-2.5124811603409389,0.0086705629414009951,2.5124811603409389,2.5124961213362842
1031,1.2025625451018427,-2.5145001914427469,0.0085618582804112275,2.5145001914427469,2.5145147679389006
1032,1.2013972713178294,-2.516556827409091,0.0084532241763347823,2.516556827409091,2.5165710247434472
1033,1.2002342536302033,-2.5186510428277629,0.0083446507053723043,2.5186510428277629,2.5186648662997566
1034,1.1990734854932301,-2.5207828155973866,0.0082361279718588566,2.5207828155973866,2.5207962704699196
1035,1.1979149603864734,-2.5229521269105497,0.0081276461063570296,2.5229521269105497,2.5229652184114029
1036,1.1967586718146717,-2.5251589612376595,0.0080191952637585981,2.5251589612376595,2.5251716945608931
1037,1.1956046133076181,-2.5274033063117534,0.0079107656213856167,2.5274033063117534,2.5274156866191002
1038,1.1944527784200385,-2.5296851531135731,0.0078023473771018231,2.5296851531135731,2.5296971855358175
1039,1.1933031607314726,-2.5320044958576915,0.0076939307474239473,2.5320044958576915,2.5320161854960381
1040,1.1921557538461538,-2.5343613319792047,0.0075855059656387142,2.5343613319792047,2.5343726839066432
1041,1.1910105513928915,-2.5367556621210214,0.0074770632799232711,2.5367556621210214,2.5367666813836771
1042,1.189867547024952,-2.5391874901219911,0.0073685929514685326,2.5391874901219911,2.5391981817404683
1043,1.1887267344199424,-2.5416568230055168,0.0072600852526047352,2.5416568230055168,2.5416671919762375
1044,1.1875881072796934,-2.5441636709691009,0.0071515304649310135,2.5441636709691009,2.5441737222656324
1045,1.1864516593301435,-2.5467080473741799,0.0070429188774456149,2.5467080473741799,2.5467177859485575
1046,1.1853173843212237,-2.549289968736951,0.0069342407846781189,2.549289968736951,2.5492993995209949
1047,1.1841852760267431,-2.5519094547197163,0.0068254864848234648,2.5519094547197163,2.5519185826263411
1048,1.1830553282442746,-2.5545665281228329,0.0067166462778758748,2.5545665281228329,2.5545753580473538
1049,1.1819275347950429,-2.5572612148774585,0.0066077104637651297,2.5572612148774585,2.5572697516988909
1050,1.1808018895238095,-2.5599935440387176,0.0064986693404894096,2.5599935440387176,2.5600017926210739
1051,1.179678386298763,-2.5627635477797535,0.0063895132022517044,2.5627635477797535,2.5627715129733342
1052,1.1785570190114067,-2.5655712613862534,0.006280232337591795,2.5655712613862534,2.5655789480289366
1053,1.1774377815764481,-2.568416723251663,0.006170817027519402,2.568416723251663,2.5684241361701918
1054,1.1763206679316887,-2.5712999748730194,0.0060612575436435959,2.5712999748730194,2.5713071188842846
1055,1.1752056720379147,-2.5742210608474476,0.0059515441463015104,2.5742210608474476,2.5742279407597701
1056,1.1740927878787879,-2.577180028869174,0.0058416670826818319,2.577180028869174,2.5771866494835836
1057,1.1729820094607379,-2.5801769297274335,0.0057316165849494536,2.5801769297274335,2.5801832958389532
1058,1.1718733308128544,-2.5832118173046306,0.0056213828683586795,2.5832118173046306,2.5832179337035512
1059,1.1707667459867799,-2.5862847485753377,0.0055109561293710911,2.5862847485753377,2.5862906200485005
1060,1.1696622490566038,-2.5893957836060029,0.0054003265437616021,2.5893957836060029,2.5894014149380786
1061,1.1685598341187557,-2.59254498555506,0.0052894842647214068,2.59254498555506,2.592550381529831
1062,1.167459495291902,-2.595732420673766,0.0051784194209566464,2.595732420673766,2.5957375860754084
1063,1.1663612267168391,-2.5989581583076706,0.0050671221147772193,2.5989581583076706,2.5989630979220393
1064,1.165265022556391,-2.6022222708986442,0.0049555824201803784,2.6022222708986442,2.6022269895145618
1065,1.164170876995305,-2.6055248339875732,0.0048437903809274308,2.6055248339875732,2.6055293363981198
1066,1.16307878424015,-2.6088659262177405,0.0047317360086102447,2.6088659262177405,2.6088702172215474
1067,1.1619887385192127,-2.612245629338525,0.004619409280710373,2.612245629338525,2.612249713741075
1068,1.1609007340823969,-2.6156640282101211,0.0045068001386480566,2.6156640282101211,2.6156679108250511
1069,1.1598147652011224,-2.6191212108086113,0.0043938984858207103,2.6191212108086113,2.6191248964590197
1070,1.1587308261682243,-2.6226172682317346,0.004280694185633354,2.6226172682317346,2.6226207617514961
1071,1.1576489112978523,-2.6261522947052205,0.0041671770595142401,2.6261522947052205,2.6261556009403062
1072,1.1565690149253731,-2.6297263875897938,0.0040533368849206119,2.6297263875897938,2.6297295113995984
1073,1.1554911314072693,-2.6333396473888877,0.0039391633933316215,2.6333396473888877,2.6333425936475625
1074,1.1544152551210427,-2.6369921777567251,0.0038246462682292471,2.6369921777567251,2.636994951354521
1075,1.1533413804651163,-2.6406840855072691,0.0037097751430623938,2.6406840855072691,2.6406866913518869
1076,1.1522695018587359,-2.6444154806236515,0.0035945395991996993,2.6444154806236515,2.6444179236415994
1077,1.1511996137418754,-2.6481864762683642,0.0034789291638661502,2.6481864762683642,2.6481887614063284
1078,1.150131710575139,-2.6519971887938585,0.0033629333080625132,2.6519971887938585,2.6519993210200794
1079,1.1490657868396663,-2.6558477377540752,0.0032465414444707626,2.6558477377540752,2.6558497220597381
1080,1.1480018370370371,-2.6597382459162953,0.0031297429253393239,2.6597382459162953,2.6597400873169299
1081,1.1469398556891766,-2.6636688392738517,0.0030125270403540926,2.6636688392738517,2.6636705428107428
1082,1.1458798373382624,-2.6676396470593291,0.002894883014487315,2.6676396470593291,2.6676412178009414
1083,1.1448217765466298,-2.6716508017586094,0.0027768000058288958,2.6716508017586094,2.6716522448020239
1084,1.143765667896679,-2.6757024391252857,0.0026582671033974397,2.6757024391252857,2.6757037595976496
1085,1.1427115059907833,-2.679794698195944,0.0025392733249305138,2.679794698195944,2.6797959012559347
1086,1.1416592854511969,-2.6839277213060768,0.0024198076146526972,2.6839277213060768,2.6839288121453824
1087,1.1406090009199632,-2.6881016541064877,0.0022998588410210862,2.6881016541064877,2.6881026379512978
1088,1.1395606470588235,-2.6923166455805108,0.0021794157944489256,2.6923166455805108,2.692317527693028
1089,1.1385142185491275,-2.6965728480619671,0.0020584671850040629,2.6965728480619671,2.6965736337419344
1090,1.137469710091743,-2.7008704172534639,0.0019370016400822717,2.7008704172534639,2.7008711118397071
1091,1.1364271164069659,-2.7052095122458146,0.0018150077020563093,2.7052095122458146,2.7052101211178026
1092,1.1353864322344323,-2.7095902955377813,0.0016924738258970945,2.7095902955377813,2.7095908241172082
1093,1.1343476523330283,-2.7140129330566207,0.001569388376767648,2.7140129330566207,2.7140133868090039
1094,1.1333107714808044,-2.7184775941795509,0.0014457396275904142,2.7184775941795509,2.7184779786158484
1095,1.1322757844748859,-2.7229844517553454,0.0013215157565823312,2.7229844517553454,2.7229847724335983
1096,1.1312426861313867,-2.7275336821273477,0.0011967048447633294,2.7275336821273477,2.7275339446543376
1097,1.1302114712853235,-2.732125465156618,0.0010712948734312115,2.732125465156618,2.7321256751895535
1098,1.1291821347905282,-2.7367599842460946,0.00094527372160529846,2.7367599842460946,2.7367601474943126
1099,1.1281546715195632,-2.741437426365458,0.00081862916343804432,2.741437426365458,2.7414375485921569
1100,1.1271290763636364,-2.7461579820765856,0.00069134886559150781,2.7461579820765856,2.7461580691005754
1101,1.1261053442325157,-2.7509218455599287,0.00056342038457959064,2.7509218455599287,2.7509219032574106
1102,1.1250834700544463,-2.7557292146414625,0.00043483116407471789,2.7557292146414625,2.7557292489478344
1103,1.1240634487760652,-2.7605802908206005,0.00030556853217600377,2.7605802908206005,2.7605803077322855
1104,1.1230452753623188,-2.7654752792986379,0.0001756196986419478,2.7654752792986379,2.7654752848749444
1105,1.12202894479638,-2.7704143890081552,4.4971752081159272e-05,2.7704143890081552,2.770414389373165
1106,1.121014452079566,-2.7753978326431037,-8.6388342894964769e-05,2.7753978326431037,2.7753978339875855
1107,1.1200017922312555,-2.7804258266897079,-0.00021847374856175041,2.7804258266897079,2.7804258352730651
1108,1.1189909602888086,-2.7854985914582473,-0.00035129775701343586,2.7854985914582473,2.7854986136104958
1109,1.1179819513074842,-2.7906163511155162,-0.00048487379313837565,2.7906163511155162,2.7906163932392918
1110,1.1169747603603604,-2.7957793337182038,-0.00061921541763979178,2.7957793337182038,2.795779402290806
1111,1.1159693825382537,-2.8009877712469535,-0.00075433633010255562,2.8009877712469535,2.800987872822422
1112,1.1149658129496403,-2.8062418996416882,-0.00089025037210579418,2.8062418996416882,2.8062420408529118
1113,1.1139640467205749,-2.8115419588371582,-0.001026971530387348,2.8115419588371582,2.8115421463980237
1114,1.112964078994614,-2.8168881927997882,-0.0011645139400546576,2.8168881927997882,2.8168884335073643
1115,1.1119659049327353,-2.8222808495654492,-0.0013028918878490612,2.8222808495654492,2.8222811503022061
1116,1.1109695197132616,-2.8277201812778552,-0.0014421198154620876,2.8277201812778552,2.8277205490139279
1117,1.1099749185317815,-2.8332064442279448,-0.0015822123229055902,2.8332064442279448,2.8332068860234312
1118,1.1089820966010733,-2.8387398988942785,-0.0017231841719380643,2.8387398988942785,2.8387404219015848
1119,1.1079910491510276,-2.8443208099843691,-0.0018650502895467434,2.8443208099843691,2.844321421450593
1120,1.1070017714285714,-2.8499494464767023,-0.0020078257714892249,2.8499494464767023,2.8499501537460596
1121,1.1060142586975914,-2.8556260816641483,-0.002151525885894217,2.8556260816641483,2.85562689218045
1122,1.1050285062388592,-2.8613509931979833,-0.0022961660769243095,2.8613509931979833,2.8613519145071513
1123,1.1040445093499553,-2.8671244631329502,-0.0024417619685018371,2.8671244631329502,2.8671255028855853
1124,1.1030622633451956,-2.8729467779735334,-0.0025883293680988885,2.8729467779735334,2.8729479439275307
1125,1.1020817635555555,-2.8788182287210962,-0.0027358842705942337,2.8788182287210962,2.8788195287443101
1126,1.1011030053285966,-2.8847391109219283,-0.002884442862198691,2.8847391109219283,2.8847405529948897
1127,1.1001259840283939,-2.8907097247166877,-0.0030340215244498243,2.8907097247166877,2.8907113169353731
1128,1.0991506950354608,-2.8967303748906277,-0.0031846368382781372,2.8967303748906277,2.8967321254692826
1129,1.0981771337466784,-2.9028013709248635,-0.0033363055881479274,2.9028013709248635,2.9028032881988821
1130,1.0972052955752212,-2.9089230270492106,-0.0034890447662723062,2.9089230270492106,2.9089251194780736
1131,1.0962351759504863,-2.9150956622954816,-0.003642871576906381,2.9150956622954816,2.9150979384657485
1132,1.0952667703180212,-2.9213196005524562,-0.0037978034407195578,2.9213196005524562,2.921322069180825
1133,1.0943000741394526,-2.927595170621685,-0.0039538579992490558,2.927595170621685,2.9275978405581071
1134,1.0933350828924162,-2.9339227062747835,-0.0041110531194374174,2.9339227062747835,2.9339255865056462
1135,1.0923717920704845,-2.9403025463116039,-0.0042694068982550354,2.9403025463116039,2.9403056459629782
1136,1.0914101971830985,-2.9467350346198602,-0.0044289376674108011,2.9467350346198602,2.9467383629608124
1137,1.0904502937554967,-2.9532205202358863,-0.0045896639981529378,2.9532205202358863,2.9532240866818644
1138,1.0894920773286467,-2.9597593574067664,-0.0047516047061619167,2.9597593574067664,2.9597631715230528
1139,1.0885355434591746,-2.9663519056535872,-0.004914778856538125,2.9663519056535872,2.9663559771588233
1140,1.0875806877192982,-2.9729985298362047,-0.0050792057688871014,2.9729985298362047,2.9730028686059957
1141,1.0866275056967571,-2.9796996002192904,-0.0052449050225039755,2.9796996002192904,2.979704216289881
1142,1.0856759929947459,-2.9864554925395534,-0.0054118964616599284,2.9864554925395534,2.9864603961115872
1143,1.084726145231846,-2.9932665880746461,-0.0055802002009943674,2.9932665880746461,2.993271789517002
1144,1.083777958041958,-3.0001332737133382,-0.0057498366310137026,3.0001332737133382,3.0001387835670528
1145,1.0828314270742356,-3.0070559420271277,-0.0059208264237009707,3.0070559420271277,3.0070617710094014
1146,1.0818865479930191,-3.0140349913432889,-0.0060931905382379335,3.0140349913432889,3.0140411503515798
1147,1.080943316477768,-3.0210708258195806,-0.0062669502268441046,3.0210708258195806,3.0210773259357913
1148,1.0800017282229963,-3.0281638555202948,-0.0064421270407342534,3.0281638555202948,3.0281707080150464
1149,1.0790617789382071,-3.0353144964939558,-0.0066187428361976948,3.0353144964939558,3.0353217128309624
1150,1.0781234643478259,-3.0425231708526015,-0.0067968197808036795,3.0425231708526015,3.0425307626931404
1151,1.0771867801911381,-3.0497903068527288,-0.0069763803597343681,3.0497903068527288,3.0497982860602084
1152,1.0762517222222221,-3.0571163389777665,-0.0071574473822503051,3.0571163389777665,3.0571247176224023
1153,1.0753182862098871,-3.0645017080223536,-0.0073400439882908286,3.0645017080223536,3.0645104983859448
1154,1.0743864679376083,-3.0719468611782981,-0.0075241936552129067,3.0719468611782981,3.0719560757591178
1155,1.0734562632034632,-3.0794522521221745,-0.0077099202046730653,3.0794522521221745,3.079461903639968
1156,1.072527667820069,-3.0870183411050256,-0.0078972478096549573,3.0870183411050256,3.0870284425061247
1157,1.0716006776145202,-3.094645595043473,-0.0080862010016462989,3.094645595043473,3.0946561595060302
1158,1.0706752884283246,-3.1023344876130663,-0.0082768046779708795,3.1023344876130663,3.1023455285524051
1159,1.0697514961173424,-3.1100854993432732,-0.008469084109277384,3.1100854993432732,3.1100970304173705
1160,1.0688292965517241,-3.1178991177144937,-0.0086630649471901508,3.1178991177144937,3.1179111528295822
1161,1.0679086856158484,-3.1257758372571374,-0.0088587732321272518,3.1257758372571374,3.1257883905734465
1162,1.0669896592082615,-3.1337161596526304,-0.0090562354012877107,3.1337161596526304,3.1337292455902555
1163,1.0660722132416165,-3.1417205938365287,-0.0092554782968150978,3.1417205938365287,3.1417342270814466
1164,1.0651563436426117,-3.1497896561036756,-0.009456529174140197,3.1497896561036756,3.1498038516138953
1165,1.0642420463519313,-3.1579238702155967,-0.0096594157105089444,3.1579238702155967,3.1579386432274648
1166,1.0633293173241851,-3.1661237675101441,-0.00986416601369864,3.1661237675101441,3.1661391335447937
1167,1.0624181525278491,-3.1743898870132146,-0.010070808630930007,3.1743898870132146,3.1744058618831734
1168,1.0615085479452053,-3.1827227755528735,-0.010279372557978173,3.1827227755528735,3.18273937536883
1169,1.060600499572284,-3.1911229878758558,-0.010489887248488879,3.1911229878758558,3.1911402290535928
1170,1.0596940034188034,-3.1995910867664019,-0.010702382623505573,3.1995910867664019,3.1996089860338914
1171,1.0587890555081128,-3.2081276431676686,-0.010916889081212317,3.2081276431676686,3.2081462175723465
1172,1.0578856518771331,-3.2167332363053323,-0.011133437506899414,3.2167332363053323,3.2167525032215485
1173,1.0569837885763,-3.2254084538142465,-0.011352059283156104,3.2254084538142465,3.2254284309508989
1174,1.0560834616695058,-3.2341538918672113,-0.011572786300299218,3.2341538918672113,3.2341745972755676
1175,1.0551846672340426,-3.242970155306784,-0.01179565096704064,3.242970155306784,3.2429916073884995
1176,1.0542874013605441,-3.2518578577796484,-0.012020686221403759,3.2518578577796484,3.251880075294979
1177,1.0533916601529312,-3.2608176218738878,-0.012247925541892819,3.2608176218738878,3.260840623950112
1178,1.0524974397283531,-3.2698500792590064,-0.012477402958923738,3.2698500792590064,3.2698738853990577
1179,1.051604736217133,-3.2789558708289661,-0.012709153066523097,3.2789558708289661,3.2789805009202802
1180,1.0507135457627117,-3.2881356468481719,-0.012943211034302727,3.2881356468481719,3.2881611211717594
1181,1.0498238645215918,-3.2973900671006096,-0.013179612619717625,3.2973900671006096,3.2974164063403588
1182,1.0489356886632826,-3.3067198010419938,-0.013418394180614863,3.3067198010419938,3.3067470262942087
1183,1.048049014370245,-3.3161255279552391,-0.013659592688081635,3.3161255279552391,3.316153660738419
1184,1.0471638378378378,-3.3256079371090532,-0.013903245739601243,3.3256079371090532,3.3256369993739288
1185,1.0462801552742615,-3.3351677279201448,-0.01414939157252507,3.3351677279201448,3.3351977420599663
1186,1.0453979629005059,-3.3448056101186641,-0.014398069077869589,3.3448056101186641,3.3448365989797559
1187,1.0445172569502947,-3.3545223039171423,-0.014649317814447775,3.3545223039171423,3.3545542908097343
1188,1.0436380336700335,-3.3643185401833167,-0.014903178023344222,3.3643185401833167,3.3643515488926536
1189,1.0427602893187551,-3.3741950606162634,-0.015159690642743695,3.3741950606162634,3.3742291154140047
1190,1.0418840201680672,-3.3841526179265768,-0.015418897323123324,3.3841526179265768,3.3841877435824927
1191,1.041009222502099,-3.3941919760203483,-0.015680840442818852,3.3941919760203483,3.3942281978143289
1192,1.0401358926174495,-3.4043139101871311,-0.015945563123974951,3.4043139101871311,3.4043512539215066
1193,1.0392640268231348,-3.414519207291824,-0.016213109248891966,3.414519207291824,3.4145576993040114
1194,1.038393621440536,-3.4248086659708301,-0.016483523476779421,3.4248086659708301,3.4248483331463171
1195,1.0375246728033471,-3.4351830968326675,-0.016756851260928608,3.4351830968326675,3.4352239666183424
1196,1.036657177257525,-3.4456433226624918,-0.017033138866315745,3.4456433226624918,3.4456854230803273
1197,1.0357911311612364,-3.4561901786314655,-0.017312433387649609,3.4561901786314655,3.4562335382925737
1198,1.0349265308848079,-3.4668245125106383,-0.017594782767875045,3.4668245125106383,3.4668691606296993
1199,1.0340633728106754,-3.477547184889346,-0.017880235817146518,3.477547184889346,3.4775931512994287
1200,1.0332016533333332,-3.4883590693986122,-0.018168842232286174,3.4883590693986122,3.4884063845663986
1201,1.032341368859284,-3.4992610529394268,-0.018460652616739216,3.4992610529394268,3.4993097479808473
1202,1.0314825158069882,-3.5102540359161454,-0.018755718501042483,3.5102540359161454,3.5103041426124428
1203,1.0306250906068162,-3.5213389324749373,-0.019054092363821121,3.5213389324749373,3.5213904832891711
1204,1.0297690897009966,-3.5325166707475697,-0.019355827653329272,3.5325166707475697,3.5325696988415727
1205,1.0289145095435683,-3.5437881931007951,-0.019660978809550721,3.5437881931007951,3.5438427323526014
1206,1.0280613466003317,-3.5551544563912447,-0.019969601286876824,3.5551544563912447,3.5552105414129955
1207,1.0272095973487987,-3.5666164322260112,-0.020281751577378708,3.5666164322260112,3.5666740983823639
1208,1.0263592582781456,-3.5781751072291472,-0.020597487234691722,3.5781751072291472,3.5782343906561933
1209,1.0255103258891645,-3.5898314833142519,-0.020916866898531276,3.5898314833142519,3.5898924209389689
1210,1.0246627966942148,-3.6015865779631788,-0.021239950319858869,3.6015865779631788,3.6016492075234243
1211,1.0238166672171758,-3.6134414245112199,-0.021566798386718294,3.6134414245112199,3.6135057845762928
1212,1.0229719339933994,-3.625397072438548,-0.021897473150762264,3.625397072438548,3.6254632024303297
1213,1.022128593569662,-3.6374545876687181,-0.022232037854491918,3.6374545876687181,3.637522527883418
1214,1.0212866425041185,-3.6496150528737967,-0.022570556959229611,3.6496150528737967,3.6496848445043111
1215,1.0204460773662551,-3.6618795677864719,-0.022913096173849068,3.6618795677864719,3.6619512529453893
1216,1.019606894736842,-3.6742492495198764,-0.02325972248428626,3.6742492495198764,3.6743228712631417
1217,1.0187690912078882,-3.6867252328940134,-0.023610504183854686,3.6867252328940134,3.6868008352452719
1218,1.0179326633825942,-3.6993086707708294,-0.023965510904391599,3.6993086707708294,3.6993862987464761
1219,1.0170976078753076,-3.7120007343962964,-0.024324813648260064,3.7120007343962964,3.7120804340312543
1220,1.0162639213114752,-3.7248026137509083,-0.024688484821235368,3.7248026137509083,3.7248844321251582
1221,1.0154316003276003,-3.7377155179084864,-0.025056598266302063,3.7377155179084864,3.7377995031743723
1222,1.0146006415711948,-3.7507406754034083,-0.025429229298392919,3.7507406754034083,3.7508268768137412
1223,1.0137710417007357,-3.7638793346064752,-0.025806454740098281,3.7638793346064752,3.7639678025434717
1224,1.0129427973856209,-3.7771327641100072,-0.026188352958377015,3.7771327641100072,3.7772235501150808
1225,1.0121159053061224,-3.7905022531218506,-0.026575003902303503,3.7905022531218506,3.7905954099262864
1226,1.0112903621533442,-3.8039891118690878,-0.02696648914188092,3.8039891118690878,3.8040846934256356
1227,1.0104661646291768,-3.8175946720114649,-0.027362891907958986,3.8175946720114649,3.8176927335268731
1228,1.009643309446254,-3.8313202870647896,-0.027764297133289081,3.8313202870647896,3.8314208850333222
1229,1.0088217933279089,-3.8451673328345013,-0.028170791494757069,3.8451673328345013,3.8452705250724599
1230,1.00800161300813,-3.8591372078602024,-0.028582463456830277,3.8591372078602024,3.8592430535414977
1231,1.0071827652315191,-3.8732313338705424,-0.028999403316259595,3.8732313338705424,3.8733398935633416
1232,1.0063652467532467,-3.8874511562500107,-0.029421703248079571,3.8874511562500107,3.8875624919545104
1233,1.0055490543390104,-3.9017981445164036,-0.029849457352947383,3.9017981445164036,3.9019123197037522
1234,1.0047341847649918,-3.9162737928109159,-0.030282761705867661,3.9162737928109159,3.9163908724633361
1235,1.0039206348178138,-3.9308796203999314,-0.030721714406349021,3.9308796203999314,3.9309996710520814
1236,1.0031084012944984,-3.9456171721897473,-0.03116641563004087,3.9456171721897473,3.9457402619713631
1237,1.0022974810024252,-3.9604880192536562,-0.031616967681899213,3.9604880192536562,3.9606142179335198
1238,1.0014878707592891,-3.9754937593730411,-0.032073475050936537,3.9754937593730411,3.9756231384043228
1239,1.0006795673930589,-3.990636017591541,-0.032536044466607308,3.990636017591541,3.990768650158564
1240,0.99987256774193545,-4.0059164467836368,-0.033004784956886385,4.0059164467836368,4.0060524078501132
1241,0.99906686865431094,-4.0213367282377455,-0.033479807908098749,4.0213367282377455,4.0214760945965384
1242,0.99826246698872778,-4.0368985722540049,-0.033961227126560661,4.0368985722540049,4.0370414225784659
1243,0.99745935961383747,-4.0526037187577444,-0.034449158902096558,4.0526037187577444,4.0527501336546967
1244,0.9966575434083601,-4.0684539379285276,-0.034943722073496011,4.0684539379285276,4.0686039999929333
1245,0.99585701526104409,-4.0844510308459192,-0.035445038095978681,4.0844510308459192,4.0846048247173083
1246,0.99505777207062596,-4.1005968301515132,-0.0359532311107396,4.1005968301515132,4.1007544425722369
1247,0.99425981074578984,-4.1168932007288994,-0.036468428016647805,4.1168932007288994,4.1170547206042629
1248,0.99346312820512817,-4.1333420404009331,-0.036990758544173302,4.1333420404009331,4.1335075588612904
1249,0.99266772137710158,-4.149945280645932,-0.037520355331625094,4.149945280645932,4.1501148911108059
1250,0.99187358719999996,-4.1667048873323846,-0.038057354003779728,4.1667048873323846,4.1668786855766928
1251,0.99108072262190239,-4.1836228614737401,-0.038601893252990863,4.1836228614737401,4.183800945696202
1252,0.99028912460063889,-4.2007012400028199,-0.03915411492286458,4.2007012400028199,4.2008837108966279
1253,0.98949879010375097,-4.2179420965674819,-0.039714164094598617,4.2179420965674819,4.2181290573933152
1254,0.98870971610845293,-4.2353475423476361,-0.040282189176079647,4.2353475423476361,4.2355390990091184
1255,0.9879218996015936,-4.25291972689433,-0.040858341993841765,4.25291972689433,4.2531159880160132
1256,0.9871353375796178,-4.2706608389915797,-0.041442777887990209,4.2706608389915797,4.2708619159995482
1257,0.98635002704852814,-4.2885731075422839,-0.042035655810202466,4.2885731075422839,4.2887791147474914
1258,0.9855659650238473,-4.3066588024777221,-0.042637138424918508,4.3066588024777221,4.3068698571621491
1259,0.9847831485305798,-4.3249202356929004,-0.043247392213842273,4.3249202356929004,4.3251364581986573
1260,0.9840015746031745,-4.3433597620073545,-0.043866587583877154,4.3433597620073545,4.3435812758288339
1261,0.98322124028548763,-4.361979780152808,-0.044494898978625574,4.361979780152808,4.3622067120320027
1262,0.98244214263074481,-4.3807827337888359,-0.04513250499358798,4.3807827337888359,4.3810152138139609
1263,0.9816642787015043,-4.3997711125464374,-0.045779588495203305,4.3997711125464374,4.4000092742539652
1264,0.98088764556962016,-4.4189474531018043,-0.046436336743876636,4.4189474531018043,4.419191433582065
1265,0.98011224031620547,-4.4383143402800069,-0.047102941521148162,4.4383143402800069,4.438564280286486
1266,0.97933806003159551,-4.4578744081905963,-0.047779599261164193,4.4578744081905963,4.4581304522530765
1267,0.97856510181531164,-4.4776303413954697,-0.048466511186617559,4.4776303413954697,4.4778926379371713
1268,0.97779336277602513,-4.4975848761105226,-0.049163883449330786,4.4975848761105226,4.4978535775694075
1269,0.97702284003152085,-4.5177408014420166,-0.049871927275666375,4.5177408014420166,4.5180160643964227
1270,0.97625353070866139,-4.5381009606589675,-0.050590859116953102,4.5381009606589675,4.5383829459577374
1271,0.97548543194335158,-4.5586682525027111,-0.051320900805128175,4.5586682525027111,4.5589571254000161
1272,0.97471854088050303,-4.5794456325348936,-0.0520622797138032,4.5794456325348936,4.5797415628299278
1273,0.97395285467399839,-4.6004361145253139,-0.052815228924970495,4.6004361145253139,4.6007392767070776
1274,0.97318837048665618,-4.6216427718808966,-0.053579987401579529,4.6216427718808966,4.6219533452782589
1275,0.97242508549019602,-4.6430687391173251,-0.054356800166216551,4.6430687391173251,4.6433869080545991
1276,0.97166299686520374,-4.6647172133747627,-0.055145918486140727,4.6647172133747627,4.6650431673330193
1277,0.97090210180109626,-4.6865914559792099,-0.055947600064934225,4.6865914559792099,4.6869253897635659
1278,0.97014239749608755,-4.7086947940511514,-0.056762109241037723,4.7086947940511514,4.7090369079642924
1279,0.9693838811571539,-4.7310306221631286,-0.057589717193458206,4.7310306221631286,4.7313811221853257
1280,0.96862654999999998,-4.75360240404809,-0.058430702154945377,4.75360240404809,4.7539615020239809
1281,0.96787040124902413,-4.7764136743602421,-0.059285349632949846,4.7764136743602421,4.7767815881926827
1282,0.96711543213728546,-4.7994680404902734,-0.06015395263868753,4.7994680404902734,4.7998449943415471
1283,0.96636163990646917,-4.8227691844370515,-0.061036811924657486,4.8227691844370515,4.8231554089377582
1284,0.96560902180685348,-4.8463208647378409,-0.061934236230966833,4.8463208647378409,4.8467165972038062
1285,0.96485757509727621,-4.8701269184589631,-0.062846542540841266,4.8701269184589631,4.8705324031165151
1286,0.96410729704510101,-4.894191263249505,-0.063774056345716507,4.894191263249505,4.8946067514694755
1287,0.96335818492618486,-4.9185178994601451,-0.064717111920321868,4.9185178994601451,4.9189436500009984
1288,0.96261023602484463,-4.9431109123295389,-0.065676052608191454,4.9431109123295389,4.9435471915900191
1289,0.96186344763382459,-4.9679744742410268,-0.066651231118056237,4.9679744742410268,4.9684215565227507
1290,0.96111781705426347,-4.9931128470519628,-0.067643009831596906,4.9931128470519628,4.9935710148324146
1291,0.96037334159566223,-5.0185303844989484,-0.068651761123056709,5.0185303844989484,5.0189999287153269
1292,0.95963001857585128,-5.0442315346810869,-0.069677867691243539,5.0442315346810869,5.0447127550255146
1293,0.95888784532095894,-5.0702208426250426,-0.070721722904469403,5.0702208426250426,5.0707140478516406
1294,0.95814681916537858,-5.0965029529347738,-0.071783731159014902,5.0965029529347738,5.0970084611791622
1295,0.95740693745173744,-5.1230826125289521,-0.072864308251721965,5.1230826125289521,5.1236007516407316
1296,0.95666819753086418,-5.1499646734697979,-0.073963881767365819,5.1499646734697979,5.1504957813586234
1297,0.95593059676175784,-5.1771540958871736,-0.075082891481468711,5.1771540958871736,5.1776985208830535
1298,0.95519413251155616,-5.2046559510007793,-0.076221789779280208,5.2046559510007793,5.2052140522292634
1299,0.95445880215550416,-5.2324754242456084,-0.077381042091657387,5.2324754242456084,5.2330475720185694
1300,0.95372460307692297,-5.2606178185037464,-0.078561127348642346,5.2606178185037464,5.261204394726497
1301,0.95299153266717906,-5.2890885574472311,-0.079762538451554094,5.2890885574472311,5.2896899560427419
1302,0.95225958832565283,-5.3178931889966048,-0.080985782764478348,5.3178931889966048,5.318509816347663
1303,0.95152876745970827,-5.3470373888995262,-0.08223138262606286,5.3470373888995262,5.3476696643096853
1304,0.95079906748466247,-5.3765269644345945,-0.083499875882591834,5.3765269644345945,5.3771753206088313
1305,0.95007048582375475,-5.4063678582454813,-0.084791816443360091,5.4063678582454813,5.4070327417915269
1306,0.94934301990811631,-5.4365661523108741,-0.086107774859417952,5.4365661523108741,5.4372480242622281
1307,0.94861666717674054,-5.4671280720554538,-0.08744833892682613,5.4671280720554538,5.4678274084171532
1308,0.94789142507645252,-5.4980599906088248,-0.088814114315615034,5.4980599906088248,5.4987772829271035
1309,0.94716729106187925,-5.5293684332171527,-0.090205725225714906,5.5293684332171527,5.53010418917418
1310,0.94644426259541981,-5.5610600818156364,-0.091623815071186498,5.5610600818156364,5.5618148258505995
1311,0.94572233714721576,-5.5931417797675067,-0.09306904719416606,5.5931417797675067,5.5939160537253736
1312,0.94500151219512185,-5.625620536777074,-0.094542105610011168,5.625620536777074,5.6264149005864423
1313,0.94428178522467621,-5.6585035339847742,-0.096043695785222538,5.6585035339847742,5.659318566366295
1314,0.94356315372907151,-5.6917981292513318,-0.097574545449803041,5.6917981292513318,5.6926344284582946
1315,0.94284561520912535,-5.7255118626402979,-0.099135405445821112,5.7255118626402979,5.7263700472330354
1316,0.94212916717325224,-5.7596524621069154,-0.10072705061402842,5.7596524621069154,5.7605331717628054
1317,0.9414138071374335,-5.7942278494029491,-0.10235028072051969,5.7942278494029491,5.7951317457638778
1318,0.94069953262518957,-5.8292461462069394,-0.10400592142550605,5.8292461462069394,5.8301739137662114
1319,0.93998634116755109,-5.8647156804903169,-0.10569482529642513,5.8647156804903169,5.8656680275211146
1320,0.93927423030303026,-5.9006449931297897,-0.10741787286772639,5.9006449931297897,5.9016226526574105
1321,0.93856319757759266,-5.9370428447772134,-0.10917597374981425,5.9370428447772134,5.9380465755974443
1322,0.93785324054462926,-5.9739182229992807,-0.11097006778978977,5.9739182229992807,5.9749488107454232
1323,0.93714435676492813,-6.0112803496990033,-0.11280112628678038,6.0112803496990033,6.0123386079602108
1324,0.93643654380664643,-6.0491386888322243,-0.11467015326483007,6.0491386888322243,6.0502254603259731
1325,0.93572979924528299,-6.0875029544334129,-0.1165781868064964,6.0875029544334129,6.088619112235107
1326,0.93502412066365004,-6.1263831189649753,-0.11852630045050735,6.1263831189649753,6.1275295677978994
1327,0.93431950565184618,-6.1657894220053837,-0.12051560465702982,6.1657894220053837,6.1669670995943644
1328,0.93361595180722889,-6.2057323792930887,-0.12254724834433417,6.2057323792930887,6.2069422577855056
1329,0.93291345673438664,-6.2462227921424862,-0.12462242050088457,6.2462227921424862,6.2474658796004467
1330,0.93221201804511267,-6.2872717572507781,-0.12674235187712457,6.2872717572507781,6.2885490992185655
1331,0.93151163335837706,-6.3288906769147104,-0.12890831676153058,6.3288906769147104,6.3302033580658561
1332,0.93081230030030027,-6.371091269677061,-0.13112163484577627,6.371091269677061,6.3724404155456718
1333,0.93011401650412595,-6.4138855814248057,-0.13338367318419714,6.4138855814248057,6.4152723602261137
1334,0.92941677961019487,-6.4572859969615966,-0.13569584825305603,6.4572859969615966,6.4587116215069891
1335,0.92872058726591755,-6.5013052520776569,-0.13805962811550887,6.5013052520776569,6.5027709817898343
1336,0.92802543712574848,-6.5459564461439275,-0.14047653469854726,6.5459564461439275,6.5474635891781903
1337,0.92733132685115927,-6.5912530552560149,-0.14294814618862228,6.5912530552560149,6.5928029707341107
1338,0.92663825411061274,-6.6372089459569139,-0.14547609955311286,6.6372089459569139,6.6388030463202981
1339,0.92594621657953691,-6.6838383895689297,-0.14806209319530439,6.6838383895689297,6.685478143058786
1340,0.92525521194029847,-6.7311560771662116,-0.15070788975106403,6.7311560771662116,6.7328430104380752
1341,0.92456523788217737,-6.7791771352224846,-0.15341531903596806,6.7791771352224846,6.7809128361038713
1342,0.92387629210134126,-6.8279171419692162,-0.15618628115227245,6.8279171419692162,6.8297032623692555
1343,0.92318837230081896,-6.8773921445034496,-0.15902274976577518,6.8773921445034496,6.8792304034841596
1344,0.92250147619047618,-6.927618676684892,-0.16192677556332746,6.927618676684892,6.9295108637044258
1345,0.92181560148698882,-6.9786137778663644,-0.1649004899025665,6.9786137778663644,6.9805617562053239
1346,0.9211307459138186,-7.030395012503174,-0.16794610866623311,7.030395012503174,7.0324007228858649
1347,0.92044690720118771,-7.0829804906898559,-0.17106593633440642,7.0829804906898559,7.0850459551132809
1348,0.9197640830860534,-7.1363888896770931,-0.1742623702889311,7.1363888896770931,7.1385162154614026
1349,0.91908227131208298,-7.1906394764242396,-0.17753790536541075,7.1906394764242396,7.1928308604993765
1350,0.91840146962962954,-7.2457521312453252,-0.18089513866928375,7.2457521312453252,7.248009864689779
1351,0.91772167579570685,-7.3017473726131072,-0.18433677467377907,7.3017473726131072,7.3040738454618284
1352,0.91704288757396446,-7.3586463831874482,-0.18786563061890321,7.3586463831874482,7.3610440895273523
1353,0.91636510273466365,-7.4164710371395604,-0.19148464223209466,7.4164710371395604,7.4189425805124483
1354,0.91568831905465287,-7.4752439288496468,-0.19519686979282314,7.4752439288496468,7.4777920279839565
1355,0.91501253431734308,-7.5349884030588754,-0.19900550456514743,7.5349884030588754,7.5376158979533425
1356,0.91433774631268427,-7.595728586563613,-0.20291387562417396,7.595728586563613,7.5984384449477824
1357,0.91366395283714064,-7.6574894215456837,-0.20692545710446913,7.6574894215456837,7.6602847457442422
1358,0.91299115169366707,-7.7202967006387233,-0.21104387590071982,7.7202967006387233,7.7231807348687846
1359,0.91231934069168497,-7.7841771038381857,-0.21527291985348662,7.7841771038381857,7.7871532419710929
1360,0.91164851764705879,-7.8491582373697497,-0.21961654645555923,7.8491582373697497,7.8522300311915512
1361,0.91097868038207197,-7.9152686746405436,-0.2240788921174578,7.9152686746405436,7.9184398426482003
1362,0.91030982672540373,-7.9825379994046237,-0.22866428203385014,7.9825379994046237,7.9858124361781009
1363,0.90964195451210561,-8.0509968512861754,-0.23337724069625126,8.0509968512861754,8.0543786374800455
1364,0.90897506158357766,-8.1206769738124542,-0.23822250310129323,8.1206769738124542,8.1241703868143755
1365,0.90830914578754574,-8.1916112651218569,-0.24320502670814204,8.1916112651218569,8.1952207904294685
1366,0.90764420497803799,-8.2638338315244617,-0.24833000420339835,8.2638338315244617,8.2675641748967355
1367,0.90698023701536201,-8.3373800441046946,-0.25360287713700524,8.3373800441046946,8.3412361445488017
1368,0.90631723976608181,-8.4122865985730577,-0.2590293504984138,8.4122865985730577,8.41627364223333
1369,0.90565521110299485,-8.4885915785884869,-0.26461540830859109,8.4885915785884869,8.4927150136100593
1370,0.90499414890510943,-8.5663345227909851,-0.27036733031040772,8.5663345227909851,8.5706000752374294
1371,0.9043340510576221,-8.6455564958025413,-0.27629170984764118,8.6455564958025413,8.6499701867141745
1372,0.90367491545189493,-8.7263001634776636,-0.2823954730313496,8.7263001634776636,8.7308683271653393
1373,0.9030167399854333,-8.8086098727057767,-0.28868589930176869,8.8086098727057767,8.8133391763840212
1374,0.90235952256186314,-8.8925317360931153,-0.29517064350434064,8.8925317360931153,8.8974292009664229
1375,0.90170326109090904,-8.9781137218803053,-0.30185775961004258,8.9781137218803053,8.9831867458075383
1376,0.90104795348837208,-9.0654057494819753,-0.30875572622304359,9.0654057494819753,9.0706621313560323
1377,0.90039359767610738,-9.1544597910664578,-0.3158734740330349,9.1544597910664578,9.1599077570601253
1378,0.8997401915820028,-9.2453299796318014,-0.3232204153854471,9.2453299796318014,9.2509782114758288
1379,0.89908773313995638,-9.3380727240742551,-0.33080647616057612,9.3380727240742551,9.3439303895507155
1380,0.89843622028985504,-9.4327468317874406,-0.33864213017239064,9.4327468317874406,9.4388236176402671
1381,0.89778565097755247,-9.5294136393825291,-0.34673843631995516,9.5294136393825291,9.5357197868682881
1382,0.89713602315484797,-9.6281371521704706,-0.35510707874917868,9.6281371521704706,9.6346834954960023
1383,0.89648733477946485,-9.7289841931079017,-0.36376041031036144,9.7289841931079017,9.7357822010279467
1384,0.89583958381502882,-9.8320245619743503,-0.37271149962818018,9.8320245619743503,9.8390863828519155
1385,0.89519276823104688,-9.9373312056198664,-0.3819741821357775,9.9373312056198664,9.9446697162854392
1386,0.8945468860028859,-10.044980400203535,-0.3915631154640633,10.044980400203535,10.052609258986697
1387,0.89390193511175187,-10.155051946433375,-0.40149383962177931,10.155051946433375,10.162985650782673
1388,0.89325791354466855,-10.267629378915668,-0.41178284245212171,10.267629378915668,10.275883328070153
1389,0.89261481929445641,-10.382800190834224,-0.42244763090844506,10.382800190834224,10.391390754064027
1390,0.89197265035971218,-10.500656075302729,-0.43350680875594438,10.500656075302729,10.509600666296977
1391,0.89133140474478789,-10.621293184871295,-0.44498016137923235,10.621293184871295,10.630610342920791
1392,0.89069108045977008,-10.744812410821471,-0.45688874845870775,10.744812410821471,10.754521889522158
1393,0.89005167552045938,-10.871319684057301,-0.46925500537318532,10.871319684057301,10.881442548349899
1394,0.88941318794835,-11.000926299592873,-0.48210285429413269,11.000926299592873,11.011485032055971
1395,0.88877561577060926,-11.133749266853084,-0.49545782606022937,11.133749266853084,11.144767884283453
1396,0.8881389570200573,-11.269911688249632,-0.50934719406224382,11.269911688249632,11.281415869696708
1397,0.88750320973514663,-11.409543168767591,-0.52380012153045485,11.409543168767591,11.421560396341935
1398,0.88686837195994273,-11.552780259609282,-0.5388478238034129,11.552780259609282,11.565339973560464
1399,0.88623444174410282,-11.699766939292704,-0.55452374737201438,11.699766939292704,11.712900709054358
1400,0.88560141714285712,-11.850655135997151,-0.57086376774125402,11.850655135997151,11.864396849130401
1401,0.88496929621698783,-12.005605295401967,-0.58790640844005959,12.005605295401967,12.01999136663869
1402,0.8843380770328102,-12.164786998772897,-0.60569308384348242,12.164786998772897,12.179856601673515
1403,0.88370775766215248,-12.328379636636317,-0.6242683688605648,12.328379636636317,12.344174960741155
1404,0.88307833618233611,-12.496573144044621,-0.64368029899461354,12.496573144044621,12.513139680822357
1405,0.88244981067615647,-12.669568804196999,-0.66398070481333726,12.669568804196999,12.686955665589998
1406,0.88182217923186335,-12.847580128051302,-0.68522558548852608,12.847580128051302,12.865840401998884
1407,0.88119543994314142,-13.030833818561359,-0.70747552679704073,13.030833818561359,13.050024966565358
1408,0.88056959090909082,-13.219570829325775,-0.7307961698382599,13.219570829325775,13.239755131927902
1409,0.87994463023420855,-13.41404752875917,-0.75525873774480901,13.41404752875917,13.435292585751522
1410,0.87932055602836878,-13.614536982432458,-0.78094062887609694,13.614536982432458,13.636916275751293
1411,0.87869736640680363,-13.821330368000762,-0.80792608642792252,13.821330368000762,13.844923896596573
1412,0.87807505949008491,-14.03473853920358,-0.83630695611665362,14.03473853920358,14.059633536783785
1413,0.87745363340410465,-14.255093757819697,-0.86618354566481237,14.255093757819697,14.281385506280914
1414,0.87683308628005652,-14.482751615262099,-0.89766560230364267,14.482751615262099,14.510544368938612
1415,0.87621341625441684,-14.718093168773695,-0.9308734275143955,14.718093168773695,14.74750120741664
1416,0.87559462146892653,-14.961527321029447,-0.96593915187519186,14.961527321029447,14.992676152809944
1417,0.8749767000705716,-15.213493476472301,-1.0030081973186862,15.213493476472301,15.24652121641372
1418,0.87435965021156548,-15.474464513037127,-1.0422409595322102,15.474464513037127,15.509523467307821
1419,0.87374347004933051,-15.744950114221915,-1.0838147498975133,15.744950114221915,15.782208606891245
1420,0.87312815774647878,-16.025500513935512,-1.1279260445907315,16.025500513935512,16.065145000410467
1421,0.87251371147079515,-16.316710715426886,-1.1747930986591473,16.316710715426886,16.358948236227896
1422,0.87190012939521799,-16.61922525618732,-1.2246589955969562,16.61922525618732,16.6642862964902
1423,0.87128740969782148,-16.933743603350884,-1.2777952188571162,16.933743603350884,16.981885438471227
1424,0.87067555056179768,-17.261026279257344,-1.3345058517834172,17.261026279257344,17.312536904846059
1425,0.87006455017543849,-17.601901835003773,-1.3951325378429895,17.601901835003773,17.657104604301843
1426,0.86945440673211771,-17.957274811647117,-1.4600603654071951,17.957274811647117,18.016533932242599
1427,0.86884511843027323,-18.328134855009274,-1.5297248828431047,18.328134855009274,18.39186193620959
1428,0.86823668347338934,-18.715567181716764,-1.604620503276494,18.715567181716764,18.784229073690753
1429,0.86762910006997895,-19.120764632275808,-1.6853106280696002,19.120764632275808,19.194892863362735
1430,0.86702236643356634,-19.545041592919141,-1.7724399093096017,19.545041592919141,19.625243797238614
1431,0.86641648078266942,-19.989850123077169,-1.8667491920184842,19.989850123077169,20.076823964187909
1432,0.86581144134078203,-20.456798691077879,-1.9690938369636299,20.456798691077879,20.551348939328868
1433,0.86520724633635726,-20.947673998375926,-2.080466339784806,20.947673998375926,21.050733624584502
1434,0.86460389400278936,-21.464466462952622,-2.2020244528476702,21.464466462952622,21.577122890463336
1435,0.8640013825783972,-22.009400034760674,-2.3351264131749492,22.009400034760674,22.132928076863902
1436,0.86339971030640661,-22.584967126372064,-2.4813754270049975,22.584967126372064,22.720870672336723
1437,0.86279887543493383,-23.1939695502967,-2.6426763233139274,23.1939695502967,23.344034819411462
1438,0.862198876216968,-23.839566438769729,-2.8213083599572251,23.839566438769729,24.005930701609561
1439,0.86159971091035437,-24.525330137248631,-3.0200196882970838,24.525330137248631,24.710571366496929
1440,0.86100137777777774,-25.255310921081808,-3.2421511674386236,25.255310921081808,25.462566129772497
1441,0.86040387508674521,-26.034110914823351,-3.4918003878499411,26.034110914823351,26.267234362869516
1442,0.85980720110956999,-26.866966466682406,-3.7740414013252028,26.866966466682406,27.130744103705553
1443,0.85921135412335403,-27.759835813799413,-4.0952224926300698,27.759835813799413,28.060280320646186
1444,0.85861633240997226,-28.719483943139323,-4.463374459584676,28.719483943139323,29.064247272666641
1445,0.85802213425605534,-29.753546720709735,-4.8887768650757177,29.753546720709735,30.152507054935857
1446,0.85742875795297369,-30.870536934210342,-5.3847516706620944,30.870536934210342,31.336649488436748
1447,0.85683620179682096,-32.079716576281498,-5.9687847394227074,32.079716576281498,32.630271327099244
1448,0.85624446408839772,-33.390684064387841,-6.6641161980483421,33.390684064387841,34.049203030157031
1449,0.85565354313319519,-34.812376093587048,-7.501982026707406,34.812376093587048,35.611532733236736
1450,0.85506343724137923,-36.350893936240126,-8.5246925023254576,36.350893936240126,37.33708440977928
1451,0.85447414472777394,-38.005021935418384,-9.7895667669828192,38.005021935418384,39.245602426219001
1452,0.85388566391184562,-39.757397284835818,-11.373022745688104,39.757397284835818,41.35210134005537
1453,0.8532979931176875,-41.558220930939612,-13.371888368428309,41.558220930939612,43.656535885048136
1454,0.85271113067400273,-43.299017281381992,-15.893547539299256,43.299017281381992,46.123852299188776
1455,0.85212507491408929,-44.782889807176218,-19.017927516079482,44.782889807176218,48.653764360926289
1456,0.85153982417582408,-45.725368180071953,-22.716612734277412,45.725368180071953,51.057357837262508
1457,0.85095537680164712,-45.846435217164128,-26.766544462718571,45.846435217164128,53.088073280128725
1458,0.85037173113854592,-45.042295449376496,-30.779453058433219,45.042295449376496,54.554405046020037
1459,0.84978888553803966,-43.465427430110722,-34.390369543101016,43.465427430110722,55.425092683668751
1460,0.84920683835616428,-41.407954775480633,-37.420830417649697,41.407954775480633,55.811623053220252
1461,0.84862558795345644,-39.137572032536355,-39.872917114423231,39.137572032536355,55.87127225878821
1462,0.84804513269493842,-36.829226525557431,-41.836502290532152,36.829226525557431,55.737643028536155
1463,0.8474654709501025,-34.575432594326884,-43.417627214778008,34.575432594326884,55.502710672959694
1464,0.84688660109289615,-32.416582847937477,-44.708343137625178,32.416582847937477,55.223824475029168
1465,0.84630852150170643,-30.364895556954245,-45.780305505678086,30.364895556954245,54.935082182317338
1466,0.84573123055934507,-28.41873226186884,-46.687039040070573,28.41873226186884,54.656234390057087
1467,0.84515472665303337,-26.570236948231958,-47.468046586213191,26.570236948231958,54.398464483807786
1468,0.84457900817438691,-24.809183177900771,-48.152514310755137,24.809183177900771,54.167889052483048
1469,0.84400407351940088,-23.124832240715833,-48.762142097002879,23.124832240715833,53.96762333148969
1470,0.84342992108843529,-21.506789876293659,-49.313173954624062,21.506789876293659,53.798988245710163
1471,0.8428565492861998,-19.945381410881581,-49.817816128289863,19.945381410881581,53.662212434986671
1472,0.84228395652173904,-18.431823732251331,-50.285220379290095,18.431823732251331,53.55684377080631
1473,0.84171214120841809,-16.958355613990847,-50.722187430009029,16.958355613990847,53.482016817015612
1474,0.84114110176390766,-15.518423070301132,-51.133756220809516,15.518423070301132,53.436714717860703
1475,0.8405708366101694,-14.106919086342998,-51.523903076429832,14.106919086342998,53.420199871752295
1476,0.84000134417344163,-12.720223109285925,-51.896590007449063,12.720223109285925,53.432762705584238
1477,0.83943262288422471,-11.355423060297731,-52.257021105648178,11.355423060297731,53.476554560989634
1478,0.83886467117726649,-10.00843190103221,-52.61202541623814,10.00843190103221,53.555521914331926
1479,0.83829748749154831,-8.6723789577004808,-52.96852127127174,8.6723789577004808,53.673777605560176
1480,0.83773107027027016,-7.3381011338591051,-53.331338401530473,7.3381011338591051,53.833812645486141
1481,0.83716541796083721,-5.9959668950691007,-53.702606815708322,5.9959668950691007,54.036298890739431
1482,0.83660052901484472,-4.637031689678464,-54.082619658105074,4.637031689678464,54.28104468388883
1483,0.83603640188806472,-3.253098706109034,-54.470815226776395,3.253098706109034,54.567869324917787
1484,0.83547303504043124,-1.8363017585055852,-54.866285186567922,1.8363017585055852,54.89700587757126
1485,0.83491042693602691,-0.3786557966178572,-55.267900670254491,0.3786557966178572,55.269197793250356
1486,0.83434857604306856,1.1283104122173011,-55.674246996266064,1.1283104122173011,55.685679155304896
1487,0.83378748083389365,2.6938595048612521,-56.083469441986225,2.6938595048612521,56.148129298153229
1488,0.83322713978494622,4.3283307010079479,-56.493059303617329,4.3283307010079479,56.658628611530226
1489,0.83266755137676285,6.0434390901764186,-56.89957055106747,6.0434390901764186,57.219614512268222
1490,0.8321087140939597,7.8526131028794968,-57.298234467090296,7.8526131028794968,57.833824061609214
1491,0.83155062642521793,9.7713857657243928,-57.682418550462629,9.7713857657243928,58.504199760473227
1492,0.83099328686327067,11.817845055589988,-58.042847915821099,11.817845055589988,59.23372059846546
1493,0.83043669390488939,14.013129482492815,-58.366465321868034,14.013129482492815,60.025095352376852
1494,0.82988084605087009,16.381913747014472,-58.634742052450662,16.381913747014472,60.88021085354459
1495,0.82932574180602003,18.952739751312663,-58.821158078508816,18.952739751312663,61.799150332168075
1496,0.82877137967914427,21.757857583940272,-58.887443943173906,21.757857583940272,62.778463033141207
1497,0.82821775818303267,24.83184556755397,-58.778045200943737,24.83184556755397,63.808143304244759
1498,0.82766487583444592,28.207489720099147,-58.412259824745263,28.207489720099147,64.86643642241377
1499,0.82711273115410266,31.9059465835632,-57.674031853442443,31.9059465835632,65.911177941416597
1500,0.8265613226666666,35.915972420619042,-56.401623309179726,35.915972420619042,66.86628587583786
1501,0.82601064890073284,40.15526083662904,-54.38585488533424,40.15526083662904,67.603743864273881
1502,0.8254607083888148,44.412202542046529,-51.399128436670509,44.412202542046529,67.928743096609068
1503,0.8249114996673319,48.295048301156498,-47.290553324040232,48.295048301156498,67.592959131147168
1504,0.82436302127659566,51.27375529135729,-42.151037552051278,51.27375529135729,66.37550714226164
1505,0.82381527176079727,52.899104981559873,-36.42351042509965,52.899104981559873,64.226064954482737
1506,0.82326824966799461,53.076032695782047,-30.759616012337311,53.076032695782047,61.345083127746783
1507,0.82272195355009947,52.093307488115784,-25.691970055083878,52.093307488115784,58.084335326856475
1508,0.82217638196286469,50.39253093376756,-21.451512243538609,50.39253093376756,54.768371816637078
1509,0.82163153346587137,48.351777351127865,-18.026004626378857,48.351777351127865,51.602627993187262
1510,0.82108740662251645,46.217052745763482,-15.293497893851743,46.217052745763482,48.68169103815039
1511,0.82054399999999994,44.123845942037406,-13.112179540423785,44.123845942037406,46.030892159689436
1512,0.82000131216931216,42.137189887545716,-11.357580032970251,42.137189887545716,43.641005898402589
1513,0.81945934170522139,40.282618554996944,-9.9311583801961838,40.282618554996944,41.488760699976631
1514,0.81891808718626147,38.565161484911329,-8.7580566344507815,38.565161484911329,39.547126777675459
1515,0.81837754719471945,36.979917068347888,-7.7821893639212654,36.979917068347888,37.789902588890286
1516,0.81783772031662261,35.517655813377289,-6.9615589471923922,35.517655813377289,36.193468712638861
1517,0.81729860514172703,34.16769180960398,-6.2645271067718191,34.16769180960398,34.737234539720603
1518,0.8167602002635046,32.919299669875372,-5.6670405824249581,32.919299669875372,33.40352735442633
1519,0.8162225042791309,31.762370047684989,-5.1506206971944426,31.762370047684989,32.177275282603475
1520,0.81568551578947368,30.687672406393709,-4.7009183198476343,30.687672406393709,31.045641735548276
1521,0.81514923339907952,29.686919685238479,-4.3066743340786395,29.686919685238479,29.997677313712334
1522,0.81461365571616284,28.752737228434114,-3.9589678397746919,28.752737228434114,29.02401289421832
1523,0.81407878135259348,27.878589508410222,-3.6506685070852551,27.878589508410222,28.116598896862765
1524,0.81354460892388447,27.058692316720858,-3.3760346841908682,27.058692316720858,27.268488041690688
1525,0.81301113704918027,26.287924450294334,-3.1304166877745976,26.287924450294334,26.473656350105482
1526,0.81247836435124499,25.561745850887128,-2.9100371553601745,25.561745850887128,25.726856924057437
1527,0.81194628945645053,24.876125737917548,-2.7118290293149538,24.876125737917548,25.023501921452144
1528,0.81141491099476437,24.227483063305719,-2.5333178341967155,24.227483063305719,24.359569676655305
1529,0.81088422759973833,23.612642062963282,-2.3725390999148823,23.612642062963282,23.731536127571847
1530,0.8103542379084967,23.028807854760558,-2.2279841250383159,23.028807854760558,23.136332995375572
1531,0.80982494056172427,22.473571223654382,-2.0985667054629413,22.473571223654382,22.571339919507299
1532,0.80929633420365532,21.944957569225075,-1.9835971150089549,21.944957569225075,22.03442352841936
1533,0.8087684174820613,21.441538952392143,-1.8827315755782736,21.441538952392143,21.524039370727536
1534,0.80824118904823983,20.962614919641219,-1.7958277232622049,20.962614919641219,21.039396889663966
1535,0.80771464755700317,20.508395260023413,-1.7225896159803415,20.508395260023413,20.58061202021053
1536,0.80718879166666657,20.07993936942416,-1.6619256260129127,20.07993936942416,20.148597019796412
1537,0.80666362003903702,19.678461313992656,-1.611280232150313,19.678461313992656,19.744317250105759
1538,0.80613913133940174,19.304036423575333,-1.5667225247461705,19.304036423575333,19.367509951262971
1539,0.80561532423651716,18.954765302088653,-1.5242192698202195,18.954765302088653,19.015950463748986
1540,0.8050921974025973,18.627338893203785,-1.4810616263386831,18.627338893203785,18.686125809896375
1541,0.80456974951330296,18.318320751982753,-1.4361992425157784,18.318320751982753,18.374535189678262
1542,0.80404797924773019,18.024963481767415,-1.3896653553466876,18.024963481767415,18.078453427185071
1543,0.80352688528839922,17.745340828672141,-1.3419110980518472,17.745340828672141,17.796006476758016
1544,0.80300646632124351,17.478162949941591,-1.2934145236979995,17.478162949941591,17.525955073399675
1545,0.80248672103559859,17.222558469255446,-1.2445261132388121,17.222558469255446,17.267465519683419
1546,0.80196764812419141,16.977914849846584,-1.1954328262118454,16.977914849846584,17.019948657108987
1547,0.80144924628312852,16.743778184194312,-1.1461638807814363,16.743778184194312,16.782961583794123
1548,0.80093151421188624,16.519792398623689,-1.0966030276543508,16.519792398623689,16.556149283389711
1549,0.80041445061329886,16.305659329570833,-1.0464938958839602,16.305659329570833,16.339206701861102
1550,0.79989805419354831,16.101105434626309,-0.99543402632321243,16.101105434626309,16.131846922089078
1551,0.79938232366215334,15.905842679626307,-0.94285689342836276,15.905842679626307,15.933763223749347
1552,0.79886725773195866,15.719509405393151,-0.88800441357871485,15.719509405393151,15.744571375073347
1553,0.79835285511912424,15.541572032158292,-0.8298996779829988,15.541572032158292,15.563714039594826
1554,0.79783911454311451,15.371163383215375,-0.76734772992195133,15.371163383215375,15.390304944740944
1555,0.79732603472668806,15.206841317531971,-0.69903037299411741,15.206841317531971,15.222899405795395
1556,0.79681361439588683,15.046309790501088,-0.62381709987168543,15.046309790501088,15.059235906440314
1557,0.79630185228002559,14.886311567871577,-0.5414198396650951,14.886311567871577,14.896154119051335
1558,0.79579074711168163,14.723124832996799,-0.45327163037906715,14.723124832996799,14.730100475519965
1559,0.79528029762668373,14.553927113030145,-0.3629160204373012,14.553927113030145,14.558451238002069
1560,0.79477050256410253,14.378283344743593,-0.2750324563537081,14.378283344743593,14.380913559081669
1561,0.79426136066623954,14.198316603161995,-0.19350173852552599,14.198316603161995,14.19963511103148
1562,0.79375287067861711,14.017373873661679,-0.12015692921524179,14.017373873661679,14.017888856801921
1563,0.79324503134996793,13.838544107330154,-0.054955432788932113,13.838544107330154,13.83865322602294
1564,0.79273784143222503,13.663995770082778,0.0031689842116240374,13.663995770082778,13.663996137561696
1565,0.79223129968051109,13.495003451052597,0.055591647971524827,13.495003451052597,13.495117953365421
1566,0.79172540485312892,13.332214265971867,0.1036341282892923,13.332214265971867,13.332617044913952
1567,0.79122015571155069,13.175900389082436,0.1484471430685359,13.175900389082436,13.176736607267669
1568,0.79071555102040814,13.026132746225574,0.19100974928038594,13.026132746225574,13.02753311439316
1569,0.79021158954748238,12.882885252646116,0.23217040801564437,12.882885252646116,12.884977125754043
1570,0.78970827006369426,12.746091999324555,0.27269837251814222,12.746091999324555,12.749008810790723
1571,0.78920559134309354,12.615674396752841,0.31333549350285139,12.615674396752841,12.619564953530443
1572,0.78870355216284982,12.491547466886434,0.35484757048939608,12.491547466886434,12.496586530559419
1573,0.78820215130324212,12.373607630026545,0.39807749201064968,12.373607630026545,12.380009348602957
1574,0.78770138754764929,12.261697940287384,0.44400250403437191,12.261697940287384,12.269734088497463
1575,0.78720125968253962,12.155539428065222,0.49379503620150111,12.155539428065222,12.165565022843181
1576,0.78670176649746182,12.054608185277591,0.54887771469708513,12.054608185277591,12.067097631421259
1577,0.78620290678503479,11.957929420737944,0.61094157647321912,11.957929420737944,11.973526032093206
1578,0.78570467934093779,11.86376518229158,0.68185128646984883,11.86376518229158,11.883343194464029
1579,0.78520708296390118,11.76923197873273,0.76329073407195935,11.76923197873273,11.793957525527437
1580,0.78471011645569611,11.670069377309314,0.85596958370826326,11.670069377309314,11.701418854115353
1581,0.78421377862112585,11.56107853826493,0.95843593958770423,11.56107853826493,11.600738615201333
1582,0.78371806826801516,11.437728044713349,1.0662379480725734,11.437728044713349,11.487318494180105
1583,0.78322298420720149,11.298363528645741,1.1727011195606458,11.298363528645741,11.359060099376665
1584,0.78272852525252523,11.145142259053152,1.2714231747222369,11.145142259053152,11.217428977432983
1585,0.78223469022082015,10.98269937656524,1.3585394714147547,10.98269937656524,11.066404795207808
1586,0.78174147793190407,10.815927167997522,1.4331103122313968,10.815927167997522,10.91045762882799
1587,0.78124888720856955,10.64859678104737,1.4961121043845691,10.64859678104737,10.753183939383648
1588,0.78075691687657423,10.483098407154174,1.5492895990291444,10.483098407154174,10.596964210364129
1589,0.7802655657646318,10.320733611258536,1.5944514159226901,10.320733611258536,10.443170859097323
1590,0.77977483270440251,10.162094399886584,1.6331757594444549,10.162094399886584,10.292493655739761
1591,0.77928471653048392,10.007355423628812,1.6667418017355233,10.007355423628812,10.145205311302753
1592,0.77879521608040192,9.8564619463532068,1.6961533692226356,9.8564619463532068,10.00133882796869
1593,0.77830633019460127,9.7092408466791298,1.7221887747416624,9.7092408466791298,9.8607957079877
1594,0.77781805771643653,9.5654630851979228,1.7454504604155785,9.5654630851979228,9.7234089363786982
1595,0.77733039749216293,9.4248775978863826,1.7664063513682939,9.4248775978863826,9.5889785239771417
1596,0.77684334837092728,9.2872289017067544,1.7854219216289449,9.2872289017067544,9.4572909498931264
1597,0.77635690920475886,9.1522655611919781,1.8027842530388924,9.1522655611919781,9.3281292854240441
1598,0.77587107884856066,9.0197435693916042,1.8187197935152084,9.0197435693916042,9.2012779408571923
1599,0.77538585616010003,8.8894269109748869,1.8334073305181544,8.8894269109748869,9.0765242932061962
1600,0.77490123999999994,8.7610865629159527,1.8469873607258174,8.7610865629159527,8.9536584742543859
1601,0.77441722923173006,8.6344986167107756,1.8595687169240873,8.6344986167107756,8.8324720308044569
1602,0.77393382272159794,8.5094418830870033,1.8712330478770036,8.5094418830870033,8.7127558373400067
1603,0.77345101933873983,8.3856951574465235,1.8820375344569711,8.3856951574465235,8.5942974439291397
1604,0.77296881795511219,8.2630342223021742,1.8920160509972108,8.2630342223021742,8.4768779215090717
1605,0.77248721744548277,8.141228610439736,1.901178827282421,8.141228610439736,8.3602681907190917
1606,0.77200621668742209,8.0200381355210162,1.9095105162135246,8.0200381355210162,8.2442247729390203
1607,0.77152581456129432,7.8992092143104884,1.9169664066398404,7.8992092143104884,8.1284848782312071
1608,0.77104600995024875,7.7784710685907754,1.9234663199251396,7.7784710685907754,8.0127607507518945
1609,0.7705668017402113,7.6575320348267475,1.9288854694518487,7.6575320348267475,7.8967332498103513
1610,0.77008818881987573,7.5360764846481683,1.9330412196513915,7.5360764846481683,7.7800448031703802
1611,0.76961017008069521,7.4137633789257809,1.9356742364859396,7.4137633789257809,7.6622922280800818
1612,0.7691327444168734,7.2902284412007123,1.9364219863522878,7.2902284412007123,7.5430206704025622
1613,0.76865591072535644,7.1650936905801874,1.934782026570431,7.1650936905801874,7.4217214367781281
1614,0.76817966790582404,7.0379911955850574,1.9300624228100811,7.0379911955850574,7.2978394765215482
1615,0.76770401486068107,6.9086132334477455,1.9213179961733855,6.9086132334477455,7.1708018834569005
1616,0.76722895049504947,6.776809367499661,1.9072765776258209,6.776809367499661,7.0400887172670776
1617,0.76675447371675942,6.6427615377645193,1.8862747722578752,6.6427615377645193,6.9053829266782989
1618,0.76628058343634109,6.507273662951004,1.856258097235477,6.507273662951004,6.7668533786456493
1619,0.76580727856701658,6.3721859430275494,1.8149654192554929,6.3721859430275494,6.6256209645293742
1620,0.7653345580246913,6.2408056759482662,1.7604903619395877,6.2408056759482662,6.4843644098269388
1621,0.76486242072794564,6.1179796110707905,1.6923583867402656,6.1179796110707905,6.3477359294986444
1622,0.76439086559802705,6.0091892354804948,1.6128067615575623,6.0091892354804948,6.221856709852811
1623,0.76391989155884155,5.9184873938389657,1.5271695694139951,5.9184873938389657,6.1123432433703258
1624,0.7634494975369458,5.8465032813304667,1.442345466220694,5.8465032813304667,6.02179051964906
1625,0.76297968246153836,5.7903344408817539,1.3641583834424558,5.7903344408817539,5.9488571198489675
1626,0.76251044526445255,5.7453278585683627,1.2957278586760888,5.7453278585683627,5.8896267187480609
1627,0.76204178488014751,5.7070113275556373,1.2376357148891044,5.7070113275556373,5.8396678377813087
1628,0.76157370024570015,5.6720295689789388,1.18896713286671,5.6720295689789388,5.7953051925164996
1629,0.76110619030079796,5.6382124905440261,1.1482466029752805,5.6382124905440261,5.7539473711332247
1630,0.76063925398773002,5.6042915446966575,1.113969609341793,5.6042915446966575,5.7139313969013985
1631,0.76017289025137946,5.5695873747966065,1.0848199651540311,5.5695873747966065,5.6742521870543037
1632,0.75970709803921566,5.5337746132150034,1.0597207074432473,5.5337746132150034,5.6343295473061277
1633,0.75924187630128592,5.4967288021645526,1.037816127051894,5.4967288021645526,5.5938439232887385
1634,0.75877722399020797,5.458433505976565,1.0184331497949533,5.458433505976565,5.5526302253768787
1635,0.75831314006116202,5.4189260257365817,1.0010418872568441,5.4189260257365817,5.5106119562574909
1636,0.75784962347188256,5.3782664130468074,0.98522189079412548,5.3782664130468074,5.4677611308292651
1637,0.75738667318265118,5.3365201289404745,0.97063521651374196,5.3365201289404745,5.4240740970347678
1638,0.75692428815628809,5.2937485616832376,0.95700551379041077,5.2937485616832376,5.3795569880565992
1639,0.75646246735814515,5.2500040159854517,0.94410188681823737,5.2500040159854517,5.3342169566448199
1640,0.75600120975609753,5.2053272126703476,0.93172633028319263,5.2053272126703476,5.2880568591411183
1641,0.75554051432053615,5.1597461728536924,0.9197037339165004,5.1597461728536924,5.2410719825679051
1642,0.75508038002436051,5.1132758500328137,0.90787364771566736,5.1132758500328137,5.1932479700805114
1643,0.75462080584297009,5.0659181662496522,0.89608315538083305,5.0659181662496522,5.1445594455206276
1644,0.75416179075425782,5.0176622943048166,0.88418030887210186,5.0176622943048166,5.0949690596004054
1645,0.75370333373860177,4.9684851627835815,0.87200763376095913,4.9684851627835815,5.0444268382183894
1646,0.75324543377885778,4.918352283927538,0.85939522761003428,4.918352283927538,4.9928698507025135
1647,0.75278808986035206,4.8672191511569078,0.84615294571647348,4.8672191511569078,4.9402223707980228
1648,0.75233130097087375,4.8150336650063856,0.83206110522503618,4.8150336650063856,4.8863969218610492
1649,0.75187506610066701,4.761740385975461,0.81685905260316594,4.761740385975461,4.8312969496036438
1650,0.75141938424242416,4.7072879823985883,0.80023087496435674,4.7072879823985883,4.7748224681636486
1651,0.75096425439127801,4.651642191550339,0.7817876203022267,4.651642191550339,4.7168810628919893
1652,0.75050967554479409,4.5948081270192471,0.76104591690793599,4.5948081270192471,4.6574083578492838
1653,0.75005564670296421,4.5368680267360535,0.73740445369921337,4.5368680267360535,4.5964047711614047
1654,0.74960216686819825,4.4780435128481457,0.71012368809115656,4.4780435128481457,4.5339992672418408
1655,0.74914923504531716,4.4187939444100373,0.67832286392620444,4.4187939444100373,4.4705549801875675
1656,0.74869685024154586,4.3599596799317553,0.64102538109216656,4.3599596799317553,4.4068312822066344
1657,0.74824501146650568,4.3029381128829041,0.59730921294904016,4.3029381128829041,4.3441978199863422
1658,0.74779371773220737,4.2498183397022036,0.54663603799653615,4.2498183397022036,4.2848298540905621
1659,0.7473429680530439,4.2032898973907642,0.48937787483583234,4.2032898973907642,4.2316824864214579
1660,0.74689276144578309,4.166081997962598,0.42734011375225522,4.166081997962598,4.1879420705842882
1661,0.74644309692956046,4.1399434190202484,0.3637812250616666,4.1399434190202484,4.1558956065325354
1662,0.74599397352587238,4.124768396373037,0.30255460332682393,4.124768396373037,4.1358498052651829
1663,0.74554539025856881,4.1186427963805752,0.24680801507260991,4.1186427963805752,4.1260311051277458
1664,0.74509734615384615,4.118768385325037,0.19819452081075423,4.118768385325037,4.1235341735012234
1665,0.74464984024024017,4.1224645765130905,0.15695761427578461,4.1224645765130905,4.1254514755702072
1666,0.74420287154861942,4.1276867958753076,0.122475835095469,4.1276867958753076,4.1295034344368444
1667,0.74375643911217748,4.1330885590553912,0.09378168849507601,4.1330885590553912,4.1341523970569298
1668,0.74331054196642676,4.1378754239120301,0.069876909251434804,4.1378754239120301,4.1384653926620789
1669,0.74286517914919104,4.1416273242558361,0.049872722923180013,4.1416273242558361,4.1419275925001795
1670,0.74242034970059878,4.1441569735430459,0.033029619550270173,4.1441569735430459,4.1442885972303003
1671,0.74197605266307598,4.1454136446483911,0.018751770125884859,4.1454136446483911,4.1454560562283032
1672,0.74153228708133967,4.1454226921140709,0.0065657586551917113,4.1454226921140709,4.1454278917237222
1673,0.74108905200239084,4.144249148926809,-0.0039030746971129848,4.144249148926809,4.144250986894094
1674,0.74064634647550776,4.1419764263138195,-0.012951711361499363,4.1419764263138195,4.1419966758758502
1675,0.74020416955223878,4.1386941566265421,-0.020816674887266129,4.1386941566265421,4.1387465078267418
1676,0.73976252028639611,4.1344914657572591,-0.027687550761016533,4.1344914657572591,4.1345841726692125
1677,0.73932139773404881,4.1294534304006181,-0.033717407063688976,4.1294534304006181,4.1295910811346124
1678,0.73888080095351605,4.1236593826718746,-0.039030768281286432,4.1236593826718746,4.1238440932181728
1679,0.73844072900536029,4.1171822704912522,-0.043729710581510706,4.1171822704912522,4.1174144965056705
1680,0.73800118095238088,4.1100886069468032,-0.04789853321501758,4.1100886069468032,4.1103676996636276
1681,0.73756215585960727,4.1024387344371522,-0.051607355551474166,4.1024387344371522,4.102763323536629
1682,0.73712365279429248,4.0942872435596396,-0.054914903289065897,4.0942872435596396,4.094655501916912
1683,0.73668567082590608,4.085683454447171,-0.057870680860530155,4.085683454447171,4.0860932815645103
1684,0.7362482090261282,4.0766719084828775,-0.060516676972351913,4.0766719084828775,4.0771210575116852
1685,0.73581126646884265,4.0672928421431873,-0.062888712992144991,4.0672928421431873,4.0677790075139306
1686,0.73537484223013039,4.0575826287836758,-0.065017516388712004,4.0575826287836758,4.0581035061767947
1687,0.73493893538826316,4.047574182352399,-0.066929581110194369,4.047574182352399,4.0481275091668341
1688,0.73450354502369664,4.0372973216968226,-0.068647861752574313,4.0372973216968226,4.0378809037295218
1689,0.73406867021906452,4.0267790966928079,-0.070192337204152355,4.0267790966928079,4.0273908250583688
1690,0.73363431005917157,4.0160440787464999,-0.071580471118025124,4.0160440787464999,4.0166819398952036
1691,0.73320046363098756,4.0051146187807891,-0.072827590312709134,4.0051146187807891,4.0057766996529329
1692,0.73276713002364058,3.994011075992228,-0.073947197480172588,3.994011075992228,3.9946955657676555
1693,0.73233430832841107,3.9827520205590936,-0.074951230997518825,3.9827520205590936,3.9834572100495302
1694,0.73190199763872488,3.9713544132850878,-0.075850281900157801,3.9713544132850878,3.9720786927229019
1695,0.73147019705014749,3.9598337648999369,-0.07665377596914158,3.9598337648999369,3.9605756206657556
1696,0.73103890566037733,3.9482042774519588,-0.077370127258132748,3.9482042774519588,3.9489622881311344
1697,0.73060812256923979,3.9364789699610139,-0.078006868118619899,3.9364789699610139,3.9372518020084768
1698,0.7301778468786807,3.9246697902388448,-0.078570759791255496,3.9246697902388448,3.9254561934516086
1699,0.7297480776927604,3.9127877145524899,-0.079067886851870106,3.9127877145524899,3.9135865174905895
1700,0.72931881411764699,3.9008428365955332,-0.079503738183249073,3.9008428365955332,3.9016529420495356
1701,0.72889005526161077,3.8888444470462566,-0.079883276653964164,3.8888444470462566,3.889664827618375
1702,0.72846180023501761,3.876801104831145,-0.080210999292507579,3.876801104831145,3.8776307986743004
1703,0.72803404815032291,3.8647207010655311,-0.080490989430513082,3.8647207010655311,3.8655588078082519
1704,0.72760679812206563,3.8526105165232245,-0.080726962034272542,3.8526105165232245,3.8534561933963429
1705,0.72718004926686208,3.840477273377445,-0.080922303237572046,3.840477273377445,3.8413297315499917
1706,0.72675380070339968,3.8283271818607272,-0.081080104920606411,3.8283271818607272,3.8291856829863491
1707,0.72632805155243108,3.8161659824141214,-0.081203195043026366,3.8161659824141214,3.8170298353850907
1708,0.72590280093676807,3.8039989838213355,-0.081294164325143414,3.8039989838213355,3.8048675417242945
1709,0.72547804798127558,3.7918310977657672,-0.081355389779678877,3.7918310977657672,3.7927037550314613
1710,0.72505379181286544,3.7796668701938305,-0.08138905551785186,3.7796668701938305,3.7805430599318552
1711,0.72463003156049088,3.7675105098231736,-0.081397171190881662,3.7675105098231736,3.768389701332115
1712,0.72420676635514014,3.7553659140915698,-0.081381588373691666,3.7553659140915698,3.756247610534619
1713,0.72378399532983062,3.7432366928134702,-0.081344015153386129,3.7432366928134702,3.7441204290495782
1714,0.72336171761960322,3.7311261897726151,-0.081286029147331629,3.7311261897726151,3.7320115303334283
1715,0.72293993236151599,3.7190375024598854,-0.081209089144295088,3.7190375024598854,3.7199240396630016
1716,0.72251863869463862,3.7069735001382789,-0.081114545535111854,3.7069735001382789,3.707860852327769
1717,0.72209783576004649,3.6949368403977854,-0.08100364967684559,3.6949368403977854,3.6958246503033303
1718,0.72167752270081487,3.6829299843447565,-0.080877562315409962,3.6829299843447565,3.6838179175512669
1719,0.72125769866201273,3.6709552105552898,-0.080737361174792105,3.6709552105552898,3.6718429540753101
1720,0.72083836279069757,3.6590146279080784,-0.080584047807323395,3.6590146279080784,3.6599018888497965
1721,0.72041951423590933,3.6471101873990133,-0.080418553787335062,3.6471101873990133,3.6479966917231321
1722,0.72000115214866434,3.635243693031363,-0.080241746320238921,3.635243693031363,3.636129184390569
1723,0.71958327568195002,3.6234168118632475,-0.080054433330112418,3.6234168118632475,3.6243010505184343
1724,0.71916588399071923,3.6116310832879535,-0.079857368081351188,3.6116310832879535,3.6125138450957657
1725,0.71874897623188405,3.5998879276125919,-0.079651253383137915,3.5998879276125919,3.600769003079257
1726,0.71833255156431053,3.58818865399763,-0.079436745419849658,3.58818865399763,3.5890678473943929
1727,0.71791660914881295,3.5765344678102764,-0.079214457245455894,3.5765344678102764,3.5774115963461113
1728,0.71750114814814814,3.5649264774418334,-0.078984961975580831,3.5649264774418334,3.5658013704894058
1729,0.71708616772700973,3.5533657006322326,-0.078748795707212049,3.5533657006322326,3.5542381990034002
1730,0.71667166705202312,3.5418530703443682,-0.078506460192548866,3.5418530703443682,3.5427230256117666
1731,0.71625764529173885,3.5303894402229457,-0.078258425290644695,3.5303894402229457,3.5312567140844711
1732,0.71584410161662815,3.5189755896717774,-0.078005131218013168,3.5189755896717774,3.5198400533550065
1733,0.71543103519907669,3.5076122285802835,-0.077746990616906708,3.5076122285802835,3.5084737622840976
1734,0.71501844521337943,3.4963000017250199,-0.077484390458227165,3.4963000017250199,3.4971584940958929
1735,0.71460633083573477,3.4850394928740869,-0.077217693794135178,3.4850394928740869,3.485894840514693
1736,0.71419469124423962,3.4738312286146815,-0.076947241373835684,3.4738312286146815,3.4746833356226339
1737,0.71378352561888303,3.462675681925667,-0.076673353134804778,3.462675681925667,3.46352445946038
1738,0.71337283314154198,3.4515732755156545,-0.07639632958030107,3.4515732755156545,3.4524186413914526
1739,0.71296261299597463,3.440524384940514,-0.076116453053182986,3.440524384940514,3.4413662632442512
1740,0.71255286436781606,3.4295293415215191,-0.075833988914768474,3.4295293415215191,3.4303676622530932
1741,0.71214358644457199,3.4185884350727269,-0.07554918663681795,3.4185884350727269,3.4194231338069998
1742,0.71173477841561417,3.4077019164577314,-0.075262280814068216,3.4077019164577314,3.4085329340264607
1743,0.71132643947217433,3.3968699999816154,-0.074973492103672712,3.3968699999816154,3.397697282174108
1744,0.71091856880733939,3.3860928656345486,-0.074683028097668414,3.3860928656345486,3.3869163629158345
1745,0.71051116561604577,3.3753706611953325,-0.07439108413388637,3.3753706611953325,3.376190328440746
1746,0.71010422909507442,3.3647035042043916,-0.074097844050206224,3.3647035042043916,3.3655193004495159
1747,0.70969775844304517,3.3540914838159681,-0.073803480886588391,3.3540914838159681,3.3549033720209858
1748,0.70929175286041179,3.3435346625369631,-0.07350815753913173,3.3435346625369631,3.3443426093645017
1749,0.70888621154945675,3.3330330778614394,-0.07321202736966903,3.3330330778614394,3.3338370534670823
1750,0.70848113371428567,3.3225867438054371,-0.072915234774530102,3.3225867438054371,3.3233867216401163
1751,0.70807651856082232,3.3121956523513969,-0.072617915715343317,3.3121956523513969,3.3129916089749356
1752,0.70767236529680355,3.3018597748054139,-0.072320198214956916,3.3018597748054139,3.3026516897105438
1753,0.70726867313177411,3.2915790630758117,-0.072022202820859194,3.2915790630758117,3.2923669185220241
1754,0.70686544127708095,3.2813534508751685,-0.071724043038722124,3.2813534508751685,3.2821372317318174
1755,0.70646266894586884,3.27118285485375,-0.071425825737984366,3.27118285485375,3.2719625484518438
1756,0.7060603553530751,3.2610671756653229,-0.07112765153174691,3.2610671756653229,3.2618427716574918
1757,0.70565849971542394,3.2510062989728761,-0.070829615132627949,3.2510062989728761,3.2517777892010322
1758,0.70525710125142205,3.241000096396248,-0.07053180568641923,3.241000096396248,3.2417674747664855
1759,0.70485615918135303,3.2310484264047705,-0.070234307085006886,3.2310484264047705,3.23181168876908
1760,0.70445567272727272,3.2211511351600741,-0.069937198260009742,3.2211511351600741,3.2219102792044807
1761,0.70405564111300389,3.2113080573105588,-0.069640553458573506,3.2113080573105588,3.2120630824493053
1762,0.70365606356413157,3.2015190167411323,-0.069344442502384113,3.2015190167411323,3.2022699240165675
1763,0.70325693930799771,3.1917838272807906,-0.069048931031132188,3.1917838272807906,3.192530619268632
1764,0.70285826757369607,3.1821022933711713,-0.068754080731461803,3.1821022933711713,3.1828449740908367
1765,0.70246004759206793,3.172474210696457,-0.068459949552370863,3.172474210696457,3.17321278552618
1766,0.70206227859569648,3.1628993667796346,-0.068166591907915797,3.1628993667796346,3.1636338423760981
1767,0.70166495981890209,3.1533775415449137,-0.067874058868109377,3.1533775415449137,3.1541079257671378
1768,0.70126809049773753,3.1439085078495062,-0.067582398338757871,3.1439085078495062,3.1446348096867665
1769,0.70087166986998295,3.1344920319857366,-0.067291655230925923,3.1344920319857366,3.1352142614892831
1770,0.70047569717514124,3.1251278741555355,-0.067001871620727627,3.1251278741555355,3.1258460423739005
1771,0.70008017165443248,3.1158157889196394,-0.066713086900044433,3.1158157889196394,3.1165299078373447
1772,0.69968509255079003,3.1065555256211628,-0.066425337918733923,3.1065555256211628,3.1072656081006329
1773,0.69929045910885501,3.0973468287869634,-0.066138659118865878,3.0973468287869634,3.098052888513477
1774,0.69889627057497172,3.0881894385063742,-0.065853082661472079,3.0881894385063742,3.0888914899358855
1775,0.698502526197183,3.0790830907898048,-0.065568638546303293,3.0790830907898048,3.07978114909948
1776,0.69810922522522523,3.0700275179080512,-0.065285354724985423,3.0700275179080512,3.0707215989493801
1777,0.6977163669105233,3.0610224487121078,-0.065003257207948806,3.0610224487121078,3.0617125689664455
1778,0.69732395050618667,3.0520676089370218,-0.064722370165601673,3.0520676089370218,3.0527537854734375
1779,0.6969319752670039,3.0431627214885539,-0.064442716023997926,3.0431627214885539,3.0438449719238614
1780,0.69654044044943819,3.0343075067137599,-0.064164315555373941,3.0343075067137599,3.0349858491746162
1781,0.69614934531162265,3.0255016826581853,-0.063887187963795333,3.0255016826581853,3.0261761357451475
1782,0.6957586891133557,3.0167449653080833,-0.063611350966348401,3.0167449653080833,3.0174155480615248
1783,0.69536847111609645,3.0080370688197888,-0.063336820869926064,3.0080370688197888,3.0087038006875746
1784,0.69497869058295958,2.9993777057366859,-0.063063612644034511,2.9993777057366859,3.0000406065435148
1785,0.69458934677871143,2.990766587194428,-0.062791739989772249,2.990766587194428,2.9914256771127623
1786,0.6942004389697648,2.9822034231147239,-0.062521215405212188,2.9822034231147239,2.9828587226372152
1787,0.69381196642417453,2.9736879223890913,-0.062252050247379148,2.9736879223890913,2.9743394523024356
1788,0.69342392841163303,2.9652197930518147,-0.06198425479105299,2.9652197930518147,2.9658675744119543
1789,0.69303632420346561,2.9567987424438105,-0.061717838284526566,2.9567987424438105,2.9574427965524226
1790,0.69264915307262565,2.9484244773678574,-0.061452809002515235,2.9484244773678574,2.9490648257500589
1791,0.69226241429369062,2.9400967042346098,-0.061189174296379684,2.9400967042346098,2.9407333686178161
1792,0.69187610714285708,2.9318151292008299,-0.060926940641789412,2.9318151292008299,2.9324481314947155
1793,0.69149023089793638,2.9235794583000381,-0.060666113683990469,2.9235794583000381,2.9242088205775358
1794,0.69110478483835003,2.9153893975658098,-0.060406698280774024,2.9153893975658098,2.9160151420451021
1795,0.69071976824512527,2.9072446531480178,-0.060148698543318641,2.9072446531480178,2.9078668021754699
1796,0.69033518040089081,2.8991449314227662,-0.059892117874971118,2.8991449314227662,2.8997635074567483
1797,0.68995102058987201,2.8910899390958278,-0.05963695900810273,2.8910899390958278,2.8917049646913928
1798,0.68956728809788648,2.8830793833004176,-0.059383224039141785,2.8830793833004176,2.8836908810947821
1799,0.68918398221234012,2.8751129716894237,-0.059130914461884898,2.8751129716894237,2.8757209643882153
1800,0.68880110222222213,2.8671904125219596,-0.05888003119913815,2.8671904125219596,2.8677949228861985
1801,0.68841864741810099,2.8593114147452461,-0.058630574632837745,2.8593114147452461,2.8599124655790145
1802,0.68803661709211983,2.8514756880714618,-0.058382544632675254,2.8514756880714618,2.8520733022102362
1803,0.68765501053799216,2.8436829430499122,-0.058135940583342038,2.8436829430499122,2.8442771433495224
1804,0.68727382705099771,2.8359328911356823,-0.057890761410426012,2.8359328911356823,2.8365237004618642
1805,0.68689306592797783,2.8282252447528338,-0.057647005605084012,2.8282252447528338,2.8288126859713527
1806,0.68651272646733108,2.8205597173550467,-0.05740467124748122,2.8205597173550467,2.8211438133223576
1807,0.68613280796900933,2.8129360234815532,-0.057163756029148555,2.8129360234815532,2.8135167970359749
1808,0.68575330973451321,2.8053538788102337,-0.056924257274201612,2.8053538788102337,2.8059313527636132
1809,0.68537423106688777,2.7978130002067365,-0.056686171959597381,2.7978130002067365,2.7983871973365755
1810,0.6849955712707182,2.7903131057711592,-0.056449496734397614,2.7903131057711592,2.7908840488131821
1811,0.68461732965212585,2.7828539148810636,-0.056214227938092665,2.7828539148810636,2.7834216265222085
1812,0.68423950551876378,2.7754351482319146,-0.055980361618084007,2.7754351482319146,2.7759996511037248
1813,0.68386209817981247,2.768056527874764,-0.055747893546303884,2.768056527874764,2.768617844547157
1814,0.68348510694597564,2.7607177772513385,-0.055516819235070292,2.7607177772513385,2.7612759302267404
1815,0.68310853112947656,2.7534186212266301,-0.055287133952166084,2.7534186212266301,2.7539736329344553
1816,0.68273237004405285,2.7461587861189996,-0.055058832735209756,2.7461587861189996,2.7467106789104561
1817,0.68235662300495314,2.7389379997286998,-0.054831910405360479,2.7389379997286998,2.7394867958719114
1818,0.68198128932893287,2.7317559913631069,-0.054606361580346041,2.7317559913631069,2.7323017130385279
1819,0.68160636833424959,2.7246124918612757,-0.054382180686901288,2.7246124918612757,2.7251551611573928
1820,0.68123185934065933,2.7175072336154802,-0.054159361972603459,2.7175072336154802,2.7180468725247806
1821,0.68085776166941236,2.7104399505918737,-0.053937899517151416,2.7104399505918737,2.7109765810070736
1822,0.68048407464324911,2.7034103783483738,-0.053717787243117793,2.7034103783483738,2.7039440220588875
1823,0.68011079758639603,2.6964182540519639,-0.053499018926186304,2.6964182540519639,2.6969489327406082
1824,0.67973792982456138,2.6894633164938613,-0.053281588204917768,2.6894633164938613,2.6899910517337782
1825,0.67936547068493147,2.6825453061032629,-0.053065488590036153,2.6825453061032629,2.683070119355055
1826,0.67899341949616643,2.6756639649597096,-0.052850713473298422,2.6756639649597096,2.6761858775687744
1827,0.6786217755883962,2.6688190368041989,-0.052637256135934618,2.6688190368041989,2.6693380699982558
1828,0.67825053829321658,2.6620102670491139,-0.052425109756687849,2.6620102670491139,2.6625264419359098
1829,0.67787970694368505,2.6552374027864971,-0.052214267419479085,2.6552374027864971,2.6557507403516873
1830,0.67750928087431694,2.6485001927957947,-0.052004722120713942,2.6485001927957947,2.6490107139009864
1831,0.67713925942108133,2.6417983875502635,-0.051796466776228831,2.6417983875502635,2.6423061129312164
1832,0.67676964192139732,2.6351317392220466,-0.051589494227924068,2.6351317392220466,2.6356366894870207
1833,0.67640042771412978,2.6285000016867235,-0.051383797250081256,2.6285000016867235,2.6290021973149704
1834,0.67603161613958551,2.62190293052684,-0.051179368555367186,2.62190293052684,2.6224023918672277
1835,0.67566320653950951,2.6153402830343087,-0.050976200800562296,2.6153402830343087,2.6158370303040739
1836,0.67529519825708051,2.60881181821222,-0.050774286592023848,2.60881181821222,2.6093058714958421
1837,0.67492759063690799,2.6023172967759578,-0.050573618490862213,2.6023172967759578,2.60280867602415
1838,0.67456038302502719,2.5958564811530618,-0.05037418901790254,2.5958564811530618,2.5963452061818679
1839,0.67419357476889608,2.5894291354830967,-0.05017599065838535,2.5894291354830967,2.5899152259730989
1840,0.67382716521739128,2.5830350256162298,-0.049979015866445639,2.5830350256162298,2.5835185011118487
1841,0.67346115372080384,2.5766739191116361,-0.049783257069382622,2.5766739191116361,2.5771547990205312
1842,0.67309553963083602,2.570345585234989,-0.049588706671713445,2.570345585234989,2.5708238888275425
1843,0.67273032230059682,2.564049794955455,-0.049395357059037331,2.564049794955455,2.5645255413643482
1844,0.67236550108459869,2.5577863209422613,-0.049203200601702329,2.5577863209422613,2.5582595291621217
1845,0.67200107533875331,2.5515549375608941,-0.049012229658309411,2.5515549375608941,2.5520256264480299
1846,0.67163704442036831,2.5453554208681535,-0.048822436579017997,2.5453554208681535,2.5458236091403519
1847,0.67127340768814292,2.5391875486076714,-0.04863381370871861,2.5391875486076714,2.539653254844072
1848,0.67091016450216445,2.5330511002043474,-0.04844635339001567,2.5330511002043474,2.5335143428453777
1849,0.67054731422390479,2.5269458567585907,-0.0482600479660929,2.5269458567585907,2.5274066541059628
1850,0.67018485621621615,2.5208716010402705,-0.048074889783408931,2.5208716010402705,2.5213299712570394
