wavelength_nm,photon_energy_eV,chi2_real_pm_per_V,chi2_imag_pm_per_V,chi2_abs_real_pm_per_V,chi2_abs_pm_per_V
400,3.0996049599999997,0.51669108563532129,0.002506362987469847,0.51669108563532129,0.51669716452718406
401,3.0918752718204487,0.52149861407243292,0.0025430248626181033,0.52149861407243292,0.52150481441202456
402,3.084184039800995,0.52635058304547733,0.0025802306517866214,0.52635058304547733,0.52635690730010409
403,3.0765309776674936,0.53124747350888679,0.0026179891600661594,0.53124747350888679,0.53125392419898188
404,3.0689158019801979,0.53618977300992809,0.0026563093560126143,0.53618977300992809,0.5361963527103043
405,3.0613382320987652,0.54117797580070937,0.0026952003751704433,0.54117797580070937,0.54118468714184387
406,3.0537979901477832,0.54621258295244024,0.0027346715236836088,0.54621258295244024,0.54621942862179373
407,3.0462948009828006,0.55129410247210742,0.0027747322819963501,0.55129410247210742,0.5513010852154776
408,3.0388283921568626,0.55642304942148035,0.0028153923086467227,0.55642304942148035,0.55643017204439116
409,3.0313984938875302,0.56159994603863228,0.0028566614441550529,0.56159994603863228,0.56160721140776071
410,3.0240048390243901,0.56682532186195966,0.0028985497150107809,0.56682532186195966,0.56683273290659975
411,3.0166471630170313,0.57209971385676073,0.0029410673377593694,0.57209971385676073,0.57210727357032676
412,3.009325203883495,0.57742366654450383,0.0029842247231935152,0.57742366654450383,0.57743137798607458
413,3.0020387021791763,0.58279773213476593,0.0030280324806504439,0.58279773213476593,0.58280559843066904
414,2.9947874009661835,0.58822247065998012,0.0030725014224191882,0.58822247065998012,0.58823049500542046
415,2.9875710457831324,0.59369845011298117,0.0031176425682607513,0.59369845011298117,0.59370663577371219
416,2.9803893846153846,0.59922624658752688,0.0031634671500443646,0.59922624658752688,0.59923459690156822
417,2.9732421678657071,0.6048064444217498,0.003209986616503493,0.6048064444217498,0.60481496280115066
418,2.9661291483253587,0.61043963634472931,0.0032572126381147587,0.61043963634472931,0.61044832627738044
419,2.9590500811455844,0.61612642362611592,0.0033051571121039324,0.61612642362611592,0.61613528867761169
420,2.9520047238095235,0.62186741622909691,0.0033538321675820855,0.62186741622909691,0.62187646004464681
421,2.9449928361045128,0.62766323296653259,0.0034032501708164608,0.62766323296653259,0.62767245927292759
422,2.9380141800947865,0.63351450166058587,0.003453423730639441,0.63351450166058587,0.63352391426821741
423,2.9310685200945623,0.63942185930572149,0.0035043657040004384,0.63942185930572149,0.6394314621106576
424,2.9241556226415093,0.6453859522353651,0.0035560892016642514,0.6453859522353651,0.6453957492214828
425,2.9172752564705879,0.6514074362921265,0.003608607594061012,0.6514074362921265,0.65141743153330545
426,2.9104271924882625,0.65748697700181702,0.003661934517291774,0.65748697700181702,0.65749717466419333
427,2.9036112037470723,0.66362524975126536,0.0037160838792947622,0.66362524975126536,0.66363565409554903
428,2.8968270654205606,0.66982293997012921,0.0037710698661772048,0.66982293997012921,0.66983355535398703
429,2.8900745547785545,0.67608074331672108,0.0038269069487176302,0.67608074331672108,0.67609157419722676
430,2.8833534511627903,0.68239936586793193,0.0038836098890440221,0.68239936586793193,0.68241041680408565
431,2.8766635359628769,0.68877952431351064,0.0039411937474931828,0.68877952431351064,0.6887907999688303
432,2.8700045925925926,0.69522194615463406,0.0039996738896570603,0.69522194615463406,0.69523345129982084
433,2.8633764064665126,0.70172736990701412,0.0040590659936216647,0.70172736990701412,0.70173910942269413
434,2.8567787649769585,0.7082965453085297,0.004119386057404608,0.7082965453085297,0.70830852418807444
435,2.8502114574712643,0.71493023353172491,0.0041806504065977686,0.71493023353172491,0.71494245688415292
436,2.8436742752293576,0.72162920740099956,0.0042428757022211199,0.72162920740099956,0.72164168045396282
437,2.8371670114416472,0.72839425161489491,0.0043060789487947143,0.72839425161489491,0.72840697971775104
438,2.8306894611872142,0.73522616297344801,0.0043702775026357721,0.73522616297344801,0.73523915160042264
439,2.8242414214123004,0.74212575061084385,0.0044354890803875464,0.74212575061084385,0.74213900536428523
440,2.8178226909090909,0.74909383623340098,0.0045017317677880225,0.74909383623340098,0.74910736284713053
441,2.8114330702947843,0.75613125436318374,0.0045690240286858363,0.75613125436318374,0.75614505870594451
442,2.8050723619909501,0.76323885258725066,0.0046373847143113822,0.76323885258725066,0.76325294066625871
443,2.7987403702031601,0.77041749181279773,0.004706833072811327,0.77041749181279773,0.77043186977739808
444,2.7924369009009009,0.77766804652830746,0.0047773887590552115,0.77766804652830746,0.777682720673739
445,2.7861617617977528,0.78499140507086107,0.0048490718447229859,0.78499140507086107,0.78500638184213511
446,2.7799147623318383,0.7923884698998529,0.0049219028286827168,0.7923884698998529,0.79240375589574608
447,2.7736957136465321,0.79986015787723352,0.0049959026476677302,0.79986015787723352,0.79987575985440262
448,2.7675044285714283,0.80740740055443072,0.005071092687263629,0.80740740055443072,0.80742332543165096
449,2.7613407216035633,0.81503114446623437,0.0051474947932147515,0.81503114446623437,0.81504739932876658
450,2.7552044088888885,0.82273235143171264,0.0052251312830615092,0.82273235143171264,0.8227489435358033
451,2.7490953082039908,0.83051199886257465,0.0053040249581188369,0.83051199886257465,0.83052893564009289
452,2.7430132389380528,0.83837108007886862,0.0053841991158081297,0.83837108007886862,0.83838836914208648
453,2.7369580220750551,0.84631060463256458,0.0054656775623534992,0.84631060463256458,0.84632825377908338
454,2.7309294801762114,0.85433159863903518,0.0055484846258557017,0.85433159863903518,0.85434961585686497
455,2.7249274373626373,0.86243510511668497,0.0056326451697561314,0.86243510511668497,0.86245349858948095
456,2.7189517192982455,0.87062218433507699,0.0057181846067039105,0.87062218433507699,0.87064096244753908
457,2.7130021531728663,0.87889391417169271,0.0058051289128405858,0.87889391417169271,0.87891308551513414
458,2.7070785676855893,0.88725139047760737,0.005893504642516376,0.88725139047760737,0.88727096385569781
459,2.701180793028322,0.8956957274523869,0.005983338943452798,0.8956957274523869,0.89571571188707677
460,2.6953086608695651,0.90422805802842898,0.0060746595723674048,0.90422805802842898,0.90424846276606086
461,2.6894620043383948,0.91284953426501558,0.0061674949110771989,0.91284953426501558,0.91287036878262962
462,2.6836406580086578,0.92156132775247301,0.0062618739830961664,0.92156132775247301,0.92158260176431339
463,2.6778444578833693,0.93036463002658376,0.0063578264707462289,0.93036463002658376,0.93038635349081411
464,2.67207324137931,0.93926065299372086,0.006455382732797851,0.93926065299372086,0.93928283611935415
465,2.6663268473118276,0.94825062936687221,0.0065545738226605033,0.94825062936687221,0.94827328262092581
466,2.6606051158798283,0.95733581311304761,0.0066554315071421458,0.95733581311304761,0.9573589472279278
467,2.6549078886509636,0.96651747991225845,0.0067579882857978762,0.96651747991225845,0.96654110589338815
468,2.6492350085470084,0.97579692762858583,0.0068622774108893902,0.97579692762858583,0.97582105676227937
469,2.6435863198294243,0.98517547679352147,0.0069683329079771351,0.98517547679352147,0.98520012065511786
470,2.6379616680851061,0.9946544711021561,0.0070761895971680217,0.9946544711021561,0.9946796415644209
471,2.6323609002123138,1.0042352779225006,0.0071858831150432168,1.0042352779225006,1.0042609871643051
472,2.6267838644067796,1.0139192888183244,0.0072974499372899723,1.0139192888183244,1.013945549333614
473,2.6212304101479913,1.0237079200860926,0.0074109274020644142,1.0237079200860926,1.0237347446931515
474,2.6157003881856538,1.033602613306198,0.0075263537341118784,1.033602613306198,1.0336300151572286
475,2.6101936505263157,1.0436048359092216,0.0076437680696731861,1.0436048359092216,1.0436328285002423
476,2.6047100504201679,1.0537160817575022,0.0077632104822057124,1.0537160817575022,1.0537446789385814
477,2.5992494423480084,1.063937871742529,0.0078847220089505836,1.063937871742529,1.0639670877283658
478,2.5938116820083681,1.0742717543987972,0.008008344678377622,1.0742717543987972,1.0743016037796635
479,2.5883966263048013,1.0847193065344891,0.0081341215385411815,1.0847193065344891,1.084749804287545
480,2.5830041333333331,1.0952821338796199,0.0082620966863815107,1.0952821338796199,1.0953132953806179
481,2.5776340623700622,1.1059618717522195,0.008392315298008747,1.1059618717522195,1.1059937127876152
482,2.5722862738589209,1.1167601857431619,0.0085248236600057939,1.1167601857431619,1.1167927225226424
483,2.5669606293995857,1.1276787724201176,0.0086596692017907942,1.1276787724201176,1.1277120215895668
484,2.561656991735537,1.1387193600514864,0.0087969005290800539,1.1387193600514864,1.1387533387064055
485,2.556375224742268,1.1498837093507355,0.0089365674584938846,1.1498837093507355,1.1499184350501328
486,2.5511151934156375,1.1611736142421072,0.0090787210533509466,1.1611736142421072,1.1612091050228819
487,2.5458767638603694,1.1725909026480421,0.0092234136606973438,1.1725909026480421,1.1726271770398751
488,2.5406598032786882,1.1841374372995124,0.0093706989496199454,1.1841374372995124,1.1841745143402898
489,2.5354641799591002,1.1958151165695732,0.0095206319508949339,1.1958151165695732,1.1958530158213618
490,2.5302897632653059,1.2076258753312885,0.0096732690980246595,1.2076258753312885,1.2076646168968865
491,2.5251364236252543,1.2195716858407124,0.0098286682697192179,1.2195716858407124,1.2196112903807974
492,2.5200040325203252,1.2316545586457286,0.0099868888338814354,1.2316545586457286,1.2316950473966293
493,2.5148924624746449,1.2438765435218588,0.010147991693155656,1.2438765435218588,1.2439179383139756
494,2.5098015870445343,1.2562397304357287,0.010312039332104287,1.2562397304357287,1.2562820537126282
495,2.5047312808080808,1.268746250537315,0.010479095866080371,1.268746250537315,1.2687895253755315
496,2.4996814193548387,1.281398277182062,0.010649227091864551,1.281398277182062,1.2814425273116272
497,2.4946518792756538,1.2941980269836137,0.010822500540140695,1.2941980269836137,1.2942432768093564
498,2.4896425381526104,1.307147760898685,0.010998985529887123,1.307147760898685,1.3071940355223215
499,2.4846532745490979,1.3202497853447865,0.011178753224762698,1.3202497853447865,1.320297110587846
500,2.4796839679999998,1.3335064533524217,0.011361876691574048,1.3335064533524217,1.3335548557800345
501,2.4747344990019959,1.3469201657525729,0.011548430960910218,1.3469201657525729,1.3469696726981635
502,2.4698047490039841,1.360493372401129,0.011738493090038705,1.360493372401129,1.3605440119920496
503,2.464894600397614,1.374228573441393,0.01193214222815904,1.374228573441393,1.3742803746255419
504,2.4600039365079365,1.388128320606095,0.012129459684116398,1.388128320606095,1.3881813131795595
505,2.4551326415841581,1.4021952185604802,0.01233052899668188,1.4021952185604802,1.4022494331962525
506,2.4502806007905136,1.4164319262879452,0.012535436007510645,1.4164319262879452,1.4164873945657539
507,2.4454477001972386,1.4308411585197245,0.012744268936897004,1.4308411585197245,1.4308979129570365
508,2.4406338267716534,1.4454256872103826,0.0129571184624491,1.4454256872103826,1.445483761294625
509,2.4358388683693515,1.4601883430609863,0.013174077800812024,1.4601883430609863,1.4602477712830415
510,2.4310627137254901,1.4751320170914561,0.013395242792577439,1.4751320170914561,1.4751928349804917
511,2.4263052524461837,1.4902596622641515,0.013620711990521586,1.4902596622641515,1.4903219064238409
512,2.4215663749999998,1.5055742951608675,0.013850586751321715,1.5055742951608675,1.5056380033070695
513,2.4168459727095515,1.5210789977148447,0.014084971330910929,1.5210789977148447,1.5211442087148048
514,2.4121439377431906,1.5367769190004332,0.0143239729836355,1.5367769190004332,1.536843672913579
515,2.407460163106796,1.5526712770823394,0.014567702065390924,1.5526712770823394,1.5527396152027453
516,2.4027945426356587,1.5687653609269749,0.014816272140921249,1.5687653609269749,1.5688353258275693
517,2.3981469709864602,1.5850625323783269,0.015069800095474484,1.5850625323783269,1.5851341679569311
518,2.3935173436293433,1.60156622820088,0.015328406251018063,1.60156622820088,1.601639579728158
519,2.388905556840077,1.6182799621924144,0.0155922144872312,1.6182799621924144,1.618355076361828
520,2.3843115076923076,1.6352073273694114,0.015861352367497521,1.6352073273694114,1.6352842523492785
521,2.379735094049904,1.6523519982279784,0.016135951270140135,1.6523519982279784,1.6524307837157313
522,2.3751762145593869,1.669717733083675,0.016416146525147925,1.669717733083675,1.669798430362426
523,2.3706347686424474,1.6873083764929562,0.016702077556660373,1.6873083764929562,1.6873910384904869
524,2.3661106564885492,1.7051278617602392,0.016993888031489518,1.7051278617602392,1.7052125431105274
525,2.361603779047619,1.7231802135338263,0.017291726013976348,1.7231802135338263,1.7232669706412369
526,2.3571140380228135,1.7414695504942852,0.01759574412749252,1.7414695504942852,1.7415584416005589
527,2.3526413358633773,1.7600000881396722,0.017906099722914896,1.7600000881396722,1.7600911733938502
528,2.3481855757575758,1.7787761416712957,0.018222955054426657,1.7787761416712957,1.7788694832027272
529,2.3437466616257088,1.7978021289844368,0.018546477463006458,1.7978021289844368,1.7978977909790257
530,2.3393244981132075,1.8170825737688383,0.01887683956799853,1.8170825737688383,1.8171806225486951
531,2.3349189905838039,1.8366221087231858,0.019214219467174325,1.8366221087231858,1.8367226128298564
532,2.3305300451127819,1.8564254788891916,0.019558800945719976,1.8564254788891916,1.8565285091706505
533,2.3261575684803,1.8764975451100998,0.019910773694611549,1.8764975451100998,1.8766031748116991
534,2.3218014681647938,1.8968432876192489,0.02027033353886408,1.8968432876192489,1.8969515924788323
535,2.3174616523364486,1.9174678097646947,0.020637682676173177,1.9174678097646947,1.9175788681120938
536,2.3131380298507462,1.9383763418756814,0.021013029926495175,1.9383763418756814,1.9384902347368276
537,2.3088305102420854,1.9595742452777225,0.02139659099314635,1.9595742452777225,1.9596910564836194
538,2.3045390037174718,1.9810670164628279,0.021788588736036327,1.9810670164628279,1.9811868327636437
539,2.3002634211502779,2.0028602914220173,0.022189253457690163,2.0028602914220173,2.0029832026065764
540,2.2960036740740741,2.0249598501479245,0.022598823202750147,2.0249598501479245,2.0250859491688873
541,2.2917596746765247,2.047371621314964,0.023017544071693943,2.047371621314964,2.0475010044200115
542,2.287531335793358,2.0701016871458062,0.023445670549551087,2.0701016871458062,2.0702344540151558
543,2.2833185709023938,2.0931562884726969,0.023883465850448857,2.0931562884726969,2.093292542363304
544,2.2791212941176471,2.116541830003019,0.024331202278867731,2.116541830003019,2.1166816778998356
545,2.274939420183486,2.1402648857989144,0.024789161608552275,2.1402648857989144,2.1404084385736044
546,2.2707728644688645,2.1643322049812843,0.025257635480069006,2.1643322049812843,2.1644795775588164
547,2.2666215429616088,2.188750717669131,0.025736925818083067,2.188750717669131,2.1889020292027008
548,2.2624853722627734,2.2135275411656705,0.026227345269482741,2.2135275411656705,2.2136829152204305
549,2.2583642695810564,2.2386699864036723,0.026729217663562441,2.2386699864036723,2.23882955114978
550,2.2542581527272727,2.2641855646626627,0.027242878495551792,2.2641855646626627,2.2643494530781916
551,2.2501669401088926,2.2900819945719393,0.027768675434863652,2.2900819945719393,2.2902503446562341
552,2.2460905507246376,2.3163672094135608,0.028306968859531496,2.3163672094135608,2.3165401644116557
553,2.2420289041591319,2.3430493647409447,0.028858132418397762,2.3430493647409447,2.3432270733797056
554,2.2379819205776172,2.3701368463291335,0.029422553622729081,2.3701368463291335,2.3703194630658317
555,2.2339495207207207,2.397638278473849,0.030000634469047341,2.397638278473849,2.397825963757918
556,2.2299316258992805,2.4255625326578132,0.030592792095086543,2.4255625326578132,2.4257554532065999
557,2.2259281579892281,2.453918736603633,0.031199459470925811,2.453918736603633,2.4541170656930058
558,2.2219390394265233,2.4827162837335628,0.031821086127487408,2.4827162837335628,2.4829202015042942
559,2.2179641932021466,2.5119648430582968,0.032458138924748914,2.5119648430582968,2.5121745368392205
560,2.2140035428571427,2.5416743695179234,0.033111102862185812,2.5416743695179234,2.5418900341669155
561,2.2100570124777184,2.571855114799348,0.033780481934142945,2.571855114799348,2.5720769530632772
562,2.2061245266903913,2.6025176386569671,0.03446680003303304,2.6025176386569671,2.6027458615518251
563,2.2022060106571932,2.6336728207640236,0.035170601903468296,2.6336728207640236,2.633907647976554
564,2.1983013900709216,2.6653318731246767,0.035892454150673117,2.6653318731246767,2.6655735334368953
565,2.1944105911504423,2.697506353078194,0.036632946306766515,2.697506353078194,2.6977550848163241
566,2.1905335406360424,2.7302081769292945,0.037392691958778632,2.7302081769292945,2.7304642284387297
567,2.1866701657848324,2.7634496342402262,0.038172329942566627,2.7634496342402262,2.7637132643882731
568,2.182820394366197,2.7972434028235131,0.038972525607109315,2.7972434028235131,2.7975148815317974
569,2.1789841546572934,2.8316025644758351,0.039793972154012439,2.8316025644758351,2.8318821732843902
570,2.1751613754385963,2.8665406214973634,0.040637392057438951,2.8665406214973634,2.866828654162596
571,2.1713519859894919,2.9020715140429436,0.041503538570085763,2.9020715140429436,2.9023682771718242
572,2.167555916083916,2.9382096383555814,0.042393197321291515,2.9382096383555814,2.9385154520786103
573,2.1637730959860382,2.9749698659356056,0.043307188013838621,2.9749698659356056,2.9752850646213007
574,2.1600034564459927,3.0123675637032683,0.044246366226558156,3.0123675637032683,3.0126924967171504
575,2.1562469286956518,3.05041861521598,0.045211625330436572,3.05041861521598,3.0507536477272623
576,2.1525034444444442,3.0891394430065668,0.046203898526554349,3.0891394430065668,3.0894849568460394
577,2.1487729358752166,3.1285470321130777,0.047224161014898597,3.1285470321130777,3.1289034266859548
578,2.1450553356401381,3.1686589548768271,0.048273432303861136,3.1686589548768271,3.1690266481346452
579,2.1413505768566492,3.2094933970896875,0.049352778671069727,3.2094933970896875,3.2098728265656971
580,2.1376585931034482,3.2510691855794853,0.050463315787139862,3.2510691855794853,3.2514608094923565
581,2.133979318416523,3.2934058173274678,0.051606211514934705,3.2934058173274678,3.2938101157585464
582,2.1303126872852234,3.3365234902204355,0.052782688898062854,3.3365234902204355,3.3369409663702574
583,2.1266586346483702,3.3804431355472717,0.05399402935355041,3.3804431355472717,3.3808743170775366
584,2.1230170958904107,3.4251864523583615,0.05524157608500134,3.4251864523583615,3.4256318928261416
585,2.1193880068376068,3.4707759438164123,0.056526737734046456,3.4707759438164123,3.471236224207964
586,2.1157713037542663,3.5172349556767895,0.057850992289539577,3.5172349556767895,3.5177106860490377
587,2.1121669233390117,3.5645877170472291,0.059215891275780322,3.5645877170472291,3.5650795382857257
588,2.1085748027210882,3.6128593835890213,0.060623064243075397,3.6128593835890213,3.61336796929201
589,2.1049948794567062,3.662076083335009,0.062074223586177812,3.662076083335009,3.6626021418341503
590,2.1014270915254234,3.7122649653153905,0.063571169718638687,3.7122649653153905,3.7128092418447078
591,2.0978713773265651,3.7634542511970883,0.065115796633857054,3.7634542511970883,3.7640175302228203
592,2.0943276756756757,3.8156732901621364,0.066710097886683029,3.8156732901621364,3.8162563978874369
593,2.0907959258010118,3.868952617268663,0.068356173032847467,3.868952617268663,3.8695564243284704
594,2.087276067340067,3.9233240155602669,0.07005623456728724,3.9233240155602669,3.9239494399232115
595,2.0837680403361345,3.9788205822137126,0.071812615406690261,3.9788205822137126,3.979468592309658
596,2.0802717852348991,4.0354767990405787,0.073627776966326303,4.0354767990405787,4.0361484171343109
597,2.0767872428810721,4.0933286076876811,0.075504317886536582,4.0933286076876811,4.0940249135213964
598,2.0733143545150501,4.1524134899136111,0.077444983470216361,4.1524134899136111,4.1531356246432933
599,2.0698530617696158,4.212770553353721,0.079452675899286312,4.212770553353721,4.2135197238071376
600,2.0664033066666665,4.2744406232258854,0.081530465305670236,4.2744406232258854,4.2752181065130062
601,2.0629650316139765,4.3374663404728278,0.083681601780734138,4.3374663404728278,4.3382734889828383
602,2.0595381794019931,4.4018922668851292,0.085909528416668629,4.4018922668851292,4.4027305137080415
603,2.0561226932006633,4.4677649978048013,0.088217895484043629,4.4677649978048013,4.4686358626199754
604,2.0527185165562911,4.5351332830675375,0.090610575861940879,4.5351332830675375,4.5360383785463032
605,2.0493255933884296,4.6040481569112579,0.093091681850824448,4.6040481569112579,4.6049891956863229
606,2.0459438679867987,4.6745630776531009,0.095665583513968644,4.6745630776531009,4.6755418799136752
607,2.042573285008237,4.7467340780217739,0.09833692871101693,4.7467340780217739,4.7477525798004194
608,2.0392137894736839,4.8206199271272983,0.10111066500750546,4.8206199271272983,4.8216801893525725
609,2.0358653267651885,4.8962823051568893,0.10399206366728511,4.8962823051568893,4.8973865235550118
610,2.0325278426229505,4.9737859920054799,0.10698674596118019,4.9737859920054799,4.9749365079447303
611,2.0292012831423896,5.053199071185503,0.11010071205549499,5.053199071185503,5.0543983835690236
612,2.0258855947712417,5.1345931505127567,0.11334037277870612,5.1345931505127567,5.1358439288391668
613,2.0225807243066884,5.2180436012395859,0.11671258460465453,5.2180436012395859,5.219348699966547
614,2.019286618892508,5.3036298175016956,0.120224688236622,5.3036298175016956,5.304992291865716
615,2.0160032260162599,5.3914354981690469,0.12388455122991315,5.3914354981690469,5.3928586216357228
616,2.0127304935064934,5.481548953445909,0.12770061515225967,5.481548953445909,5.4830362369889736
617,2.0094683695299835,5.5740634388536563,0.13168194785295484,5.5740634388536563,5.575618652289215
618,2.0062168025889968,5.6690775195632241,0.13583830149497156,5.6690775195632241,5.6707047151981174
619,2.0029757415185783,5.766695468423368,0.14018017710161129,5.766695468423368,5.7683990073144944
620,1.9997451354838709,5.8670277014680838,0.14471889648300917,5.8670277014680838,5.8688122826337805
621,1.9965249339774556,5.9701912551885101,0.14946668254141127,5.9701912551885101,5.9720619481649129
622,1.9933150868167202,6.0763103104371616,0.15443674911124705,6.0763103104371616,6.0782725916333336
623,1.9901155441412519,6.1855167685020547,0.15964340167551339,6.1855167685020547,6.1875765618793466
624,1.9869262564102563,6.2979508856698185,0.16510215051955252,6.2979508856698185,6.3001146083555843
625,1.9837471743999999,6.4137619735037088,0.1708298381440862,6.4137619735037088,6.4160365870498683
626,1.9805782492012778,6.5331091731220532,0.17684478307009793,6.5331091731220532,6.5355022412382828
627,1.9774194322169059,6.6561623130022483,0.18316694253976851,6.6561623130022483,6.658682066735941
628,1.9742706751592356,6.7831028612926261,0.18981809706352448,6.7831028612926261,6.7857582727981862
629,1.9711319300476946,6.9141249853281987,0.19682206030042704,6.9141249853281987,6.9169258515731222
630,1.968003149206349,7.049436733075682,0.2042049184086096,7.049436733075682,7.0523937710779458
631,1.9648842852614896,7.1892613536382122,0.2119953037911072,7.1892613536382122,7.1923863091289402
632,1.9617752911392403,7.3338387768128221,0.2202247091240575,7.3338387768128221,7.3371445485823816
633,1.958676120063191,7.4834272751181192,0.2289278487319813,7.4834272751181192,7.4869280577488428
634,1.9555867255520503,7.638305335814394,0.23814307582409094,7.638305335814394,7.6420167840494573
635,1.9525070614173228,7.7987737753876338,0.24791286589741723,7.7987737753876338,7.8027131940595744
636,1.9494370817610061,7.9651581349567451,0.25828437883947331,7.9651581349567451,7.9693446992346928
637,1.9463767409733124,8.1378114023405672,0.26931011504546221,8.1378114023405672,8.1422664140968717
638,1.9433259937304075,8.3171171154168846,0.28104868436097874,8.3171171154168846,8.3218643028195025
639,1.9402847949921751,8.5034929123163572,0.29356571107944862,8.5034929123163572,8.5085587813998256
640,1.9372531,8.6973946074687341,0.30693490384276434,8.6973946074687341,8.702808856525758
641,1.9342308642745709,8.8993208892342501,0.32123932648671805,8.8993208892342501,8.9051168995383048
642,1.931218043613707,9.1098187557184218,0.33657291514482102,9.1098187557184218,9.1160341755199781
643,1.928214594090202,9.329489831573067,0.35304229896357597,9.329489831573067,9.3361672747590987
644,1.9252204720496893,9.5589977417092378,0.37076899753657899,9.5589977417092378,9.5661856283231614
645,1.9222356341085269,9.7990767600006912,0.3898920889505626,9.7990767600006912,9.8068303334671736
646,1.9192600371517026,10.050542005092947,0.41057147000102767,10.050542005092947,10.058924571151557
647,1.9162936383307572,10.314301525230508,0.43299186729900185,10.314301525230508,10.323385971207289
648,1.9133363950617284,10.591370704904449,0.45736780841333702,10.591370704904449,10.601241376408755
649,1.9103882650231123,10.882889545497381,0.48394983133506275,10.882889545497381,10.893644582909129
650,1.9074492061538459,11.190143530322199,0.51303230644483699,11.190143530322199,11.201897802455971
651,1.9045191766513057,11.51458899619341,0.54496337979643172,11.51458899619341,11.527477817657143
652,1.9015981349693249,11.857884219967406,0.5801577380481413,11.857884219967406,11.872068108597135
653,1.8986860398162326,12.22192781983987,0.61911317171196156,12.22192781983987,12.237598651400651
654,1.895782850152905,12.608906612386683,0.66243231828758531,12.608906612386683,12.626295677521593
655,1.8928885251908396,13.02135582401111,0.71085157010092126,13.02135582401111,13.040744512880504
656,1.8900030243902437,13.462235630094053,0.76528004694864205,13.462235630094053,13.483969805307025
657,1.887126307458143,13.935029540309287,0.82685295025892325,13.935029540309287,13.959539179021791
658,1.8842583343465045,14.443872402134531,0.8970058564051695,14.443872402134531,14.471698914625357
659,1.8813990652503791,14.993719129556894,0.97758013803561905,14.993719129556894,15.025554108328986
660,1.8785484606060605,15.590570270934414,1.0709757450678836,15.590570270934414,15.627311682418947
661,1.8757064810892585,16.241778148097204,1.1803779346029866,16.241778148097204,16.284613887977368
662,1.8728730876132929,16.956469010579688,1.3101028873619911,16.956469010579688,17.0070047592815
663,1.8700482413273001,17.746134715320956,1.4661408730805752,17.746134715320956,17.806596148451199
664,1.8672319036144578,18.625474952388053,1.6570402302214293,18.625474952388053,18.699040069656174
665,1.8644240360902253,19.613610670638842,1.8954050366998318,19.613610670638842,19.70498119239257
666,1.8616246006006005,20.735836077149742,2.2005530731453096,20.735836077149742,20.852274016187156
667,1.8588335592203897,22.02608367427117,2.6034916438026743,22.02608367427117,22.179416826538642
668,1.856050874251497,23.530002971140703,3.1568093112714406,23.530002971140703,23.740818959118076
669,1.8532765082212255,25.306851854540078,3.9556082695621875,25.306851854540078,25.614128670908702
670,1.8505104238805969,27.419761999459936,5.1838376926388321,27.419761999459936,27.90547475551438
671,1.8477525842026825,29.862563492862684,7.2103879860335063,29.862563492862684,30.72071602802238
672,1.8450029523809524,32.223276626690179,10.663638430686508,32.223276626690179,33.941902438440479
673,1.8422614918276372,33.063696354512388,15.690476015354918,33.063696354512388,36.597801220999926
674,1.8395281661721068,31.391761235404744,20.446683990163258,31.391761235404744,37.463442976510564
675,1.8368029392592591,28.604246544899993,23.510597872487295,28.604246544899993,37.026357270507006
676,1.8340857751479289,25.900433879464721,25.295457947586549,25.900433879464721,36.20348972022785
677,1.8313766381093057,23.546855100621123,26.382622232318532,23.546855100621123,35.362368995626902
678,1.8286754926253685,21.520444845587598,27.089160813610484,21.520444845587598,34.596996689562921
679,1.8259823033873341,19.75705088390071,27.574113677888782,19.75705088390071,33.921568429985292
680,1.8232970352941176,18.200870037862693,27.921823661557703,18.200870037862693,33.33016511693711
681,1.8206196534508075,16.809482332346462,28.181147909325738,16.809482332346462,32.813652551472572
682,1.8179501231671553,15.550327012812097,28.383990157458946,15.550327012812097,32.364541823794141
683,1.815288409956076,14.39385981716077,28.553433887422898,14.39385981716077,31.976269125704857
684,1.8126344795321636,13.308289089645541,28.698360209742056,13.308289089645541,31.633944382920138
685,1.8099882978102189,12.276523384430597,28.809018498097714,12.276523384430597,31.315692124431923
686,1.8073498309037899,11.300966708721585,28.883454541783109,11.300966708721585,31.015573423989519
687,1.8047190451237263,10.380820980088632,28.930381494278038,10.380820980088632,30.736434692805759
688,1.8020959069767442,9.5104598502123494,28.957248932398031,9.5104598502123494,30.47902741714978
689,1.7994803831640056,8.6837568832755245,28.968728691539752,8.6837568832755245,30.242269683538527
690,1.7968724405797101,7.895346663634971,28.96781920987096,7.895346663634971,30.024507468312294
691,1.7942720463096959,7.1407186289046809,28.956580102924647,7.1407186289046809,29.824040534345407
692,1.7916791676300576,6.4160861628033921,28.936509566460487,6.4160861628033921,29.639293978406037
693,1.7890937720057718,5.7182435199335213,28.90874432469969,5.7182435199335213,29.468861657419318
694,1.7865158270893371,5.0444471082182023,28.87417351704444,5.0444471082182023,29.311505299455394
695,1.7839453007194244,4.3923216865373362,28.833507940692499,4.3923216865373362,29.166139099373495
696,1.7813821609195402,3.7597860665683829,28.787324037163494,3.7597860665683829,29.031810423861145
697,1.7788263758967,3.1449929981126079,28.736092142410406,3.1449929981126079,28.90768016592266
698,1.7762779140401146,2.5462789030472592,28.680193690387284,2.5462789030472592,28.793003427399405
699,1.7737367439198855,1.9621199333403716,28.61992927194099,1.9621199333403716,28.687109756190438
700,1.7712028342857142,1.3910913041914856,28.555517273097088,1.3910913041914856,28.589380926328982
701,1.7686761540656204,0.83182706622778735,28.487080242982685,0.83182706622778735,28.499222393571436
702,1.7661566723646722,0.28297772860879533,28.414611863573533,0.28297772860879533,28.416020899352226
703,1.7636443584637267,-0.25683544960168403,28.337908828443382,0.25683544960168403,28.33907269508552
704,1.7611391818181816,-0.78906370745510257,28.256433236959978,0.78906370745510257,28.267448431176085
705,1.7586411120567376,-1.315235357102021,28.169029513055285,1.315235357102021,28.199717511917576
706,1.7561501189801698,-1.836757596431754,28.073339528215165,1.836757596431754,28.133362236577732
707,1.753666172560113,-2.3538422351139681,27.964749629916113,2.3538422351139681,28.063638308881117
708,1.7511892429378531,-2.8615109362389481,27.836084279743829,2.8615109362389481,27.982777433042926
709,1.748719300423131,-3.3436431881279791,27.686148118822963,3.3436431881279791,27.887322342364079
710,1.7462563154929576,-3.7880014646950331,27.535399096987426,3.7880014646950331,27.794732568004818
711,1.743800258790436,-4.209092320636926,27.403715299082933,4.209092320636926,27.72508016862777
712,1.7413511011235954,-4.6245464206904652,27.289311235872134,4.6245464206904652,27.678383936303398
713,1.7389088134642354,-5.0410393411822518,27.184666783764108,5.0410393411822518,27.648113602624591
714,1.7364733669467787,-5.4604240316486248,27.084575395315859,5.4604240316486248,27.629521439032473
715,1.7340447328671327,-5.8836997944095888,26.985573239635315,5.8836997944095888,27.619541747510169
716,1.7316228826815641,-6.3121226509490231,26.884513427778934,6.3121226509490231,27.615574493554352
717,1.7292077880055787,-6.7473362430862789,26.777214790278002,6.7473362430862789,27.614231445071013
718,1.7267994206128132,-7.1906760908268801,26.656631816109588,7.1906760908268801,27.609452048579584
719,1.724397752433936,-7.6399065094057192,26.510170456571792,7.6399065094057192,27.58907952630808
720,1.7220027555555555,-8.078464502407515,26.32017184524377,8.078464502407515,27.532036515300156
721,1.71961440221914,-8.4633826708363724,26.087859643407612,8.4633826708363724,27.426360805020213
722,1.7172326648199445,-8.7671705749812148,25.866451801709772,8.7671705749812148,27.311840082663618
723,1.7148575159059474,-9.025608641190173,25.702755584670044,9.025608641190173,27.241388657504483
724,1.7124889281767954,-9.2794447774038247,25.592803311969696,9.2794447774038247,27.223145974373608
725,1.7101268744827585,-9.5433216724893093,25.519746669614818,9.5433216724893093,27.245778730400069
726,1.7077713278236912,-9.8198619599274508,25.472775404578094,9.8198619599274508,27.300036185399261
727,1.7054222613480055,-10.108949495380827,25.446483639664812,10.108949495380827,27.380912868710009
728,1.7030796483516482,-10.410405351050105,25.438444376767677,10.410405351050105,27.48619638806133
729,1.7007434622770918,-10.724588238412306,25.447804335959432,10.724588238412306,27.615349688257929
730,1.6984136767123286,-11.052489760163038,25.474574793951611,11.052489760163038,27.76889430335935
731,1.6960902653898768,-11.395731511446975,25.519266065871683,11.395731511446975,27.948088257012063
732,1.6937732021857923,-11.756562740423316,25.582686172605229,11.756562740423316,28.154761573764329
733,1.6914624611186901,-12.137881126106461,25.665819629860728,12.137881126106461,28.391239062500173
734,1.6891580163487738,-12.543281886022626,25.769746195907771,12.543281886022626,28.66031645801781
735,1.6868598421768706,-12.977138889974533,25.89557880932027,12.977138889974533,28.965274651544501
736,1.6845679130434781,-13.444724294994586,26.04440827805432,13.444724294994586,29.309926883607233
737,1.6822822035278153,-13.9523777182294,26.217244504262752,13.9523777182294,29.698699523521896
738,1.6800026883468833,-14.507742144474555,26.41494255451466,14.507742144474555,30.136751190015033
739,1.677729342354533,-15.120092080962802,26.638096997925096,15.120092080962802,30.63013869063704
740,1.6754621405405403,-15.800792069447493,26.886878318216986,15.800792069447493,31.186042642831769
741,1.6732010580296894,-16.563943917400842,27.160767523463875,16.563943917400842,31.813071693290638
742,1.6709460700808625,-17.427314517247126,27.458110540352919,17.427314517247126,32.521671631841016
743,1.6686971520861371,-18.413691682596294,27.77534307373935,18.413691682596294,33.324671404916153
744,1.6664542795698924,-19.552903731648705,28.105585100837914,19.552903731648705,34.237989984804365
745,1.6642174281879194,-20.884864579475135,28.435969418649329,20.884864579475135,35.281467164523853
746,1.6619865737265413,-22.464127958430488,28.742306482599389,22.464127958430488,36.479545321623917
747,1.6597616921017402,-24.366277829665769,28.977907053511061,24.366277829665769,37.860726253921591
748,1.6575427593582885,-26.694735115595634,29.049221575219875,26.694735115595634,39.452074178907687
749,1.6553297516688918,-29.577486784650219,28.762168250901453,29.577486784650219,41.256394013405021
750,1.6531226453333332,-33.104583380183399,27.71435299125735,33.104583380183399,43.174052421559061
751,1.6509214167776296,-37.039649694122403,25.180727214645927,37.039649694122403,44.788443515283177
752,1.6487260425531913,-40.175558547572564,20.537491733796074,40.175558547572564,45.120550432426832
753,1.6465364993359892,-40.807186383044595,14.83110462967749,40.807186383044595,43.418753149266983
754,1.6443527639257294,-39.219510934030524,10.164675221965208,39.219510934030524,40.515313898235732
755,1.6421748132450329,-36.901735425241625,7.0684875816362869,36.901735425241625,37.572617610252799
756,1.6400026243386243,-34.643136936529984,5.080252961009343,34.643136936529984,35.013653150607013
757,1.6378361743725229,-32.648138503586722,3.7588429437452664,32.648138503586722,32.86380757041286
758,1.6356754406332452,-30.924439375658565,2.8385132244583442,30.924439375658565,31.054437815297945
759,1.6335204005270092,-29.434040603690548,2.1691359709482043,29.434040603690548,29.513859407406638
760,1.6313710315789474,-28.135553770625769,1.6639793965744296,28.135553770625769,28.184715954076918
761,1.6292273114323257,-26.993875841555308,1.2707468826199788,26.993875841555308,27.023769733125533
762,1.6270892178477689,-25.981117871246383,0.95643456459499809,25.981117871246383,25.998716370543185
763,1.62495672870249,-25.075499581417056,0.69925196900424869,25.075499581417056,25.085247309400867
764,1.6228298219895287,-24.260004212982466,0.48410299894472164,24.260004212982466,24.264833816194049
765,1.6207084758169934,-23.521176312742462,0.29987198664313031,23.521176312742462,23.523087772303413
766,1.6185926684073106,-22.847955306599665,0.13761788184249069,22.847955306599665,22.848369753086949
767,1.6164823780964797,-22.230058980086575,-0.010571744861681331,22.230058980086575,22.230061493840207
768,1.6143775833333331,-21.655497130002743,-0.15081877143403055,21.655497130002743,21.656022309033897
769,1.6122782626788035,-21.110988838175274,-0.28250483429649265,21.110988838175274,21.112878977225296
770,1.6101843948051946,-20.591062368861429,-0.39817967065740767,20.591062368861429,20.59491190873285
771,1.6080959584954604,-20.098698380102057,-0.49521838687698994,20.098698380102057,20.104798378124016
772,1.606012932642487,-19.635530591677906,-0.57694641628202792,19.635530591677906,19.644004906942463
773,1.6039352962483828,-19.200214264435147,-0.64718938632232348,19.200214264435147,19.211118705114163
774,1.6018630284237725,-18.79035484514722,-0.70867048108663266,18.79035484514722,18.803713703875392
775,1.5997961083870966,-18.403500323195338,-0.76321509152357092,18.403500323195338,18.419319244254936
776,1.5977345154639173,-18.037424054486671,-0.81208744080023698,18.037424054486671,18.055695847374032
777,1.595678229086229,-17.690167705087994,-0.85620538122426992,17.690167705087994,17.71087578548773
778,1.5936272287917737,-17.360019424081905,-0.89626354739071845,17.360019424081905,17.383140186712019
779,1.5915814942233633,-17.045479491796385,-0.93280502030971557,17.045479491796385,17.070984046362593
780,1.5895410051282051,-16.745227662910438,-0.96626496782106697,16.745227662910438,16.77308312358641
781,1.5875057413572342,-16.458095331455709,-0.9969986025733355,16.458095331455709,16.488265771536355
782,1.5854756828644501,-16.18304254212304,-1.0252999679770431,16.18304254212304,16.215489691788463
783,1.5834508097062578,-15.919139126396821,-1.0514151056870622,15.919139126396821,15.953822872592172
784,1.5814311020408163,-15.665549174932323,-1.0755516304124977,15.665549174932323,15.702427909782159
785,1.5794165401273885,-15.421518163156374,-1.0978859197778947,15.421518163156374,15.460549018369576
786,1.5774071043256996,-15.186362175041371,-1.1185686701094908,15.186362175041371,15.22750117324828
787,1.5754027750952986,-14.959458780104338,-1.137729302092094,14.959458780104338,15.002660929264506
788,1.5734035329949236,-14.740239204269866,-1.1554795364920836,14.740239204269866,14.785458557594563
789,1.5714093586818756,-14.528181499045214,-1.1719163539618156,14.528181499045214,14.575371199728767
790,1.5694202329113922,-14.322804460172339,-1.1871244796376035,14.322804460172339,14.371916787070802
791,1.5674361365360303,-14.123662080622587,-1.2011784789584206,14.123662080622587,14.174648507315068
792,1.5654570505050505,-13.930338346380463,-1.2141445078697455,13.930338346380463,13.983149621263024
793,1.5634829558638081,-13.742442198352549,-1.2260817233903727,13.742442198352549,13.797028447005999
794,1.5615138337531485,-13.559602489448579,-1.2370433257248781,13.559602489448579,13.615913331891495
795,1.559549665408805,-13.381462759863023,-1.2470771665622236,13.381462759863023,13.439447423646621
796,1.5575904321608038,-13.207675630653156,-1.2562258133277813,13.207675630653156,13.267283024742492
797,1.5556361154328731,-13.037896567657949,-1.2645258943044664,13.037896567657949,13.099075259204882
798,1.5536866967418546,-12.871776682775895,-1.2720064428391025,12.871776682775895,12.934474684419055
799,1.5517421576971213,-12.708954102004832,-1.2786857699643808,12.708954102004832,12.773118321896765
800,1.5498024799999999,-12.54904322084526,-1.2845660478154386,12.54904322084526,12.614618333102374
801,1.5478676454431959,-12.391620872420386,-1.2896241350532722,12.391620872420386,12.458547196825014
802,1.5459376359102244,-12.2362080648657,-1.2937959303680764,12.2362080648657,12.304417731697887
803,1.5440124333748442,-12.082245630920163,-1.2969491093467906,12.082245630920163,12.151655709331335
804,1.5420920199004975,-11.929062415206364,-1.2988342552343104,11.929062415206364,11.999562514044383
805,1.5401763776397515,-11.775837443486488,-1.2989946131838677,11.775837443486488,11.847266963333741
806,1.5382654888337468,-11.621569495615166,-1.2965952447794793,11.621569495615166,11.693675075449878
807,1.5363593358116481,-11.46511064060978,-1.2900975290065333,11.46511064060978,11.53746565046988
808,1.5344579009900989,-11.305462984627148,-1.2766697289424895,11.305462984627148,11.377318616157881
809,1.5325611668726822,-11.142941126580467,-1.251366010382484,11.142941126580467,11.212985946766318
810,1.5306691160493826,-10.982379668394262,-1.2073168978768916,10.982379668394262,11.048541861832208
811,1.5287817311960541,-10.837078057890771,-1.1416248120347301,10.837078057890771,10.897044004879074
812,1.5268989950738916,-10.721181217321224,-1.066586862912724,10.721181217321224,10.774104799507912
813,1.5250208905289051,-10.631395822899496,-1.0017161394662537,10.631395822899496,10.67848361740711
814,1.5231474004914003,-10.553493722581866,-0.95362889714650767,10.553493722581866,10.596491769734344
815,1.52127850797546,-10.478031124945314,-0.91883957655238158,10.478031124945314,10.518241413029164
816,1.5194141960784313,-10.401427134699087,-0.89265113950790631,10.401427134699087,10.439660554602302
817,1.5175544479804159,-10.322725550107691,-0.87172120521478891,10.322725550107691,10.359467198773654
818,1.5156992469437651,-10.24180591746935,-0.85391434736807614,10.24180591746935,10.277341979507698
819,1.5138485763125762,-10.15872201243829,-0.83783061593956609,10.15872201243829,10.193213088472346
820,1.5120024195121951,-10.073484917803949,-0.82246571380825939,10.073484917803949,10.107004909448385
821,1.510160760048721,-9.9859955620890233,-0.80699325243933862,9.9859955620890233,10.0185500685251
822,1.5083235815085156,-9.8960241380861298,-0.79061024048105755,9.8960241380861298,9.9275555044500674
823,1.5064908675577156,-9.8032054102102961,-0.77239776613443234,9.8032054102102961,9.8335870679984261
824,1.5046626019417475,-9.7070499744162468,-0.75115449885871433,9.7070499744162468,9.7360696529436428
825,1.5028387684848483,-9.60700132571246,-0.72515311286482953,9.60700132571246,9.634330361231056
826,1.5010193510895882,-9.50263389201859,-0.69175319663878776,9.50263389201859,9.5277790366276012
827,1.4992043337363965,-9.3942609026032002,-0.64682371998378918,9.3942609026032002,9.4165024733662523
828,1.4973937004830917,-9.2846091385317706,-0.58423330494966708,9.2846091385317706,9.3029723964935034
829,1.4955874354644147,-9.1824325652444152,-0.49715585815109908,9.1824325652444152,9.1958812390414817
830,1.4937855228915662,-9.1053203564703686,-0.38586358593606335,9.1053203564703686,9.1134927168953794
831,1.4919879470517448,-9.0686432282239728,-0.26878346862985225,9.0686432282239728,9.0726255601022814
832,1.4901946923076923,-9.065783674507955,-0.17065250260932757,9.065783674507955,9.0673896965787115
833,1.4884057430972388,-9.0773913321041064,-0.099431797588718784,9.0773913321041064,9.0779358930612908
834,1.4866210839328535,-9.0904618606837175,-0.049983820546326663,9.0904618606837175,9.0905992774327959
835,1.4848406994011976,-9.1000294264689643,-0.015371089548767314,9.1000294264689643,9.1000424083075
836,1.4830645741626793,-9.1050008929364168,0.0094693852315080318,9.1050008929364168,9.1050058171112447
837,1.4812926929510155,-9.105633806913044,0.027779229309290721,9.105633806913044,9.1056761808873237
838,1.4795250405727922,-9.1025436742555428,0.041598783964789499,9.1025436742555428,9.1026387273447771
839,1.4777616019070321,-9.0963686632779712,0.05223590658428956,9.0963686632779712,9.0965186444156831
840,1.4760023619047618,-9.0876719720191161,0.060553132634242002,9.0876719720191161,9.0878737091188508
841,1.474247305588585,-9.0769245770333384,0.067136562008130007,9.0769245770333384,9.0771728580604929
842,1.4724964180522564,-9.064512949933679,0.072395853605347005,9.064512949933679,9.0648020485355669
843,1.4707496844602608,-9.0507527087510908,0.07662476900931392,9.0507527087510908,9.0510770602282982
844,1.4690070900473933,-9.0359019914113041,0.080038833760873729,9.0359019914113041,9.0362564711998168
845,1.4672686201183431,-9.0201728314839009,0.082799416140632465,9.0201728314839009,9.0205528463145512
846,1.4655342600472812,-9.0037403427583982,0.08502953018459869,9.0037403427583982,9.004141834779066
847,1.4638039952774498,-8.9867499841567344,0.086824462460470708,8.9867499841567344,8.9871693967023116
848,1.4620778113207547,-8.9693232686640982,0.088259079214061564,8.9693232686640982,8.9697574974389873
849,1.4603556937573614,-8.9515622507643187,0.089392954189673413,8.9515622507643187,8.952008591906484
850,1.458637628235294,-8.9335530670780621,0.09027403444855342,8.9335530670780621,8.9340091674228468
851,1.4569236004700352,-8.9153687455738577,0.090941305684572649,8.9153687455738577,8.9158325573462172
852,1.4552135962441313,-8.8970714488648817,0.091426760221099967,8.8970714488648817,8.8975411894911254
853,1.4535076014067994,-8.8787142778043346,0.091756870763285869,8.8787142778043346,8.8791883947925569
854,1.4518056018735361,-8.8603427315189478,0.09195370838476874,8.8603427315189478,8.860819872024619
855,1.4501075836257309,-8.8419958972940123,0.0920358007571348,8.8419958972940123,8.8424748818633994
856,1.4484135327102803,-8.8237074266092961,0.092018798213463648,8.8237074266092961,8.824187226573601
857,1.4467234352392064,-8.8055063407545262,0.091915995912442816,8.8055063407545262,8.8059860587768792
858,1.4450372773892772,-8.78741769972412,0.091738747027000855,8.78741769972412,8.7878965530512954
859,1.4433550454016297,-8.7694631607124052,0.091496792538515448,8.7694631607124052,8.7699404667384613
860,1.4416767255813951,-8.7516614469056826,0.091198526590079709,8.7516614469056826,8.7521366107086944
861,1.4400023042973287,-8.7340287429503682,0.090851211590871395,8.7340287429503682,8.7345012465126324
862,1.4383317679814385,-8.7165790301317081,0.090461153805876271,8.7165790301317081,8.7170484229972995
863,1.4366651031286211,-8.6993243717195092,0.090033847624915786,8.6993243717195092,8.6997902628805477
864,1.4350022962962963,-8.6822751568992551,0.089574094821308736,8.6822751568992551,8.6827372077342666
865,1.4333433341040462,-8.6654403101196031,0.089086103699436231,8.6654403101196031,8.6658982282345125
866,1.4316882032332563,-8.6488274714211499,0.088573571964821185,8.6488274714211499,8.6492810052662641
867,1.4300368904267589,-8.6324431523069798,0.088039756338057079,8.6324431523069798,8.6328920864625509
868,1.4283893824884792,-8.6162928709137603,0.087487531310255939,8.6162928709137603,8.6167370219529182
869,1.426745666283084,-8.6003812695902724,0.086919438955287337,8.6003812695902724,8.6008204824416303
870,1.4251057287356321,-8.5847122174680308,0.086337731337765872,8.5847122174680308,8.5851463622117379
871,1.4234695568312283,-8.5692889001843753,0.085744406760987379,8.5692889001843753,8.5697178692249807
872,1.4218371376146788,-8.5541138985644807,0.085141240865999057,8.5541138985644807,8.5545376041321024
873,1.4202084581901488,-8.5391892577898219,0.084529813408054016,8.5391892577898219,8.5396076297279535
874,1.4185835057208236,-8.5245165483368623,0.083911531388817823,8.5245165483368623,8.5249295321409573
875,1.4169622674285713,-8.5100969197833116,0.083287649104112127,8.5100969197833116,8.5105044748592142
876,1.4153447305936071,-8.4959311484054645,0.08265928557105634,8.4959311484054645,8.4963332465209565
877,1.4137308825541619,-8.4820196793682001,0.082027439720609052,8.4820196793682001,8.482416303274471
878,1.4121207107061502,-8.4683626641807734,0.08139300367832164,8.4683626641807734,8.4687538063837167
879,1.4105142025028441,-8.4549599940103271,0.08075677440385115,8.4549599940103271,8.4553456556741207
880,1.4089113454545454,-8.44181132935039,0.080119463917316946,8.44181132935039,8.4421915193181327
881,1.4073121271282631,-8.4289161264862642,0.079481708305132459,8.4289161264862642,8.4292908604042918
882,1.4057165351473921,-8.4162736611298889,0.078844075668742603,8.4162736611298889,8.4166429606641131
883,1.404124557191393,-8.4038830495572405,0.078207073155251911,8.4038830495572405,8.404246941691266
884,1.4025361809954751,-8.3917432675290407,0.077571153188647268,8.3917432675290407,8.3921017839350593
885,1.4009513943502825,-8.3798531672492409,0.076936719003182164,8.3798531672492409,8.3802063437237688
886,1.3993701851015801,-8.3682114925760374,0.076304129566139689,8.3682114925760374,8.3685593685335427
887,1.3977925411499434,-8.3568168926791699,0.075673703965069034,8.3568168926791699,8.3571595106973842
888,1.3962184504504505,-8.3456679343117095,0.075045725324337426,8.3456679343117095,8.3460053397231988
889,1.3946479010123733,-8.3347631128431914,0.074420444307050304,8.3347631128431914,8.3350953533683345
890,1.3930808808988764,-8.3241008621871053,0.073798082251074787,8.3241008621871053,8.3244279876041958
891,1.3915173782267114,-8.313679563736688,0.073178833981479563,8.313679563736688,8.3140016255853553
892,1.3899573811659192,-8.303497554412953,0.072562870336249002,8.303497554412953,8.3038146057274975
893,1.3884008779395296,-8.2935531339136226,0.071950340437581972,8.2935531339136226,8.2938652289832611
894,1.3868478568232661,-8.2838445712467852,0.071341373736937941,8.2838445712467852,8.2841517654000949
895,1.3852983061452513,-8.2743701106191629,0.070736081858605498,8.2743701106191629,8.2746724600303363
896,1.3837522142857142,-8.2651279767423844,0.070134560263553414,8.2651279767423844,8.2654255382571211
897,1.3822095696767001,-8.2561163796166426,0.0695368897527395,8.2561163796166426,8.2564092105957734
898,1.3806703608017816,-8.2473335188418275,0.068943137826762757,8.2473335188418275,8.2476216770209163
899,1.379134576195773,-8.2387775875010654,0.068353359916808076,8.2387775875010654,8.2390611308644743
900,1.3776022044444443,-8.230446775658887,0.067767600500136443,8.230446775658887,8.230725762326875
901,1.3760732341842397,-8.2223392735102081,0.067185894111821409,8.2223392735102081,8.2226137616378399
902,1.3745476541019954,-8.2144532742139234,0.066608266263169069,8.2144532742139234,8.2147233219006495
903,1.3730254529346622,-8.2067869764391794,0.066034734276102264,8.2067869764391794,8.2070526416480742
904,1.3715066194690264,-8.1993385866534396,0.065465308041759818,8.1993385866534396,8.1995999271391913
905,1.3699911425414364,-8.1921063211745455,0.064899990710673344,8.1921063211745455,8.1923633944193526
906,1.3684790110375276,-8.1850884080100279,0.064338779321128137,8.1850884080100279,8.1853412711666866
907,1.3669702138919513,-8.1782830885012743,0.063781665371589691,8.1782830885012743,8.1785317983427515
908,1.3654647400881057,-8.1716886187939508,0.063228635342476913,8.1716886187939508,8.1719332316688593
909,1.3639625786578657,-8.1653032711456284,0.06267967117201298,8.1653032711456284,8.1655438429390443
910,1.3624637186813187,-8.1591253350911401,0.062134750690419044,8.1591253350911401,8.1593619211902517
911,1.3609681492864982,-8.153153118474048,0.061593848016264302,8.153153118474048,8.1533857737382061
912,1.3594758596491228,-8.1473849483579457,0.061056933918437528,8.1473849483579457,8.1476137270926827
913,1.3579868389923329,-8.141819171830182,0.060523976146807434,8.141819171830182,8.1420441277648532
914,1.3565010765864332,-8.1364541567046231,0.059994939734399538,8.1364541567046231,8.1366753429733016
915,1.3550185617486339,-8.1312882921350536,0.059469787273629088,8.1312882921350536,8.131505761260394
916,1.3535392838427946,-8.1263199891466655,0.058948479168846962,8.1263199891466655,8.1265337930264572
917,1.352063232279171,-8.1215476810917657,0.058430973867277941,8.1215476810917657,8.1217578709879135
918,1.350590396514161,-8.1169698240395789,0.057917228070253568,8.1169698240395789,8.1171764505692785
919,1.3491207660500544,-8.1125848971025292,0.05740719692639254,8.1125848971025292,8.1127880102314389
920,1.3476543304347826,-8.1083914027077562,0.056900834208324785,8.1083914027077562,8.1085910517449733
921,1.346191079261672,-8.1043878668174472,0.056398092474312628,8.1043878668174472,8.1045841004120991
922,1.3447310021691974,-8.1005728391023801,0.055898923216072843,8.1005728391023801,8.1007657052416917
923,1.3432740888407366,-8.0969448930755874,0.055403276993960415,8.0969448930755874,8.0971344390842681
924,1.3418203290043289,-8.0935026261852556,0.054911103560548319,8.0935026261852556,8.093688898726084
925,1.3403697124324323,-8.09024465987601,0.054422351973595157,8.09024465987601,8.090427704951491
926,1.3389222289416847,-8.0871696396172581,0.053936970699237863,8.0871696396172581,8.0873495025722324
927,1.3374778683926645,-8.0842762349049195,0.053454907706269317,8.0842762349049195,8.0844529604300579
928,1.336036620689655,-8.0815631392362235,0.052976110552168443,8.0815631392362235,8.081736771372281
929,1.334598475780409,-8.0790290700637328,0.052500526461603136,8.0790290700637328,8.0791996522064977
930,1.3331634236559138,-8.0766727687270148,0.052028102397978962,8.0766727687270148,8.0768403436328757
931,1.331731454350161,-8.0744930003672408,0.051558785128628493,8.0744930003672408,8.0746576101593011
932,1.3303025579399141,-8.0724885538242788,0.051092521284119438,8.0724885538242788,8.0726502399989535
933,1.3288767245444801,-8.0706582415202703,0.050629257412188072,8.0706582415202703,8.0708170449543193
934,1.3274539443254818,-8.0690008993288522,0.050168940026680167,8.0690008993288522,8.0691568602867818
935,1.3260342074866309,-8.0675153864340885,0.049711515651950741,8.0675153864340885,8.0676685445758842
936,1.3246175042735042,-8.0662005851781906,0.049256930863039824,8.0662005851781906,8.0663509795673427
937,1.3232038249733189,-8.0650554009002953,0.048805132321984593,8.0650554009002953,8.0652030700120605
938,1.3217931599147121,-8.0640787617682186,0.048356066810545981,8.0640787617682186,8.0642237434981077
939,1.3203854994675186,-8.0632696186026003,0.047909681259667963,8.0632696186026003,8.0634119502750288
940,1.3189808340425531,-8.0626269446954062,0.047465922775893801,8.0626269446954062,8.062766663072507
941,1.3175791540913921,-8.0621497356233007,0.047024738665003465,8.0621497356233007,8.0622868769138556
942,1.3161804501061569,-8.061837009057303,0.046586076453053321,8.061837009057303,8.0619716089257789
943,1.3147847126193,-8.061687804568674,0.046149883905081776,8.061687804568674,8.0618198981443232
944,1.3133919322033898,-8.061701183432092,0.045716109041591735,8.061701183432092,8.0618308053181256
945,1.3120020994708994,-8.0618762284261507,0.045284700153045351,8.0618762284261507,8.0620034127089415
946,1.3106152050739956,-8.0622120436331848,0.044855605812483337,8.0622120436331848,8.0623368238914939
947,1.3092312397043293,-8.0627077542375609,0.044428774886443465,8.0627077542375609,8.0628301635517783
948,1.3078501940928269,-8.0633625063230241,0.044004156544296014,8.0633625063230241,8.0634825772844003
949,1.3064720590094836,-8.0641754666703136,0.043581700266124068,8.0641754666703136,8.0642932313901792
950,1.3050968252631578,-8.0651458225545376,0.043161355849260438,8.0651458225545376,8.0652613126734867
951,1.3037244837013668,-8.0662727815436028,0.042743073413597163,8.0662727815436028,8.0663860282406521
952,1.3023550252100839,-8.067555571297067,0.042326803405744962,8.067555571297067,8.0676666052987649
953,1.3009884407135361,-8.0689934393663449,0.041912496602160579,8.0689934393663449,8.0691022909558239
954,1.2996247211740042,-8.0705856529961579,0.04150010411128266,8.0705856529961579,8.0706923520221405
955,1.298263857591623,-8.0723314989280084,0.041089577374804037,8.0723314989280084,8.0724360748137336
956,1.296905841004184,-8.0742302832053383,0.040680868168105455,8.0742302832053383,8.0743327649574272
957,1.2955506624869382,-8.0762813309804571,0.040273928599959347,8.0762813309804571,8.0763817471977095
958,1.2941983131524006,-8.078483986324116,0.039868711111496979,8.078483986324116,8.0785823652062181
959,1.2928487841501564,-8.080837612037385,0.039465168474596038,8.080837612037385,8.0809339813935352
960,1.2915020666666666,-8.0833415894664711,0.039063253789627966,8.0833415894664711,8.0834359767239423
961,1.290158151925078,-8.0859953183194868,0.038662920482702492,8.0859953183194868,8.0860877505320783
962,1.2888170311850311,-8.0887982164861114,0.038264122302397424,8.0887982164861114,8.0888887203425206
963,1.2874786957424713,-8.0917497198613937,0.037866813316045439,8.0917497198613937,8.0918383216935119
964,1.2861431369294605,-8.0948492821709337,0.037470947905600113,8.0948492821709337,8.0949360079620298
965,1.2848103461139895,-8.0980963748002175,0.037076480763115413,8.0980963748002175,8.0981812501930452
966,1.2834803146997928,-8.1014904866264033,0.036683366885881932,8.1014904866264033,8.1015735369312178
967,1.2821530341261633,-8.1050311238540402,0.036291561571237502,8.1050311238540402,8.1051123740565103
968,1.2808284958677685,-8.1087178098535375,0.03590102041108946,8.1087178098535375,8.1087972846225789
969,1.2795066914344684,-8.1125500850037362,0.03551169928615619,8.1125500850037362,8.112627808699246
970,1.278187612371134,-8.1165275065362081,0.035123554359984668,8.1165275065362081,8.1166035032167088
971,1.2768712502574664,-8.1206496483850046,0.034736542072719409,8.1206496483850046,8.1207239418152053
972,1.2755575967078188,-8.1249161010384903,0.034350619134683971,8.1249161010384903,8.1249887146967428
973,1.2742466433710173,-8.1293264713950464,0.033965742519771094,8.1293264713950464,8.1293974284807327
974,1.2729383819301847,-8.1338803826223298,0.033581869458658653,8.1338803826223298,8.1339497060631434
975,1.271632804102564,-8.1385774740196553,0.033198957431879783,8.1385774740196553,8.1386451864788114
976,1.2703299016393441,-8.1434174008847613,0.032816964162746085,8.1434174008847613,8.1434835247681061
977,1.2690296663254861,-8.1483998343830244,0.032435847610146354,8.1483998343830244,8.148464391846078
978,1.2677320899795501,-8.1535244614206555,0.032055565961220681,8.1535244614206555,8.1535874743755627
979,1.2664371644535239,-8.1587909845216764,0.031676077623950694,8.1587909845216764,8.15885247464408
980,1.2651448816326529,-8.1641991217082008,0.031297341219626476,8.1641991217082008,8.1642591104440321
981,1.26385523343527,-8.1697486063840223,0.03091931557524942,8.1697486063840223,8.1698071149562228
982,1.2625682118126271,-8.1754391872220076,0.030541959715853564,8.1754391872220076,8.1754962366371693
983,1.2612838087487284,-8.1812706280553229,0.030165232856735794,8.1812706280553229,8.1813262391102608
984,1.2600020162601626,-8.1872427077705545,0.02978909439565916,8.1872427077705545,8.1872969010588008
985,1.2587228263959389,-8.1933552202074402,0.029413503904958199,8.1933552202074402,8.1934080161256748
986,1.2574462312373225,-8.1996079740581926,0.029038421123623384,8.1996079740581926,8.1996593928126096
987,1.2561722228976697,-8.206000792773839,0.028663805949323773,8.206000792773839,8.2060508543864366
988,1.2549007935222671,-8.212533514471378,0.028289618430380373,8.212533514471378,8.2125822387861991
989,1.2536319352881697,-8.2192059918459712,0.027915818757723476,8.2192059918459712,8.2192533985352725
990,1.2523656404040404,-8.2260180920863064,0.027542367256779582,8.2260180920863064,8.2260642006566762
991,1.2511019011099898,-8.2329696967923525,0.027169224379362297,8.2329696967923525,8.2330145265907628
992,1.2498407096774193,-8.2400607018983187,0.026796350695506635,8.2400607018983187,8.2401042721181401
993,1.248582058408862,-8.2472910175968082,0.026423706885282297,8.2472910175968082,8.2473333472837496
994,1.2473259396378269,-8.2546605682690135,0.026051253730593055,8.2546605682690135,8.2547016763270271
995,1.2460723457286431,-8.262169292415372,0.025678952106925772,8.262169292415372,8.2622091976125134
996,1.2448212690763052,-8.2698171425919398,0.025306762975104695,8.2698171425919398,8.2698558635661712
997,1.2435727021063188,-8.2776040853486208,0.02493464737299967,8.2776040853486208,8.2776416406135755
998,1.242326637274549,-8.2855301011720535,0.024562566407230244,8.2855301011720535,8.2855665091227575
999,1.2410830670670669,-8.2935951844297691,0.02419048124483468,8.2935951844297691,8.2936304633483342
1000,1.2398419839999999,-8.3017993433198534,0.023818353104928768,8.3017993433198534,8.3018335113811208
1001,1.2386033806193806,-8.3101425998226901,0.023446143250332695,8.3101425998226901,8.3101756750998437
1002,1.237367249500998,-8.3186249896562607,0.023073812979183955,8.3186249896562607,8.3186569901264118
1003,1.2361335832502491,-8.3272465622343184,0.022701323616531752,8.3272465622343184,8.3272775057840622
1004,1.234902374501992,-8.336007380628665,0.02232863650589096,8.336007380628665,8.3360372850595965
1005,1.2336736159203978,-8.3449075215334716,0.021955713000800729,8.3449075215334716,8.344936404567699
1006,1.232447300198807,-8.3539470752341742,0.021582514456329263,8.3539470752341742,8.3539749545197886
1007,1.2312234200595829,-8.3631261455785797,0.021209002220571101,8.3631261455785797,8.3631530386951081
1008,1.2300019682539682,-8.3724448499512647,0.020835137626116995,8.3724448499512647,8.3724707744151203
1009,1.2287829375619423,-8.3819033192517907,0.02046088198148692,8.3819033192517907,8.3819282925216942
1010,1.2275663207920791,-8.3915016978755865,0.02008619656254166,8.3915016978755865,8.3915257373579699
1011,1.2263521107814044,-8.4012401436983737,0.019711042603853084,8.4012401436983737,8.40126326675278
1012,1.2251403003952568,-8.4111188280629037,0.019335381290055804,8.4111188280629037,8.4111410520073857
1013,1.2239308825271471,-8.4211379357700871,0.018959173747147215,8.4211379357700871,8.4211592778865825
1014,1.2227238500986193,-8.4312976650729716,0.018582381033762613,8.4312976650729716,8.4313181426126853
1015,1.2215191960591132,-8.4415982276728201,0.018204964132404008,8.4415982276728201,8.4416178578616066
1016,1.2203169133858267,-8.4520398487198385,0.017826883940628896,8.4520398487198385,8.4520586487635718
1017,1.219116995083579,-8.4626227668161995,0.017448101262197174,8.4626227668161995,8.4626407539061663
1018,1.2179194341846757,-8.4733472340225546,0.017068576798168075,8.4733472340225546,8.4733644253408347
1019,1.2167242237487732,-8.4842135158672107,0.01668827113795026,8.4842135158672107,8.4842299285920717
1020,1.215531356862745,-8.4952218913596163,0.016307144750297542,8.4952218913596163,8.4952375426709263
1021,1.2143408266405484,-8.5063726530057657,0.015925157974251238,8.5063726530057657,8.506387560090408
1022,1.2131526262230918,-8.5176661068270825,0.015542271010029585,8.5176661068270825,8.5176802868843922
1023,1.2119667487781036,-8.5291025723836249,0.015158443909846678,8.5291025723836249,8.5291160426308377
1024,1.2107831874999999,-8.5406823827984049,0.014773636568678118,8.5406823827984049,8.540695160476135
1025,1.209601935609756,-8.5524058847868503,0.014387808714954507,8.5524058847868503,8.5524179871645867
1026,1.2084229863547757,-8.5642734386885238,0.014000919901185072,8.5642734386885238,8.5642848830701457
1027,1.2072463330087633,-8.5762854185023158,0.013612929494511837,8.5762854185023158,8.5762962222316492
1028,1.2060719688715953,-8.5884422119241464,0.013223796667183395,8.5884422119241464,8.5884523923905434
1029,1.2048998872691934,-8.6007442203895721,0.012833480386951999,8.6007442203895721,8.6007537950335173
1030,1.203730081553398,-8.6131918591179648,0.012441939407383744,8.6131918591179648,8.6132008454367419
1031,1.2025625451018427,-8.6257855571606683,0.012049132258085418,8.6257855571606683,8.6257939727140336
1032,1.2013972713178294,-8.6385257574525411,0.011655017234839023,8.6385257574525411,8.6385336198684648
1033,1.2002342536302033,-8.6514129168665512,0.011259552389638845,8.6514129168665512,8.6514202438469852
1034,1.1990734854932301,-8.6644475062718875,0.010862695520634937,8.6644475062718875,8.6644543155985936
1035,1.1979149603864734,-8.6776300105954789,0.010464404161971207,8.6776300105954789,8.6776363201359015
1036,1.1967586718146717,-8.6909609288863265,0.010064635573514426,8.6909609288863265,8.6909667565995168
1037,1.1956046133076181,-8.7044407743840182,0.0096633467304800998,8.7044407743840182,8.7044461383266114
1038,1.1944527784200385,-8.7180700745902442,0.0092604943129333157,8.7180700745902442,8.7180749929225119
1039,1.1933031607314726,-8.7318493713433867,0.0088560346951779591,8.7318493713433867,8.7318538623353295
1040,1.1921557538461538,-8.7457792208976919,0.0084499239350187584,8.7457792208976919,8.7457833029352106
1041,1.1910105513928915,-8.7598601940045349,0.0080421177628923896,8.7598601940045349,8.7598638855956708
1042,1.189867547024952,-8.7740928759983881,0.007632571570871341,8.7740928759983881,8.7740961957796237
1043,1.1887267344199424,-8.7884778668857457,0.0072212404015239984,8.7884778668857457,8.7884808336283911
1044,1.1875881072796934,-8.8030157814375123,0.0068080789366333078,8.8030157814375123,8.8030184140541667
1045,1.1864516593301435,-8.8177072492856254,0.0063930414857713939,8.8177072492856254,8.8177095668367134
1046,1.1853173843212237,-8.8325529150228448,0.0059760819747130163,8.8325529150228448,8.8325549367232554
1047,1.1841852760267431,-8.8475534383063845,0.0055571539336978226,8.8475534383063845,8.8475551835321689
1048,1.1830553282442746,-8.8627094939654967,0.0051362104855242376,8.8627094939654967,8.8627109822606922
1049,1.1819275347950429,-8.8780217721122128,0.0047132043334804294,8.8780217721122128,8.8780230231957358
1050,1.1808018895238095,-8.8934909782567786,0.0042880877490886048,8.8934909782567786,8.8934920120294283
1051,1.179678386298763,-8.9091178334265386,0.0038608125596810792,8.9091178334265386,8.9091186699781044
1052,1.1785570190114067,-8.9249030742881033,0.0034313301357836445,8.9249030742881033,8.9249037339045696
1053,1.1774377815764481,-8.9408474532752429,0.0029995913783032839,8.9408474532752429,8.9408479564461238
1054,1.1763206679316887,-8.9569517387186117,0.0025655467055249789,8.9569517387186117,8.9569521061443815
1055,1.1752056720379147,-8.973216714981163,0.0021291460398951863,8.973216714981163,8.9732169675808127
1056,1.1740927878787879,-8.9896431825973302,0.0016903387945979304,8.9896431825973302,8.9896433415160519
1057,1.1729820094607379,-9.0062319584151176,0.0012490738599145474,9.0062319584151176,9.0062320450321121
1058,1.1718733308128544,-9.0229838757454601,0.0008052995893506696,9.0229838757454601,9.0229839116818766
1059,1.1707667459867799,-9.0398997845119986,0.00035896378553465415,9.0398997845119986,9.039899791639014
1060,1.1696622490566038,-9.0569805514085928,-8.9986314116248002e-05,9.0569805514085928,9.0569805518556254
1061,1.1685598341187557,-9.0742270600588668,-0.00054160405199171584,9.0742270600588668,9.0742270762219466
1062,1.167459495291902,-9.0916402111818435,-0.00099594336512376152,9.0916402111818435,9.0916402657321314
1063,1.1663612267168391,-9.1092209227615335,-0.0014530588002954245,9.1092209227615335,9.1092210386539847
1064,1.165265022556391,-9.1269701302210002,-0.0019130055294118028,9.1269701302210002,9.1269703307032
1065,1.164170876995305,-9.1448887866013422,-0.0023758393651563828,9.1448887866013422,9.1448890952225153
1066,1.16307878424015,-9.1629778627456027,-0.0028416167769276255,9.1629778627456027,9.1629783033657723
1067,1.1619887385192127,-9.1812383474871808,-0.0033103949070767105,9.1812383474871808,9.1812389442865268
1068,1.1609007340823969,-9.1996712478434262,-0.0037822315874429711,9.1996712478434262,9.1996720253318163
1069,1.1598147652011224,-9.218277589214825,-0.0042571853562102871,9.218277589214825,9.2182785722415357
1070,1.1587308261682243,-9.2370584155880628,-0.0047353154750824139,9.2370584155880628,9.2370596293516964
1071,1.1576489112978523,-9.2560147897453504,-0.0052166819467868424,9.2560147897453504,9.256016259803955
1072,1.1565690149253731,-9.2751477934785171,-0.0057013455329285598,9.2751477934785171,9.2751495457599127
1073,1.1554911314072693,-9.2944585278089491,-0.0061893677721893848,9.2944585278089491,9.2944605886212628
1074,1.1544152551210427,-9.3139481132125646,-0.0066808109988954287,9.3139481132125646,9.313950509255001
1075,1.1533413804651163,-9.3336176898507439,-0.0071757383619522712,9.3336176898507439,9.3336204482245684
1076,1.1522695018587359,-9.353468417806841,-0.0076742138441692389,9.353468417806841,9.3534715660266006
1077,1.1511996137418754,-9.3735014773285279,-0.0081763022819770059,9.3735014773285279,9.3735050433335303
1078,1.150131710575139,-9.3937180690756037,-0.0086820693855542367,9.3937180690756037,9.3937220812416147
1079,1.1490657868396663,-9.4141194143752784,-0.0091915817593711119,9.4141194143752784,9.4141239015265121
1080,1.1480018370370371,-9.4347067554816064,-0.0097049069231673439,9.4347067554816064,9.4347117469029573
1081,1.1469398556891766,-9.4554813558430624,-0.010222113333372831,9.4554813558430624,9.4554868812926145
1082,1.1458798373382624,-9.4764445003750346,-0.010743270404986981,9.4764445003750346,9.4764505900968672
1083,1.1448217765466298,-9.4975974957401093,-0.011268448533927115,9.4975974957401093,9.4976041804773672
1084,1.143765667896679,-9.5189416706341206,-0.011797719119865126,9.5189416706341206,9.5189489816424118
1085,1.1427115059907833,-9.5404783760792427,-0.012331154589559315,9.5404783760792427,9.5404863451403319
1086,1.1416592854511969,-9.5622089857246699,-0.01286882842070268,9.5622089857246699,9.5622176451604854
1087,1.1406090009199632,-9.5841348961533619,-0.013410815166298631,9.5841348961533619,9.5841442788403395
1088,1.1395606470588235,-9.6062575271968704,-0.013957190479584689,9.6062575271968704,9.6062676665806386
1089,1.1385142185491275,-9.6285783222568462,-0.014508031139510307,9.6285783222568462,9.6285892523672434
1090,1.137469710091743,-9.651098748635011,-0.01506341507679957,9.651098748635011,9.6511105041014869
1091,1.1364271164069659,-9.6738202978701331,-0.015623421400602709,9.6738202978701331,9.6738329139374972
1092,1.1353864322344323,-9.6967444860830412,-0.016188130425761553,9.6967444860830412,9.6967579986276089
1093,1.1343476523330283,-9.7198728543300028,-0.016757623700707429,9.7198728543300028,9.7198872998761345
1094,1.1333107714808044,-9.7432069689641949,-0.017331984036003639,9.7432069689641949,9.7432223847012285
1095,1.1322757844748859,-9.7667484220051612,-0.017911295533559968,9.7667484220051612,9.7667648458047758
1096,1.1312426861313867,-9.7904988315179082,-0.018495643616534094,9.7904988315179082,9.7905163019519197
1097,1.1302114712853235,-9.8144598419997529,-0.01908511505994142,9.8144598419997529,9.8144783983583501
1098,1.1291821347905282,-9.8386331247771217,-0.019679798021996292,9.8386331247771217,9.8386528070875556
1099,1.1281546715195632,-9.8630203784108907,-0.020279782076205059,9.8630203784108907,9.8630412274566499
1100,1.1271290763636364,-9.8876233291112534,-0.020885158244234418,9.8876233291112534,9.8876453864517213
1101,1.1261053442325157,-9.9124437311631226,-0.021496019029575139,9.9124437311631226,9.9124670391537357
1102,1.1250834700544463,-9.937483367359615,-0.022112458452032989,9.937483367359615,9.9375079691725414
1103,1.1240634487760652,-9.9627440494481796,-0.02273457208306414,9.9627440494481796,9.9627699890935393
1104,1.1230452753623188,-9.9882276185850394,-0.02336245708198359,9.9882276185850394,9.9882549409326682
1105,1.12202894479638,-10.013935945800853,-0.023996212233075437,10.013935945800853,10.013964696602638
1106,1.121014452079566,-10.039870932477694,-0.024635937983627926,10.039870932477694,10.039901158390496
1107,1.1200017922312555,-10.066034510836506,-0.025281736482927634,10.066034510836506,10.0660662594457
1108,1.1189909602888086,-10.092428644437149,-0.025933711622235456,10.092428644437149,10.092461964280767
1109,1.1179819513074842,-10.119055328688411,-0.026591969075782325,10.119055328688411,10.11909026928195
1110,1.1169747603603604,-10.14591659137151,-0.027256616342808369,10.14591659137151,10.145953203233402
1111,1.1159693825382537,-10.173014493175355,-0.027927762790685276,10.173014493175355,10.173052827853116
1112,1.1149658129496403,-10.200351128244137,-0.028605519699148818,10.200351128244137,10.200391238341238
1113,1.1139640467205749,-10.227928624738567,-0.029290000305683239,10.227928624738567,10.227970563942021
1114,1.112964078994614,-10.255749145409432,-0.029981319852086727,10.255749145409432,10.255792968518151
1115,1.1119659049327353,-10.28381488818566,-0.030679595632261546,10.28381488818566,10.283860651139589
1116,1.1109695197132616,-10.312128086775722,-0.031384947041261296,10.312128086775722,10.312175846685777
1117,1.1099749185317815,-10.340691011283702,-0.032097495625642056,10.340691011283702,10.340740826462531
1118,1.1089820966010733,-10.369505968839569,-0.032817365135149962,10.369505968839569,10.369557898833193
1119,1.1079910491510276,-10.398575304245185,-0.033544681575801857,10.398575304245185,10.398629409865505
1120,1.1070017714285714,-10.427901400635331,-0.034279573264382496,10.427901400635331,10.427957743993572
1121,1.1060142586975914,-10.457486680154467,-0.035022170884429521,10.457486680154467,10.457545324695541
1122,1.1050285062388592,-10.487333604650392,-0.035772607543731294,10.487333604650392,10.487394615188267
1123,1.1040445093499553,-10.517444676383821,-0.03653101883340075,10.517444676383821,10.517508119137887
1124,1.1030622633451956,-10.547822438756238,-0.037297542888571344,10.547822438756238,10.547888381388718
1125,1.1020817635555555,-10.578469477053549,-0.038072320450769942,10.578469477053549,10.578537988707991
1126,1.1011030053285966,-10.609388419210489,-0.038855494932018578,10.609388419210489,10.609459570551369
1127,1.1001259840283939,-10.640581936590916,-0.039647212480724559,10.640581936590916,10.640655799844406
1128,1.0991506950354608,-10.672052744789404,-0.040447622049420526,10.672052744789404,10.672129393785315
1129,1.0981771337466784,-10.70380360445106,-0.041256875464407594,10.70380360445106,10.703883114666032
1130,1.0972052955752212,-10.735837322112324,-0.042075127497374729,10.735837322112324,10.735919770714284
1131,1.0962351759504863,-10.768156751062328,-0.042902535939055034,10.768156751062328,10.768242216956265
1132,1.0952667703180212,-10.800764792225301,-0.043739261674985375,10.800764792225301,10.800853356100413
1133,1.0943000741394526,-10.833664395065522,-0.044585468763449487,10.833664395065522,10.833756139443755
1134,1.0933350828924162,-10.86685855851438,-0.045441324515663351,10.86685855851438,10.866953567800453
1135,1.0923717920704845,-10.900350331920869,-0.046306999578299479,10.900350331920869,10.90044869245378
1136,1.0914101971830985,-10.934142816025894,-0.047182668018408494,10.934142816025894,10.934244616132016
1137,1.0904502937554967,-10.968239163961073,-0.048068507410836639,10.968239163961073,10.968344494008846
1138,1.0894920773286467,-11.002642582273182,-0.048964698928216963,11.002642582273182,11.002751534729494
1139,1.0885355434591746,-11.037356331973797,-0.049871427433627005,11.037356331973797,11.037469001462078
1140,1.0875806877192982,-11.07238372961735,-0.05078888157600206,11.07238372961735,11.072500212977499
1141,1.0866275056967571,-11.10772814840448,-0.051717253888405118,11.10772814840448,11.107848544754603
1142,1.0856759929947459,-11.14339301931577,-0.052656740889249279,11.14339301931577,11.143517430115883
1143,1.084726145231846,-11.17938183227372,-0.053607543186580148,11.17938183227372,11.179510361391424
1144,1.083777958041958,-11.215698137335373,-0.0545698655855235,11.215698137335373,11.215830891113605
1145,1.0828314270742356,-11.252345545914974,-0.055543917199014706,11.252345545914974,11.252482633241891
1146,1.0818865479930191,-11.289327732039656,-0.056529911561922455,11.289327732039656,11.289469264420752
1147,1.080943316477768,-11.326648433637853,-0.057528066748694817,11.326648433637853,11.326794525270365
1148,1.0800017282229963,-11.364311453861362,-0.058538605494647442,11.364311453861362,11.364462221711056
1149,1.0790617789382071,-11.402320662441642,-0.059561755321032889,11.402320662441642,11.402476226322094
1150,1.0781234643478259,-11.440679997084054,-0.060597748664024412,11.440679997084054,11.440840479738467
1151,1.0771867801911381,-11.479393464897925,-0.061646823007759796,11.479393464897925,11.47955899208363
1152,1.0762517222222221,-11.518465143864226,-0.062709221021593875,11.518465143864226,11.518635844439926
1153,1.0753182862098871,-11.55789918434521,-0.063785190701713956,11.55789918434521,11.558075190361089
1154,1.0743864679376083,-11.597699810632434,-0.064874985517284212,11.597699810632434,11.597881257423248
1155,1.0734562632034632,-11.637871322537446,-0.065978864561283851,11.637871322537446,11.638058348818683
1156,1.072527667820069,-11.678418097027141,-0.067097092706218303,11.678418097027141,11.678610844994394
1157,1.0716006776145202,-11.719344589902438,-0.068229940764884284,11.719344589902438,11.719543205334086
1158,1.0706752884283246,-11.760655337523414,-0.069377685656384552,11.760655337523414,11.760859969886768
1159,1.0697514961173424,-11.802354958583134,-0.070540610577589064,11.802354958583134,11.802565761144166
1160,1.0688292965517241,-11.844448155929346,-0.071719005180251733,11.844448155929346,11.844665285866126
1161,1.0679086856158484,-11.886939718438608,-0.072913165754000975,11.886939718438608,11.887163336958636
1162,1.0669896592082615,-11.929834522941196,-0.074123395415433058,11.929834522941196,11.930064795402727
1163,1.0660722132416165,-11.973137536202305,-0.075350004303541246,11.973137536202305,11.973374632239866
1164,1.0651563436426117,-12.016853816957703,-0.07659330978173462,12.016853816957703,12.017097910611955
1165,1.0642420463519313,-12.060988518008344,-0.077853636646701335,12.060988518008344,12.06123978786046
1166,1.0633293173241851,-12.105546888374601,-0.079131317344386248,12.105546888374601,12.105805517685331
1167,1.0624181525278491,-12.150534275512314,-0.080426692193370036,12.150534275512314,12.150800452365957
1168,1.0615085479452053,-12.195956127593217,-0.081740109615943329,12.195956127593217,12.196230045046647
1169,1.060600499572284,-12.241817995851662,-0.083071926377182442,12.241817995851662,12.242099852088677
1170,1.0596940034188034,-12.288125536999427,-0.084422507832355193,12.288125536999427,12.288415535490579
1171,1.0587890555081128,-12.334884515711821,-0.085792228182989844,12.334884515711821,12.335182865379981
1172,1.0578856518771331,-12.382100807187371,-0.087181470741966777,12.382100807187371,12.382407722579273
1173,1.0569837885763,-12.429780399782754,-0.088590628207997207,12.429780399782754,12.430096101246754
1174,1.0560834616695058,-12.477929397727106,-0.090020102949883052,12.477929397727106,12.4782541115974
1175,1.0551846672340426,-12.526554023916923,-0.091470307300958426,12.526554023916923,12.526887982704523
1176,1.0542874013605441,-12.575660622796875,-0.092941663864145541,12.575660622796875,12.576004065387613
1177,1.0533916601529312,-12.625255663324793,-0.094434605828059626,12.625255663324793,12.625608835184648
1178,1.0524974397283531,-12.675345742031794,-0.095949577294645483,12.675345742031794,12.675708895419874
1179,1.051604736217133,-12.725937586170843,-0.097487033618819996,12.725937586170843,12.726310980360315
1180,1.0507135457627117,-12.777038056966664,-0.099047441760645172,12.777038056966664,12.77742195847401
1181,1.0498238645215918,-12.828654152964539,-0.10063128065056712,12.828654152964539,12.829048835787464
1182,1.0489356886632826,-12.880793013483299,-0.10223904156828395,12.880793013483299,12.88119875934771
1183,1.048049014370245,-12.933461922177571,-0.10387122853584088,12.933461922177571,12.933879020793983
1184,1.0471638378378378,-12.986668310711881,-0.10552835872556848,12.986668310711881,12.987097060041689
1185,1.0462801552742615,-13.040419762550655,-0.10721096288352894,13.040419762550655,13.040860469082709
1186,1.0453979629005059,-13.094724016870867,-0.10891958576914387,13.094724016870867,13.095176995908792
1187,1.0445172569502947,-13.149588972598263,-0.11065478661173819,13.149588972598263,13.150054548559027
1188,1.0436380336700335,-13.205022692575351,-0.11241713958474828,13.205022692575351,13.205501199299571
1189,1.0427602893187551,-13.261033407863952,-0.11420723429840426,13.261033407863952,13.261525188938483
1190,1.0418840201680672,-13.317629522189314,-0.11602567631171112,13.317629522189314,13.318134931282682
1191,1.041009222502099,-13.374819616528853,-0.11787308766462457,13.374819616528853,13.375339017740094
1192,1.0401358926174495,-13.432612453854389,-0.11975010743134026,13.432612453854389,13.433146222075967
1193,1.0392640268231348,-13.49101698403036,-0.12165739229568195,13.49101698403036,13.491565505325754
1194,1.038393621440536,-13.550042348877913,-0.12359561714961415,13.550042348877913,13.550606020874618
1195,1.0375246728033471,-13.609697887408345,-0.12556547571596616,13.609697887408345,13.610277119706966
1196,1.036657177257525,-13.669993141234862,-0.12756768119650469,13.669993141234862,13.670588355835093
1197,1.0357911311612364,-13.730937860167984,-0.12960296694657197,13.730937860167984,13.731549491912261
1198,1.0349265308848079,-13.79254200800446,-0.13167208717754647,13.79254200800446,13.793170505040145
1199,1.0340633728106754,-13.85481576851512,-0.13377581768847319,13.85481576851512,13.855461592776093
1200,1.0332016533333332,-13.917769551641939,-0.13591495662827902,13.917769551641939,13.918433179350567
1201,1.032341368859284,-13.981413999911563,-0.13809032529006104,13.981413999911563,13.982095922102015
1202,1.0314825158069882,-14.045759995075201,-0.14030276893902871,14.045759995075201,14.046460718139173
1203,1.0306250906068162,-14.110818664983825,-0.14255315767575605,14.110818664983825,14.111538711239794
1204,1.0297690897009966,-14.176601390709987,-0.14484238733651988,14.176601390709987,14.177341298997131
1205,1.0289145095435683,-14.243119813923677,-0.14717138043256289,14.243119813923677,14.243880140221755
1206,1.0280613466003317,-14.310385844538313,-0.14954108713026587,14.310385844538313,14.311167162614748
1207,1.0272095973487987,-14.378411668632719,-0.15195248627430075,14.378411668632719,14.379214570718336
1208,1.0263592582781456,-14.447209756665277,-0.15440658645597016,14.447209756665277,14.44803485416011
1209,1.0255103258891645,-14.516792871991811,-0.15690442712905806,14.516792871991811,14.517640796202562
1210,1.0246627966942148,-14.587174079700254,-0.15944707977567929,14.587174079700254,14.588045482611028
1211,1.0238166672171758,-14.658366755776484,-0.16203564912471879,14.658366755776484,14.659262310854544
1212,1.0229719339933994,-14.730384596616453,-0.16467127442565782,14.730384596616453,14.73130499965486
1213,1.022128593569662,-14.803241628900338,-0.16735513078071595,14.803241628900338,14.804187598899393
1214,1.0212866425041185,-14.87695221984448,-0.1700884305384352,14.87695221984448,14.877924499934075
1215,1.0204460773662551,-14.951531087848846,-0.17287242475201342,14.951531087848846,14.95253044625391
1216,1.019606894736842,-15.026993313559068,-0.17570840470592275,15.026993313559068,15.028020544610431
1217,1.0187690912078882,-15.103354351361524,-0.17859770351451776,15.103354351361524,15.104410276554715
1218,1.0179326633825942,-15.180630041331177,-0.18154169779664914,15.180630041331177,15.181715510435755
1219,1.0170976078753076,-15.258836621655263,-0.18454180943046056,15.258836621655263,15.259952513877483
1220,1.0162639213114752,-15.337990741554471,-0.18759950739290582,15.337990741554471,15.339137966756303
1221,1.0154316003276003,-15.418109474725306,-0.1907163096887336,15.418109474725306,15.419288974702935
1222,1.0146006415711948,-15.499210333329799,-0.19389378537405966,15.499210333329799,15.500423083154985
1223,1.0137710417007357,-15.581311282558438,-0.19713355667993432,15.581311282558438,15.58255829198634
1224,1.0129427973856209,-15.664430755794186,-0.20043730124169573,15.664430755794186,15.665713070741463
1225,1.0121159053061224,-15.748587670409407,-0.20380675444028462,15.748587670409407,15.749906374506697
1226,1.0112903621533442,-15.833801444225074,-0.20724371186208501,15.833801444225074,15.835157660448171
1227,1.0104661646291768,-15.920092012666252,-0.21075003188433222,15.920092012666252,15.92148690505064
1228,1.009643309446254,-16.007479846650106,-0.21432763839358371,16.007479846650106,16.008914622093801
1229,1.0088217933279089,-16.095985971243067,-0.21797852364527381,16.095985971243067,16.097461881403049
1230,1.00800161300813,-16.185631985127785,-0.22170475127293354,16.185631985127785,16.187150328415704
1231,1.0071827652315191,-16.276440080920146,-0.22550845945623904,16.276440080920146,16.278002204603307
1232,1.0063652467532467,-16.368433066383858,-0.22939186425772778,16.368433066383858,16.370040368797998
1233,1.0055490543390104,-16.461634386587363,-0.23335726313867428,16.461634386587363,16.463288319468109
1234,1.0047341847649918,-16.556068147056195,-0.2374070386654325,16.556068147056195,16.557770217996644
1235,1.0039206348178138,-16.651759137971681,-0.24154366241830733,16.651759137971681,16.653510913014042
1236,1.0031084012944984,-16.748732859474877,-0.24576969911594593,16.748732859474877,16.750535965844708
1237,1.0022974810024252,-16.847015548135751,-0.25008781096916433,16.847015548135751,16.84887167712791
1238,1.0014878707592891,-16.946634204652582,-0.2545007622791815,16.946634204652582,16.948545114678769
1239,1.0006795673930589,-17.047616622848949,-0.2590114242963466,17.047616622848949,17.049584142657313
1240,0.99987256774193545,-17.149991420043406,-0.26362278035666198,17.149991420043406,17.152017452121644
1241,0.99906686865431094,-17.253788068868843,-0.26833793131473449,17.253788068868843,17.255874593042886
1242,0.99826246698872778,-17.359036930624725,-0.27316010129321455,17.359036930624725,17.361186007866269
1243,0.99745935961383747,-17.465769290251835,-0.2780926437703618,17.465769290251835,17.46798306670874
1244,0.9966575434083601,-17.574017393023176,-0.28313904802905776,17.574017393023176,17.576298104288057
1245,0.99585701526104409,-17.683814483055031,-0.28830294599246642,17.683814483055031,17.686164458688456
1246,0.99505777207062596,-17.795194843743467,-0.29358811947352759,17.795194843743467,17.797616512069531
1247,0.99425981074578984,-17.90819384024531,-0.29899850786771709,17.90819384024531,17.910689733438719
1248,0.99346312820512817,-18.022847964125646,-0.30453821632087075,18.022847964125646,18.025420723611081
1249,0.99266772137710158,-18.139194880306412,-0.31021152440653443,18.139194880306412,18.141847262492568
1250,0.99187358719999996,-18.257273476459623,-0.31602289535016281,18.257273476459623,18.260008358832195
1251,0.99108072262190239,-18.377123914995813,-0.32197698584064804,18.377123914995813,18.379944302595753
1252,0.99028912460063889,-18.49878768781538,-0.32807865647309442,18.49878768781538,18.501696720130916
1253,0.98949879010375097,-18.622307673997348,-0.33433298287057966,18.622307673997348,18.625308632300719
1254,0.98870971610845293,-18.747728200617225,-0.34074526753675816,18.747728200617225,18.750824515779755
1255,0.9879218996015936,-18.875095106897,-0.34732105249576328,18.875095106897,18.87829036771905
1256,0.9871353375796178,-19.004455811909096,-0.35406613278086319,19.004455811909096,19.007753774004644
1257,0.98635002704852814,-19.135859386070614,-0.36098657083889574,19.135859386070614,19.139263981349771
1258,0.9855659650238473,-19.269356626684257,-0.36808871192357162,19.269356626684257,19.272871973480914
1259,0.9847831485305798,-19.405000137802055,-0.37537920055749407,19.405000137802055,19.408630551698099
1260,0.9840015746031745,-19.542844414711411,-0.38286499815015484,19.542844414711411,19.546594420113841
1261,0.98322124028548763,-19.682945933363918,-0.39055340186741083,19.682945933363918,19.686820275896192
1262,0.98244214263074481,-19.825363245099517,-0.39845206485704632,19.825363245099517,19.829366904874487
1263,0.9816642787015043,-19.97015707704135,-0.40656901794510147,19.97015707704135,19.974295282889393
1264,0.98088764556962016,-20.117390438573217,-0.41491269292885502,20.117390438573217,20.121668683306329
1265,0.98011224031620547,-20.267128734343267,-0.42349194760478825,20.267128734343267,20.271552791143765
1266,0.97933806003159551,-20.419439884279022,-0.4323160926837063,20.419439884279022,20.424015824310317
1267,0.97856510181531164,-20.574394451136683,-0.44139492076056563,20.574394451136683,20.579128662483193
1268,0.97779336277602513,-20.73206577615894,-0.45073873752380578,20.73206577615894,20.736964984213223
1269,0.97702284003152085,-20.892530123461967,-0.46035839540811763,20.892530123461967,20.897601412889191
1270,0.97625353070866139,-21.055866833831629,-0.4702653299160916,21.055866833831629,21.061117672255001
1271,0.97548543194335158,-21.222158488670516,-0.48047159885817792,21.222158488670516,21.227596752236447
1272,0.97471854088050303,-21.391491084904317,-0.49098992478737835,21.391491084904317,21.397125085903095
1273,0.97395285467399839,-21.563954221735315,-0.50183374093536037,21.563954221735315,21.569792738471953
1274,0.97318837048665618,-21.739641300211538,-0.51301724099066237,21.739641300211538,21.745693609342904
1275,0.97242508549019602,-21.918649736677772,-0.52455543309807395,21.918649736677772,21.924925648256082
1276,0.97166299686520374,-22.101081191273998,-0.53646419850149374,22.101081191273998,22.107591086763822
1277,0.97090210180109626,-22.287041812767477,-0.54876035530146905,22.287041812767477,22.293796686333991
1278,0.97014239749608755,-22.476642501128865,-0.56146172785391069,22.476642501128865,22.483654004529541
1279,0.9693838811571539,-22.669999189412067,-0.57458722239928117,22.669999189412067,22.677279680863144
1280,0.96862654999999998,-22.867233146652538,-0.58815690958273903,22.867233146652538,22.874795744085986
1281,0.96787040124902413,-23.068471303684817,-0.60219211460686206,23.068471303684817,23.076329942861896
1282,0.96711543213728546,-23.273846603976985,-0.61671551585094542,23.273846603976985,23.282016101981853
1283,0.96636163990646917,-23.483498381810683,-0.63175125289652967,23.483498381810683,23.491994506513095
1284,0.96560902180685348,-23.697572770387318,-0.64732504501955002,23.697572770387318,23.706412316538156
1285,0.96485757509727621,-23.916223142730416,-0.66346432134810596,23.916223142730416,23.925424015439642
1286,0.96410729704510101,-24.139610588577902,-0.6801983640440763,24.139610588577902,24.14919189502271
1287,0.96335818492618486,-24.36790443082532,-0.69755846605012906,24.36790443082532,24.377886581149614
1288,0.96261023602484463,-24.601282785495059,-0.71557810515534848,24.601282785495059,24.611687603991591
1289,0.96186344763382459,-24.839933169680513,-0.73429313637750426,24.839933169680513,24.850784017497826
1290,0.96111781705426347,-25.08405316244778,-0.7537420049438901,25.08405316244778,25.095375073238561
1291,0.96037334159566223,-25.333851124291471,-0.77396598248264792,25.333851124291471,25.345670954421479
1292,0.95963001857585128,-25.589546981434381,-0.79500942942104325,25.589546981434381,25.601893576606905
1293,0.95888784532095894,-25.851373082063063,-0.81692008703643904,25.851373082063063,25.864277462489035
1294,0.95814681916537858,-26.119575132503158,-0.83974940313212421,26.119575132503158,26.133070699068991
1295,0.95740693745173744,-26.394413222391336,-0.86355289592843865,26.394413222391336,26.408535986654254
1296,0.95666819753086418,-26.676162949110065,-0.88839056148828299,26.676162949110065,26.690951790395452
1297,0.95593059676175784,-26.965116653152322,-0.91432733085690865,26.965116653152322,26.980613606552104
1298,0.95519413251155616,-27.261584777697671,-0.94143358411660372,27.261584777697671,27.277835357390437
1299,0.95445880215550416,-27.565897367561845,-0.96978572977033095,27.565897367561845,27.582950930613265
1300,0.95372460307692297,-27.87840572486666,-0.9994668593166316,27.87840572486666,27.896315881548773
1301,0.95299153266717906,-28.199484241320455,-1.0305674886117728,28.199484241320455,28.218309319040788
1302,0.95225958832565283,-28.529532429986595,-1.0631863996987092,28.529532429986595,28.549335999181505
1303,0.95152876745970827,-28.86897718290821,-1.0974315992951751,28.86897718290821,28.889828654777556
1304,0.95079906748466247,-29.218275285074171,-1.1334214131762139,29.218275285074171,29.240250592876635
1305,0.95007048582375475,-29.577916220062463,-1.1712857393857905,29.577916220062463,29.601098597929145
1306,0.94934301990811631,-29.948425308449963,-1.2111674877289,29.948425308449963,29.972906184404902
1307,0.94861666717674054,-30.330367226890594,-1.253224238534782,30.330367226890594,30.356247250114595
1308,0.94789142507645252,-30.724349963906747,-1.2976301605061606,30.724349963906747,30.7517401904034
1309,0.94716729106187925,-31.131029278149981,-1.3445782359176333,31.131029278149981,31.160052544075317
1310,0.94644426259541981,-31.551113736554186,-1.3942828519375658,31.551113736554186,31.581906254819156
1311,0.94572233714721576,-31.985370423834695,-1.4469828299952936,31.985370423834695,32.018083647529885
1312,0.94500151219512185,-32.434631431757296,-1.5029449816507618,32.434631431757296,32.469434237938415
1313,0.94428178522467621,-32.899801257157648,-1.5624683003412914,32.899801257157648,32.936882517172805
1314,0.94356315372907151,-33.38186526272618,-1.625888925001707,33.38186526272618,33.42143688136774
1315,0.94284561520912535,-33.881899385148259,-1.6935860456530163,33.881899385148259,33.924199911557835
1316,0.94212916717325224,-34.401081312660693,-1.7659889650238463,34.401081312660693,34.446380252573398
1317,0.9414138071374335,-34.940703400207823,-1.8435855873685303,34.940703400207823,34.989306393800483
1318,0.94069953262518957,-35.502187647271896,-1.9269326803478832,35.502187647271896,35.55444272234763
1319,0.93998634116755109,-36.087103133921929,-2.01666835434236,36.087103133921929,36.143408304277614
1320,0.93927423030303026,-36.697186398061262,-2.1135273345312839,36.697186398061262,36.7579989570687
1321,0.93856319757759266,-37.334365345584018,-2.2183597767221812,37.334365345584018,37.400213312981563
1322,0.93785324054462926,-38.000787420453008,-2.3321546156814765,38.000787420453008,38.072283747181544
1323,0.93714435676492813,-38.698852929932769,-2.4560687597214246,38.698852929932769,38.776713267695158
1324,0.93643654380664643,-39.431254628660255,-2.5914638941484727,39.431254628660255,39.516319751526908
1325,0.93572979924528299,-40.201024921707614,-2.7399532828553532,40.201024921707614,40.294289282080484
1326,0.93502412066365004,-41.011592358029048,-2.9034618424162124,41.011592358029048,41.114240822512016
1327,0.93431950565184618,-41.866849454167877,-3.0843040283054579,41.866849454167877,41.980305079369991
1328,0.93361595180722889,-42.771234304535156,-3.2852859048000962,42.771234304535156,42.89722120848532
1329,0.93291345673438664,-43.729828862272768,-3.5098404580819711,43.729828862272768,43.870456030965229
1330,0.93221201804511267,-44.748477116682849,-3.7622092108313021,44.748477116682849,44.906351693366851
1331,0.93151163335837706,-45.833926423172187,-4.047689229962911,45.833926423172187,46.012309216851094
1332,0.93081230030030027,-46.993994458747622,-4.3729738514086023,46.993994458747622,47.197017019022567
1333,0.93011401650412595,-48.237761595636371,-4.746629764416447,48.237761595636371,48.470734860097743
1334,0.92941677961019487,-49.575781570951392,-5.1797755667394245,49.575781570951392,49.845643674171505
1335,0.92872058726591755,-51.020287128147203,-5.6870624410343851,51.020287128147203,51.33626766572349
1336,0.92802543712574848,-52.585330783650036,-6.2881138163107497,52.585330783650036,52.95996024349688
1337,0.92733132685115927,-54.286719673854094,-7.0096683189305562,54.286719673854094,54.737403874215993
1338,0.92663825411061274,-56.141423369533427,-7.8887989308088073,56.141423369533427,56.692967522682423
1339,0.92594621657953691,-58.165734545257166,-8.9777405271927897,58.165734545257166,58.854502802784111
1340,0.92525521194029847,-60.370588239631658,-10.350936394988899,60.370588239631658,61.251529031137323
1341,0.92456523788217737,-62.75061731651644,-12.114414811450462,62.75061731651644,63.909303077312487
1342,0.92387629210134126,-65.260239517039878,-14.41477769385623,65.260239517039878,66.833260266013568
1343,0.92318837230081896,-67.767028540652433,-17.435097469340597,67.767028540652433,69.973943586130744
1344,0.92250147619047618,-69.983323853741666,-21.341335545937184,69.983323853741666,73.165006803129401
1345,0.92181560148698882,-71.439322129636167,-26.128072575452762,71.439322129636167,76.067423532350901
1346,0.9211307459138186,-71.653156004821909,-31.425314429839084,71.653156004821909,78.241454181690656
1347,0.92044690720118771,-70.488022062607087,-36.561221391156607,70.488022062607087,79.405819458725759
1348,0.9197640830860534,-68.278229685447855,-40.965380734604324,68.278229685447855,79.624613454068736
1349,0.91908227131208298,-65.538378032863932,-44.448453179180916,65.538378032863932,79.189292112004765
1350,0.91840146962962954,-62.661081347150457,-47.107994082367114,62.661081347150457,78.393712898794007
1351,0.91772167579570685,-59.855559781872159,-49.129486221054762,59.855559781872159,77.436389721797354
1352,0.91704288757396446,-57.207830211726716,-50.681903376596196,57.207830211726716,76.428994284946498
1353,0.91636510273466365,-54.7414078821582,-51.892857962622926,54.7414078821582,75.428711008804655
1354,0.91568831905465287,-52.452466499318177,-52.853024059166302,52.452466499318177,74.462765151859003
1355,0.91501253431734308,-50.326821272403023,-53.625949800753148,50.326821272403023,73.542718411935894
1356,0.91433774631268427,-48.347475269971056,-54.256421753793475,48.347475269971056,72.672124411675057
1357,0.91366395283714064,-46.497755528789853,-54.77642184541773,46.497755528789853,71.850523028035525
1358,0.91299115169366707,-44.762476733785832,-55.209138269157023,44.762476733785832,71.07551105525458
1359,0.91231934069168497,-43.128251650353619,-55.571624561537817,43.128251650353619,70.3438095842466
1360,0.91164851764705879,-41.583454817786674,-55.876560559254884,41.583454817786674,69.651803526649502
1361,0.91097868038207197,-40.118071610638097,-56.133419662576927,40.118071610638097,68.995800399526232
1362,0.91030982672540373,-38.723548405586811,-56.349239903622262,38.723548405586811,68.372143734387919
1363,0.90964195451210561,-37.392720825360044,-56.529136582191398,37.392720825360044,67.777273871492966
1364,0.90897506158357766,-36.119894853934809,-56.676693237088344,36.119894853934809,67.20784448671391
1365,0.90830914578754574,-34.901124673753287,-56.794458851114385,34.901124673753287,66.661076046549056
1366,0.90764420497803799,-33.734480555083678,-56.884925418414113,33.734480555083678,66.13554201924903
1367,0.90698023701536201,-32.619473006431519,-56.952064732948088,32.619473006431519,65.6320630223005
1368,0.90631723976608181,-31.554885221839072,-57.002081873163377,31.554885221839072,65.153266374282865
1369,0.90565521110299485,-30.536680582412657,-57.04165558393457,30.536680582412657,64.701154029495584
1370,0.90499414890510943,-29.558637251488278,-57.075224671197219,29.558637251488278,64.275145331867677
1371,0.9043340510576221,-28.614709245188195,-57.104393019077989,28.614709245188195,63.872633320256817
1372,0.90367491545189493,-27.700327155840135,-57.129196174475823,27.700327155840135,63.490575521744312
1373,0.9030167399854333,-26.812300852752522,-57.149270285469413,26.812300852752522,63.126369855870465
1374,0.90235952256186314,-25.948330333534521,-57.164334661299904,25.948330333534521,62.777997772844913
1375,0.90170326109090904,-25.106631841628925,-57.174283405165738,25.106631841628925,62.443907992095646
1376,0.90104795348837208,-24.285725966580827,-57.179152971636711,24.285725966580827,62.122878396591453
1377,0.90039359767610738,-23.484327459245286,-57.179072046512147,23.484327459245286,61.813913614276913
1378,0.8997401915820028,-22.701287857738237,-57.174221694751822,22.701287857738237,61.516177521043382
1379,0.89908773313995638,-21.935564054118601,-57.164808530979059,21.935564054118601,61.228949891010188
1380,0.89843622028985504,-21.186199580230465,-57.151047906214188,21.186199580230465,60.951598251659867
1381,0.89778565097755247,-20.452312300536875,-57.133153832078889,20.452312300536875,60.683559101610733
1382,0.89713602315484797,-19.7330854921195,-57.111333203553642,19.7330854921195,60.424324930665357
1383,0.89648733477946485,-19.02776084077275,-57.085782695462214,19.02776084077275,60.173434907500315
1384,0.89583958381502882,-18.335632615246858,-57.05668729447062,18.335632615246858,59.930467947616677
1385,0.89519276823104688,-17.656042633674765,-57.02421981362383,17.656042633674765,59.695037371917529
1386,0.8945468860028859,-16.988375808533767,-56.988540980592433,16.988375808533767,59.466786660358892
1387,0.89390193511175187,-16.332056142682525,-56.949799843652457,16.332056142682525,59.245385981355639
1388,0.89325791354466855,-15.686543093210872,-56.908134334592958,15.686543093210872,59.030529284932214
1389,0.89261481929445641,-15.051328243175078,-56.863671886873803,15.051328243175078,58.821931814093304
1390,0.89197265035971218,-14.425932234072661,-56.816530043816229,14.425932234072661,58.619327930657207
1391,0.89133140474478789,-13.80990191920095,-56.766817013677823,13.80990191920095,58.422469178239389
1392,0.89069108045977008,-13.202807702274146,-56.71463214128336,13.202807702274146,58.231122521760831
1393,0.89005167552045938,-12.604241028010843,-56.660066272293733,12.604241028010843,58.045068712793416
1394,0.88941318794835,-12.013811992647355,-56.603201988007143,12.013811992647355,57.864100735169231
1395,0.88877561577060926,-11.431147042601172,-56.544113686752254,11.431147042601172,57.688022286519171
1396,0.8881389570200573,-10.855886728968077,-56.482867482517293,10.855886728968077,57.516646248888634
1397,0.88750320973514663,-10.287683484418814,-56.419520882177565,10.287683484418814,57.349793095093673
1398,0.88686837195994273,-9.7261993874009463,-56.354122188701552,9.7261993874009463,57.18728916623504
1399,0.88623444174410282,-9.171103876625196,-56.286709557267841,9.171103876625196,57.028964738105465
1400,0.88560141714285712,-8.6220713773018218,-56.217309601628898,8.6220713773018218,56.874651767555328
1401,0.88496929621698783,-8.0787788007867363,-56.145935405129308,8.0787788007867363,56.724181170194022
1402,0.8843380770328102,-7.5409028838441685,-56.072583727901574,7.5409028838441685,56.577379421692044
1403,0.88370775766215248,-7.0081173481803916,-55.997231108768091,7.0081173481803916,56.434064186576634
1404,0.88307833618233611,-6.4800898959133058,-55.919828421565327,6.4800898959133058,56.294038545448338
1405,0.88244981067615647,-5.9564791337046792,-55.840293236587698,5.9564791337046792,56.157083190087079
1406,0.88182217923186335,-5.4369316805550731,-55.75849902145761,5.4369316805550731,56.022945649304383
1407,0.88119543994314142,-4.9210800496000751,-55.674259738295703,4.9210800496000751,55.891325143190024
1408,0.88056959090909082,-4.4085425818435429,-55.587307686385074,4.4085425818435429,55.761850969249338
1409,0.87994463023420855,-3.8989281184282927,-55.497261441420505,3.8989281184282927,55.634051335221407
1410,0.87932055602836878,-3.3918509844569442,-55.4035795145669,3.3918509844569442,55.507308312759122
1411,0.87869736640680363,-2.8869677314729003,-55.305494472660769,2.8869677314729003,55.380793616091097
1412,0.87807505949008491,-2.3840587132993285,-55.201924065949541,2.3840587132993285,55.25338140359662
1413,0.87745363340410465,-1.8831987650372692,-55.091368096166249,1.8831987650372692,55.123545570798719
1414,0.87683308628005652,-1.38509116776138,-54.971843830315805,1.38509116776138,54.98929069962297
1415,0.87621341625441684,-0.89164301200906948,-54.841033570783054,0.89164301200906948,54.848281562621622
1416,0.87559462146892653,-0.40668527597851956,-54.697037144864595,0.40668527597851956,54.69854902408651
1417,0.8749767000705716,0.063898675151958351,-54.540135426818892,0.063898675151958351,54.540172858329221
1418,0.87435965021156548,0.51406023654025912,-54.37480297694691,0.51406023654025912,54.377232889404979
1419,0.87374347004933051,0.94132297574590229,-54.209281588936236,0.94132297574590229,54.217453825620105
1420,0.87312815774647878,1.3487703306148116,-54.051683664372689,1.3487703306148116,54.068509211537915
1421,0.87251371147079515,1.7428609561525104,-53.906231736330767,1.7428609561525104,53.934398896469354
1422,0.87190012939521799,2.129736742329488,-53.773028620487551,2.129736742329488,53.815187313725865
1423,0.87128740969782148,2.5134750457264312,-53.650101024123202,2.5134750457264312,53.708946151494303
1424,0.87067555056179768,2.8962796501654964,-53.535102874891379,2.8962796501654964,53.613390823908595
1425,0.87006455017543849,3.2792018444432687,-53.426020428520744,3.2792018444432687,53.52656185077943
1426,0.86945440673211771,3.6627040963107702,-53.321298674826167,3.6627040963107702,53.446948403694201
1427,0.86884511843027323,4.0469867401966848,-53.219767296914156,4.0469867401966848,53.373417848335521
1428,0.86823668347338934,4.4321566883626797,-53.120529782461631,4.4321566883626797,53.30510948567305
1429,0.86762910006997895,4.8183101179319632,-53.022863990769721,4.8183101179319632,53.241339372486024
1430,0.86702236643356634,5.2055713440465059,-52.926140488020593,5.2055713440465059,53.181522354814653
1431,0.86641648078266942,5.5941089963541426,-52.829752889715976,5.5941089963541426,53.12510560790956
1432,0.86581144134078203,5.9841382139335648,-52.733051828915634,5.9841382139335648,53.071505210937467
1433,0.86520724633635726,6.3759095079992854,-52.635273728617221,6.3759095079992854,53.020036425304887
1434,0.86460389400278936,6.769677347356593,-52.535455365445799,6.769677347356593,52.969827277819782
1435,0.8640013825783972,7.1656306784373012,-52.432326028391685,7.1656306784373012,52.919704040813777
1436,0.86339971030640661,7.5637490142566293,-52.32417533486155,7.5637490142566293,52.868039717999771
1437,0.86279887543493383,7.9635173824430741,-52.208719854515394,7.9635173824430741,52.812574619570889
1438,0.862198876216968,8.3633997774830142,-52.083068982224319,8.3633997774830142,52.750284648001092
1439,0.86159971091035437,8.7600038078477152,-51.944075726684261,8.7600038078477152,52.677553756918279
1440,0.86100137777777774,9.1472053377533857,-51.789620678077583,9.1472053377533857,52.591217664836265
1441,0.86040387508674521,9.5164176854145648,-51.621156959355801,9.5164176854145648,52.491009243352508
1442,0.85980720110956999,9.8596808689392663,-51.445997739315672,9.8596808689392663,52.382286989315382
1443,0.85921135412335403,10.174501585372921,-51.275924662819406,10.174501585372921,52.275624649906263
1444,0.85861633240997226,10.465717148404416,-51.121830376871117,10.465717148404416,52.182111652480948
1445,0.85802213425605534,10.742243879189189,-50.989225107345931,10.742243879189189,52.108510635092749
1446,0.85742875795297369,11.012376551022843,-50.878250034843248,11.012376551022843,52.056399836230945
1447,0.85683620179682096,11.281644927315305,-50.786360086543652,11.281644927315305,52.024320111906256
1448,0.85624446408839772,11.553073355264551,-50.710523579522999,11.553073355264551,52.009909687111374
1449,0.85565354313319519,11.828112144168724,-50.648163541916347,11.828112144168724,52.010967180621975
1450,0.85506343724137923,12.107382615351483,-50.59735188839953,12.107382615351483,52.025769882943997
1451,0.85447414472777394,12.391120373645609,-50.556732235148729,12.391120373645609,52.053079048320491
1452,0.85388566391184562,12.679409645975777,-50.525387846698067,12.679409645975777,52.092055498220923
1453,0.8532979931176875,12.972300379398341,-50.502724379191164,12.972300379398341,52.142168605207516
1454,0.85271113067400273,13.269864703491617,-50.488380915842569,13.269864703491617,52.203121714627265
1455,0.85212507491408929,13.572223188898175,-50.482166090096726,13.572223188898175,52.274796369162232
1456,0.85153982417582408,13.879556448001786,-50.484012996549865,13.879556448001786,52.357212067002607
1457,0.85095537680164712,14.192109874991065,-50.493947344693623,14.192109874991065,52.450497625404005
1458,0.85037173113854592,14.510195405462575,-50.51206474678969,14.510195405462575,52.554870903547858
1459,0.84978888553803966,14.834192208936063,-50.538514274128048,14.834192208936063,52.670624483936997
1460,0.84920683835616428,15.164547246419364,-50.573486320877606,15.164547246419364,52.798115608768462
1461,0.84862558795345644,15.501776144387083,-50.617203439251739,15.501776144387083,52.937759186060063
1462,0.84804513269493842,15.8464646049122,-50.669913237053137,15.8464646049122,53.090023054480092
1463,0.8474654709501025,16.199270460012972,-50.731882718360424,16.199270460012972,53.255424959210742
1464,0.84688660109289615,16.56092642752629,-50.803393638530295,16.56092642752629,53.434530870303327
1465,0.84630852150170643,16.932243612511279,-50.88473856677075,16.932243612511279,53.627954396583462
1466,0.84573123055934507,17.314115808655906,-50.97621742999452,17.314115808655906,53.836357136285002
1467,0.84515472665303337,17.70752467554582,-51.078134367194195,17.70752467554582,54.060449873897731
1468,0.84457900817438691,18.113545891725252,-51.190794759365161,18.113545891725252,54.300994584510924
1469,0.84400407351940088,18.533356409867338,-51.314502316692085,18.533356409867338,54.558807243422834
1470,0.84342992108843529,18.968242973057407,-51.449556105342751,18.968242973057407,54.834761464984538
1471,0.8428565492861998,19.419612091796004,-51.5962473864288,19.419612091796004,55.129793017545339
1472,0.84228395652173904,19.889001727955417,-51.754856122485592,19.889001727955417,55.444905284379367
1473,0.84171214120841809,20.378094983473744,-51.925646980576005,20.378094983473744,55.781175763037481
1474,0.84114110176390766,20.888736150787565,-52.108864621879448,20.888736150787565,56.139763716625836
1475,0.8405708366101694,21.422949554871082,-52.304728012925722,21.422949554871082,56.521919112293844
1476,0.84000134417344163,21.982961709021161,-52.513423421716837,21.982961709021161,56.928993008561186
1477,0.83943262288422471,22.57122742341776,-52.735095668812448,22.57122742341776,57.362449586802406
1478,0.83886467117726649,23.190460653368298,-52.969837079389251,23.190460653368298,57.823880062933029
1479,0.83829748749154831,23.843671063572536,-53.217673411808534,23.843671063572536,58.3150187614971
1480,0.83773107027027016,24.534207530320337,-53.478545799593959,24.534207530320337,58.837761683973802
1481,0.83716541796083721,25.265810123179214,-53.752287406413075,25.265810123179214,59.394187953049574
1482,0.83660052901484472,26.042672521690044,-54.038593011634447,26.042672521690044,59.986584556457764
1483,0.83603640188806472,26.869517353368337,-54.336979047115676,26.869517353368337,60.617474830032712
1484,0.83547303504043124,27.751687612196967,-54.646730587775053,27.751687612196967,61.289651077957977
1485,0.83491042693602691,28.695258156496294,-54.966830298825144,28.695258156496294,62.00621157406578
1486,0.83434857604306856,29.707172306827232,-55.295862117767555,29.707172306827232,62.770601827724136
1487,0.83378748083389365,30.795409754113798,-55.631879125350324,30.795409754113798,63.586659268602538
1488,0.83322713978494622,31.969193261225172,-55.97222005599869,31.969193261225172,64.458659121724736
1489,0.83266755137676285,33.239242757491539,-56.31325130675549,33.239242757491539,65.391356705831186
1490,0.8321087140939597,34.618085809185459,-56.649999700272957,34.618085809185459,66.390016803229187
1491,0.83155062642521793,36.120431812911107,-56.975623413530471,36.120431812911107,67.460412522542455
1492,0.83099328686327067,37.763610823540745,-57.280640957272823,37.763610823540745,68.608761327601911
1493,0.83043669390488939,39.568060796620244,-57.55179573753486,39.568060796620244,69.841539414734925
1494,0.82988084605087009,41.557806818675502,-57.770369447011404,41.557806818675502,71.16506793099083
1495,0.82932574180602003,43.760786894657571,-57.909663418197994,43.760786894657571,72.584678733522068
1496,0.82877137967914427,46.208688494455103,-57.931240852526003,46.208688494455103,74.103114368364871
1497,0.82821775818303267,48.935564673213946,-57.779391075800902,48.935564673213946,75.717550957335163
1498,0.82766487583444592,51.97370990068417,-57.373266473690876,51.97370990068417,77.414199128464915
1499,0.82711273115410266,55.34381935114925,-56.596675628494381,55.34381935114925,79.158840520624437
1500,0.8265613226666666,59.034214482580765,-55.287755086916874,59.034214482580765,80.881236032384237
1501,0.82601064890073284,62.962177061837622,-53.237211028872181,62.962177061837622,82.452631119321225
1502,0.8254607083888148,66.915706569830064,-50.217344953955902,66.915706569830064,83.662975801510896
1503,0.8249114996673319,70.50268557618881,-46.077184985149898,70.50268557618881,84.224317448173267
1504,0.82436302127659566,73.192736553947071,-40.907576990543561,73.192736553947071,83.848712211296061
1505,0.82381527176079727,74.536349173436804,-35.15139136644062,74.536349173436804,82.409269279014794
1506,0.82326824966799461,74.43819699588451,-29.46019389560351,74.43819699588451,80.055906692539963
1507,0.82272195355009947,73.186788961598211,-24.366503883371642,73.186788961598211,77.13645435206287
1508,0.82217638196286469,71.223458568789113,-20.101168701875665,71.223458568789113,74.005662173115411
1509,0.82163153346587137,68.926015039437317,-16.6518750877797,68.926015039437317,70.908959188213714
1510,0.82108740662251645,66.540212555723599,-13.896613394687186,66.540212555723599,67.975846819309851
1511,0.82054399999999994,64.201304079245233,-11.693519927931977,64.201304079245233,65.257534842963949
1512,0.82000131216931216,61.974101376123855,-9.9180792328057983,61.974101376123855,62.762708171702492
1513,0.81945934170522139,59.883929887360239,-8.4717078811583875,59.883929887360239,60.48020248955816
1514,0.81891808718626147,57.935621557053437,-7.2795082857698965,57.935621557053437,58.391159314443371
1515,0.81837754719471945,56.124086825230748,-6.2853579201657972,56.124086825230748,56.474939983594759
1516,0.81783772031662261,54.43991691355015,-5.4472245029848487,54.43991691355015,54.71176115187815
1517,0.81729860514172703,52.872254505544589,-4.7334374570724158,52.872254505544589,53.083714326138633
1518,0.8167602002635046,51.410210026615545,-4.1199135126934472,51.410210026615545,51.575026731285327
1519,0.8162225042791309,50.043516578593596,-3.5881462024653263,50.043516578593596,50.171987649705869
1520,0.81568551578947368,48.762792179644364,-3.1237607541925421,48.762792179644364,48.86274431921133
1521,0.81514923339907952,47.559603939312041,-2.7154744958369488,47.559603939312041,47.637062552195282
1522,0.81461365571616284,46.426436525330843,-2.3543450014835958,46.426436525330843,46.486094144664207
1523,0.81407878135259348,45.356618446530703,-2.0332224020326493,45.356618446530703,45.402167682174564
1524,0.81354460892388447,44.344233820201424,-1.7463474640143808,44.344233820201424,44.378607487907566
1525,0.81301113704918027,43.384033647254213,-1.4890548678808386,43.384033647254213,43.409580277925357
1526,0.81247836435124499,42.471353549084625,-1.2575535673568687,42.471353549084625,42.489967207166856
1527,0.81194628945645053,41.602041502541894,-1.048764802391938,41.602041502541894,41.615258797584744
1528,0.81141491099476437,40.772397897950924,-0.86020443075811048,40.772397897950924,40.781471062377449
1529,0.81088422759973833,39.979130691421105,-0.68990043473368878,39.979130691421105,39.985082886641301
1530,0.8103542379084967,39.219330597798233,-0.53633880150978097,39.219330597798233,39.222997741750923
1531,0.80982494056172427,38.490475460730167,-0.39843040764832072,38.490475460730167,38.492537562270563
1532,0.80929633420365532,37.790478770822119,-0.27548520050261338,37.790478770822119,37.79148287410343
1533,0.8087684174820613,37.117801263584596,-0.1671619192447773,37.117801263584596,37.118177672808883
1534,0.80824118904823983,36.471631262440084,-0.073323864588135557,36.471631262440084,36.471704968818159
1535,0.80771464755700317,35.852066888561779,0.0063157265196220891,35.852066888561779,35.85206744485329
1536,0.80718879166666657,35.260054757425536,0.072835301905041838,35.260054757425536,35.260129983847911
1537,0.80666362003903702,34.69669425194212,0.12877245272131077,34.69669425194212,34.696933212566975
1538,0.80613913133940174,34.161943381133725,0.17803428666349763,34.161943381133725,34.162407289051131
1539,0.80561532423651716,33.653782281271177,0.22462305414997985,33.653782281271177,33.654531899161185
1540,0.8050921974025973,33.168777745263384,0.27120813453491266,33.168777745263384,33.16988650820074
1541,0.80456974951330296,32.703364612348238,0.31879035255286592,32.703364612348238,32.704918349646917
1542,0.80404797924773019,32.254661105119098,0.36727456517939228,32.254661105119098,32.256752062356036
1543,0.80352688528839922,31.820599860502796,0.41613213985952502,31.820599860502796,31.823320716733107
1544,0.80300646632124351,31.399742289173815,0.46478766436045937,31.399742289173815,31.4031820585028
1545,0.80248672103559859,30.991059994933508,0.51276778694781999,30.991059994933508,30.995301747408423
1546,0.80196764812419141,30.593775062215187,0.55972959726221516,30.593775062215187,30.598894911082514
1547,0.80144924628312852,30.207260871258924,0.60544462211695071,30.207260871258924,30.213327730237545
1548,0.80093151421188624,29.83098448437422,0.64977268720803005,29.83098448437422,29.838060256189859
1549,0.80041445061329886,29.464473967779085,0.69263782769013815,29.464473967779085,29.472613955302279
1550,0.79989805419354831,29.107299865702579,0.73400928383191344,29.107299865702579,29.11655328332461
1551,0.79938232366215334,28.759064536207283,0.77388743761690071,28.759064536207283,28.769475051933718
1552,0.79886725773195866,28.419395831497397,0.81229370928097477,28.419395831497397,28.431002101534673
1553,0.79835285511912424,28.087943186739416,0.84926340086827601,28.087943186739416,28.100779362600523
1554,0.79783911454311451,27.764375055274684,0.88484066221392021,27.764375055274684,27.778471253966917
1555,0.79732603472668806,27.448377106185355,0.91907496369584329,27.448377106185355,27.463759840055637
1556,0.79681361439588683,27.139650861590653,0.95201863302736855,27.139650861590653,27.156343427764156
1557,0.79630185228002559,26.837912594593746,0.98372514295227731,26.837912594593746,26.855935425747699
1558,0.79579074711168163,26.542892388040755,1.0142479296765137,26.542892388040755,26.562263367152372
1559,0.79528029762668373,26.254333298179347,1.0436395873196536,26.254333298179347,26.275068040256521
1560,0.79477050256410253,25.971990591774691,1.0719513293725076,25.971990591774691,25.994102695645733
1561,0.79426136066623954,25.695631038837639,1.0992326400743433,25.695631038837639,25.719132311978978
1562,0.79375287067861711,25.425032250684644,1.1255310609193283,25.425032250684644,25.449932909881088
1563,0.79324503134996793,25.159982057184102,1.1508920731988526,25.159982057184102,25.186290907594508
1564,0.79273784143222503,24.900277919314014,1.1753590485473826,24.900277919314014,24.928002514282593
1565,0.79223129968051109,24.645726374331879,1.1989732473491739,24.645726374331879,24.674873158058926
1566,0.79172540485312892,24.396142511463815,1.2217738504603082,24.396142511463815,24.426716946436343
1567,0.79122015571155069,24.151349476299202,1.2437980137466587,24.151349476299202,24.183356157186658
1568,0.79071555102040814,23.911178002194653,1.2650809378624825,23.911178002194653,23.944620757739735
1569,0.79021158954748238,23.675465967021815,1.2856559477852179,23.675465967021815,23.710347951299315
1570,0.78970827006369426,23.444057973575873,1.3055545781565092,23.444057973575873,23.4803817478535
1571,0.78920559134309354,23.216804951951445,1.3248066615919867,23.216804951951445,23.254572558263799
1572,0.78870355216284982,22.993563782152407,1.3434404179290662,22.993563782152407,23.03277680959107
1573,0.78820215130324212,22.774196935190368,1.3614825429318329,22.774196935190368,22.814856579815324
1574,0.78770138754764929,22.558572130884599,1.3789582954223514,22.558572130884599,22.600679250076482
1575,0.78720125968253962,22.346562010579156,1.3958915820347131,22.346562010579156,22.39011717257091
1576,0.78670176649746182,22.138043822965585,1.4123050390150753,22.138043822965585,22.183047352218587
1577,0.78620290678503479,21.932899121181954,1.4282201105756276,21.932899121181954,21.979351140199675
1578,0.78570467934093779,21.73101346934547,1.4436571233718238,21.73101346934547,21.778913937447307
1579,0.78520708296390118,21.532276156652209,1.4586353566702206,21.532276156652209,21.581624906157128
1580,0.78471011645569611,21.336579917149521,1.4731731077555721,21.336579917149521,21.387376687343458
1581,0.78421377862112585,21.143820653249641,1.487287752049649,21.143820653249641,21.196065122427392
1582,0.78371806826801516,20.953897160985619,1.500995797341484,20.953897160985619,21.007588976767369
1583,0.78322298420720149,20.766710854964657,1.5143129313935737,20.766710854964657,20.821849662983659
1584,0.78272852525252523,20.582165490829659,1.5272540620700192,20.582165490829659,20.63875096177113
1585,0.78223469022082015,20.400166882950778,1.5398333489435325,20.400166882950778,20.458198737786287
1586,0.78174147793190407,20.220622614834241,1.5520642251376366,20.220622614834241,20.280100647938067
1587,0.78124888720856955,20.043441739522741,1.5639594079107915,20.043441739522741,20.10436583917123
1588,0.78075691687657423,19.86853446692399,1.5755308961644745,19.86853446692399,19.930904632457487
1589,0.7802655657646318,19.695811834584795,1.5867899526396851,19.695811834584795,19.759628189244065
1590,0.77977483270440251,19.525185357894415,1.5977470680831856,19.525185357894415,19.590448156019885
1591,0.77928471653048392,19.356566655009665,1.6084119039336051,19.356566655009665,19.423276281887858
1592,0.77879521608040192,19.189867040944826,1.6187932092044179,19.189867040944826,19.258024003082632
1593,0.77830633019460127,19.024997084174601,1.6288987060174365,19.024997084174601,19.094601987140695
1594,0.77781805771643653,18.861866117792189,1.6387349366142574,18.861866117792189,18.932919627938983
1595,0.77733039749216293,18.700381695609657,1.6483070624783811,18.700381695609657,18.772884480913124
1596,0.77684334837092728,18.540448981622035,1.6576186032380043,18.540448981622035,18.614401625460061
1597,0.77635690920475886,18.381970058857704,1.6666710989342897,18.381970058857704,18.457372938659606
1598,0.77587107884856066,18.224843140810499,1.6754636737604447,18.224843140810499,18.301696260981885
1599,0.77538585616010003,18.068961665354458,1.6839924717262604,18.068961665354458,18.147264430455618
1600,0.77490123999999994,17.914213247303834,1.6922499242758668,17.914213247303834,17.993964156796796
1601,0.77441722923173006,17.760478461755497,1.7002237953229606,17.760478461755497,17.841674701234279
1602,0.77393382272159794,17.607629426370806,1.7078959289343811,17.607629426370806,17.690266321355082
1603,0.77345101933873983,17.455528147550432,1.7152405964093256,17.455528147550432,17.539598433644255
1604,0.77296881795511219,17.304024594519298,1.7222222994021319,17.304024594519298,17.389517440581457
1605,0.77248721744548277,17.152954469461548,1.728792828672943,17.152954469461548,17.239854166317414
1606,0.77200621668742209,17.002136656320531,1.7348872969071112,17.002136656320531,17.090420849504202
1607,0.77152581456129432,16.851370365527359,1.7404187480282471,16.851370365527359,16.941007662316366
1608,0.77104600995024875,16.70043206481683,1.7452707802462648,16.70043206481683,16.791378777454323
1609,0.7705668017402113,16.549072430734881,1.7492873864694858,16.549072430734881,16.641268121094935
1610,0.77008818881987573,16.397013832281957,1.7522588919596598,16.397013832281957,16.490375187984579
1611,0.76961017008069521,16.243949378338691,1.7539024381871353,16.243949378338691,16.338361765143674
1612,0.7691327444168734,16.089545523232772,1.7538349370965209,16.089545523232772,16.184851316300691
1613,0.76865591072535644,15.933451978623964,1.7515359138301723,15.933451978623964,16.029434488232976
1614,0.76817966790582404,15.775325800622362,1.746297553918962,15.775325800622362,15.871687347683135
1615,0.76770401486068107,15.614881843485989,1.7371606429454745,15.614881843485989,15.711214532474157
1616,0.76722895049504947,15.451990098848619,1.7228405656672763,15.451990098848619,15.547738666109115
1617,0.76675447371675942,15.286851021031637,1.7016628604572372,15.286851021031637,15.381270124078686
1618,0.76628058343634109,15.120285339458462,1.6715631910291942,15.120285339458462,15.212401265028682
1619,0.76580727856701658,14.954148542831398,1.630271663289256,14.954148542831398,15.042750557567267
1620,0.7653345580246913,14.791761829247001,1.5758741554275599,14.791761829247001,14.875469651977818
1621,0.76486242072794564,14.637984513082991,1.5078893330949041,14.637984513082991,14.7154449761507
1622,0.76439086559802705,14.498309290337822,1.4285484781517455,14.498309290337822,14.568518216782572
1623,0.76391989155884155,14.37679889061581,1.343180216335411,14.37679889061581,14.439407170475068
1624,0.7634494975369458,14.274091320269115,1.2586779868679097,14.274091320269115,14.329478472505828
1625,0.76297968246153836,14.187292229889209,1.1808607028288307,14.187292229889209,14.236351106086143
1626,0.76251044526445255,14.111756207253954,1.112843257597331,14.111756207253954,14.155567221731186
1627,0.76204178488014751,14.043018114979553,1.0552033360798829,14.043018114979553,14.082606713890648
1628,0.76157370024570015,13.977729136192309,1.0070224723557566,13.977729136192309,14.013957544697675
1629,0.76110619030079796,13.913725016209533,0.96682191563250219,13.913725016209533,13.947275305350585
1630,0.76063925398773002,13.84974245580684,0.9330942320334692,13.84974245580684,13.881139396246713
1631,0.76017289025137946,13.785106811500903,0.90452058188778561,13.785106811500903,13.814750351980566
1632,0.75970709803921566,13.719496947523432,0.88002157625668209,13.719496947523432,13.747691968755413
1633,0.75924187630128592,13.652792204198001,0.85873928031649838,13.652792204198001,13.679772224805799
1634,0.75877722399020797,13.584979551032191,0.83999857427768343,13.584979551032191,13.610924546361696
1635,0.75831314006116202,13.516099336554912,0.82326768747197931,13.516099336554912,13.541148805062871
1636,0.75784962347188256,13.446214332860219,0.80812443784338972,13.446214332860219,13.470476791571086
1637,0.75738667318265118,13.375392421800782,0.79422928399642212,13.375392421800782,13.398952294590918
1638,0.75692428815628809,13.303697137229733,0.78130440204451812,13.303697137229733,13.326619754753594
1639,0.75646246735814515,13.231182676272809,0.76911753658122584,13.231182676272809,13.253517902729769
1640,0.75600120975609753,13.157891419022857,0.75746942672303685,13.157891419022857,13.179676267921584
1641,0.75554051432053615,13.083852830977548,0.74618380190382616,13.083852830977548,13.105113321482682
1642,0.75508038002436051,13.009083111819393,0.73509913908732916,13.009083111819393,13.029835538275666
1643,0.75462080584297009,12.93358524688205,0.72406152889155406,12.93358524688205,12.953836977358707
1644,0.75416179075425782,12.85734930343126,0.71291810342807282,12.85734930343126,12.877099181595199
1645,0.75370333373860177,12.780352948650741,0.70151053546986786,12.780352948650741,12.799591342049201
1646,0.75324543377885778,12.702562289499678,0.68966813108948688,12.702562289499678,12.721270803251528
1647,0.75278808986035206,12.623933281369588,0.6772000100219141,12.623933281369588,12.642084137753727
1648,0.75233130097087375,12.544414164461887,0.66388580466556979,12.544414164461887,12.56196923619814
1649,0.75187506610066701,12.463949726615123,0.64946422259864134,12.463949726615123,12.480859207763897
1650,0.75141938424242416,12.382488761027901,0.63361875309827687,12.382488761027901,12.398689472733
1651,0.75096425439127801,12.299997037469701,0.61595988288466375,12.299997037469701,12.315410415373362
1652,0.75050967554479409,12.216479620405735,0.59600371155741594,12.216479620405735,12.231009555223922
1653,0.75005564670296421,12.13201862920566,0.57314842892712536,12.13201862920566,12.14554960226069
1654,0.74960216686819825,12.046835512754559,0.54665402238092686,12.046835512754559,12.05923200255927
1655,0.74914923504531716,11.961389419914493,0.51563930039182371,11.961389419914493,11.972498517141313
1656,0.74869685024154586,11.876520480445741,0.47912728003754368,11.876520480445741,11.886181122333754
1657,0.74824501146650568,11.793625849043025,0.43619564235104979,11.793625849043025,11.801689595376669
1658,0.74779371773220737,11.71479434684808,0.3863059211877517,11.71479434684808,11.721162009531669
1659,0.7473429680530439,11.642715104275702,0.32983017974670226,11.642715104275702,11.647386099327234
1660,0.74689276144578309,11.580116645148415,0.26857398149491163,11.580116645148415,11.583230702130532
1661,0.74644309692956046,11.528746705750773,0.20579587902486096,11.528746705750773,11.530583356846389
1662,0.74599397352587238,11.488498295103675,0.14534902384590809,11.488498295103675,11.489417714372344
1663,0.74554539025856881,11.457456175982035,0.09038062140557479,11.457456175982035,11.457812648200987
1664,0.74509734615384615,11.432821286874436,0.042543090977386511,11.432821286874436,11.432900440929201
1665,0.74464984024024017,11.41191240754263,0.0020794133683375016,11.41191240754263,11.41191259699203
1666,0.74420287154861942,11.392684374861325,-0.031632206651381667,11.392684374861325,11.392728288768543
1667,0.74375643911217748,11.373790068138916,-0.059559466878607581,11.373790068138916,11.373946010254768
1668,0.74331054196642676,11.354434335486264,-0.082700762371587411,11.354434335486264,11.354735509687851
1669,0.74286517914919104,11.334196333860064,-0.10194496342172599,11.334196333860064,11.334654794481127
1670,0.74242034970059878,11.312887947473186,-0.11803166182927161,11.312887947473186,11.313503665323056
1671,0.74197605266307598,11.290457580990978,-0.13155676279851058,11.290457580990978,11.291224006722862
1672,0.74153228708133967,11.266929691764844,-0.1429937556080354,11.266929691764844,11.267837054790736
1673,0.74108905200239084,11.242368393544016,-0.15271737085226211,11.242368393544016,11.243405609134514
1674,0.74064634647550776,11.21685616104125,-0.16102465779844921,11.21685616104125,11.218011903983172
1675,0.74020416955223878,11.190481676189371,-0.16815220437040779,11.190481676189371,11.191744962648349
1676,0.73976252028639611,11.163333103025064,-0.17428965651635897,11.163333103025064,11.164693585292154
1677,0.73932139773404881,11.13549454685791,-0.17959013856420414,11.13549454685791,11.1369426424388
1678,0.73888080095351605,11.10704436042402,-0.18417822686817609,11.10704436042402,11.108571287239386
1679,0.73844072900536029,11.078054505563653,-0.18815604503555461,11.078054505563653,11.079652265550692
1680,0.73800118095238088,11.048590503706045,-0.19160793536118437,11.048590503706045,11.050251839640433
1681,0.73756215585960727,11.018711701009998,-0.19460405595607133,11.018711701009998,11.020430040999726
1682,0.73712365279429248,10.988471688153695,-0.19720316709017405,10.988471688153695,10.990241086093866
1683,0.73668567082590608,10.957918782494026,-0.1994548037575834,10.957918782494026,10.959733859107955
1684,0.7362482090261282,10.927096520540161,-0.20140098139015561,10.927096520540161,10.928952407459088
1685,0.73581126646884265,10.896044132498876,-0.20307754442748971,10.896044132498876,10.897936420552924
1686,0.73537484223013039,10.864796984713564,-0.20451523994224186,10.864796984713564,10.866721676863248
1687,0.73493893538826316,10.833386983979633,-0.2057405782028896,10.833386983979633,10.83534045289665
1688,0.73450354502369664,10.80184294241916,-0.20677652702326765,10.80184294241916,10.80382189249797
1689,0.73406867021906452,10.770190904137142,-0.20764307558282868,10.770190904137142,10.772192337606857
1690,0.73363431005917157,10.73845443620618,-0.20835769506921908,10.73845443620618,10.740475622968042
1691,0.73320046363098756,10.706654887117754,-0.20893571724168747,10.706654887117754,10.708693337927919
1692,0.73276713002364058,10.674811615958482,-0.20939064729515422,10.674811615958482,10.676865058591723
1693,0.73233430832841107,10.642942195515428,-0.20973442382037244,10.642942195515428,10.645008553571856
1694,0.73190199763872488,10.611062592287578,-0.20997763591826879,10.611062592287578,10.613139966335627
1695,0.73147019705014749,10.579187326129976,-0.21012970542168774,10.579187326129976,10.581273976910801
1696,0.73103890566037733,10.54732961196083,-0.21019904054926097,10.54732961196083,10.549423945410178
1697,0.73060812256923979,10.515501485712058,-0.21019316605105354,10.515501485712058,10.517602039584263
1698,0.7301778468786807,10.483713916421934,-0.21011883391391029,10.483713916421934,10.485819348326782
1699,0.7297480776927604,10.451976906150499,-0.20998211791504484,10.451976906150499,10.454085982836924
1700,0.72931881411764699,10.420299579185592,-0.20978849469569039,10.420299579185592,10.422411166926878
1701,0.72889005526161077,10.388690261817722,-0.20954291353605337,10.388690261817722,10.390803317770938
1702,0.72846180023501761,10.35715655380087,-0.20924985662018702,10.35715655380087,10.359270118229173
1703,0.72803404815032291,10.325705392477509,-0.20891339126512432,10.325705392477509,10.327818581737821
1704,0.72760679812206563,10.29434311041588,-0.2085372153330467,10.29434311041588,10.296455110626461
1705,0.72718004926686208,10.263075487305496,-0.20812469684068324,10.263075487305496,10.265185548618494
1706,0.72675380070339968,10.231907796758701,-0.20767890861029092,10.231907796758701,10.234015228171838
1707,0.72632805155243108,10.20084484858744,-0.20720265867055554,10.20084484858744,10.20294901323696
1708,0.72590280093676807,10.169891027054657,-0.20669851700214881,10.169891027054657,10.171991337938589
1709,0.72547804798127558,10.139050325537625,-0.2061688391298917,10.139050325537625,10.141146241624403
1710,0.72505379181286544,10.10832637798638,-0.20561578698601579,10.10832637798638,10.11041740066913
1711,0.72463003156049088,10.077722487518198,-0.20504134740550151,10.077722487518198,10.079808157379574
1712,0.72420676635514014,10.047241652442931,-0.20444734856064395,10.047241652442931,10.049321546299414
1713,0.72378399532983062,10.016886589988342,-0.20383547459741769,10.016886589988342,10.018960318186345
1714,0.72336171761960322,9.9866597579513403,-0.20320727869888122,9.9866597579513403,9.9887269618906345
1715,0.72293993236151599,9.9565633744909583,-0.20256419476885523,9.9565633744909583,9.9586237243535383
1716,0.72251863869463862,9.9265994362357581,-0.20190754790279919,9.9265994362357581,9.9286526289006716
1717,0.72209783576004649,9.8967697348801167,-0.20123856379005634,9.8967697348801167,9.8988154920068769
1718,0.72167752270081487,9.8670758724036638,-0.20055837717210323,9.8670758724036638,9.869113938668681
1719,0.72125769866201273,9.8375192750527276,-0.19986803946550136,9.8375192750527276,9.839549416524811
1720,0.72083836279069757,9.8081012061942374,-0.19916852564406129,9.8081012061942374,9.8101232088366803
1721,0.72041951423590933,9.7788227781441925,-0.19846074046239248,9.7788227781441925,9.7808364464322075
1722,0.72000115214866434,9.7496849630722835,-0.19774552409319435,9.7496849630722835,9.7516901187156613
1723,0.71958327568195002,9.7206886030518831,-0.19702365724155524,9.7206886030518831,9.722685083813813
1724,0.71916588399071923,9.6918344193447865,-0.19629586579162817,9.6918344193447865,9.6938220779485729
1725,0.71874897623188405,9.6631230209771637,-0.19556282503477834,9.6631230209771637,9.6651017240934607
1726,0.71833255156431053,9.6345549126741545,-0.19482516352216306,9.6345549126741545,9.6365245399819912
1727,0.71791660914881295,9.6061305022029373,-0.1940834665801161,9.6061305022029373,9.6080909455184393
1728,0.71750114814814814,9.5778501071777029,-0.1933382795220005,9.5778501071777029,9.5798012696450261
1729,0.71708616772700973,9.5497139613697257,-0.19259011058643977,9.5497139613697257,9.5516557567091755
1730,0.71667166705202312,9.5217222205623031,-0.19183943362852962,9.5217222205623031,9.5236545723710933
1731,0.71625764529173885,9.4938749679881909,-0.19108669058808381,9.4938749679881909,9.4957978090896962
1732,0.71584410161662815,9.4661722193846956,-0.19033229375556499,9.4661722193846956,9.4680854912224373
1733,0.71543103519907669,9.4386139276921099,-0.18957662785491686,9.4386139276921099,9.4405175797650163
1734,0.71501844521337943,9.411199987429363,-0.18882005196009999,9.411199987429363,9.4130939767651682
1735,0.71460633083573477,9.3839302387662826,-0.18806290126049419,9.3839302387662826,9.3858145294301831
1736,0.71419469124423962,9.3568044713208423,-0.18730548868875341,9.3568044713208423,9.3586790339568022
1737,0.71378352561888303,9.3298224276967687,-0.18654810642316932,9.3298224276967687,9.3316872390990326
1738,0.71337283314154198,9.3029838067867168,-0.18579102727593233,9.3029838067867168,9.304838849499335
1739,0.71296261299597463,9.2762882668528484,-0.18503450597670046,9.2762882668528484,9.2781335287952107
1740,0.71255286436781606,9.2497354284060016,-0.1842787803607373,9.2497354284060016,9.2515709025224666
1741,0.71214358644457199,9.2233248768966796,-0.18352407246967034,9.2233248768966796,9.2251505608286415
1742,0.71173477841561417,9.1970561652256855,-0.18277058957196607,9.1970561652256855,9.198872061004451
1743,0.71132643947217433,9.1709288160997069,-0.18201852511007127,9.1709288160997069,9.1727349298587715
1744,0.71091856880733939,9.1449423242283103,-0.18126805957985803,9.1449423242283103,9.1467386659336736
1745,0.71051116561604577,9.1190961583869239,-0.18051936134813179,9.1190961583869239,9.1208827415842109
1746,0.71010422909507442,9.0933897633427385,-0.17977258741299085,9.0933897633427385,9.0951666049199815
1747,0.70969775844304517,9.067822561663462,-0.1790278841115866,9.067822561663462,9.0695896816285106
1748,0.70929175286041179,9.0423939554098283,-0.17828538777943126,9.0423939554098283,9.0441513766813877
1749,0.70888621154945675,9.0171033277226762,-0.17754522536489853,9.0171033277226762,9.0188510759340748
1750,0.70848113371428567,8.9919500443126665,-0.17680751500251596,8.9919500443126665,8.9936881476275321
1751,0.70807651856082232,8.9669334548560933,-0.17607236654799313,8.9669334548560933,8.9686619437951407
1752,0.70767236529680355,8.9420528943040054,-0.17533988207791179,8.9420528943040054,8.9437718015822476
1753,0.70726867313177411,8.9173076841130197,-0.17461015635678151,8.9173076841130197,8.9190170444866865
1754,0.70686544127708095,8.8926971333989435,-0.17388327727380554,8.8926971333989435,8.8943969835215508
1755,0.70646266894586884,8.8682205400207295,-0.17315932625144148,8.8682205400207295,8.8699109183076583
1756,0.7060603553530751,8.8438771915980219,-0.17243837862800132,8.8438771915980219,8.8455581380991184
1757,0.70565849971542394,8.8196663664670041,-0.17172050401600858,8.8196663664670041,8.8213379227466842
1758,0.70525710125142205,8.7955873345792455,-0.17100576663806605,8.7955873345792455,8.7972495436036304
1759,0.70485615918135303,8.7716393583434176,-0.17029422564176411,8.7716393583434176,8.7732922643740903
1760,0.70445567272727272,8.7478216934212085,-0.16958593539519057,8.7478216934212085,8.7494653419151582
1761,0.70405564111300389,8.7241335894688206,-0.16888094576424939,8.7241335894688206,8.7257680269842357
1762,0.70365606356413157,8.7005742908401018,-0.16817930237311318,8.7005742908401018,8.7021995649476143
1763,0.70325693930799771,8.6771430372435461,-0.16748104684896065,8.6771430372435461,8.6787591964426429
1764,0.70285826757369607,8.653839064359687,-0.16678621705195018,8.653839064359687,8.6554461579999575
1765,0.70246004759206793,8.6306616044241373,-0.16609484729151974,8.6306616044241373,8.6322596826310658
1766,0.70206227859569648,8.607609886772547,-0.16540696852993025,8.607609886772547,8.6091990003776058
1767,0.70166495981890209,8.5846831383549613,-0.16472260857369236,8.5846831383549613,8.5862633388297205
1768,0.70126809049773753,8.5618805842180663,-0.16404179225393317,8.5618805842180663,8.5634519236121243
1769,0.70087166986998295,8.539201447957808,-0.16336454159622954,8.539201447957808,8.5407639788402818
1770,0.70047569717514124,8.5166449521467165,-0.16269087598060994,8.5166449521467165,8.5181987275511162
1771,0.70008017165443248,8.4942103187325024,-0.16202081229242049,8.4942103187325024,8.4957553921047904
1772,0.69968509255079003,8.4718967694148155,-0.16135436506456974,8.4718967694148155,8.4734331945644428
1773,0.69929045910885501,8.4497035259975668,-0.16069154661165824,8.4497035259975668,8.4512313570513591
1774,0.69889627057497172,8.4276298107206316,-0.16003236715659647,8.4276298107206316,8.4291491020793323
1775,0.698502526197183,8.4056748465706832,-0.15937683495005617,8.4056748465706832,8.407185652868014
1776,0.69810922522522523,8.3838378575716206,-0.15872495638331136,8.3838378575716206,8.3853402336357235
1777,0.6977163669105233,8.3621180690599815,-0.15807673609478629,8.3621180690599815,8.3636120698770924
1778,0.69732395050618667,8.3405147079401978,-0.15743217707068818,8.3405147079401978,8.3420003886204643
1779,0.6969319752670039,8.3190270029243223,-0.15679128074010557,8.3190270029243223,8.3205044186695893
1780,0.69654044044943819,8.2976541847586347,-0.15615404706496688,8.2976541847586347,8.2991233908321451
1781,0.69614934531162265,8.2763954864329392,-0.15552047462497753,8.2763954864329392,8.2778565381308162
1782,0.6957586891133557,8.2552501433777259,-0.15489056069807788,8.2552501433777259,8.2567030960021395
1783,0.69536847111609645,8.2342173936488763,-0.15426430133639973,8.2342173936488763,8.2356623024828135
1784,0.69497869058295958,8.2132964780995579,-0.15364169143829332,8.2132964780995579,8.2147333983830926
1785,0.69458934677871143,8.1924866405407357,-0.15302272481636686,8.1924866405407357,8.1939156274487388
1786,0.6942004389697648,8.1717871278904504,-0.15240739426193251,8.1717871278904504,8.173208236511643
1787,0.69381196642417453,8.1511971903146971,-0.15179569160605311,8.1511971903146971,8.1526104756319846
1788,0.69342392841163303,8.1307160813557111,-0.1511876077772934,8.1307160813557111,8.1321215982277195
1789,0.69303632420346561,8.1103430580540739,-0.15058313285644026,8.1103430580540739,8.1117408611978448
1790,0.69264915307262565,8.0900773810600199,-0.14998225612836341,8.0900773810600199,8.0914675250347692
1791,0.69226241429369062,8.0699183147372118,-0.14938496613108887,8.0699183147372118,8.0713008539291273
1792,0.69187610714285708,8.0498651272597712,-0.14879125070234606,8.0498651272597712,8.051240115867774
1793,0.69149023089793638,8.0299170907003443,-0.14820109702369799,8.0299170907003443,8.0312845827227743
1794,0.69110478483835003,8.0100734811123075,-0.1476144916622808,8.0100734811123075,8.0114335303344646
1795,0.69071976824512527,7.9903335786062257,-0.14703142061048313,7.9903335786062257,7.9916862385887564
1796,0.69033518040089081,7.9706966674171653,-0.14645186932345894,7.9706966674171653,7.9720419914852076
1797,0.68995102058987201,7.9511620359694639,-0.14587582275479716,7.9511620359694639,7.9525000772025445
1798,0.68956728809788648,7.9317289769346111,-0.14530326539025995,7.9317289769346111,7.9330597881572302
1799,0.68918398221234012,7.9123967872834164,-0.14473418127980026,7.9123967872834164,7.9137204210563104
1800,0.68880110222222213,7.8931647683339321,-0.14416855406798879,7.8931647683339321,7.8944812769459478
1801,0.68841864741810099,7.8740322257949451,-0.14360636702276464,7.8740322257949451,7.8753416612555149
1802,0.68803661709211983,7.8549984698035686,-0.14304760306278869,7.8549984698035686,7.8563008838357513
1803,0.68765501053799216,7.8360628149607727,-0.14249224478336769,7.8360628149607727,7.837358258994823
1804,0.68727382705099771,7.8172245803614189,-0.14194027448102697,7.8172245803614189,7.8185131055288588
1805,0.68689306592797783,7.7984830896209694,-0.1413916741768439,7.7984830896209694,7.7997647467491449
1806,0.68651272646733108,7.7798376708987043,-0.14084642563856636,7.7798376708987043,7.7811125105057908
1807,0.68613280796900933,7.761287656917645,-0.14030451040159975,7.761287656917645,7.7625557292080822
1808,0.68575330973451321,7.7428323849819698,-0.13976590978893561,7.7428323849819698,7.7440937398423006
1809,0.68537423106688777,7.7244711969894126,-0.13923060493000511,7.7244711969894126,7.7257258839845093
1810,0.6849955712707182,7.7062034394433141,-0.13869857677861042,7.7062034394433141,7.7074515078129666
1811,0.68461732965212585,7.6880284634606717,-0.13816980612991969,7.6880284634606717,7.6892699621165237
1812,0.68423950551876378,7.6699456247774194,-0.13764427363657816,7.6699456247774194,7.6711806023002236
1813,0.68386209817981247,7.6519542837528576,-0.1371219598239839,7.6519542837528576,7.6531827883900485
1814,0.68348510694597564,7.6340538053696072,-0.13660284510479459,7.6340538053696072,7.6352758850331588
1815,0.68310853112947656,7.6162435592337339,-0.13608690979265725,7.6162435592337339,7.6174592614983014
1816,0.68273237004405285,7.5985229195712343,-0.13557413411524455,7.5985229195712343,7.599732291672546
1817,0.68235662300495314,7.580891265223066,-0.13506449822660938,7.580891265223066,7.5820943540565748
1818,0.68198128932893287,7.5633479796392677,-0.13455798221886778,7.5633479796392677,7.5645448317590276
1819,0.68160636833424959,7.5458924508706211,-0.13405456613333366,7.5458924508706211,7.5470831124883881
1820,0.68123185934065933,7.5285240715580386,-0.13355422997098487,7.5285240715580386,7.5297085885425847
1821,0.68085776166941236,7.5112422389222928,-0.13305695370244836,7.5112422389222928,7.5124206567989091
1822,0.68048407464324911,7.4940463547507257,-0.13256271727741958,7.4940463547507257,7.4952187187009169
1823,0.68011079758639603,7.476935825383709,-0.13207150063359663,7.476935825383709,7.4781021802450631
1824,0.67973792982456138,7.4599100616993965,-0.13158328370511901,7.4599100616993965,7.4610704519656244
1825,0.67936547068493147,7.4429684790968906,-0.13109804643059403,7.4429684790968906,7.4441229489180127
1826,0.67899341949616643,7.4261104974798187,-0.13061576876061937,7.4261104974798187,7.4272590906625098
1827,0.6786217755883962,7.409335541236949,-0.1301364306649761,7.409335541236949,7.4104783012450177
1828,0.67825053829321658,7.3926430392235751,-0.12966001213937428,7.3926430392235751,7.3937800091785775
1829,0.67787970694368505,7.3760324247408633,-0.12918649321185971,7.3760324247408633,7.377163647422833
1830,0.67750928087431694,7.3595031355147533,-0.12871585394884077,7.3595031355147533,7.360628653363058
1831,0.67713925942108133,7.3430546136752319,-0.12824807446077469,7.3430546136752319,7.3441744687895332
1832,0.67676964192139732,7.3266863057316733,-0.12778313490757809,7.3266863057316733,7.3278005398729871
1833,0.67640042771412978,7.3103976625515763,-0.12732101550369085,7.3103976625515763,7.31150631714344
1834,0.67603161613958551,7.2941881393357768,-0.12686169652283441,7.2941881393357768,7.2952912554654992
1835,0.67566320653950951,7.2780571955946733,-0.12640515830256216,7.2780571955946733,7.2791548140146674
1836,0.67529519825708051,7.262004295122491,-0.12595138124845928,7.262004295122491,7.2630964562516933
1837,0.67492759063690799,7.2460289059724623,-0.1255003458381535,7.2460289059724623,7.2471156498978244
1838,0.67456038302502719,7.2301305004309988,-0.12505203262506903,7.2301305004309988,7.2312118669090495
1839,0.67419357476889608,7.2143085549909589,-0.1246064222419343,7.2143085549909589,7.2153845834494277
1840,0.67382716521739128,7.198562550325212,-0.12416349540410954,7.198562550325212,7.1996332798647167
1841,0.67346115372080384,7.1828919712597035,-0.12372323291266479,7.1828919712597035,7.1839574406554965
1842,0.67309553963083602,7.1672963067464384,-0.12328561565728724,7.1672963067464384,7.1683565544501988
1843,0.67273032230059682,7.1517750498350487,-0.12285062461901847,7.1517750498350487,7.1528301139767319
1844,0.67236550108459869,7.136327697645152,-0.122418240872749,7.136327697645152,7.1373776160348799
1845,0.67200107533875331,7.1209537513390053,-0.12198844558962313,7.1209537513390053,7.1219985614689936
1846,0.67163704442036831,7.1056527160922798,-0.12156122003921721,7.1056527160922798,7.1066924551388198
1847,0.67127340768814292,7.0904241010660005,-0.12113654559160825,7.0904241010660005,7.0914588058914561
1848,0.67091016450216445,7.0752674193774343,-0.12071440371925951,7.0752674193774343,7.076297126532288
1849,0.67054731422390479,7.0601821880722415,-0.12029477599878607,7.0601821880722415,7.0612069337971644
1850,0.67018485621621615,7.0451679280943793,-0.1198776441126051,7.0451679280943793,7.0461877483223248
