wavelength_nm,photon_energy_eV,chi2_real_pm_per_V,chi2_imag_pm_per_V,chi2_abs_real_pm_per_V,chi2_abs_pm_per_V
400,3.0996049599999997,0.31910719945708221,0.0015113537290236509,0.31910719945708221,0.31911077846954067
401,3.0918752718204487,0.32201417803182797,0.0015329334596981509,0.32201417803182797,0.32201782674023754
402,3.084184039800995,0.324947070134462,0.001554822265430713,0.324947070134462,0.32495078990709969
403,3.0765309776674936,0.32790614253088413,0.0015770249237102929,0.32790614253088413,0.32790993476424973
404,3.0689158019801979,0.33089166544366455,0.0015995462960401324,0.33089166544366455,0.33089553156311313
405,3.0613382320987652,0.33390391260731145,0.0016223913296439462,0.33390391260731145,0.33390785406770168
406,3.0537979901477832,0.33694316132459712,0.0016455650592118606,0.33694316132459712,0.3369471796109556
407,3.0462948009828006,0.34000969252394819,0.0016690726086872896,0.34000969252394819,0.34001378915215025
408,3.0388283921568626,0.34310379081798281,0.001692919193095528,0.34310379081798281,0.34310796733545035
409,3.0313984938875302,0.34622574456315469,0.00171711012041553,0.34622574456315469,0.34623000254957176
410,3.0240048390243901,0.3493758459205395,0.0017416507934957326,0.3493758459205395,0.34938018698858564
411,3.0166471630170313,0.35255439091785723,0.0017665467120153381,0.35255439091785723,0.35255881671395911
412,3.009325203883495,0.35576167951265347,0.0017918034744921017,0.35576167951265347,0.35576619171775603
413,3.0020387021791763,0.35899801565674916,0.0018174267803379661,0.35899801565674916,0.35900261598710581
414,2.9947874009661835,0.36226370736196156,0.0018434224319637785,0.36226370736196156,0.36226839756994478
415,2.9875710457831324,0.36555906676709404,0.0018697963369345965,0.36555906676709404,0.36556384864202635
416,2.9803893846153846,0.36888441020629836,0.0018965545101765919,0.36888441020629836,0.36888928557530465
417,2.9732421678657071,0.37224005827874962,0.0019237030762374405,0.37224005827874962,0.37224502900763157
418,2.9661291483253587,0.37562633591974137,0.001951248271601258,0.37562633591974137,0.37563140391387378
419,2.9590500811455844,0.37904357247318499,0.0019791964470597979,0.37904357247318499,0.37904873967843594
420,2.9520047238095235,0.38249210176558079,0.0020075540701414169,0.38249210176558079,0.38249737016925484
421,2.9449928361045128,0.38597226218147973,0.0020363277275993628,0.38597226218147973,0.38597763381328598
422,2.9380141800947865,0.38948439674043134,0.0020655241279611191,0.38948439674043134,0.38948987367347676
423,2.9310685200945623,0.39302885317555813,0.0020951501041404025,0.39302885317555813,0.3930344375273665
424,2.9241556226415093,0.39660598401367475,0.0021252126161136519,0.39660598401367475,0.39661167794723207
425,2.9172752564705879,0.40021614665706162,0.0021557187536627963,0.40021614665706162,0.40022195238188962
426,2.9104271924882625,0.40385970346691635,0.0021866757391860985,0.40385970346691635,0.40386562324017372
427,2.9036112037470723,0.40753702184853446,0.0022180909305790867,0.40753702184853446,0.40754305797614704
428,2.8968270654205606,0.41124847433821088,0.0022499718241876182,0.41124847433821088,0.41125462917603223
429,2.8900745547785545,0.41499443869196972,0.0022823260578348622,0.41499443869196972,0.4150007146469718
430,2.8833534511627903,0.41877529797613655,0.0023151614139246381,0.41877529797613655,0.41878169750763283
431,2.8766635359628769,0.4225914406597826,0.0023484858226229498,0.4225914406597826,0.42259796628068341
432,2.8700045925925926,0.42644326070911509,0.002382307365120539,0.42644326070911509,0.42644991498721646
433,2.8633764064665126,0.43033115768384911,0.002416634276977872,0.43033115768384911,0.43033794324315683
434,2.8567787649769585,0.43425553683561668,0.0024514749515559767,0.43425553683561668,0.43426245635770516
435,2.8502114574712643,0.43821680920842443,0.0024868379435347612,0.43821680920842443,0.4382238654338329
436,2.8436742752293576,0.4422153917412871,0.0025227319725220588,0.4422153917412871,0.44222258747095361
437,2.8371670114416472,0.44625170737301212,0.002559165926755317,0.44625170737301212,0.44625904546974626
438,2.8306894611872142,0.45032618514925149,0.0025961488668995543,0.45032618514925149,0.45033366853924772
439,2.8242414214123004,0.45443926033181603,0.0026336900299433891,0.45443926033181603,0.4544468920062078
440,2.8178226909090909,0.45859137451038079,0.0026717988331970179,0.45859137451038079,0.45859915752683783
441,2.8114330702947843,0.46278297571657545,0.002710484878394496,0.46278297571657545,0.46279091320094484
442,2.8050723619909501,0.46701451854055676,0.0027497579559034946,0.46701451854055676,0.46702261368854942
443,2.7987403702031601,0.47128646425011833,0.0027896280490463856,0.47128646425011833,0.47129472032904224
444,2.7924369009009009,0.47559928091242276,0.0028301053385349226,0.47559928091242276,0.47560770126296398
445,2.7861617617977528,0.4799534435183479,0.002871200207022937,0.4799534435183479,0.47996203155640216
446,2.7799147623318383,0.48434943410963704,0.0029129232437799671,0.48434943410963704,0.48435819332819152
447,2.7736957136465321,0.48878774190879448,0.0029552852494897685,0.48878774190879448,0.48879667587986336
448,2.7675044285714283,0.49326886345192711,0.0029982972411775523,0.49326886345192711,0.49327797582854066
449,2.7613407216035633,0.49779330272447031,0.0030419704572694902,0.49779330272447031,0.49780259724272136
450,2.7552044088888885,0.50236157129998871,0.0030863163627891975,0.50236157129998871,0.50237105178113606
451,2.7490953082039908,0.50697418848210063,0.0031313466546947629,0.50697418848210063,0.50698385883473296
452,2.7430132389380528,0.51163168144955851,0.0031770732673608911,0.51163168144955851,0.51164154567181963
453,2.7369580220750551,0.5163345854046133,0.0032235083782109876,0.5163345854046133,0.51634464758649168
454,2.7309294801762114,0.52108344372479398,0.003270664413503363,0.52108344372479398,0.5210937080504775
455,2.7249274373626373,0.52587880811805277,0.0033185540542763712,0.52587880811805277,0.52588927886835168
456,2.7189517192982455,0.53072123878153876,0.0033671902424582661,0.53072123878153876,0.53073192033637839
457,2.7130021531728663,0.53561130456397277,0.0034165861871455396,0.53561130456397277,0.53562220140495942
458,2.7070785676855893,0.54054958313177104,0.003466755371056611,0.54054958313177104,0.54056069984483168
459,2.701180793028322,0.54553666113899002,0.003517711557165161,0.54553666113899002,0.54554800241708945
460,2.6953086608695651,0.55057313440125544,0.0035694687955196902,0.55057313440125544,0.55058470504719348
461,2.6894620043383948,0.55565960807371129,0.0036220414302547471,0.55565960807371129,0.55567141300300205
462,2.6836406580086578,0.56079669683313838,0.0036754441068002301,0.56079669683313838,0.56080874107697465
463,2.6778444578833693,0.56598502506436632,0.0037296917792949136,0.56598502506436632,0.56599731377267148
464,2.67207324137931,0.57122522705104828,0.0037847997182112406,0.57122522705104828,0.57123776549561966
465,2.6663268473118276,0.57651794717098381,0.0038407835181975165,0.57651794717098381,0.57653074074872956
466,2.6606051158798283,0.58186384009607472,0.0038976591061455051,0.58186384009607472,0.58187689433234779
467,2.6549078886509636,0.58726357099704307,0.0039554427494898504,0.58726357099704307,0.58727689154907459
468,2.6492350085470084,0.59271781575305593,0.0040141510647478083,0.59271781575305593,0.59273140841349392
469,2.6435863198294243,0.59822726116641345,0.0040738010263063947,0.59822726116641345,0.59824113186696737
470,2.6379616680851061,0.60379260518239386,0.0041344099754659653,0.60379260518239386,0.60380675999759015
471,2.6323609002123138,0.60941455711446713,0.0041959956297480932,0.60941455711446713,0.60942900226551977
472,2.6267838644067796,0.61509383787493066,0.0042585760924768144,0.61509383787493066,0.61510857973373034
473,2.6212304101479913,0.62083118021127226,0.0043221698626425969,0.62083118021127226,0.6208462253044974
474,2.6157003881856538,0.62662732894827333,0.0043867958450580623,0.62662732894827333,0.62664268396162881
475,2.6101936505263157,0.63248304123609267,0.0044524733608160387,0.63248304123609267,0.63249871301867933
476,2.6047100504201679,0.63839908680451218,0.0045192221580592756,0.63839908680451218,0.63841508237333255
477,2.5992494423480084,0.64437624822351003,0.0045870624230735027,0.64437624822351003,0.64439257476811429
478,2.5938116820083681,0.65041532117030454,0.0046560147917139513,0.65041532117030454,0.65043198605758235
479,2.5883966263048013,0.65651711470313479,0.0047261003611773246,0.65651711470313479,0.65653412548225776
480,2.5830041333333331,0.6626824515419063,0.0047973407021310224,0.6626824515419063,0.66269981594942606
481,2.5776340623700622,0.66891216835596423,0.0048697578712121048,0.66891216835596423,0.66892989432107319
482,2.5722862738589209,0.67520711605916706,0.0049433744239086291,0.67520711605916706,0.67522521170912486
483,2.5669606293995857,0.68156816011247368,0.0050182134278368203,0.68156816011247368,0.68158663377820861
484,2.561656991735537,0.68799618083429959,0.005094298476428229,0.68799618083429959,0.68801504105618883
485,2.556375224742268,0.69449207371886335,0.0051716537030409328,0.69449207371886335,0.69451132925269943
486,2.5511151934156375,0.701056749762758,0.0052503037955100012,0.701056749762758,0.70107640958590767
487,2.5458767638603694,0.70769113579998955,0.0053302740111529461,0.70769113579998955,0.70771120911775387
488,2.5406598032786882,0.71439617484578521,0.0054115901922463239,0.71439617484578521,0.71441667109796547
489,2.5354641799591002,0.72117282644936487,0.0054942787819900543,0.72117282644936487,0.72119375531704377
490,2.5302897632653059,0.72802206705605199,0.0055783668409780801,0.72802206705605199,0.72804343846859798
491,2.5251364236252543,0.73494489037886024,0.0056638820641919958,0.73494489037886024,0.73496671452116258
492,2.5200040325203252,0.7419423077800924,0.0057508527985386335,0.7419423077800924,0.74196459510003554
493,2.5148924624746449,0.7490153486629576,0.0058393080609499114,0.7490153486629576,0.74903810987914543
494,2.5098015870445343,0.75616506087381485,0.0059292775570663099,0.75616506087381485,0.75618830698355088
495,2.5047312808080808,0.76339251111512429,0.0060207917005256142,0.76339251111512429,0.76341625340266117
496,2.4996814193548387,0.77069878536968872,0.0061138816328786399,0.77069878536968872,0.77072303541475551
497,2.4946518792756538,0.77808498933631998,0.0062085792441562201,0.77808498933631998,0.77810975902293633
498,2.4896425381526104,0.78555224887742869,0.0063049171941110191,0.78555224887742869,0.78557755040302046
499,2.4846532745490979,0.79310171047891864,0.0064029289341596841,0.79310171047891864,0.79312755636374299
500,2.4796839679999998,0.80073454172269742,0.0065026487300523517,0.80073454172269742,0.80076094481959137
501,2.4747344990019959,0.80845193177228181,0.0066041116852962965,0.80845193177228181,0.80847890527674626
502,2.4698047490039841,0.81625509187196199,0.0067073537653625764,0.81625509187196199,0.8162826493325942
503,2.464894600397614,0.8241452558598048,0.0068124118227064785,0.8241452558598048,0.82417341118909271
504,2.4600039365079365,0.8321236806951855,0.0069193236226318469,0.8321236806951855,0.83215244818067902
505,2.4551326415841581,0.84019164700107485,0.007028127870032496,0.84019164700107485,0.84022104131694797
506,2.4502806007905136,0.84835045962182276,0.0071388642370451318,0.84835045962182276,0.84838049584084196
507,2.4454477001972386,0.85660144819673434,0.0072515733916489345,0.85660144819673434,0.85663214180265079
508,2.4406338267716534,0.86494596775011612,0.0073662970272482739,0.86494596775011612,0.86497733465049731
509,2.4358388683693515,0.87338539929827697,0.0074830778932787577,0.87338539929827697,0.87341745583779562
510,2.4310627137254901,0.88192115047408048,0.0076019598268761111,0.88192115047408048,0.88195391344827934
511,2.4263052524461837,0.89055465616965623,0.0077229877856499381,0.89055465616965623,0.89058814283920928
512,2.4215663749999998,0.89928737919783219,0.0078462078816078917,0.89928737919783219,0.89932160730332
513,2.4168459727095515,0.90812081097305608,0.0079716674162747699,0.90812081097305608,0.90815579875027885
514,2.4121439377431906,0.91705647221231135,0.0080994149170560588,0.91705647221231135,0.91709223840815945
515,2.407460163106796,0.92609591365685029,0.0082295001748959908,0.92609591365685029,0.92613247754575856
516,2.4027945426356587,0.9352407168154635,0.0083619742832832071,0.9352407168154635,0.93527809821646968
517,2.3981469709864602,0.94449249472991403,0.0084968896786585049,0.94449249472991403,0.94453071402434985
518,2.3935173436293433,0.9538528927635439,0.0086343001822835608,0.9538528927635439,0.95389197091338318
519,2.388905556840077,0.96332358941361251,0.0087742610436305456,0.96332358941361251,0.96336354798050561
520,2.3843115076923076,0.97290629714840993,0.0089168289853559998,0.97290629714840993,0.9729471583134327
521,2.379735094049904,0.98260276326998941,0.0090620622499255898,0.98260276326998941,0.98264454985413741
522,2.3751762145593869,0.99241477080334173,0.0092100206479590017,0.99241477080334173,0.99245750628880092
523,2.3706347686424474,1.0023441394130836,0.0093607656083676515,1.0023441394130836,1.0023878479653123
524,2.3661106564885492,1.0123927263486814,0.0095143602303622114,1.0123927263486814,1.012437432839338
525,2.361603779047619,1.0225624274190679,0.0096708693374089709,1.0225624274190679,1.0226081574498211
526,2.3571140380228135,1.0328551779979755,0.0098303595332194099,1.0328551779979755,1.0329019579252341
527,2.3526413358633773,1.0432729540609564,0.0099928992598613889,1.0432729540609564,1.0433208110215633
528,2.3481855757575758,1.0538177732553278,0.010158558858082239,1.0538177732553278,1.0538667351932551
529,2.3437466616257088,1.0644916960042736,0.010327410629943867,1.0644916960042736,1.0645417916983693
530,2.3393244981132075,1.0752968266463903,0.010499528903867454,1.0752968266463903,1.0753480857392179
531,2.3349189905838039,1.0862353146119705,0.010674990102198287,1.0862353146119705,1.0862877676397948
532,2.3305300451127819,1.0973093556375026,0.010853872811398841,1.0973093556375026,1.0973630340614711
533,2.3261575684803,1.1085211930197949,0.011036257854991693,1.1085211930197949,1.1085761292583705
534,2.3218014681647938,1.1198731189112552,0.011222228369371794,1.1198731189112552,1.1199293463739561
535,2.3174616523364486,1.1313674756579299,0.011411869882621786,1.1313674756579299,1.1314250287804379
536,2.3131380298507462,1.1430066571819411,0.011605270396463311,1.1430066571819411,1.1430655714626394
537,2.3088305102420854,1.1547931104101226,0.011802520471491031,1.1547931104101226,1.1548534224481328
538,2.3045390037174718,1.1667293367505822,0.012003713315837817,1.1667293367505822,1.1667910842853668
539,2.3002634211502779,1.1788178936191946,0.012208944877431568,1.1788178936191946,1.1788811155718015
540,2.2960036740740741,1.191061396017921,0.01241831394001016,1.191061396017921,1.1911261325339444
541,2.2917596746765247,1.2034625181670422,0.012631922223070559,1.2034625181670422,1.2035288106613853
542,2.287531335793358,1.2160239951936092,0.012849874485937787,1.2160239951936092,1.2160918863971304
543,2.2833185709023938,1.2287486248781914,0.013072278636148994,1.2287486248781914,1.2288181588863289
544,2.2791212941176471,1.2416392694624561,0.013299245842357175,1.2416392694624561,1.2417104917859223
545,2.274939420183486,1.2546988575200082,0.013530890651974437,1.2546988575200082,1.2547718151376566
546,2.2707728644688645,1.2679303858931137,0.013767331113779372,1.2679303858931137,1.2680051273070849
547,2.2666215429616088,1.2813369216980974,0.01400868890573399,1.2813369216980974,1.2814134969913553
548,2.2624853722627734,1.294921604402163,0.014255089468260415,1.294921604402163,1.2950000652985387
549,2.2583642695810564,1.3086876479748195,0.014506662143251553,1.3086876479748195,1.3087680479016912
550,2.2542581527272727,1.3226383431169184,0.014763540319092397,1.3226383431169184,1.3227207372706533
551,2.2501669401088926,1.3367770595706858,0.015025861581998,1.3367770595706858,1.3368615049849892
552,2.2460905507246376,1.3511072485142281,0.01529376787398104,1.3511072485142281,1.3511938041315432
553,2.2420289041591319,1.3656324450441568,0.015567405657784382,1.3656324450441568,1.3657211717902729
554,2.2379819205776172,1.3803562707500761,0.015846926089132025,1.3803562707500761,1.3804472316121075
555,2.2339495207207207,1.3952824363851617,0.01613248519667377,1.3952824363851617,1.3953756964930748
556,2.2299316258992805,1.4104147446368231,0.01642424407001726,1.4104147446368231,1.4105103713486924
557,2.2259281579892281,1.425757093002026,0.016722369056269538,1.425757093002026,1.4258551559932171
558,2.2219390394265233,1.4413134767719593,0.017027031965527697,1.4413134767719593,1.4414140481284441
559,2.2179641932021466,1.4570879921308282,0.017338410285792541,1.4570879921308282,1.4571911464468505
560,2.2140035428571427,1.4730848393742009,0.017656687407799632,1.4730848393742009,1.4731906538545281
561,2.2100570124777184,1.4893083262519498,0.017982052860299746,1.4893083262519498,1.4894168808189516
562,2.2061245266903913,1.5057628714419748,0.018314702556342814,1.5057628714419748,1.5058742488477943
563,2.2022060106571932,1.5224530081603311,0.018654839051166369,1.5224530081603311,1.5225672941044237
564,2.1983013900709216,1.539383387914369,0.01900267181231078,1.539383387914369,1.5395006711667025
565,2.1944105911504423,1.5565587844055702,0.019358417502639017,1.5565587844055702,1.5566791569357998
566,2.1905335406360424,1.5739840975889421,0.019722300276964304,1.5739840975889421,1.574107654701892
567,2.1866701657848324,1.5916643578966188,0.020094552093046593,1.5916643578966188,1.5917911983744213
568,2.182820394366197,1.6096047306335435,0.020475413037757455,1.6096047306335435,1.6097349568848127
569,2.1789841546572934,1.6278105205532083,0.020865131669271071,1.6278105205532083,1.6279442387696463
570,2.1751613754385963,1.64628717662278,0.02126396537618705,1.64628717662278,1.6464244969436419
571,2.1713519859894919,1.6650402969860711,0.021672180754555001,1.6650402969860711,1.6651813336709373
572,2.167555916083916,1.6840756341350867,0.022090054003831586,1.6840756341350867,1.6842205057454283
573,2.1637730959860382,1.7033991002995226,0.022517871342867028,1.7033991002995226,1.7035479298895695
574,2.1600034564459927,1.7230167730658899,0.0229559294470928,1.7230167730658899,1.7231696883833503
575,2.1562469286956518,1.7429349012373363,0.023404535908160787,1.7429349012373363,1.7430920349345527
576,2.1525034444444442,1.7631599109467757,0.023864009717362987,1.7631599109467757,1.7633214008029372
577,2.1487729358752166,1.7836984120359372,0.024334681774258182,1.7836984120359372,1.7838644011910147
578,2.1450553356401381,1.8045572047143947,0.024816895422023977,1.8045572047143947,1.8047278419155111
579,2.1413505768566492,1.825743286512822,0.025311007011157259,1.825743286512822,1.8259187263738108
580,2.1376585931034482,1.847263859546187,0.025817386493262054,1.847263859546187,1.8474442628211594
581,2.133979318416523,1.8691263381030736,0.026336418046781239,1.8691263381030736,1.8693118719748558
582,2.1303126872852234,1.891338356578582,0.026868500736660708,1.891338356578582,1.8915291949629556
583,2.1266586346483702,1.9139077777692073,0.027414049210078485,1.9139077777692073,1.9141041016359475
584,2.1230170958904107,1.9368427015494669,0.027973494430518317,1.9368427015494669,1.9370446992612464
585,2.1193880068376068,1.9601514739507993,0.028547284452637531,1.9601514739507993,1.9603593416210996
586,2.1157713037542663,1.9838426966652785,0.029135885240553244,1.9838426966652785,1.9840566385365397
587,2.1121669233390117,2.0079252369975045,0.029739781532368219,2.0079252369975045,2.0081454658408284
588,2.1085748027210882,2.0324082382896718,0.030359477753958725,2.0324082382896718,2.0326349758274898
589,2.1049948794567062,2.0573011308468949,0.0309954989852851,2.0573011308468949,2.0575346082001293
590,2.1014270915254234,2.0826136433910127,0.031648391982718155,2.0826136433910127,2.0828541015523578
591,2.0978713773265651,2.1083558150732467,0.032318726261149913,2.1083558150732467,2.1086035054083347
592,2.0943276756756757,2.1345380080784162,0.03300709523994351,2.1345380080784162,2.1347931928567583
593,2.0907959258010118,2.1611709208549641,0.03371411745708941,2.1611709208549641,2.1614338738127068
594,2.087276067340067,2.1882656020080686,0.034440437856279468,2.1882656020080686,2.1885366089447689
595,2.0837680403361345,2.2158334648950255,0.035186729151981455,2.2158334648950255,2.2161128243068107
596,2.0802717852348991,2.2438863029656373,0.035953693278001381,2.2438863029656373,2.2441743267173173
597,2.0767872428810721,2.272436305892124,0.036742062925460853,2.272436305892124,2.2727333199310169
598,2.0733143545150501,2.3014960765377293,0.03755260317660189,2.3014960765377293,2.3018024216521931
599,2.0698530617696158,2.3310786488152999,0.038386113241354242,2.3310786488152999,2.3313946814412057
600,2.0664033066666665,2.361197506491731,0.039243428304175765,2.361197506491731,2.3615235995703774
601,2.0629650316139765,2.3918666029978546,0.04012542148930491,2.3918666029978546,2.3922031468891163
602,2.0595381794019931,2.4231003823078385,0.041033005953250296,2.4231003823078385,2.4234477857626628
603,2.0561226932006633,2.4549138009568061,0.041967137114098912,2.4549138009568061,2.4552724921535178
604,2.0527185165562911,2.4873223512707581,0.042928815028048212,2.4873223512707581,2.4876927789200187
605,2.0493255933884296,2.5203420858883483,0.04391908692447169,2.5203420858883483,2.5207247204120304
606,2.0459438679867987,2.5539896436599729,0.044939049911829565,2.5539896436599729,2.5543849784496806
607,2.042573285008237,2.5882822770167726,0.045989853867824379,2.5882822770167726,2.5886908297782325
608,2.0392137894736839,2.6232378809087802,0.047072704528412071,2.6232378809087802,2.623660195098902
609,2.0358653267651885,2.6588750234197542,0.048188866791603696,2.6588750234197542,2.659311669783754
610,2.0325278426229505,2.695212978174613,0.049339668253457633,2.695212978174613,2.6956645563912862
611,2.0292012831423896,2.732271758664643,0.050526502995283218,2.732271758664643,2.7327388991086052
612,2.0258855947712417,2.77007215462642,0.051750835642860121,2.77007215462642,2.7705555202569738
613,2.0225807243066884,2.8086357706205494,0.053014205720450069,2.8086357706205494,2.8091360590077254
614,2.019286618892508,2.8479850669701507,0.054318232324588989,2.8479850669701507,2.8485030124695041
615,2.0160032260162599,2.8881434032304982,0.05566461914504503,2.8881434032304982,2.8886797793193359
616,2.0127304935064934,2.9291350843779815,0.057055159863055024,2.9291350843779815,2.9296907061669506
617,2.0094683695299835,2.9709854099211084,0.058491743959933007,2.9709854099211084,2.9715611368564452
618,2.0062168025889968,3.0137207261551469,0.059976362972484473,3.0137207261551469,3.0143174649284221
619,2.0029757415185783,3.0573684818010696,0.061511117235384327,3.0573684818010696,3.05798718948496
620,1.9997451354838709,3.1019572872910279,0.063098223154814809,3.1019572872910279,3.1025989747215492
621,1.9965249339774556,3.1475169779871663,0.064740021062311026,3.1475169779871663,3.1481827134149332
622,1.9933150868167202,3.1940786816456281,0.066438983702930915,3.1940786816456281,3.1947695946810546
623,1.9901155441412519,3.2416748904679658,0.068197725417691674,3.2416748904679658,3.2423921763479884
624,1.9869262564102563,3.2903395381136553,0.070019012086722371,3.2903395381136553,3.2910844623205251
625,1.9837471743999999,3.3401080820834199,0.071905771906921684,3.3401080820834199,3.3408819853494545
626,1.9805782492012778,3.3910175919225951,0.073861107086133054,3.3910175919225951,3.3918218956585124
627,1.9774194322169059,3.44310684373822,0.07588830654515788,3.44310684373822,3.4439430559269208
628,1.9742706751592356,3.4964164215722633,0.077990859729400008,3.4964164215722633,3.4972861431746645
629,1.9711319300476946,3.5509888262280525,0.080172471643795679,3.5509888262280525,3.5518937581529602
630,1.968003149206349,3.6068685922089374,0.082437079238107114,3.6068685922089374,3.6078105429050167
631,1.9648842852614896,3.6641024134952129,0.084788869284887353,3.6641024134952129,3.6650833072300082
632,1.9617752911392403,3.7227392789631741,0.087232297909737605,3.7227392789631741,3.7237611648619291
633,1.958676120063191,3.7828306183348008,0.089772111953172751,3.7828306183348008,3.7838956802607262
634,1.9555867255520503,3.8444304596443626,0.092413372365906021,3.8444304596443626,3.8455410270121169
635,1.9525070614173228,3.9075955993151368,0.095161479865032095,3.9075955993151368,3.9087541589408161
636,1.9494370817610061,3.9723857860632101,0.098022203108008688,3.9723857860632101,3.973594995167371
637,1.9463767409733124,4.0388639199823775,0.10100170967509386,4.0388639199823775,4.040126620477718
638,1.9433259937304075,4.1070962683214329,0.10410660018969534,4.1070962683214329,4.1084155025341458
639,1.9402847949921751,4.1771526996409438,0.10734394595080066,4.1771526996409438,4.1785317276347094
640,1.9372531,4.2491069382393434,0.11072133050332286,4.2491069382393434,4.2505492569339962
641,1.9342308642745709,4.3230368409657594,0.11424689563195589,4.3230368409657594,4.32454620526926
642,1.931218043613707,4.3990246987992006,0.11792939233352803,4.3990246987992006,4.4006051450023955
643,1.928214594090202,4.4771575658705576,0.12177823740352123,4.4771575658705576,4.4788134375900368
644,1.9252204720496893,4.5575276189477876,0.12580357636653405,4.5575276189477876,4.559263595943813
645,1.9222356341085269,4.6402325507947548,0.13001635359050234,4.6402325507947548,4.6420536810399087
646,1.9192600371517026,4.7253760012669144,0.13442839055350214,4.7253760012669144,4.7272877366980843
647,1.9162936383307572,4.8130680305276439,0.13905247338365362,4.8130680305276439,4.8150762669807596
648,1.9133363950617284,4.903425639370516,0.14390245097153365,4.903425639370516,4.9055367612761565
649,1.9103882650231123,4.9965733423321907,0.14899334516609214,4.9965733423321907,4.9987942728430479
650,1.9074492061538459,5.0926438000913681,0.15434147481615607,5.0926438000913681,5.0949820574225253
651,1.9045191766513057,5.1917785185968608,0.15996459571849769,5.1917785185968608,5.1942422794905507
652,1.9015981349693249,5.2941286234746432,0.1658820588905206,5.2941286234746432,5.2967267948569221
653,1.8986860398162326,5.399855719561609,0.17211499001365066,5.399855719561609,5.4025980196447723
654,1.895782850152905,5.5091328469438636,0.17868649340857157,5.5091328469438636,5.5120298972522317
655,1.8928885251908396,5.6221455466790768,0.18562188452555262,5.6221455466790768,5.6252089767455038
656,1.8900030243902437,5.7390930515225129,0.19294895568756704,5.7390930515225129,5.7423356183294354
657,1.887126307458143,5.8601896195158947,0.20069828074266888,5.8601896195158947,5.8636253441514237
658,1.8842583343465045,5.985666031332606,0.20890356540593291,5.985666031332606,5.9893103558162979
659,1.8813990652503791,6.1157712759062708,0.21760205145210842,6.1157712759062708,6.11964124373287
660,1.8785484606060605,6.2507744532410516,0.22683498462503887,6.2507744532410516,6.2548889179217886
661,1.8757064810892585,6.3909669285841986,0.23664815824540991,6.3909669285841986,6.3953467953706697
662,1.8728730876132929,6.536664778549893,0.24709254713716067,6.536664778549893,6.5413332856525095
663,1.8700482413273001,6.6882115775969293,0.25822504980272931,6.6882115775969293,6.6931946246203857
664,1.8672319036144578,6.8459815828371813,0.2701093609527816,6.8459815828371813,6.8513081159308689
665,1.8644240360902253,7.0103833869386367,0.28281700179598046,7.0103833869386367,7.0160858524087422
666,1.8616246006006005,7.181864123484079,0.29642854226482362,7.181864123484079,7.1879790044808125
667,1.8588335592203897,7.3609143273185538,0.3110350580614818,7.3609143273185538,7.367482781891443
668,1.856050874251497,7.548073575180748,0.32673987668793514,7.548073575180748,7.5551421987517822
669,1.8532765082212255,7.7439370606048641,0.34366068134876404,7.7439370606048641,7.751558802106489
670,1.8505104238805969,7.9491632934777918,0.36193206098914543,7.9491632934777918,7.9573985625420658
671,1.8477525842026825,8.1644831611439379,0.38170862044225207,8.1644831611439379,8.1734011745125326
672,1.8450029523809524,8.3907106478044469,0.40316879909357062,8.3907106478044469,8.4003910775476083
673,1.8422614918276372,8.6287555865949095,0.42651959303209575,8.6287555865949095,8.6392905921975522
674,1.8395281661721068,8.8796389202589729,0.45200243927634043,8.8796389202589729,8.8911356732022551
675,1.8368029392592591,9.1445110802787113,0.47990060855142036,9.1445110802787113,9.1570949264178836
676,1.8340857751479289,9.4246742726514725,0.51054857596053926,9.4246742726514725,9.4384927289262599
677,1.8313766381093057,9.7216096982523297,0.54434401286747747,9.7216096982523297,9.7368375527939488
678,1.8286754926253685,10.03701106136991,0.58176329305454288,10.03701106136991,10.053856950206104
679,1.8259823033873341,10.372826167156592,0.62338177011698925,10.372826167156592,10.391541152560707
680,1.8232970352941176,10.731309029770408,0.66990062188453514,10.731309029770408,10.752197930452786
681,1.8206196534508075,11.115085785863066,0.72218286961708911,11.115085785863066,11.138522349228534
682,1.8179501231671553,11.527238950169174,0.78130242685138795,11.527238950169174,11.553686480794829
683,1.815288409956076,11.97141633982293,0.84861198877890098,11.97141633982293,12.001456223678804
684,1.8126344795321636,12.451973605548968,0.92583871207570634,12.451973605548968,12.486345501949966
685,1.8099882978102189,12.974163162766995,1.0152218017405428,12.974163162766995,13.013822846528585
686,1.8073498309037899,13.544388060102861,1.1197148665021714,13.544388060102861,13.590592676734998
687,1.8047190451237263,14.170547923612897,1.2432911720045041,14.170547923612897,14.224985110494636
688,1.8020959069767442,14.862516920335345,1.3914175098673964,14.862516920335345,14.927506553139409
689,1.7994803831640056,15.632812194720294,1.5718141971277397,15.632812194720294,15.711633173724744
690,1.7968724405797101,16.497535569093429,1.7957201638131006,16.497535569093429,16.594977877666118
691,1.7942720463096959,17.477693497521372,2.0800901342914804,17.477693497521372,17.601038178473381
692,1.7916791676300576,18.600977131493366,2.451598747129446,18.600977131493366,18.761841238622232
693,1.7890937720057718,19.903827399024429,2.9543353221174034,19.903827399024429,20.121889631087484
694,1.7865158270893371,21.432321275037559,3.6654043289405234,21.432321275037559,21.743495214225415
695,1.7839453007194244,23.234655361056397,4.7277197500175632,23.234655361056397,23.710768519425361
696,1.7813821609195402,25.313245812018351,6.4152294229839733,25.313245812018351,26.113513399946473
697,1.7788263758967,27.418478508744521,9.1999607492130941,27.418478508744521,28.920792546566677
698,1.7762779140401146,28.572582508167052,13.39351970186776,28.572582508167052,31.555963639070409
699,1.7737367439198855,27.622052086087805,17.886086796739235,27.622052086087805,32.907291932747022
700,1.7712028342857142,25.261462459162715,21.110866327251472,25.261462459162715,32.92127219083077
701,1.7686761540656204,22.719818654981083,23.056704064109432,22.719818654981083,32.369766171771253
702,1.7661566723646722,20.4296065469944,24.235235320970226,20.4296065469944,31.697246800436769
703,1.7636443584637267,18.434186168312287,24.984981197941792,18.434186168312287,31.049452574071267
704,1.7611391818181816,16.690824080214725,25.484724598816925,16.690824080214725,30.463991799405083
705,1.7586411120567376,15.15078504112234,25.830101203943101,15.15078504112234,29.945624314217252
706,1.7561501189801698,13.774258256033459,26.075627367543419,13.774258256033459,29.490142982272658
707,1.753666172560113,12.530755080194442,26.25504947372341,12.530755080194442,29.092051246817967
708,1.7511892429378531,11.396424983690988,26.39175560412103,11.396424983690988,28.747230584467609
709,1.748719300423131,10.349473000645784,26.503957576256802,10.349473000645784,28.452967483113536
710,1.7462563154929576,9.364676713997639,26.60165692108189,9.364676713997639,28.201867330101276
711,1.743800258790436,8.422708558527308,26.677624203704546,8.422708558527308,27.975661790491603
712,1.7413511011235954,7.5243202334543682,26.724249218948835,7.5243202334543682,27.763301159841532
713,1.7389088134642354,6.6727690119257606,26.746949863370851,6.6727690119257606,27.566740345572068
714,1.7364733669467787,5.865363320805697,26.753311471486548,5.865363320805697,27.388723255665397
715,1.7340447328671327,5.09738015712494,26.748632229056959,5.09738015712494,27.229994685853242
716,1.7316228826815641,4.3641919905647946,26.736451463559952,4.3641919905647946,27.090293623248289
717,1.7292077880055787,3.6617166264279106,26.719312759881156,3.6617166264279106,26.969053431898693
718,1.7267994206128132,2.9864074035431551,26.699197608593884,2.9864074035431551,26.865698988164869
719,1.724397752433936,2.3351555262184878,26.677757041289027,2.3351555262184878,26.77976236051536
720,1.7220027555555555,1.7051902666338297,26.656442143418559,1.7051902666338297,26.710926258571483
721,1.71961440221914,1.093992587613525,26.63658314416886,1.093992587613525,26.659039393383509
722,1.7172326648199445,0.49922184980496653,26.619440644885294,0.49922184980496653,26.624121444695486
723,1.7148575159059474,-0.081347685819676108,26.606240529814308,0.081347685819676108,26.606364888430768
724,1.7124889281767954,-0.64988384428997703,26.5981984425676,0.64988384428997703,26.606136686886256
725,1.7101268744827585,-1.2085497508930505,26.596536882650462,1.2085497508930505,26.623981044362431
726,1.7077713278236912,-1.7595554954226458,26.602496455464021,1.7595554954226458,26.660623646202424
727,1.7054222613480055,-2.3052100901923867,26.617341921361124,2.3052100901923867,26.71697745851078
728,1.7030796483516482,-2.8479753400424421,26.642363117374266,2.8479753400424421,26.794150033459065
729,1.7007434622770918,-3.3905231804784703,26.678870394402018,3.3905231804784703,26.893452232070587
730,1.6984136767123286,-3.9357981726154989,26.728183784580459,3.9357981726154989,27.016408267530185
731,1.6960902653898768,-4.4870872240435125,26.791614506020025,4.4870872240435125,27.164766879090958
732,1.6937732021857923,-5.0480992825270139,26.870436295878719,5.0480992825270139,27.340513036465246
733,1.6914624611186901,-5.6230586733592194,26.965841775311269,5.6230586733592194,27.545878303208315
734,1.6891580163487738,-6.2168164471713396,27.078874214371332,6.2168164471713396,27.783344569284036
735,1.6868598421768706,-6.8349825655015888,27.210314772662493,6.8349825655015888,28.055627184186871
736,1.6845679130434781,-7.4840703873570842,27.360483681237199,7.4840703873570842,28.365602000207264
737,1.6822822035278153,-8.1715953968407664,27.528872722013439,8.1715953968407664,28.716089648043742
738,1.6800026883468833,-8.9058806051634125,27.713487663083406,8.9058806051634125,29.109313076836802
739,1.677729342354533,-9.6947278531041157,27.910074029246374,9.6947278531041157,29.545896169582768
740,1.6754621405405403,-10.541703048657798,28.113825931035656,10.541703048657798,30.025234581042891
741,1.6732010580296894,-11.44660859245073,28.329804236632683,11.44660859245073,30.554912147716905
742,1.6709460700808625,-12.425404278768557,28.575798830468102,12.425404278768557,31.160342589423212
743,1.6686971520861371,-13.515809769025488,28.857577364021303,13.515809769025488,31.865920432853649
744,1.6664542795698924,-14.75868606279235,29.164085998516732,14.75868606279235,32.685818429847231
745,1.6642174281879194,-16.197753088051439,29.476768376160436,16.197753088051439,33.63401669446116
746,1.6619865737265413,-17.888671721564528,29.767513205826269,17.888671721564528,34.72908605795643
747,1.6597616921017402,-19.907635909797861,29.98685302504299,19.907635909797861,35.993406644309218
748,1.6575427593582885,-22.358837022959243,30.038734561022295,22.358837022959243,37.446537450701747
749,1.6553297516688918,-25.371333060583865,29.726076304568757,25.371333060583865,39.081250667501926
750,1.6531226453333332,-29.03637087608432,28.642038899782733,29.03637087608432,40.785747829237906
751,1.6509214167776296,-33.117957331914297,26.054190821445218,33.117957331914297,42.138105761872787
752,1.6487260425531913,-36.405052348542185,21.326505247300119,36.405052348542185,42.191796152370863
753,1.6465364993359892,-37.174818525058996,15.490652568331683,37.174818525058996,40.273160409431867
754,1.6443527639257294,-35.67402802812714,10.654387994599766,35.67402802812714,37.231065782368795
755,1.6421748132450329,-33.370879381497218,7.3946236426937197,33.370879381497218,34.180345953654722
756,1.6400026243386243,-31.085118376577384,5.2875471036316828,31.085118376577384,31.531614910418917
757,1.6378361743725229,-29.055490235325308,3.8891403260578219,29.055490235325308,29.314619651137445
758,1.6356754406332452,-27.303011244587992,2.9188736445524448,27.303011244587992,27.458591485634528
759,1.6335204005270092,-25.792061200856828,2.2158940738472257,25.792061200856828,25.887074140104275
760,1.6313710315789474,-24.480462115051971,1.6872165634035845,24.480462115051971,24.53853551250193
761,1.6292273114323257,-23.331751339674149,1.2769563079840562,23.331751339674149,23.366669381597514
762,1.6270892178477689,-22.31678725413294,0.94998031893629786,22.31678725413294,22.336997469503302
763,1.62495672870249,-21.412770059318582,0.68317904214061276,21.412770059318582,21.423665774485713
764,1.6228298219895287,-20.601881728549131,0.46060448782688557,20.601881728549131,20.607030044412824
765,1.6207084758169934,-19.870041456914244,0.27057006375559345,19.870041456914244,19.871883545826538
766,1.6185926684073106,-19.205699009071552,0.10373958654403648,19.205699009071552,19.205979181725372
767,1.6164823780964797,-18.598186094422459,-0.048080594292639667,18.598186094422459,18.598248244023317
768,1.6143775833333331,-18.035205634185772,-0.19121771755268302,18.035205634185772,18.036219295708076
769,1.6122782626788035,-17.50323001142656,-0.32520702123859291,17.50323001142656,17.506250896167526
770,1.6101843948051946,-16.996586906076409,-0.44271408884415697,16.996586906076409,17.002351667350879
771,1.6080959584954604,-16.518094222697059,-0.54120227975427126,16.518094222697059,16.526957876678612
772,1.606012932642487,-16.069252846607498,-0.62406635223192564,16.069252846607498,16.081366417695705
773,1.6039352962483828,-15.648608350028056,-0.69518709344580776,15.648608350028056,15.66404253018554
774,1.6018630284237725,-15.253675100136629,-0.75733183933851,15.253675100136629,15.272463965431513
775,1.5997961083870966,-14.881925190021864,-0.81236161790637795,14.881925190021864,14.904080943139524
776,1.5977345154639173,-14.531068526865234,-0.86156966815251668,14.531068526865234,14.556588021426375
777,1.595678229086229,-14.199093584055358,-0.90589765712927206,14.199093584055358,14.227962228441372
778,1.5936272287917737,-13.884243814518804,-0.94605990635782944,13.884243814518804,13.91643832478057
779,1.5915814942233633,-13.584981878945484,-0.98261587663501304,13.584981878945484,13.620472334405012
780,1.5895410051282051,-13.299955835734998,-1.0160144431759801,13.299955835734998,13.338707230509396
781,1.5875057413572342,-13.027970363578039,-1.0466223496525915,13.027970363578039,13.069943769468178
782,1.5854756828644501,-12.767962997860625,-1.0747433855173207,12.767962997860625,12.813116422613639
783,1.5834508097062578,-12.518984625971573,-1.1006318649358844,12.518984625971573,12.567273633028957
784,1.5814311020408163,-12.280183426878441,-1.1245024514383462,12.280183426878441,12.331561570258277
785,1.5794165401273885,-12.050791551514003,-1.1465375496637946,12.050791551514003,12.105210670237437
786,1.5774071043256996,-11.830113972801833,-1.1668930253758831,11.830113972801833,11.887524382399896
787,1.5754027750952986,-11.617519047536707,-1.1857027455817817,11.617519047536707,11.67786966106226
788,1.5734035329949236,-11.412430420488757,-1.2030822649788364,11.412430420488757,11.475668827515188
789,1.5714093586818756,-11.214319966917259,-1.2191318774385667,11.214319966917259,11.280392495608741
790,1.5694202329113922,-11.022701517959462,-1.2339391769049417,11.022701517959462,11.091553301784501
791,1.5674361365360303,-10.837125148300128,-1.2475812170195413,10.837125148300128,10.908700214644227
792,1.5654570505050505,-10.657171830118248,-1.2601263149186284,10.657171830118248,10.731413222228298
793,1.5634829558638081,-10.482448272962781,-1.27163550701114,10.482448272962781,10.559298208594731
794,1.5615138337531485,-10.312581775578689,-1.2821636293907304,10.312581775578689,10.391981834593924
795,1.559549665408805,-10.147214910181646,-1.291759958690142,10.147214910181646,10.229106228028323
796,1.5575904321608038,-9.9859998371844227,-1.3004683041295693,9.9859998371844227,10.070323259870705
797,1.5556361154328731,-9.8285920006544174,-1.3083263764426463,9.8285920006544174,9.9152881260517862
798,1.5536866967418546,-9.674642870059337,-1.3153641525564708,9.674642870059337,9.7636518535341352
799,1.5517421576971213,-9.5237912564534675,-1.3216007659057385,9.5237912564534675,9.6150521829547095
800,1.5498024799999999,-9.3756525226524481,-1.327039105226937,9.3756525226524481,9.4691020172094849
801,1.5478676454431959,-9.2298047118572697,-1.3316566534620566,9.2298047118572697,9.3253742263639161
802,1.5459376359102244,-9.085770250508137,-1.3353898532476625,9.085770250508137,9.1833810279861243
803,1.5440124333748442,-8.9429915675954987,-1.3381068547202712,8.9429915675954987,9.0425454454336904
804,1.5420920199004975,-8.8007992551824188,-1.3395586567337032,8.8007992551824188,8.9021618118774732
805,1.5401763776397515,-8.6583742134259971,-1.3392888719277032,8.6583742134259971,8.7613434302160318
806,1.5382654888337468,-8.5147171998273734,-1.3364628937165433,8.5147171998273734,8.6189640943281169
807,1.5363593358116481,-8.3686823360930909,-1.3295424128472693,8.3686823360930909,8.4736371806914335
808,1.5344579009900989,-8.2192738098731581,-1.3156960005509872,8.2192738098731581,8.3239124170988674
809,1.5325611668726822,-8.066808236960167,-1.2899781153158152,8.066808236960167,8.1692985420954063
810,1.5306691160493826,-7.9161220422098175,-1.2455193833517855,7.9161220422098175,8.0135077663570744
811,1.5287817311960541,-7.7805165577967692,-1.1794216649007043,7.7805165577967692,7.8694010807549279
812,1.5268989950738916,-7.6741397292431124,-1.1039812222727696,7.6741397292431124,7.7531409843416643
813,1.5250208905289051,-7.5937017572690735,-1.0387116838865071,7.5937017572690735,7.6644131112951994
814,1.5231474004914003,-7.5249767931658624,-0.99023034236831853,7.5249767931658624,7.589850582760616
815,1.52127850797546,-7.4585228922906879,-0.95505195463143044,7.4585228922906879,7.5194207204324952
816,1.5194141960784313,-7.3907612246284202,-0.92847943906679309,7.3907612246284202,7.4488539754945382
817,1.5175544479804159,-7.3207378241358754,-0.90717033243247691,7.3207378241358754,7.3767310037562934
818,1.5156992469437651,-7.2483345335023053,-0.88898915030249959,7.2483345335023053,7.302647137779398
819,1.5138485763125762,-7.1736074348573133,-0.87253590506433842,7.1736074348573133,7.2264764951576899
820,1.5120024195121951,-7.0965699080746205,-0.85680627379282859,7.0965699080746205,7.1481061443574685
821,1.510160760048721,-7.0171251614769936,-0.84097384956156818,7.0171251614769936,7.0673391419600016
822,1.5083235815085156,-6.9350456463959276,-0.82423562999849787,6.9350456463959276,6.9838544151030328
823,1.5064908675577156,-6.8499683612882443,-0.8056727036156085,6.8499683612882443,6.8971860244596304
824,1.5046626019417475,-6.7614061067530784,-0.78408376045561623,6.7614061067530784,6.8067172619294274
825,1.5028387684848483,-6.6688045413605579,-0.75774153273658773,6.6688045413605579,6.7117155959788102
826,1.5010193510895882,-6.571740180665838,-0.72400573208328156,6.571740180665838,6.6115015920944398
827,1.4992043337363965,-6.4705281715722656,-0.67874553959319162,6.4705281715722656,6.5060303047732555
828,1.4973937004830917,-6.36789682293551,-0.61582980605866433,6.36789682293551,6.3976055128135574
829,1.4955874354644147,-6.2726009671477847,-0.5284321604721457,6.2726009671477847,6.2948203660854833
830,1.4937855228915662,-6.2022307903960936,-0.41682282658593273,6.2022307903960936,6.2162213639879678
831,1.4919879470517448,-6.1721609302158953,-0.29942618187230641,6.1721609302158953,6.1794195995153274
832,1.4901946923076923,-6.1757791065132004,-0.20098027126319531,6.1757791065132004,6.1790485223764042
833,1.4884057430972388,-6.1937369845739756,-0.12944882762981683,6.1937369845739756,6.1950895742559089
834,1.4866210839328535,-6.2130307750388223,-0.079695156576023718,6.2130307750388223,6.2135418828202313
835,1.4848406994011976,-6.2286956614284641,-0.0447815676019232,6.2286956614284641,6.228856639183042
836,1.4830645741626793,-6.2396399940729328,-0.019644720925022452,6.2396399940729328,6.2396709184615409
837,1.4812926929510155,-6.2461229949833967,-0.0010427195145348844,6.2461229949833967,6.2461230820185056
838,1.4795250405727922,-6.2487618911900071,0.013064970513401331,6.2487618911900071,6.2487755493570925
839,1.4777616019070321,-6.2481965644352613,0.023986348077322639,6.2481965644352613,6.2482426051422397
840,1.4760023619047618,-6.2449918999403522,0.032584059792541198,6.2449918999403522,6.2450769051528239
841,1.474247305588585,-6.2396205293460358,0.039444298683514512,6.2396205293460358,6.2397452033664909
842,1.4724964180522564,-6.2324705458349872,0.044976805822252608,6.2324705458349872,6.2326328319388944
843,1.4707496844602608,-6.2238591555889187,0.049475418040212993,6.2238591555889187,6.2240558003281317
844,1.4690070900473933,-6.2140460518469727,0.053155731545747542,6.2140460518469727,6.2142733980949947
845,1.4672686201183431,-6.2032447913601345,0.056179182097551961,6.2032447913601345,6.2034991772416461
846,1.4655342600472812,-6.1916319796762149,0.058668848864092127,6.1916319796762149,6.1919099319657613
847,1.4638039952774498,-6.179354536727697,0.060720081721525543,6.179354536727697,6.1796528558569896
848,1.4620778113207547,-6.166535406400131,0.0624078087290387,6.166535406400131,6.1668511943273598
849,1.4603556937573614,-6.1532780445741242,0.063791664159415562,6.1532780445741242,6.1536087030501214
850,1.458637628235294,-6.1396699603401306,0.064919654454092451,6.1396699603401306,6.1400131745328874
851,1.4569236004700352,-6.1257855257698104,0.065830823628544588,6.1257855257698104,6.1261392414040445
852,1.4552135962441313,-6.1116882197518532,0.066557221329240551,6.1116882197518532,6.1120506181775562
853,1.4535076014067994,-6.0974324321155056,0.067125376626605365,6.0974324321155056,6.0978019056379065
854,1.4518056018735361,-6.083064924181631,0.067557416030097933,6.083064924181631,6.0834400528212269
855,1.4501075836257309,-6.0686260191527133,0.067871921737968827,6.0686260191527133,6.0690055493546637
856,1.4484135327102803,-6.054150578649022,0.068084597716140643,6.054150578649022,6.0545334041032799
857,1.4467234352392064,-6.0396688088145218,0.068208791874433961,6.0396688088145218,6.0400539533563764
858,1.4450372773892772,-6.025206929693212,0.068255909265412334,6.025206929693212,6.02559353215704
859,1.4433550454016297,-6.0107877342019069,0.06823574188789519,6.0107877342019069,6.0111750350578781
860,1.4416767255813951,-5.9964310573912716,0.068156734048863937,5.9964310573912716,5.9968183869817846
861,1.4400023042973287,-5.9821541723738161,0.068026197476528466,5.9821541723738161,5.9825409405696979
862,1.4383317679814385,-5.9679721259585214,0.067850486918748371,5.9679721259585214,5.9683578130665875
863,1.4366651031286211,-5.9538980244431876,0.06763514442110477,5.9538980244431876,5.9542821732119284
864,1.4350022962962963,-5.9399432779857886,0.067385018594841362,5.9399432779857886,5.9403254865722284
865,1.4333433341040462,-5.9261178103839889,0.067104363774193543,5.9261178103839889,5.9264977261606928
866,1.4316882032332563,-5.9124302398291366,0.066796922896529387,5.9124302398291366,5.9128075539251634
867,1.4300368904267589,-5.8988880351942328,0.066465997126735177,5.8988880351942328,5.8992624776773344
868,1.4283893824884792,-5.8854976516149957,0.066114504623520809,5.8854976516149957,5.8858689872343612
869,1.426745666283084,-5.8722646484707095,0.06574503036274934,5.8722646484707095,5.8726326728900924
870,1.4251057287356321,-5.8591937923500375,0.065359868556861878,5.8591937923500375,5.8595583288103699
871,1.4234695568312283,-5.8462891471602507,0.06496105891449333,5.8462891471602507,5.8466500435188546
872,1.4218371376146788,-5.8335541531894926,0.064550417751440659,5.8335541531894926,5.8339112792899304
873,1.4202084581901488,-5.8209916966464306,0.064129564779151882,5.8209916966464306,5.821344941979083
874,1.4185835057208236,-5.808604170964685,0.063699946249188677,5.808604170964685,5.8089534425833094
875,1.4169622674285713,-5.7963935309632681,0.063262855013282521,5.7963935309632681,5.7967387516272675
876,1.4153447305936071,-5.7843613407963748,0.062819447962846303,5.7843613407963748,5.7847024473123927
877,1.4137308825541619,-5.7725088164824534,0.062370761234055966,5.7725088164824534,5.7728457582222461
878,1.4121207107061502,-5.7608368636970351,0.06191772350100333,5.7608368636970351,5.7611696012714502
879,1.4105142025028441,-5.7493461114110911,0.061461167627762853,5.7493461114110911,5.7496746154825145
880,1.4089113454545454,-5.7380369418819015,0.06100184090718036,5.7380369418819015,5.7383611920996636
881,1.4073121271282631,-5.7269095174299505,0.060540414079162996,5.7269095174299505,5.7272295014750911
882,1.4057165351473921,-5.7159638043810528,0.060077489291759656,5.7159638043810528,5.7162795171084779
883,1.404124557191393,-5.7051995945014742,0.059613607144101716,5.7051995945014742,5.7055110371689342
884,1.4025361809954751,-5.6946165242124049,0.059149252929829144,5.6946165242124049,5.6949237037870075
885,1.4009513943502825,-5.6842140918335122,0.058684862182573766,5.6842140918335122,5.6845170203675233
886,1.3993701851015801,-5.6739916730729885,0.058220825610724503,5.6739916730729885,5.6742903671416389
887,1.3977925411499434,-5.6639485349580312,0.057757493496526119,5.6639485349580312,5.6642430151528833
888,1.3962184504504505,-5.6540838483723803,0.057295179624349019,5.6540838483723803,5.6543741388445108
889,1.3946479010123733,-5.6443966993499846,0.056834164794222486,5.6443966993499846,5.6446828273979088
890,1.3930808808988764,-5.634886099256347,0.056374699969305136,5.634886099256347,5.6351680949541372
891,1.3915173782267114,-5.6255509939721442,0.055917009099587939,5.6255509939721442,5.6258288898337128
892,1.3899573811659192,-5.6163902721833807,0.055461291658785966,5.6163902721833807,5.6166641028593265
893,1.3884008779395296,-5.6074027728669655,0.055007724926569024,5.6074027728669655,5.6076725748707661
894,1.3868478568232661,-5.5985872920548143,0.054556466044445057,5.5985872920548143,5.5988531035154798
895,1.3852983061452513,-5.5899425889465828,0.054107653869952171,5.5899425889465828,5.5902044493852037
896,1.3837522142857142,-5.5814673914365596,0.053661410650987645,5.5814673914365596,5.5817253415644412
897,1.3822095696767001,-5.5731604011116094,0.053217843539412724,5.5731604011116094,5.5734144826479115
898,1.3806703608017816,-5.5650202977705376,0.052777045960839125,5.5650202977705376,5.5652705532775704
899,1.379134576195773,-5.5570457435124769,0.052339098855525845,5.5570457435124769,5.5572922162469691
900,1.3776022044444443,-5.5492353864336419,0.051904071803648866,5.5492353864336419,5.5494781202124885
901,1.3760732341842397,-5.5415878639709888,0.051472024046658932,5.5415878639709888,5.5418269030501142
902,1.3745476541019954,-5.5341018059241076,0.051043005415145198,5.5341018059241076,5.5343371948892202
903,1.3730254529346622,-5.5267758371877154,0.050617057172477553,5.5267758371877154,5.5270076208558612
904,1.3715066194690264,-5.5196085802182075,0.050194212782521452,5.5196085802182075,5.519836803549115
905,1.3699911425414364,-5.5125986572624051,0.049774498608743722,5.5125986572624051,5.5128233652787229
906,1.3684790110375276,-5.5057446923676245,0.049357934551356411,5.5057446923676245,5.5059659300832449
907,1.3669702138919513,-5.4990453131929495,0.048944534628334174,5.4990453131929495,5.4992631255486701
908,1.3654647400881057,-5.4924991526419049,0.048534307505640389,5.4924991526419049,5.4927135844477721
909,1.3639625786578657,-5.4861048503298022,0.048127256981367147,5.4861048503298022,5.4863159462135185
910,1.3624637186813187,-5.4798610539028303,0.047723382428056488,5.4798610539028303,5.4800688582636816
911,1.3609681492864982,-5.4737664202201088,0.047322679197031328,5.4737664202201088,5.4739709771879186
912,1.3594758596491228,-5.4678196164128519,0.046925138988174422,5.4678196164128519,5.4680209698114952
913,1.3579868389923329,-5.4620193208300147,0.046530750188285008,5.4620193208300147,5.4622175141450988
914,1.3565010765864332,-5.4563642238815913,0.046139498180762115,5.4563642238815913,5.4565593002319073
915,1.3550185617486339,-5.4508530287871135,0.045751365629240218,5.4508530287871135,5.4510450308995422
916,1.3535392838427946,-5.4454844522396257,0.045366332737363291,5.4454844522396257,5.4456734224271592
917,1.352063232279171,-5.4402572249909529,0.044984377486836938,5.4402572249909529,5.4404432051335796
918,1.350590396514161,-5.4351700923664232,0.044605475855619664,5.4351700923664232,5.4353531238945951
919,1.3491207660500544,-5.4302218147133399,0.044229602017954436,5.4302218147133399,5.4304019385938007
920,1.3476543304347826,-5.4254111677923369,0.043856728527778971,5.4254111677923369,5.4255884245160884
921,1.346191079261672,-5.4207369431129067,0.043486826486949209,5.4207369431129067,5.4209113726851283
922,1.3447310021691974,-5.4161979482206934,0.043119865699498966,5.4161979482206934,5.4163695901524287
923,1.3432740888407366,-5.4117930069394458,0.042755814813166884,5.4117930069394458,5.4119619002408932
924,1.3418203290043289,-5.4075209595729863,0.042394641449185186,5.4075209595729863,5.4076871427482516
925,1.3403697124324323,-5.403380663068825,0.042036312321352118,5.403380663068825,5.4035441741119952
926,1.3389222289416847,-5.3993709911486754,0.041680793345213046,5.3993709911486754,5.3995318675410848
927,1.3374778683926645,-5.3954908344081058,0.041328049738212885,5.3954908344081058,5.3956491131167015
928,1.336036620689655,-5.3917391003878752,0.04097804611149404,5.3917391003878752,5.3918948178645483
929,1.334598475780409,-5.3881147136202436,0.040630746554066483,5.3881147136202436,5.3882679058020591
930,1.3331634236559138,-5.3846166156518738,0.040286114709927753,5.3846166156518738,5.3847673179620923
931,1.331731454350161,-5.3812437650458218,0.039944113848702154,5.3812437650458218,5.3813920123956489
932,1.3303025579399141,-5.3779951373652484,0.039604706930326569,5.3779951373652484,5.3781409641562288
933,1.3288767245444801,-5.3748697251389395,0.039267856664257611,5.3748697251389395,5.3750131652659361
934,1.3274539443254818,-5.3718665378121795,0.038933525563594293,5.3718665378121795,5.3720076246668738
935,1.3260342074866309,-5.3689846016836977,0.038601675994572648,5.3689846016836977,5.3691233681585535
936,1.3246175042735042,-5.3662229598292832,0.038272270221745855,5.3662229598292832,5.3663594383219309
937,1.3232038249733189,-5.3635806720151926,0.037945270449222981,5.3635806720151926,5.3637148944331869
938,1.3217931599147121,-5.361056814601012,0.037620638858238853,5.361056814601012,5.3611888123669038
939,1.3203854994675186,-5.3586504804335444,0.037298337641376925,5.3586504804335444,5.3587802844902557
940,1.3189808340425531,-5.356360778732661,0.036978329033674262,5.356360778732661,5.3564884195491063
941,1.3175791540913921,-5.354186834970422,0.036660575340863005,5.354186834970422,5.3543123425473516
942,1.3161804501061569,-5.3521277907438005,0.036345038964966936,5.3521277907438005,5.3522511946198374
943,1.3147847126193,-5.3501828036417383,0.036031682427462963,5.3501828036417383,5.3503041328995797
944,1.3133919322033898,-5.348351047107931,0.035720468390172927,5.348351047107931,5.348470330380688
945,1.3120020994708994,-5.3466317102991994,0.035411359674100265,5.3466317102991994,5.3467489757768609
946,1.3106152050739956,-5.3450239979401513,0.035104319276323834,5.3450239979401513,5.3451392733761365
947,1.3092312397043293,-5.3435271301757172,0.034799310385124238,5.3435271301757172,5.3436404428935163
948,1.3078501940928269,-5.3421403424201621,0.034496296393478801,5.3421403424201621,5.3422517193200356
949,1.3064720590094836,-5.3408628852051354,0.034195240911041744,5.3408628852051354,5.3409723527708586
950,1.3050968252631578,-5.3396940240252189,0.033896107774722795,5.3396940240252189,5.3398016083308661
951,1.3037244837013668,-5.3386330391831134,0.033598861057987844,5.3386330391831134,5.3387387658998566
952,1.3023550252100839,-5.3376792256331402,0.033303465078956179,5.3376792256331402,5.3377831200360566
953,1.3009884407135361,-5.3368318928251881,0.033009884407419976,5.3368318928251881,5.336933979800075
954,1.2996247211740042,-5.3360903645476174,0.032718083870823769,5.3360903645476174,5.3361906685977871
955,1.298263857591623,-5.3354539787705431,0.032428028559333189,5.3354539787705431,5.3355525240236048
956,1.296905841004184,-5.334922087489435,0.032139683830029256,5.334922087489435,5.3350188977040487
957,1.2955506624869382,-5.3344940565693175,0.031853015310312344,5.3344940565693175,5.3345891551419147
958,1.2941983131524006,-5.3341692655893027,0.031567988900559979,5.3341692655893027,5.3342626755607707
959,1.2928487841501564,-5.3339471076881271,0.031284570776134848,5.3339471076881271,5.3340388517504431
960,1.2915020666666666,-5.3338269894115449,0.031002727388735996,5.3338269894115449,5.333917089914368
961,1.290158151925078,-5.333808330559604,0.030722425467213751,5.333808330559604,5.3338968095168111
962,1.2888170311850311,-5.3338905640360395,0.030443632017822214,5.3338905640360395,5.3339774431322011
963,1.2874786957424713,-5.3340731356994091,0.030166314324010138,5.3340731356994091,5.3341584362962102
964,1.2861431369294605,-5.3343555042150292,0.029890439945755534,5.3343555042150292,5.3344392473576203
965,1.2848103461139895,-5.3347371409092865,0.02961597671849088,5.3347371409092865,5.3348193473325765
966,1.2834803146997928,-5.3352175296253357,0.029342892751650973,5.3352175296253357,5.3352982197602135
967,1.2821530341261633,-5.3357961665806073,0.029071156426882322,5.3357961665806073,5.3358753605600926
968,1.2808284958677685,-5.3364725602266869,0.028800736395920248,5.3364725602266869,5.3365502778920124
969,1.2795066914344684,-5.3372462311108446,0.028531601578196494,5.3372462311108446,5.3373224920174662
970,1.278187612371134,-5.3381167117393762,0.028263721158161087,5.3381167117393762,5.3381915351629079
971,1.2768712502574664,-5.3390835464435931,0.027997064582375122,5.3390835464435931,5.3391569513856707
972,1.2755575967078188,-5.3401462912474535,0.027731601556376287,5.3401462912474535,5.3402182964415239
973,1.2742466433710173,-5.3413045137377608,0.027467302041343303,5.3413045137377608,5.3413751376547971
974,1.2729383819301847,-5.3425577929363506,0.027204136250580407,5.3425577929363506,5.3426270537904914
975,1.271632804102564,-5.3439057191744119,0.026942074645825126,5.3439057191744119,5.3439736349285258
976,1.2703299016393441,-5.3453478939691639,0.026681087933413949,5.3453478939691639,5.3454144823403444
977,1.2690296663254861,-5.3468839299030151,0.026421147060307099,5.3468839299030151,5.3469492083679908
978,1.2677320899795501,-5.3485134505044876,0.026162223209988206,5.3485134505044876,5.3485774363049758
979,1.2664371644535239,-5.3502360901320234,0.025904287798252615,5.3502360901320234,5.3502988002799938
980,1.2651448816326529,-5.3520514938597703,0.025647312468897156,5.3520514938597703,5.352112945142645
981,1.26385523343527,-5.353959317365522,0.025391269089318054,5.353959317365522,5.3540195263513057
982,1.2625682118126271,-5.3559592268212572,0.025136129746024485,5.3559592268212572,5.3560182098635893
983,1.2612838087487284,-5.3580508987862192,0.024881866740089797,5.3580508987862192,5.3581086720293643
984,1.2600020162601626,-5.3602340201011316,0.024628452582529443,5.3602340201011316,5.3602905994848964
985,1.2587228263959389,-5.3625082877863548,0.024375859989627061,5.3625082877863548,5.3625636890509361
986,1.2574462312373225,-5.3648734089412766,0.024124061878211457,5.3648734089412766,5.3649276476320438
987,1.2561722228976697,-5.3673291006460779,0.023873031360890001,5.3673291006460779,5.3673821921182947
988,1.2549007935222671,-5.3698750898659711,0.023622741741244443,5.3698750898659711,5.3699270492894442
989,1.2536319352881697,-5.3725111133579748,0.023373166508993966,5.3725111133579748,5.3725619557216469
990,1.2523656404040404,-5.3752369175790964,0.023124279335133363,5.3752369175790964,5.3752866576955682
991,1.2511019011099898,-5.3780522585978083,0.022876054067048082,5.3780522585978083,5.3781009111078104
992,1.2498407096774193,-5.3809569020070764,0.022628464723606467,5.3809569020070764,5.3810044813838749
993,1.248582058408862,-5.3839506228394907,0.022381485490241416,5.3839506228394907,5.3839971433932323
994,1.2473259396378269,-5.3870332054855066,0.022135090714021262,5.3870332054855066,5.387078681367516
995,1.2460723457286431,-5.3902044436125625,0.021889254898705718,5.3902044436125625,5.3902488888195732
996,1.2448212690763052,-5.3934641400875325,0.021643952699801274,5.3934641400875325,5.3935075684658687
997,1.2435727021063188,-5.3968121069005903,0.021399158919611118,5.3968121069005903,5.3968545321503019
998,1.242326637274549,-5.4002481650918508,0.02115484850228129,5.4002481650918508,5.4002896007707824
999,1.2410830670670669,-5.4037721446792144,0.020910996528850437,5.4037721446792144,5.4038126042070358
1000,1.2398419839999999,-5.407383884589418,0.02066757821229815,5.407383884589418,5.4074233812516024
1001,1.2386033806193806,-5.4110832325902205,0.020424568892600248,5.4110832325902205,5.4111217795419719
1002,1.237367249500998,-5.4148700452254204,0.020181944031787233,5.4148700452254204,5.4149076554955622
1003,1.2361335832502491,-5.4187441877513081,0.019939679209003316,5.4187441877513081,5.4187808742461199
1004,1.234902374501992,-5.4227055340755292,0.019697750115582266,5.4227055340755292,5.4227413095825421
1005,1.2336736159203978,-5.4267539666980333,0.019456132550120755,5.4267539666980333,5.4267888438897867
1006,1.232447300198807,-5.4308893766537754,0.019214802413567121,5.4308893766537754,5.4309233680915279
1007,1.2312234200595829,-5.4351116634572048,0.018973735704309623,5.4351116634572048,5.4351447815946097
1008,1.2300019682539682,-5.4394207350496231,0.018732908513286448,5.4394207350496231,5.4394529922363652
1009,1.2287829375619423,-5.4438165077474423,0.018492297019089707,5.4438165077474423,5.443847916232837
1010,1.2275663207920791,-5.448298906193271,0.018251877483089159,5.448298906193271,5.4483294781298284
1011,1.2263521107814044,-5.4528678633081284,0.018011626244560444,5.4528678633081284,5.4528976107550857
1012,1.2251403003952568,-5.45752332024602,0.01777151971582356,5.45752332024602,5.4575522551728399
1013,1.2239308825271471,-5.4622652263506843,0.01753153437738756,5.4622652263506843,5.4622933606405217
1014,1.2227238500986193,-5.4670935391135806,0.017291646773105414,5.4670935391135806,5.467120884566719
1015,1.2215191960591132,-5.4720082241341874,0.0170518335053398,5.4720082241341874,5.472034792471451
1016,1.2203169133858267,-5.4770092550821463,0.016812071230129053,5.4770092550821463,5.4770350579482816
1017,1.219116995083579,-5.4820966136607776,0.016572336652364891,5.4820966136607776,5.482121662627808
1018,1.2179194341846757,-5.4872702895730683,0.016332606520976678,5.4872702895730683,5.4872945961436299
1019,1.2167242237487732,-5.492530280489369,0.016092857624119238,5.492530280489369,5.4925538561000149
1020,1.215531356862745,-5.4978765920164534,0.015853066784366467,5.4978765920164534,5.4978994480409442
1021,1.2143408266405484,-5.5033092376686561,0.015613210853909584,5.5033092376686561,5.5033313854212285
1022,1.2131526262230918,-5.5088282388406569,0.015373266709756431,5.5088282388406569,5.5088496895792662
1023,1.2119667487781036,-5.5144336247826793,0.015133211248937101,5.5144336247826793,5.5144543897122356
1024,1.2107831874999999,-5.5201254325765508,0.014893021383705747,5.5201254325765508,5.5201455228521263
1025,1.209601935609756,-5.5259037071138533,0.014652674036747797,5.5259037071138533,5.5259231338438877
1026,1.2084229863547757,-5.5317685010760851,0.014412146136385057,5.5317685010760851,5.5317872753255628
1027,1.2072463330087633,-5.5377198749162151,0.014171414611774603,5.5377198749162151,5.5377380077098408
1028,1.2060719688715953,-5.543757896842159,0.013930456388114,5.543757896842159,5.5437753991675178
1029,1.2048998872691934,-5.549882642801963,0.01368924838183172,5.549882642801963,5.5498995256126715
1030,1.203730081553398,-5.5560941964702639,0.013447767495782602,5.5560941964702639,5.5561104706891111
1031,1.2025625451018427,-5.562392649237637,0.013205990614430618,5.562392649237637,5.5624083257597157
1032,1.2013972713178294,-5.568778100199939,0.012963894599024833,5.568778100199939,5.5687931898957794
1033,1.2002342536302033,-5.5752506561507733,0.012721456282768592,5.5752506561507733,5.5752651698694642
1034,1.1990734854932301,-5.5818104315751267,0.012478652465976993,5.5818104315751267,5.5818243801474319
1035,1.1979149603864734,-5.5884575486444383,0.012235459911222126,5.5884575486444383,5.5884709428859205
1036,1.1967586718146717,-5.5951921372137203,0.011991855338468273,5.5951921372137203,5.5952049879278514
1037,1.1956046133076181,-5.6020143348204048,0.011747815420187657,5.6020143348204048,5.602026652801686
1038,1.1944527784200385,-5.6089242866843207,0.011503316776465804,5.6089242866843207,5.6089360827213985
1039,1.1933031607314726,-5.6159221457099111,0.011258335970085159,5.6159221457099111,5.6159334305887061
1040,1.1921557538461538,-5.6230080724901157,0.011012849501594126,5.6230080724901157,5.6230188569969375
1041,1.1910105513928915,-5.6301822353113753,0.010766833804350236,5.6301822353113753,5.6301925302360631
1042,1.189867547024952,-5.637444810160849,0.010520265239548784,5.637444810160849,5.6374546262999052
1043,1.1887267344199424,-5.6447959807351449,0.010273120091217058,5.6447959807351449,5.6448053288948818
1044,1.1875881072796934,-5.6522359384503638,0.010025374561198515,5.6522359384503638,5.6522448294500611
1045,1.1864516593301435,-5.659764882454656,0.0097770047640946649,5.659764882454656,5.659773327129729
1046,1.1853173843212237,-5.6673830196415018,0.009527986722190615,5.6673830196415018,5.6673910288466773
1047,1.1841852760267431,-5.6750905646652665,0.0092782963603409568,5.6750905646652665,5.6750981492777797
1048,1.1830553282442746,-5.6828877399581383,0.009027909500830586,5.6828877399581383,5.6828949108809388
1049,1.1819275347950429,-5.6907747757488671,0.0087768018582012192,5.6907747757488671,5.6907815439138432
1050,1.1808018895238095,-5.6987519100834465,0.0085249490340370791,5.6987519100834465,5.6987582864546695
1051,1.179678386298763,-5.7068193888467817,0.0082723265117190664,5.7068193888467817,5.7068253844237677
1052,1.1785570190114067,-5.7149774657868644,0.0080189096511374264,5.7149774657868644,5.7149830916078512
1053,1.1774377815764481,-5.7232264025399751,0.0077646736833635495,5.7232264025399751,5.7232316696852372
1054,1.1763206679316887,-5.7315664686580838,0.0075095937052786742,5.7315664686580838,5.7315713882532533
1055,1.1752056720379147,-5.7399979416377054,0.0072536446741598183,5.7399979416377054,5.7400025248571245
1056,1.1740927878787879,-5.7485211069503457,0.0069968014022124825,5.7485211069503457,5.7485253650204493
1057,1.1729820094607379,-5.7571362580754624,0.0067390385510647383,5.7571362580754624,5.7571402022781886
1058,1.1718733308128544,-5.7658436965336843,0.0064803306262009759,5.7658436965336843,5.7658473382099045
1059,1.1707667459867799,-5.7746437319231987,0.0062206519713470521,5.7746437319231987,5.7746470824761955
1060,1.1696622490566038,-5.7835366819576368,0.0059599767628003043,5.7835366819576368,5.7835397528565986
1061,1.1685598341187557,-5.7925228725046232,0.0056982790037010227,5.7925228725046232,5.7925256752881831
1062,1.167459495291902,-5.8016026376277612,0.0054355325182448028,5.8016026376277612,5.801605183907566
1063,1.1663612267168391,-5.8107763196290705,0.0051717109458332376,5.8107763196290705,5.8107786210933954
1064,1.165265022556391,-5.8200442690938452,0.0049067877351598524,5.8200442690938452,5.820046337511239
1065,1.164170876995305,-5.829406844937461,0.0046407361382331709,5.829406844937461,5.8294086921604338
1066,1.16307878424015,-5.8388644144535338,0.0043735292043241142,5.8388644144535338,5.8388660524222953
1067,1.1619887385192127,-5.8484173533643418,0.0041051397738503352,5.8484173533643418,5.8484187941105699
1068,1.1609007340823969,-5.8580660458727305,0.0038355404721805274,5.8580660458727305,5.8580673015234028
1069,1.1598147652011224,-5.8678108847165831,0.0035647037033645895,5.8678108847165831,5.8678119674978424
1070,1.1587308261682243,-5.8776522712241253,0.0032926016437883534,5.8776522712241253,5.8776531934652043
1071,1.1576489112978523,-5.887590615372357,0.003019206235741952,5.887590615372357,5.887591389509546
1072,1.1565690149253731,-5.897626335846363,0.0027444891809074619,5.897626335846363,5.897626974427042
1073,1.1554911314072693,-5.9077598601014412,0.0024684219337575957,5.9077598601014412,5.9077603757881576
1074,1.1544152551210427,-5.9179916244263264,0.0021909756948692589,5.9179916244263264,5.9179920300009394
1075,1.1533413804651163,-5.928322074009527,0.0019121214041379429,5.928322074009527,5.9283223823774032
1076,1.1522695018587359,-5.9387516630065456,0.0016318297339037472,5.9387516630065456,5.9387518872008194
1077,1.1511996137418754,-5.9492808546097695,0.0013500710819758475,5.9492808546097695,5.9492810077956717
1078,1.150131710575139,-5.9599101211205632,0.001066815564555415,5.9599101211205632,5.9599102165998081
1079,1.1490657868396663,-5.9706399440229632,0.00078203300905597874,5.9706399440229632,5.9706399952382112
1080,1.1480018370370371,-5.9814708140598203,0.00049569294681514435,5.9814708140598203,5.9814708345992083
1081,1.1469398556891766,-5.9924032313110871,0.00020776460569742108,5.9924032313110871,5.9924032349128247
1082,1.1458798373382624,-6.0034377052740027,-8.1783097419035715e-05,6.0034377052740027,6.0034377058310566
1083,1.1448217765466298,-6.0145747549459632,-0.00037298156427041955,6.0145747549459632,6.0145747665108074
1084,1.143765667896679,-6.0258149089091457,-0.00066586252296007816,6.0258149089091457,6.0258149456986008
1085,1.1427115059907833,-6.0371587054176405,-0.00096045803582997698,6.0371587054176405,6.0371587818177881
1086,1.1416592854511969,-6.0486066924870183,-0.0012568005074629471,6.0486066924870183,6.0486068230582033
1087,1.1406090009199632,-6.0601594279856368,-0.0015549226928185467,6.0601594279856368,6.0601596274675629
1088,1.1395606470588235,-6.0718174797291056,-0.0018548577054985221,6.0718174797291056,6.0718177630460071
1089,1.1385142185491275,-6.0835814255767353,-0.0021566390261582046,6.0835814255767353,6.0835818078426582
1090,1.137469710091743,-6.0954518535300348,-0.0024603005110535735,6.0954518535300348,6.0954523500542068
1091,1.1364271164069659,-6.107429361834475,-0.0027658764007425212,6.107429361834475,6.1074299881267669
1092,1.1353864322344323,-6.1195145590834432,-0.0030734013289322607,6.1195145590834432,6.1195153308599499
1093,1.1343476523330283,-6.1317080643241741,-0.0033829103314850432,6.1317080643241741,6.1317089975128818
1094,1.1333107714808044,-6.1440105071673639,-0.0036944388555817959,6.1440105071673639,6.1440116179139359
1095,1.1322757844748859,-6.15642252789835,-0.0040080227690515845,6.15642252789835,6.1564238325720257
1096,1.1312426861313867,-6.1689447775915323,-0.0043236983698696696,6.1689447775915323,6.1689462927911309
1097,1.1302114712853235,-6.1815779182276245,-0.0046415023958277781,6.1815779182276245,6.1815796607876745
1098,1.1291821347905282,-6.1943226228131554,-0.0049614720343858134,6.1943226228131554,6.1943246098101445
1099,1.1281546715195632,-6.2071795755030816,-0.0052836449327027359,6.2071795755030816,6.207181824261828
1100,1.1271290763636364,-6.2201494717266002,-0.0056080592078590341,6.2201494717266002,6.2201519998267552
1101,1.1261053442325157,-6.2332330183148859,-0.0059347534572719782,6.2332330183148859,6.2332358435975683
1102,1.1250834700544463,-6.2464309336328245,-0.0062637667693096408,6.2464309336328245,6.2464340742073929
1103,1.1240634487760652,-6.2597439477134174,-0.0065951387341078704,6.2597439477134174,6.2597474219643789
1104,1.1230452753623188,-6.2731728023948179,-0.0069289094546001219,6.2731728023948179,6.27317662898888
1105,1.12202894479638,-6.2867182514609379,-0.0072651195577603106,6.2867182514609379,6.2867224493542153
1106,1.121014452079566,-6.3003810607852238,-0.0076038102060691434,6.3003810607852238,6.3003856492305914
1107,1.1200017922312555,-6.3141620084774441,-0.0079450231092071059,6.3141620084774441,6.3141670070320535
1108,1.1189909602888086,-6.3280618850339856,-0.0082888005359819383,6.3280618850339856,6.3280673135669314
1109,1.1179819513074842,-6.3420814934913601,-0.0086351853264961653,6.3420814934913601,6.3420873721915267
1110,1.1169747603603604,-6.3562216495830128,-0.008984220904562466,6.3562216495830128,6.3562279989670811
1111,1.1159693825382537,-6.3704831819000258,-0.0093359512903708752,6.3704831819000258,6.3704900228206593
1112,1.1149658129496403,-6.3848669320549654,-0.0096904211134187096,6.3848669320549654,6.3848742857091825
1113,1.1139640467205749,-6.3993737548495666,-0.010047675625707745,6.3993737548495666,6.3993816427872883
1114,1.112964078994614,-6.4140045184460792,-0.010407760715215951,6.4140045184460792,6.414012962578874
1115,1.1119659049327353,-6.4287601045421194,-0.010770722919651775,6.4287601045421194,6.4287691271521501
1116,1.1109695197132616,-6.443641408550139,-0.011136609440501301,6.443641408550139,6.443651032299301
1117,1.1099749185317815,-6.4586493397795479,-0.011505468157369924,6.4586493397795479,6.4586595877188255
1118,1.1089820966010733,-6.4737848216239584,-0.011877347642635497,6.4737848216239584,6.4737957172029903
1119,1.1079910491510276,-6.4890487917524169,-0.012252297176412397,6.4890487917524169,6.4890603588292812
1120,1.1070017714285714,-6.5044422023036947,-0.012630366761842232,6.5044422023036947,6.5044544651549279
1121,1.1060142586975914,-6.5199660200863523,-0.013011607140715881,6.5199660200863523,6.5199790034171929
1122,1.1050285062388592,-6.5356212267819558,-0.013396069809438787,6.5356212267819558,6.5356349557368354
1123,1.1040445093499553,-6.5514088191534547,-0.013783807035347779,6.5514088191534547,6.5514233193267284
1124,1.1030622633451956,-6.56732980925762,-0.014174871873387881,6.56732980925762,6.5673451067045612
1125,1.1020817635555555,-6.5833852246626474,-0.014569318183161015,6.5833852246626474,6.5834013459106968
1126,1.1011030053285966,-6.5995761086694102,-0.014967200646359386,6.5995761086694102,6.5995930807296945
1127,1.1001259840283939,-6.6159035205390371,-0.015368574784585486,6.6159035205390371,6.6159213709181675
1128,1.0991506950354608,-6.6323685357243072,-0.015773496977581208,6.6323685357243072,6.6323872924364631
1129,1.0981771337466784,-6.648972246106247,-0.016182024481868965,6.648972246106247,6.6489919376855537
1130,1.0972052955752212,-6.6657157602363846,-0.016594215449818851,6.6657157602363846,6.665736415749584
1131,1.0962351759504863,-6.6826002035835117,-0.017010128949155857,6.6826002035835117,6.6826218526429635
1132,1.0952667703180212,-6.6996267187866447,-0.017429824982916287,6.6996267187866447,6.6996493915636242
1133,1.0943000741394526,-6.7167964659126849,-0.017853364509869504,6.7167964659126849,6.7168201931510305
1134,1.0933350828924162,-6.7341106227204612,-0.018280809465415042,6.7341106227204612,6.7341354357505514
1135,1.0923717920704845,-6.7515703849297086,-0.018712222782970363,6.7515703849297086,6.7515963156827867
1136,1.0914101971830985,-6.7691769664968522,-0.019147668415862865,6.7691769664968522,6.7692040475197146
1137,1.0904502937554967,-6.7869315998958246,-0.019587211359741827,6.7869315998958246,6.7869598643658824
1138,1.0894920773286467,-6.8048355364059052,-0.020030917675521766,6.8048355364059052,6.8048650181466179
1139,1.0885355434591746,-6.8228900464053677,-0.020478854512877127,6.8228900464053677,6.8229207799020797
1140,1.0875806877192982,-6.8410964196717163,-0.020931090134300237,6.8410964196717163,6.8411284400878927
1141,1.0866275056967571,-6.859455965688328,-0.021387693939740562,6.859455965688328,6.8594893088822033
1142,1.0856759929947459,-6.8779700139583397,-0.021848736491843115,6.8779700139583397,6.8780047165000093
1143,1.084726145231846,-6.8966399143246644,-0.022314289541800904,6.8966399143246644,6.896676013513602
1144,1.083777958041958,-6.9154670372979936,-0.022784426055841918,6.9154670372979936,6.9155045711810335
1145,1.0828314270742356,-6.9344527743916036,-0.023259220242367436,6.9344527743916036,6.9344917817813938
1146,1.0818865479930191,-6.9535985384629733,-0.023738747579761361,6.9535985384629733,6.9536390589569024
1147,1.080943316477768,-6.9729057640641816,-0.024223084844891433,6.9729057640641816,6.9729478380638197
1148,1.0800017282229963,-6.9923759077995804,-0.024712310142320212,6.9923759077995804,6.9924195765306143
1149,1.0790617789382071,-7.0120104486908357,-0.025206502934250336,7.0120104486908357,7.0120557542235522
1150,1.0781234643478259,-7.0318108885510728,-0.025705744071222156,7.0318108885510728,7.0318578738213757
1151,1.0771867801911381,-7.0517787523670616,-0.026210115823589154,7.0517787523670616,7.0518274611980578
1152,1.0762517222222221,-7.0719155886896718,-0.026719701913793734,7.0719155886896718,7.0719660658138306
1153,1.0753182862098871,-7.0922229700335286,-0.027234587549466255,7.0922229700335286,7.0922752611154483
1154,1.0743864679376083,-7.1127024932856067,-0.027754859457372438,7.1127024932856067,7.1127566449453887
1155,1.0734562632034632,-7.1333557801228213,-0.028280605918237896,7.1333557801228213,7.1334118399600879
1156,1.072527667820069,-7.1541844774394541,-0.028811916802471228,7.1541844774394541,7.1542424940580167
1157,1.0716006776145202,-7.1751902577838713,-0.02934888360681593,7.1751902577838713,7.1752502808170782
1158,1.0706752884283246,-7.1963748198058433,-0.029891599491962031,7.1963748198058433,7.1964368999426211
1159,1.0697514961173424,-7.2177398887133624,-0.030440159321141518,7.2177398887133624,7.2178040777249883
1160,1.0688292965517241,-7.2392872167404434,-0.030994659699740759,7.2392872167404434,7.239353567508048
1161,1.0679086856158484,-7.2610185836255052,-0.031555199015963542,7.2610185836255052,7.261087150168346
1162,1.0669896592082615,-7.2829357971007926,-0.032121877482571989,7.2829357971007926,7.2830066346053233
1163,1.0660722132416165,-7.3050406933932841,-0.032694797179744384,7.3050406933932841,7.3051138582430371
1164,1.0651563436426117,-7.3273351377366698,-0.033274062099081625,7.3273351377366698,7.3274106875429759
1165,1.0642420463519313,-7.3498210248963964,-0.033859778188798484,7.3498210248963964,7.3498990185299897
1166,1.0633293173241851,-7.3725002797055552,-0.034452053400139307,7.3725002797055552,7.3725807773290608
1167,1.0624181525278491,-7.3953748576144545,-0.035050997735053907,7.3953748576144545,7.3954579207158107
1168,1.0615085479452053,-7.4184467452526039,-0.035656723295175899,7.4184467452526039,7.4185324366794481
1169,1.060600499572284,-7.4417179610038353,-0.036269344332144529,7.4417179610038353,7.4418063449988656
1170,1.0596940034188034,-7.4651905555957079,-0.036888977299312134,7.4651905555957079,7.4652816978330785
1171,1.0587890555081128,-7.4888666127018713,-0.037515740904882577,7.4888666127018713,7.4889605803246448
1172,1.0578856518771331,-7.5127482495599764,-0.038149756166527132,7.5127482495599764,7.5128451112186561
1173,1.0569837885763,-7.5368376176034495,-0.038791146467524754,7.5368376176034495,7.5369374434956473
1174,1.0560834616695058,-7.5611369031085687,-0.039440037614477272,7.5611369031085687,7.5612397650198391
1175,1.0551846672340426,-7.5856483278576796,-0.040096557896650425,7.5856483278576796,7.5857542992035523
1176,1.0542874013605441,-7.6103741498180746,-0.04076083814699473,7.6103741498180746,7.6104833056873353
1177,1.0533916601529312,-7.6353166638367682,-0.041433011804899958,7.6353166638367682,7.635429081036027
1178,1.0524974397283531,-7.6604782023536124,-0.042113214980743455,7.6604782023536124,7.6605939594532
1179,1.051604736217133,-7.6858611361304554,-0.042801586522288354,7.6858611361304554,7.6859803135116964
1180,1.0507135457627117,-7.7114678749987853,-0.043498268082996658,7.7114678749987853,7.7115905549026973
1181,1.0498238645215918,-7.7373008686259936,-0.044203404192319662,7.7373008686259936,7.737427135203454
1182,1.0489356886632826,-7.7633626073002517,-0.044917142328032608,7.7633626073002517,7.7634925466636915
1183,1.048049014370245,-7.7896556227348732,-0.045639632990682327,7.7896556227348732,7.7897893230115383
1184,1.0471638378378378,-7.816182488892899,-0.04637102978022016,7.816182488892899,7.816320040279753
1185,1.0462801552742615,-7.8429458228323803,-0.047111489474896059,7.8429458228323803,7.8430873176526861
1186,1.0453979629005059,-7.8699482855726401,-0.047861172112487166,7.8699482855726401,7.8700938183342979
1187,1.0445172569502947,-7.8971925829823171,-0.048620241073946871,7.8971925829823171,7.8973422504379913
1188,1.0436380336700335,-7.9246814666907071,-0.049388863169551808,7.9246814666907071,7.9248353678998509
1189,1.0427602893187551,-7.952417735021136,-0.05016720872764048,7.952417735021136,7.952575971413931
1190,1.0418840201680672,-7.9804042339487786,-0.050955451686027137,7.9804042339487786,7.9805669093920955
1191,1.041009222502099,-8.0086438580834809,-0.051753769686190165,8.0086438580834809,8.00881107894892
1192,1.0401358926174495,-8.0371395516767237,-0.052562344170328013,8.0371395516767237,8.0373114269108044
1193,1.0392640268231348,-8.065894309656052,-0.053381360481388182,8.065894309656052,8.0660709508526356
1194,1.038393621440536,-8.0949111786850132,-0.054211007966172245,8.0949111786850132,8.0950927001600359
1195,1.0375246728033471,-8.1241932582518075,-0.055051480081628537,8.1241932582518075,8.1243797771204225
1196,1.036657177257525,-8.153743701786059,-0.055902974504443814,8.153743701786059,8.1539353380422543
1197,1.0357911311612364,-8.1835657178046475,-0.056765693244057294,8.1835657178046475,8.1837625944034436
1198,1.0349265308848079,-8.2136625710887117,-0.057639842759217005,8.2136625710887117,8.2138648140310266
1199,1.0340633728106754,-8.2440375838909645,-0.058525634078208849,8.2440375838909645,8.2442453223112562
1200,1.0332016533333332,-8.2746941371759171,-0.059423282922894199,8.2746941371759171,8.2749075034327007
1201,1.032341368859284,-8.3056356718929223,-0.060333009836692819,8.3056356718929223,8.3058548016622673
1202,1.0314825158069882,-8.3368656902837195,-0.061255040316659126,8.3368656902837195,8.3370907226558373
1203,1.0306250906068162,-8.3683877572253671,-0.062189604949802413,8.3683877572253671,8.3686188348044155
1204,1.0297690897009966,-8.4002055016093422,-0.063136939553810417,8.4002055016093422,8.4004427706165643
1205,1.0289145095435683,-8.4323226177589774,-0.064097285322340741,8.4323226177589774,8.4325662281392901
1206,1.0280613466003317,-8.4647428668848619,-0.065070888975050062,8.4647428668848619,8.4649929724170558
1207,1.0272095973487987,-8.4974700785813688,-0.06605800291254546,8.4974700785813688,8.4977268369920225
1208,1.0263592582781456,-8.5305081523635202,-0.067058885376438698,8.5305081523635202,8.5307717254447972
1209,1.0255103258891645,-8.5638610592479019,-0.068073800614703722,8.5638610592479019,8.5641316129793754
1210,1.0246627966942148,-8.5975328433765519,-0.06910301905253885,8.5975328433765519,8.5978105480512124
1211,1.0238166672171758,-8.6315276236873579,-0.070146817468946271,8.6315276236873579,8.631812654041962
1212,1.0229719339933994,-8.6658495956313111,-0.07120547917925113,8.6658495956313111,8.6661421309812656
1213,1.022128593569662,-8.700503032938169,-0.072279294223792728,8.700503032938169,8.7008032573170944
1214,1.0212866425041185,-8.7354922894335516,-0.073368559563028179,8.7354922894335516,8.7358003917377474
1215,1.0204460773662551,-8.7708218009064254,-0.074473579279302343,8.7708218009064254,8.7711379750444074
1216,1.019606894736842,-8.806496087032496,-0.075594664785551519,8.806496087032496,8.8068205320798221
1217,1.0187690912078882,-8.8425197533509916,-0.076732135041208765,8.8425197533509916,8.8428526737105866
1218,1.0179326633825942,-8.8788974933012845,-0.077886316775609893,8.8788974933012845,8.8792390988694905
1219,1.0170976078753076,-8.9156340903173792,-0.079057544719194822,8.9156340903173792,8.9159845966559654
1220,1.0162639213114752,-8.9527344199845373,-0.080246161842823127,8.9527344199845373,8.9530940484988975
1221,1.0154316003276003,-8.9902034522602854,-0.081452519605532875,8.9902034522602854,8.9905724303841108
1222,1.0146006415711948,-9.0280462537605963,-0.082676978211090602,9.0280462537605963,9.028424815147261
1223,1.0137710417007357,-9.0662679901146035,-0.083919906873694161,9.0662679901146035,9.0666563748355653
1224,1.0129427973856209,-9.1048739283904823,-0.085181684093200788,9.1048739283904823,9.1052723831409725
1225,1.0121159053061224,-9.1438694395940061,-0.0864626979402916,9.1438694395940061,9.1442782179063382
1226,1.0112903621533442,-9.1832600012432906,-0.087763346351972082,9.1832600012432906,9.1836793637080891
1227,1.0104661646291768,-9.2230512000225104,-0.089084037437855368,9.2230512000225104,9.2234814145182131
1228,1.009643309446254,-9.2632487345160044,-0.090425189797680383,9.2632487345160044,9.2636900764469825
1229,1.0088217933279089,-9.3038584180279464,-0.091787232850544132,9.3038584180279464,9.304311170571621
1230,1.00800161300813,-9.3448861814891941,-0.0931706071763507,9.3448861814891941,9.3453506358525313
1231,1.0071827652315191,-9.3863380764543187,-0.094575764870000106,9.3863380764543187,9.386814532140118
1232,1.0063652467532467,-9.4282202781936775,-0.096003169908878222,9.4282202781936775,9.428709043277081
1233,1.0055490543390104,-9.4705390888822336,-0.097453298534214861,9.4705390888822336,9.4710404802979031
1234,1.0047341847649918,-9.5133009408903924,-0.098926639646928022,9.5133009408903924,9.5138152847308248
1235,1.0039206348178138,-9.5565124001790913,-0.10042369521859063,9.5565124001790913,9.5570400320045792
1236,1.0031084012944984,-9.6001801698049789,-0.10194498071819305,9.6001801698049789,9.6007214349657275
1237,1.0022974810024252,-9.6443110935380787,-0.1034910255553978,9.6443110935380787,9.6448663475090282
1238,1.0014878707592891,-9.6889121595971552,-0.10506237354104236,9.6889121595971552,9.6894817683260897
1239,1.0006795673930589,-9.7339905045073714,-0.10665958336565667,9.7339905045073714,9.73457484477691
1240,0.99987256774193545,-9.77955341708509,-0.1082832290968222,9.77955341708509,9.7801528768892112
1241,0.99906686865431094,-9.8256083425536573,-0.10993390069623171,9.8256083425536573,9.8262233214894064
1242,0.99826246698872778,-9.8721628867973834,-0.11161220455735879,9.8721628867973834,9.8727937964724948
1243,0.99745935961383747,-9.9192248207567921,-0.11331876406469035,9.9192248207567921,9.9198720852139406
1244,0.9966575434083601,-9.9668020849730148,-0.11505422017553127,9.9668020849730148,9.9674661411314869
1245,0.99585701526104409,-10.014902794285526,-0.11681923202543545,10.014902794285526,10.015584092401154
1246,0.99505777207062596,-10.063535242690509,-0.11861447755838495,10.063535242690509,10.064234246834699
1247,0.99425981074578984,-10.112707908366147,-0.1204406541828911,10.112707908366147,10.113425096924939
1248,0.99346312820512817,-10.162429458870982,-0.12229847945525751,10.162429458870982,10.163165325065112
1249,0.99266772137710158,-10.212708756523771,-0.12418869179131614,10.212708756523771,10.213463808950721
1250,0.99187358719999996,-10.263554863970665,-0.12611205120801183,10.263554863970665,10.264329627169804
1251,0.99108072262190239,-10.314977049949764,-0.12806934009630344,10.314977049949764,10.315772064991696
1252,0.99028912460063889,-10.366984795258581,-0.13006136402690371,10.366984795258581,10.367800620359903
1253,0.98949879010375097,-10.419587798935055,-0.13208895259050085,10.419587798935055,10.420425010099766
1254,0.98870971610845293,-10.472795984661396,-0.13415296027416518,10.472795984661396,10.473655176350336
1255,0.9879218996015936,-10.526619507397577,-0.13625426737576374,10.526619507397577,10.527501293227244
1256,0.9871353375796178,-10.581068760257903,-0.13839378095829996,10.581068760257903,10.581973773730194
1257,0.98635002704852814,-10.636154381639347,-0.14057243584620727,10.636154381639347,10.637083276903761
1258,0.9855659650238473,-10.691887262611633,-0.1427911956657491,10.691887262611633,10.692840715261616
1259,0.9847831485305798,-10.748278554583422,-0.14505105393179607,10.748278554583422,10.749257262488634
1260,0.9840015746031745,-10.805339677254167,-0.14735303518339316,10.805339677254167,10.80634436143051
1261,0.98322124028548763,-10.863082326866103,-0.1496981961706611,10.863082326866103,10.864113732385508
1262,0.98244214263074481,-10.921518484768701,-0.15208762709575235,10.921518484768701,10.922577381710786
1263,0.9816642787015043,-10.980660426310447,-0.15452245291071542,10.980660426310447,10.981747610758221
1264,0.98088764556962016,-11.040520730072835,-0.1570038346753142,11.040520730072835,11.041637025154866
1265,0.98011224031620547,-11.10111228746192,-0.15953297097804126,11.10111228746192,11.102258544443428
1266,0.97933806003159551,-11.162448312674453,-0.1621110994237423,11.162448312674453,11.163625412100011
1267,0.97856510181531164,-11.224542353054964,-0.16473949819149947,11.224542353054964,11.225751205945599
1268,0.97779336277602513,-11.287408299864385,-0.16741948766664427,11.287408299864385,11.288649848972106
1269,0.97702284003152085,-11.351060399476914,-0.17015243215101389,11.351060399476914,11.352335620599838
1270,0.97625353070866139,-11.415513265027585,-0.17293974165582948,11.415513265027585,11.416823168389037
1271,0.97548543194335158,-11.48078188853172,-0.17578287378185198,11.48078188853172,11.482127520226944
1272,0.97471854088050303,-11.546881653497934,-0.17868333569177425,11.546881653497934,11.548264097012206
1273,0.97395285467399839,-11.613828348060853,-0.18164268618013896,11.613828348060853,11.615248725863111
1274,0.97318837048665618,-11.681638178657366,-0.18466253784640185,11.681638178657366,11.683097653873704
1275,0.97242508549019602,-11.750327784273889,-0.18774455937714135,11.750327784273889,11.751827562445538
1276,0.97166299686520374,-11.819914251293234,-0.19089047794383474,11.819914251293234,11.821455582223981
1277,0.97090210180109626,-11.8904151289723,-0.19410208172301124,11.8904151289723,11.891999308670623
1278,0.97014239749608755,-11.961848445579324,-0.1973812225460958,11.961848445579324,11.963476818300869
1279,0.9693838811571539,-12.034232725229352,-0.20072981868673528,12.034232725229352,12.035906685625768
1280,0.96862654999999998,-12.107587005449165,-0.20414985779394362,12.107587005449165,12.109308000829726
1281,0.96787040124902413,-12.18193085551302,-0.20764339997998316,12.18193085551302,12.183700388225878
1282,0.96711543213728546,-12.25728439558786,-0.21121258107251301,12.25728439558786,12.259104025528332
1283,0.96636163990646917,-12.333668316731249,-0.21485961604124654,12.333668316731249,12.335539663984937
1284,0.96560902180685348,-12.411103901788231,-0.21858680261003544,12.411103901788231,12.413028649417447
1285,0.96485757509727621,-12.48961304723392,-0.22239652506613822,12.48961304723392,12.491592944216414
1286,0.96410729704510101,-12.569218286014571,-0.22629125827925439,12.569218286014571,12.571255150344246
1287,0.96335818492618486,-12.649942811442251,-0.23027357194384152,12.649942811442251,12.652038533402246
1288,0.96261023602484463,-12.731810502198599,-0.2343461350592238,12.731810502198599,12.733967047817885
1289,0.96186344763382459,-12.814845948512698,-0.23851172066309539,12.814845948512698,12.817065363218132
1290,0.96111781705426347,-12.899074479577642,-0.24277321083519154,12.899074479577642,12.901358892054375
1291,0.96037334159566223,-12.984522192275001,-0.24713360198917855,12.984522192275001,12.986873818549027
1292,0.95963001857585128,-13.071215981285363,-0.2515960104722017,13.071215981285363,13.073637129043142
1293,0.95888784532095894,-13.159183570660559,-0.25616367849303101,13.159183570660559,13.161676643821709
1294,0.95814681916537858,-13.248453546947118,-0.26083998040140377,13.248453546947118,13.251021050507447
1295,0.95740693745173744,-13.339055393949618,-0.26562842934291442,13.339055393949618,13.341699939113141
1296,0.95666819753086418,-13.431019529232902,-0.27053268431579347,13.431019529232902,13.433743838852918
1297,0.95593059676175784,-13.524377342466082,-0.27555655765798948,13.524377342466082,13.527184256817019
1298,0.95519413251155616,-13.619161235721844,-0.28070402299532904,13.619161235721844,13.622053718625336
1299,0.95445880215550416,-13.715404665849139,-0.28597922368402662,13.715404665849139,13.718385811179655
1300,0.95372460307692297,-13.81314218904857,-0.29138648178359827,13.81314218904857,13.816215227646094
1301,0.95299153266717906,-13.912409507786926,-0.29693030759926031,13.912409507786926,13.915577814806364
1302,0.95225958832565283,-14.013243520199744,-0.3026154098361975,14.013243520199744,14.016510622929319
1303,0.95152876745970827,-14.115682372139322,-0.30844670641172967,14.115682372139322,14.119051958322876
1304,0.95079906748466247,-14.219765512038965,-0.31442933597538836,14.219765512038965,14.223241438740139
1305,0.95007048582375475,-14.325533748776913,-0.32056867019130286,14.325533748776913,14.329120051826438
1306,0.94934301990811631,-14.433029312736863,-0.32687032684209172,14.433029312736863,14.436730216807801
1307,0.94861666717674054,-14.542295920277066,-0.33334018381877695,14.542295920277066,14.546115849636815
1308,0.94789142507645252,-14.653378841838819,-0.33998439406705494,14.653378841838819,14.657322431831085
1309,0.94716729106187925,-14.766324973938648,-0.34680940156671702,14.766324973938648,14.770397083253357
1310,0.94644426259541981,-14.881182915312781,-0.35382195842809672,14.881182915312781,14.885388639107241
1311,0.94572233714721576,-14.998003047502685,-0.36102914319728652,14.998003047502685,15.002347731443157
1312,0.94500151219512185,-15.116837620191017,-0.36843838047055566,15.116837620191017,15.121326875490329
1313,0.94428178522467621,-15.237740841627854,-0.37605746192802769,15.237740841627854,15.242380561161871
1314,0.94356315372907151,-15.360768974511203,-0.38389456890732998,15.360768974511203,15.365565350104839
1315,0.94284561520912535,-15.485980437719476,-0.39195829664980519,15.485980437719476,15.490939978701839
1316,0.94212916717325224,-15.613435914324583,-0.40025768036499842,15.613435914324583,15.618565467462492
1317,0.9414138071374335,-15.743198466354691,-0.40880222327387161,15.743198466354691,15.748505237284787
1318,0.94069953262518957,-15.875333656814334,-0.41760192680741781,15.875333656814334,15.880825233105968
1319,0.93998634116755109,-16.009909679513797,-0.42666732315568656,16.009909679513797,16.015594055508476
1320,0.93927423030303026,-16.146997497314594,-0.43600951038250557,16.146997497314594,16.152883100902695
1321,0.93856319757759266,-16.286670989442783,-0.44564019034403834,16.286670989442783,16.292766710955114
1322,0.93785324054462926,-16.429007108593972,-0.45557170967476412,16.429007108593972,16.435322332004542
1323,0.93714435676492813,-16.57408604861088,-0.46581710413319755,16.57408604861088,16.580630685268304
1324,0.93643654380664643,-16.721991423593622,-0.47639014663177348,16.721991423593622,16.728775948722205
1325,0.93572979924528299,-16.872810459384247,-0.48730539931155414,16.872810459384247,16.879845951622443
1326,0.93502412066365004,-17.026634198456222,-0.49857827006328059,17.026634198456222,17.033932382730015
1327,0.93431950565184618,-17.183557719343035,-0.51022507394228778,17.183557719343035,17.191131013405517
1328,0.93361595180722889,-17.34368037185078,-0.52226309997698062,17.34368037185078,17.351541936857355
1329,0.93291345673438664,-17.507106029428066,-0.53471068392955168,17.507106029428066,17.515269824959731
1330,0.93221201804511267,-17.673943360202827,-0.54758728763454911,17.673943360202827,17.682424204198828
1331,0.93151163335837706,-17.844306118355838,-0.56091358561705529,17.844306118355838,17.853119752472434
1332,0.93081230030030027,-18.018313457675198,-0.57471155977887367,18.018313457675198,18.027476618650283
1333,0.93011401650412595,-18.196090269332096,-0.58900460303993118,18.196090269332096,18.205620767007218
1334,0.92941677961019487,-18.377767546140994,-0.60381763293517188,18.377767546140994,18.387684348874295
1335,0.92872058726591755,-18.56348277581278,-0.61917721629655587,18.56348277581278,18.573806104110123
1336,0.92802543712574848,-18.75338036599554,-0.63511170629830715,18.75338036599554,18.764131795294556
1337,0.92733132685115927,-18.947612104207025,-0.6516513933143453,18.947612104207025,18.958814677872162
1338,0.92663825411061274,-19.146337656127336,-0.66882867123364109,19.146337656127336,19.15801600985613
1339,0.92594621657953691,-19.349725106119479,-0.6866782211066238,19.349725106119479,19.361905605124015
1340,0.92525521194029847,-19.557951544312246,-0.70523721425899621,19.557951544312246,19.570662434829373
1341,0.92456523788217737,-19.771203705096227,-0.72454553731476334,19.771203705096227,19.784475281999608
1342,0.92387629210134126,-19.989678662485922,-0.74464604192571171,19.989678662485922,20.003543455028172
1343,0.92318837230081896,-20.213584588477943,-0.76558482241914616,20.213584588477943,20.228077566488405
1344,0.92250147619047618,-20.443141581314613,-0.78741152506024847,20.443141581314613,20.458300384525405
1345,0.92181560148698882,-20.678582571458399,-0.81017969319411098,20.678582571458399,20.694447765038021
1346,0.9211307459138186,-20.920154314102575,-0.83394715320056712,20.920154314102575,20.936769673953904
1347,0.92044690720118771,-21.16811847823277,-0.85877644698340139,21.16811847823277,21.18553131017471
1348,0.9197640830860534,-21.422752843611846,-0.88473531764781099,21.422752843611846,21.441014341228652
1349,0.91908227131208298,-21.684352618644965,-0.91189725612627037,21.684352618644965,21.703518265374981
1350,0.91840146962962954,-21.953231893907343,-0.9403421178300142,21.953231893907343,21.973361915879774
1351,0.91772167579570685,-22.22972524825375,-0.9701568199764079,22.22972524825375,22.250885125499995
1352,0.91704288757396446,-22.514189526906343,-1.0014361321279255,22.514189526906343,22.536450571911068
1353,0.91636510273466365,-22.8070058138251,-1.0342835747465657,22.8070058138251,22.830445827991234
1354,0.91568831905465287,-23.108581624068691,-1.0688124433064252,23.108581624068691,23.133285644612005
1355,0.91501253431734308,-23.419353345854539,-1.1051469788271793,23.419353345854539,23.445414497995106
1356,0.91433774631268427,-23.739788966746509,-1.1434237097324282,23.739788966746509,23.767309438925505
1357,0.91366395283714064,-24.070391123979341,-1.1837929948771042,24.070391123979341,24.099483287325135
1358,0.91299115169366707,-24.41170052554714,-1.2264208036534199,24.41170052554714,24.442488223105116
1359,0.91231934069168497,-24.764299796558269,-1.2714907765672652,24.764299796558269,24.796919833090396
1360,0.91164851764705879,-25.128817814755749,-1.3192066189509308,25.128817814755749,25.163421684474265
1361,0.91097868038207197,-25.505934610355879,-1.3697948920319938,25.505934610355879,25.542690508127503
1362,0.91030982672540373,-25.896386918867215,-1.4235082800481553,25.896386918867215,25.935482090661871
1363,0.90964195451210561,-26.300974491835369,-1.4806294303206458,26.300974491835369,26.342617993094507
1364,0.90897506158357766,-26.720567290130774,-1.5414754862813007,26.720567290130774,26.764993237085132
1365,0.90830914578754574,-27.156113708245776,-1.6064034628642427,27.156113708245776,27.203585128079649
1366,0.90764420497803799,-27.608650007065009,-1.6758166514010844,27.608650007065009,27.659463419627716
1367,0.90698023701536201,-28.079311167904812,-1.7501722898707728,28.079311167904812,28.133802066344597
1368,0.90631723976608181,-28.569343423801762,-1.8299907976957575,28.569343423801762,28.627892866691678
1369,0.90565521110299485,-29.080118776868005,-1.9158669572479137,29.080118776868005,29.143161363768098
1370,0.90499414890510943,-29.613151875279343,-2.0084835337652338,29.613151875279343,29.681185456341979
1371,0.9043340510576221,-30.170119702789002,-2.1086279711787048,30.170119702789002,30.243717278162986
1372,0.90367491545189493,-30.752884630693387,-2.2172129970923198,30.752884630693387,30.832709037371536
1373,0.9030167399854333,-31.363521500402058,-2.3353022353536073,31.363521500402058,31.450343677559864
1374,0.90235952256186314,-32.004349547701139,-2.4641422873880341,32.004349547701139,32.099071438032787
1375,0.90170326109090904,-32.677970150273069,-2.6052032446303253,32.677970150273069,32.781653666158604
1376,0.90104795348837208,-33.387311578587756,-2.7602302941304853,33.387311578587756,33.501215585741598
1377,0.90039359767610738,-34.135682151836932,-2.9313100672617773,34.135682151836932,34.261310171703421
1378,0.8997401915820028,-34.926833427883679,-3.1209567921456314,34.926833427883679,35.065995844943188
1379,0.89908773313995638,-35.765035246592305,-3.3322253490032185,35.765035246592305,35.919931402586641
1380,0.89843622028985504,-36.655164505238403,-3.5688613096329549,36.655164505238403,36.828492447471753
1381,0.89778565097755247,-37.602809275143585,-3.8355024576822849,37.602809275143585,37.797914552071674
1382,0.89713602315484797,-38.614388863847751,-4.1379529023267576,38.614388863847751,38.835469374662175
1383,0.89648733477946485,-39.697287858488508,-4.4835609189034979,39.697287858488508,39.949680622418221
1384,0.89583958381502882,-40.859996362458489,-4.8817469596288721,40.859996362458489,41.150586339904891
1385,0.89519276823104688,-42.112236083923648,-5.3447517654826662,42.112236083923648,42.450050640991599
1386,0.8945468860028859,-43.465025442905642,-5.8887103851984559,43.465025442905642,43.862117444933951
1387,0.89390193511175187,-44.930581336621998,-6.5352114939681769,44.930581336621998,45.403371334270972
1388,0.89325791354466855,-46.521838856018817,-7.3135765364553986,46.521838856018817,47.093204311237656
1389,0.89261481929445641,-48.251126623529004,-8.2641807866463566,48.251126623529004,48.953732283802474
1390,0.89197265035971218,-50.127030640273844,-9.4431754397843655,50.127030640273844,51.008751829440996
1391,0.89133140474478789,-52.147474138256669,-10.928707766953298,52.147474138256669,53.280350153275201
1392,0.89069108045977008,-54.285263952579754,-12.827365330969965,54.285263952579754,55.780204228161672
1393,0.89005167552045938,-56.460305587027491,-15.274908309904436,56.460305587027491,58.490075490261717
1394,0.88941318794835,-58.495226873807297,-18.413622119853294,58.495226873807297,61.32497897750099
1395,0.88877561577060926,-60.075239968801242,-22.313150740993827,60.075239968801242,64.085186691616713
1396,0.8881389570200573,-60.793810190561999,-26.827366331332307,60.793810190561999,66.449943128354761
1397,0.88750320973514663,-60.367590552682543,-31.517866534178474,60.367590552682543,68.100087371475624
1398,0.88686837195994273,-58.865024003884429,-35.840527144766597,58.865024003884429,68.917591636625261
1399,0.88623444174410282,-56.64650819830473,-39.45460601389513,56.64650819830473,69.032549038640425
1400,0.88560141714285712,-54.102717499313357,-42.307557505637249,54.102717499313357,68.680662947465137
1401,0.88496929621698783,-51.499094637014466,-44.509190781489565,51.499094637014466,68.067795707332891
1402,0.8843380770328102,-48.973507339287778,-46.205667261750747,48.973507339287778,67.330291163895154
1403,0.88370775766215248,-46.583426544561021,-47.524149580235814,46.583426544561021,66.547429867404645
1404,0.88307833618233611,-44.344893800588025,-48.561396256235383,44.344893800588025,65.762290201456196
1405,0.88244981067615647,-42.254967093905421,-49.387685679398288,42.254967093905421,64.997121019888823
1406,0.88182217923186335,-40.303008705294872,-50.053505937138439,40.303008705294872,64.262632744840346
1407,0.88119543994314142,-38.47599259569796,-50.595292183173243,38.47599259569796,63.563240928424001
1408,0.88056959090909082,-36.760866147935118,-51.039630448643422,36.760866147935118,62.899961496653482
1409,0.87994463023420855,-35.145513819775303,-51.40617763183748,35.145513819775303,62.272002058485675
1410,0.87932055602836878,-33.619074401776714,-51.709655857664885,33.619074401776714,61.677635108281635
1411,0.87869736640680363,-32.171971496240843,-51.96121110118294,32.171971496240843,61.114672616783523
1412,0.87807505949008491,-30.795829623664204,-52.16933957979299,30.795829623664204,60.580715697336458
1413,0.87745363340410465,-29.483361438432055,-52.340517505008464,29.483361438432055,60.073275043078183
1414,0.87683308628005652,-28.228275006891735,-52.479624016579493,28.228275006891735,59.589818314761253
1415,0.87621341625441684,-27.025241646341549,-52.590222960056323,27.025241646341549,59.127787351055076
1416,0.87559462146892653,-25.869972503858435,-52.674773828495873,25.869972503858435,58.68464258418539
1417,0.8749767000705716,-24.759451313597822,-52.734897955488748,24.759451313597822,58.258045725257837
1418,0.87435965021156548,-23.692272732246543,-52.771946449279213,23.692272732246543,57.846366517394564
1419,0.87374347004933051,-22.668664478030429,-52.7881367276497,22.668664478030429,57.449592934976991
1420,0.87312815774647878,-21.689315775142475,-52.787855211236007,21.689315775142475,57.069992786018993
1421,0.87251371147079515,-20.753025776797074,-52.77744665174545,20.753025776797074,56.711083166963405
1422,0.87190012939521799,-19.855537918425306,-52.762762286488197,19.855537918425306,56.375096187328026
1423,0.87128740969782148,-18.991086867011049,-52.747035365559654,18.991086867011049,56.06167247100251
1424,0.87067555056179768,-18.154533452840333,-52.731082213833957,18.154533452840333,55.768755735917352
1425,0.87006455017543849,-17.342140701328738,-52.714590560655481,17.342140701328738,55.493944733477278
1426,0.86945440673211771,-16.551340579017477,-52.697032574677266,16.551340579017477,55.235171015750709
1427,0.86884511843027323,-15.780305108042143,-52.678014705881907,15.780305108042143,54.990828895880547
1428,0.86823668347338934,-15.02763447056553,-52.657338324719547,15.02763447056553,54.759703041788924
1429,0.86762910006997895,-14.292176828338601,-52.634967026809136,14.292176828338601,54.54086607678488
1430,0.86702236643356634,-13.572931868400065,-52.610979538836574,13.572931868400065,54.333595937873561
1431,0.86641648078266942,-12.868999677076442,-52.585530781138445,12.868999677076442,54.137317999903289
1432,0.86581144134078203,-12.17955285085257,-52.55882416133862,12.17955285085257,53.95156628745103
1433,0.86520724633635726,-11.503820375810292,-52.531093053050824,11.503820375810292,53.775957644538451
1434,0.86460389400278936,-10.841077517771758,-52.502588814989863,10.841077517771758,53.610174351723899
1435,0.8640013825783972,-10.190638847125072,-52.473573224931883,10.190638847125072,53.45395221220619
1436,0.86339971030640661,-9.5518529501894882,-52.444313827313806,9.5518529501894882,53.307072209978124
1437,0.86279887543493383,-8.9240980866637187,-52.415081185061794,8.9240980866637187,53.169354540910263
1438,0.862198876216968,-8.3067784061939989,-52.386147369723247,8.3067784061939989,53.040654254373337
1439,0.86159971091035437,-7.6993205155415403,-52.35778525287293,7.6993205155415403,52.920858014463413
1440,0.86100137777777774,-7.1011702789924271,-52.330268311503232,7.1011702789924271,52.809881659450483
1441,0.86040387508674521,-6.5117897817231629,-52.30387075755668,6.5117897817231629,52.707668345171051
1442,0.85980720110956999,-5.9306544103682679,-52.278867865111394,5.9306544103682679,52.614187126601102
1443,0.85921135412335403,-5.3572500180346783,-52.255536410027474,5.3572500180346783,52.529431876381835
1444,0.85861633240997226,-4.7910701479417028,-52.234155163845486,4.7910701479417028,52.453420468480267
1445,0.85802213425605534,-4.2316132936714155,-52.215005401297674,4.2316132936714155,52.386194174846509
1446,0.85742875795297369,-3.6783801762262236,-52.198371392227102,3.6783801762262236,52.327817236358392
1447,0.85683620179682096,-3.1308710193962241,-52.184540856112065,3.1308710193962241,52.278376578690015
1448,0.85624446408839772,-2.5885828057047391,-52.173805362029043,2.5885828057047391,52.237981650298089
1449,0.85565354313319519,-2.0510064957269352,-52.166460659644471,2.0510064957269352,52.206764364397728
1450,0.85506343724137923,-1.5176241938925559,-52.162806928371452,1.5176241938925559,52.184879130265742
1451,0.85447414472777394,-0.98790624396223858,-52.163148932498601,0.98790624396223858,52.17250296181782
1452,0.85388566391184562,-0.46130823723272796,-52.167796070089395,0.46130823723272796,52.169835653375152
1453,0.8532979931176875,0.062732083887484968,-52.177062303000255,0.062732083887484968,52.177100014139533
1454,0.85271113067400273,0.58479804510914923,-52.191265954440865,0.58479804510914923,52.194542154144258
1455,0.85212507491408929,1.1054974017681816,-52.210729359084382,1.1054974017681816,52.222431815388227
1456,0.85153982417582408,1.6254658639631288,-52.235778348729923,1.6254658639631288,52.26106274247158
1457,0.85095537680164712,2.1453708093382655,-52.26674155373378,2.1453708093382655,52.310753087241658
1458,0.85037173113854592,2.6659152111318178,-52.303949496415399,2.6659152111318178,52.37184584141098
1459,0.84978888553803966,3.1878418137599107,-52.347733446903561,3.1878418137599107,52.444709289475732
1460,0.84920683835616428,3.7119375940445609,-52.398424003663607,3.7119375940445609,52.52973747097726
1461,0.84862558795345644,4.2390385533358863,-52.456349348942879,4.2390385533358863,52.627350635149853
1462,0.84804513269493842,4.7700348939269954,-52.521833111862264,4.7700348939269954,52.737995660809787
1463,0.8474654709501025,5.3058766417815839,-52.595191746399394,5.3058766417815839,52.862146397761059
1464,0.84688660109289615,5.8475797854608746,-52.676731294365737,5.8475797854608746,53.000303859564255
1465,0.84630852150170643,6.3962330055524568,-52.766743349210159,6.3962330055524568,53.152996155839922
1466,0.84573123055934507,6.9530050645944996,-52.86549995720209,6.9530050645944996,53.320777987133788
1467,0.84515472665303337,7.5191529044126888,-52.97324707664319,7.5191529044126888,53.504229423878485
1468,0.84457900817438691,8.0960304365557452,-53.090196046384463,8.0960304365557452,53.703953532986503
1469,0.84400407351940088,8.6850978748527154,-53.216512268738484,8.6850978748527154,53.920572170040678
1470,0.84342992108843529,9.2879311750499269,-53.352299959164768,9.2879311750499269,54.154718875137348
1471,0.8428565492861998,9.9062305750923372,-53.497581327440329,9.9062305750923372,54.407027230799756
1472,0.84228395652173904,10.541826099608549,-53.652267936544362,10.541826099608549,54.678112186222506
1473,0.84171214120841809,11.196675685228605,-53.816121375506341,11.196675685228605,54.968540696505855
1474,0.84114110176390766,11.872847354316384,-53.988700360329531,11.872847354316384,55.278786807385195
1475,0.8405708366101694,12.572469100164149,-54.169293802703905,12.572469100164149,55.609166244048637
1476,0.84000134417344163,13.297617338577382,-54.356849489437948,13.297617338577382,55.959750833082197
1477,0.83943262288422471,14.050099557017774,-54.549938490684838,14.050099557017774,56.330285698721696
1478,0.83886467117726649,14.831092146677484,-54.746868841683394,14.831092146677484,56.720198714670616
1479,0.83829748749154831,15.64070264739507,-54.94618285174073,15.64070264739507,57.128929530327781
1480,0.83773107027027016,16.477879625775319,-55.147785339508303,16.477879625775319,57.556917436690689
1481,0.83716541796083721,17.341534650148965,-55.354362480818409,17.341534650148965,58.007191534155091
1482,0.83660052901484472,18.233113573163557,-55.571523924017285,18.233113573163557,58.486243697210597
1483,0.83603640188806472,19.158639802819366,-55.805421723302643,19.158639802819366,59.002530223794913
1484,0.83547303504043124,20.127947231849241,-56.059647331796398,20.127947231849241,59.56356536284153
1485,0.83491042693602691,21.152159962425209,-56.334240558706369,21.152159962425209,60.174417574266741
1486,0.83434857604306856,22.242048164428574,-56.626723395081015,22.242048164428574,60.83826517095779
1487,0.83378748083389365,23.407915216055066,-56.933351919061039,23.407915216055066,61.557591371833851
1488,0.83322713978494622,24.660212481720535,-57.249704528701784,24.660212481720535,62.335020239567285
1489,0.83266755137676285,26.010245629566199,-57.570681320188811,26.010245629566199,63.173698842011021
1490,0.8321087140939597,27.470794130061776,-57.890154092307739,27.470794130061776,64.077409989538211
1491,0.83155062642521793,29.056663889729258,-58.200378031222925,29.056663889729258,65.050547417972993
1492,0.83099328686327067,30.78522179708024,-58.491150833300352,30.78522179708024,66.097992457406122
1493,0.83043669390488939,32.676932477636043,-58.748616230096744,32.676932477636043,67.2248601716595
1494,0.82988084605087009,34.755862441019929,-58.953527413794916,34.755862441019929,68.436016603453538
1495,0.82932574180602003,37.050017690331444,-59.078686534059344,37.050017690331444,69.735177732931305
1496,0.82877137967914427,39.591184515893502,-59.085149056938874,39.591184515893502,71.12325028042666
1497,0.82821775818303267,42.413544137582704,-58.916649882818731,42.413544137582704,72.595319130955815
1498,0.82766487583444592,45.549540348624703,-58.491697521073803,45.549540348624703,74.13527706070694
1499,0.82711273115410266,49.020019716091525,-57.693315227758305,49.020019716091525,75.706544994045856
1500,0.8265613226666666,52.813418000549817,-56.358646925795981,52.813418000549817,77.237000227917534
1501,0.82601064890073284,56.847017087508462,-54.277116454189212,56.847017087508462,78.597638147269393
1502,0.8254607083888148,60.908554512661723,-51.219360278133522,60.908554512661723,79.581875324241551
1503,0.8249114996673319,64.605116395291901,-47.032290180560295,64.605116395291901,79.911559765015483
1504,0.82436302127659566,67.404536017667652,-41.804249717703911,67.404536017667652,79.315614920501019
1505,0.82381527176079727,68.853895913144896,-35.975664579447269,68.853895913144896,77.685953842062645
1506,0.82326824966799461,68.852378230938143,-30.196874243124981,68.852378230938143,75.183117799884229
1507,0.82272195355009947,67.681488011578153,-25.002269615713168,67.681488011578153,72.151904378181257
1508,0.82217638196286469,65.776571626866883,-20.629014827322116,65.776571626866883,68.935575922234989
1509,0.82163153346587137,63.513918538372991,-17.074146493636874,63.513918538372991,65.768870498019439
1510,0.82108740662251645,61.143264003713711,-14.223966451442593,61.143264003713711,62.775950447919122
1511,0.82054399999999994,58.806742068746175,-11.940780760072688,58.806742068746175,60.006792598006456
1512,0.82000131216931216,56.575597773681636,-10.100239316597545,56.575597773681636,57.470106122243713
1513,0.81945934170522139,54.479601722819382,-8.6017927910063676,54.479601722819382,55.154490688396656
1514,0.81891808718626147,52.526122833507728,-7.3680315936633463,52.526122833507728,53.04037584223893
1515,0.81837754719471945,50.711310344217395,-6.34053981453836,50.711310344217395,51.106158552245702
1516,0.81783772031662261,49.026241971434288,-5.4754316319802534,49.026241971434288,49.331052628117661
1517,0.81729860514172703,47.460149936340358,-4.7396113100686517,47.460149936340358,47.696223617289014
1518,0.8167602002635046,46.002040645465456,-4.1079193445929878,46.002040645465456,46.185092236442884
1519,0.8162225042791309,44.641458884574888,-3.5610385880783735,44.641458884574888,44.783265258006516
1520,0.81568551578947368,43.368806410167878,-3.083980467168562,43.368806410167878,43.478319941834179
1521,0.81514923339907952,42.175434008556493,-2.6649934316369066,42.175434008556493,42.259548315153246
1522,0.81461365571616284,41.053622871511848,-2.2947730968983642,41.053622871511848,41.117708282959661
1523,0.81407878135259348,39.996516047013287,-1.9658870725684441,39.996516047013287,40.044800010501774
1524,0.81354460892388447,38.998031466183065,-1.6723531775516669,38.998031466183065,39.033872769530205
1525,0.81301113704918027,38.052772587802068,-1.4093282871819284,38.052772587802068,38.078861693071019
1526,0.81247836435124499,37.155944669186241,-1.1728781234353178,37.155944669186241,37.17445180970477
1527,0.81194628945645053,36.303280743291296,-0.95980745330820216,36.303280743291296,36.315966503366681
1528,0.81141491099476437,35.490979898688536,-0.76753658362938193,35.490979898688536,35.499278395149425
1529,0.81088422759973833,34.715660760932224,-0.59401446323656426,34.715660760932224,34.720742435187979
1530,0.8103542379084967,33.974335173190596,-0.43766120654299012,33.974335173190596,33.97715405668945
1531,0.80982494056172427,33.264411225631903,-0.29733239590447358,33.264411225631903,33.265740045001259
1532,0.80929633420365532,32.58374059804936,-0.17229126069402589,32.58374059804936,32.584196102397271
1533,0.8087684174820613,31.930729132610097,-0.062156838698109951,31.930729132610097,31.930789630272411
1534,0.80824118904823983,31.304516291529914,0.033241464358472861,31.304516291529914,31.304533940654903
1535,0.80771464755700317,30.70515663056409,0.11421943061937423,30.70515663056409,30.705369070991559
1536,0.80718879166666657,30.133557939010942,0.18188039167244785,30.133557939010942,30.134106831638533
1537,0.80666362003903702,29.590785115639051,0.23878339311088226,29.590785115639051,29.591748533480597
1538,0.80613913133940174,29.076765590890489,0.28885433993260357,29.076765590890489,29.078200323563546
1539,0.80561532423651716,28.589452164688929,0.33611224585147959,28.589452164688929,28.591427850298903
1540,0.8050921974025973,28.125386885255757,0.38324143616271478,28.125386885255757,28.127997821453778
1541,0.80456974951330296,27.680982114492409,0.43125589034386191,27.680982114492409,27.684341286471039
1542,0.80404797924773019,27.253335748077063,0.48007197040328631,27.253335748077063,27.257563693297719
1543,0.80352688528839922,26.840362116434306,0.52917114378719443,26.840362116434306,26.845578046314049
1544,0.80300646632124351,26.440606161466967,0.57798692763053472,26.440606161466967,26.446922752454899
1545,0.80248672103559859,26.053024661458252,0.62605391217025463,26.053024661458252,26.060545610395337
1546,0.80196764812419141,25.676826339780469,0.67303628111034408,25.676826339780469,25.68564557722727
1547,0.80144924628312852,25.311372523767773,0.71871191758064246,25.311372523767773,25.321574316329912
1548,0.80093151421188624,24.956119395501183,0.76294635648719478,24.956119395501183,24.967778884502071
1549,0.80041445061329886,24.610585195625617,0.80566877171328199,24.610585195625617,24.623769123366568
1550,0.79989805419354831,24.274331593865263,0.84685303755599239,24.274331593865263,24.289099085724509
1551,0.79938232366215334,23.946952933330813,0.8865037222749188,23.946952933330813,23.963356268285303
1552,0.79886725773195866,23.628069829569405,0.92464603419292368,23.628069829569405,23.646155166528803
1553,0.79835285511912424,23.317325186941098,0.96131870851626644,23.317325186941098,23.337133232959467
1554,0.79783911454311451,23.014381569053249,0.99656901121609054,23.014381569053249,23.035948185392634
1555,0.79732603472668806,22.718919338245136,1.0304492450464047,22.718919338245136,22.742276085394479
1556,0.79681361439588683,22.430635240694627,1.0630143156073639,22.430635240694627,22.455809865962927
1557,0.79630185228002559,22.149241257382535,1.0943200448577548,22.149241257382535,22.176258129772798
1558,0.79579074711168163,21.874463620467743,1.1244220123728028,21.874463620467743,21.903344117852768
1559,0.79528029762668373,21.606041938659935,1.1533747700084909,21.606041938659935,21.636804792187412
1560,0.79477050256410253,21.343728399687734,1.1812313213109433,21.343728399687734,21.376390000046378
1561,0.79426136066623954,21.087287031629742,1.2080427888581406,21.087287031629742,21.121861701423295
1562,0.79375287067861711,20.836493012479508,1.2338582149990374,20.836493012479508,20.872993248545548
1563,0.79324503134996793,20.5911320215004,1.2587244571057452,20.5911320215004,20.629568710609906
1564,0.79273784143222503,20.350999628224599,1.2826861494918969,20.350999628224599,20.391382239222924
1565,0.79223129968051109,20.115900716158869,1.3057857120167062,20.115900716158869,20.158237471268855
1566,0.79172540485312892,19.885648938899784,1.3280633909525625,19.885648938899784,19.929946966601658
1567,0.79122015571155069,19.660066206651109,1.3495573217705252,19.660066206651109,19.706331678286787
1568,0.79071555102040814,19.438982201294074,1.3703036063260701,19.438982201294074,19.487220453305749
1569,0.79021158954748238,19.222233918175185,1.3903363990938087,19.222233918175185,19.27244956168493
1570,0.78970827006369426,19.009665232829988,1.4096879985549267,19.009665232829988,19.061862252086886
1571,0.78920559134309354,18.801126490798296,1.4283889409850419,18.801126490798296,18.855308331865743
1572,0.78870355216284982,18.596474118720351,1.4464680946622863,18.596474118720351,18.652643769640587
1573,0.78820215130324212,18.395570254845367,1.4639527530790712,18.395570254845367,18.453730318399028
1574,0.78770138754764929,18.198282397112905,1.4808687261643017,18.198282397112905,18.258435157186963
1575,0.78720125968253962,18.004483066921672,1.4972404287627001,18.004483066921672,18.066630549402142
1576,0.78670176649746182,17.814049486714957,1.5130909658291043,17.814049486714957,17.878193515733155
1577,0.78620290678503479,17.626863269492425,1.5284422138792428,17.626863269492425,17.693005519768235
1578,0.78570467934093779,17.442810118345982,1.5433148982900011,17.442810118345982,17.510952164287264
1579,0.78520708296390118,17.261779534110374,1.557728666055175,17.261779534110374,17.331922896242116
1580,0.78471011645569611,17.083664529176176,1.5717021535558233,17.083664529176176,17.155810718381225
1581,0.78421377862112585,16.908361345500481,1.5852530488502174,16.908361345500481,16.982511905454498
1582,0.78371806826801516,16.735769174784735,1.5983981478854241,16.735769174784735,16.811925722856337
1583,0.78322298420720149,16.565789878721056,1.6111534039323445,16.565789878721056,16.643954145482969
1584,0.78272852525252523,16.398327707112642,1.6235339693920194,16.398327707112642,16.478501574464467
1585,0.78223469022082015,16.233289011537167,1.6355542289381975,16.233289011537167,16.315474549270423
1586,0.78174147793190407,16.070581952032619,1.6472278227885842,16.070581952032619,16.154781452472989
1587,0.78124888720856955,15.910116194047987,1.6585676585909344,15.910116194047987,15.996332204172047
1588,0.78075691687657423,15.751802592575622,1.6695859101391872,15.751802592575622,15.84003794271994
1589,0.7802655657646318,15.595552859961884,1.680294000687641,15.595552859961884,15.685810687899179
1590,0.77977483270440251,15.441279213364844,1.6907025681459289,15.441279213364844,15.533562982105183
1591,0.77928471653048392,15.288893997135055,1.7008214087133446,15.288893997135055,15.38320750428759
1592,0.77879521608040192,15.138309274539345,1.7106593946515778,15.138309274539345,15.234656650417614
1593,0.77830633019460127,14.989436382178479,1.7202243606286838,14.989436382178479,15.087822072992383
1594,0.77781805771643653,14.842185439108892,1.729522951494403,14.842185439108892,14.942614170507179
1595,0.77733039749216293,14.69646480106109,1.7385604221085673,14.69646480106109,14.798941515870313
1596,0.77684334837092728,14.552180448155323,1.7473403768934548,14.552180448155323,14.656710210289219
1597,0.77635690920475886,14.409235292125825,1.7558644327281749,14.409235292125825,14.515823146138294
1598,0.77587107884856066,14.267528386253627,1.7641317832511534,14.267528386253627,14.376179158637038
1599,0.77538585616010003,14.126954017879729,1.7721386350730455,14.126954017879729,14.237672041636822
1600,0.77490123999999994,13.98740065967462,1.7798774758984666,13.98740065967462,14.100189397432811
1601,0.77441722923173006,13.848749751779227,1.7873361200482734,13.848749751779227,13.963611284099626
1602,0.77393382272159794,13.710874282971783,1.794496456605907,13.710874282971783,13.827808616560622
1603,0.77345101933873983,13.573637135810042,1.80133279695323,13.573637135810042,13.692641269675503
1604,0.77296881795511219,13.436889159754653,1.8078096783287583,13.436889159754653,13.557955823965175
1605,0.77248721744548277,13.300466940405883,1.8138789230353149,13.300466940405883,13.423582889089694
1606,0.77200621668742209,13.16419024746078,1.8194756717142397,13.16419024746078,13.28933394084525
1607,0.77152581456129432,13.027859178632621,1.8245129931555832,13.027859178632621,13.154997622214751
1608,0.77104600995024875,12.89125108968376,1.8288745078816109,12.89125108968376,13.020335503467333
1609,0.7705668017402113,12.754117545123609,1.8324042291777547,12.754117545123609,12.885077400386015
1610,0.77008818881987573,12.616181800980893,1.8348925014684094,12.616181800980893,12.748916570726568
1611,0.76961017008069521,12.477137851185617,1.8360564850346883,12.477137851185617,12.611505555393725
1612,0.7691327444168734,12.336653031776603,1.8355131113119678,12.336653031776603,12.472454305718703
1613,0.76865591072535644,12.194377930839455,1.8327419267974494,12.194377930839455,12.331333913668285
1614,0.76817966790582404,12.049970472653406,1.8270351414595618,12.049970472653406,12.187692390274179
1615,0.76770401486068107,11.903146366715003,1.8174335691977412,11.903146366715003,12.041094560125645
1616,0.76722895049504947,11.753776439664609,1.802652626166477,11.753776439664609,11.891207553660804
1617,0.76675447371675942,11.602061949903632,1.7810178800438852,11.602061949903632,11.737966867325778
1618,0.76628058343634109,11.448824387130021,1.7504650066495242,11.448824387130021,11.581869779394326
1619,0.76580727856701658,11.29591994945087,1.7087240737660887,11.29591994945087,11.424427577111683
1620,0.7653345580246913,11.146670514634192,1.6538808178086888,11.146670514634192,11.268699362452208
1621,0.76486242072794564,11.005936130613801,1.5854536130372354,11.005936130613801,11.119545551426242
1622,0.76439086559802705,10.879210423675804,1.5056733443778199,10.879210423675804,10.982908160527712
1623,0.76391989155884155,10.770557326859375,1.4198683336258167,10.770557326859375,10.863743885788065
1624,0.7634494975369458,10.680616169782844,1.3349320259589521,10.680616169782844,10.763717075441813
1625,0.76297968246153836,10.606493762502108,1.2566836308384537,10.606493762502108,10.680681798556375
1626,0.76251044526445255,10.543545568539514,1.1882383988655196,10.543545568539514,10.610290460133866
1627,0.76204178488014751,10.487307138498913,1.130174254163554,10.487307138498913,10.548028482232327
1628,0.76157370024570015,10.434430293600599,1.081572825820968,10.434430293600599,10.490335329700583
1629,0.76110619030079796,10.38275144072146,1.0409553636818736,10.38275144072146,10.43480309104976
1630,0.76063925398773002,10.331007981489247,1.0068143908722651,10.331007981489247,10.379951884824035
1631,0.76017289025137946,10.27852600448638,0.97783101118323157,10.27852600448638,10.324933428905698
1632,0.75970709803921566,10.224985125013209,0.95292577916444665,10.224985125013209,10.269293468751274
1633,0.75924187630128592,10.170265443695889,0.93124070820917459,10.170265443695889,10.212810996579769
1634,0.75877722399020797,10.114354693065255,0.91210063227242288,10.114354693065255,10.15539750184713
1635,0.75831314006116202,10.057293983381339,0.89497373936023816,10.057293983381339,10.097036211795167
1636,0.75784962347188256,9.9991468447954936,0.87943781008442856,9.9991468447954936,10.037746185553297
1637,0.75738667318265118,9.9399819121612119,0.86515326883424426,9.9399819121612119,9.9775613549938456
1638,0.75692428815628809,9.8798634664739282,0.8518422599173,9.8798634664739282,9.9165184087938467
1639,0.75646246735814515,9.818846445693179,0.83927249801282267,9.818846445693179,9.8546498593314951
1640,0.75600120975609753,9.756973964187722,0.82724469386003252,9.756973964187722,9.7919801225981171
1641,0.75554051432053615,9.6942762150348614,0.81558254981892386,9.6942762150348614,9.7285233323952998
1642,0.75508038002436051,9.6307701187308972,0.80412451697634268,9.6307701187308972,9.6642821419204417
1643,0.75462080584297009,9.566459374616521,0.792716661253972,9.566459374616521,9.5992470887678447
1644,0.75416179075425782,9.5013347571216471,0.7812060913271951,9.5013347571216471,9.5333963058300792
1645,0.75370333373860177,9.43537463369859,0.76943445796114118,9.43537463369859,9.4666955091700693
1646,0.75324543377885778,9.3685458045863008,0.75723104693154719,9.3685458045863008,9.3990983264922079
1647,0.75278808986035206,9.3008049112911699,0.74440495980179378,9.3008049112911699,9.3305471834226026
1648,0.75233130097087375,9.2321008726374316,0.73073581351682582,9.2321008726374316,9.2609751836245042
1649,0.75187506610066701,9.1623791469590934,0.71596230376039183,9.1623791469590934,9.1903097691555935
1650,0.75141938424242416,9.0915891886024198,0.69976791251856374,9.0915891886024198,9.1184795391393525
1651,0.75096425439127801,9.0196974170152728,0.6817631248759557,9.0196974170152728,9.045426604254363
1652,0.75050967554479409,8.9467095315181666,0.66146404529322111,8.9467095315181666,8.9711284755360445
1653,0.75005564670296421,8.8727082661761756,0.63826887505512697,8.8727082661761756,8.8956359600387849
1654,0.74960216686819825,8.7979156560265821,0.61143761750229053,8.7979156560265821,8.819136910755752
1655,0.74914923504531716,8.7227913956582732,0.58008909353755067,8.7227913956582732,8.7420588586791848
1656,0.74869685024154586,8.6481761072311194,0.54324630901837556,8.6481761072311194,8.665221666751826
1657,0.74824501146650568,8.5754673810555531,0.49998687013310217,8.5754673810555531,8.5900307143719381
1658,0.74779371773220737,8.5067544483290796,0.44977211318462251,8.5067544483290796,8.5186364048458554
1659,0.7473429680530439,8.4447269231173152,0.39297373781328171,8.4447269231173152,8.4538654569748974
1660,0.74689276144578309,8.3921140408943025,0.33139683697615574,8.3921140408943025,8.3986547696004923
1661,0.74644309692956046,8.3506645529194685,0.26829960381347168,8.3506645529194685,8.3549735578751037
1662,0.74599397352587238,8.3202726224037171,0.20753517449625825,8.3202726224037171,8.3228605274733543
1663,0.74554539025856881,8.2990240001559741,0.15225107467774107,8.2990240001559741,8.3004204559109773
1664,0.74509734615384615,8.2841202970326222,0.10410014034502169,8.2841202970326222,8.2847743442370056
1665,0.74464984024024017,8.2728807339198234,0.063325655971673278,8.2728807339198234,8.2731230968943059
1666,0.74420287154861942,8.2632605100064715,0.029305966182146981,8.2632605100064715,8.263312477202243
1667,0.74375643911217748,8.2539128823849737,0.0010733945224478125,8.2539128823849737,8.2539129521807073
1668,0.74331054196642676,8.2440431208870741,-0.022370493451604911,8.2440431208870741,8.2440734723814035
1669,0.74286517914919104,8.2332308440086059,-0.041914629749188692,8.2332308440086059,8.2333375351021338
1670,0.74242034970059878,8.2212884246434648,-0.058298670993278234,8.2212884246434648,8.221495125353794
1671,0.74197605266307598,8.2081647717704556,-0.07211858264481219,8.2081647717704556,8.2084815898250163
1672,0.74153228708133967,8.1938848544827607,-0.083847907592181636,8.1938848544827607,8.1943138504776325
1673,0.74108905200239084,8.1785133004405921,-0.093861423607232153,8.1785133004405921,8.1790518871275815
1674,0.74064634647550776,8.1621330972287929,-0.10245622166265866,8.1621330972287929,8.1627761193257697
1675,0.74020416955223878,8.1448334367042001,-0.1098689269803953,8.1448334367042001,8.1455744360217199
1676,0.73976252028639611,8.1267029887853823,-0.11628921934022718,8.1267029887853823,8.1275349676558157
1677,0.73932139773404881,8.1078263599930196,-0.12187025419322872,8.1078263599930196,8.1087422355538461
1678,0.73888080095351605,8.0882823992740782,-0.12673663690046066,8.0882823992740782,8.0892752670149441
1679,0.73844072900536029,8.0681435595101298,-0.13099051840822573,8.0681435595101298,8.0692068391371432
1680,0.73800118095238088,8.0474758479355444,-0.13471626702295747,8.0474758479355444,8.0486033568381625
1681,0.73756215585960727,8.0263390912685999,-0.13798406579652633,8.0263390912685999,8.0275250737970403
1682,0.73712365279429248,8.0047873555272915,-0.14085269906258735,8.0047873555272915,8.0060264857195431
1683,0.73668567082590608,7.982869428231588,-0.14337172514897001,7.982869428231588,7.9841567970429228
1684,0.7362482090261282,7.9606293109355448,-0.14558318220360478,7.9606293109355448,7.9619604048919159
1685,0.73581126646884265,7.9381066938293259,-0.14752293685088946,7.9381066938293259,7.9394773694189125
1686,0.73537484223013039,7.9153373982429862,-0.14922175788366776,7.9153373982429862,7.9167438547075628
1687,0.73493893538826316,7.8923537810280173,-0.15070617687833543,7.8923537810280173,7.8937925331653185
1688,0.73450354502369664,7.8691850994933077,-0.15199918258500289,7.8691850994933077,7.870652951413498
1689,0.73406867021906452,7.8458578381229138,-0.15312078478033841,7.8458578381229138,7.8473518584785342
1690,0.73363431005917157,7.8223959996285757,-0.15408847493603584,7.8223959996285757,7.8239134985704721
1691,0.73320046363098756,7.7988213634544366,-0.15491760480318334,7.7988213634544366,7.8003598714002464
1692,0.73276713002364058,7.7751537150175949,-0.15562169929306841,7.7751537150175949,7.7767109632184983
1693,0.73233430832841107,7.7514110488697447,-0.15621271645158907,7.7514110488697447,7.7529849517022242
1694,0.73190199763872488,7.7276097487677831,-0.15670126458498934,7.7276097487677831,7.7291983876449573
1695,0.73147019705014749,7.703764747368421,-0.15709678449112902,7.703764747368421,7.7053663561503605
1696,0.73103890566037733,7.6798896679979087,-0.15740770312169977,7.6798896679979087,7.6815026197758387
1697,0.73060812256923979,7.6559969506502341,-0.15764156373492311,7.6559969506502341,7.6576197457814832
1698,0.7301778468786807,7.6320979641358093,-0.15780513660665929,7.6320979641358093,7.6337292194120572
1699,0.7297480776927604,7.6082031060485029,-0.15790451358950014,7.6082031060485029,7.6098415448876473
1700,0.72931881411764699,7.5843218920226505,-0.15794518919088441,7.5843218920226505,7.5859663355832643
1701,0.72889005526161077,7.5604630355589677,-0.15793213035234105,7.5604630355589677,7.5621123946851752
1702,0.72846180023501761,7.5366345195337132,-0.15786983671805804,7.5366345195337132,7.5382877874469978
1703,0.72803404815032291,7.5128436603754665,-0.1577623928672246,7.5128436603754665,7.514499906038127
1704,0.72760679812206563,7.4890971657490581,-0.15761351372970578,7.4890971657490581,7.4907555278316753
1705,0.72718004926686208,7.4654011864984113,-0.15742658419801164,7.4654011864984113,7.4670608678906687
1706,0.72675380070339968,7.4417613634965498,-0.1572046937811345,7.4417613634965498,7.4434216263071411
1707,0.72632805155243108,7.4181828699679428,-0.1569506670080244,7.4181828699679428,7.4198430309650139
1708,0.72590280093676807,7.3946704497861511,-0.15666709017555275,7.3946704497861511,7.3963298762348746
1709,0.72547804798127558,7.371228452182784,-0.15635633494302642,7.371228452182784,7.372886558041281
1710,0.72505379181286544,7.3478608632503608,-0.15602057919763801,7.3478608632503608,7.3495171056892916
1711,0.72463003156049088,7.3245713345805541,-0.15566182555198432,7.3245713345805541,7.3262252107953483
1712,0.72420676635514014,7.3013632093346459,-0.15528191778081646,7.3013632093346459,7.3030142536226244
1713,0.72378399532983062,7.2782395460096403,-0.15488255545928342,7.2782395460096403,7.2798873270871578
1714,0.72336171761960322,7.2552031401351194,-0.15446530702848527,7.2552031401351194,7.2568472586724528
1715,0.72293993236151599,7.2322565441047466,-0.15403162148099114,7.2322565441047466,7.2338966304587178
1716,0.72251863869463862,7.209402085329117,-0.1535828388337428,7.209402085329117,7.2110377974555124
1717,0.72209783576004649,7.1866418828684679,-0.15312019953202527,7.1866418828684679,7.1882729043981053
1718,0.72167752270081487,7.1639778626977773,-0.15264485290971247,7.1639778626977773,7.165603901161691
1719,0.72125769866201273,7.1414117717242576,-0.15215786481401722,7.1414117717242576,7.1430325569149247
1720,0.72083836279069757,7.1189451906816998,-0.15166022448937139,7.1189451906816998,7.1205604731384922
1721,0.72041951423590933,7.096579546001184,-0.15115285080288848,7.096579546001184,7.0981890956094
1722,0.72000115214866434,7.0743161207477385,-0.15063659788337702,7.0743161207477385,7.0759197254415769
1723,0.71958327568195002,7.0521560647153159,-0.15011226023728835,7.0521560647153159,7.0537535292760669
1724,0.71916588399071923,7.0301004037447576,-0.14958057739730318,7.0301004037447576,7.031691548686327
1725,0.71874897623188405,7.0081500483396901,-0.1490422381519611,7.0081500483396901,7.0097347088742916
1726,0.71833255156431053,6.9863058016344262,-0.14849788440016276,6.9863058016344262,6.9878838267119292
1727,0.71791660914881295,6.9645683667771934,-0.14794811466813473,6.9645683667771934,6.9661396181922308
1728,0.71750114814814814,6.9429383537679108,-0.14739348732288804,6.9429383537679108,6.9445027053293513
1729,0.71708616772700973,6.9214162858057549,-0.14683452351215309,6.9214162858057549,6.9229736225636582
1730,0.71667166705202312,6.9000026051768089,-0.14627170985733523,6.9000026051768089,6.9015528227023903
1731,0.71625764529173885,6.8786976787291518,-0.14570550092315354,6.8786976787291518,6.8802406824436808
1732,0.71584410161662815,6.8575018029582555,-0.14513632148537453,6.8575018029582555,6.8590375075071597
1733,0.71543103519907669,6.8364152087421619,-0.14456456861514305,6.8364152087421619,6.837943537410939
1734,0.71501844521337943,6.8154380657480651,-0.14399061359713972,6.8154380657480651,6.8169589499168763
1735,0.71460633083573477,6.7945704865401115,-0.14341480369650456,6.7945704865401115,6.7960838651742099
1736,0.71419469124423962,6.7738125304054098,-0.14283746378824697,6.7738125304054098,6.7753183495787717
1737,0.71378352561888303,6.7531642069270319,-0.142258897861262,6.7531642069270319,6.7546624193767899
1738,0.71337283314154198,6.7326254793165798,-0.14167939040790156,6.7326254793165798,6.7341160440260577
1739,0.71296261299597463,6.7121962675271334,-0.14109920770922901,6.7121962675271334,6.7136791493354329
1740,0.71255286436781606,6.6918764511631217,-0.14051859902459873,6.6918764511631217,6.6933516203994072
1741,0.71214358644457199,6.6716658721999629,-0.13993779769385989,6.6716658721999629,6.6731333043407055
1742,0.71173477841561417,6.6515643375279545,-0.13935702215935164,6.6515643375279545,6.6530240128755604
1743,0.71132643947217433,6.6315716213345208,-0.13877647691444672,6.6315716213345208,6.6330235247158695
1744,0.71091856880733939,6.6116874673326027,-0.13819635338448016,6.6116874673326027,6.6131315878161523
1745,0.71051116561604577,6.5919115908501347,-0.13761683074563974,6.5919115908501347,6.5933479214803183
1746,0.71010422909507442,6.5722436807873805,-0.13703807668679896,6.5722436807873805,6.5736722183351732
1747,0.70969775844304517,6.552683401451791,-0.13646024811859486,6.552683401451791,6.5541041461803466
1748,0.70929175286041179,6.5332303942786893,-0.1358834918341712,6.5332303942786893,6.5346433497230683
1749,0.70888621154945675,6.513884279447149,-0.13530794512503275,6.513884279447149,6.5152894522072211
1750,0.70848113371428567,6.494644657394705,-0.1347337363556862,6.494644657394705,6.4960420569403592
1751,0.70807651856082232,6.4755111102409746,-0.13416098549998873,6.4755111102409746,6.4769007487288732
1752,0.70767236529680355,6.4564832031237209,-0.13358980464221637,6.4564832031237209,6.4578650952248218
1753,0.70726867313177411,6.4375604854551121,-0.13302029844540386,6.4375604854551121,6.4389346481923209
1754,0.70686544127708095,6.4187424921009253,-0.13245256458936178,6.4187424921009253,6.420108944696211
1755,0.70646266894586884,6.4000287444906103,-0.13188669418060395,6.4000287444906103,6.4013875082210063
1756,0.7060603553530751,6.3814187516593197,-0.13132277213617005,6.3814187516593197,6.3827698497212566
1757,0.70565849971542394,6.3629120112288149,-0.13076087754323407,6.3629120112288149,6.364255468610275
1758,0.70525710125142205,6.3445080103302871,-0.13020108399620944,6.3445080103302871,6.3458438536903001
1759,0.70485615918135303,6.3262062264720189,-0.12964345991295195,6.3262062264720189,6.3275344840270558
1760,0.70445567272727272,6.3080061283558475,-0.12908806883133972,6.3080061283558475,6.3093268297726937
1761,0.70405564111300389,6.2899071766461621,-0.12853496968796041,6.2899071766461621,6.291220352940881
1762,0.70365606356413157,6.2719088246931172,-0.12798421707964158,6.2719088246931172,6.2732145081357515
1763,0.70325693930799771,6.2540105192131783,-0.12743586150938535,6.2540105192131783,6.255308743237836
1764,0.70285826757369607,6.2362117009314986,-0.12688994961751465,6.2362117009314986,6.2375025000515132
1765,0.70246004759206793,6.2185118051839332,-0.12634652439913779,6.2185118051839332,6.2197952149117963
1766,0.70206227859569648,6.2009102624867847,-0.12580562540873941,6.2009102624867847,6.2021863192585895
1767,0.70166495981890209,6.1834064990712729,-0.12526728895282596,6.1834064990712729,6.1846752401753848
1768,0.70126809049773753,6.1659999373877916,-0.12473154827135097,6.1659999373877916,6.1672614008975186
1769,0.70087166986998295,6.1486899965806785,-0.12419843370864547,6.1486899965806785,6.1499442212907089
1770,0.70047569717514124,6.1314760929344949,-0.12366797287450937,6.1314760929344949,6.1327231183008868
1771,0.70008017165443248,6.1143576402957436,-0.12314019079613492,6.1143576402957436,6.1155975063792622
1772,0.69968509255079003,6.0973340504681257,-0.12261511006140519,6.0973340504681257,6.0985667978807454
1773,0.69929045910885501,6.0804047335863842,-0.12209275095406902,6.0804047335863842,6.0816304034407782
1774,0.69889627057497172,6.0635690984668571,-0.12157313158139499,6.0635690984668571,6.0647877323286981
1775,0.698502526197183,6.0468265529384198,-0.12105626799463398,6.0468265529384198,6.0480381927813527
1776,0.69810922522522523,6.0301765041534843,-0.12054217430288333,6.0301765041534843,6.0313811923165987
1777,0.6977163669105233,6.0136183588801888,-0.12003086278057057,6.0136183588801888,6.0148161380278875
1778,0.69732395050618667,5.9971515237781396,-0.11952234396911599,5.9971515237781396,5.9983424368622318
1779,0.6969319752670039,5.9807754056576865,-0.11901662677301644,5.9807754056576865,5.98195949588162
1780,0.69654044044943819,5.9644894117226652,-0.1185137185507148,5.9644894117226652,5.9656667225077626
1781,0.69614934531162265,5.9482929497997539,-0.11801362520048853,5.9482929497997539,5.9494635247533383
1782,0.6957586891133557,5.9321854285530389,-0.11751635124184967,5.9321854285530389,5.9333493114383717
1783,0.69536847111609645,5.9161662576864273,-0.11702189989245637,5.9161662576864273,5.917323492394333
1784,0.69497869058295958,5.9002348481333797,-0.11653027314097913,5.9002348481333797,5.9013854786554862
1785,0.69458934677871143,5.884390612233819,-0.11604147181609997,5.884390612233819,5.8855346826373172
1786,0.6942004389697648,5.8686329639022912,-0.11555549565182405,5.8686329639022912,5.8697705183061402
1787,0.69381196642417453,5.8529613187838034,-0.11507234334939431,5.8529613187838034,5.8540924013362963
1788,0.69342392841163303,5.83737509440002,-0.1145920126359159,5.83737509440002,5.8384997492576458
1789,0.69303632420346561,5.8218737102872335,-0.1141145003199448,5.8218737102872335,5.8229919815947628
1790,0.69264915307262565,5.8064565881243588,-0.11363980234414978,5.8064565881243588,5.8075685199960914
1791,0.69226241429369062,5.7911231518526716,-0.11316791383529196,5.7911231518526716,5.7922287883547776
1792,0.69187610714285708,5.775872827788179,-0.11269882915151969,5.775872827788179,5.7769722129220895
1793,0.69149023089793638,5.7607050447263877,-0.11223254192734083,5.7607050447263877,5.7617982224131667
1794,0.69110478483835003,5.7456192340387187,-0.11176904511619257,5.7456192340387187,5.7467062481043749
1795,0.69071976824512527,5.7306148297648676,-0.11130833103085991,5.7306148297648676,5.73169572392655
1796,0.69033518040089081,5.7156912686953536,-0.11085039138181962,5.7156912686953536,5.7167660865483914
1797,0.68995102058987201,5.7008479904516882,-0.11039521731364843,5.7008479904516882,5.7019167754574234
1798,0.68956728809788648,5.6860844375568753,-0.10994279943953073,5.6860844375568753,5.6871472330312569
1799,0.68918398221234012,5.6714000555044688,-0.10949312787405474,5.6714000555044688,5.6724569046073627
1800,0.68880110222222213,5.6567942928198178,-0.10904619226432882,5.6567942928198178,5.6578452385449891
1801,0.68841864741810099,5.642266601117246,-0.10860198181952896,5.642266601117246,5.6433116862830008
1802,0.68803661709211983,5.6278164351527433,-0.10816048533892864,5.6278164351527433,5.6288557023931673
1803,0.68765501053799216,5.6134432528721714,-0.1077216912385609,5.6134432528721714,5.6144767446289592
1804,0.68727382705099771,5.5991465154559634,-0.10728558757650181,5.5991465154559634,5.6001742739707918
1805,0.68689306592797783,5.5849256873583055,-0.10685216207686127,5.5849256873583055,5.5859477546657326
1806,0.68651272646733108,5.5707802363447652,-0.10642140215264917,5.5707802363447652,5.5717966542656212
1807,0.68613280796900933,5.5567096335243935,-0.10599329492740683,5.5567096335243935,5.5577204436596457
1808,0.68575330973451321,5.5427133533804902,-0.1055678272557973,5.5427133533804902,5.5437185971055483
1809,0.68537423106688777,5.5287908737959341,-0.10514498574314515,5.5287908737959341,5.5297905922553827
1810,0.6849955712707182,5.5149416760778269,-0.10472475676401161,5.5149416760778269,5.5159359101805547
1811,0.68461732965212585,5.5011652449779049,-0.10430712647983392,5.5011652449779049,5.5021540353926195
1812,0.68423950551876378,5.4874610687105481,-0.10389208085567317,5.4874610687105481,5.4884444558616456
1813,0.68386209817981247,5.4738286389687225,-0.10347960567611922,5.4738286389687225,5.4748066630325001
1814,0.68348510694597564,5.460267450936886,-0.10306968656042004,5.460267450936886,5.4612401518380844
1815,0.68310853112947656,5.4467770033021345,-0.10266230897683742,5.4467770033021345,5.4477444207107801
1816,0.68273237004405285,5.4333567982627766,-0.10225745825625307,5.4333567982627766,5.4343189715913214
1817,0.68235662300495314,5.4200063415360979,-0.10185511960514815,5.4200063415360979,5.4209633099368322
1818,0.68198128932893287,5.4067251423618767,-0.10145527811788399,5.4067251423618767,5.4076769447246047
1819,0.68160636833424959,5.3935127135063983,-0.10105791878839415,5.3935127135063983,5.3944593884563625
1820,0.68123185934065933,5.380368571263876,-0.10066302652124015,5.380368571263876,5.381310157159918
1821,0.68085776166941236,5.3672922354557553,-0.10027058614215559,5.3672922354557553,5.3682287703886962
1822,0.68048407464324911,5.3542832294296829,-0.099880582408040958,5.3542832294296829,5.3552147512209185
1823,0.68011079758639603,5.3413410800554946,-0.099493000016432964,5.3413410800554946,5.34226762625579
1824,0.67973792982456138,5.3284653177213155,-0.09910782361450865,5.3284653177213155,5.3293869256097857
1825,0.67936547068493147,5.3156554763282564,-0.098725037807610744,5.3156554763282564,5.3165721829115329
1826,0.67899341949616643,5.3029110932820096,-0.098344627167371773,5.3029110932820096,5.3038229352935691
1827,0.6786217755883962,5.2902317094859033,-0.097966576239364445,5.2902317094859033,5.291138723385564
1828,0.67825053829321658,5.2776168693313483,-0.097590869550399612,5.2776168693313483,5.2785190913049114
1829,0.67787970694368505,5.2650661206878908,-0.097217491615442048,5.2650661206878908,5.2659635866469339
1830,0.67750928087431694,5.2525790148916762,-0.096846426944135533,5.2525790148916762,5.2534717604734729
1831,0.67713925942108133,5.240155106733674,-0.096477660047000507,5.240155106733674,5.2410431673012523
1832,0.67676964192139732,5.2277939544468541,-0.096111175441318253,5.2277939544468541,5.2286773650891663
1833,0.67640042771412978,5.215495119692509,-0.095746957656702131,5.215495119692509,5.2163739152247217
1834,0.67603161613958551,5.2032581675456289,-0.09538499124032726,5.2032581675456289,5.2041323825095196
1835,0.67566320653950951,5.1910826664805931,-0.095025260761948643,5.1910826664805931,5.1919523351450509
1836,0.67529519825708051,5.1789681883546663,-0.09466775081857462,5.1789681883546663,5.1798333447162808
1837,0.67492759063690799,5.1669143083920837,-0.094312446038945591,5.1669143083920837,5.1677749861758384
1838,0.67456038302502719,5.1549206051671348,-0.093959331087738462,5.1549206051671348,5.1557768378271724
1839,0.67419357476889608,5.1429866605868373,-0.093608390669534497,5.1429866605868373,5.1438384813073101
1840,0.67382716521739128,5.1311120598730842,-0.093259609532556131,5.1311120598730842,5.1319595015690807
1841,0.67346115372080384,5.1192963915444096,-0.092912972472241201,5.1192963915444096,5.1201394868629553
1842,0.67309553963083602,5.107539247396776,-0.092568464334547435,5.107539247396776,5.1083780287178904
1843,0.67273032230059682,5.0958402224850463,-0.092226070019110429,5.0958402224850463,5.0966747219228745
1844,0.67236550108459869,5.084198915103169,-0.091885774482195343,5.084198915103169,5.0850291645071648
1845,0.67200107533875331,5.0726149267647997,-0.091547562739484556,5.0726149267647997,5.0734409577209618
1846,0.67163704442036831,5.0610878621823154,-0.091211419868694549,5.0610878621823154,5.0619097060144815
1847,0.67127340768814292,5.0496173292471873,-0.090877331012027773,5.0496173292471873,5.0504350170183718
1848,0.67091016450216445,5.0382029390091514,-0.090545281378484388,5.0382029390091514,5.0390165015229273
1849,0.67054731422390479,5.0268443056552421,-0.090215256246011205,5.0268443056552421,5.027653773457164
1850,0.67018485621621615,5.0155410464886359,-0.089887240963541171,5.0155410464886359,5.0163464498677079
