{
  "n_mqw": 3.24,
  "nG": 101,
  "resonance_B": {
    "lambda0_nm": 1574.0999999999872,
    "fwhm_nm": 0.5499999999994998,
    "Q": 2862.00000000258,
    "target_sim_nm": 1580,
    "target_exp_nm": 1567,
    "target_Q_exp": 1124
  },
  "beta_vs_angle": {
    "0.0": 8.098334079689897e-11,
    "0.3": 90543.13881539385,
    "1.0": 1581.2392377997878,
    "2.0": 716.6649081391921,
    "4.0": 465.12477719017136
  },
  "field_products": {
    "metasurface_0p3deg": {
      "ExEz": 63.01917813528339,
      "ExEx": 19.454013706523416,
      "Ex_rms": 4.410670437305809,
      "Ez_rms": 20.578882039996873
    },
    "bare_45deg": {
      "ExEz": 0.03408705964246628,
      "ExEx": 0.16546338844218944,
      "Ex_rms": 0.4067719120615255,
      "Ez_rms": 0.08922653451412764
    },
    "bare_normal": {
      "ExEz": 0.0,
      "ExEx": 0.184935254650127,
      "Ex_rms": 0.43004099182534566,
      "Ez_rms": 0.0
    }
  },
  "enhancement_ExEz_vs_45deg": 1848.7713166310466,
  "target_57": 57,
  "enhancement_ExEz_vs_normal_ExEx": 340.7634647839717,
  "target_11p5": 11.5,
  "chi2_eff_MQW_nm_per_V": 0.06227849215383885,
  "chi2_eff_MQW_plus_MS_nm_per_V": 21.222234767863522,
  "target_chi2_MQW_plus_MS_nm_per_V": 14
}