wavelength_nm,Re_electron,Im_electron,Re_hole,Im_hole,Re_total,Im_total,cancellation_fraction_modulus
400,6.1623026061719282,0.0027609492286761175,-5.7623932527189465,-0.002569645232921052,0.39990935345297951,0.0001913039957550647,0.9664637686373434
401,6.2157410447783503,0.002798351421214814,-5.8121562352440304,-0.002604288300577553,0.40358480953431974,0.00019406312063726067,0.96644593763296516
402,6.2696187151891243,0.0028362516120305306,-5.862325183518732,-0.0026393892655915047,0.4072935316703914,0.0001968623464390257,0.96642800682543983
403,6.323939692310387,0.0028746568414383888,-5.9129038227401871,-0.0026749545363935964,0.41103586957019944,0.000199702305044792,0.96640997530884121
404,6.3787080986614173,0.0029135742623697105,-5.9638959210793061,-0.0027109906226656633,0.41481217758211086,0.00020258363970404662,0.96639184216591101
405,6.433928105065128,0.0029530111424584593,-6.0153052902952595,-0.0027475041371905298,0.41862281476986807,0.00020550700526793004,0.96637360646788428
406,6.4896039313507101,0.0029929748661722882,-6.0671357863604918,-0.0027845017977408313,0.42246814499021723,0.0002084730684314571,0.96635526727430177
407,6.5457398470686226,0.0030334729369893691,-6.1193913100966331,-0.0028219904290077784,0.42634853697198849,0.00021148250798159101,0.96633682363282425
408,6.6023401722181667,0.003074512979622039,-6.1720758078213871,-0.0028599769645707793,0.43026436439677951,0.00021453601505125975,0.96631827457904196
409,6.6594092779880008,0.0031161027422885214,-6.2251932720067655,-0.0028984684489089846,0.43421600598123444,0.00021763429337953645,0.96629961913628037
410,6.7169515875097359,0.0031582500990337825,-6.2787477419487647,-0.0029374720394556826,0.43820384556097081,0.00022077805957809943,0.96628085631540128
411,6.7749715766250205,0.0032009630521008824,-6.3327433044488251,-0.002976995008696681,0.44222827217619398,0.00022396804340420087,0.96626198511460015
412,6.833473774666242,0.0032442497343539373,-6.3871840945072478,-0.0030170447463136606,0.44628968015899484,0.00022720498804027601,0.96624300451920242
413,6.8924627652513477,0.0032881184117541152,-6.4420742960288742,-0.0030576287613737077,0.45038846922247433,0.00023048965038040774,0.96622391350144998
414,6.9519431870928301,0.0033325774858898624,-6.4974181425412212,-0.0030987546845660458,0.45452504455160714,0.00023382280132381683,0.96620471102028938
415,7.0119197348213884,0.0033776354965628385,-6.5532199179254009,-0.0031404302704872507,0.45869981689598793,0.00023720522607558771,0.96618539602115172
416,7.0723971598244768,0.0034233011244308733,-6.6094839571600321,-0.0031826633999760367,0.46291320266444447,0.00024063772445483676,0.96616596743573102
417,7.133380271100064,0.0034695831937094574,-6.6662146470784513,-0.0032254620824989444,0.4671656240216141,0.00024412111121051403,0.96614642418175534
418,7.1948739361259495,0.0035164906749331768,-6.7234164271394876,-0.0032688344585881206,0.47145750898646199,0.00024765621634505641,0.96612676516275608
419,7.2568830817450003,0.0035640326877787159,-6.7810937902121236,-0.003312788802332562,0.4757892915328763,0.00025124388544615331,0.9661069892678299
420,7.319412695066557,0.0036122185039508797,-6.8392512833742716,-0.0033573335239240939,0.48016141169228588,0.00025488498002678578,0.9660870953713987
421,7.3824678243844852,0.0036610575501333717,-6.8978935087260203,-0.0034024771722595344,0.4845743156584652,0.00025858037787383781,0.96606708233296157
422,7.4460535801121175,0.0037105594110058938,-6.9570251242176679,-0.0034482284376003884,0.48902845589444999,0.00026233097340550536,0.96604694899684551
423,7.5101751357345616,0.0037607338323293318,-7.0166508444927853,-0.0034945961542916107,0.4935242912417741,0.0002661376780377213,0.96602669419194587
424,7.5748377287786299,0.0038115907241007742,-7.0767754417467446,-0.0035415893035408551,0.49806228703188649,0.00027000142055991932,0.9660063167314682
425,7.6400466618009455,0.0038631401637801788,-7.1374037466009304,-0.0035892170162598281,0.50264291520001425,0.00027392314752035035,0.96598581541265816
426,7.7058073033944279,0.0039153923995905475,-7.1985406489930588,-0.0036374885759692774,0.50726665440136953,0.00027790382362126974,0.96596518901652939
427,7.7721250892137483,0.0039683578538935414,-7.26019109908394,-0.0036864134217692926,0.51193399012980656,0.00028194443212424883,0.96594443630758675
428,7.8390055230200399,0.0040220471266425072,-7.3223601081809697,-0.0037360011513765706,0.51664541483907089,0.00028604597526593579,0.96592355603353919
429,7.9064541777453954,0.0040764709989149443,-7.3850527496788523,-0.0037862615242304069,0.52140142806654399,0.00029020947468453727,0.96590254692501254
430,7.9744766965774954,0.0041316404365265378,-7.4482741600177924,-0.003837204464669142,0.52620253655970339,0.000294435971857396,0.96588140769525133
431,8.0430787940648916,0.0041875665937288883,-7.5120295396596166,-0.0038888400651789735,0.53104925440527428,0.00029872652854991426,0.96586013703981721
432,8.1122662572434265,0.0042442608169931846,-7.5763241540822666,-0.0039411785897169697,0.53594210316116131,0.00030308222727621552,0.96583873363628003
433,8.1820449467841634,0.0043017346488821127,-7.6411633347929078,-0.003994230477110213,0.54088161199125673,0.00030750417177189857,0.96581719614390171
434,8.252420798163417,0.0043599998320123234,-7.7065524803602656,-0.0040480063445331466,0.54586831780315159,0.00031199348747917789,0.96579552320331485
435,8.3233998228553503,0.004419068313109991,-7.7724970574664995,-0.0041025169910651185,0.55090276538885119,0.00031655132204487242,0.96577371343619456
436,8.3949881095476524,0.0044789522471618401,-7.8390026019790451,-0.0041577734013302841,0.55598550756860754,0.00032117884583155614,0.96575176544492025
437,8.4671918253808336,0.0045396640016643489,-7.9060747200429642,-0.0042137867492220409,0.56111710533787029,0.00032587725244230688,0.96572967781223318
438,8.5400172172116537,0.0046012161609737022,-7.9737190891941925,-0.0042705684017142458,0.56629812801746215,0.00033064775925945641,0.96570744910088757
439,8.613470612901299,0.0046636215307593243,-8.0419414594941436,-0.0043281299227615668,0.57152915340715538,0.00033549160799775809,0.96568507785328928
440,8.6875584226288201,0.0047268931425637423,-8.1107476546862554,-0.0043864830772913097,0.57681076794256492,0.00034041006527243229,0.96566256259113203
441,8.7622871402304696,0.0047910442584717557,-8.1801435733748544,-0.0044456398352892435,0.58214356685561386,0.00034540442318251247,0.96563990181502179
442,8.837663344565458,0.0048560883758919137,-8.2501351902269207,-0.0045056123759819166,0.58752815433853645,0.0003504759999099973,0.9656170940040959
443,8.9136937009089241,0.0049220392324534155,-8.3207285571973166,-0.0045664130921181118,0.59296514371160924,0.00035562614033530322,0.96559413761563084
444,8.9903849623725058,0.0049889108110215841,-8.391929804777881,-0.0046280545943521417,0.5984551575946242,0.0003608562166694414,0.96557103108464415
445,9.0677439713534547,0.0050567173448353266,-8.4637451432711472,-0.0046905497157317538,0.60399882808230654,0.00036616762910357276,0.96554777282348414
446,9.1457776610126498,0.0051254733227698648,-8.5361808640890278,-0.0047539115162935075,0.60959679692362312,0.00037156180647635647,0.96552436122141538
447,9.224493056782519,0.0051951934947283424,-8.6092433410772493,-0.0048181532877686175,0.61524971570527121,0.00037704020695972511,0.96550079464418981
448,9.3038972779053335,0.0052658928771659383,-8.6829390318660202,-0.0048832885584022875,0.62095824603931371,0.00038260431876365136,0.96547707143361228
449,9.3839975390027703,0.0053375867587501808,-8.757274479247581,-0.0049493310978896915,0.62672305975518916,0.00038825566086049036,0.96545318990709172
450,9.4648011516773511,0.0054102907061613732,-8.8322563125812916,-0.0050162949224318472,0.63254483909605907,0.00039399578372952622,0.96542914835718818
451,9.5463155261466799,0.0054840205700371018,-8.9078912492268554,-0.0050841942999147304,0.63842427691982251,0.00039982627012237059,0.96540494505114316
452,9.6285481729111293,0.0055587924910650037,-8.9841860960064395,-0.0051530437552151096,0.64436207690468916,0.00040574873584989311,0.96538057823040513
453,9.7115067044559176,0.0056346229062279561,-9.0611477506962785,-0.0052228580756366327,0.65035895375963992,0.00041176483059132294,0.96535604611014048
454,9.7951988369883178,0.0057115285552061853,-9.1387832035485168,-0.0052936523164798712,0.65641563343980214,0.00041787623872631332,0.9653313468787329
455,9.8796323922109206,0.0057895264869407426,-9.2170995388440353,-0.0053654418067501184,0.66253285336688461,0.00042408468019062488,0.96530647869727393
456,9.9648152991318106,0.0058686340663631677,-9.2961039364769888,-0.0054382421550068618,0.66871136265481756,0.00043039191135630435,0.96528143969903957
457,10.050755595912577,0.005948868981295998,-9.3758036735718253,-0.0055120692553589931,0.67495192234075074,0.00043679972593700406,0.96525622798895694
458,10.137461431755138,0.0060302492495293326,-9.4562061261335124,-0.0055869392936098942,0.68125530562162684,0.00044330995591943824,0.96523084164305306
459,10.224941068828233,0.0061127932260784997,-9.5373187707319627,-0.0056628687535568035,0.6876222980962734,0.00044992447252169569,0.96520527870789929
460,10.313202884234727,0.0061965196106281845,-9.619149186221275,-0.005739874423448795,0.69405369801344885,0.00045664518717938917,0.9651795372000348
461,10.40225537202063,0.0062814474551686327,-9.7017050554948217,-0.0058179734026081653,0.7005503165258069,0.00046347405256046798,0.96515361510538034
462,10.492107145226974,0.0063675961718295346,-9.78499416727694,-0.0058971831082197399,0.7071129779500327,0.0004704130636097952,0.96512751037863742
463,10.582766937985507,0.0064549855409175398,-9.8690244179522342,-0.0059775212822932543,0.71374252003327454,0.00047746425862428533,0.96510122094267325
464,10.674243607659543,0.0065436357191636088,-9.953803813433387,-0.0060590059988037751,0.72043979422615467,0.00048462972035983242,0.9650747446878899
465,10.766546137030803,0.0066335672481863169,-10.039340471068414,-0.0061416556710153789,0.72720566596239022,0.00049191157717093847,0.96504807947158044
466,10.859683636533777,0.0067248010631778734,-10.125642621588391,-0.0062254890589936414,0.73404101494538909,0.00049931200418423219,0.96502122311726635
467,10.953665346538571,0.0068173585018194739,-10.212718611096696,-0.006310525277312443,0.74094673544187639,0.00050683322450703161,0.96499417341402205
468,11.048500639683565,0.0069112613134329958,-10.300576903100739,-0.0063967838029609057,0.7479237365828284,0.00051447751047209163,0.96496692811578133
469,11.144199023259239,0.0070065316683763567,-10.389226080587299,-0.0064842844834565368,0.75497294267193693,0.00052224718491982055,0.96493948494062665
470,11.240770141644447,0.0071031921676899664,-10.478674848142656,-0.0065730475451707135,0.76209529350179306,0.00053014462251925422,0.96491184157006127
471,11.338223778796479,0.0072012658530020163,-10.568932034118493,-0.0066630936018729154,0.769291744677989,0.00053817225112910033,0.96488399564826521
472,11.436569860796462,0.0073007762167007235,-10.660006592844962,-0.0067544436635004479,0.77656326795150221,0.00054633255320027667,0.9648559447813283
473,11.53581845845139,0.0074017472123817738,-10.751907606891947,-0.0068471191451604223,0.78391085155944018,0.00055462806722135255,0.96482768653646844
474,11.635979789954293,0.0075042032655795446,-10.844644289379845,-0.0069411418763711099,0.79133550057445023,0.00056306138920843318,0.9647992184412304
475,11.737064223604417,0.0076081692847911444,-10.938225986341203,-0.0070365341105501304,0.7988382372632119,0.00057163517424101465,0.96477053798265922
476,11.839082280588487,0.0077136706728024411,-11.032662179134491,-0.0071333185347569683,0.80642010145399823,0.00058035213804547231,0.96474164260645912
477,11.942044637825143,0.0078207333383255827,-11.127962486911338,-0.0072315182796977781,0.81408215091380409,0.00058921505862780414,0.9647125297161282
478,12.045962130874043,0.0079293837079581209,-11.224136669138773,-0.0073311569300006148,0.82182546173527227,0.00059822677795750819,0.96468319667207025
479,12.150845756911448,0.008039648738473822,-11.321194628177759,-0.0074322585347695643,0.8296511287336894,0.00060739020370425721,0.96465364079068538
480,12.256706677774041,0.0081515559294559146,-11.419146411919677,-0.0075348476184264983,0.83756026585436505,0.00061670831102941543,0.96462385934343664
481,12.363556223072978,0.0082651333362839079,-11.518002216482252,-0.007638949191849603,0.84555400659072677,0.00062618414443430383,0.96459384955589389
482,12.471405893379941,0.0083804095834852169,-11.617772388966424,-0.00774458876381797,0.8536335044135186,0.0006358208196672458,0.96456360860674928
483,12.580267363487255,0.0084974138784637519,-11.718467430275968,-0.0078517923527720648,0.86179993321128601,0.00064562152569168536,0.96453313362681203
484,12.690152485744173,0.0086161760256175425,-11.820097998001467,-0.0079605864989001837,0.87005448774270588,0.00065558952671735684,0.96450242169797318
485,12.801073293471367,0.0087367264408583986,-11.922674909370391,-0.0080709982765613079,0.8783983841009757,0.00066572816429709067,0.96447146985214494
486,12.9130420044559,0.0088590961665467472,-12.026209144265131,-0.00818305530705523,0.88683286019076912,0.00067604085949151782,0.96444027507016961
487,13.026071024528743,0.0089833168868554188,-12.13071184831081,-0.0082967857717511952,0.89535917621793182,0.00068653111510422258,0.96440883428070512
488,13.140172951227557,0.0091094209435767983,-12.236194336034858,-0.0084122184255867975,0.90397861519270117,0.00069720251799000208,0.96437714435907329
489,13.255360577546671,0.0092374413523880067,-12.342668094100201,-0.0085293826109490364,0.91269248344646914,0.00070805874143897111,0.96434520212608354
490,13.371646895777198,0.0093674118195897077,-12.450144784614395,-0.0086483082719504018,0.92150211116280301,0.00071910354763930371,0.96431300434682243
491,13.489045101439514,0.0094993667593343181,-12.558636248516381,-0.0087690259691126336,0.93040885292313513,0.00073034079022168529,0.96428054772940786
492,13.607568597310985,0.0096333413113605174,-12.668154509043573,-0.0088915668944720451,0.93941408826741024,0.00074177441688847161,0.96424782892371685
493,13.727230997551644,0.0097693713592511243,-12.778711775281135,-0.0090159628871202251,0.94851922227050922,0.00075340847213089981,0.96421484452006989
494,13.848046131930573,0.0099074935492323123,-12.890320445795904,-0.0091422464491946777,0.95772568613466991,0.00076524710003763523,0.9641815910478847
495,13.970028050156042,0.010047745309532901,-13.002993112357499,-0.0092704507623346758,0.96703493779854011,0.000777294547198224,0.9641480649742924
496,14.093191026312411,0.010190164870323089,-13.116742563748897,-0.009400609704617955,0.97644846256350792,0.0007895551657051325,0.96411426270271294
497,14.217549563406942,0.010334791284252659,-13.231581789669228,-0.0095327578679945107,0.98596777373771394,0.0008020334162581477,0.96408018057139278
498,14.343118398029782,0.010481664447609848,-13.347523984731328,-0.0096669305762345729,0.99559441329845111,0.0008147338713752764,0.96404581485190133
499,14.469912505130459,0.010630825122122519,-13.464582552556944,-0.0098031639034083379,1.0053299525735184,0.00082766121871418125,0.9640111617475855
500,14.597947102914407,0.01078231495742429,-13.582771109972208,-0.0099414946929156974,1.015175992942202,0.00084082026450859161,0.96397621739197981
501,14.727237657863204,0.010936176514209431,-13.702103491306637,-0.010081960577085167,1.0251341665565681,0.00085421593712426574,0.96394097784717092
502,14.857799889882061,0.011092453288100899,-13.822593752798436,-0.010224599997361614,1.0352061370836236,0.00086785329073928294,0.96390543910211812
503,14.989649777578681,0.011251189734257133,-13.944256177109386,-0.010369452225103565,1.0453936004692919,0.00088173750915356897,0.96386959707092201
504,15.122803563677225,0.011412431292744258,-14.067105277952503,-0.010516557383011282,1.0556982857247217,0.00089587390973297487,0.96383344759104628
505,15.257277760571903,0.01157622441470155,-14.191155804836036,-0.010665956467208243,1.0661219557358645,0.00091026794749330384,0.96379698642148692
506,15.393089156024029,0.011742616589328715,-14.316422747926943,-0.010817691369998727,1.0766664080970876,0.00092492521932999085,0.96376020924088657
507,15.530254819007448,0.011911656371725483,-14.442921343037872,-0.010971804903326105,1.0873334759695741,0.00093985146839937941,0.9637231116455971
508,15.668792105706601,0.012083393411614584,-14.570667076741088,-0.011128340822956663,1.0981250289655105,0.00095505258865791979,0.96368568914768282
509,15.808718665672306,0.012257878482980888,-14.699675691613328,-0.011287343853415194,1.1090429740589793,0.00097053462956569461,0.96364793717286357
510,15.950052448139935,0.012435163514660869,-14.829963191615608,-0.01144885971369964,1.1200892565243254,0.00098630380096122921,0.96360985105839958
511,16.092811708515427,0.012615301621917804,-14.961545847612268,-0.011612935143803153,1.1312658609031621,0.0010023664781146492,0.96357142605091217
512,16.237015015034221,0.01279834713903983,-15.094440203033189,-0.011779617932073071,1.1425748120010315,0.0010187292069667609,0.96353265730413684
513,16.382681255598861,0.012984355652999621,-15.228663079684207,-0.011948956943437759,1.1540181759146573,0.0010353987095618636,0.96349353987661179
514,16.529829644800863,0.013173384038215849,-15.364231583709813,-0.012121002148533301,1.1655980610910488,0.0010523818896825466,0.96345406872929396
515,16.678479731132921,0.013365490492458743,-15.501163111713385,-0.012295804653763644,1.1773166194195368,0.001069685838695099,0.96341423872310294
516,16.828651404397561,0.01356073457394362,-15.639475357039556,-0.012473416732329091,1.1891760473580097,0.0010873178416145332,0.96337404461638931
517,16.98036490331878,0.013759177239658343,-15.779186316224278,-0.012653891856259498,1.2011785870945015,0.0011052853833988445,0.96333348106232564
518,17.133640823363248,0.013960880884972722,-15.920314295617636,-0.012837284729490448,1.2133265277456147,0.0011235961554822735,0.96329254260621511
519,17.288500124778029,0.014165909384579848,-16.062877918185055,-0.0130236513220217,1.2256222065929721,0.0011422580625581468,0.96325122368271798
520,17.444964140852179,0.014374328134821993,-16.206896130492886,-0.013213048905199767,1.2380680103592914,0.0011612792296222261,0.96320951861298942
521,17.603054586409435,0.014586204097455521,-16.35238820988398,-0.013405536088167457,1.2506663765254586,0.0011806680092880631,0.96316742160172697
522,17.762793566540068,0.014801605844912313,-16.499373771849879,-0.013601172855525926,1.2634197946901891,0.0012004329893863888,0.96312492673412642
523,17.924203585579768,0.015020603607117513,-16.647872777605777,-0.013800020606256135,1.2763308079739906,0.0012205830008613795,0.96308202797273712
524,18.087307556344218,0.015243269319926225,-16.797905541875277,-0.014002142193949295,1.2894020144689424,0.0012411271259769336,0.96303871915422001
525,18.252128809627784,0.015469676675244652,-16.949492740891511,-0.01420760196839751,1.3026360687362764,0.0012620747068471431,0.96299499398599842
526,18.418691103975902,0.015699901172904689,-17.102655420622416,-0.014416465818599039,1.3160356833534848,0.0012834353543056502,0.96295084604280046
527,18.587018635740101,0.01593402017436308,-17.257415005227216,-0.01462880121723386,1.3296036305128816,0.0013052189571292213,0.96290626876309016
528,18.757136049425988,0.01617211295830126,-17.413793305752201,-0.014844677266669076,1.3433427436737828,0.0013274356916321822,0.96286125544537893
529,18.929068448344264,0.016414260778204154,-17.571812529074041,-0.015064164746555688,1.3572559192702207,0.0013500960316484689,0.96281579924441707
530,19.102841405575436,0.016660546922000637,-17.731495287098831,-0.015287336163081013,1.3713461184766018,0.0013732107589196248,0.96276989316725792
531,19.278480975259491,0.016911056773852552,-17.892864606226041,-0.015514265799944903,1.3856163690334502,0.0013967909739076531,0.9627235300691912
532,19.456013704222137,0.017165877878182724,-18.055943937086241,-0.015745029771130046,1.4000697671358977,0.0014208481070526776,0.96267670264953642
533,19.635466643949623,0.017425100006037621,-18.220757164562499,-0.015979706075540966,1.4147094793871258,0.0014453939304966555,0.9626294034472993
534,19.816867362924825,0.01768881522388413,-18.38732861810508,-0.016218374653588993,1.4295387448197441,0.0014704405702951357,0.9625816248366762
535,20.000243959337826,0.017957117964945934,-18.555683082350093,-0.016461117445805175,1.4445608769877341,0.0014960005191407611,0.96253335902240389
536,20.185625074184575,0.018230105103189103,-18.725845808052828,-0.01670801845356619,1.4597792661317501,0.0015220866496229138,0.96248459803495501
537,20.373039904768074,0.018507876030072812,-18.897842523346835,-0.016959163802022958,1.4751973814212374,0.0015487122280498583,0.96243533372555745
538,20.562518218616916,0.018790532734186665,-19.071699445340933,-0.017214641805326066,1.490818773275985,0.0015758909288606012,0.96238555776105017
539,20.754090367837037,0.019078179883902379,-19.247443292065977,-0.017474543034246583,1.5066470757710606,0.0016036368496557957,0.96233526161855021
540,20.947787303912556,0.019370924913173805,-19.425101294784358,-0.017738960386295882,1.5226860091282011,0.001631964526877922,0.9622844365799359
541,21.143640592973291,0.019668878110626915,-19.604701210675611,-0.018007989158453308,1.5389393822976811,0.0016608889521736048,0.96223307372613065
542,21.341682431545966,0.019972152712087504,-19.78627133591181,-0.018281727122615655,1.5554110956341511,0.0016904255894718487,0.96218116393118769
543,21.541945662808722,0.020280864996704,-19.969840519137612,-0.018560274603889333,1.572105143671112,0.001720590392814669,0.96212869785615251
544,21.744463793367224,0.020595134386828459,-20.155438175369706,-0.018843734561850425,1.5890256179975188,0.0017513998249780332,0.96207566594271332
545,21.949271010573774,0.020915083551830541,-20.343094300331984,-0.019132212674906602,1.6061767102417894,0.0017828708769239373,0.96202205840661126
546,22.156402200409758,0.021240838516025456,-20.532839485242409,-0.019425817427899401,1.623562715167342,0.0018150210881260603,0.96196786523081312
547,22.365892965954416,0.021572528770909555,-20.724704932069464,-0.019724660203095046,1.6411880338849465,0.0018478685678145115,0.96191307615843069
548,22.57777964646273,0.021910287391905293,-20.91872246927575,-0.020028855374717637,1.6590571771869791,0.0018814320171876555,0.96185768068537525
549,22.792099337077005,0.02225425115982993,-21.114924568067924,-0.020338520407188247,1.6771747690090817,0.0019157307526416791,0.96180166805273914
550,23.008889909197912,0.022604560687313847,-21.313344359172813,-0.020653775957241882,1.6955455500251002,0.0019507847300719652,0.96174502723888611
551,23.228190031541217,0.022961360550405804,-21.514015650160086,-0.020974745980102506,1.7141743813811225,0.001986614570303304,0.9616877469512457
552,23.450039191908754,0.023324799425617358,-21.716972943333435,-0.021301557839907833,1.7330662485753194,0.0020232415857095263,0.96162981561779037
553,23.674477719702985,0.02369503023267195,-21.922251454212883,-0.021634342424585104,1.7522262654900991,0.0020606878080868477,0.9615712213781864
554,23.901546809215716,0.024072210283238953,-22.129887130631857,-0.021973234265389684,1.771659678583859,0.0020989760178492644,0.96151195207459805
555,24.131288543723656,0.024456501435949934,-22.339916672474143,-0.022318371661331698,1.7913718712495119,0.0021381297746182375,0.96145199524213953
556,24.363745920424769,0.024848070258010946,-22.552377552076621,-0.022669896808726931,1.8113683683481492,0.0021781734492840226,0.96139133809894273
557,24.598962876250983,0.025247088193742693,-22.767308035325279,-0.023027955936122405,1.8316548409256992,0.0022191322576202918,0.96132996753583755
558,24.836984314594879,0.025653731740400674,-22.984747203473209,-0.023392699444861734,1.8522371111216716,0.002261032295538941,0.96126787010561809
559,25.077856132989705,0.026068182631647157,-23.204734975710661,-0.023764282055569096,1.8731211572790447,0.0023039005760780613,0.96120503201187879
560,25.321625251784205,0.026490628029070082,-23.427312132518853,-0.024142862960848742,1.8943131192653535,0.0023477650682213408,0.9611414390973958
561,25.568339643855751,0.026921260722166818,-23.652520339840688,-0.024528605984512852,1.9158193040150628,0.0023926547376539632,0.96107707683203747
562,25.818048365407847,0.02736027933723648,-23.880402174103544,-0.024921679747669664,1.9376461913042995,0.0024385995895668203,0.96101193030017695
563,26.070801587899769,0.027807888555651389,-24.1110011481302,-0.025322257842023251,1.9598004397695759,0.0024856307136281444,0.96094598418758137
564,26.326650631159819,0.028264299342007543,-24.344361737977344,-0.025730519010757825,1.9822888931824734,0.002533780331249718,0.96087922276775939
565,26.585647997735123,0.028729729182684731,-24.580529410741576,-0.026146647337401446,2.0051185869935448,0.0025830818452832758,0.96081162988773072
566,26.847847408534946,0.029204402335380072,-24.819550653375785,-0.026570832443088402,2.028296755159162,0.002633569892291669,0.96074318895319144
567,27.113303839826404,0.029688550090214868,-25.06147300256109,-0.027003269692665234,2.0518308372653085,0.0026852803975496373,0.96067388291305289
568,27.382073561645782,0.030182411043052144,-25.3063450756813,-0.027444160410113133,2.0757284859644827,0.002738250632939007,0.96060369424330838
569,27.654214177691575,0.030686231381704149,-25.554216602950124,-0.027893712103789079,2.0999975747414528,0.0027925192779150758,0.9605326049302042
570,27.929784666769152,0.031200265185752762,-25.80513846074377,-0.028352138702019507,2.1246462060253837,0.0028481264837332499,0.96046059645267501
571,28.208845425860723,0.031724774740752137,-26.059162706193973,-0.02881966079961458,2.1496827196667461,0.0029051139411375654,0.96038764976400437
572,28.491458314899006,0.032260030867635903,-26.316342613100538,-0.029296505915907958,2.1751157017984655,0.0029635249517279477,0.96031374527267099
573,28.777686703326882,0.03280631326820399,-26.576732709224881,-0.029782908764965938,2.2009539941020053,0.0030234045032380532,0.96023886282233839
574,29.067595518530347,0.033363910887623908,-26.840388815029968,-0.030279111538651791,2.2272067035003831,0.0030847993489721186,0.96016298167094161
575,29.36125129623731,0.033933122294945259,-27.107368083935555,-0.030785364203277543,2.2538832123017505,0.0031477580916677173,0.96008608046882027
576,29.658722232980054,0.034514256082693755,-27.377729044161939,-0.031301924810623334,2.2809931888181181,0.0032123312720704275,0.96000813723585043
577,29.960078240724894,0.035107631286685863,-27.651531642238826,-0.031829059824157763,2.3085465984860685,0.0032785714625281018,0.95992912933751617
578,30.26539100377925,0.035713577827284002,-27.928837288261779,-0.03236704446134929,2.3365537155174758,0.0033465333659347058,0.95984903345986539
579,30.574734038092224,0.036332436973398906,-28.209708902981752,-0.032916163053019878,2.3650251351104679,0.0034162739203790187,0.95976782558328655
580,30.888182753073153,0.036964561830639613,-28.494210966820496,-0.033476709420759081,2.3939717862526564,0.0034878524098805328,0.95968548095503947
581,31.205814516058737,0.037610317855110376,-28.782409570907905,-0.034048987273486674,2.4234049451508399,0.003561330581623709,0.95960197406047198
582,31.527708719568771,0.038270083394464673,-29.07437247024486,-0.034633310624330699,2.4533362493239057,0.0036367727701339678,0.95951727859284286
583,31.853946851499032,0.038944250257944825,-29.370169139101289,-0.035230004229071493,2.4837777123977389,0.0037142460288733343,0.95943136742167578
584,32.184612568408539,0.039633224317261628,-29.669870828764605,-0.035839404047490558,2.5147417396439264,0.0037938202697710664,0.95934421255955571
585,32.519791772070079,0.040337426140311369,-29.973550627763096,-0.036461857729065288,2.5462411443069826,0.0038755684112460782,0.95925578512727561
586,32.859572689462389,0.041057291659875358,-30.281283524694715,-0.037097725124553171,2.5782891647676776,0.0039595665353221818,0.95916605531723831
587,33.204045956394836,0.041793272879613111,-30.593146473801227,-0.037747378825126979,2.6108994825936094,0.0040458940544861356,0.95907499235500648
588,33.553304704968049,0.042545838619839176,-30.909218463436318,-0.038411204730847276,2.6440862415317268,0.0041346338889918979,0.95898256445889141
589,33.907444655088,0.043315475305768639,-31.229580587586309,-0.039089602650396349,2.6778640675016936,0.0042258726553722932,0.95888873879745717
590,34.266564210264725,0.04410268780112752,-31.554316120611933,-0.03978298693414415,2.7122480896528005,0.0043197008669833732,0.95879348144481569
591,34.630764557943735,0.044908000290256614,-31.883510595391531,-0.040491787142780872,2.7472539625521977,0.0044162131474757439,0.95869675733357207
592,35.000149774635538,0.045731957212092084,-32.217251885058602,-0.041216448753927992,2.7828978895769421,0.0045155084581641018,0.95859853020527541
593,35.374826936125828,0.046575124249678468,-32.555630288537841,-0.041957433909329066,2.8191966475879902,0.0046176903403493969,0.95849876255821531
594,35.754906233071274,0.04743808937917722,-32.898738620101014,-0.042715222205437484,2.8561676129702569,0.00472286717373974,0.95839741559239133
595,36.140501092305151,0.048321463982661621,-33.246672303176332,-0.043490311530443755,2.8938287891288281,0.0048311524522178535,0.95829444915147777
596,36.53172830420371,0.049225884029355446,-33.599529468664635,-0.044283218951042924,2.9321988355390669,0.0049426650783125151,0.95818982166158351
597,36.928708156485641,0.050152011330366245,-33.957411058030139,-0.045094481652511939,2.9712970984554961,0.0050575296778543073,0.95808349006659432
598,37.331564574850361,0.051100534872410827,-34.320420931457512,-0.045924657935980218,3.0111436433928409,0.0051758769364306269,0.95797540975987283
599,37.740425270885311,0.052072172236501811,-34.688665981383707,-0.046774328277099403,3.0517592895016037,0.0052978439594024099,0.95786553451206691
600,38.155421897710653,0.053067671108104106,-35.062256251739825,-0.047644096450694173,3.093165645970835,0.0054235746574099221,0.95775381639475943
601,38.576690213861774,0.054087810885848561,-35.441305063261211,-0.048534590726373818,3.1353851506005581,0.0055532201594747383,0.95764020569967989
602,39.004370255951549,0.055133404396537827,-35.825929145251912,-0.049446465140531033,3.17844111069964,0.0056869392560067993,0.95752465085315819
603,39.438606520696347,0.056205299724891841,-36.21624877421992,-0.050380400850645921,3.2223577464764261,0.0058248988742459224,0.95740709832549309
604,39.879548156936337,0.057304382167269539,-36.612387919831463,-0.051337107578354871,3.2671602371048776,0.0059672745889146721,0.95728749253486478
605,40.327349168332056,0.058431576319473856,-37.014474398668604,-0.052317325148342288,3.3128747696634493,0.006114251171131584,0.95716577574540673
606,40.782168627475542,0.059587848309720408,-37.422640036313474,-0.053321825130781937,3.359528591162074,0.006266023178938469,0.95704188795900169
607,41.24417090221543,0.060774208188919682,-37.837020838324399,-0.054351412595786325,3.4071500638910335,0.0064227955931333586,0.95691576680034229
608,41.713525895062276,0.061991712491621026,-38.257757170716246,-0.055406927989143345,3.4557687243460293,0.0065847845024776825,0.95678734739475135
609,42.190409296616657,0.0632414669822986,-38.684993950609474,-0.05648924913953144,3.5054153460071813,0.0067522178427671543,0.95665656223821649
610,42.675002854041097,0.0645246296031384,-39.118880847766519,-0.057599293408412758,3.5561220062745749,0.006925336194725646,0.9565233410590378
611,43.167494655689808,0.065842413641145944,-39.559572497798541,-0.058738019994938197,3.6079221578912737,0.0071043936462077423,0.95638761067044087
612,43.668079433107494,0.067196091134243463,-40.007228727892446,-0.059906432409458865,3.6608507052150356,0.0072896587247845909,0.95624929481344545
613,44.176958881718157,0.068586996538097592,-40.462014795983364,-0.061105581130647353,3.7149440857348042,0.0074814154074502384,0.95610831398921459
614,44.694342001648288,0.070016530677747255,-40.924101644382532,-0.062336566462819487,3.7702403572657648,0.007679964214927771,0.95596458528003447
615,45.220445460259313,0.071486165010706176,-41.393666168960429,-0.063600541611813846,3.8267792912988892,0.0078856233988923302,0.95581802215799927
616,45.75549397811703,0.072997446231157045,-41.870891505089133,-0.064898715999786472,3.8846024730279005,0.0080987302313705774,0.95566853428038223
617,46.299720740288883,0.074552001248161359,-42.355967331659976,-0.06623235884151904,3.9437534086289165,0.008319642406642333,0.95551602727057705
618,46.853367835044637,0.076151542574542194,-42.849090194618498,-0.067602803007369539,4.0042776404261371,0.0085487395671726522,0.95536040248338239
619,47.416686722242396,0.077797874167326905,-43.350463851599976,-0.069011449200857597,4.0662228706424095,0.008786424966469298,0.95520155675328144
620,47.989938733908595,0.079492897765410908,-43.860299639402754,-0.070459770482104112,4.1296390945058494,0.0090331272833068105,0.95503938212422912
621,48.573395609780164,0.081238619775543169,-44.378816866213754,-0.071949317172022478,4.1945787435664101,0.009289302603520691,0.95487376555930437
622,49.16734007086027,0.083037158763894725,-44.906243230694116,-0.07348172217631721,4.2610968401661555,0.0095554365875775184,0.95470458862842644
623,49.772066434363936,0.08489075361751014,-45.442815270251224,-0.075058706773093398,4.3292511641127227,0.0098320468444167385,0.95453172717211598
624,50.387881273789048,0.086801772447959169,-45.988778841070413,-0.076682086913285874,4.3991024327186317,0.010119685534673309,0.95435505093909889
625,51.015104128257143,0.088772722318687811,-46.544389632754658,-0.07835378008930087,4.4707144955024845,0.010418942229386937,0.95417442319528001
626,51.654068265727126,0.090806259888083052,-47.109913720731953,-0.080075812834339899,4.5441545449951803,0.010730447053743167,0.95398970030135322
627,52.305121505203161,0.092905203072348494,-47.685628159941672,-0.081850328923001883,4.6194933452614944,0.011054874149346611,0.95380073125601017
628,52.968627103647989,0.095072543846198884,-48.27182162370886,-0.083679598353109633,4.6968054799391332,0.011392945493089255,0.95360735720134715
629,53.644964713977359,0.097311462315427755,-48.868795092164895,-0.085566027199481656,4.7761696218124552,0.011745435115946109,0.95340941088668296
630,54.334531421272438,0.099625342213971402,-49.476862595087368,-0.087512168442835991,4.8576688261850691,0.01211317377113541,0.95320671608655527
631,55.037742865209871,0.10201778799961589,-50.09635201461257,-0.089520733891448309,4.9413908505973083,0.012497054108167604,0.9529990869681384
632,55.7550344576985,0.10449264374751971,-50.727605953941719,-0.091594607329962052,5.0274285037567896,0.012898036417557671,0.95278632740275349
633,56.486862705840608,0.10705401406989035,-51.370982678921976,-0.093736859049290619,5.1158800269186457,0.013317155020599724,0.95256823021547787
634,57.233706651637235,0.10970628732424828,-52.026857140258137,-0.095950761934379014,5.2068495113791009,0.01375552538986927,0.95234457636608283
635,57.996069441347601,0.11245416141265915,-52.695622085114223,-0.098239809313327542,5.3004473562333718,0.014214352099331612,0.95211513405367265
636,58.774480039138851,0.11530267252129119,-53.377689268022316,-0.10060773480280288,5.3967907711165548,0.014694937718488281,0.95187965773637429
637,59.569495101654994,0.11825722720502185,-54.073490772354617,-0.1030585344216764,5.49600432930038,0.015198692783345458,0.95163788705627472
638,60.381701032448859,0.12132363828732649,-54.783480455167592,-0.1055964912886083,5.5982205772812605,0.015727146998718154,0.95138954565845246
639,61.211716237910537,0.12450816512338717,-55.508135530028454,-0.10822620327120053,5.7035807078820788,0.016281961852186624,0.95113433989138685
640,62.060193609468755,0.12781755886691043,-56.247958304542749,-0.11095261401613345,5.8122353049259949,0.016864944850776983,0.95087195737422858
641,62.927823260518949,0.13125911349169975,-57.003478091761217,-0.1137810478634943,5.924345168757732,0.01747806562820544,0.95060206541427494
642,63.815335550848715,0.13484072345161507,-57.775253317533966,-0.11671724923695868,6.0400822333147577,0.018123474214656397,0.95032430925553402
643,64.723504436424591,0.13857094902216721,-58.563873849286786,-0.11976742720794328,6.159630587137805,0.0188035218142239,0.95003831013634532
644,65.653151188421702,0.14245909055988168,-59.369963575715978,-0.12293830606044825,6.2831876127057207,0.019520784499433404,0.94974366313059622
645,66.605148532523884,0.14651527314964927,-60.194183271672507,-0.12623718283932484,6.4109652608513752,0.020278090310324404,0.94943993474302357
646,67.580425268037885,0.15075054339558625,-61.037233788194278,-0.12967199305480984,6.5431914798436051,0.021078550340776409,0.94912666022428505
647,68.57997143655129,0.15517698046021228,-61.89985961444345,-0.13325138594883612,6.6801118221078468,0.021925594511376129,0.94880334056575588
648,69.604844122103799,0.15980782388640602,-62.782852866473682,-0.13698481101476562,6.8219912556301221,0.022823012871640402,0.94846943912717108
649,70.656173979610813,0.16465762126770983,-63.687057767601885,-0.14088261781580444,6.9691162120089256,0.023775003451905384,0.94812437784199988
650,71.735172606182246,0.16974239949248038,-64.613375697097283,-0.14495617158665033,7.1217969090849653,0.024786227905830044,0.94776753293554616
651,72.843140891792316,0.17507986411184279,-65.562770898438501,-0.1492179876516217,7.2803699933538208,0.025861876460221055,0.94739823007874679
652,73.981478512457215,0.1806896324172641,-66.536276956179549,-0.15368188838177985,7.4452015562776825,0.027007744035484296,0.94701573888602775
653,75.151694761948193,0.18659350712288586,-67.535004172361567,-0.15836318728462911,7.6166905895866233,0.028230319838256759,0.94661926664769158
654,76.355420958756326,0.19281579921320396,-68.560148000502267,-0.16327890592781491,7.7952729582540741,0.029536893285389026,0.94620795116530632
655,77.594424715683814,0.19938371064922933,-69.612998728918413,-0.16844803081655293,7.9814259867654052,0.030935679832676394,0.9457808525313306
656,78.870626422919401,0.20632779037626434,-70.694952647394231,-0.17389181917328123,8.1756737755251656,0.032435971202983083,0.94533694366034737
657,80.186118375520522,0.21368248064908008,-71.807524984482839,-0.17963416494354006,8.3785933910376755,0.034048315705540011,0.94487509933681557
658,81.54318707792919,0.22148677536852776,-72.952364970396559,-0.18570203946240646,8.5908221075326345,0.035784735906121315,0.94439408349074416
659,82.944339388290757,0.2297850183010911,-74.131273467010033,-0.19212602532247891,8.8130659212807068,0.037658992978612221,0.94389253434471465
660,84.392333333220748,0.23862787728325205,-75.346223718153112,-0.19894096745531759,9.0461096150676497,0.039686909827934477,0.94336894698869156
661,85.890214642034877,0.24807354158273515,-76.599385918584147,-0.20618677279627826,9.2908287234507334,0.041886768786456904,0.94282165282682706
662,87.441360336089971,0.25818920463084261,-77.89315649061578,-0.21390939990003413,9.5482038454741875,0.044279804730808406,0.94224879519438642
663,89.049531088785159,0.26905291500326867,-79.230193209934171,-0.22216209360645067,9.819337878850984,0.046890821396818078,0.94164830025104984
664,90.718934580520624,0.28075590724553601,-80.613457660342476,-0.23100693894135998,10.105476920178162,0.04974896830417605,0.94101784200222416
665,92.454302761886211,0.29340556456047795,-82.046266955114703,-0.24051683529719459,10.408035806771498,0.052888729263283391,0.9403547999585169
666,94.260986882713638,0.3071292230476943,-83.532357290300922,-0.25077803026081469,10.728629592412744,0.056351192786879584,0.93965620748012502
667,96.145075456080932,0.32207911069480921,-85.075962766898698,-0.2618934079446229,11.069112689182226,0.060185702750186365,0.93891868821609659
668,98.113542173656413,0.3384388371998196,-86.681914146415181,-0.27398680832247535,11.431628027241231,0.064452028877344247,0.93813837716121418
669,100.17443343155719,0.35643203471064411,-88.355763960491259,-0.2872087763289175,11.818669471065935,0.06922325838172666,0.93731082159849732
670,102.33710897148275,0.37633403045740066,-90.103946950549812,-0.3017443261028826,12.233162020932919,0.07458970435451806,0.93643085539131765
671,104.61255484343364,0.39848787021124044,-91.933988601799939,-0.31782359672965116,12.6785662416337,0.080664273481589305,0.93549243744804111
672,107.01379652634478,0.42332671056047155,-93.854780269902847,-0.3357367402686518,13.159016256441916,0.087589970291819752,0.93448844123720265
673,109.55645341009091,0.45140574333277195,-95.876948279750522,-0.35585514377299537,13.679505130340377,0.095550599559776489,0.93341037620580203
674,112.25949708795329,0.48344874776783792,-98.013358491076417,-0.37866237071837039,14.246138596876882,0.10478637704946753,0.93224801251696543
675,115.14631067372034,0.52041773553557036,-100.27982092251149,-0.40480044576253604,14.866489751208832,0.11561728977303432,0.93098886532197034
676,118.24620516015098,0.56362025490676715,-102.69609809167241,-0.43514116002680497,15.550107068478543,0.12847909487996229,0.92961746949403312
677,121.59665215046027,0.61488045715070294,-105.2873893660134,-0.47089973835130572,16.309262784446865,0.14398071879939717,0.92811433210335048
678,125.2466820121769,0.67682297125297886,-108.0865896563929,-0.51382345169705501,17.160092355783995,0.16299951955592373,0.9264543712737966
679,129.26226346746449,0.75336705693248729,-111.13786457270217,-0.56651992712296229,18.12439889476228,0.18684712980952495,0.92460450104505498
680,133.73523596893369,0.85063827728087305,-114.50258595244151,-0.63306283148076758,19.232650016492187,0.21757544580010563,0.92251972190789189
681,138.79904349061948,0.978776549563245,-118.2697859346586,-0.72019304627420244,20.529257555960875,0.25858350328904256,0.92013642670509199
682,144.65861417353705,1.1558699917069961,-122.57600869484278,-0.83993206311198154,22.082605478694298,0.31593792859501468,0.91736008690483017
683,151.65304330929939,1.4176406895897102,-127.64695445872643,-1.016016510165701,24.006088850573008,0.40162417942400919,0.91404034628789477
684,160.4066945771321,1.8458578358095341,-133.89786200045046,-1.3027736605969296,26.508832576681613,0.54308417521260433,0.90991350015183003
685,172.27888206359501,2.6778560028816014,-142.23224490819254,-1.8578766882163231,30.046637155402486,0.81997931466527785,0.90444002435628623
686,191.30352016062562,5.0133124935872377,-155.33044368179864,-3.4118706979507967,35.973076478826954,1.6014417956364411,0.89614983735193765
687,236.96182765430649,35.281882233683739,-186.1347912698952,-23.52249329380691,50.827036384411315,11.759388939876835,0.87787699381786888
688,194.27512313716124,79.558084869437323,-158.26335242614567,-52.938842633015199,36.011770711015586,26.619242236422131,0.88115694516923682
689,176.73065124135422,94.402589446681233,-147.10852260133504,-62.803322857034196,29.622128640019199,31.59926658964703,0.87979306831175819
690,174.38762614633148,87.360947191451501,-146.06724417433591,-58.128551916759079,28.320381971995573,29.232395274692415,0.88445559430434095
691,157.4893198731736,82.33736991966326,-135.37236059759468,-54.794600005173876,22.116959275578914,27.542769914489384,0.8908939520998983
692,148.87223517331512,92.582686736527663,-130.19564358764239,-61.604326935791917,18.676591585672696,30.978359800735738,0.88672885230249543
693,155.4627479681981,92.570494228130414,-135.13965258504285,-61.600031691466754,20.323095383155227,30.970462536663661,0.88756164876724819
694,149.68908546244384,82.930515158412177,-131.88936088604163,-55.200125888408742,17.799724576402177,27.730389270003442,0.89509268856627966
695,138.4792025986917,85.936335953153971,-125.04928461803365,-57.201634557311174,13.429917980658036,28.734701395842791,0.89444442959160542
696,140.36719828918757,94.265476787303299,-126.93550019990403,-62.740473034646065,13.431698089283522,31.525003752657234,0.88970176252782118
697,146.51846358794634,89.221289566502207,-131.68613461636659,-59.397358964249996,14.832328971579773,29.823930602252204,0.89459569594391819
698,140.96320194006194,82.400724367188786,-128.71661707654576,-54.885806546484027,12.246584863516198,27.51491782070476,0.90067209549505001
699,133.63816792655916,87.11277768816818,-124.59289094083117,-58.221590457623869,9.0452769857279947,28.891187230544325,0.89808390816936301
700,134.84855442484007,94.086432171325001,-125.94329433574751,-62.871713181884914,8.9052600890925291,31.214718989440094,0.89364007082420649
701,141.12493050359291,91.875258651368867,-130.78507609155361,-61.452952568232938,10.339854412039294,30.422306083135922,0.89731070273648394
702,139.68316090865363,84.811794579032991,-130.55177407619971,-56.732667855489609,9.1313868324539449,28.079126723543389,0.90343238857641306
703,133.21145691069566,83.783732737281227,-126.96093449692614,-56.067266280014664,6.2505224137695432,27.716466457266556,0.90406322482664359
704,130.52019976803496,88.712437655154886,-125.9789336540923,-59.36734586631259,4.5412661139426369,29.345091788842296,0.90004613022823721
705,134.25900493454017,92.641538247396085,-129.26868958271857,-61.951309707814545,4.9903153518216108,30.69022853958154,0.89854253676621032
706,139.53371096785762,90.932918224099041,-133.59007104511221,-60.838709808744461,5.94363992274541,30.094208415354586,0.90210140207676537
707,141.05209754609726,86.165297027156768,-135.50188178229584,-57.69660486095934,5.5502157638014502,28.468692166197435,0.90720349616916462
708,138.88081671452929,82.921264913552264,-134.9835815171204,-55.52293355764008,3.8972351974088593,27.398331355912198,0.91006399899154167
709,136.05268147386812,83.083178455063788,-134.03748001725603,-55.635928351287788,2.0152014566121377,27.447250103776007,0.90963063731545879
710,135.18462615944225,85.609644853080894,-134.45765419778476,-57.345979505746669,0.72697196165750988,28.263665347334218,0.907661313797681
711,136.94879312257538,88.330768537889938,-136.69569673013478,-59.165535939619367,0.25309639244056603,29.16523259827057,0.90649259762760781
712,140.3381960812813,89.7997230293755,-140.04466378276004,-60.133293780379944,0.29353229852124629,29.666429248995563,0.90700271191963644
713,144.10633824999366,89.883413794828471,-143.67974140509571,-60.192075945799921,0.42659684489795868,29.691337849028564,0.90880620123265898
714,147.5646608731156,89.129673474389634,-147.16773210243852,-59.711056252403694,0.39692877067704924,29.418617221985926,0.91117110346663754
715,150.60503600634954,88.142613598805553,-150.45099596220015,-59.080785670477169,0.15404004414937811,29.061827928328384,0.91354067242869585
716,153.39242552841131,87.299198331074194,-153.64094542577644,-58.541405761039975,-0.24851989736516378,28.757792570034226,0.91564107323971888
717,156.11036607994325,86.781329435767361,-156.8575313226776,-58.21233051289007,-0.74716524273428608,28.568998922877292,0.91738347746560889
718,158.86313612104496,86.657488478571906,-160.17314454836406,-58.143388828153149,-1.3100084273190997,28.514099650418757,0.91876115105129974
719,161.63257071003562,86.901057529765112,-163.58433828682735,-58.320727380059786,-1.951767576791732,28.580330149705311,0.91979753835022127
720,164.28177803371815,87.337583504170112,-167.01125582152005,-58.630145492829946,-2.729477787801911,28.707438011340166,0.92057223888421602
721,166.69810579399709,87.529263521899978,-170.39122413022758,-58.781380958258765,-3.6931183362304756,28.74788256364122,0.92135122526470825
722,169.1898366396953,86.786601503046029,-173.94251083810028,-58.316798584509009,-4.7526741984049732,28.469802918537027,0.92274320707125157
723,172.90266353374273,84.776901722955373,-178.44202147812192,-57.015847003218099,-5.5393579443791552,27.761054719737267,0.92548435757531922
724,179.1975033846345,82.673811133903953,-184.81431231437685,-55.658454110319958,-5.6168089297423425,27.015357023583995,0.92931424145047004
725,187.46024038222799,83.0006640922863,-192.68349493938464,-55.92185351484882,-5.2232545571566771,27.078810577437466,0.93201498327836185
726,193.89058896720533,86.068835896946581,-199.59836401363768,-58.030957861246804,-5.7077750464323689,28.037878035699777,0.93187367210135685
727,197.57889597152297,86.254533873873626,-204.93744000804074,-58.518598910582192,-7.3585440365177952,27.735934963291434,0.93306622474876488
728,206.38430107592424,83.604313322482668,-213.55132180379726,-56.96706596597199,-7.1670207278730143,26.637247356510677,0.93782972377011586
729,216.29051050094932,86.856933642671834,-223.2855262419319,-59.273017527557165,-6.9950157409825131,27.583916115114675,0.93868309176459719
730,223.01128406505632,85.683149398325327,-231.25366741594303,-58.600639312589919,-8.2423833508866906,27.082510085735407,0.94071017821677705
731,236.44030532319414,87.196618727366797,-244.16538047421619,-59.663516654197657,-7.7250751510220148,27.53310207316914,0.94318868824665203
732,246.86033087164643,86.444329104024931,-255.70167654086546,-59.251211856366623,-8.8413456692190309,27.1931172476583,0.94543432285744755
733,261.75533673808712,89.324083784442038,-270.94559681347886,-61.318854133030456,-9.1902600753917945,28.005229651411568,0.94683261780280081
734,280.25200148881618,89.614773018056979,-289.54923393711601,-61.764782612763128,-9.2972324482997983,27.849990405293859,0.95026066969236478
735,300.89955435889317,90.481153179373919,-310.8538005758686,-62.745844416925678,-9.9542462169754948,27.735308762448234,0.95332487824305445
736,327.34889961211218,92.645544280814306,-337.92181311943267,-64.752054296066902,-10.572913507320486,27.893489984747404,0.95640639004470562
737,363.54481390485546,96.494378008106494,-374.66224366847581,-68.236492869982186,-11.117429763620404,28.257885138124315,0.9598839415306476
738,418.07334548985523,104.18759562923319,-429.94958963000181,-75.392673052116464,-11.87624414014649,28.794922577116708,0.96408922734531211
739,525.08467498145126,130.99567692494975,-538.21315732545816,-102.00561700648721,-13.12848234400688,28.990059918462542,0.97077592198816176
740,631.09240666546953,378.31353335650681,-645.06731657889065,-349.7536725212093,-13.974909913421104,28.559860835297506,0.9783641553764828
741,476.97571280146195,457.08966344949312,-491.24422612687806,-428.47169282507224,-14.268513325415977,28.617970624420913,0.97563567617390479
742,400.71488721759528,485.68585448033753,-415.52445711543515,-456.64401016676049,-14.809569897839836,29.041844313577045,0.97385849695887428
743,339.29872538306495,507.3146966988179,-354.8195509550406,-477.644353035834,-15.520825571975603,29.670343662983903,0.97221957808310444
744,280.45587313212815,519.0110531007665,-296.91999533214425,-488.6856432659099,-16.46412220001606,30.325409834856572,0.97029799831529684
745,225.52261426853318,516.61979256134646,-243.1317182287853,-485.48129778683466,-17.60910396025217,31.138494774511742,0.96767502846193632
746,181.83038213740954,500.61940697012244,-200.85796318111591,-468.52994793409152,-19.027581043706327,32.089459036030931,0.96421041348351766
747,155.46387453330306,478.90966177692724,-176.25462460104347,-445.6743047881335,-20.79075006774044,33.235356988793754,0.96011018649730839
748,145.69905590557386,462.62117509604002,-168.84237385975865,-427.94900109701274,-23.143317954184766,34.672173999027265,0.95589067100450542
749,145.23256601543039,460.99578968672341,-171.67521833174069,-424.58144527320798,-26.442652316310337,36.414344413515508,0.9521915799617221
750,141.20965502500735,479.49511419140759,-172.57496620018352,-440.90784086152127,-31.365311175176195,38.58727332988633,0.94891080574982722
751,111.97140858364649,516.88237147345592,-152.1330374715119,-475.44906946174399,-40.161628887865447,41.433302011711973,0.94387201163623213
752,4.7265551190889425,536.79669949970344,-70.727796559047988,-498.39359776535122,-66.001241439959074,38.403101734352262,0.92659065914448635
753,-11.399540914405378,430.8396962557365,-44.024267631576265,-428.04161442630289,-55.423808545981615,2.7980818294335457,0.93556828910255785
754,-5.4744083143714874,392.18950763771932,-38.623043138944581,-391.87207034131694,-44.097451453316054,0.31743729640249985,0.94389481392845798
755,19.694736028284865,361.86294811561351,-58.088166602707048,-362.19476374549453,-38.393430574422197,-0.33181562988106061,0.94734816227626339
756,54.643130917909289,363.20187055485451,-89.329981093124587,-363.85667987742204,-34.686850175215298,-0.65480932256752622,0.95324082184852288
757,66.814703344926812,396.45337749500368,-98.798166686446734,-397.35294447427646,-31.983463341519965,-0.8995669792727583,0.96057142576807186
758,32.933265171297336,420.95656134738527,-62.710101704594436,-422.06190658603924,-29.7768365332971,-1.1053452386539422,0.96490044890122539
759,-0.50589287620790913,393.74178940462053,-27.410508583913902,-394.8801548493276,-27.916401460121811,-1.1383654447070581,0.96461426567148367
760,16.174462117065261,361.7444794049743,-42.661494813900063,-362.80425432496543,-26.487032696834802,-1.0597749199910873,0.9635580574892364
761,46.647567533249585,376.54256334898929,-72.040711806213523,-377.66788410175718,-25.393144272963916,-1.1253207527678997,0.96672585551902068
762,28.137410392175852,415.35413565016484,-52.417126851756656,-416.6890783242298,-24.279716459580804,-1.3349426740649895,0.97092312044465467
763,-15.03960226712924,396.6918294901248,-8.1066450542048756,-397.99024590938239,-23.14624732133413,-1.2984164192575502,0.97084127052472791
764,2.5730302151374502,363.58240906121625,-24.97052758288536,-364.75204073378751,-22.397497367747896,-1.1696316725712597,0.96924286871559862
765,27.16319294584747,390.54631990952259,-48.927555800122775,-391.86609262297395,-21.764362854275319,-1.319772713451266,0.97227316824977028
766,-14.760294699981372,412.73610370090512,-6.1513990067511344,-414.14747889131479,-20.911693706732507,-1.4113751904096326,0.97466218257961912
767,-25.106742583694732,371.34853155944722,4.7884833467769496,-372.60470134176535,-20.318259236917768,-1.2561697823181448,0.97266892420733864
768,7.6643280777685092,382.94933527582992,-27.603662179228081,-384.32299469730879,-19.9393341014596,-1.3736594214789233,0.97398727141601338
769,-28.621109340399585,410.47676022863902,9.3565784533660441,-412.11539774481753,-19.264530887033544,-1.6386375161785725,0.97652760184951171
770,-36.017619652115741,369.5023088125381,17.319136721747004,-371.04158177481344,-18.698482930368741,-1.5392729622753798,0.97473844830898548
771,-9.1057055326707186,392.92750466327209,-9.1440872849114925,-394.57973535768622,-18.249792817582204,-1.6522306944141649,0.9767373397173974
772,-54.671014396834863,397.10858805316553,37.007114800249916,-398.75184626969639,-17.66389959658494,-1.6432582165308236,0.97786130770770741
773,-31.159415134182993,371.17752667515458,13.848545342256713,-372.7787654760379,-17.310869791926272,-1.6012388008832787,0.97668098577005669
774,-46.830680577226985,408.26984378612576,29.961770731399998,-409.96528425919513,-16.868909845826984,-1.6954404730693762,0.97937496148757808
775,-57.706895120419723,371.00835297152253,41.241136671355846,-372.62028963423819,-16.465758449063877,-1.6119366627155691,0.9779514353626696
776,-45.955095340485194,403.00842498782845,29.793438153150991,-404.69903529941155,-16.1616571873342,-1.6906103115831801,0.97997343615574417
777,-74.482188986024084,375.85899568394092,58.749018100183008,-377.49552152095066,-15.733170885841069,-1.6365258370097506,0.97932841019557204
778,-55.123348227785449,399.11739234889126,39.615312442091536,-400.80980948965401,-15.508035785693917,-1.6924171407626836,0.98063706857017274
779,-84.538158904099788,376.25802870425787,69.446178576523195,-377.89295632145826,-15.091980327576596,-1.6349276172003175,0.9802817489893827
780,-70.327890417392965,400.59069785230184,55.435266456876846,-402.31561469231286,-14.892623960516119,-1.7249168400109327,0.98155566600692801
781,-88.825840481152696,373.19717350417488,74.273678881649147,-374.81298264603447,-14.552161599503535,-1.6158091418595477,0.98087875042674988
782,-92.943643021808242,401.27984498544663,78.664426762462568,-403.01581561611766,-14.279216259345674,-1.7359706306710518,0.9825119400784954
783,-87.644910903771105,376.28925251117562,73.566758920241639,-377.94605138797056,-14.078151983529459,-1.6567988767948452,0.981623941146746
784,-115.21796115089923,387.908157975199,101.46144512593881,-389.59332633650564,-13.756516024960423,-1.6851683613066517,0.98283132324834421
785,-98.130956556261992,393.16672512319741,84.5453010324903,-394.87116718864155,-13.585655523771685,-1.7044420654441885,0.98307622703515773
786,-113.44614794973907,373.12948253276227,100.12767899093981,-374.77577585785156,-13.318468958799254,-1.646293325089291,0.98274897497747671
787,-130.63503293496586,388.61540987508386,117.57549853124002,-390.32462315718425,-13.059534403725841,-1.7092132821004677,0.98389142086269177
788,-118.61579416165128,391.26751769418604,105.70590428836074,-392.99197639944686,-12.909889873290549,-1.7244587052608242,0.98403485838993332
789,-126.27751176589307,374.08248697712588,113.57883345601873,-375.75127094385442,-12.698678309874328,-1.6687839667284665,0.98373322233694593
790,-146.46058789942361,375.8512443667571,134.00949564403976,-377.52727175304676,-12.451092255383838,-1.6760273862896278,0.98437361278627977
791,-150.57307873346534,387.41135840772267,138.30450390757085,-389.12800087440479,-12.268574825894479,-1.716642466682242,0.98504972026871762
792,-145.3711700185064,385.99494011799618,133.24439425835018,-387.71423467198599,-12.126775760156214,-1.7192945539898179,0.98510754709188786
793,-148.89798975586083,375.32136304802424,136.94778991259594,-377.01585984553407,-11.950199843264866,-1.694496797509853,0.98500459990999178
794,-160.94318948516735,368.35016685126573,149.1923798879705,-370.01926727561772,-11.750809597196845,-1.6691004243519756,0.98518146867966538
795,-173.5118480461982,367.88930171720887,161.95234098172446,-369.56831027334584,-11.559507064473767,-1.6790085561370085,0.98558370685240992
796,-182.56426777460084,370.31900248294568,171.18262493781381,-372.00800267518423,-11.381642836786977,-1.6890001922386764,0.98600854219345391
797,-188.51050915263437,372.18498918126892,177.29466409897924,-373.88791781126901,-11.215845053655116,-1.7029286300001174,0.98634845337102761
798,-193.23916957235761,372.26299947229762,182.17875113988813,-373.97412574057813,-11.060418432469529,-1.711126268280484,0.98660310355850878
799,-198.14634041223167,370.82272523915941,187.23807743292696,-372.53600488038319,-10.908262979304688,-1.7132796412237585,0.98681371876962665
800,-203.78054994876101,368.43264224267921,193.02352882845352,-370.14631278721134,-10.757021120307435,-1.7136705445320812,0.98700912059222634
801,-210.15733031981233,365.35789356739804,199.55433744822545,-367.0701037077327,-10.602992871586913,-1.7122101403346477,0.98720312976550495
802,-216.94729324238196,361.49463449627802,206.49621208856922,-363.20309927770222,-10.451081153812765,-1.7084647814242391,0.98738404840002103
803,-223.41419553909049,356.65303778845333,213.11335696498045,-358.35491137141332,-10.300838574110063,-1.7018735829599834,0.98753801798351393
804,-228.4243661270319,351.21937508602673,218.26812423190998,-352.91354424863272,-10.156241895121926,-1.6941691626059305,0.98765284425831901
805,-231.30405090749886,346.89141784037986,221.28580895626087,-348.58339610999468,-10.018241951237993,-1.6919782696148007,0.98775631569975297
806,-233.7798646844852,345.98010027043972,223.90049747230481,-347.68351181637803,-9.8793672121804263,-1.7034115459383936,0.98793747958709743
807,-240.28202185837534,347.47291949976051,230.56060727206062,-349.19845659689963,-9.7214145863147223,-1.725537097139036,0.98825867407806767
808,-250.83261810387353,344.52777433072254,241.29335195496594,-346.26328341089533,-9.539266148907604,-1.7355090801727553,0.98856901712187328
809,-255.94064391656323,337.10344640111066,246.58592813577602,-338.83743493916938,-9.3547157807872203,-1.7339885380586919,0.98870492078023531
810,-258.24066551586355,336.99822696453873,249.11455340557103,-338.7569367388233,-9.1261121102925635,-1.758709774284543,0.98900191223214995
811,-268.89165806635071,334.93764245724827,260.22313772612125,-336.59873111197072,-8.6685203402294242,-1.6610886547223451,0.98967663320663291
812,-271.61277289435219,329.36312180068472,262.88309377164376,-330.55494858307168,-8.7296791227084611,-1.1918267823869264,0.98962542621655469
813,-280.4824738571474,329.03565044230373,271.70782505544156,-330.18730015433249,-8.7746488017058546,-1.1516497120287572,0.98970903247023112
814,-284.02808570203621,325.13520140082233,275.26227616600482,-326.26328022397405,-8.7658095360313446,-1.128078823151685,0.98970628885962852
815,-292.78940298571172,321.57286006287046,284.07660852652316,-322.68462744644938,-8.7127944591885793,-1.1117673835789543,0.98984349045251696
816,-299.88508711833884,320.53501683958251,291.23194850516393,-321.64151019266131,-8.653138613174935,-1.1064933530787762,0.990005575577944
817,-306.35472994402664,318.30675787232525,297.7658745146029,-319.40485693634207,-8.5888554294237238,-1.0980990640167081,0.99014320803438327
818,-313.87444529028653,315.65427094784087,305.35751991682895,-316.74305181648907,-8.5169253734576031,-1.0887808686481086,0.99029925428859256
819,-322.37016279386501,312.94659692561282,313.93095001447114,-314.02619756623727,-8.4392127793938485,-1.0796006406244585,0.99047598033584416
820,-331.15426428610976,309.89667358339341,322.79515413633152,-310.96610327144737,-8.3591101497781786,-1.0694296880539229,0.99065462739482535
821,-340.23928528893822,307.87605093250693,331.96207410521686,-308.9390577352325,-8.2772111837213984,-1.0630068027255541,0.99085293750588865
822,-351.19230890562164,305.28237378429208,343.00386569653693,-306.33704274780496,-8.1884432090846921,-1.0546689635129127,0.99107658969458901
823,-363.16083100474629,303.03286479832281,355.06474523920019,-304.08047172712372,-8.0960857655460359,-1.0476069288009624,0.99131961416103398
824,-376.70524313366082,300.62231618571178,368.70687167269091,-301.66234368200207,-7.9983714609698744,-1.0400274962903824,0.99158369110392475
825,-392.7347560402211,298.12781463977325,384.84251773928088,-299.16000178612535,-7.8922383009401926,-1.0321871463521632,0.99188238351412095
826,-412.05702164703257,295.25608682274839,404.28209239862809,-296.27912933709797,-7.7749292484044865,-1.0230425143495543,0.99222139448447233
827,-436.5709554943565,291.76495883957466,428.93115641955933,-292.77668810740619,-7.6397990747970823,-1.0117292678315954,0.99262125049439298
828,-470.11226323795159,286.6853495648441,462.63894079517604,-287.68016542230237,-7.4733224427754976,-0.99481585745825973,0.99311748021038171
829,-523.0909477018696,276.15457846133711,515.85225543689864,-277.11321547550074,-7.23869226497089,-0.95863701416371205,0.99379662381951828
830,-638.23214480022364,215.13320463749693,631.4473879018044,-215.87711625332079,-6.7847568984192534,-0.74391161582383658,0.99490961308943637
831,-562.85220828596073,33.454708157420846,555.84727112407973,-33.556782808067119,-7.00493716188085,-0.10207465064626062,0.99374886180144673
832,-487.95029769823407,15.127565209322981,480.72575035497823,-15.165086489362523,-7.2245473432558498,-0.037521280039539882,0.992545377335177
833,-445.83120927524317,9.7773155554553419,438.50201145275577,-9.7961415970082975,-7.3291978224874015,-0.018826041552955801,0.99171417847949428
834,-416.61947977643183,7.2339849831322356,409.23038595264393,-7.2440321689394676,-7.3890938237879347,-0.010047185807232451,0.99105410602779787
835,-394.29235857188991,5.7455752338780206,386.86686022413556,-5.7505689764396948,-7.4254983477542886,-0.0049937425616750943,0.99049528472656001
836,-376.25148296169766,4.7669222598978376,368.80390540670311,-4.7686615521776492,-7.4475775549945915,-0.0017392922798119687,0.99000481316626099
837,-361.13978348537415,4.0734977249063737,353.67967067325554,-4.072988062295904,-7.4601128121185525,0.00050966261047039746,0.98956431821319768
838,-348.15872101591498,3.5558960317747519,340.69280864435461,-3.5537561783286638,-7.465912371560357,0.0021398534460879068,0.98916237433352505
839,-336.79834034626367,3.1544123445968979,329.33157548446587,-3.1510499560229124,-7.4667648617978308,0.0033623885739855683,0.98879132897572974
840,-326.71291646153236,2.8336827714663033,319.24903790814255,-2.8293804217097795,-7.4638785533898471,0.0043023497565237295,0.98844577006949741
841,-317.65711894590129,2.5714172836820306,310.19901205664803,-2.5663786838001301,-7.4581068892532727,0.0050385998819001791,0.98812170734970839
842,-309.45047495814504,2.3528627873649137,302.00040088843787,-2.3472394400986194,-7.4500740697071741,0.0056233472662939876,0.98781610041239998
843,-301.95629601186215,2.1678616882745745,294.51604646209836,-2.1617691475905443,-7.4402495497638377,0.0060925406840306416,0.98752656998834543
844,-295.06853205702595,2.0091890785988253,287.63953752520479,-2.0027173314393938,-7.4289945318211288,0.0064717471594321202,0.98725121266182536
845,-288.70322233304995,1.8715637230591218,281.28663011750143,-1.8647840739657824,-7.4165922155485617,0.0067796490933395119,0.98698847720918281
846,-282.79273871745801,1.7510343394265484,275.38947054016961,-1.7440041242095197,-7.4032681772884814,0.0070302152170281379,0.98673707930448962
847,-277.2817931479608,1.6445848365215241,269.89258863633506,-1.6373507388541666,-7.389204511625735,0.0072340976673572858,0.98649594102066362
848,-272.12459723403094,1.5498724394882788,264.75004733714951,-1.5424728802206511,-7.3745498968814402,0.0073995592676274202,0.9862641468725557
849,-267.28279639074998,1.4650492543665656,259.92336947158759,-1.4575161486334736,-7.3594269191623312,0.007533105733092179,0.98604091120296922
850,-262.72393786117317,1.3886377982126146,255.38000035557477,-1.3809978712525792,-7.3439375055983653,0.0076399269600350532,0.98582555353525991
851,-258.42031498128762,1.3194423526473262,251.09214795702374,-1.3117181411223211,-7.3281670242638661,0.0077242115250048295,0.9856174796405166
852,-254.34808184282247,1.2564846527101725,247.03589441756651,-1.2486952776988252,-7.3121874252559564,0.0077893750113468656,0.98541616678145139
853,-250.48656572054259,1.198956450945543,243.19050604052515,-1.1911182223988623,-7.2960596800174109,0.007838228546680516,0.98522115206057614
854,-246.81772643744785,1.1461840020340501,239.53789073852147,-1.1383108969536082,-7.279835698926405,0.0078731050804421443,0.98503202311058247
855,-243.32572646939758,1.0976011098963943,236.06216661397946,-1.0897051546096534,-7.2635598554180909,0.0078959552867407974,0.98484841057621397
856,-239.9965855945135,1.052728419194928,232.74931538498166,-1.04481999789436,-7.2472702095318162,0.0079084213005680068,0.98466998198344313
857,-236.8179008549817,1.0111573241625749,229.58690135585877,-1.0032454301111102,-7.2309994991229232,0.0079118940514646546,0.98449643669519371
858,-233.77861752223663,0.97253733518215768,226.56384157268789,-0.96462977687733109,-7.2147759495487627,0.0079075583048265514,0.98432750172690431
859,-230.86884028928637,0.93656606508804285,223.67021634916608,-0.92866963670507641,-7.1986239401203349,0.0078964283829666901,0.98416292824905416
860,-228.07967648311541,0.90298122170937023,220.8971119266146,-0.89510184496632528,-7.1825645565008109,0.0078793767430450912,0.98400248864338569
861,-225.40310498177638,0.87155415219059917,218.2364889302491,-0.86369699516490128,-7.1666160515272814,0.007857157025697975,0.98384597400905416
862,-222.83186592960362,0.84208459870002006,215.68107169768027,-0.83425417591608486,-7.1507942319233777,0.0078304227839350767,0.98369319203717787
863,-220.35936740445146,0.81439640795927437,213.22425461984068,-0.80659666515105954,-7.1351127846108149,0.007799742808214629,0.98354396518915266
864,-217.97960599695884,0.78833399783251124,210.86002244350041,-0.78056838408463469,-7.1195835534583765,0.0077656137478765187,0.98339812912710256
865,-215.68709888032197,0.7637594293226424,208.58288210521317,-0.75603095875362025,-7.1042167751088279,0.0077284705690221743,0.98325553135489763
866,-213.47682542763627,0.74054996611246726,206.38780414681693,-0.73286127084359376,-7.0890212808192921,0.0076886952688733252,0.98311603003604953
867,-211.34417680722481,0.71859602933212818,204.27017213730238,-0.7109494051562365,-7.0740046699223864,0.0076466241758917607,0.98297949296098819
868,-209.28491227983409,0.69779947470952686,202.22573882036565,-0.69019692061386939,-7.0591734594684716,0.0076025540956575627,0.98284579664114669
869,-207.29512115390028,0.67807213422867296,200.25058794012222,-0.67051538671942523,-7.0445332137780099,0.0075567475092475807,0.98271482551121792
870,-205.37118954025462,0.65933457601280288,198.34110088327591,-0.65182513902324146,-7.0300886569787053,0.0075094369895614341,0.98258647122409404
871,-203.50977119613691,0.64151504519056979,196.49392742507121,-0.63405421622174141,-7.015843771065656,0.0074608289688285444,0.98246063202556877
872,-201.70776186821678,0.62454855560368616,194.70595998662415,-0.61713744863847919,-7.0018018815926286,0.007411106965207033,0.9823372121979741
873,-199.96227664156211,0.60837610782568918,192.9743109087961,-0.60101567346934082,-6.9879657327660389,0.0073604343563484186,0.98221612156359495
874,-198.27062988081653,0.59294401342327774,191.29629232740444,-0.58563505665139548,-6.9743375534120702,0.0073089567718822267,0.98209727504015409
875,-196.63031741491528,0.57820330895982708,189.66939829984122,-0.57094650479582421,-6.9609191150740504,0.0072568041640028377,0.98198059224176626
876,-195.03900067025597,0.56410924610997248,188.09128888697069,-0.55690515350488023,-6.9477117832853068,0.0072040926050920759,0.98186599711977496
877,-193.49449250164167,0.55062084657357058,186.55977593872123,-0.54346992072057321,-6.934716562920368,0.0071509258529972447,0.98175341763864776
878,-191.99474450719276,0.53770051236141059,185.07281036880792,-0.53060311564356433,-6.9219341383848096,0.0070973967178463472,0.98164278548280182
879,-190.53783564425913,0.52531368356310881,183.62847073496292,-0.51827009530435375,-6.9093649092962188,0.0070435882587549896,0.98153403579079623
880,-189.1219619891786,0.51342853696851753,182.22495296695936,-0.50643896213424888,-6.8970090222192084,0.0069895748342687809,0.98142710691379276
881,-187.74542750548699,0.50201571995257144,180.86056110655338,-0.49508029692592465,-6.884866398933621,0.00693542302664674,0.98132194019561114
882,-186.40663570354184,0.49104811489217765,179.53369894188728,-0.48416692243515974,-6.8729367616545627,0.0068811924570179525,0.98121847977203669
883,-185.10408209009188,0.48050063009674276,178.24286243452963,-0.47367369359087663,-6.8612196555622873,0.0068269365058660804,0.98111667238734135
884,-183.8363473195779,0.47035001382817143,176.98663285062057,-0.46357731087699994,-6.8497144689573535,0.0067727029511713555,0.98101646722622404
885,-182.60209097023963,0.46057468848316913,175.763670518928,-0.45385615394841844,-6.8384204513115989,0.0067185345347507454,0.9809178157596008
886,-181.40004587778643,0.45115460242790295,174.57270914833393,-0.44449013296208212,-6.8273367294525311,0.0066644694658208291,0.98082067160286079
887,-180.22901296769422,0.44207109732652011,173.41255064560406,-0.43546055545695633,-6.8164623220901657,0.0066105418695638248,0.98072499038535965
888,-179.08785653434262,0.43330678910193043,172.28206038147613,-0.42675000691454712,-6.8057961528665025,0.0065567821873833594,0.9806307296300748
889,-177.97549992138326,0.42484546091899328,171.18016285929383,-0.41834224338433906,-6.7953370620893914,0.0065032175346542188,0.9805378486424543
890,-176.89092156308089,0.41667196679427176,170.1058377457901,-0.41022209477330207,-6.785083817290765,0.006449872020969756,0.9804463084076096
891,-175.83315135100403,0.40877214461895917,169.05811622827088,-0.40237537758169689,-6.7750351227331027,0.0063967670372622951,0.98035607149508963
892,-174.80126729448926,0.40113273753769724,168.03607766651402,-0.39478881602411381,-6.7651896279752144,0.0063439215135833379,0.98026710197055411
893,-173.79439244681942,0.39374132275973545,167.03884651122638,-0.38744997060887354,-6.7555459355930569,0.0062913521508618994,0.98017936531373984
894,-172.81169207214205,0.38658624699396571,166.06558946399988,-0.38034717336442292,-6.7461026081421291,0.0062390736295427768,0.98009282834217515
895,-171.85237103085254,0.37965656779845136,165.1155128564132,-0.37346946900081229,-6.7368581744393268,0.0061870987976390783,0.98000745914014797
896,-170.91567136353427,0.37294200022074486,164.18786022830369,-0.3668065613803056,-6.7278111352306169,0.006135438840439272,0.97992322699249046
897,-170.0008700556406,0.36643286817945803,163.28191008733393,-0.36034876474563138,-6.7189599683066721,0.0060841034338265237,0.97984010232278029
898,-169.1072769669355,0.36012006010191322,162.39697383381645,-0.35408695921896921,-6.7103031331190603,0.0060331008829439866,0.97975805663560367
899,-168.23423291134449,0.35399498838874111,161.53239383639638,-0.34801255014100207,-6.7018390749481025,0.005982438247739065,0.97967706246254638
900,-167.38110787429648,0.3480495523250835,160.68754164563444,-0.34211743086834789,-6.6935662286620499,0.0059321214567356912,0.97959709331163147
901,-166.547299355924,0.34227610410075104,159.86181633381258,-0.33639394869051836,-6.6854830221113772,0.0058821554102327714,0.97951812361992052
902,-165.73223082961297,0.33666741763900343,159.05464295042566,-0.33083487356499758,-6.6775878791872927,0.0058325440740058816,0.97944012870905395
903,-164.93535030641362,0.33121665996638988,158.26547108383244,-0.32543336940195083,-6.6698792225812227,0.0057832905644390944,0.97936308474349298
904,-164.15612899671115,0.32591736488485729,157.49377352044144,-0.32018296765890714,-6.6623554762697417,0.0057343972259501323,0.97928696869127396
905,-163.39406006137187,0.32076340873269449,156.73904499361976,-0.31507754303124536,-6.6550150677521032,0.0056858657014491956,0.97921175828708495
906,-162.64865744528851,0.31574898804320856,156.00080101522488,-0.31011129104670354,-6.647856430063575,0.0056376969965050306,0.97913743199749714
907,-161.91945478689829,0.31086859892980673,155.27857678331483,-0.30527870739198398,-6.6408780035834845,0.005589891537822746,0.97906396898820192
908,-161.20600439782356,0.30611701804361591,154.57192616016516,-0.30057456881704819,-6.6340782376584446,0.0055424492265676965,0.97899134909310859
909,-160.50787630730196,0.30148928496526833,153.88042071524509,-0.29599391547824833,-6.6274555920568226,0.0054953694870200718,0.97891955278517462
910,-159.8246573665445,0.29698068590626781,153.20364882827445,-0.29153203459527643,-6.6210085382700576,0.0054486513109914744,0.97884856114885099
911,-159.15595040857602,0.29258673860754647,152.54121484790144,-0.28718444530915171,-6.6147355606745499,0.005402293298394709,0.97877835585403183
912,-158.501373459495,0.2883031783337644,151.89273830192874,-0.28294688463944734,-6.6086351575662512,0.0053562936943170464,0.978708919131412
913,-157.86055899743147,0.28412594487159315,151.25785315535111,-0.27881529444868186,-6.6027058420803684,0.0053106504229111923,0.97864023374915443
914,-157.23315325579463,0.28005117044894046,150.63620711278892,-0.27478580933054919,-6.5969461430056846,0.005265361118391149,0.9785722829907868
915,-156.61881556767793,0.27607516849981534,150.02746096217439,-0.27085474534642823,-6.5913546055035486,0.0052204231533870479,0.97850505063424476
916,-156.01721774854917,0.27219442320651815,149.43128795681056,-0.26701858954162189,-6.5859297917385948,0.0051758336648963319,0.97843852093199624
917,-155.42804351458255,0.26840557975707385,148.84737323315017,-0.26327399017903824,-6.5806702814323774,0.0051315895780356408,0.97837267859216592
918,-154.85098793419897,0.26470543526143087,148.27541326185656,-0.25961774763364059,-6.5755746723424089,0.0050876876277902786,0.97830750876061423
919,-154.28575691057407,0.26109093027500424,147.71511532989777,-0.2560468058960767,-6.5706415806763445,0.0050441243789275583,0.97824299700390205
920,-153.73206669304741,0.25755914088267612,147.16619705160008,-0.2525582446384394,-6.5658696414473194,0.0050008962442367206,0.97817912929308626
921,-153.18964341552424,0.25410727130046901,146.62838590675062,-0.24914927179923413,-6.5612575087736129,0.0049579995012349332,0.97811589198830462
922,-152.65822266010832,0.25073264695579084,146.10141880397964,-0.24581721664832343,-6.5568038561286599,0.0049154303074674128,0.9780532718240994
923,-152.13754904433446,0.24743270801050979,145.58504166778735,-0.24255952329598754,-6.5525073765471316,0.0048731847145222027,0.97799125589543245
924,-151.62737583049471,0.24420500329412964,145.07900904770563,-0.23937374461326216,-6.5483667827891381,0.0048312586808674837,0.97792983164435954
925,-151.12746455565764,0.24104718461707053,144.58308374819043,-0.23625753653346557,-6.5443808074671832,0.0047896480836049794,0.97786898684732138
926,-150.63758468108875,0.23795700143655446,144.09703647794825,-0.23320865270732333,-6.5405482031405793,0.0047483487292311471,0.97780870960301458
927,-150.15751325986798,0.23493229584983791,143.62064551749077,-0.23022493948634809,-6.5368677423771882,0.004707356363489866,0.97774898832081913
928,-149.68703462158888,0.23197099789158931,143.15369640379961,-0.22730433121120358,-6.5333382177892574,0.0046666666803857268,0.97768981170974012
929,-149.22594007310346,0.2290711211140653,142.69598163106014,-0.22444484578363508,-6.5299584420433323,0.0046262753304302223,0.97763116876784339
930,-148.77402761434547,0.2262307584304378,142.24730036649819,-0.2216445805022581,-6.52672724784731,0.0045861779281797244,0.97757304877215634
931,-148.33110166833904,0.22344807820317911,141.80745818042197,-0.2189017081440531,-6.5236434879170524,0.0045463700591260141,0.9775154412690088
932,-147.89697282455134,0.22072132056079932,141.37626678962644,-0.2162144732748128,-6.5207060349249133,0.0045068472859865066,0.97745833606478927
933,-147.47145759481543,0.21804879392754681,140.95354381338404,-0.21358118877310167,-6.5179137814313854,0.0044676051544451246,0.97740172321709584
934,-147.05437818109243,0.21542887175183623,140.5391125412911,-0.21100023255344935,-6.51526563980131,0.0044286391983868328,0.97734559302626389
935,-146.64556225439716,0.2128599894202555,140.13280171228965,-0.20847004447558853,-6.5127605421075199,0.004389944944666959,0.97728993602724612
936,-146.24484274425345,0.21034064134499017,139.73444530423151,-0.20598912342754205,-6.5103974400219133,0.0043515179174480872,0.97723474298182988
937,-145.85205763808594,0.20786937821339804,139.34388233339001,-0.20355602457125399,-6.5081753046959019,0.0043133536421440348,0.97718000487117662
938,-145.46704978999765,0.20544480438930834,138.96095666336549,-0.20116935674031067,-6.5060931266321553,0.0042754476489976472,0.97712571288866035
939,-145.08966673841107,0.20306557545636475,138.58551682286463,-0.19882777998004175,-6.5041499155464315,0.0042377954763230339,0.97707185843300148
940,-144.71976053209244,0.20073039589444674,138.21741583186855,-0.19653000322100972,-6.5023447002238637,0.00420039267343701,0.97701843310166891
941,-144.35718756410125,0.19843801688083096,137.85651103573358,-0.19427478207752499,-6.5006765283676486,0.0041632348033060224,0.97696542868454661
942,-144.0018084132405,0.19618723420835399,137.50266394679821,-0.19206091676342499,-6.4991444664422762,0.0041263174449289747,0.97691283715784949
943,-143.65348769260854,0.19397688631338439,137.15574009309631,-0.18988725011790752,-6.4977475995121932,0.0040896361954768645,0.97686065067827432
944,-143.31209390487581,0.19180585240689899,136.81560887379928,-0.18775266573469085,-6.4964850310765421,0.0040531866722081089,0.9768088615773759
945,-142.97749930393664,0.18967305070244331,136.48214342103654,-0.18565608618826507,-6.4953558829000837,0.0040169645141782881,0.97675746235615957
946,-142.64957976260271,0.18757743673516186,136.15522046776167,-0.18359647135140383,-6.4943592948410167,0.0039809653837579676,0.97670644567987897
947,-142.32821464602924,0.18551800176648886,135.83472022135189,-0.18157281679851422,-6.4934944246773636,0.0039451849679746267,0.97665580437302735
948,-142.01328669058,0.18349377126945482,135.52052624264894,-0.17958415228976216,-6.4927604479311043,0.0039096189796926813,0.97660553141451589
949,-141.70468188785594,0.18150380348989675,135.21252533016562,-0.17762954033125158,-6.4921565576903237,0.0038742631586451588,0.97655561993303264
950,-141.40228937362858,0.17954718807917314,134.91060740919713,-0.17570807480684947,-6.4916819644314394,0.0038391132723236965,0.97650606320256805
951,-141.10600132143384,0.17762304479427721,134.61466542559322,-0.17381887967753218,-6.4913358958406278,0.0038041651167450546,0.97645685463810417
952,-140.81571284059569,0.1757305222615039,134.32459524396126,-0.17196110774440554,-6.4911175966344405,0.0037694145170983559,0.97640798779146054
953,-140.53132187846197,0.17386879680007708,134.04029555008103,-0.17013393947179284,-6.49102632838094,0.0037348573282842291,0.9763594563472876
954,-140.25272912665022,0.17203707130237597,133.76166775732827,-0.16833658186702144,-6.4910613693219226,0.0037004894353544829,0.9763112541191995
955,-139.97983793110561,0.17023457416760776,133.48861591691107,-0.16656826741374872,-6.4912220141944967,0.0036663067538590024,0.97626337504604777
956,-139.71255420579342,0.16846055828597942,133.22104663173917,-0.16482825305586957,-6.4915075740542338,0.0036323052301098571,0.97621581318832185
957,-139.45078634984958,0.16671430007059765,132.95886897374965,-0.16311581922923254,-6.4919173760999502,0.0035984808413651054,0.97616856272467289
958,-139.19444516802841,0.16499509853450695,132.7019944045295,-0.16143026893856491,-6.4924507634989101,0.0035648295959420564,0.97612161794856034
959,-138.94344379429251,0.16330227441042811,132.45033669907883,-0.15977092687716313,-6.4931070952137038,0.0035313475332649849,0.9760749732650108
960,-138.69769761839947,0.16163516931091024,132.20381187256783,-0.15813713858706052,-6.4938857458316424,0.0034980307238497276,0.97602862318748507
961,-138.45712421534694,0.15999314492675484,131.96233810995221,-0.15652826965751948,-6.494786105394704,0.0034648752692353416,0.97598256233485303
962,-138.22164327754513,0.15837558226168522,131.72583569831278,-0.15494370495982324,-6.4958075792323609,0.0034318773018619866,0.97593678542846685
963,-137.99117654959417,0.15678188090137152,131.49422696179806,-0.15338284791646822,-6.4969495877960757,0.0033990329849032611,0.97589128728933161
964,-137.76564776554676,0.15521145831502142,131.26743619905105,-0.15184511980296814,-6.4982115664956872,0.0033663385120533199,0.97584606283537001
965,-137.54498258854778,0.15366374918785947,131.04538962300848,-0.15032995908058236,-6.4995929655392803,0.0033337901072770879,0.97580110707877066
966,-137.32910855274258,0.15213820478291196,130.82801530296936,-0.14883682075839128,-6.5010932497732252,0.0033013840245207093,0.97575641512343103
967,-137.11795500735556,0.15063429233060827,130.61524310882874,-0.14736517578321631,-6.5027118985268544,0.0032691165473919407,0.9757119821624729
968,-136.91145306284432,0.14915149444479267,130.40700465738573,-0.14591451045598611,-6.5044484054585681,0.0032369839888065459,0.97566780347584126
969,-136.70953553903715,0.14768930856382756,130.20323326063303,-0.14448432587321691,-6.5063022784041511,0.0032049826906106176,0.97562387442797993
970,-136.51213691517083,0.146247246415532,130.00386387594244,-0.14307413739235778,-6.5082730392283974,0.0031731090231741834,0.9755801904655772
971,-136.31919328174527,0.14482483350478395,129.8088330580662,-0.14168347411982074,-6.5103602236790756,0.0031413593849631896,0.97553674711538263
972,-136.13064229411913,0.14342160862267206,129.61807891287566,-0.14031187842058185,-6.5125633812434724,0.0031097302020902055,0.97549353998209143
973,-135.94642312777131,0.14203712337614358,129.43154105276363,-0.13895890544829798,-6.514882075007705,0.0030782179278455966,0.97545056474629321
974,-135.76647643516046,0.14067094173715938,129.2491605536413,-0.13762412269494825,-6.5173158815191812,0.0030468190422111132,0.97540781716248126
975,-135.59074430411349,0.1393226396104173,129.07087991346279,-0.13630710955905917,-6.5198643906507012,0.003015530051358151,0.9753652930571266
976,-135.41917021768162,0.13799180441875575,128.8966430122131,-0.13500745693162483,-6.5225272054685082,0.0029843474871309311,0.97532298832680475
977,-135.25169901540298,0.13667803470539935,128.72639507330032,-0.13372476679888159,-6.5253039421026564,0.0029532679065177331,0.97528089893637937
978,-135.0882768559137,0.13538093975225207,128.56008262629371,-0.13245865186114317,-6.5281942296199738,0.0029222878911089149,0.97523902091724135
979,-134.92885118085434,0.1341001392134874,128.39765347095411,-0.13120873516694126,-6.5311977099002014,0.0028914040465461586,0.97519735036559663
980,-134.77337068001714,0.13283526276372271,128.23905664250293,-0.12997464976176201,-6.5343140375142017,0.0028606130019607073,0.97515588344080772
981,-134.62178525768721,0.13158594976010429,128.08424237808063,-0.12875603835069951,-6.5375428796065762,0.0028299114094047723,0.97511461636377594
982,-134.47404600012703,0.13035184891766274,127.93316208434834,-0.12755255297438939,-6.5408839157786964,0.002799295943273372,0.97507354541537938
983,-134.33010514416196,0.12913261799733505,127.78576830618503,-0.12636385469761349,-6.5443368379768998,0.0027687632997215527,0.97503266693494617
984,-134.18991604682142,0.12792792350607712,127.6420146964397,-0.12518961331000275,-6.5479013503817001,0.002738310196074358,0.97499197731877774
985,-134.05343315599615,0.12673744040852236,127.50185598669506,-0.12402950703829038,-6.551577169301078,0.002707933370231971,0.97495147301870788
986,-133.92061198207037,0.12556085184966972,127.36524795900489,-0.12288322226959969,-6.5553640230654846,0.002677629580070005,0.97491115054070643
987,-133.79140907049322,0.12439784888810765,127.23214741856701,-0.12175045328527119,-6.559261651926219,0.0026473956028364668,0.97487100644351865
988,-133.665781975252,0.12324813023931119,127.10251216729549,-0.12063090200476717,-6.5632698079565142,0.0026172282345440371,0.974831037337342
989,-133.54368923321391,0.12211140202856742,126.97630097825858,-0.11952427773920637,-6.5673882549553095,0.0025871242893610357,0.97479123988253924
990,-133.42509033930273,0.12098737755310658,126.85347357094909,-0.11843029695410869,-6.5716167683536248,0.0025570805989978875,0.9747516107883869
991,-133.3099457224796,0.11987577705304159,126.73399058735595,-0.11734868304094868,-6.5759551351236123,0.0025270940120928863,0.97471214681185592
992,-133.19821672249768,0.11877632749073493,126.61781356880718,-0.11627916609713966,-6.580403153690467,0.0024971613935952583,0.97467284475642624
993,-133.08986556740209,0.11768876233822753,126.50490493355477,-0.11522148271408014,-6.584960633847313,0.0024672796241474058,0.97463370147092909
994,-132.98485535174731,0.11661282137239082,126.39522795507548,-0.11417537577292584,-6.5896273966718368,0.0024374455994649775,0.97459471384842478
995,-132.88315001550652,0.11554825047746936,126.28874674105984,-0.11314059424775212,-6.5944032744466909,0.0024076562297172567,0.9745558788251043
996,-132.78471432364668,0.1144948014547036,126.18542621306511,-0.11211689301579855,-6.5992881105815471,0.0023779084389050423,0.97451719337922316
997,-132.68951384634596,0.11345223183873605,126.08523208680751,-0.11110403267449609,-6.6042817595384911,0.0023481991642399693,0.97447865453005966
998,-132.59751493983072,0.11242030472051753,125.98813085307116,-0.11010177936499636,-6.6093840867595741,0.0023185253555211742,0.97444025933690093
999,-132.50868472780869,0.11139878857644209,125.89408975921137,-0.10910990460192825,-6.6145949685973111,0.0022888839745137989,0.97440200489805318
1000,-132.42299108347831,0.11038745710345532,125.80307679123118,-0.10812818510912937,-6.619914292247099,0.0022592719943259551,0.97436388834987919
1001,-132.34040261209361,0.10938608905988981,125.71506065641059,-0.10715640266110413,-6.6253419556830284,0.0022296863987856901,0.97432590686585596
1002,-132.26088863406474,0.10839446811179357,125.63001076646917,-0.10619434392997473,-6.6308778675955669,0.0022001241818188468,0.97428805765565762
1003,-132.18441916857603,0.10741238268452877,125.54789722124379,-0.10524180033770275,-6.6365219473322394,0.002170582346826007,0.97425033796425975
1004,-132.11096491770309,0.10643962581942745,125.46869079286301,-0.10429856791336768,-6.6422741248400961,0.0021410579060597524,0.97421274507106703
1005,-132.04049725101237,0.1054759950353005,125.39236291040079,-0.10336444715529788,-6.6481343406116267,0.0021115478800026325,0.97417527628905798
1006,-131.9729881906263,0.10452129219460753,125.31888564499373,-0.10243924289786313,-6.6541025456325631,0.0020820492967443946,0.97413792896395268
1007,-131.90841039673754,0.10357532337409837,125.24823169540585,-0.10152276418273873,-6.6601787013316773,0.0020525591913596302,0.97410070047340114
1008,-131.84673715355908,0.1026378987397539,125.18037437402467,-0.10061482413446791,-6.666362779534408,0.002023074605285992,0.97406358822618555
1009,-131.78794235569299,0.10170883242585291,125.11528759327589,-0.099715239840151362,-6.6726547624171317,0.0019935925857015556,0.97402658966144717
1010,-131.73200049490623,0.10078794241800579,125.05294585244077,-0.098823832233102718,-6.6790546424654718,0.0019641101849030744,0.97398970224792503
1011,-131.67888664729779,0.099875050439997753,124.99332422486394,-0.097940425980314369,-6.6855624224338577,0.001934624459683401,0.97395292348321594
1012,-131.62857646084638,0.098969981844296298,124.93639834553839,-0.097064849373586962,-6.692178115307982,0.0019051324707093269,0.9739162508930489
1013,-131.58104614332447,0.098072565506079706,124.88214439905479,-0.096196934224180589,-6.698901744269703,0.0018756312818991195,0.97387968203057551
1014,-131.53627245056788,0.097182633720650724,124.83053910790419,-0.095336515760851351,-6.7057333426637111,0.001846117959799368,0.9738432144756779
1015,-131.49423267508845,0.096300022104107985,124.78155972112118,-0.094483432531145758,-6.7126729539672638,0.0018165895729621998,0.973806845834289
1016,-131.4549046350198,0.095424569497148101,124.73518400325796,-0.093637526305827029,-6.7197206317618452,0.0017870431913210713,0.97377057373772891
1017,-131.41826666338463,0.09455611787188152,124.69139022367743,-0.092798641986314628,-6.7268764397071994,0.0017574758855668912,0.97373439584205523
1018,-131.38429759767368,0.093694512241548095,124.65015714615608,-0.091966627515025504,-6.7341404515176091,0.0017278847265225746,0.97369830982742667
1019,-131.35297676972667,0.092839600573021916,124.61146401878594,-0.091141333788504503,-6.741512750940732,0.0016982667845174227,0.97366231339747977
1020,-131.32428399590549,0.091991233702003294,124.57529056416708,-0.090322614573243254,-6.7489934317384463,0.0016686191287600613,0.97362640427871905
1021,-131.2981995675506,0.091149265250794753,124.54161696988049,-0.089510326424084449,-6.756582597670084,0.0016389388267102909,0.97359058021991873
1022,-131.27470424171167,0.090313551548567544,124.51042387923385,-0.088704328605117261,-6.7642803624778178,0.0016092229434502949,0.9735548389915375
1023,-131.25377923214478,0.089483951554025026,124.48169238226994,-0.087904483012971865,-6.772086849874837,0.0015794685410531611,0.97351917838514268
1024,-131.2354062005669,0.088660326780374096,124.455404007032,-0.087110654102422927,-6.7800021935348838,0.0015496726779511746,0.97348359621284897
1025,-131.21956724816036,0.087842541222522497,124.4315407110755,-0.086322708814221133,-6.7880265370848551,0.0015198324083013724,0.97344809030676516
1026,-131.20624490732024,0.087030461286416685,124.41008487322104,-0.085540516505067152,-6.7961600340992057,0.0014899447813495228,0.97341265851845271
1027,-131.19542213363687,0.086223955720445833,124.39101928554,-0.084763948879653536,-6.8044028480968741,0.0014600068407923223,0.97337729871839396
1028,-131.18708229810591,0.085422895548834241,124.37432714556576,-0.083992879924697672,-6.8127551525401753,0.0014300156241365586,0.97334200879547084
1029,-131.18120917956068,0.0846271540069512,124.35999204872451,-0.083227185844894885,-6.8212171308361356,0.001399968162056316,0.97330678665645287
1030,-131.17778695731866,0.083836606478470091,124.34799798097865,-0.082466745000722069,-6.8297889763400104,0.0013698614777480039,0.97327163022549368
1031,-131.17680020403745,0.083051130434307396,124.33832931167657,-0.081711437848026411,-6.8384708923608795,0.001339692586280979,0.97323653744363825
1032,-131.17823387877257,0.082270605373281153,124.33097078660251,-0.080961146879334311,-6.8472630921700883,0.001309458493946826,0.97320150626833579
1033,-131.1820733202324,0.081494912764423943,124.32590752122158,-0.080215756566819479,-6.8561657990108209,0.0012791561976044663,0.97316653467296521
1034,-131.18830424022426,0.080723935990894238,124.32312499411319,-0.079475153306872562,-6.8651792461110794,0.001248782684021676,0.97313162064636405
1035,-131.19691271728627,0.079957560295427749,124.32260904058816,-0.078739225366214194,-6.8743036766981387,0.00121833492921356,0.97309676219236929
1036,-131.20788519049941,0.079195672727273833,124.32434584648388,-0.078007862829497496,-6.8835393440155173,0.001187809897776304,0.97306195732936307
1037,-131.22120845347547,0.078438162090565616,124.3283219421331,-0.077280957548347767,-6.8928865113423612,0.0011572045422178485,0.97302720408982624
1038,-131.23686964851532,0.077684918894071295,124.33452419650058,-0.076558403091788324,-6.902345452014746,0.0011265158022829864,0.97299250051989983
1039,-131.25485626093294,0.076935835302280639,124.34293981148383,-0.075840094698005803,-6.9119164494491052,0.0010957406042748207,0.97295784467895396
1040,-131.27515611354127,0.076190805087775967,124.35355631637253,-0.07512592922740513,-6.9215997971687351,0.0010648758603708226,0.97292323463915997
1041,-131.29775736129483,0.075449723584846473,124.36636156246313,-0.074415805116912453,-6.9313957988316925,0.0010339184679340153,0.97288866848507294
1042,-131.32264848608463,0.074712487644298511,124.38134371782344,-0.073709622335479438,-6.9413047682612099,0.0010028653088190744,0.97285414431321848
1043,-131.34981829168305,0.073978995589422947,124.39849126220395,-0.073007282340750587,-6.9513270294791027,0.00097171324867234522,0.97281966023168376
1044,-131.3792558988319,0.073249147173076914,124.41779298209207,-0.072308688036850477,-6.9614629167398316,0.00094045913622641322,0.97278521435971976
1045,-131.410950740473,0.072522843535841583,124.43923796590404,-0.071613743733253493,-6.9717127745689709,0.00090909980258809062,0.97275080482734122
1046,-131.44489255711491,0.071799987165219584,124.46281559931268,-0.07092235510469859,-6.9820769578022315,0.00087763206052098117,0.97271642977493888
1047,-131.48107139233414,0.071080481855833322,124.4885155607065,-0.070234429152112796,-6.9925558316276426,0.00084605270372052621,0.97268208735289352
1048,-131.51947758840674,0.070364232670590707,124.51632781677657,-0.06954987416450871,-7.0031497716301949,0.00081435850608199299,0.97264777572119465
1049,-131.5601017820664,0.069651145902785302,124.54624261822815,-0.068868599681822865,-7.0138591638382124,0.00078254622096242355,0.97261349304906553
1050,-131.6029349003874,0.06894112903909462,124.57825049561447,-0.068190516458660852,-7.0246844047729127,0.00075061258043376605,0.97257923751459086
1051,-131.64796815678753,0.068234090723450172,124.61234225528827,-0.067515536428921136,-7.0356259014992553,0.00071855429452904974,0.97254500730435212
1052,-131.6951930471497,0.067529940721744466,124.64850897546924,-0.066843572671264326,-7.0466840716804526,0.00068636805048013041,0.97251080061306272
1053,-131.74460134605786,0.066828589887347079,124.6867420024237,-0.066174539375399938,-7.0578593436341261,0.00065405051194713506,0.97247661564321008
1054,-131.79618510314555,0.066129950127402221,124.72703294675476,-0.065508351809162882,-7.069152156390782,0.00062159831823934558,0.9724424506047018
1055,-131.84993663955447,0.065433934369878308,124.76937367979913,-0.064844926286351801,-7.0805629597553583,0.00058900808352648935,0.97240830371451359
1056,-131.90584854449921,0.06474045653134454,124.81375633012844,-0.064184180135302971,-7.0920922143707905,0.00055627639604157353,0.97237417319634201
1057,-131.96391367193743,0.064049431485448421,124.86017328015316,-0.063526031668175234,-7.1037403917842674,0.00052339981727317396,0.97234005728026041
1058,-132.02412513734134,0.063360775032068176,124.90861716282561,-0.06287040015091977,-7.1155079745157472,0.00049037488114840404,0.97230595420237897
1059,-132.08647631457006,0.062674403867117312,124.95908085844052,-0.062217205773912661,-7.1273954561295323,0.0004571980932046517,0.97227186220450501
1060,-132.15096083283848,0.061990235552977203,125.0115574915306,-0.061566369623225432,-7.1394033413078475,0.00042386592975177583,0.97223777953380996
1061,-132.21757257378266,0.061308188489534711,125.06604042785524,-0.060917813652512608,-7.1515321459274208,0.00039037483702210394,0.97220370444249604
1062,-132.28630566861784,0.06062818188580444,125.12252327147935,-0.060271460655495046,-7.1637823971384762,0.00035672123030938783,0.97216963518746746
1063,-132.3571544953881,0.059950135732112012,125.18099986194157,-0.059627234239015559,-7.1761546334465454,0.00032290149309644692,0.97213557003000284
1064,-132.43011367630575,0.059273970772819595,125.24146427150902,-0.058985058796650114,-7.1886494047967382,0.00028891197616949396,0.97210150723543098
1065,-132.50517807517775,0.058599608479572921,125.30391080251701,-0.058344859482851855,-7.2012672726607363,0.00025474899672106545,0.97206744507280896
1066,-132.58234279491833,0.057926971025050594,125.36833398479109,-0.057706562187611714,-7.2140088101272308,0.00022040883743888729,0.97203338181459942
1067,-132.66160317514564,0.057255981257195651,125.43472857315197,-0.057070093511613698,-7.2268746019936891,0.00018588774558194962,0.97199931573635556
1068,-132.74295478986076,0.056586562673913363,125.5030895449982,-0.05643538074187069,-7.2398652448625445,0.00015118193204267255,0.97196524511640137
1069,-132.82639344520709,0.055918639398215203,125.57341209796814,-0.055802351827820694,-7.2529813472389577,0.00011628757039451511,0.97193116823551862
1070,-132.91191517730988,0.055252136153792909,125.64569164767732,-0.055170935357867629,-7.2662235296325619,8.120079592526864e-05,0.97189708337663139
1071,-132.9995162501923,0.05458697824100435,125.71992382553155,-0.054541060536349696,-7.2795924246607111,4.5917704654651714e-05,0.9718629888244974
1072,-133.08919315376883,0.053923091513258317,125.79610447661241,-0.053912657160921348,-7.2930886771564261,1.0434352336972886e-05,0.97182888286539304
1073,-133.1809426019131,0.053260402353776284,125.8742296576352,-0.053285655600329364,-7.3067129442778853,-2.5253246553076116e-05,0.97179476378680651
1074,-133.27476153059928,0.052598837652722261,125.95429563497748,-0.052659986772572609,-7.3204658956217905,-6.1149119850351194e-05,0.97176062987712808
1075,-133.37064709611576,0.051938324784680703,126.03629888277646,-0.05203558212342782,-7.3343482133393305,-9.7257338747126819e-05,0.97172647942534285
1076,-133.46859667335013,0.051278791586468996,126.12023608109456,-0.051412373605326869,-7.3483605922555739,-0.00013358201885787805,0.97169231072072371
1077,-133.56860785414389,0.050620166335272339,126.2061041141516,-0.050790293656574823,-7.3625037399922881,-0.00017012732130248468,0.97165812205252367
1078,-133.67067844571579,0.049962377727082785,126.29390006862278,-0.050169275180890836,-7.3767783770930233,-0.00020689745380804032,0.97162391170967266
1079,-133.77480646915291,0.049305354855432686,126.38362123200022,-0.049549251527262354,-7.3911852371526727,-0.00024389667182966792,0.97158967798046947
1080,-133.88099015796857,0.048649027190406244,126.47526509101905,-0.048930156470097443,-7.4057250669494987,-0.00028112927969120598,0.97155541915227828
1081,-133.98922795672559,0.047993324557917702,126.56882933014461,-0.0483119241896642,-7.420398626580976,-0.0003185996317464996,0.97152113351122271
1082,-134.09951851972406,0.047338177119243319,126.66431183012138,-0.047694489252803861,-7.4352066896026745,-0.00035631213356053423,0.97148681934188197
1083,-134.21186070975347,0.046683515350792341,126.7617106665821,-0.047077786593905921,-7.450150043171373,-0.00039427124311358061,0.97145247492698406
1084,-134.32625359690698,0.046029270024107602,126.86102410871629,-0.046461751496133762,-7.4652294881906585,-0.00043248147202615592,0.97141809854710248
1085,-134.44269645745794,0.045375372186082133,126.96225061799706,-0.045846319572889545,-7.480445839460895,-0.00047094738680741562,0.97138368848034984
1086,-134.56118877279826,0.044721753139379962,127.06538884696511,-0.045231426749506649,-7.4957999258331327,-0.00050967361012669882,0.97134924300207026
1087,-134.68173022843595,0.044068344423049501,127.17043763807058,-0.044617009245158643,-7.5112925903653647,-0.00054866482210913265,0.97131476038453635
1088,-134.8043207130539,0.043415077793317776,127.27739602256953,-0.044003003554974003,-7.5269246904843961,-0.00058792576165623352,0.97128023889663806
1089,-134.92896031762652,0.042761885204555899,127.38626321947653,-0.043389346432347424,-7.5426970981499899,-0.00062746122779152864,0.97124567680357765
1090,-135.0556493345953,0.042108698790402667,127.4970386345712,-0.042775974871435377,-7.5586107000241469,-0.00066727608103271446,0.97121107236655835
1091,-135.18438825710246,0.041455450845035526,127.60972185945893,-0.042162826089826168,-7.57466639764354,-0.00070737524479064034,0.97117642384247571
1092,-135.31517777828091,0.040802073804580681,127.72431267068458,-0.041549837511376378,-7.5908651075963363,-0.00074776370679570793,0.97114172948360644
1093,-135.44801879060211,0.040148500228647563,127.84081102889854,-0.040936946749200828,-7.6072077617035667,-0.00078844652055326818,0.97110698753729419
1094,-135.58291238527886,0.039494662781982263,127.959217078075,-0.040324091588809931,-7.6236953072038851,-0.00082942880682766837,0.97107219624563745
1095,-135.71985985172472,0.038840494216224326,128.0795311447815,-0.039711209971381167,-7.6403287069432366,-0.00087071575515683701,0.97103735384517353
1096,-135.85886267706812,0.038185927351760969,128.20175373749913,-0.039098239977158639,-7.6571089395690244,-0.00091231262539765508,0.97100245856656053
1097,-135.99992254572146,0.037530895059666933,128.32588554599312,-0.038485119808970021,-7.6740369997283295,-0.00095422474930309206,0.97096750863425862
1098,-136.14304133900455,0.036875330243718495,128.45192744073398,-0.037871787775850589,-7.69111389827059,-0.00099645753213210538,0.97093250226621042
1099,-136.28822113482246,0.036219165822474975,128.57988047236663,-0.037258182276768213,-7.7083406624558286,-0.0010390164542932283,0.97089743767351566
1100,-136.43546420739648,0.03556233471141558,128.70974587123018,-0.036644241784438286,-7.7257183361662847,-0.0010819070730226979,0.97086231306010862
1101,-136.58477302704927,0.034904769805121812,128.84152504692511,-0.036029904829219826,-7.7432479801241669,-0.0011251350240980115,0.97082712662242865
1102,-136.73615026004282,0.034246403959497462,128.9752195879291,-0.035415109983085898,-7.7609306721137372,-0.0011687060235884218,0.97079187654909038
1103,-136.88959876846934,0.033587169974014397,129.11083126126124,-0.034799795843657069,-7.7787675072080944,-0.0012126258696426775,0.97075656102055241
1104,-137.04512161019485,0.032927000573976004,129.2483620121931,-0.034183901018291503,-7.7967595980017599,-0.0012569004443154837,0.97072117820878145
1105,-137.20272203885597,0.032265828392788735,129.38781396400768,-0.033567364108222794,-7.8149080748482795,-0.0013015357154340587,0.97068572627691341
1106,-137.36240350390835,0.031603585954230962,129.5291894178053,-0.032950123692736123,-7.8332140861030375,-0.0013465377385051538,0.97065020337891317
1107,-137.52416965072786,0.030940205654710902,129.67249085235639,-0.03233211831337543,-7.8516787983714842,-0.0013919126586645252,0.97061460765923091
1108,-137.68802432076413,0.030275619745503829,129.81772092400058,-0.031713286458173048,-7.8703033967635179,-0.001437666712669219,0.97057893725245248
1109,-137.85397155174584,0.029609760314957895,129.96488246659308,-0.031093566545892848,-7.8890890851527544,-0.0014838062309349529,0.97054319028295066
1110,-138.02201557793876,0.028942559270661028,130.11397849149654,-0.030472896910279611,-7.9080370864422136,-0.0015303376396185865,0.97050736486452938
1111,-138.19216083045529,0.02827394832155769,130.2650121876197,-0.029851215784306061,-7.9271486428355971,-0.0015772674627483859,0.97047145910006638
1112,-138.36441193761678,0.027603858960006812,130.41798692150158,-0.029228461284408886,-7.9464250161151959,-0.0016246023244020731,0.97043547108114925
1113,-138.53877372536766,0.026932222443770359,130.57290623744251,-0.028604571394705361,-7.965867487925145,-0.0016723489509349902,0.97039939888771187
1114,-138.71525121774212,0.026258969777924569,130.72977385768016,-0.027979483951184235,-7.9854773600619851,-0.0017205141732596603,0.97036324058766144
1115,-138.89384963738325,0.025584031696681317,130.88859368261234,-0.027353136625859129,-8.0052559547709059,-0.0017691049291778142,0.97032699423650592
1116,-139.07457440611461,0.024907338645114147,131.04936979106532,-0.026725466910880818,-8.0252046150492831,-0.0018181282657666713,0.970290657876973
1117,-139.25743114556448,0.024228820760773383,131.21210644060812,-0.026096412102594689,-8.0453247049563572,-0.0018675913418213009,0.97025422953862794
1118,-139.44242567784337,0.023548407855186099,131.37680806791289,-0.025465909285540288,-8.0656176099304773,-0.001917501430354184,0.97021770723748357
1119,-139.62956402627452,0.022866029395227028,131.54347928916124,-0.024833895316381055,-8.0860847371133033,-0.0019678659211540281,0.97018108897560618
1120,-139.81885241617778,0.022181614484351606,131.71212490049706,-0.024200306807756922,-8.1067275156807064,-0.0020186923234053176,0.97014437274071808
1121,-140.0102972757071,0.021495091843681216,131.88274987852517,-0.023565080112051877,-8.1275473971819494,-0.0020699882683706634,0.97010755650579172
1122,-140.20390523674254,0.020806389792929654,132.05535938085663,-0.022928151305066986,-8.1485458558859243,-0.0021217615121373297,0.97007063822864059
1123,-140.3996831358362,0.020115436231160487,132.22995874670073,-0.022289456169590854,-8.1697243891354745,-0.0021740199384303657,0.9700336158515025
1124,-140.59763801521271,0.019422158617365196,132.40655349750361,-0.021648930178859251,-8.1910845177090685,-0.0022267715614940585,0.96999648730062016
1125,-140.79777712382571,0.018726483950849832,132.58514933763382,-0.021006508479893223,-8.2126277861919021,-0.0022800245290433884,0.96995925048581022
1126,-141.00010791846921,0.018028338751420955,132.76575215511534,-0.02036212587670936,-8.2343557633538893,-0.0023337871252884041,0.96992190330003136
1127,-141.20463806494502,0.01732764903935953,132.94836802240792,-0.019715716813392146,-8.2562700425371105,-0.0023880677740326147,0.96988444361894344
1128,-141.41137543928727,0.016624340315168781,133.13300319723527,-0.01906721535701749,-8.2783722420520114,-0.0024428750418487031,0.96984686930045849
1129,-141.62032812904343,0.015918337539089531,133.31966412346165,-0.018416555180422421,-8.3006640055817975,-0.0024982176413328866,0.96980917818428847
1130,-141.83150443461355,0.015209565110365631,133.50835743201634,-0.017763669544806685,-8.3231470025971781,-0.0025541044344410497,0.96977136809148212
1131,-142.04491287064707,0.014497946846252059,133.69908994186741,-0.017108491282160732,-8.3458229287796684,-0.002610544435908674,0.96973343682395552
1132,-142.26056216749947,0.013783405960751172,133.89186866104458,-0.016450952777508299,-8.3686935064549033,-0.0026675468167571218,0.96969538216401641
1133,-142.47846127274732,0.013065865043064827,134.08670078771195,-0.015790985950954059,-8.3917604850353449,-0.0027251209078892292,0.96965720187387994
1134,-142.69861935276441,0.012345246035751446,134.28359371129031,-0.015128522239527868,-8.4150256414740738,-0.0027832762037764188,0.9696188936951744
1135,-142.92104579435915,0.011621470212571388,134.48255501363087,-0.014463492578812017,-8.4384907807282623,-0.0028420223662406346,0.9695804553484404
1136,-143.14575020647231,0.010894458156012492,134.68359247023923,-0.013795827384345994,-8.4621577362330918,-0.002901369228333504,0.96954188453262247
1137,-143.37274242193897,0.0101641297344774,134.88671405155151,-0.013125456532793598,-8.4860283703874657,-0.0029613267983161998,0.96950317892454874
1138,-143.6020324993126,0.0094304040791223231,135.09192792426262,-0.012452309342864978,-8.510104575050029,-0.0030219052637426528,0.96946433617840377
1139,-143.83363072475481,0.0086931995603299912,135.29924245270752,-0.011776314555979783,-8.5343882720472877,-0.0030831149956497906,0.96942535392519102
1140,-144.06754761398832,0.0079524337638065094,135.50866620029532,-0.01109740031666397,-8.5588814136930154,-0.003144966552857462,0.96938622977218614
1141,-144.30379391431867,0.0072080234662818231,135.72020793099824,-0.010415494152664188,-8.5835859833204395,-0.0032074706863823689,0.96934696130237885
1142,-144.5423806067206,0.006459884610803478,135.9338766108946,-0.0097305229547720931,-8.6085039958259699,-0.0032706383439686125,0.96930754607390657
1143,-144.7833189079945,0.0057079322816051235,136.14968140976819,-0.009042412956344368,-8.6336374982263138,-0.0033344806747392436,0.96926798161947547
1144,-145.02662027299118,0.0049520806785341102,136.36763170276316,-0.008351089712506388,-8.6589885702280398,-0.0033990090339722761,0.96922826544577301
1145,-145.2722963969079,0.0041922430910229323,136.58773707209625,-0.0076564780790279938,-8.6845593248116515,-0.0034642349880050615,0.96918839503286491
1146,-145.52035921765483,0.0034283318715863809,136.81000730882698,-0.0069585021908577646,-8.710351908827878,-0.0035301703192713836,0.96914836783358582
1147,-145.77082091829598,0.0026602584088264835,137.03445241468657,-0.0062570854403017724,-8.7363685036093983,-0.0035968270314752923,0.96910818127291365
1148,-146.02369392956285,0.0018879330999294133,137.26108260396637,-0.0055521504548353964,-8.7626113255964633,-0.0036642173549059848,0.96906783274733399
1149,-146.2789909324442,0.0011112653226341314,137.48990830546694,-0.0048436190745325593,-8.7890826269772298,-0.003732353751898428,0.96902731962419164
1150,-146.53672486085304,0.00033016340665337207,137.72094016450899,-0.0041314123290977865,-8.8157846963440534,-0.0038012489224444144,0.9689866392410279
1151,-146.79690890437075,-0.00045546539546927577,137.95418904500562,-0.0034154504144895074,-8.8427198593651077,-0.0038709158099587866,0.96894578890490435
1152,-147.05955651107226,-0.0012457149380918908,138.18966603160072,-0.0026956526691141233,-8.8698904794715538,-0.0039413676072060158,0.96890476589171637
1153,-147.32468139043144,-0.0020406802128103037,138.42738243186872,-0.0019719375495818713,-8.8972989585627005,-0.0040126177623921767,0.9688635674454863
1154,-147.59229751630991,-0.0028404573794254036,138.6673497785832,-0.0012442226060026054,-8.924947737726697,-0.0040846799854280125,0.96882219077764786
1155,-147.86241913003073,-0.0036451437975596711,138.90957983205055,-0.00051242445680890411,-8.9528392979801552,-0.0041575682543685769,0.96878063306631002
1156,-148.135060743537,-0.0044548380589468674,139.15408458251278,0.00022354123691172532,-8.9809761610242305,-0.0042312968220351403,0.96873889145551118
1157,-148.41023714263991,-0.005269640020417945,139.40087625261924,0.00096375979759237129,-9.0093608900206696,-0.0043058802228255737,0.96869696305445196
1158,-148.6879633903558,-0.0060896508376092678,139.64996729996989,0.0017083175578896555,-9.0379960903859207,-0.0043813332797196115,0.96865484493671472
1159,-148.96825483033533,-0.0069149729994150578,139.90137041973003,0.0024573018879297873,-9.0668844106052866,-0.0044576711114852705,0.96861253413946491
1160,-149.25112709038606,-0.0077457103632117752,140.155098547319,0.0032108012231186053,-9.0960285430669998,-0.0045349091400931681,0.96857002766263489
1161,-149.5365960860907,-0.0085819681908812541,140.41116486117372,0.0039689050925351401,-9.1254312249169942,-0.0046130630983461148,0.96852732246809015
1162,-149.82467802452399,-0.0094238531856590379,140.66958278558886,0.004731704147928271,-9.1550952389351039,-0.0046921490377307661,0.96848441547877662
1163,-150.11538940806815,-0.010271473529836676,140.93036599363498,0.0054992901933373587,-9.1850234144331573,-0.0047721833364993155,0.96844130357784852
1164,-150.40874703833228,-0.011124938923349158,141.19352841015723,0.0062717562153602087,-9.215218628175073,-0.0048531827079889497,0.96839798360777862
1165,-150.70476802017527,-0.011984360623274641,141.45908421485402,0.0070491964140875253,-9.2456838053212209,-0.0049351642091871161,0.96835445236944406
1166,-151.00346976583614,-0.012849851484281036,141.72704784544021,0.0078317062347297538,-9.2764219203959222,-0.0050181452495512806,0.96831070662119456
1167,-151.30486999917363,-0.01372152600005022,141.99743400089457,0.0086193823999584501,-9.3074359982790575,-0.0051021436000917696,0.96826674307789984
1168,-151.60898676001887,-0.014599500345715487,142.27025764479453,0.0094123229429882594,-9.338729115224325,-0.005187177402727226,0.96822255840997073
1169,-151.91583840864172,-0.015483892421344188,142.54553400873925,0.010210627241422555,-9.3703043999024658,-0.0052732651799216341,0.96817814924236112
1170,-152.2254436303356,-0.016374821896505954,142.82327859586394,0.011014396051892439,-9.4021650344716576,-0.0053604258446135131,0.96813351215354493
1171,-152.53782144012237,-0.017272410255959447,143.10350718444681,0.011823731545512559,-9.4343142556755417,-0.0054486787104468856,0.96808864367446856
1172,-152.85299118758113,-0.01817678084650106,143.38623583161126,0.012638737344185719,-9.4667553559698625,-0.0055380435023153398,0.96804354028747852
1173,-153.17097256180304,-0.019088058925012204,143.67148087712505,0.013459518557782352,-9.4994916846779773,-0.0056285403672298555,0.96799819842522439
1174,-153.49178559647683,-0.02000637170774941,143.95925894729922,0.014286181822227153,-9.5325266491776226,-0.0057201898855222585,0.96795261446953129
1175,-153.81545067510626,-0.020931848420919535,144.24958695898903,0.015118835338523207,-9.5658637161172386,-0.0058130130823963247,0.96790678475025105
1176,-154.14198853636532,-0.021864620352586638,144.54248212369916,0.015957588912747487,-9.5995064126661589,-0.005907031439839153,0.96786070554407844
1177,-154.47142027959237,-0.022804820905953267,144.83796195179602,0.016802553997047789,-9.6334583277963368,-0.0060022669089054813,0.96781437307334361
1178,-154.80376737042926,-0.023752585654071536,145.13604425682976,0.017653843731682137,-9.6677231135994859,-0.006098741922389397,0.96776778350477111
1179,-155.13905164660676,-0.024708052396026806,145.43674715996812,0.018511572988130168,-9.7023044866386208,-0.0061964794078966396,0.96772093294820827
1180,-155.47729532388246,-0.025671361214652105,145.74008909454636,0.019375858413319083,-9.7372062293361061,-0.0062955028013330257,0.96767381745532355
1181,-155.81852100213405,-0.026642654535824994,146.04608881073457,0.020246818475000948,-9.7724321913994636,-0.0063958360608240492,0.96762643301826856
1182,-156.16275167161226,-0.027622077189404265,146.35476538032677,0.021124573508322447,-9.8079862912854985,-0.0064975036810818159,0.9675787755683084
1183,-156.51001071935798,-0.028609776471864364,146.66613820165395,0.022009245763628428,-9.8438725177040389,-0.006600530708235932,0.96753084097441677
1184,-156.86032193578845,-0.029605902210689046,146.98022700462465,0.022900959455543227,-9.8800949311637929,-0.0067049427551458228,0.96748262504183236
1185,-157.21370952145705,-0.030610606830590407,147.29705185589751,0.023799840813377507,-9.9166576655595193,-0.0068107660172129023,0.96743412351058033
1186,-157.57019809399057,-0.031624045421613428,147.6166331641866,0.024706018132902394,-9.953564929803985,-0.006918027288711031,0.96738533205395372
1187,-157.92981269521133,-0.032646375809202058,147.93899168570661,0.025619621829546274,-9.9908210095047281,-0.0070267539796557855,0.96733624627695425
1188,-158.29257879844656,-0.033677758626292034,148.26414852975898,0.026540784493059737,-10.02843026868754,-0.0071369741332323045,0.96728686171469391
1189,-158.65852231603284,-0.034718357387510217,148.59212516446425,0.027469640943705943,-10.066397151568601,-0.0072487164438042786,0.96723717383075147
1190,-159.0276696070203,-0.035768338565554343,148.9229434226437,0.028406328290028746,-10.104726184376634,-0.0073620102755255993,0.96718717801548504
1191,-159.40004748508187,-0.036827871669837038,149.25662550785614,0.029350985988258076,-10.14342197722576,-0.0074768856815789608,0.96713686958430178
1192,-159.7756832266347,-0.037897129327474528,149.59319400059186,0.03030375590340921,-10.182489226042858,-0.0075933734240653163,0.96708624377587649
1193,-160.15460457917885,-0.038976287366712895,149.93267186463004,0.031264782372142474,-10.221932714548814,-0.0077115049945704166,0.96703529575032521
1194,-160.5368397698621,-0.040065524902879512,150.27508245356418,0.032234212267444863,-10.26175731629791,-0.0078313126354346424,0.96698402058732558
1195,-160.92241751427457,-0.041165024426958283,150.62044951749945,0.03321219506520337,-10.301967996775065,-0.0079528293617549088,0.96693241328418733
1196,-161.31136702548181,-0.042274971896882868,150.96879720992695,0.034198882912736185,-10.34256981555486,-0.0080760889841466794,0.96688046875386646
1197,-161.7037180233045,-0.043395556831660846,151.32015009478195,0.03519443069936265,-10.383567928522549,-0.0082011261322981997,0.96682818182292785
1198,-162.09950074385125,-0.044526972408428345,151.67453315368957,0.036198996129080535,-10.424967590161707,-0.0083279762793478027,0.9667755472294447
1199,-162.49874594931131,-0.045669415562552891,152.03197179340373,0.037212739795434713,-10.466774155907622,-0.0084566757671181852,0.96672255962084408
1200,-162.90148493801797,-0.046823087090903472,152.39249185344622,0.038235825258660538,-10.508993084571706,-0.0085872618322429331,0.96666921355168722
1201,-163.30774955479006,-0.047988191758409064,152.75611961395202,0.03926841912518738,-10.551629940838048,-0.0087197726332216841,0.96661550348138658
1202,-163.71757220155868,-0.049164938408035638,153.12288180372468,0.04031069112959329,-10.594690397833993,-0.0088542472784423482,0.96656142377185883
1203,-164.13098584829123,-0.050353540074315431,153.4928056085119,0.041362814219104885,-10.638180239779256,-0.0089907258552105566,0.96650696868510644
1204,-164.54802404422045,-0.051554214100573356,153.86591867950611,0.042424964640744203,-10.682105364714314,-0.0091292494598291529,0.96645213238073224
1205,-164.96872092938906,-0.052767182259992759,154.24224914207616,0.043497322031222169,-10.726471787312867,-0.009269860228770601,0.96639690891337648
1206,-165.39311124651954,-0.053992670880678204,154.6218256047402,0.044580069509688333,-10.771285641779361,-0.0094126013709898669,0.96634129223008269
1207,-165.82123035322212,-0.055230910974876535,155.00467716838497,0.045673393773450949,-10.816553184837154,-0.009557517201425586,0.96628527616757987
1208,-166.25311423454821,-0.056482138372523,155.3908334357406,0.046777485196782612,-10.862280798807639,-0.0097046531757403846,0.96622885444948869
1209,-166.68879951590537,-0.057746593859290908,155.78032452111842,0.047892537932936928,-10.908474994786982,-0.0098540559263539836,0.96617202068343766
1210,-167.12832347634253,-0.059024523319331557,156.17318106042194,0.049018750019506438,-10.955142415920612,-0.010005773299825112,0.96611476835809729
1211,-167.57172406222043,-0.060316177882894714,156.56943422143758,0.050156323487254087,-11.002289840782897,-0.01015985439564062,0.96605709084011848
1212,-168.01903990127829,-0.061621814079035275,156.96911571441629,0.051305464472561527,-11.04992418686199,-0.010316349606473756,0.96599898137098084
1213,-168.47031031711259,-0.06294169399362029,157.37225780295543,0.052466383333643757,-11.098052514157132,-0.010475310659976544,0.96594043306374144
1214,-168.92557534408104,-0.064276085432856261,157.77889331519017,0.053639294770682563,-11.146682028890847,-0.010636790662173694,0.96588143889968192
1215,-169.38487574264596,-0.065625262092573911,158.1890556553052,0.054824417950043544,-11.19582008734076,-0.010800844142530377,0.96582199172485228
1216,-169.84825301517549,-0.06698950373351803,158.60277881537965,0.0560219766327495,-11.245474199795833,-0.01096752710076853,0.96576208424650511
1217,-170.31574942221434,-0.068369096362892789,159.02009738757218,0.05723219930738245,-11.295652034642163,-0.011136897055510339,0.96570170902941443
1218,-170.78740799924589,-0.069764332422444703,159.44104657666364,0.058455319327611471,-11.346361422582241,-0.011309013094833238,0.96564085849208114
1219,-171.26327257395911,-0.071175510983356338,159.86566221296493,0.059691575054534138,-11.397610360994246,-0.011483935928822204,0.96557952490281262
1220,-171.74338778404197,-0.072602937948259921,160.29398076560614,0.060941210004046967,-11.449407018435842,-0.011661727944212965,0.96551770037567863
1221,-172.22779909551747,-0.074046926260675494,160.72603935621822,0.062204472999453905,-11.501759739299271,-0.011842453261221596,0.96545537686633209
1222,-172.71655282164591,-0.075507796122213117,161.16187577302381,0.063481618329549627,-11.554677048622079,-0.012026177792663482,0.96539254616769721
1223,-173.20969614241108,-0.076985875217879057,161.60152848534906,0.064772905912410278,-11.608167657062037,-0.012212969305468779,0.96532919990551114
1224,-173.7072771246138,-0.078481498949853332,162.04503665857348,0.06607860146514638,-11.66224046604033,-0.012402897484706972,0.96526532953372179
1225,-174.20934474259735,-0.079995010680128861,162.49244016953452,0.067398976679887784,-11.716904573062809,-0.01259603400024108,0.96520092632972698
1226,-174.71594889962381,-0.081526761982406076,162.943779622401,0.068734309406269664,-11.77216927722278,-0.012792452576136416,0.96513598138946
1227,-175.22714044993342,-0.083077112903680361,163.39909636503594,0.0700848838407237,-11.828044084897453,-0.012992229062956662,0.9650704856223008
1228,-175.74297122150608,-0.08464643223596309,163.85843250586464,0.071450990722875155,-11.884538715641394,-0.013195441513087932,0.96500442974582179
1229,-176.26349403955783,-0.086235097798615545,164.32183093126883,0.072832927539377701,-11.941663108289035,-0.013402170259237831,0.96493780428034703
1230,-176.78876275079844,-0.087843496731792023,164.78933532352588,0.074230998735525314,-11.999427427272572,-0.013612497996266713,0.9648705995433271
1231,-177.31883224847937,-0.089472025801516336,165.26099017931423,0.075645515935001767,-12.057842069165186,-0.013826509866514562,0.96480280564351806
1232,-177.85375849826787,-0.091121091716954788,165.73684082880774,0.07707679816815545,-12.116917669460111,-0.014044293548799349,0.96473441247495417
1233,-178.39359856497421,-0.092791111460461401,166.21693345538034,0.078525172109191646,-12.176665109593866,-0.014265939351269744,0.96466540971071046
1234,-178.93841064017158,-0.094482512631023696,166.70131511594644,0.079990972322715695,-12.2370955242252,-0.014491540308308005,0.96459578679644464
1235,-179.48825407074378,-0.09619573380175761,167.19003376196201,0.081474541520069499,-12.298220308781719,-0.014721192281688125,0.96452553294370391
1236,-180.04318938839594,-0.097931224892146201,167.68313826111242,0.082976230825937483,-12.360051127283519,-0.014954994066208708,0.96445463712299717
1237,-180.60327834017329,-0.099689447555747879,168.1806784197143,0.084496400055718096,-12.422599920458989,-0.015193047500029797,0.96438308805661022
1238,-181.16858392002518,-0.10147087558415369,168.68270500586146,0.086035418004193787,-12.485878914163738,-0.015435457579959892,0.96431087421116146
1239,-181.73917040146171,-0.10327599532800644,169.18926977334547,0.087593662746055234,-12.549900628116259,-0.015682332581951182,0.96423798378988534
1240,-182.31510337134742,-0.10510530613594984,169.70042548638119,0.089171521948871513,-12.614677884966191,-0.015933784187078318,0.96416440472462617
1241,-182.89644976488228,-0.10695932081242425,170.21622594517359,0.09076939319913209,-12.680223819708704,-0.01618992761329216,0.96409012466753685
1242,-183.48327790181889,-0.10883856609527877,170.73672601235745,0.092387684342022075,-12.746551889461418,-0.016450881753256708,0.96401513098246405
1243,-184.07565752397238,-0.11074358315423385,171.26198164035205,0.094026813835634757,-12.813675883620313,-0.016716769318599098,0.96393941073600842
1244,-184.67365983407785,-0.11267492811128185,171.79204989966448,0.095687211120362825,-12.881609934413341,-0.016987716990919027,0.96386295068824246
1245,-185.27735753605572,-0.11463317258418683,172.32698900818716,0.097369317004257272,-12.950368527868619,-0.017263855579929557,0.96378573728307348
1246,-185.88682487674708,-0.11661890425431319,172.86685836152895,0.099073584065192094,-13.019966515218119,-0.017545320189121083,0.96370775663823249
1247,-186.50213768918661,-0.11863272746009118,173.41171856443003,0.10080047707072254,-13.090419124756561,-0.017832250389368663,0.96362899453487483
1248,-187.12337343748086,-0.12067526381750265,173.96163146330241,0.10255047341657705,-13.161741974178458,-0.018124790400925593,0.96354943640676938
1249,-187.75061126336749,-0.1227471528690683,174.51666017995191,0.10432406358478949,-13.23395108341558,-0.018423089284278799,0.96346906732906201
1250,-188.38393203453114,-0.12484905276290037,175.0768691465324,0.10612175162253143,-13.307062887998651,-0.018727301140368913,0.96338787200659093
1251,-189.02341839475889,-0.12698164096349673,175.64232414178792,0.10794405564278312,-13.381094252970957,-0.019037585320713604,0.96330583476173037
1252,-189.66915481602183,-0.12914561499604624,176.21309232864309,0.10979150834804038,-13.456062487378688,-0.019354106648005881,0.96322293952174398
1253,-190.32122765257273,-0.13134169322614705,176.78924229320458,0.1116646575783487,-13.531985359368111,-0.019677035647798366,0.96313916980562231
1254,-190.97972519715847,-0.13357061567695178,177.37084408523742,0.1135640668850257,-13.608881111921026,-0.020006548791926093,0.96305450871037446
1255,-191.64473773944675,-0.13583314488589157,177.95796926018895,0.11549031613152955,-13.686768479257793,-0.020342828754362011,0.96296893889675694
1256,-192.31635762677618,-0.13813006680327766,178.55069092283105,0.11744400212302808,-13.765666703945143,-0.020686064680249618,0.9628824425744017
1257,-192.99467932734541,-0.14046219173523039,179.14908377260133,0.11942573926632472,-13.845595554744122,-0.021036452468905696,0.96279500148631691
1258,-193.67979949595806,-0.14283035533355315,179.75322415072316,0.12143616026191004,-13.926575345234912,-0.021394195071643134,0.96270659689273197
1259,-194.37181704245685,-0.14523541963535266,180.36319008919514,0.1234759168300307,-14.008626953261746,-0.021759502805321941,0.96261720955424757
1260,-195.07083320297784,-0.14767827415539414,180.9790613617385,0.12554568047279377,-14.09177184123935,-0.022132593682600399,0.9625268197142588
1261,-195.77695161417176,-0.15015983703439431,181.60091953680325,0.12764614327446608,-14.176032077368447,-0.02251369375992824,0.96243540708060993
1262,-196.49027839054358,-0.15268105624668413,182.22884803273729,0.12977801874228584,-14.261430357806276,-0.022903037504398295,0.96234295080644827
1263,-197.21092220507435,-0.15524291087090786,182.86293217522535,0.13194204269025453,-14.347990029849026,-0.023300868180653363,0.96224942947022074
1264,-197.93899437329418,-0.15784641242769853,183.50325925711945,0.13413897416856685,-14.43573511617474,-0.023707438259131658,0.96215482105478456
1265,-198.67460894099344,-0.16049260628855247,184.1499186007818,0.13636959644152075,-14.524690340211649,-0.024123009847031737,0.96205910292556995
1266,-199.41788277576293,-0.16318257316043644,184.80300162307284,0.1386347180169599,-14.614881152690046,-0.024547855143476544,0.96196225180775163
1267,-200.16893566257349,-0.16591743065099154,185.46260190312665,0.14093517373052175,-14.70633375944686,-0.024982256920469813,0.96186424376237145
1268,-200.92789040361299,-0.1686983349195702,186.12881525306022,0.14327182588821216,-14.799075150552738,-0.025426509031358048,0.9617650541613546
1269,-201.69487292261587,-0.17152648241973256,186.80173979177891,0.14564556547109045,-14.893133130836976,-0.025880916948642113,0.96166465766135967
1270,-202.47001237393843,-0.1744031117392571,187.48147602204517,0.1480573134061326,-14.988536351893242,-0.026345798333124504,0.9615630281763915
1271,-203.25344125664122,-0.17732950554418836,188.16812691099233,0.15050802190765455,-15.085314345648875,-0.026821483636533819,0.96146013884911541
1272,-204.04529553386897,-0.18030699263395211,188.86179797427479,0.15299867589401631,-15.183497559594159,-0.027308316739935778,0.96135596202078655
1273,-204.84571475782892,-0.1833369501151223,189.56259736406369,0.15553029448469821,-15.283117393765274,-0.027806655630424094,0.96125046919972745
1274,-205.65484220069533,-0.18642080570202052,190.27063596110338,0.15810393258323671,-15.384206239591919,-0.028316873118783815,0.96114363102825529
1275,-206.47282499178343,-0.18956004015298861,190.98602747106594,0.16072068255194993,-15.486797520717467,-0.028839357601038673,0.96103541724797736
1276,-207.29981426136979,-0.19275618985189297,191.70888852545477,0.16338167598486139,-15.590925735914965,-0.029374513867031576,0.96092579666335565
1277,-208.13596529155546,-0.19601084954520148,192.43933878732582,0.16608808558575255,-15.696626504229641,-0.02992276395944897,0.96081473710342891
1278,-208.98143767459683,-0.19932567524582168,193.17750106211301,0.16884112715883892,-15.803936612483838,-0.030484548086982741,0.96070220538159179
1279,-209.83639547916513,-0.20270238731583828,193.92350141386794,0.17164206172020136,-15.912894065297181,-0.031060325595636928,0.96058816725330032
1280,-210.70100742502379,-0.20614277374130269,194.67746928724463,0.1744921977387752,-16.023538137779155,-0.031650576002527492,0.96047258737158447
1281,-211.57544706665249,-0.20964869361336091,195.43953763558312,0.17739289351646204,-16.135909431069358,-0.032255800096898907,0.96035542924022155
1282,-212.45989298638224,-0.21322208083122579,196.20984305547424,0.18034555971773519,-16.250049930908027,-0.032876521113490612,0.96023665516443024
1283,-213.35452899765548,-0.21686494804388096,196.98852592821643,0.18335166206003817,-16.366003069439067,-0.033513285983842761,0.96011622619892023
1284,-214.25954435906374,-0.2205793908488638,197.7757305686045,0.18641272417723959,-16.483813790459251,-0.034166666671624227,0.9599941020931283
1285,-215.17513399987152,-0.22436759226814215,198.57160538152601,0.18953033066952585,-16.603528618345557,-0.034837261598616276,0.95987024123345865
1286,-216.10149875779109,-0.22823182752289586,199.37630302687933,0.19270613035430745,-16.72519573091175,-0.035525697168588374,0.95974460058232591
1287,-217.0388456298258,-0.23217446913100631,200.18998059336135,0.19594183973403786,-16.848865036464439,-0.036232629396968447,0.95961713561378759
1288,-217.98738803707698,-0.23619799235327454,201.01279978172687,0.19923924669832574,-16.97458825535012,-0.036958745654948832,0.95948780024553848
1289,-218.94734610447011,-0.24030498101680828,201.84492709815942,0.20260021447932919,-17.102419006310718,-0.037704766537479131,0.95935654676701243
1290,-219.91894695644325,-0.24449813374672835,202.68653405845367,0.2060266858812248,-17.232412897989576,-0.038471447865503522,0.9592233257633267
1291,-220.90242502972131,-0.24878027064032182,203.53779740376285,0.20952068780652683,-17.36462762595847,-0.039259582833795034,0.95908808603477602
1292,-221.8980224043996,-0.25315434042109725,204.39889932872919,0.21308433610424354,-17.499123075670411,-0.040070004316853661,0.95895077451155952
1293,-222.90598915465654,-0.25762342811385863,205.2700277228833,0.2167198407672995,-17.635961431773261,-0.040903587346559162,0.95881133616340131
1294,-223.92658372054115,-0.26219076328604335,206.15137642627923,0.22042951150939205,-17.775207294261982,-0.041761251776651284,0.95866971390369193
1295,-224.96007330239169,-0.26685972890508947,207.0431455004076,0.22421576375446267,-17.916927801984052,-0.042643965150626739,0.95852584848775169
1296,-226.00673427959467,-0.27163387086672419,207.9455415155283,0.2280811250753704,-18.061192764066369,-0.043552745791353736,0.9583796784047699
1297,-227.06685265553543,-0.27651690825470948,208.85877785566396,0.23202824212210854,-18.208074799871433,-0.044488666132600926,0.95823113976295826
1298,-228.14072453076579,-0.28151274439895702,209.78307504260508,0.23605988808414657,-18.357649488160732,-0.045452856314810414,0.95808016616738401
1299,-229.2286566065977,-0.28662547880601974,210.71866108040547,0.24017897073619582,-18.509995526192235,-0.046446508069823811,0.95792668858993235
1300,-230.33096672153962,-0.29185942004394266,211.66577182198162,0.24438854112199848,-18.665194899558024,-0.047470878921944223,0.95777063523077144
1301,-231.44798442321903,-0.29721909967240978,212.62465135958087,0.24869180293669185,-18.823333063638216,-0.048527296735717956,0.95761193137065048
1302,-232.5800515786901,-0.30270928731919744,213.59555244105559,0.25309212267499792,-18.984499137634529,-0.049617164644199435,0.95745049921329517
1303,-233.72752302630522,-0.30833500701527344,214.57873691406414,0.25759304062001109,-19.148786112241119,-0.050741966395262322,0.95728625771708986
1304,-234.89076727264418,-0.31410155491369557,215.57447620052957,0.26219828275587853,-19.316291072114637,-0.051903272157817024,0.95711912241516572
1305,-236.07016723834451,-0.3200145185319192,216.58305180392188,0.26691177369726954,-19.487115434422613,-0.053102744834649634,0.95694900522292037
1306,-237.2661210570661,-0.32607979767348771,217.60475585218455,0.27173765073940354,-19.661365204881527,-0.054342146934084137,0.95677581423190117
1307,-238.47904293225756,-0.3323036272036537,218.6398916794202,0.27668027914474347,-19.839151252837347,-0.055623348058910241,0.95659945348888198
1308,-239.70936405688536,-0.33869260187457617,219.68877444977301,0.2817442687964799,-20.020589607112342,-0.056948333078096311,0.95641982275883008
1309,-240.95753360183227,-0.34525370341972883,220.75173182731314,0.28693449236486401,-20.205801774519166,-0.058319211054864845,0.9562368172703396
1310,-242.22401977928251,-0.35199433016453585,221.82910469613066,0.29225610515063072,-20.394915083151865,-0.05973822501390523,0.95605032744195007
1311,-243.50931098811489,-0.35892232943152319,222.92124793531696,0.29771456679052566,-20.588063052797914,-0.061207762640997532,0.95586023858759872
1312,-244.81391704909507,-0.36604603305406602,224.02853125402197,0.30331566503371843,-20.785385795073097,-0.062730368020347593,0.95566643059927114
1313,-246.13837053855065,-0.3733742963538984,225.15134009236868,0.30906554182516238,-20.98703044618199,-0.064308754528735995,0.95546877760469306
1314,-247.48322823020348,-0.38091654098473426,226.29007659466578,0.3149707219632959,-21.19315163553766,-0.065945819021438423,0.95526714759767217
1315,-248.84907265597309,-0.38868280209877837,227.44516066211565,0.32103814463561486,-21.403911993857427,-0.067644657463163477,0.95506140203842094
1316,-250.23651379784593,-0.39668378035567065,228.61703109306498,0.32727519817731709,-21.619482704780935,-0.069408582178353578,0.95485139542088493
1317,-251.64619092437866,-0.4049308993661801,229.80614681982718,0.33368975844653093,-21.840044104551502,-0.071241140919649171,0.95463697480374754
1318,-253.07877458706656,-0.41343636924722033,231.01298825220431,0.34029023126557434,-22.065786334862217,-0.073146137981645959,0.95441797930138272
1319,-254.53496879372679,-0.42221325706296292,232.23805873912031,0.34708559944287332,-22.296910054606485,-0.075127657620089577,0.95419423953058125
1320,-256.01551337823844,-0.43127556504119047,233.48188616122135,0.35408547496608633,-22.533627217017148,-0.077190090075104079,0.95396557700833839
1321,-257.52118658849429,-0.44063831758782618,234.7450246689784,0.36130015704578305,-22.776161919515907,-0.079338160542043124,0.9537318034954152
1322,-259.05280791732446,-0.45031765827945291,236.028056582749,0.36874069679314148,-23.024751334575427,-0.081576961486311467,0.95349272027968579
1323,-260.61124120450125,-0.46033095819810255,237.33159447348376,0.37641896943756126,-23.279646731017529,-0.083911988760541345,0.95324811739251036
1324,-262.19739804181086,-0.47069693719013173,238.6562834453336,0.38434775513444996,-23.541114596477264,-0.086349182055681761,0.95299777275045783
1325,-263.81224151767708,-0.48143579988838425,240.00280364440275,0.39254082958424658,-23.809437873274348,-0.088894970304137677,0.95274145121365539
1326,-265.45679034307341,-0.49256938864232991,241.37187302137642,0.40101306588646918,-24.084917321696985,-0.091556322755860758,0.95247890355082676
1327,-267.13212340656327,-0.5041213558645572,242.76425037980755,0.40978054929389984,-24.367873026755788,-0.094340806570657437,0.95220986529966889
1328,-268.83938481349753,-0.51611735873670883,244.18073874661289,0.41886070682047705,-24.658646066884643,-0.097256651916231784,0.95193405550955579
1329,-270.57978947280492,-0.52858527973915814,245.62218910691502,0.4282724540022943,-24.957600365889895,-0.10031282573686384,0.95165117535163779
1330,-272.35462930474853,-0.5415554770961295,247.08950455195665,0.4380363615273869,-25.265124752791834,-0.10351911556874258,0.95136090657912997
1331,-274.16528015477746,-0.55506106998627147,248.58364489661946,0.44817484495312093,-25.581635258158066,-0.10688622503315048,0.95106290981790986
1332,-276.0132095125382,-0.56913826428858771,250.10563183232478,0.45871238134029813,-25.907577680213421,-0.11042588294828959,0.95075682266439121
1333,-277.89998515174943,-0.58382672575480121,251.65655469213766,0.46967575737693934,-26.243430459611808,-0.11415096837786187,0.95044225756388412
1334,-279.82728482653084,-0.59917000887131877,253.23757691808981,0.48109435447498244,-26.589707908440985,-0.1180756543963363,0.95011879943819832
1335,-281.79690718368505,-0.61521605136139479,254.84994333660305,0.4930004774425964,-26.946963847082024,-0.12221557391879845,0.949786003025891
1336,-283.81078407926452,-0.63201774636303365,256.4949883670235,0.50542973471794572,-27.315795712240977,-0.12658801164508798,0.94944338989216648
1337,-285.87099452273117,-0.64963360690793137,258.174145311487,0.51842147986824727,-27.696849211244178,-0.13121212703968399,0.94909044505768358
1338,-287.9797805145879,-0.66812854056040238,259.88895690257539,0.53201932620304193,-28.090823612012443,-0.13610921435736045,0.94872661318616547
1339,-290.1395650954903,-0.68757475613603014,261.64108731981429,0.54627174904435538,-28.49847777567598,-0.14130300709167465,0.94835129425928455
1340,-292.35297298898791,-0.7080528295494446,263.43233592860986,0.56123279359914158,-28.920637060378063,-0.14682003595030291,0.94796383865332567
1341,-294.62285429939374,-0.72965296236107569,265.26465304786859,0.57696291070460304,-29.358201251525095,-0.1526900516564727,0.94756354151493993
1342,-296.95231182506177,-0.75247647493616943,267.14015811807127,0.59352994825135541,-29.812153706990536,-0.15894652668481413,0.94714963631201743
1343,-299.3447326710442,-0.7766375868797829,269.06116072362556,0.61101033322026388,-30.283571947418729,-0.16562725365951908,0.94672128740920936
1344,-301.80382500098983,-0.80226555136585675,271.03018502673592,0.62949048852471079,-30.773639974253882,-0.1727750628411458,0.94627758148443664
1345,-304.33366096607079,-0.82950722823456957,273.0499983013209,0.64906854095918831,-31.283662664749926,-0.18043868727538132,0.94581751756082377
1346,-306.93872710171956,-0.858530204814139,275.12364442332159,0.66985639252824836,-31.815082678398028,-0.18867381228589053,0.94533999537527591
1347,-309.62398380906046,-0.88952660547398188,277.25448339006664,0.69198224868835223,-32.369500418993709,-0.19754435678562954,0.9448438017367724
1348,-312.39493596163277,-0.92271777397547106,279.44623822239976,0.71559372559505485,-32.948697739233026,-0.20712404838041631,0.94432759443946945
1349,-315.25771723356195,-0.9583600711225948,281.70305097177817,0.7408616972064328,-33.554666261783808,-0.21749837391616195,0.94378988318115142
1350,-318.21919148070958,-0.99675211037992473,284.02955004232041,0.76798509626372624,-34.189641438389174,-0.22876701411619854,0.94322900678700783
1351,-321.28707548980123,-1.0382438653826502,286.43093169008756,0.79719695696179804,-34.856143799713649,-0.24104690842085219,0.94264310583882027
1352,-324.47008874030706,-1.0832482396136114,288.91305944388375,0.82877209082082737,-35.557029296423266,-0.2544761487927838,0.94203008954139567
1353,-327.77813764351782,-1.1322559112279587,291.48258639877974,0.86303693497862866,-36.295551244738121,-0.26921897624933,0.9413875952938886
1354,-331.2225442455769,-1.185854587903109,294.14710700650426,0.90038232561776277,-37.075437239072684,-0.28547226228534617,0.94071293893292185
1355,-334.81633292689821,-1.2447542793188322,296.91534733851148,0.94128026277127785,-37.900985588386732,-0.30347401654755424,0.94000305291642616
1356,-338.5745936914202,-1.3098209012638171,299.79740615422844,0.98630620125322055,-38.777187537191793,-0.32351470001059646,0.93925440872957366
1357,-342.51494798520753,-1.3821216012030122,302.80506397918612,1.0361691159888702,-39.709884006021454,-0.34595248521414212,0.93846291837377704
1358,-346.6581538448886,-1.4629868683525946,305.95218460113648,1.0917526997421965,-40.705969243752207,-0.37123416861039826,0.93762380771969001
1359,-351.02890356473716,-1.5540971546846816,309.25524426151662,1.1541728176602613,-41.773659303220583,-0.39992433702442021,0.9367314513976569
1360,-355.65689236604351,-1.6576060837071065,312.73404059592804,1.2248592283659261,-42.922851770115372,-0.43274685534118051,0.93577915415267365
1361,-360.5782765960339,-1.7763196386363,316.41265993531562,1.3056744326655916,-44.1656166607183,-0.47064520597070847,0.93475885615894727
1362,-365.83770521042436,-1.9139634290369416,320.32082483963995,1.3990909388210413,-45.516880370784463,-0.51487249021590031,0.9336607278221779
1363,-371.49121804050446,-2.0755930472188271,324.49581652256302,1.5084634292374615,-46.995401517941445,-0.56712961798136563,0.93247259970634488
1364,-377.61049598404645,-2.2682456418317991,328.98529392464991,1.6384609090082891,-48.625202059396514,-0.62978473282351,0.9311791389322448
1365,-384.28929760040194,-2.5020161063759785,333.85156288328295,1.7957804698672066,-50.437734717118985,-0.70623563650877208,0.92976062173634944
1366,-391.65358635375355,-2.7919200929162664,339.17829304906644,1.9903828954566809,-52.475293304687128,-0.80153719745958552,0.92819103537295156
1367,-399.87821630755366,-3.1613083085538429,345.08158453955093,2.2377571128343137,-54.796631768002641,-0.92355119571952948,0.92643500900973763
1368,-409.21602982761806,-3.6485826229741307,351.72926653556237,2.5633744783437828,-57.486763292055656,-1.0852081446303479,0.9244425703537662
1369,-420.05237692681249,-4.3216575486097835,359.37705608284512,3.0122799631014083,-60.675320843967327,-1.3093775855083756,0.92213954075630988
1370,-433.01731520010082,-5.3130778529099301,368.44297190651412,3.6723829299278452,-64.574343293586736,-1.6406949229820857,0.919408257075636
1371,-449.24808671842283,-6.9210041089965433,379.68141507539474,4.7414329391686927,-69.566671643028144,-2.1795711698278506,0.91604370962355997
1372,-471.12814922265102,-9.9855961369049719,394.67331044791342,6.7766453413800427,-76.454838774737595,-3.2089507955249283,0.91163371193008524
1373,-505.03012929743448,-18.118473017001197,417.64529104990913,12.173327090258281,-87.384838247525408,-5.9451459267429136,0.90512461347882278
1374,-562.52567830065277,-70.545716338826139,456.27208753059205,46.947061186182957,-106.25359077006078,-23.59865515264319,0.8938755112898914
1375,-530.19820946587902,-166.6760074113833,435.33358079432492,110.70556332454733,-94.864628671554073,-55.970444086835968,0.8903992985253294
1376,-477.16393084435845,-159.13199851566151,400.66947214418587,105.70511365125213,-76.494458700172544,-53.426884864409359,0.89829158529616515
1377,-476.44793800879609,-167.89654893793158,400.71169039708639,111.52091785651919,-75.7362476117097,-56.375631081412365,0.89749823647293525
1378,-442.10377070284392,-188.83235159759869,378.45908467904928,125.40901400458111,-63.644686023794719,-63.423337593017578,0.89783166567195005
1379,-425.27009210394618,-165.02142609807308,367.82803987534567,109.62038907437183,-57.442052228600474,-55.401037023701264,0.90499163742706368
1380,-437.45555248564665,-174.74336783297514,376.45152962235579,116.07147729240559,-61.004022863290885,-58.671890540569535,0.90215117253053156
1381,-407.8369685517809,-188.7392825312657,357.35875244967781,125.35726022134827,-50.47821610210309,-63.382022309917431,0.90215348730259093
1382,-403.68186669523948,-164.69183490750061,355.16297405724822,109.41225160053388,-48.518892637991271,-55.279583306966742,0.90892712826434652
1383,-415.92893050134853,-179.95705130269224,363.85493921029257,119.54016899029887,-52.073991291055904,-60.416882312393369,0.90461189068824699
1384,-386.47227343630004,-185.18976827028564,344.89844333824107,123.0145763413126,-41.573830098058977,-62.175191928973021,0.90588766255219999
1385,-393.02333803485396,-164.34048274398037,349.83331230621303,109.19128365593757,-43.190025728640904,-55.149199088042792,0.9116079713399583
1386,-399.68330529116213,-185.16423991368464,354.85154012731027,123.00636453657158,-44.831765163851784,-62.157875377113058,0.90608668214288279
1387,-372.66085787528357,-179.14080174911626,337.54304439237615,119.01636905778186,-35.11781348290738,-60.124432691334391,0.90973593631506067
1388,-388.1468806445514,-165.87478442332872,348.43942626431505,110.22342379141753,-39.707454380236385,-55.651360631911189,0.913194335727055
1389,-384.41941757285889,-188.97950892361041,346.60707061359284,125.55248388071028,-37.81234695926608,-63.427025042900141,0.90734964067330914
1390,-365.71939062053309,-171.88564509902341,334.86011337246134,114.22208812012911,-30.859277248071891,-57.663556978894292,0.91370706909253896
1391,-385.64472584077441,-170.60106431989848,348.74730516037005,113.37756516592813,-36.897420680404238,-57.223499153970337,0.91363897410077866
1392,-369.47426111607734,-188.54470758018959,338.71577269238981,125.28686295757096,-30.758488423687481,-63.257844622618634,0.90935003759623612
1393,-365.44808535729544,-165.97163835693266,336.76354366580404,110.32749867205307,-28.684541691491411,-55.644139684879605,0.9171646866590778
1394,-381.7121792035523,-178.43876327266037,348.30125936719173,118.61165205438108,-33.410919836360577,-59.827111218279242,0.9131839562489259
1395,-358.19091504662578,-181.93968204771824,333.50266436761126,120.95952631717287,-24.688250679014594,-60.980155730545363,0.91303727107125099
1396,-370.39343121825232,-164.7363210139396,342.48800215428469,109.60914869611265,-27.90542906396761,-55.127172317826947,0.91922920907018224
1397,-373.41036431730356,-186.40201005228118,345.57740369845305,124.28650949669071,-27.83296061885045,-62.115500555590472,0.91324699024482703
1398,-355.53167917882155,-173.4218255209955,334.3703194865634,116.38842049624441,-21.161359692258245,-57.03340502475109,0.91884873408356382
1399,-374.45694774398379,-172.32816845762653,347.07403593861352,115.86483221939505,-27.38291180537027,-56.463336238231477,0.91935214444262647
1400,-358.55795427331827,-187.32352914433028,337.06159222620397,125.68496883327956,-21.496362047114282,-61.638560311050725,0.91458630941657737
1401,-359.83195232843229,-166.44178165502541,338.64000090790796,111.92519228940078,-21.19195142052434,-54.51658936562464,0.92233541804774177
1402,-371.34689586435076,-182.72536138796718,346.78622321455214,122.87812746554798,-24.560672649798491,-59.847233922419207,0.91725184404714089
1403,-350.45119451909983,-176.96745819805588,333.50883264300302,118.91430070262788,-16.942361876096768,-58.053157495427996,0.91900751797341762
1404,-368.59452400780708,-168.71130995705118,346.38994488406405,113.43118084143755,-22.204579123743137,-55.280129115613619,0.92261849451712508
1405,-358.99779874059476,-186.83466393937877,340.69459195041992,125.63031206877362,-18.303206790174876,-61.204351870605166,0.91680065010728129
1406,-355.94235947646149,-166.60377671883819,339.26287125976614,112.10990139756952,-16.67948821669534,-54.493875321268675,0.92404557654900954
1407,-370.02456046627793,-179.88609545381857,349.49935562907319,120.85901483532639,-20.525204837204654,-59.027080618492164,0.92000679555717901
1408,-350.59478660742764,-176.38368694263809,337.3878423464817,118.71428273296688,-13.206944260945939,-57.6694042096712,0.92113033196392879
1409,-367.91574462138897,-168.41050764029677,349.5107089600325,113.35307912973541,-18.405035661356578,-55.057428510561365,0.92480868985413833
1410,-358.22826710534935,-184.36405341094095,344.02892998504706,123.85766861231234,-14.199337120302367,-60.506384798628616,0.91913132397514785
1411,-359.04613332708925,-165.50808082157295,345.40895950859863,111.52653122871747,-13.637173818490545,-53.981549592855458,0.92657831229112031
1412,-369.01717172626002,-180.8793376680795,352.71943429865604,121.64542804843605,-16.297737427604019,-59.233909619643455,0.92164591197390677
1413,-353.46822499489235,-171.46366973213964,343.41218296641358,115.34073771189408,-10.056042028478799,-56.122932020245543,0.92449365815917672
1414,-372.09216913899144,-171.26454487072428,356.62801329705889,115.38049508017811,-15.464155841932673,-55.884049790546172,0.92608231616536585
1415,-356.77675405110278,-179.79788469269425,347.25750604136283,120.93284553984552,-9.5192480097399113,-58.865039152848738,0.92227950158226124
1416,-367.84528842689798,-164.87048243167948,355.67425983015721,111.02401371900982,-12.171028596740765,-53.846468712669662,0.9288324987589901
1417,-366.60504612998761,-182.38193175107293,355.71152578456537,122.78600154532137,-10.893520345422314,-59.595930205751557,0.92289968537483802
1418,-362.40501935309601,-165.20012455840902,353.84898946153595,111.24895819117646,-8.5560298915600441,-53.951166367232574,0.92898479137544454
1419,-375.23880488370304,-177.68619598371075,363.48306741069092,119.60785612116193,-11.755737473012189,-58.07833986254883,0.92572919455828062
1420,-360.80027468983712,-170.15935631977428,354.76699802045113,114.67916500986615,-6.0332766693859643,-55.48019130990815,0.92768774247775254
1421,-378.77651050714763,-170.76833676089478,367.79318574960882,114.96235242965888,-10.983324757538885,-55.805984331235877,0.92897831233608319
1422,-364.36602499430569,-175.58860526875884,359.33163979972448,118.31612093978534,-5.0343851945812421,-57.272484328973519,0.92655208336900374
1423,-378.83758799612929,-165.81315172230319,369.88696380148156,111.7564450035287,-8.9506241946477871,-54.056706718774478,0.9315037210863979
1424,-371.25172717069512,-178.59558338732631,366.10653113268614,120.23942523199202,-5.1451960380090398,-58.356158155334299,0.9265258646750677
1425,-378.22617389684757,-163.72125630683161,371.75199455444647,110.48342054870129,-6.4741793424011185,-53.237835758130302,0.9329593103581092
1426,-378.96682449390062,-178.78971242550782,373.44382202252211,120.35312060323386,-5.5230024713784651,-58.436591822273954,0.92765807983076032
1427,-378.62422085769794,-163.63556469701854,374.44962640769495,110.45147871842508,-4.1745944500029744,-53.184085978593458,0.93355391301364643
1428,-386.0536749168632,-177.24541120095128,380.48995004814003,119.39761577136956,-5.5637248687232095,-57.847795429581709,0.92943658579741084
1429,-380.55492725180096,-164.48465145486432,378.22616242533513,110.97896856798229,-2.32876482646585,-53.505682886882028,0.93377908156408651
1430,-392.25711858950319,-175.21477977342721,387.13531996729898,118.14664250011984,-5.1217986222042295,-57.068137273307357,0.93132869297641707
1431,-383.99592279834252,-165.46032919366328,383.07493662026201,111.60900458963698,-0.92098617808054062,-53.851324604026317,0.93408729372378441
1432,-397.92089762888031,-173.49464969278532,393.60042008384721,117.0738031437527,-4.3204775450331177,-56.420846549032618,0.93301377826858423
1433,-388.71193188851873,-166.04109479409868,388.89481126083263,112.01834265777916,0.18287937231384888,-54.022752136319568,0.93470713917126313
1434,-403.44508794954021,-172.45607437639259,400.12018073324703,116.41673948662337,-3.3249072162931927,-56.039334889769222,0.93437777997764815
1435,-394.48673392452491,-165.98045129861239,395.58207506251273,112.03025399773387,1.0953411379877194,-53.950197300878543,0.93569317217987535
1436,-409.05447524068518,-172.21946414578153,406.83703449238789,116.27743453094219,-2.2174407482971841,-55.942029614839342,0.93542248342866763
1437,-401.29546200450238,-165.25411458566717,403.1404007059308,111.6105333640421,1.8449387014285099,-53.64358122162507,0.9370226016534341
1438,-414.71067761853453,-172.71683952347826,413.74452898529847,116.63031387203223,-0.96614863323609246,-56.08652565144601,0.93619119131268924
1439,-409.35615257398803,-164.06555472346446,411.72625483998928,110.88318223202489,2.3701022660013011,-53.18237249143958,0.93862718758600772
1440,-420.13292555641539,-173.59335308295439,420.68424485936333,117.24803981350722,0.55131930294794396,-56.345313269447161,0.93678006983584172
1441,-419.00813194124396,-162.97019398791883,421.57845446355395,110.21325583113833,2.570322522310053,-52.756938156780507,0.94033933905496303
1442,-425.09136880610845,-173.97222983933585,427.53176685633264,117.55083423833248,2.4403980502242004,-56.421395601003383,0.93743942254318458
1443,-430.29960703760253,-163.00247595394015,432.75028489435834,110.28765026360291,2.450677856755767,-52.714825690337264,0.94179936653795948
1444,-430.20224473915437,-172.47445000632609,434.72346634450525,116.62434458412706,4.5212216053507879,-55.85010542219905,0.93866701146095999
1445,-442.22624695704224,-165.37869818358971,444.60692233564396,111.91592725795171,2.3806753786016426,-53.462770925637983,0.94249415768983402
1446,-437.76085753593253,-168.43584629830701,443.81144792160507,114.02772610967257,6.0505903856725816,-54.408120188634413,0.94096288374334636
1447,-452.20754803546367,-169.96706863352378,455.47971615375189,115.01700620775807,3.2721681182882101,-54.950062425765708,0.94223001136087159
1448,-450.49486827652936,-164.20982477318836,456.64295789626402,111.31848888076765,6.1480896197346455,-52.891335892420742,0.94392083864046428
1449,-458.39985238180861,-172.70416543255524,464.20283177386068,116.91001349885047,5.8029793920521495,-55.79415193370474,0.94208356822296468
1450,-467.17511745540673,-164.8566964213085,472.4687937218431,111.84631601249825,5.2936762664363757,-53.010380408810235,0.94569061216467354
1451,-466.22172735996048,-168.71679839555748,474.4567435950276,114.3934596086799,8.2350162350671905,-54.323338786877571,0.94415483958944268
1452,-480.17855306826004,-171.00902344512969,486.39990938188282,116.06176940431131,6.2213563136228274,-54.947254040818393,0.94523703916695201
1453,-483.69438071750164,-164.68773360379095,491.82717021615986,112.16646636731112,8.1327894986581626,-52.521267236479815,0.94765975068357144
1454,-487.66533862693535,-171.37403939642715,497.19112506088715,117.07424523990377,9.5257864339518026,-54.299794156523362,0.94635637180172538
1455,-501.66503218747482,-170.62917111126845,509.12147923156743,116.93694108913017,7.456447044092684,-53.692230022138247,0.94848501946608277
1456,-505.40602552055941,-166.0558435936569,514.47987405877439,113.99388176723795,9.0738485382148824,-52.061961826418951,0.95009483064767608
1457,-511.03462553047189,-171.73212674086625,521.21965786193448,117.95573368847893,10.185032331462549,-53.776393052387306,0.94901586467817534
1458,-525.36509548270044,-172.51309772252742,534.0182273097854,118.61467354747705,8.6531318270847617,-53.89842417505038,0.95037384628051824
1459,-533.46910059712991,-167.91089190585214,542.7523407817913,115.63642423997008,9.2832401846614268,-52.274467665882057,0.95234953870899308
1460,-539.00974853635523,-170.14657815270593,550.02375864667852,117.27539548047588,11.014010110323127,-52.871182672230049,0.95210577989718204
1461,-551.43924761936501,-174.41135251334634,562.16627162084421,120.14630834285576,10.727024001479432,-54.265044170490611,0.95203441487133311
1462,-566.03098633873333,-173.22002029147586,575.91914987010705,119.38861211292202,9.8881635313738272,-53.831408178553815,0.95362109865805345
1463,-576.92020365797589,-170.73585953224946,587.57741736521552,117.86042259307661,10.657213707239638,-52.875436939172857,0.95508606457937772
1464,-586.99289644596024,-171.69271312780441,599.08252062384429,118.56092161225716,12.089624177884058,-53.131791515547263,0.95541981261001852
1465,-600.23059067994654,-174.94766678385093,612.98078707302807,120.81655628021412,12.750196393081367,-54.131110503636833,0.95550934040074131
1466,-616.98986470252134,-177.44463970784079,629.65404571221461,122.69019763457668,12.664181009693372,-54.75444207326413,0.95621338428235347
1467,-635.34438143125828,-178.11368865897316,647.91751568955294,123.36803456793393,12.573134258294864,-54.745654091039228,0.95742682484521879
1468,-654.12283301856462,-178.05204557280717,666.95358318099386,123.58060180093486,12.830750162429187,-54.471443771872302,0.95873691560865915
1469,-673.84313583000517,-178.49327243232051,687.21598637990417,124.24860802799667,13.372850549898793,-54.244664404323842,0.95996336315722552
1470,-695.62027240157886,-179.74139691806391,709.64741844544585,125.55264835660792,14.027146043867123,-54.188748561456023,0.9611052331567167
1471,-720.32040575063354,-181.62110806105164,734.96461926594964,127.31420501885563,14.644213515316139,-54.306903042196026,0.96221945814168075
1472,-748.7061039826043,-184.10290071652338,763.86470275285342,129.56393340421843,15.158598770248954,-54.538967312304948,0.96338014417417528
1473,-781.85826930339397,-187.3741354942421,797.46539640465176,132.52758598709204,15.607127101257824,-54.846549507150087,0.96463413371975726
1474,-821.34815343412777,-191.78043505027432,837.41964873744098,136.52942603788276,16.071495303313224,-55.251009012391563,0.96599064980745464
1475,-869.53406641601964,-197.96319671817719,886.17846470613381,142.18119246088213,16.644398290114299,-55.782004257295043,0.96746638721345024
1476,-930.64257591926776,-207.2029520464157,948.07847460277776,150.82760134491565,17.435898683510047,-56.375350701500054,0.96916006157369849
1477,-1014.0848489044738,-222.90270723739684,1032.5778759630091,166.09852421360353,18.493027058535404,-56.804183023793328,0.97133661626789913
1478,-1145.077536717951,-260.89151572949902,1164.6819311767617,204.04050333869975,19.604394458810745,-56.851012390799283,0.97448438729526621
1479,-1358.0351377376605,-471.37575149092902,1378.5341113342436,414.83590934711367,20.498973596582985,-56.539842143815321,0.97909671124121211
1480,-1357.4687721429611,-756.07255423883373,1378.4704439389793,699.49144261552397,21.001671796018499,-56.581111623309738,0.98052884597567003
1481,-1163.2242323730036,-871.04146638464704,1184.8502476262165,814.2488608983324,21.626015253212984,-56.792605486314585,0.9789783597406152
1482,-1049.0065322651233,-913.8153292313832,1070.9505540986693,856.91439248032805,21.944021833546159,-56.900936751055198,0.97792608171578366
1483,-965.51208962149656,-945.34897461699495,988.08704739595066,887.79846855915241,22.574957774454411,-57.550506057842497,0.97692949329905354
1484,-896.4699594047961,-971.08837754643014,919.61325115295017,913.25025809536464,23.143291748154134,-57.838119451065594,0.97620138918993005
1485,-833.40703185639484,-994.68772798250893,857.36200178548791,936.16544139537314,23.954969929093053,-58.522286587135923,0.97536721617245581
1486,-773.65795457809099,-1014.4014837825384,798.30574272906995,955.23522924742656,24.647788150978755,-59.166254535112188,0.97457210154258522
1487,-714.49308555047048,-1029.1099218338195,740.06687815818555,969.32114945376952,25.573792607715205,-59.788772380050204,0.97369783199750626
1488,-655.98037494173786,-1037.8238919891505,682.61970088028772,977.30307481294142,26.639325938549696,-60.520817176209249,0.97267424688989401
1489,-599.26283629171996,-1039.2797550146993,627.05190675527194,977.96810716170967,27.789070463551823,-61.311647852989694,0.97149352232714326
1490,-546.12302718064973,-1033.0366477662867,575.16128827429202,970.88734367425991,29.038261093642348,-62.149304092026881,0.97013527300887137
1491,-498.66180389902496,-1019.7477945995234,529.07711973063203,956.69445750931516,30.415315831607167,-63.053337090208345,0.96858455817420963
1492,-458.77997582952327,-1000.997021472464,490.72732711969252,936.98497086490079,31.947351290169351,-64.012050607563054,0.96686110691151628
1493,-427.88842912508915,-979.28689122443848,461.49269540232604,914.22292682922853,33.604266277236917,-65.063964395209865,0.96500858248603683
1494,-406.1414116804267,-957.52890788840364,441.62437464794698,891.27073858453309,35.482962967520223,-66.258169303870574,0.96306192806180979
1495,-392.93865067368552,-938.56011568644294,430.57383194336825,870.94884018365974,37.635181269682747,-67.611275502783514,0.96109718395072807
1496,-386.74875345393332,-924.92623945334412,426.90518482353366,855.80364283979577,40.156431369600384,-69.122596613548268,0.95919117682995603
1497,-385.36387877609786,-918.75465532255998,428.50833146208106,847.96057494167405,43.144452685982998,-70.79408038088593,0.95740559341229325
1498,-385.96976788537819,-921.68624181262999,432.68954117390319,849.04549457379778,46.719773288525047,-72.64074723883212,0.95575824430191203
1499,-385.04084847679479,-934.8621130097174,436.11663914356762,860.15512630686567,51.075790666772676,-74.706986702851651,0.95418869936666206
1500,-378.06985971619008,-958.73559494402673,434.62166098209161,881.67440019123774,56.55180126590156,-77.061194752789021,0.95252937397126802
1501,-359.08502107772057,-992.59296589311975,422.87863884513865,912.81316223939371,63.793617767418198,-79.779803653726219,0.95045051493639598
1502,-319.69801808871227,-1033.5928304492268,393.89313259836456,950.72738192132556,74.19511450965237,-82.865448527901094,0.94731043238687129
1503,-245.82044669142863,-1073.6805531321227,337.21088415489976,988.24122224313624,91.390437463471102,-85.439330888986433,0.94169214455025874
1504,-105.2096684605346,-1073.4874235943578,231.35313406432093,996.61189233635866,126.14346560378627,-76.875531257999199,0.9297141683974226
1505,-45.604973945077347,-913.30562855699168,175.86617716929624,893.75681161302134,130.26120322421889,-19.548816943970195,0.92783809722525845
1506,-73.027806378268053,-861.48753772419786,178.0053756293465,856.12273503968754,104.97756925107851,-5.3648026845103765,0.9395549297565341
1507,-77.115499273240118,-824.08500849850009,168.32257153159938,822.26431241140313,91.207072258359261,-1.820696087097021,0.94527583553516592
1508,-84.979180292159924,-784.11594257639081,167.25479966961151,783.80514098187973,82.275619377451704,-0.31080159451103828,0.94825913045281518
1509,-104.79242286258264,-748.02768783777174,180.58599252617211,748.55476000360159,75.793569663589466,0.52707216582978145,0.95030988751290368
1510,-135.50864793825249,-723.39802516897043,206.25639428266081,724.46742462736142,70.747746344408284,1.0693994583912243,0.95248852445141696
1511,-171.68103614795541,-715.36760478380995,238.31457272834589,716.81233015164128,66.633536580390455,1.4447253678313503,0.95530109128959761
1512,-205.63033689075164,-726.08889099387443,268.81288238084198,727.79373490620935,63.182545490090334,1.7048439123349803,0.95870256124238384
1513,-228.23463598481399,-754.13457847323093,288.48074680547541,756.03179477771744,60.246110820661471,1.8972163044864958,0.96225947188784955
1514,-230.14176725289778,-792.69512164963771,287.8402831298007,794.7743716314418,57.698515876902945,2.0792499818041561,0.96544245273779616
1515,-206.1206378482938,-827.76955892621925,261.53985399505808,830.02839685071274,55.419216146764313,2.2588379244932941,0.9678146193541689
1516,-162.43455605167685,-841.77341330913555,215.77284717802348,844.190502071438,53.338291126346704,2.4170887623024373,0.96911255598790313
1517,-118.60890297667109,-825.43971547323542,170.02272807528357,827.96339346441664,51.413825098612548,2.5236779911810552,0.96934432271550575
1518,-95.626655584050383,-787.28080241584621,145.27527076150668,789.84071533835845,49.648615177456264,2.5599129225119004,0.96885358561942125
1519,-101.36974836847838,-747.22551125376788,149.43146545267697,749.75034031866642,48.061717084198563,2.5248290648985012,0.96830696838970509
1520,-129.19086614178735,-723.22350579082934,175.86710439173876,725.69229793885779,46.676238249951467,2.4687921480285233,0.96844712821859946
1521,-164.68244436984065,-724.91076514589486,210.14934924927815,727.37203121909613,45.46690487943745,2.4612660732010561,0.96965452270255859
1522,-190.36672251633934,-752.87165267470209,234.72534856764153,755.41448530955211,44.358626051302224,2.5428326348499333,0.97165653120729023
1523,-189.01039401860822,-796.29253674938423,232.27414324623481,798.99357689082262,43.263749227626548,2.7010401414383907,0.97373626503622657
1524,-153.46442847890131,-830.59653919953962,195.58471851983347,833.45804276530862,42.120290040932119,2.8615035657689227,0.97517725818705969
1525,-101.23792019059546,-829.69973214652589,142.19012456498385,832.61546472452665,40.952204374388387,2.915732578000763,0.97556958411092987
1526,-67.185308316001894,-793.23680193020959,107.06491748614528,796.06578348841799,39.879609170143411,2.8289815582084832,0.97500183192094814
1527,-70.624061973511857,-749.2842675745668,109.61510521592145,751.98141703566637,38.991043242409503,2.6971494610992783,0.97415977388034347
1528,-102.63791564468906,-726.95256085429662,140.89248459904144,729.59194071714148,38.254568954352365,2.6393798628450478,0.97404235480091694
1529,-139.0891330430122,-739.44623032039533,176.65851719405268,742.15318839553015,37.569384151040452,2.7069580751348568,0.97514240722118595
1530,-152.07993594327758,-780.9555971658101,188.90373752179144,783.82291146000398,36.823801578513851,2.8673142941938141,0.97694270027637842
1531,-123.06844228828982,-822.64205006958866,159.03223575735501,825.63948545637709,35.96379346906518,2.9974353867884753,0.97842388411793624
1532,-68.364905719233036,-825.40811614301299,103.44710593245605,828.38333988269881,35.08220021322299,2.9752237396857919,0.97882920363483295
1533,-35.393275326083227,-785.42004912717312,69.725373806381228,788.26085634343974,34.332098480298043,2.8408072162667115,0.97816278137579771
1534,-47.92525024351896,-742.55976378970183,81.661045314831313,745.30133073660033,33.73579507131231,2.7415669468986814,0.97734267985864243
1535,-86.775916751037954,-733.46247984270337,119.95705972895671,736.22658062931453,33.181142977918796,2.7641007866112499,0.97757104683363349
1536,-113.98920022335777,-765.874589666406,146.5054142874526,768.73390881755449,32.516214064094783,2.8593191511484126,0.97903391932450956
1537,-96.014313476540067,-812.5477586417669,127.69313502790912,815.30796954236519,31.678821551369012,2.7602109005980733,0.98065113873729415
1538,-41.510105069017015,-821.74843835125489,72.687941313376555,824.20655090318905,31.177836244359511,2.4581125519341325,0.98104802237883504
1539,-8.0024803749475382,-780.93103990073575,38.789518734085817,783.23344816133488,30.787038359138279,2.3024082605991811,0.98027492133187522
1540,-26.467361611303019,-739.80486017633382,56.93089755020852,742.05183637009441,30.463535938905501,2.2469761937607391,0.97942332663904741
1541,-67.590766306401164,-742.33833274285007,97.699128933769344,744.64621369232066,30.10836262736818,2.3078809494708219,0.97982094599278236
1542,-80.32365201136264,-786.73800525560364,109.98396625080782,789.12370864280365,29.660314239445171,2.3857033871999462,0.98125693062696262
1543,-38.008005520174066,-820.83547528013708,67.179521557945634,823.23021819848441,29.171516037771546,2.3947429183472155,0.98223586204970803
1544,10.912747571660887,-795.12907930416327,17.822977216538945,797.46141960541001,28.735724788199832,2.3323403012468327,0.98190039305337073
1545,5.0773725736953281,-748.0018084477515,23.310375772544248,750.2968720222608,28.387748346239562,2.2950635745096259,0.98099633608807979
1546,-36.219059023571916,-743.20217878549408,64.260990467614107,745.52456588013308,28.041931444042199,2.3223870946390419,0.98114550959936975
1547,-50.346980095128842,-787.1120561229435,78.014550223579349,789.47564530523471,27.667570128450478,2.3635891822911419,0.9824477773104815
1548,-4.898608741590408,-817.49651639308183,32.163020536235635,819.88533570969309,27.264411794645227,2.3888193166110971,0.98329156989708988
1549,37.077396071746442,-783.1934449203444,-10.201327588465638,785.55684078932109,26.876068483280797,2.3633958689766712,0.9828120712092604
1550,16.806787479752209,-742.87585792902189,9.730854243841776,745.20682442169232,26.537641723594007,2.3309664926705311,0.98210094278826554
1551,-21.763696496025247,-759.20075935867203,48.006921260118787,761.52357244179291,26.24322476409354,2.3228130831209359,0.98269622826061509
1552,-6.8119394991672237,-806.97095294022927,32.748453904837795,809.35376307704371,25.936514405670586,2.3828101368141548,0.9838927109758655
1553,48.200683094176057,-800.68384171610728,-22.650102444702455,803.10208753127881,25.550580649473609,2.4182458151716899,0.9840150185175417
1554,50.225158117716283,-752.59992707626714,-25.034372759757748,754.95595069330489,25.190785357958532,2.3560236170377467,0.98324061369999138
1555,9.2691594674694073,-751.79671454406252,15.68673659647969,754.09814010209902,24.955896063949112,2.3014255580363394,0.98335997744285264
1556,11.36233456324927,-799.18727395933706,13.356053474398649,801.57679416216411,24.718388037647927,2.3895202028270432,0.98448825883667568
1557,65.819105988571053,-800.89882388927981,-41.494876903376785,803.35197758658012,24.324229085194254,2.4531536973004595,0.9847964623240536
1558,70.164857918886909,-753.4095476560384,-46.179333416275888,755.74928157879413,23.985524502611021,2.3397339227556504,0.98408051415199005
1559,30.098103047452476,-755.86871556510562,-6.2651077645506135,758.17324007712386,23.832995282901862,2.304524512018316,0.98419180178157539
1560,41.606347286657325,-802.1433657629085,-18.031415587506778,804.59093472879772,23.574931699150547,2.4475689658893227,0.98526030489512051
1561,92.913276851485762,-788.57156900737061,-69.753584751073063,790.99897100723081,23.159692100412698,2.4274019998602947,0.98533680047263728
1562,78.541143360554472,-747.2903373257459,-55.581785916755152,749.58801245613108,22.95935744379932,2.2976751303850449,0.98464854326202944
1563,47.325208160301457,-772.40185233072657,-24.516138561900554,774.79409017724618,22.809069598400896,2.3922378465196141,0.98519451237888134
1564,86.67553516395833,-803.53151684032468,-64.238085176940814,805.99182307830938,22.437449987017516,2.4603062379848448,0.98603861523854408
1565,112.88871995103784,-762.63046560044461,-90.709697248727053,764.96880176868808,22.179022702310789,2.3383361682434844,0.98553013549190205
1566,75.95355531482133,-753.48656084848778,-53.915027354750265,755.85713603054785,22.038527960071065,2.3705751820600121,0.98537000124837681
1567,85.551063251375311,-796.97014067669204,-63.800918325994118,799.40746294074665,21.750144925381186,2.4373222640547629,0.98635091527818242
1568,131.05855087121191,-776.76188286848787,-109.5731409920448,779.14816539201377,21.485409879167108,2.3862825235257139,0.98627071872724204
1569,105.10613361573024,-748.01512232934419,-83.811093830334272,750.38572413694794,21.295039785395971,2.3706018076038538,0.98581410957048621
1570,96.71871201570211,-787.29740663506573,-75.618044325296722,789.70311034715485,21.100667690405388,2.4057037120891027,0.98661396542075175
1571,145.06379821461388,-781.51905648641218,-124.24313513133816,783.95365401271863,20.820663083275697,2.4345975263065642,0.98680445617208612
1572,127.27003922753153,-747.17092057355399,-106.65339710819951,749.51697374507194,20.616642119332028,2.3460531715180348,0.98630382969483499
1573,114.75460361016351,-782.77887798453389,-94.271304397026412,785.20564094222243,20.483299213137094,2.426762957688394,0.98696164153632882
1574,161.57342738393771,-778.18744734572306,-141.41804940861644,780.61345519279666,20.155377975321294,2.4260078470734778,0.98721692187339305
1575,142.44519663945488,-746.82972137097761,-122.40755868309294,749.18315493155671,20.037637956361905,2.3534335605790888,0.98672157687053497
1576,137.37934881744644,-783.5020694468559,-117.55193207319326,785.94865430793834,19.827416744253178,2.4465848610824246,0.98743650304591613
1577,179.6629802559716,-767.96630744995241,-160.07413729154072,770.36780454013081,19.588842964430867,2.4014970901784904,0.9874736995029999
1578,152.59919210284127,-749.08833025498302,-133.16730780273093,751.47061769987295,19.431884300110355,2.3822874448898226,0.9871846680036459
1579,166.60405180670705,-784.70923709686269,-147.34860602545075,787.15612338055018,19.255445781256341,2.446886283687479,0.98789149000455101
1580,192.89490257485085,-752.63442805677141,-173.89565814445072,755.02272728521439,18.999244430400104,2.3882992284432669,0.98765988766373758
1581,164.00478250247437,-759.00479356183303,-145.09488505352982,761.41824461496185,18.909897448944534,2.4134510531289992,0.9877141125966058
1582,201.00449376853757,-775.79040859816553,-182.35429480836777,778.22278046932558,18.65019896016981,2.4323718711602473,0.98825011765862891
1583,195.06078391023206,-742.00407903536393,-176.5624261248557,744.39641498142691,18.498357785376371,2.3923359460629747,0.98782689466856999
1584,190.45854693283707,-772.95636323807253,-172.10326670041437,775.39681305375063,18.355280232422672,2.440449815678313,0.98835671568148176
1585,223.71727483931846,-751.63345605052712,-205.60784115370095,754.03790330620598,18.109433685617539,2.4044472556790062,0.98833280371751708
1586,197.3911591368485,-751.58138125088192,-179.37864386635246,754.00370274622469,18.01251527049601,2.4223214953427226,0.98829040686341785
1587,231.67749117299337,-765.78242010749375,-213.88215564240096,768.22460510109579,17.795335530592403,2.4421849936020616,0.98875612116384159
1588,221.38332946331769,-737.62353534343026,-203.73438730111764,740.0119350514459,17.648942162200044,2.388399708015676,0.98841769145035197
1589,229.78479671578728,-766.54200342462298,-212.30646612272724,769.00320682833024,17.478330593060029,2.4612034037071968,0.98895456174461782
1590,246.42371558582533,-736.70223782702885,-229.11962633925532,739.11216305216567,17.304089246569994,2.4099252251366834,0.98873293279392394
1591,232.55108511135688,-756.04432387912595,-215.36450189678624,758.49156459574215,17.186583214570668,2.4472407166161685,0.98900904436679726
1592,264.42018451585056,-741.57186624441226,-247.44594626703335,743.99205463637111,16.97423824881718,2.4201883919589413,0.98908853356941329
1593,243.14432508166988,-743.40172004284,-226.27676994801732,745.8316322314613,16.867555133652601,2.4299121886214237,0.98908672600009906
1594,276.19398655349107,-745.31148175411647,-259.53611986826519,747.75334147057276,16.657866685225883,2.4418597164563383,0.98938705905278446
1595,257.94203186228629,-733.42634562736419,-241.38982266451964,735.85293692738333,16.552209197766686,2.4265913000191262,0.98922020311811176
1596,285.52847844276931,-745.47000698165266,-269.16977857008425,747.92765753572553,16.35869987268503,2.4576505540728206,0.98961674637448593
1597,273.28436958811034,-726.46275011798957,-257.03935750566166,728.89003235893085,16.245012082448717,2.427282240941333,0.98939649700332999
1598,295.21944741179408,-742.58775473517085,-279.1533643129751,745.05356175187569,16.066083098818972,2.4658070167046633,0.9898076879638511
1599,287.36957820571718,-721.37318195969272,-271.42221158540644,723.8052296154093,15.947366620310696,2.4320476557167616,0.98958924908814661
1600,306.36549837761061,-737.8028481011047,-290.58860718675834,740.27681286738834,15.77689119085224,2.4739647662835895,0.98998232337887782
1601,299.76160974411852,-717.30927728282052,-284.10645602132314,719.75383146167383,15.655153722795383,2.4445541788532261,0.98978556174509391
1602,318.99717482602011,-731.64647775528556,-303.51446544059996,734.12736446828956,15.482709385420229,2.4808867130039678,0.99015407932187782
1603,310.75851253268883,-714.19188226497909,-295.39053859355357,716.64709368336514,15.367973939135339,2.4552114183858555,0.98998534838800667
1604,332.45548314662989,-723.91064809569195,-317.2618785730736,726.39669507029248,15.193604573556343,2.48604697460059,0.99031268898020064
1605,321.33249339103696,-712.50825038950984,-306.24884028351312,714.9815028971127,15.083653107523809,2.4732525076027638,0.99019825735771716
1606,345.26534536973986,-714.2151183606145,-330.359797483688,716.70410278922122,14.905547886051799,2.4889844286066447,0.99045041535668965
1607,333.40844159777492,-712.41791430009357,-318.61080614417216,714.91507456825502,14.797635453602751,2.497160268161426,0.99043706465399783
1608,355.15618343463245,-703.33344813590338,-340.533117326612,705.82563963334928,14.623066108020382,2.4921914974461461,0.99056124253533973
1609,349.34455792701885,-712.06531967525461,-334.84297151152595,714.58838444468768,14.501586415492945,2.5230647694329393,0.99069740577936127
1610,360.77828503407136,-694.66594481247159,-346.43278753655107,697.17001330822279,14.345497497520334,2.504068495751187,0.99067268867253711
1611,368.74078897022014,-706.69017836925491,-354.54629339354778,709.23358685567302,14.194495576672313,2.5434084864182767,0.99093059762462354
1612,365.58959921362907,-692.84119518389048,-351.52702892501208,695.37504820537765,14.062570288616936,2.5338530214872632,0.99085536139599983
1613,384.45805816852578,-693.67655409962208,-370.57345146920824,696.23078920941214,13.884606699317569,2.5542351097900884,0.99107498944733941
1614,378.46296030496683,-695.83122000731237,-364.71258023365289,698.41022190188858,13.750380071313881,2.5790018945760727,0.99114547190873969
1615,389.56690412962354,-682.07955764610858,-375.99012242335556,684.65458447374453,13.576781706267916,2.5750268276357975,0.9911790584619512
1616,399.44182005642875,-689.9317086527858,-386.04494452834655,692.54701462405615,13.396875528082219,2.6153059712705948,0.99141575845350238
1617,395.24084854158463,-683.3794750633034,-382.00919740412354,686.00987977417321,13.231651137461007,2.6304047108697701,0.99143262770204144
1618,409.51439289766341,-675.05983105464804,-396.50246272772011,677.70471027624683,13.011930169943227,2.6448792215986971,0.99156809792667933
1619,415.70667885574505,-681.56123344646153,-402.92877322192737,684.25102132079951,12.777905633817642,2.6897878743380055,0.99179987099755196
1620,413.95140473968127,-674.84732054958772,-401.44436045748779,677.55317341632406,12.507044282193444,2.7058528667364046,0.99189712455165069
1621,426.11229259545541,-666.90600921978239,-414.00696207510742,669.59671782062719,12.105330520348076,2.6907086008448902,0.9921447674461239
1622,435.0764737748957,-670.73955252102962,-423.58897550728182,673.22381943331663,11.487498267613926,2.4842669122870022,0.99263079524184927
1623,434.53100163142608,-668.53920658114305,-423.14893491159148,670.18207426778361,11.38206671983458,1.6428676866405105,0.99276699579606131
1624,440.40773540956775,-659.66036178051183,-428.73834977502651,661.04487005548924,11.669385634541289,1.3845082749771964,0.99256755346451997
1625,451.77008128850662,-657.05179561814452,-439.98251238662925,658.36412784870299,11.787568901877403,1.3123322305583829,0.99253701700071839
1626,458.05440638510464,-659.01494078913504,-446.2127091605293,660.30092875192202,11.841697224575341,1.285987962786789,0.99255310223120807
1627,460.25047783659249,-657.07311752535009,-448.38509904159059,658.33838160932817,11.865378795001977,1.2652640839780291,0.99253631358540573
1628,465.02266994223055,-651.20756210922718,-453.16130546690346,652.45063270412845,11.861364475327161,1.2430705949013054,0.9925207258024491
1629,473.43188480838984,-646.27830985358628,-461.59627174549797,647.50424934628938,11.835613062891856,1.2259394927029299,0.99254605007272667
1630,482.43198924490054,-644.076197116657,-470.63343383494606,645.29217278921635,11.798555409954439,1.2159756725593878,0.9926025880533027
1631,490.05721176478801,-643.18668631917376,-478.30040191535056,644.39645071147493,11.756809849437527,1.2097643923012458,0.99266415315065648
1632,496.50173296929484,-642.00090223293432,-484.78984121130424,643.20472712356877,11.711891757990649,1.2038248906344735,0.99271900058517626
1633,502.71157926195912,-640.03354157698971,-491.04827505958156,641.23052711637877,11.663304202377521,1.1969855393889932,0.99276935428099278
1634,509.3152068091149,-637.54098186688168,-497.70441284846345,638.73056043081897,11.610793960651485,1.1895785639373966,0.99282079509948995
1635,516.49527903955448,-634.87986936905634,-504.94056276213007,636.06204657704347,11.554716277424333,1.1821772079872881,0.99287665110930523
1636,524.23020562918828,-632.23117275643654,-512.73455818927164,633.40622336001309,11.495647439916613,1.1750506035765813,0.99293767165279212
1637,532.46259252096434,-629.5860970452278,-521.02848085075755,630.7542243134219,11.434111670206939,1.1681272681939905,0.99300311813631126
1638,541.09870350526865,-626.81070232548029,-529.72808916413624,627.97181486066597,11.370614341132363,1.1611125351855327,0.99307127571518761
1639,549.90701575468415,-623.78590355582799,-538.60115934209239,624.93965432702021,11.305856412591677,1.1537507711922503,0.99313973061333249
1640,558.54360280222375,-620.70459976598215,-547.30290188490449,621.85098520174029,11.240700917319359,1.1463854357582224,0.99320731307505705
1641,567.07751984162906,-618.24360627029296,-555.90233117352273,619.38388638656238,11.175188668106443,1.1402801162695766,0.99327832829210427
1642,576.59015292805861,-616.66013396267715,-565.48273673773735,617.79603826646064,11.107416190321093,1.1359043037835124,0.99336088658837496
1643,587.64237829896604,-614.51076519327194,-576.60593172571748,615.64128011345906,11.036446573248561,1.1305149201870019,0.99344996192084845
1644,598.37738869511691,-611.46774923680459,-587.41149650120246,612.59123517746457,10.965892193914748,1.1234859406599083,0.99353190480582632
1645,609.55654187020014,-609.62847116424973,-598.66214080362192,610.74724130176196,10.894401066578062,1.1187701375121162,0.99362279249733121
1646,622.19781549235131,-606.96468360030292,-611.37768756016362,608.07721832655,10.820127932187773,1.112534726247107,0.99371807732769368
1647,635.03420249540693,-604.82003418644706,-624.28867540367651,605.92734071782377,10.745527091730381,1.1073065313766284,0.99381644358728161
1648,649.17400795106687,-602.13898694182637,-638.50544021828068,603.24008187946436,10.668567732786212,1.101094937638001,0.99391937236116434
1649,664.5360992182234,-599.70990462495149,-653.94664381150506,600.80528421259271,10.589455406718312,1.0953795876413388,0.99402975827545603
1650,681.1272583796092,-597.14506684290768,-670.61903517501753,598.23449543988738,10.508223204591484,1.0894285969798576,0.99414543628906626
1651,699.38065309698743,-594.37957562073586,-688.95655258873717,595.46269440956542,10.424100508250117,1.0831187888294345,0.99426827741474311
1652,719.6754500699376,-591.39547245634844,-709.33903287179749,592.47188802628727,10.336417198139927,1.0764155699387907,0.99439983395699472
1653,742.49844226060304,-588.12524418217311,-732.25414066616838,589.19443649600021,10.244301594434479,1.0691923138271568,0.99454182834673777
1654,768.62238373486139,-584.40509854263621,-758.47603460117705,585.46624224863569,10.146349133684289,1.0611437059995041,0.99469688089348773
1655,799.09396319489917,-579.93980042155931,-789.05331477071184,580.99152157214917,10.040648424187548,1.0517211505898236,0.99486814094474429
1656,835.65149434949922,-574.232763724905,-825.72748775100661,575.27276807532883,9.9240065984924897,1.0400043504238736,0.99506093895049275
1657,881.25445854794884,-566.20829857133981,-871.46348674833166,567.23229973953005,9.7909717996171928,1.0240011681902916,0.99528363937868691
1658,941.61533898306925,-553.1410643470881,-931.98433955010637,554.13973031476223,9.6309994329627955,0.99866596767413129,0.99555096453531811
1659,1029.5755507240187,-525.75757279164429,-1020.1551945675534,526.70440222580214,9.4203561564654095,0.94682943415781495,0.99589096783073139
1660,1172.0976090229676,-430.91074491666069,-1162.9884068289311,431.68082120765223,9.1092021940365235,0.77007629099151609,0.99632763136716274
1661,1163.9455068781313,-155.25090279103068,-1154.8676342939816,155.50967778501524,9.0778725841496914,0.25877499398456311,0.99611823583112646
1662,1020.9439257768174,-66.988860150500813,-1011.6475022699919,67.08406287320318,9.2964235068253451,0.095202722702358994,0.9954359981330837
1663,932.25130756723047,-41.748911810217599,-922.83691732520606,41.797417267697199,9.4143902420244778,0.048505457479596982,0.99493017006892059
1664,870.74586853325184,-30.277780575381978,-861.26372998614295,30.305135028343667,9.4821385471087716,0.027354452961691728,0.99452867786645083
1665,823.9350548957425,-23.75999206859181,-814.41218667806493,23.775391034510708,9.5228682176776935,0.015398965918900491,0.99418995283606004
1666,786.21420882379198,-19.560849120475659,-776.66721479730438,19.568599632895818,9.5469940264876456,0.0077505124201606296,0.99389332670761266
1667,754.65265623904452,-16.629603666462664,-745.09269067767195,16.632062409077346,9.5599655613726711,0.0024587426146815833,0.99362717442519399
1668,727.53631333166652,-14.466477053114518,-717.97134103164808,14.465072632070205,9.5649723000184466,-0.0014044210443092953,0.99338429164320474
1669,703.7785702458109,-12.803760966389708,-694.21453285444704,12.7994246093609,9.5640373913636942,-0.0043363570288104114,0.99315988416465584
1670,682.6480127297641,-11.48522052928187,-673.08948938231879,11.478593028067861,9.5585233474451847,-0.0066275012140100259,0.9929505861774508
1671,663.62902344696511,-10.413566764525342,-654.07963240997617,10.405107938231787,9.5493910369887516,-0.008458826293557889,0.99275393458083039
1672,646.34454234442808,-9.5250575391231731,-636.80719909577624,9.5151085525979937,9.5373432486518439,-0.0099489865251752713,0.99256806637271122
1673,630.51050532700299,-8.7761848602456372,-620.98759591534304,8.7650058266002304,9.5229094116599668,-0.011179033645405165,0.99239153406991987
1674,615.90757262754983,-8.1362342613168224,-606.40107443575516,8.1240280272425274,9.5064981917946625,-0.012206234074295719,0.99222318769474627
1675,602.36283671179797,-7.5829022947306441,-592.87440517214714,7.5698300854684506,9.4884315396509429,-0.01307220926219229,0.99206209632026376
1676,589.73756444232674,-7.0996000694461427,-580.26859692214111,7.0857921238126433,9.4689675201856467,-0.0138079456334999,0.99190749417434465
1677,577.91873393142612,-6.6737317616801519,-568.4704178465646,6.6592947676686558,9.4483160848614318,-0.014436994011496625,0.99175874256443208
1678,566.81303912650219,-6.2955602170450478,-557.3863888739304,6.2805826384377426,9.4266502525716547,-0.014977578607303671,0.99161530232216721
1679,556.34254643740326,-5.9574386145521281,-546.93843222170801,5.941994588588714,9.4041142156953264,-0.015444025963414945,0.99147671343775168
1680,546.44148572284382,-5.653277402809004,-537.06065638894404,5.6374296460810873,9.3808293338996336,-0.015847756727916384,0.99134257972745832
1681,537.0538377608583,-5.3781665286065854,-527.69693911673028,5.3619685398014783,9.3568986441280231,-0.01619798880510695,0.99121255709995659
1682,528.13149216206909,-5.1281026120572637,-518.79908185472755,5.1116003666528362,9.3324103073416111,-0.016502245404427775,0.99108634444470756
1683,519.63282113706271,-4.8997885514584523,-510.32538085734831,4.8830218230571081,9.307440279714438,-0.016766728401345153,0.99096367646318784
1684,511.52156129009586,-4.6904840683194129,-502.23950688105685,4.6734874713764132,9.28205440903902,-0.016996596942998619,0.99084431796159311
1685,503.76592687950489,-4.4978926942563868,-494.50961678058042,4.4806965160108092,9.2563100989244838,-0.017196178245576288,0.99072805925807816
1686,496.3378993043969,-4.320075233844471,-487.10764166067713,4.3027061047346695,9.2302576437196677,-0.017369129109801804,0.99061471245057986
1687,489.21265237165852,-4.1553827357534061,-480.00871106212406,4.1378641746429228,9.2039413095344784,-0.0175185611104808,0.9905041083567333
1688,482.3680833305333,-4.0024040246601604,-473.19068311318603,3.9847568859985207,9.1774002173472553,-0.017647138661639583,0.99039609398414052
1689,475.78442712872754,-3.8599242306466128,-466.63375805848239,3.8421670740604235,9.1506690702451507,-0.017757156586188948,0.99029053042319082
1690,469.44393676044848,-3.7268917159849924,-460.3201580036681,3.7090411139566015,9.1237787567802897,-0.017850602028389832,0.99018729107951264
1691,463.33061655535397,-3.6023914790341718,-454.23385970035037,3.584462274750587,9.0967568550035978,-0.017929204283584924,0.99008626018165657
1692,457.42999821357523,-3.4856236011183439,-448.36037015734962,3.4676291259029748,9.0696280562256177,-0.017994475215369447,0.98998733151351803
1693,451.7289516122886,-3.375885654170026,-442.68653708887325,3.357837911894042,9.0424145234153848,-0.018047742275983915,0.98989040733157596
1694,446.21552409347788,-3.272558244551544,-437.20038789746593,3.2544680688852057,9.0151361960119623,-0.018090175666338026,0.98979539743511213
1695,440.8788032320773,-3.1750930590824673,-431.89099218157514,3.1569702482651443,8.9878110505021773,-0.018122810817323518,0.98970221836386107
1696,435.70879907955111,-3.0830029217211004,-426.74834375527053,3.0648563546120555,8.9604553242805451,-0.018146567109045615,0.98961079270240027
1697,430.69634265344172,-2.9958534767496685,-421.76325894459973,2.9776912132050617,8.9330837088419877,-0.018162263544605962,0.98952104847445355
1698,425.83299805179132,-2.9132561960072016,-416.92728853457282,2.8950855640642947,8.9057095172185363,-0.018170631942907252,0.98943291861332461
1699,421.11098605219092,-2.8348624703645062,-412.23264122249691,2.8166901422662152,8.8783448296939653,-0.018172328098290724,0.98934634049708114
1700,416.52311743769684,-2.7603585940489519,-407.67211681660717,2.742190652784398,8.8510006210896073,-0.018167941264553823,0.98926125553908673
1701,412.06273459821824,-2.6894614881124754,-403.2390477258607,2.671303485861857,8.823686872357559,-0.018158002250618296,0.98917760882602956
1702,407.72366020268896,-2.6219150388699202,-398.92724753394538,2.6037720485097671,8.7964126687435069,-0.018142990360152801,0.98909534879689298
1703,403.50015193730599,-2.5574869504330051,-394.73096565088258,2.5393636110691342,8.7691862864234231,-0.018123339363870755,0.98901442695733432
1704,399.38686246796323,-2.4959660289553689,-390.64484719877208,2.477866586296591,8.7420152691910467,-0.018099442658778012,0.98893479762482306
1705,395.37880391836626,-2.4371598309655806,-386.66389742182463,2.4190881732244756,8.7149064965416407,-0.018071657741105168,0.98885641770057375
1706,391.47131626506882,-2.3808926200147025,-382.78345002078629,2.3628523099172831,8.6878662442825387,-0.018040310097419472,0.988779246464908
1707,387.66003914137906,-2.3270035854277396,-378.99913890275042,2.3089978888270006,8.6609002386286349,-0.018005696600738558,0.98870324539316856
1708,383.9408866174245,-2.2753452847040538,-375.30687291281595,2.2573771962203244,8.6340137046085914,-0.017968088483729688,0.98862837798970815
1709,380.3100245864901,-2.2257822774328253,-371.70281317701381,2.2078545434833714,8.6072114094763066,-0.017927733949454489,0.98855460963783404
1710,376.76385044034635,-2.1781899237644935,-368.18335273860851,2.1603050632941758,8.5804977017377588,-0.017884860470317357,0.98848190746385933
1711,373.29897476051173,-2.1324533247345525,-364.74509821420844,2.1146136479165962,8.5538765463032824,-0.017839676817955723,0.98841024021368151
1712,369.91220478968756,-2.0884663852497924,-361.38485323346373,2.0706740103895838,8.5273515562239304,-0.017792374860209403,0.98833957814048878
1713,366.60052947920963,-2.046130983460658,-358.09960345781866,2.0283878523047894,8.5009260213909776,-0.017743131155868452,0.98826989290240053
1714,363.36110593519152,-2.0053562326679621,-354.88650300064586,1.9876641242946551,8.4746029345456115,-0.017692108373307237,0.9882011574689743
1715,360.19124710891003,-1.966057823937666,-351.74286209402345,1.948418367382311,8.4483850148866217,-0.017639456555354753,0.9881333460356635
1716,357.08841059655805,-1.9281574392957614,-348.66613586701908,1.9105721250462133,8.4222747295389304,-0.017585314249548158,0.98806643394540583
1717,354.05018843025721,-1.8915822268034801,-345.65391411715069,1.8740524172832707,8.3962743131065487,-0.017529809520209598,0.9880003976166285
1718,351.07429775665975,-1.8562643300187531,-342.70391197115111,1.8387912691621959,8.3703857855086845,-0.017473060856557157,0.98793521447703736
1719,348.15857231192183,-1.8221404653705155,-339.81396134364513,1.8047252873814155,8.34461096827674,-0.017415177989099764,0.98787086290262549
1720,345.30095461260203,-1.7891515418393615,-336.98200311314116,1.7717952792143856,8.3189514994609297,-0.017356262624976401,0.98780732216141254
1721,342.49948879136355,-1.7572423180760772,-334.20607994407322,1.7399459089646159,8.2934088472902374,-0.0172964091114612,0.98774457236146185
1722,339.75231401448985,-1.7263610927204613,-331.48432969178759,1.7091253876847445,8.2679843227022438,-0.017235705035716642,0.98768259440278838
1723,337.05765842530366,-1.696459424222873,-328.81497933445132,1.6792851924550702,8.2426790908523415,-0.017174231767802438,0.98762136993280347
1724,334.41383356374206,-1.6674918769346561,-326.1963393820435,1.6503798119815249,8.2174941816985445,-0.017112064953130925,0.9875608813049811
1725,331.81922921775958,-1.6394157906329831,-323.62679871801367,1.6223665156732372,8.1924304997458179,-0.017049274959745814,0.98750111154046538
1726,329.27230866699432,-1.6121910709904339,-321.10481983396517,1.5952051437052301,8.1674888330291218,-0.016985927285203824,0.98744204429236304
1727,326.77160428328074,-1.5857799987975663,-318.6289344218788,1.5688579158703397,8.142669861401945,-0.01692208292722662,0.98738366381249509
1728,324.31571345629004,-1.5601470560054513,-316.1977392920989,1.543289257283623,8.1179741641910894,-0.016857798721828285,0.98732595492040354
1729,321.90329481582035,-1.5352587668798297,-313.80989258854299,1.5184656392276281,8.0934022272773838,-0.016793127652201541,0.98726890297442138
1730,319.53306472513503,-1.5110835527542574,-311.46411027549152,1.4943554336230167,8.0689544496434742,-0.016728119131240601,0.98721249384465082
1731,317.20379402228019,-1.4875915990403323,-309.15916287283517,1.4709287797800401,8.0446311494450171,-0.016662819260292248,0.98715671388768134
1732,314.91430498860399,-1.4647547333028048,-306.89387241896924,1.4481574622363773,8.0204325696348846,-0.016597271066427749,0.9871015499229262
1733,312.66346852566488,-1.4425463133378769,-304.66710964248142,1.4260147986176075,7.996358883183504,-0.016531514720269286,0.98704698921044265
1734,310.45020152355272,-1.420941124308327,-302.47779132562511,1.4044755365721384,7.9724101979275979,-0.016465587736188461,0.98699301943012374
1735,308.27346440521126,-1.3999152840900124,-300.32487784413684,1.3835157589334903,7.9485865610744355,-0.016399525156521981,0.98693962866216245
1736,306.13225883280228,-1.3794461560735591,-298.20737086940875,1.3631127963522973,7.9248879633935125,-0.016333359721261646,0.98688680536868745
1737,304.02562556340598,-1.3595122687435246,-296.12431122029199,1.3432451467190178,7.9013143431140307,-0.016267122024506905,0.98683453837649349
1738,301.95264244253678,-1.3400932414272424,-294.07477685297602,1.3238924007683588,7.8778655895607699,-0.016200840658884032,0.9867828168607734
1739,299.91242252492827,-1.3211697156667277,-292.05788097839331,1.3050351733177483,7.854541546535021,-0.016134542348978993,0.98673163032979938
1740,297.90411231303233,-1.3027232917222176,-290.07277029755744,1.2866550396474998,7.8313420154749593,-0.016068252074718112,0.98668096861046595
1741,295.9268901044486,-1.2847364697640606,-288.1186233460495,1.2687344765784645,7.8082667583989469,-0.016001993185596211,0.98663082183465234
1742,293.97996444030122,-1.267192595353283,-286.19464893964505,1.2512568078467941,7.7853155006562069,-0.015935787506488892,0.9865811804263378
1743,292.06257264722581,-1.250075808849439,-284.30008471372884,1.2342061534136652,7.7624879334969954,-0.015869655435774226,0.98653203508942011
1744,290.17397946626375,-1.2333709984190158,-282.43419574979214,1.2175673823826159,7.7397837164716563,-0.015803616036399966,0.98648337679619758
1745,288.31347576250414,-1.2170637563482032,-280.59627328282619,1.2013260692277503,7.7172024796779795,-0.015737687120452738,0.98643519677645808
1746,286.4803773098248,-1.2011403383915926,-278.78563348396386,1.185468453063806,7.6947438258609218,-0.015671885327786635,0.98638748650714858
1747,284.67402364553357,-1.1855876259128726,-277.0016163131549,1.1699813997137236,7.6724073323787216,-0.015606226199148997,0.98634023770257906
1748,282.89377699013721,-1.1703930905959317,-275.24358443709298,1.1548523663516586,7.6501925530442492,-0.015540724244273239,0.98629344230513061
1749,281.13902122782935,-1.1555447615245407,-273.51092220797943,1.1400693685192385,7.6280990198499659,-0.015475393005301923,0.98624709247643394
1750,279.40916094364212,-1.1410311944468166,-271.80303469905743,1.1256209493308931,7.6061262445846758,-0.015410245115923808,0.98620118058899076
1751,277.70362051351765,-1.1268414430567972,-270.11934679317045,1.1114961507002608,7.5842737203471984,-0.015345292356536387,0.986155699218213
1752,276.02184324384166,-1.1129650321400055,-268.45930232087221,1.0976844864342588,7.562540922969422,-0.015280545705746724,0.98611064113484659
1753,274.363290557239,-1.0993919324430679,-266.82236324489054,1.0841759170545895,7.5409273123484084,-0.015216015388478644,0.98606599929776639
1754,272.72744122167285,-1.0861125371393086,-265.20800888797555,1.0709608262183754,7.5194323336972886,-0.015151710920932891,0.98602176684711473
1755,271.1137906201144,-1.0731176397731255,-263.6157352013941,1.058029998620472,7.4980554187202415,-0.015087641152653632,0.98597793709776305
1756,269.5218500582364,-1.0603984135755451,-262.0450540715218,1.0453745992696746,7.4767959867146452,-0.015023814305870534,0.98593450353308143
1757,267.95114610777711,-1.0479463920523397,-260.49549266216974,1.0329861540399725,7.4556534456073713,-0.014960238012367254,0.98589145979899384
1758,266.40121998339134,-1.0357534507541222,-258.96659279046554,1.0208565314061258,7.4346271929258023,-0.01489691934799639,0.98584879969831019
1759,264.87162695095475,-1.0238117901450652,-257.45791033424109,1.0089779252800117,7.4137166167137032,-0.014833864865053357,0.98580651718530843
1760,263.36193576543235,-1.0121139194936402,-255.9690146690433,0.99734283887101516,7.3929210963890455,-0.014771080622625221,0.98576460636056407
1761,261.8717281365532,-1.0006526417147628,-254.49948813300165,0.98594406949968416,7.3722400035515356,-0.014708572215078611,0.98572306146600641
1762,260.40059822065825,-0.98942103909830714,-253.04892551791681,0.97477469429950292,7.3516727027414213,-0.014646344798804126,0.98568187688019271
1763,258.9481521371888,-0.97841245986394743,-251.61693358503609,0.9638280567466162,7.3312185521526807,-0.014584403117331411,0.98564104711378642
1764,257.51400750840043,-0.96762050548693779,-250.20313060409595,0.95309775396199992,7.3108769043045072,-0.01452275152493792,0.98560056680522912
1765,256.09779302097365,-0.95703901874365016,-248.80714591430279,0.9425776247348101,7.2906471066708676,-0.014461394008839952,0.9855604307165986
1766,254.69914800827641,-0.94666207242947931,-247.4286195060015,0.93226173821941394,7.270528502274864,-0.014400334210065369,0.98552063372963739
1767,253.31772205212673,-0.93648395870535828,-246.06720162188063,0.92214438326225856,7.2505204302460768,-0.014339575443099911,0.98548117084194964
1768,251.9531746029686,-0.92649917903229129,-244.72255237662455,0.91222005831792252,7.2306222263439892,-0.014279120714368716,0.98544203716335577
1769,250.60517461745087,-0.91670243465630163,-243.39434139399711,0.9024834619166433,7.2108332234537649,-0.01421897273965831,0.98540322791238943
1770,249.2734002124553,-0.90708861760893444,-242.0822474604077,0.89292948364841562,7.1911527520475893,-0.014159133960518849,0.98536473841294514
1771,247.95753833468748,-0.8976528021909127,-240.78595819406527,0.88355319563118817,7.1715801406222148,-0.014099606559724587,0.98532656409105301
1772,246.65728444500272,-0.8883902369089568,-239.50516972889343,0.87434984443310637,7.152114716109228,-0.014040392475850635,0.98528870047178374
1773,245.37234221667242,-0.87929633683774622,-238.23958641241288,0.86531484342071863,7.1327558042595456,-0.013981493417027466,0.98525114317627693
1774,244.1024232468715,-0.87036667638109477,-236.98892051686403,0.85644376550718915,7.1135027300074736,-0.013922910873905667,0.98521388791888054
1775,242.84724678068724,-0.8615969824081473,-235.75289196287773,0.84773233627624278,7.0943548178095384,-0.013864646131904336,0.98517693050440691
1776,241.60653944700846,-0.85298312774206053,-234.53122805504222,0.83917642745929188,7.0753113919661779,-0.013806700282768737,0.9851402668254865
1777,240.38003500568215,-0.84452112498020082,-233.32366322876041,0.83077205074471472,7.0563717769217629,-0.013749074235486047,0.98510389286002675
1778,239.16747410537124,-0.83620712062630775,-232.12993880782426,0.8225153518997077,7.0375352975469596,-0.013691768726600044,0.9850678046687652
1779,237.9686040515663,-0.82803738951631833,-230.9498027721618,0.81440260518636665,7.0188012794044869,-0.01363478432995173,0.98503199839291133
1780,236.78317858425055,-0.82000832952086911,-229.78300953525323,0.80643020805497134,7.0001690489973427,-0.013578121465897944,0.98499647025187864
1781,235.61095766473807,-0.81211645650851316,-228.62931973073492,0.79859467609849744,6.9816379340031265,-0.013521780410015657,0.98496121654109636
1782,234.45170727123434,-0.8043583995548006,-227.48850000774166,0.79089263825346057,6.9632072634926878,-0.013465761301340029,0.98492623362990228
1783,233.30519920269381,-0.79673089638328864,-226.36032283455839,0.78332083223312921,6.9448763681353896,-0.013410064150159391,0.98489151795951113
1784,232.17121089057349,-0.78923078902546417,-225.24456631018134,0.77587610018007824,6.9266445803921339,-0.013354688845385938,0.98485706604105316
1785,231.0495252181079,-0.78185501968741222,-224.14101398341305,0.76855538452587735,6.9085112346948954,-0.013299635161534762,0.98482287445368522
1786,229.93993034674099,-0.774600626811768,-223.04945467912512,0.76135572404643426,6.8904756676158883,-0.013244902765333882,0.98478893984276472
1787,228.84221954938283,-0.76746474132428411,-221.96968233135772,0.75427425010231242,6.8725372180251032,-0.013190491221971773,0.98475525891808879
1788,227.7561910501702,-0.76044458305496931,-220.90149582293233,0.74730818305393909,6.8546952272378565,-0.013136400001030099,0.98472182845219325
1789,226.68164787042843,-0.75353745732436972,-219.84469883127585,0.74045482884228053,6.8369490391526213,-0.013082628482089277,0.98468864527870925
1790,225.6183976805481,-0.74674075168615928,-218.79909968016909,0.73371157572611001,6.8192980003790371,-0.013029175960049315,0.98465570629077714
1791,224.56625265750966,-0.74005193281775383,-217.76451119715216,0.7270758911675903,6.8017414603575315,-0.012976041650163743,0.98462300843951278
1792,223.52502934779525,-0.73346854355111435,-216.74075057632302,0.72054531885829365,6.7842787714722359,-0.012923224692820614,0.98459054873252094
1793,222.49454853544745,-0.7269882000364345,-215.72763924629479,0.71411747587837227,6.766909289152677,-0.012870724158062296,0.98455832423246636
1794,221.47463511504577,-0.72060858903180203,-214.72500274307419,0.70779004998191852,6.7496323719716091,-0.012818539049883535,0.98452633205568296
1795,220.46511796938023,-0.71432746531233915,-213.73267058764696,0.7015607970020461,6.7324473817333104,-0.012766668310293005,0.98449456937083402
1796,219.46582985161834,-0.70814264919273007,-212.75047616806089,0.69542753836954974,6.7153536835573551,-0.012715110823180241,0.98446303339761165
1797,218.47660727176503,-0.70205202415734491,-211.77825662581077,0.68938815873937687,6.6983506459542639,-0.012663865417968195,0.98443172140548096
1798,217.49729038723325,-0.69605353459257446,-210.8158527463373,0.68344060371948423,6.6814376408959699,-0.012612930873090192,0.98440063071246353
1799,216.52772289734733,-0.69014518361624444,-209.86310885346538,0.67758287769696457,6.6646140438819614,-0.01256230591927994,0.98436975868395549
1800,215.56775194160676,-0.68432503099927411,-208.91987270760941,0.67181304175657464,6.6478792339973261,-0.012511989242699331,0.98433910273158964
1801,214.61722800155795,-0.67859119117505939,-207.98599540758897,0.66612921168715999,6.6312325939689867,-0.012461979487899216,0.98430866031212516
1802,213.67600480611483,-0.67294183133225938,-207.06133129590035,0.66052955607162256,6.6146735102144767,-0.012412275260637005,0.98427842892637774
1803,212.7439392401881,-0.66737516958694276,-206.14573786730077,0.65501229445639852,6.5982013728873685,-0.01236287513054414,0.98424840611818021
1804,211.82089125648614,-0.66188947323026404,-205.23907568056609,0.64957569559660389,6.5818155759200234,-0.012313777633659977,0.98421858947337093
1805,210.90672379035126,-0.65648305704803545,-204.34120827329266,0.64421807577319867,6.5655155170585875,-0.012264981274836943,0.98418897661882099
1806,210.00130267751348,-0.6511542817087852,-203.4520020796152,0.63893779717876287,6.5493005978982843,-0.012216484530022432,0.98415956522148151
1807,209.10449657463863,-0.64590155221705925,-202.57132635072699,0.63373326636863259,6.5331702239116147,-0.012168285848426795,0.98413035298746721
1808,208.21617688256032,-0.64072331642889513,-201.69905307808435,0.62860293277431833,6.5171238044759203,-0.012120383654576742,0.98410133766116081
1809,207.3362176720847,-0.63561806362657447,-200.83505691918833,0.62354528727630298,6.5011607528963911,-0.012072776350271468,0.98407251702434606
1810,206.46449561226888,-0.63058432314990143,-199.97921512584333,0.61855886083347145,6.4852804864255251,-0.012025462316429807,0.98404388889536831
1811,205.60088990107343,-0.62562066308142006,-199.13140747479252,0.61364222316656614,6.4694824262809014,-0.011978439914853985,0.98401545112831568
1812,204.74528219829503,-0.62072568898307712,-198.29151620063527,0.60879398149318498,6.4537659976597688,-0.01193170748989196,0.98398720161222519
1813,203.89755656069011,-0.61589804268201997,-197.45942593093883,0.60401277931198938,6.4381306297512975,-0.011885263370030617,0.98395913827031056
1814,203.05759937920456,-0.61113640110329448,-196.63502362345974,0.59929729523390507,6.4225757557448251,-0.011839105869389344,0.98393125905921675
1815,202.22529931823024,-0.60643947514735652,-195.81819850539151,0.59464624185820314,6.4071008128387597,-0.011793233289153191,0.9839035619682871
1816,201.40054725680523,-0.60180600861037137,-195.00884201456017,0.59005836469144746,6.3917052422450826,-0.011747643918923922,0.98387604501885662
1817,200.5832362316892,-0.59723477714544637,-194.20684774249779,0.58553244110744085,6.3763884891914522,-0.011702336038005533,0.98384870626356669
1818,199.77326138224083,-0.59272458726297039,-193.41211137931697,0.58106727934634761,6.3611500029237753,-0.011657307916622828,0.98382154378569153
1819,198.97051989702717,-0.58827427536834476,-192.62453066032251,0.57666171755126927,6.3459892367046802,-0.01161255781707558,0.98379455569848973
1820,198.17491096210449,-0.58388270683551269,-191.84400531429347,0.5723146228406738,6.3309056478110417,-0.011568083994838867,0.9837677401445708
1821,197.38633571090466,-0.57954877511471004,-191.0704370133742,0.56802489041511162,6.3158986975304465,-0.011523884699598499,0.98374109529527765
1822,196.60469717566963,-0.57527140087298978,-190.30372932451493,0.56379144269674952,6.3009678511547644,-0.011479958176240358,0.98371461935008953
1823,195.82990024037716,-0.57104953116611334,-189.54378766240291,0.55961322850032869,6.2861125779742117,-0.011436302665784444,0.98368831053603556
1824,195.06185159510147,-0.56688213864047876,-188.79051924383344,0.55548922223420927,6.2713323512680113,-0.011392916406269535,0.98366216710712873
1825,194.3004596917603,-0.56276822076383692,-188.04383304346501,0.55141842313024181,6.2566266482953523,-0.01134979763359506,0.98363618734381197
1826,193.54563470119442,-0.5587067990835658,-187.30363975091049,0.54739985450125028,6.2419949502839263,-0.011306944582315438,0.98361036955242054
1827,192.79728847153444,-0.55469691851137737,-186.56985172911592,0.54343256302498588,6.2274367424185595,-0.011264355486391649,0.98358471206465603
1828,192.05533448780852,-0.55073764663335367,-185.84238297398073,0.53951561805344483,6.2129515138277913,-0.011222028579908745,0.9835592132370764
1829,191.3196878327455,-0.54682807304427106,-185.12114907517517,0.53564811094652243,6.1985387575702902,-0.011179962097748707,0.9835338714505969
1830,190.59026514873395,-0.54296730870522547,-184.40606717811525,0.53182915442899692,6.184197970618678,-0.011138154276228683,0.98350868511000789
1831,189.86698460089403,-0.53915448532360855,-183.69705594704905,0.52805788196989922,6.1699286538449645,-0.011096603353709211,0.98348365264349924
1832,189.14976584122684,-0.53538875475452941,-182.99403552922314,0.52433344718336827,6.1557303120037012,-0.011055307571161098,0.98345877250219937
1833,188.43852997379784,-0.5316692884228259,-182.29692752008435,0.52065502325011648,6.1416024537134621,-0.011014265172709422,0.98343404315972915
1834,187.73319952092686,-0.52799527676483882,-181.6056549294868,0.51702180235869577,6.1275445914400439,-0.010973474406143116,0.98340946311176014
1835,187.03369839034355,-0.52436592868917131,-180.920142148867,0.51343299516577479,6.1135562414765143,-0.010932933523396589,0.98338503087559048
1836,186.33995184327773,-0.52078047105567027,-180.24031491935347,0.50988783027466478,6.0996369239242352,-0.010892640781005283,0.98336074498972692
1837,185.65188646345626,-0.51723814817193792,-179.56610030078301,0.50638555373140348,6.085786162673271,-0.010852594440534411,0.98333660401347767
1838,184.9694301269675,-0.51373822130665858,-178.8974266415868,0.50292542853767452,6.0720034853807174,-0.010812792768983937,0.98331260652655816
1839,184.29251197297523,-0.51027996821912025,-178.23422354952481,0.49950673417994979,6.0582884234504366,-0.010773234039170534,0.98328875112870251
1840,183.62106237524523,-0.50686268270428292,-177.57642186323372,0.49612876617419682,6.0446405120114708,-0.010733916530086058,0.98326503643928609
1841,182.95501291445953,-0.50348567415280043,-176.92395362456426,0.49279083562556586,6.0310592898952962,-0.010694838527234591,0.98324146109695909
1842,182.29429635129716,-0.50014826712544236,-176.27675205168262,0.48949226880249147,6.017544299614519,-0.010655998322951027,0.9832180237592838
1843,181.63884660024866,-0.49684980094134179,-175.63475151290965,0.48623240672464324,6.0040950873389747,-0.010617394216698658,0.9831947231023872
1844,180.98859870414728,-0.49358962927957362,-174.99788750127334,0.48301060476422347,5.9907112028739053,-0.010579024515350102,0.98317155782061394
1845,180.34348880938884,-0.4903671197935412,-174.36609660975355,0.47982623226009358,5.9773921996352346,-0.010540887533447615,0.98314852662619612
1846,179.70345414182179,-0.48718165373771266,-173.7393165071947,0.47667867214426252,5.964137634627102,-0.010502981593450186,0.98312562824892236
1847,179.06843298328178,-0.48403262560622712,-173.11748591486491,0.47356732058026363,5.95094706841682,-0.010465305025963528,0.98310286143582182
1848,178.43836464875497,-0.48091944278295085,-172.5005445836434,0.47049158661299761,5.9378200651115911,-0.010427856169953158,0.98308022495085001
1849,177.81318946414694,-0.47784152520255541,-171.88843327181289,0.46745089182960919,5.9247561923340886,-0.010390633372946292,0.98305771757458393
1850,177.19284874463781,-0.47479830502220716,-171.2810937234409,0.46444467003098994,5.9117550211968908,-0.010353634991217144,0.98303533810392707
