{
  "n_mqw": 3.24,
  "nG": 101,
  "dips_by_angle": {
    "0.00": [
      [
        1575.5,
        0.21422895365689287
      ],
      [
        1612.5,
        0.621354306766646
      ]
    ],
    "0.30": [
      [
        1574.0,
        0.11680173729501536
      ],
      [
        1577.0,
        0.03265042778933985
      ]
    ],
    "1.00": [
      [
        1570.5,
        0.3748658721845929
      ],
      [
        1580.0,
        0.33864792919905323
      ]
    ],
    "2.00": [
      [
        1566.0,
        0.22187994717624251
      ],
      [
        1584.5,
        0.4823906504749496
      ]
    ],
    "4.00": [
      [
        1502.5,
        0.6229534076146114
      ],
      [
        1556.5,
        0.33170693070704077
      ],
      [
        1592.0,
        0.62458791413189
      ],
      [
        1593.5,
        0.5282236150536166
      ]
    ],
    "8.00": [
      [
        1501.5,
        0.6432374892459263
      ],
      [
        1537.0,
        0.35708533399816667
      ],
      [
        1572.0,
        0.6584494636645809
      ],
      [
        1611.0,
        0.5928186469083251
      ]
    ]
  }
}