{
  "val_rmse": {
    "E22_eV": 0.00509997062149673,
    "delta_z22_nm": 2.449687800061747,
    "chi2_peak_nm_per_V": 0.05668351612252508,
    "chi2_peak_wavelength_nm": 17.004719103691748
  },
  "val_rmse_E22_meV": 5.0999706214967295,
  "val_rel_rmse_chi2_peak": 3.4114413888215798,
  "gate_E22_lt_10meV": true,
  "gate_chi2_lt_20pct": false,
  "calibration_empirical": {
    "0.5sigma": 0.47,
    "1.0sigma": 0.8025,
    "1.5sigma": 0.92,
    "2.0sigma": 0.96
  },
  "calibration_expected": {
    "0.5": 0.383,
    "1.0": 0.683,
    "1.5": 0.866,
    "2.0": 0.954
  },
  "kdotpy_sigma_inflation_chi2": 0.9207229845404639,
  "nominal_prediction": {
    "E22_eV": {
      "mean": 1.6691693445255773,
      "sigma": 0.006432899702542524
    },
    "delta_z22_nm": {
      "mean": 1.4756503312893752,
      "sigma": 1.09466991644735
    },
    "chi2_peak_nm_per_V": {
      "mean": 0.06443468977711769,
      "sigma": 0.03592386937114993
    },
    "chi2_peak_wavelength_nm": {
      "mean": 1482.280007628907,
      "sigma": 7.57584183105707
    }
  },
  "chi2_peak_sensitivity": {
    "wide_well_nm": 0.0012559075953045788,
    "narrow_well_nm": 0.0010293239610252233,
    "coupling_barrier_nm": 8.179837357463055e-05,
    "al_fraction": -2.060363758765206e-06,
    "grading_nm": 5.6618584278897866e-05
  },
  "sensitivity_ranked": [
    "wide_well_nm",
    "narrow_well_nm",
    "coupling_barrier_nm",
    "grading_nm",
    "al_fraction"
  ],
  "grading_sweep": {
    "grading_nm": [
      0.0,
      0.05,
      0.1,
      0.15000000000000002,
      0.2,
      0.25,
      0.30000000000000004,
      0.35000000000000003,
      0.4,
      0.45,
      0.5,
      0.55,
      0.6000000000000001,
      0.65,
      0.7000000000000001,
      0.75,
      0.8,
      0.8500000000000001,
      0.9,
      0.9500000000000001,
      1.0
    ],
    "chi2_peak_nm_per_V": [
      0.04291726784149116,
      0.04393879217586456,
      0.044973303836544826,
      0.046018764465769836,
      0.04707326637537716,
      0.04813507082375753,
      0.04920263342383248,
      0.050274631888346105,
      0.051349986790712614,
      0.05242786997934661,
      0.05350769440347292,
      0.054589131409249904,
      0.05567207133540577,
      0.056756627692905896,
      0.05784309437835834,
      0.05893192719548457,
      0.060023705578166,
      0.06111911895152962,
      0.062218897657445704,
      0.06332382835330229,
      0.06443468801725777
    ],
    "sigma": [
      0.03436435893640941,
      0.034852815098985725,
      0.03531888936299222,
      0.03575677419066507,
      0.03616090138519072,
      0.03652605824146115,
      0.03684752833486816,
      0.03712117247486007,
      0.03734353077681758,
      0.03751191417477006,
      0.03762447481579264,
      0.03768026589524382,
      0.03767926277508461,
      0.03762237706275794,
      0.037511474209787954,
      0.037349334794861556,
      0.03713958764915119,
      0.03688669577743536,
      0.036595819089024234,
      0.0362727686414015,
      0.03592386937114993
    ]
  },
  "n_train": 400,
  "n_val": 100,
  "members": 5,
  "dataset_sha256": "53d1921784cc4a1d48288d7275cab7c66394a5edc6dee87ed269b97df53ae639"
}