wavelength_nm,photon_energy_eV,chi2_real_pm_per_V,chi2_imag_pm_per_V,chi2_abs_real_pm_per_V,chi2_abs_pm_per_V
400,3.0996049599999997,0.39990912799739076,0.00038260782270448958,0.39990912799739076,0.39990931102486155
401,3.0918752718204487,0.40358457958031768,0.00038812606813569688,0.40358457958031768,0.40358476621010675
402,3.084184039800995,0.40729329712690576,0.00039372451529302637,0.40729329712690576,0.40729348743074673
403,3.0765309776674936,0.41103563034422863,0.00039940442794225944,0.41103563034422863,0.41103582439536146
404,3.0689158019801979,0.41481193357863766,0.00040516709257922283,0.41481193357863766,0.41481213145184292
405,3.0613382320987652,0.41862256589185864,0.00041101381890293722,0.41862256589185864,0.41862276766349305
406,3.0537979901477832,0.42246789113854,0.00041694594030009294,0.42246789113854,0.4224680968865725
407,3.0462948009828006,0.42634827804537612,0.00042296481434116282,0.42634827804537612,0.42634848784942525
408,3.0388283921568626,0.43026410029178153,0.00042907182328847282,0.43026410029178153,0.43026431423315337
409,3.0313984938875302,0.43421573659216151,0.00043526837461650746,0.43421573659216151,0.43421595475388897
410,3.0240048390243901,0.43820357077984229,0.00044155590154487689,0.43820357077984229,0.43820379324672493
411,3.0166471630170313,0.44222799189268525,0.00044793586358421954,0.44222799189268525,0.44222821875133062
412,3.009325203883495,0.44628939426038894,0.0004544097470954322,0.44628939426038894,0.44628962559925489
413,3.0020387021791763,0.45038817759358574,0.00046097906586258072,0.45038817759358574,0.45038841350302355
414,2.9947874009661835,0.45452474707474,0.00046764536167988183,0.45452474707474,0.45452498764703864
415,2.9875710457831324,0.45869951345085991,0.00047441020495318223,0.45869951345085991,0.45869975878029207
416,2.9803893846153846,0.46291289312814443,0.00048127519531623365,0.46291289312814443,0.46291314331101302
417,2.9732421678657071,0.46716530826852476,0.00048824196226232444,0.46716530826852476,0.46716556340321092
418,2.9661291483253587,0.4714571868882006,0.00049531216579160194,0.4714571868882006,0.47145744707521309
419,2.9590500811455844,0.47578896295822393,0.0005024874970745506,0.47578896295822393,0.4757892283002495
420,2.9520047238095235,0.48016107650712314,0.0005097696791321125,0.48016107650712314,0.48016134710907871
421,2.9449928361045128,0.48457397372569599,0.00051716046753287289,0.48457397372569599,0.48457424969478174
422,2.9380141800947865,0.48902810707393884,0.00052466165110788446,0.48902810707393884,0.48902838851969316
423,2.9310685200945623,0.49352393539024919,0.00053227505268351729,0.49352393539024919,0.49352422242460459
424,2.9241556226415093,0.49806192400289229,0.00054000252983296953,0.49806192400289229,0.49806221674023321
425,2.9172752564705879,0.50264254484381787,0.00054784597564691236,0.50264254484381787,0.50264284340104015
426,2.9104271924882625,0.50726627656486634,0.00055580731952384419,0.50726627656486634,0.5072665810614374
427,2.9036112037470723,0.51193360465647575,0.00056388852798070692,0.51193360465647575,0.51193391521449794
428,2.8968270654205606,0.5166450215688454,0.00057209160548440355,0.5166450215688454,0.51664533831311965
429,2.8900745547785545,0.5214010268357514,0.00058041859530477821,0.5214010268357514,0.52140134989384301
430,2.8833534511627903,0.52620212720097159,0.00058887158038972167,0.52620212720097159,0.52620245670327848
431,2.8766635359628769,0.53104883674742198,0.00059745268426303778,0.53104883674742198,0.53104917282724395
432,2.8700045925925926,0.53594167702913764,0.00060616407194578697,0.53594167702913764,0.53594201982274781
433,2.8633764064665126,0.54088117720600004,0.00061500795090170253,0.54088117720600004,0.54088152685271851
434,2.8567787649769585,0.54586787418152016,0.00062398657200756847,0.54586787418152016,0.54586823082378955
435,2.8502114574712643,0.55090231274350998,0.00063310223054911232,0.55090231274350998,0.55090267652697278
436,2.8436742752293576,0.55598504570792273,0.00064235726724331719,0.55598504570792273,0.55598541678150137
437,2.8371670114416472,0.56111663406579027,0.0006517540692879591,0.56111663406579027,0.56111701258176871
438,2.8306894611872142,0.56629764713342334,0.00066129507143900305,0.56629764713342334,0.56629803324753192
439,2.8242414214123004,0.57152866270595171,0.00067098275711703279,0.57152866270595171,0.57152905657745334
440,2.8178226909090909,0.57681026721423279,0.00068081965954324732,0.57681026721423279,0.5768106690060123
441,2.8114330702947843,0.58214305588530646,0.00069080836290619425,0.58214305588530646,0.58214346576396214
442,2.8050723619909501,0.58752763290640542,0.00070095150356007038,0.58752763290640542,0.58752805104234318
443,2.7987403702031601,0.59296461159267322,0.00071125177125554661,0.59296461159267322,0.59296503816020385
444,2.7924369009009009,0.59845461455863558,0.00072171191040420525,0.59845461455863558,0.598455049736074
445,2.7861617617977528,0.60399827389359162,0.00073233472137756018,0.60399827389359162,0.60399871786335957
446,2.7799147623318383,0.60959623134097751,0.00074312306184180039,0.60959623134097751,0.60959668428970937
447,2.7736957136465321,0.61524913848178975,0.0007540798481292907,0.61524913848178975,0.61524960060044076
448,2.7675044285714283,0.62095765692225724,0.000765208056648101,0.62095765692225724,0.62095812840621512
449,2.7613407216035633,0.62672245848581065,0.00077651072533068896,0.62672245848581065,0.62672293953501113
450,2.7552044088888885,0.63254422540946087,0.00078799095512295113,0.63254422540946087,0.63254471622850517
451,2.7490953082039908,0.63842365054477468,0.0007996519115150715,0.63842365054477468,0.63842415134305197
452,2.7430132389380528,0.64436143756347963,0.00081149682611527047,0.64436143756347963,0.64436194855529205
453,2.7369580220750551,0.65035830116789572,0.00082352899826807564,0.65035830116789572,0.65035882257258759
454,2.7309294801762114,0.65641496730630622,0.00083575179671840135,0.65641496730630622,0.65641549934839649
455,2.7249274373626373,0.66253217339339265,0.00084816866132290275,0.66253217339339265,0.6625327163027126
456,2.7189517192982455,0.66871066853586081,0.0008607831048102867,0.66871066853586081,0.66871122254769388
457,2.7130021531728663,0.67495121376347322,0.00087359871459199794,0.67495121376347322,0.67495177911870108
458,2.7070785676855893,0.68125458226553093,0.00088661915462505338,0.68125458226553093,0.68125515921078228
459,2.701180793028322,0.68762155963306015,0.00089984816732868863,0.68762155963306015,0.68762214842086511
460,2.6953086608695651,0.69405294410677465,0.0009132895755565838,0.69405294410677465,0.69405354499572325
461,2.6894620043383948,0.70054954683108117,0.00092694728462655693,0.70054954683108117,0.7005501600859867
462,2.6836406580086578,0.70711219211415899,0.00094082528440958806,0.70711219211415899,0.70711281800622672
463,2.6778444578833693,0.71374171769446115,0.00095492765148016794,0.71374171769446115,0.71374235650146156
464,2.67207324137931,0.72043897501363241,0.00096925855133005688,0.72043897501363241,0.72043962702008035
465,2.6663268473118276,0.72720482949618637,0.00098382224064756186,0.72720482949618637,0.72720549499352571
466,2.6606051158798283,0.73404016083606893,0.00099862306966455507,0.73404016083606893,0.73404084012286208
467,2.6549078886509636,0.74094586329026413,0.0010136654845735124,0.74094586329026413,0.74094655667238885
468,2.6492350085470084,0.74792284597974024,0.001028954030017056,0.74792284597974024,0.74792355377059105
469,2.6435863198294243,0.75497203319790507,0.0010444933516522989,0.75497203319790507,0.75497275571860223
470,2.6379616680851061,0.76209436472674552,0.0010602881987928064,0.76209436472674552,0.76209510230635025
471,2.6323609002123138,0.76929079616099938,0.0010763434271306277,0.76929079616099938,0.76929154913673481
472,2.6267838644067796,0.77656229924045128,0.0010926640015413518,0.77656229924045128,0.77656306795793251
473,2.6212304101479913,0.7839098621906484,0.0011092549989749428,0.7839098621906484,0.78391064700411761
474,2.6157003881856538,0.79133449007243883,0.001126121611435485,0.79133449007243883,0.79133529134500913
475,2.6101936505263157,0.79883720514029366,0.0011432691490528592,0.79883720514029366,0.79883802324420106
476,2.6047100504201679,0.80641904720993374,0.0011607030432496429,0.80641904720993374,0.80641988252679619
477,2.5992494423480084,0.81408107403546559,0.0011784288500066601,0.81408107403546559,0.81408192695655124
478,2.5938116820083681,0.82182436169624018,0.00119645225323054,0.82182436169624018,0.82182523262274376
479,2.5883966263048013,0.82965000499387176,0.0012147790682271453,0.82965000499387176,0.82965089433720018
480,2.5830041333333331,0.83755911785958093,0.0012334152452845226,0.83755911785958093,0.83756002604164825
481,2.5776340623700622,0.8455528337723226,0.0012523668733693473,0.8455528337723226,0.84555376122585513
482,2.5722862738589209,0.85363230618789898,0.0012716401839410799,0.85363230618789898,0.85363325335674956
483,2.5669606293995857,0.86179870897949673,0.0012912415548879557,0.86179870897949673,0.86179967631896925
484,2.561656991735537,0.87005323688996938,0.0013111775145894736,0.87005323688996938,0.87005422486715611
485,2.556375224742268,0.87839710599621679,0.0013314547461098342,0.87839710599621679,0.87839811509034438
486,2.5511151934156375,0.88683155418610005,0.0013520800915273147,0.88683155418610005,0.8868325848888885
487,2.5458767638603694,0.89535784164818799,0.001373060556404496,0.89535784164818799,0.89535889446422179
488,2.5406598032786882,0.90397725137488694,0.0013944033144047819,0.90397725137488694,0.90397832682199786
489,2.5354641799591002,0.91269108967920043,0.0014161157120604309,0.91269108967920043,0.91269218828886456
490,2.5302897632653059,0.9215006867257991,0.0014382052736981172,0.9215006867257991,0.92150180904354628
491,2.5251364236252543,0.93040739707656761,0.0014606797065275842,0.93040739707656761,0.93040854366240588
492,2.5200040325203252,0.93941260025136608,0.0014835469059000408,0.93941260025136608,0.93941377168021922
493,2.5148924624746449,0.94851770130430468,0.0015068149607424287,0.94851770130430468,0.94851889816646684
494,2.5098015870445343,0.95772413141625012,0.001530492159174422,0.95772413141625012,0.95772535431785455
495,2.5047312808080808,0.96703334850380651,0.0015545869943152878,0.96703334850380651,0.96703459806731196
496,2.4996814193548387,0.97644683784560593,0.0015791081702877918,0.97644683784560593,0.97644811471029846
497,2.4946518792756538,0.9859661127263184,0.0016040646084270692,0.9859661127263184,0.9859674175488331
498,2.4896425381526104,0.99559271509903358,0.0016294654537021068,0.99559271509903358,0.99559404855389244
499,2.4846532745490979,1.005328216266582,0.0016553200813586629,1.005328216266582,1.0053295790467518
500,2.4796839679999998,1.0151742175824849,0.0016816381037918849,1.0151742175824849,1.0151756103999556
501,2.4747344990019959,1.025132351172187,0.0017084293776582515,1.025132351172187,1.02513377475857
502,2.4698047490039841,1.0352042806752544,0.0017357040112358215,1.0352042806752544,1.0352057357824025
503,2.464894600397614,1.0453917020092511,0.0017634723720433734,1.0453917020092511,1.0453931894099013
504,2.4600039365079365,1.0556963441560705,0.0017917450947282929,1.0556963441560705,1.0556978646445092
505,2.4551326415841581,1.0661199699714521,0.0018205330892345451,1.0661199699714521,1.0661215243642062
506,2.4502806007905136,1.0766643770185245,0.0018498475492618261,1.0766643770185245,1.0766659661550757
507,2.4454477001972386,1.0873313984262447,0.0018796999610280526,1.0873313984262447,1.0873330231697722
508,2.4406338267716534,1.0981229037735099,0.0019101021123475196,1.0981229037735099,1.0981245650116587
509,2.4358388683693515,1.1090407999999465,0.0019410661020378035,1.1090407999999465,1.109042498645626
510,2.4310627137254901,1.1200870323443577,0.0019726043496692148,1.1200870323443577,1.1200887693365693
511,2.4263052524461837,1.1312635853116033,0.0020047296056709251,1.1312635853116033,1.1312653616162986
512,2.4215663749999998,1.1425724836692139,0.0020374549618088879,1.1425724836692139,1.1425743002801865
513,2.4168459727095515,1.1540157934746271,0.00207079386205135,1.1540157934746271,1.1540176514144367
514,2.4121439377431906,1.1655956231342302,0.0021047601138381089,1.1655956231342302,1.1655975234551637
515,2.407460163106796,1.177314124495358,0.0021393678997711687,1.177314124495358,1.1773160682804267
516,2.4027945426356587,1.1891734939724325,0.0021746317897445733,1.1891734939724325,1.189175482336406
517,2.3981469709864602,1.2011759737085357,0.0022105667535326197,1.2011759737085357,1.2011780077990191
518,2.3935173436293433,1.2133238527737431,0.0022471881738560951,1.2133238527737431,1.2133259337722939
519,2.388905556840077,1.2256194684015367,0.0022845118599478,1.2256194684015367,1.225621597524825
520,2.3843115076923076,1.2380652072648268,0.0023225540616387732,1.2380652072648268,1.2380673857658424
521,2.379735094049904,1.2506635067929062,0.0023613314839888069,1.2506635067929062,1.2506657359622142
522,2.3751762145593869,1.2634168565310904,0.0024008613024849631,1.2634168565310904,1.2634191376981336
523,2.3706347686424474,1.2763277995445614,0.0024411611788335268,1.2763277995445614,1.2763301340790176
524,2.3661106564885492,1.289398933868132,0.0024822492773724459,1.289398933868132,1.2894013231813246
525,2.361603779047619,1.3026329140036967,0.0025241442821317787,1.3026329140036967,1.3026353595500622
526,2.3571140380228135,1.3160324524672422,0.0025668654145719182,1.3160324524672422,1.3160349557458573
527,2.3526413358633773,1.3296003213873702,0.0026104324520305521,1.3296003213873702,1.3296028839435423
528,2.3481855757575758,1.3433393541573331,0.0026548657469108033,1.3433393541573331,1.3433419775842539
529,2.3437466616257088,1.357252447142709,0.0027001862466450753,1.357252447142709,1.3572551330831792
530,2.3393244981132075,1.3713425614468786,0.0027464155144704397,1.3713425614468786,1.3713453115951009
531,2.3349189905838039,1.385612724736756,0.0027935757510538055,1.385612724736756,1.3856155408402049
532,2.3305300451127819,1.4000660331310648,0.0028416898170067796,1.4000660331310648,1.4000689169924359
533,2.3261575684803,1.4147056531537578,0.0028907812563323983,1.4147056531537578,1.4147086066329959
534,2.3218014681647938,1.4295348237552221,0.0029408743208480621,1.4295348237552221,1.429537848771639
535,2.3174616523364486,1.4445568584040349,0.0029919939956318522,1.4445568584040349,1.4445599569385152
536,2.3131380298507462,1.4597751472522873,0.0030441660255412012,1.4597751472522873,1.4597783213495905
537,2.3088305102420854,1.4751931593773944,0.0030974169428563672,1.4751931593773944,1.4751964111485549
538,2.3045390037174718,1.4908144451035779,0.0031517740961034286,1.4908144451035779,1.4908177767284108
539,2.3002634211502779,1.5066426384066358,0.0032072656801152124,1.5066426384066358,1.5066460521363509
540,2.2960036740740741,1.5226814594052063,0.0032639207673908427,1.5226814594052063,1.5226849575651376
541,2.2917596746765247,1.5389347169423182,0.003321769340819342,1.5389347169423182,1.5389383019347744
542,2.287531335793358,1.5554063112612457,0.0033808423278353424,1.5554063112612457,1.5554099855684873
543,2.2833185709023938,1.5721002367796206,0.003441171636078968,1.5721002367796206,1.5721040029669691
544,2.2791212941176471,1.589020584965938,0.0035027901906370144,1.589020584965938,1.5890244456850282
545,2.274939420183486,1.6061715473233087,0.0035657319729456146,1.6061715473233087,1.6061755053154851
546,2.2707728644688645,1.6235574184847317,0.0036300320614404231,1.6235574184847317,1.623561476584602
547,2.2666215429616088,1.6411825994253415,0.0036957266740448736,1.6411825994253415,1.6411867605644914
548,2.2624853722627734,1.6590516007962441,0.0037628532125923188,1.6590516007962441,1.6590558680071266
549,2.2583642695810564,1.6771690463860529,0.0038314503092836301,1.6771690463860529,1.6771734228060537
550,2.2542581527272727,1.6955396767154416,0.0039015578752886367,1.6955396767154416,1.6955441655911412
551,2.2501669401088926,1.7141683527709741,0.0039732171516045599,1.7141683527709741,1.7141729574626037
552,2.2460905507246376,1.7330600598845987,0.004046470762293617,1.7330600598845987,1.7330647838707125
553,2.2420289041591319,1.752219911765454,0.0041213627702279074,1.752219911765454,1.7522247586478221
554,2.2379819205776172,1.7716531546913026,0.0041979387354779112,1.7716531546913026,1.7716581282000408
555,2.2339495207207207,1.7913651718667598,0.0042762457764901878,1.7913651718667598,1.7913702758657035
556,2.2299316258992805,1.8113614879564133,0.0043563326342072415,1.8113614879564133,1.8113667264487583
557,2.2259281579892281,1.8316477738012327,0.0044382497392944815,1.8316477738012327,1.8316531509354492
558,2.2219390394265233,1.8522298513267534,0.0045220492826474785,1.8522298513267534,1.8522353714027928
559,2.2179641932021466,1.8731136986526784,0.0046077852893647575,1.8731136986526784,1.8731193661284882
560,2.2140035428571427,1.8943054554132917,0.0046955136963838413,1.8943054554132917,1.8943112749116577
561,2.2100570124777184,1.9158114282994925,0.0047852924339899221,1.9158114282994925,1.9158174046152261
562,2.2061245266903913,1.937638096832849,0.0048771815114207109,1.937638096832849,1.9376442349403362
563,2.2022060106571932,1.9597921193838204,0.0049712431068062706,1.9597921193838204,1.9597984244449616
564,2.1983013900709216,1.9822803394458726,0.0050675416616974885,1.9822803394458726,1.9822868168184282
565,2.1944105911504423,2.005109792178704,0.0051661439804547241,2.005109792178704,2.0051164474250749
566,2.1905335406360424,2.0282877112343138,0.0052671193347858317,2.0282877112343138,2.028294550130779
567,2.1866701657848324,2.0518215358802534,0.0053705395737428246,2.0518215358802534,2.0518285644266956
568,2.182820394366197,2.0757189184356744,0.0054764792395070316,2.0757189184356744,2.0757261428658227
569,2.1789841546572934,2.0999877320361691,0.0055850156893170605,2.0999877320361691,2.0999951588283872
570,2.1751613754385963,2.1246360787452581,0.0056962292239154649,2.1246360787452581,2.1246437146339145
571,2.1713519859894919,2.1496722980302048,0.0058102032229198786,2.1496722980302048,2.149680150017661
572,2.167555916083916,2.175104975622193,0.005927024287550927,2.175104975622193,2.175113050991448
573,2.1637730959860382,2.2009429527814293,0.0060467823911803786,2.2009429527814293,2.2009512591094613
574,2.1600034564459927,2.2271953359890064,0.0061695710381972722,2.2271953359890064,2.2272038811608557
575,2.1562469286956518,2.2538715070893529,0.0062954874317249863,2.2538715070893529,2.2538802993129945
576,2.1525034444444442,2.2809811339077006,0.0064246326507616872,2.2809811339077006,2.2809901817297589
577,2.1487729358752166,2.3085341813693265,0.0065571118373589851,2.3085341813693265,2.3085434936916815
578,2.1450553356401381,2.3365409231489549,0.0066930343944992896,2.3365409231489549,2.3365505092463073
579,2.1413505768566492,2.3650119538801846,0.0068325141953818978,2.3650119538801846,2.3650218234186333
580,2.1376585931034482,2.3939582019570125,0.0069756698048827736,2.3939582019570125,2.3939683650137233
581,2.133979318416523,2.423390942961885,0.0071226247140097152,2.423390942961885,2.4234014100459111
582,2.1303126872852234,2.4533218137566228,0.0072735075882403456,2.4533218137566228,2.4533325958309691
583,2.1266586346483702,2.4837628272753944,0.0074284525306979095,2.4837628272753944,2.483773935780401
584,2.1230170958904107,2.5147263880612396,0.0075875993611962469,2.5147263880612396,2.5147378349393783
585,2.1193880068376068,2.5462253085910431,0.007751093912266388,2.5462253085910431,2.5462371063132339
586,2.1157713037542663,2.5782728264363151,0.0079190883433676203,2.5782728264363151,2.5782849880298522
587,2.1121669233390117,2.6108826223111938,0.0080917414745827025,2.6108826223111938,2.6108951613894167
588,2.1085748027210882,2.6440688390621512,0.0082692191412032344,2.6440688390621512,2.6440817698559695
589,2.1049948794567062,2.6778461016581643,0.0084516945707285678,2.6778461016581643,2.6778594390495827
590,2.1014270915254234,2.7122295382445669,0.0086393487839270151,2.7122295382445669,2.7122432978023463
591,2.0978713773265651,2.7472348023274842,0.0088323710217494932,2.7472348023274842,2.7472490003451084
592,2.0943276756756757,2.7828780961623378,0.0090309592000366139,2.7828780961623378,2.7828927496984486
593,2.0907959258010118,2.8191761954236352,0.0092353203941279854,2.8191761954236352,2.8191913223451266
594,2.087276067340067,2.8561464752405872,0.0094456713556664851,2.8561464752405872,2.8561620942685635
595,2.0837680403361345,2.893806937688602,0.0096622390640913776,2.893806937688602,2.8938230684474155
596,2.0802717852348991,2.9321762408342655,0.0098852613155363707,2.9321762408342655,2.9321929039038759
597,2.0767872428810721,2.9712737294386224,0.010114987352091136,2.9712737294386224,2.9712909464105386
598,2.0733143545150501,3.011119467432259,0.010351678534657988,3.011119467432259,3.011137260969353
599,2.0698530617696158,3.0517342722844631,0.010595609062925566,3.0517342722844631,3.0517526661849579
600,2.0664033066666665,3.0931397513986845,0.010847066746315689,3.0931397513986845,3.0931587706646604
601,2.0629650316139765,3.1353583406776666,0.011106353830116131,3.1353583406776666,3.1353780115884606
602,2.0595381794019931,3.1784133454127783,0.011373787881416422,3.1784133454127783,3.1784336956036729
603,2.0561226932006633,3.2223289836657916,0.0116497027399051,3.2223289836657916,3.2223500422124443
604,2.0527185165562911,3.267130432325172,0.011934449539080506,3.267130432325172,3.2671522298342737
605,2.0493255933884296,3.3128438760343473,0.012228397803972901,3.3128438760343473,3.3128664447410388
606,2.0459438679867987,3.3594965592071278,0.0125319366320845,3.3594965592071278,3.3595199330797665
607,2.042573285008237,3.4071168413639032,0.012845475964927747,3.4071168413639032,3.4071410562168256
608,2.0392137894736839,3.4557342560429118,0.013169447958299666,3.4557342560429118,3.4557593496578987
609,2.0358653267651885,3.505379573564209,0.013504308460267865,3.505379573564209,3.5054055858214448
610,2.0325278426229505,3.5560848679488108,0.013850538606786034,3.5560848679488108,3.5561118409681955
611,2.0292012831423896,3.6078835883234408,0.014208646545907849,3.6078835883234408,3.6079115666172159
612,2.0258855947712417,3.6608106351727159,0.014579169302746671,3.6608106351727159,3.6608396658104572
613,2.0225807243066884,3.7149024418338916,0.014962674798651255,3.7149024418338916,3.7149325746210442
614,2.019286618892508,3.7701970616680143,0.015359764039555357,3.7701970616680143,3.770228349339265
615,2.0160032260162599,3.8267342613832618,0.015771073490129399,3.8267342613832618,3.8267667598121959
616,2.0127304935064934,3.8845556210331011,0.016197277652252422,3.8845556210331011,3.8845893894597419
617,2.0094683695299835,3.9437046412640289,0.016639091868447094,3.9437046412640289,3.9437397425420517
618,2.0062168025889968,4.0042268584461809,0.017097275373333422,4.0042268584461809,4.0042633593117918
619,2.0029757415185783,4.0661699683849424,0.017572634618881845,4.0661699683849424,4.0662079397496447
620,1.9997451354838709,4.1295839593846662,0.018066026902342887,4.1295839593846662,4.1296234766544
621,1.9965249339774556,4.1945212555172908,0.018578364329250939,4.1945212555172908,4.1945623989407403
622,1.9933150868167202,4.2610368710399857,0.019110618147906627,4.2610368710399857,4.2610797260891786
623,1.9901155441412519,4.3291885770093401,0.019663823496315819,4.3291885770093401,4.3292332347960478
624,1.9869262564102563,4.3990370812551998,0.020239084607792807,4.3990370812551998,4.3990836389871042
625,1.9837471743999999,4.4706462230087478,0.020837580527424508,4.4706462230087478,4.4706947844898357
626,1.9805782492012778,4.5440831836266238,0.021460571398467514,4.5440831836266238,4.5441338598068404
627,1.9774194322169059,4.6194187150211778,0.022109405385660016,4.6194187150211778,4.6194716246010659
628,1.9742706751592356,4.6967273875966384,0.02278552631155091,4.6967273875966384,4.6967826576934177
629,1.9711319300476946,4.7760878597074718,0.023490482092481044,4.7760878597074718,4.7761456265899218
630,1.968003149206349,4.8575831709009929,0.024225934073060798,4.8575831709009929,4.8576435808015237
631,1.9648842852614896,4.9413010614885664,0.024993667372151411,4.9413010614885664,4.9413642715020263
632,1.9617752911392403,5.0273343213102866,0.025795602369855029,5.0273343213102866,5.0274005003904332
633,1.958676120063191,5.1157811709280274,0.026633807484254576,5.1157811709280274,5.115850500994223
634,1.9555867255520503,5.2067456789058113,0.027510513409171031,5.2067456789058113,5.2068183560743098
635,1.9525070614173228,5.3003382193260862,0.0284281290106142,5.3003382193260862,5.3004144552825183
636,1.9494370817610061,5.396675974254121,0.029389259110699832,5.396675974254121,5.3967559977863315
637,1.9463767409733124,5.4958834865196735,0.030396724424483448,5.4958834865196735,5.4959675452330847
638,1.9433259937304075,5.5980932689434812,0.031453583958604384,5.5980932689434812,5.5981816311847332
639,1.9402847949921751,5.7034464770235509,0.03256316023220554,5.7034464770235509,5.7035394340423968
640,1.9372531,5.812093653130729,0.0337290677420677,5.812093653130729,5.8121915215152065
641,1.9342308642745709,5.9241955514772631,0.034955245167391139,5.9241955514772631,5.9242986759031409
642,1.931218043613707,6.0399240545476136,0.036245991897856517,6.0399240545476136,6.0400328108903141
643,1.928214594090202,6.1594631933644326,0.037606009574849858,6.1594631933644326,6.1595779922302567
644,1.9252204720496893,6.2830102859558288,0.039040449464216045,6.2830102859558288,6.28313157669972
645,1.9222356341085269,6.4107772107554766,0.040554966634919837,6.4107772107554766,6.4109054860651726
646,1.9192600371517026,6.542991834492538,0.042155782108252854,6.542991834492538,6.5431276356342911
647,1.9162936383307572,6.6798996175071661,0.043849754375263256,6.6798996175071661,6.6800435403469596
648,1.9133363950617284,6.8217654234925487,0.045644461966882877,6.8217654234925487,6.8219181254297325
649,1.9103882650231123,6.9688755655723966,0.047548299115897114,6.9688755655723966,6.9690377735510092
650,1.9074492061538459,7.1215401265757681,0.049570586990772006,7.1215401265757681,7.1217126463740037
651,1.9045191766513057,7.2800955986277227,0.05172170353233066,7.2800955986277227,7.2802793256697944
652,1.9015981349693249,7.4449078960639561,0.054013235616752489,7.4449078960639561,7.4451038280535231
653,1.8986860398162326,7.6163758066213916,0.056458158143908033,7.6163758066213916,7.6165850583649792
654,1.895782850152905,7.7949349594152224,0.059071045764005681,7.7949349594152224,7.7951587802918567
655,1.8928885251908396,7.9810624050919792,0.061868324382229389,7.9810624050919792,7.9813021997374856
656,1.8900030243902437,8.1752819247156552,0.064868571421184323,8.1752819247156552,8.1755392776342735
657,1.887126307458143,8.3781702106356555,0.068092876211951231,8.3781702106356555,8.3784469156385732
658,1.8842583343465045,8.5903640965075212,0.071565275015852914,8.5903640965075212,8.5906621921219539
659,1.8813990652503791,8.8125690570440085,0.075313279314236647,8.8125690570440085,8.8128908693578278
660,1.8785484606060605,9.0455692540714949,0.079368521513358797,9.0455692540714949,9.045917448905378
661,1.8757064810892585,9.2902394783082407,0.08376754962266203,9.2902394783082407,9.2906171251799403
662,1.8728730876132929,9.5475594318891055,0.088552812535185793,9.5475594318891055,9.5479700830104477
663,1.8700482413273001,9.818630923364676,0.093773891372227747,9.818630923364676,9.8190787119747718
664,1.8672319036144578,10.104698716550043,0.099489051579797844,10.104698716550043,10.105188480361578
665,1.8644240360902253,10.407176004287244,0.10576721752178961,10.407176004287244,10.407713441890804
666,1.8616246006006005,10.727675792917008,0.11269050991544957,10.727675792917008,10.728267663931701
667,1.8588335592203897,11.068049920147665,0.12035754234011958,11.068049920147665,11.068704304157688
668,1.856050874251497,11.430438044113512,0.12888775526621671,11.430438044113512,11.431164679671756
669,1.8532765082212255,11.817329820858024,0.13842718913708657,11.817329820858024,11.818140555164874
670,1.8505104238805969,12.231644766254931,0.14915628587407748,12.231644766254931,12.232554160332477
671,1.8477525842026825,12.676836192666961,0.16130060094554965,12.676836192666961,12.677862348975728
672,1.8450029523809524,13.157028474893863,0.17514577525352176,13.157028474893863,13.158194189620287
673,1.8422614918276372,13.677201330844433,0.1910588810174994,13.677201330844433,13.678535730861999
674,1.8395281661721068,14.243441834077409,0.20951954551778362,14.243441834077409,14.2449827560689
675,1.8368029392592591,14.8632963602705,0.23116650378030729,14.8632963602705,14.865093899659708
676,1.8340857751479289,15.546274051133139,0.25686929652749313,15.546274051133139,15.548396017224224
677,1.8313766381093057,16.30458733478072,0.28784250757542373,16.30458733478072,16.307127934331636
678,1.8286754926253685,17.154277167731038,0.32583518069502104,17.154277167731038,17.157371410338968
679,1.8259823033873341,18.116990265393426,0.37346017099505502,18.116990265393426,18.120839074824318
680,1.8232970352941176,19.222920218913373,0.43480079646382275,19.222920218913373,19.22783694218656
681,1.8206196534508075,20.515962899729757,0.51661117238391108,20.515962899729757,20.522466245715201
682,1.8179501231671553,22.063435032952185,0.6309186984125319,22.063435032952185,22.072453960928502
683,1.815288409956076,23.97622197461164,0.80139580746101569,23.97622197461164,23.989611406107979
684,1.8126344795321636,26.456333636230561,1.0818644067923069,26.456333636230561,26.478444441965024
685,1.8099882978102189,29.932276958316265,1.6261001681733984,29.932276958316265,29.976414156237638
686,1.8073498309037899,35.567557457791125,3.1080252669204187,35.567557457791125,35.703094607794
687,1.8047190451237263,45.221392941614823,12.589148531506932,45.221392941614823,46.941037912771741
688,1.8020959069767442,37.101733187761738,26.118805057132519,37.101733187761738,45.373236419152995
689,1.7994803831640056,30.176453614269526,28.302848074480956,30.176453614269526,41.372328455881124
690,1.7968724405797101,26.057868933233863,28.809039935098099,26.057868933233863,38.845505728767023
691,1.7942720463096959,22.88640206813529,28.994813142512669,22.88640206813529,36.93895760296401
692,1.7916791676300576,20.459192694658384,29.248611351142578,20.459192694658384,35.693974725257895
693,1.7890937720057718,18.606000850994015,29.300925291809293,18.606000850994015,34.709184528354733
694,1.7865158270893371,16.883685039061717,29.19773367130486,16.883685039061717,33.727829340748954
695,1.7839453007194244,15.293120669082231,29.230693452103324,15.293120669082231,32.989588956062278
696,1.7813821609195402,14.024140896814345,29.300668781691627,14.024140896814345,32.483930164746056
697,1.7788263758967,12.927642885012713,29.214170173145732,12.927642885012713,31.946700760296636
698,1.7762779140401146,11.826996765428301,29.114002639759633,11.826996765428301,31.424560493304956
699,1.7737367439198855,10.751282271159848,29.258879555162736,10.751282271159848,31.171655446858704
700,1.7712028342857142,9.7220700869505094,29.32885065740161,9.7220700869505094,30.898222079267679
701,1.7686761540656204,8.8321963965570447,29.251097069422336,8.8321963965570447,30.555431153104731
702,1.7661566723646722,7.9306370817057648,29.113349982796365,7.9306370817057648,30.174196787031725
703,1.7636443584637267,7.0249507242189075,29.03317754994228,7.0249507242189075,29.870978077796121
704,1.7611391818181816,6.2046922108329472,29.011100244574976,6.2046922108329472,29.667189668587575
705,1.7586411120567376,5.4832902321760848,28.970301104921163,5.4832902321760848,29.484653938618202
706,1.7561501189801698,4.8039430013033826,28.875224838530436,4.8039430013033826,29.272110922095401
707,1.753666172560113,4.1184161348069974,28.750981825662492,4.1184161348069974,29.044453986932055
708,1.7511892429378531,3.4231001639486403,28.640003387151204,3.4231001639486403,28.843845249003426
709,1.748719300423131,2.7451079285509286,28.56097296482843,2.7451079285509286,28.692591277837796
710,1.7462563154929576,2.1072887528293087,28.50178814704261,2.1072887528293087,28.579583507579315
711,1.743800258790436,1.51050406275718,28.441712464455435,1.51050406275718,28.481794719335465
712,1.7413511011235954,0.94219388772042656,28.370343107483691,0.94219388772042656,28.385984171037745
713,1.7389088134642354,0.39034907770417693,28.288719929003435,0.39034907770417693,28.291412966199843
714,1.7364733669467787,-0.15125819514708994,28.20237267973004,0.15125819514708994,28.202778299450969
715,1.7340447328671327,-0.68442537924653302,28.116417965002348,0.68442537924653302,28.124747061661971
716,1.7316228826815641,-1.2090803816150553,28.034152836970449,1.2090803816150553,28.060213838383785
717,1.7292077880055787,-1.7249881144550363,27.957310331474027,1.7249881144550363,28.010476343064134
718,1.7267994206128132,-2.2325889330893323,27.886639278391243,2.2325889330893323,27.975866449267777
719,1.724397752433936,-2.7332835969439668,27.822240855525614,2.7332835969439668,27.956178663118489
720,1.7220027555555555,-3.2292699370874747,27.763453210204069,3.2292699370874747,27.950626441669741
721,1.71961440221914,-3.7227366494011012,27.708457536803365,3.7227366494011012,27.957420968852425
722,1.7172326648199445,-4.2142259212283619,27.654562413923912,4.2142259212283619,27.973818516977015
723,1.7148575159059474,-4.7014337987073649,27.600931873258055,4.7014337987073649,27.998480673705501
724,1.7124889281767954,-5.1833132499277159,27.553422351193333,5.1833132499277159,28.036722695602577
725,1.7101268744827585,-5.6746698017987942,27.521367932639713,5.6746698017987942,28.100312636039774
726,1.7077713278236912,-6.2226122236281061,27.479448350448983,6.2226122236281061,28.175183842002507
727,1.7054222613480055,-6.7393761807625303,27.259111822190739,6.7393761807625303,28.079856991098229
728,1.7030796483516482,-7.033493335475562,27.15811681529496,7.033493335475562,28.054114447855699
729,1.7007434622770918,-7.3874129473942851,27.18083926587353,7.3874129473942851,28.166858064977379
730,1.6984136767123286,-7.788841207020667,27.220583051700231,7.788841207020667,28.313003885541587
731,1.6960902653898768,-8.1975996866153178,27.294026182336047,8.1975996866153178,28.498500063407569
732,1.6937732021857923,-8.6437876659309474,27.38576403187367,8.6437876659309474,28.717505755604289
733,1.6914624611186901,-9.1091677926928689,27.509404656840161,9.1091677926928689,28.978341609712796
734,1.6891580163487738,-9.6024569754114069,27.650845658629159,9.6024569754114069,29.270743851189678
735,1.6868598421768706,-10.133402371101358,27.820187662684425,10.133402371101358,29.608253666868318
736,1.6845679130434781,-10.708894156887794,28.02117793775524,10.708894156887794,29.997780369266767
737,1.6822822035278153,-11.348436391143181,28.253466125595537,11.348436391143181,30.447419539823031
738,1.6800026883468833,-12.089486878296203,28.505502815169798,12.089486878296203,30.963194016867018
739,1.677729342354533,-13.017885535730112,28.693684187427124,13.017885535730112,31.508615584775804
740,1.6754621405405403,-13.828504530506375,28.440266615266431,13.828504530506375,31.623983030252113
741,1.6732010580296894,-14.199455734896521,28.603250635535801,14.199455734896521,31.933845526127367
742,1.6709460700808625,-14.817050401258832,29.038857773689649,14.817050401258832,32.600617224126609
743,1.6686971520861371,-15.624379876964529,29.579586843701449,15.624379876964529,33.452551537719366
744,1.6664542795698924,-16.618475148021396,30.21256485159806,16.618475148021396,34.481484758597951
745,1.6642174281879194,-17.828202352638293,30.944486052413168,17.828202352638293,35.712827053799742
746,1.6619865737265413,-19.309374340509471,31.793579845700066,19.309374340509471,37.197898553908004
747,1.6597616921017402,-21.160116957561378,32.790046111328579,21.160116957561378,39.024834062949331
748,1.6575427593582885,-23.555446938088721,33.975647282995723,23.555446938088721,41.342516720098786
749,1.6553297516688918,-26.830342098493929,35.402838036904697,26.830342098493929,44.421033285927976
750,1.6531226453333332,-31.737666998512978,37.09976909100115,31.737666998512978,48.822867317621807
751,1.6509214167776296,-40.43801876882705,38.609661277887255,40.43801876882705,55.91010021401496
752,1.6487260425531913,-59.146691126967411,31.296436510253656,59.146691126967411,66.916350838260925
753,1.6465364993359892,-53.701664803958536,6.502289841101252,53.701664803958536,54.093886677649692
754,1.6443527639257294,-43.816075068768782,1.9789164241400297,43.816075068768782,43.860740356789599
755,1.6421748132450329,-38.269707176890904,0.63832371052340697,38.269707176890904,38.275030301286399
756,1.6400026243386243,-34.574779211204799,0.019175789015608569,34.574779211204799,34.574784528821638
757,1.6378361743725229,-31.853416315753513,-0.33494050078832083,31.853416315753513,31.855177226375314
758,1.6356754406332452,-29.720729637876424,-0.56288888051164387,29.720729637876424,29.726059511807986
759,1.6335204005270092,-27.981358307300347,-0.71665690238902169,27.981358307300347,27.990534289957164
760,1.6313710315789474,-26.528838050093725,-0.82516767648147415,26.528838050093725,26.541668183865355
761,1.6292273114323257,-25.290537277016192,-0.91312103238475562,25.290537277016192,25.307016137425784
762,1.6270892178477689,-24.207069347359599,-0.98783406462023171,24.207069347359599,24.227216565819127
763,1.62495672870249,-23.248081521430585,-1.0413488962398878,23.248081521430585,23.27139235092697
764,1.6228298219895287,-22.40415869102943,-1.0823182370845386,22.40415869102943,22.430286209033433
765,1.6207084758169934,-21.650157539930994,-1.1266733449942321,21.650157539930994,21.679453736894558
766,1.6185926684073106,-20.964324880398543,-1.1648591539896316,20.964324880398543,20.996661985647407
767,1.6164823780964797,-20.356908306201603,-1.1959441684005059,20.356908306201603,20.392008195394368
768,1.6143775833333331,-19.833282910676687,-1.256576025260866,19.833282910676687,19.873049446982218
769,1.6122782626788035,-19.288348915929276,-1.4141212811869854,19.288348915929276,19.340117447950927
770,1.6101843948051946,-18.707638559193981,-1.4697251270888632,18.707638559193981,18.765282636044624
771,1.6080959584954604,-18.192659261972935,-1.4987822261356949,18.192659261972935,18.254292623479827
772,1.606012932642487,-17.716628701971459,-1.5169346049462102,17.716628701971459,17.781451660626647
773,1.6039352962483828,-17.280270202924825,-1.5306058450124258,17.280270202924825,17.347924732914823
774,1.6018630284237725,-16.86956718097764,-1.5458599157484607,16.86956718097764,16.940247334458718
775,1.5997961083870966,-16.48414686336816,-1.555006459995923,16.48414686336816,16.557328978543591
776,1.5977345154639173,-16.122628942808184,-1.5669943783291125,16.122628942808184,16.198599797797069
777,1.595678229086229,-15.777432927664481,-1.5747763837627875,15.777432927664481,15.855828910713196
778,1.5936272287917737,-15.454071487103029,-1.5842606808688755,15.454071487103029,15.535063805258025
779,1.5915814942233633,-15.142355817723811,-1.5905311931511941,15.142355817723811,15.225660221709308
780,1.5895410051282051,-14.849358743355726,-1.5991568316716744,14.849358743355726,14.935218701483997
781,1.5875057413572342,-14.566675105149187,-1.6033669945702596,14.566675105149187,14.654651457412776
782,1.5854756828644501,-14.297414456204663,-1.6113295835190495,14.297414456204663,14.387926993115228
783,1.5834508097062578,-14.040327831605762,-1.6151650561503503,14.040327831605762,14.13292481327105
784,1.5814311020408163,-13.791415800969645,-1.6206061715678246,13.791415800969645,13.88630671411801
785,1.5794165401273885,-13.554531531199334,-1.6253439141983599,13.554531531199334,13.651632425087433
786,1.5774071043256996,-13.324809368019896,-1.6284613238247849,13.324809368019896,13.423949902218197
787,1.5754027750952986,-13.103389364798907,-1.6331019471842974,13.103389364798907,13.204765610014523
788,1.5734035329949236,-12.891075887336854,-1.6365975477213168,12.891075887336854,12.994548436413057
789,1.5714093586818756,-12.684895710174978,-1.638812686658857,12.684895710174978,12.790320019451023
790,1.5694202329113922,-12.484797234680254,-1.6416034679837952,12.484797234680254,12.592260477657542
791,1.5674361365360303,-12.291668446113402,-1.644454373694368,12.291668446113402,12.401183144214201
792,1.5654570505050505,-12.104651512198949,-1.6464640714412804,12.104651512198949,12.216113627923052
793,1.5634829558638081,-11.922579878192241,-1.6478595626497841,11.922579878192241,12.035919245744834
794,1.5615138337531485,-11.745196599146521,-1.6490881336478331,11.745196599146521,11.860401967266585
795,1.559549665408805,-11.572490148627978,-1.6503738492575908,11.572490148627978,11.689579208953798
796,1.5575904321608038,-11.404220760540898,-1.651507510535027,11.404220760540898,11.523182208596097
797,1.5556361154328731,-11.240020579701245,-1.6524552602131937,11.240020579701245,11.360839362437696
798,1.5536866967418546,-11.079480319419456,-1.6532228444070951,11.079480319419456,11.20214398772273
799,1.5517421576971213,-10.922189749984994,-1.6538941449002207,10.922189749984994,11.046700628568354
800,1.5498024799999999,-10.767746882846197,-1.6545752636605897,10.767746882846197,10.894126501751368
801,1.5478676454431959,-10.615715895821332,-1.6553735268782201,10.615715895821332,10.744006957103245
802,1.5459376359102244,-10.465598471067647,-1.6564083065754969,10.465598471067647,10.59586899861006
803,1.5440124333748442,-10.316780321915513,-1.6578255741913952,10.316780321915513,10.449131152641646
804,1.5420920199004975,-10.168463486781654,-1.6598185991142915,10.168463486781654,10.303040690202938
805,1.5401763776397515,-10.019517437451537,-1.6626476202204135,10.019517437451537,10.156531237997548
806,1.5382654888337468,-9.8681992539195349,-1.6666175627489455,9.8681992539195349,10.007945374327404
807,1.5363593358116481,-9.7116487478839026,-1.6719562179337735,9.7116487478839026,9.8545197243174858
808,1.5344579009900989,-9.5448010554792475,-1.6785357418268274,9.5448010554792475,9.6912697529925307
809,1.5325611668726822,-9.3570922607997673,-1.684699001942946,9.3570922607997673,9.5075436525038608
810,1.5306691160493826,-9.1211840934665247,-1.6780219814720214,9.1211840934665247,9.2742523707957201
811,1.5287817311960541,-8.7879294905824921,-1.5384931929479448,8.7879294905824921,8.9215842783777255
812,1.5268989950738916,-8.7585127597685428,-1.2211696364966942,8.7585127597685428,8.8432347613376088
813,1.5250208905289051,-8.7888251361066025,-1.1448349853136817,8.7888251361066025,8.8630747721463692
814,1.5231474004914003,-8.7660561172531004,-1.1154832960488756,8.7660561172531004,8.8367439045496035
815,1.52127850797546,-8.7192148059098002,-1.0976542848715882,8.7192148059098002,8.7880345789427583
816,1.5194141960784313,-8.6596895480158089,-1.0842629586429708,8.6596895480158089,8.7273048091320522
817,1.5175544479804159,-8.5924181459361613,-1.073022961567996,8.5924181459361613,8.6591586121669568
818,1.5156992469437651,-8.519809929425481,-1.0629968660788327,8.519809929425481,8.5858676655787356
819,1.5138485763125762,-8.4430781074025525,-1.0537068927683757,8.4430781074025525,8.5085760350112558
820,1.5120024195121951,-8.3627568132692858,-1.0448588194482882,8.3627568132692858,8.4277773742820656
821,1.510160760048721,-8.2789198862846192,-1.0362339432573093,8.2789198862846192,8.3435181589469511
822,1.5083235815085156,-8.191258259587034,-1.027618263235524,8.191258259587034,8.2554655332202795
823,1.5064908675577156,-8.0990692867647596,-1.0187622014246249,8.0990692867647596,8.1628916282692252
824,1.5046626019417475,-8.0011348546073116,-1.0093086766001196,8.0011348546073116,8.0645435683783262
825,1.5028387684848483,-7.8954652893228463,-0.99866901709196343,7.8954652893228463,7.9583736994816547
826,1.5010193510895882,-7.7787395708116343,-0.98577409032531471,7.7787395708116343,7.8409527397930061
827,1.4992043337363965,-7.644967498713509,-0.96828559829646343,7.644967498713509,7.706043411261982
828,1.4973937004830917,-7.4821542456538417,-0.93995133892271454,7.4821542456538417,7.5409641741158282
829,1.4955874354644147,-7.2622058166449115,-0.87729027922798442,7.2622058166449115,7.3150031823191375
830,1.4937855228915662,-6.9512875068681055,-0.62859241739297267,6.9512875068681055,6.9796508816949112
831,1.4919879470517448,-7.055485165478121,-0.18088586296356932,7.055485165478121,7.057803526289316
832,1.4901946923076923,-7.23634157776781,-0.072577858551129415,7.23634157776781,7.2367055332991805
833,1.4884057430972388,-7.3341604853908429,-0.036980077741528727,7.3341604853908429,7.3342537147018732
834,1.4866210839328535,-7.39178324448552,-0.01982274784052189,7.39178324448552,7.391809824040986
835,1.4848406994011976,-7.4271674322838237,-0.0098517363464861521,7.4271674322838237,7.4271739661789615
836,1.4830645741626793,-7.4487031059075477,-0.0034011581672874075,7.4487031059075477,7.4487038824102569
837,1.4812926929510155,-7.4609149255750928,0.0010676408037378626,7.4609149255750928,7.460915001963639
838,1.4795250405727922,-7.4665065500476651,0.004311879653846995,7.4665065500476651,7.4665077950947616
839,1.4777616019070321,-7.4672175323620067,0.006747275503826658,7.4672175323620067,7.4672205807342573
840,1.4760023619047618,-7.4642306374012435,0.0086210436506645796,7.4642306374012435,7.4642356159698622
841,1.474247305588585,-7.4583849811756551,0.0100894396090963,7.4583849811756551,7.4583918054911944
842,1.4724964180522564,-7.4502962092001859,0.011256090269439536,7.4502962092001859,7.4503047121839803
843,1.4707496844602608,-7.4404284097601483,0.012192442808205826,7.4404284097601483,7.4404383994780554
844,1.4690070900473933,-7.4291392785396262,0.012949361455102892,7.4291392785396262,7.4291505642235016
845,1.4672686201183431,-7.4167096441700906,0.013564042538744339,7.4167096441700906,7.416722047453014
846,1.4655342600472812,-7.403363432490341,0.014064314561234532,7.403363432490341,7.4033767916052495
847,1.4638039952774498,-7.3892815599837292,0.014471409157047123,7.3892815599837292,7.389295730609148
848,1.4620778113207547,-7.374611845516462,0.014801802252389286,7.374611845516462,7.374626700069749
849,1.4603556937573614,-7.3594762360771817,0.015068470446760837,7.3594762360771817,7.3594916623491304
850,1.458637628235294,-7.3439761754085353,0.015281768626231873,7.3439761754085353,7.3439920749835039
851,1.4569236004700352,-7.3281966604291497,0.015450055805104203,7.3281966604291497,7.3282129471071826
852,1.4552135962441313,-7.3122093523754224,0.015580149721340052,7.3122093523754224,7.3122259506959946
853,1.4535076014067994,-7.2960749951314305,0.015677662540119451,7.2960749951314305,7.2960918390385432
854,1.4518056018735361,-7.2798453178231668,0.015747252476424542,7.2798453178231668,7.2798623494810979
855,1.4501075836257309,-7.2635645480704234,0.015792814954985517,7.2635645480704234,7.2635817168246755
856,1.4484135327102803,-7.2472706275313428,0.015817629628112895,7.2472706275313428,7.2472878890027266
857,1.4467234352392064,-7.2309961971493522,0.015824474718088073,7.2309961971493522,7.23101351244682
858,1.4450372773892772,-7.2147694023358007,0.015815716864288266,7.2147694023358007,7.2147867373735179
859,1.4433550454016297,-7.1986145559870849,0.015793382392444613,7.1986145559870849,7.1986318808921279
860,1.4416767255813951,-7.182552688232331,0.015759214342090398,7.182552688232331,7.1825699768307283
861,1.4400023042973287,-7.1666020051938943,0.015714718467400419,7.1666020051938943,7.1666192345642079
862,1.4383317679814385,-7.1507782740789914,0.015661200621813032,7.1507782740789914,7.1507954241640155
863,1.4366651031286211,-7.1350951482096612,0.015599797352149045,7.1350951482096612,7.1351122014781563
864,1.4350022962962963,-7.1195644427479934,0.01553150109819449,7.1195644427479934,7.1195813838994706
865,1.4333433341040462,-7.1041963696991477,0.015457181074703383,7.1041963696991477,7.1042131854057793
866,1.4316882032332563,-7.0889997390876616,0.01537760067364894,7.0889997390876616,7.0890164177682227
867,1.4300368904267589,-7.0739821318751943,0.015293432043486342,7.0739821318751943,7.073998663496706
868,1.4283893824884792,-7.059150049158724,0.015205268364237016,7.059150049158724,7.0591664250620729
869,1.426745666283084,-7.0445090413574185,0.015113634230859443,7.0445090413574185,7.0445252541037915
870,1.4251057287356321,-7.0300638204468218,0.015018994475108668,7.0300638204468218,7.030079863682233
871,1.4234695568312283,-7.0158183577655411,0.014921761691802524,7.0158183577655411,7.0158342261011235
872,1.4218371376146788,-7.0017759694969541,0.014822302684875194,7.0017759694969541,7.001791658403004
873,1.4202084581901488,-6.9879393915848453,0.014720944008647825,6.9879393915848453,6.9879548972968974
874,1.4185835057208236,-6.974310845552532,0.014617976747976012,6.974310845552532,6.9743261649879749
875,1.4169622674285713,-6.9608920964710794,0.014513660655429306,6.9608920964710794,6.9609072271550314
876,1.4153447305936071,-6.9476845041269772,0.014408227743210683,6.9476845041269772,6.947699444126294
877,1.4137308825541619,-6.9346890682797913,0.014301885410941309,6.9346890682797913,6.9347038161442445
878,1.4121207107061502,-6.9219064687737202,0.014194819176962734,6.9219064687737202,6.921921023483506
879,1.4105142025028441,-6.909337101151646,0.014087195069785237,6.909337101151646,6.9093514620704868
880,1.4089113454545454,-6.8969811083307331,0.013979161727328937,6.8969811083307331,6.8969952751639338
881,1.4073121271282631,-6.8848384088207872,0.013870852244079052,6.8848384088207872,6.8848523815776854
882,1.4057165351473921,-6.8729087219001226,0.01376238580020675,6.8729087219001226,6.8729225008604367
883,1.404124557191393,-6.8611915901083425,0.013653869101517502,6.8611915901083425,6.861205175791997
884,1.4025361809954751,-6.8496863993675774,0.013545397654863886,6.8496863993675774,6.84969979250761
885,1.4009513943502825,-6.8383923970046592,0.013437056900074969,6.8383923970046592,6.8384055985228933
886,1.3993701851015801,-6.8273087079102535,0.013328923216437541,6.8273087079102535,6.8273217188954325
887,1.3977925411499434,-6.8164343490435204,0.013221064819266486,6.8164343490435204,6.8164471707316361
888,1.3962184504504505,-6.8057682424616797,0.013113542559940676,6.8057682424616797,6.805780876218277
889,1.3946479010123733,-6.7953092270367623,0.013006410640971709,6.7953092270367623,6.7953216743410119
890,1.3930808808988764,-6.7850560689985855,0.012899717256146609,6.7850560689985855,6.7850683314289348
891,1.3915173782267114,-6.7750074714280188,0.012793505164439473,6.7750074714280188,6.7750195506492732
892,1.3899573811659192,-6.7651620828097947,0.01268781220529952,6.7651620828097947,6.7651739805614692
893,1.3884008779395296,-6.7555185047430228,0.012582671761922362,6.7555185047430228,6.7555302228288543
894,1.3868478568232661,-6.7460752988953754,0.01247811317831049,6.7460752988953754,6.7460868391738646
895,1.3852983061452513,-6.736830993274614,0.01237416213519222,6.736830993274614,6.7368423576505014
896,1.3837522142857142,-6.7277840878899493,0.01227084098926897,6.7277840878899493,6.7277952783065418
897,1.3822095696767001,-6.7189330598594275,0.01216816907970256,6.7189330598594275,6.7189440782916714
898,1.3806703608017816,-6.7102763680224697,0.012066163005326137,6.7102763680224697,6.7102872164707295
899,1.379134576195773,-6.7018124570995479,0.011964836875606212,6.7018124570995479,6.7018231375839914
900,1.3776022044444443,-6.6935397614491556,0.011864202538090292,6.6935397614491556,6.6935502760047063
901,1.3760732341842397,-6.6854567084547973,0.011764269784715339,6.6854567084547973,6.6854670591265952
902,1.3745476541019954,-6.6775617215821033,0.01166504653912278,6.6775617215821033,6.6775719104214293
903,1.3730254529346622,-6.6698532231333942,0.011566539026856424,6.6698532231333942,6.6698632521940056
904,1.3715066194690264,-6.6623296367294902,0.011468751930145807,6.6623296367294902,6.6623395080643357
905,1.3699911425414364,-6.6549893895449426,0.01137168852876368,6.6549893895449426,6.6549991052032285
906,1.3684790110375276,-6.6478309143177619,0.01127535082830855,6.6478309143177619,6.6478404763423162
907,1.3669702138919513,-6.6408526511558943,0.011179739677115989,6.6408526511558943,6.6408620615808243
908,1.3654647400881057,-6.6340530491574832,0.011084854872858454,6.6340530491574832,6.6340623100060832
909,1.3639625786578657,-6.6274305678646286,0.010990695259821881,6.6274305678646286,6.6274396811475231
910,1.3624637186813187,-6.620983678561295,0.010897258817703363,6.620983678561295,6.6209926462747859
911,1.3609681492864982,-6.6147108654347946,0.010804542742720323,6.6147108654347946,6.6147196895594158
912,1.3594758596491228,-6.6086106266082556,0.010712543521728408,6.6086106266082556,6.6086193091074827
913,1.3579868389923329,-6.6026814750592866,0.010621256999978724,6.6026814750592866,6.6026900178784205
914,1.3565010765864332,-6.5969219394330736,0.010530678443087298,6.5969219394330736,6.596930344498257
915,1.3550185617486339,-6.5913305647595202,0.010440802593725422,6.5913305647595202,6.5913388339768924
916,1.3535392838427946,-6.5859059130843711,0.010351623723501145,6.5859059130843711,6.5859140483393341
917,1.352063232279171,-6.5806465640202507,0.010263135680447382,6.5806465640202507,6.5806545671768486
918,1.350590396514161,-6.5755511152256663,0.010175331932504209,6.5755511152256663,6.575558988126061
919,1.3491207660500544,-6.5706181828192189,0.010088205607334196,6.5706181828192189,6.5706259272832526
920,1.3476543304347826,-6.5658464017324238,0.010001749528787712,6.5658464017324238,6.5658540195572623
921,1.346191079261672,-6.5612344260099071,0.0099159562503017759,6.5612344260099071,6.5612419189697553
922,1.3447310021691974,-6.556780929058732,0.0098308180854931697,6.556780929058732,6.5567882989046185
923,1.3432740888407366,-6.5524846038533351,0.0097463271361765413,6.5524846038533351,6.5524918523129534
924,1.3418203290043289,-6.5483441630998147,0.0096624753180301025,6.5483441630998147,6.5483512918774203
925,1.3403697124324323,-6.5443583393623754,0.0095792543840930375,6.5443583393623754,6.5443653501387296
926,1.3389222289416847,-6.5405258851565833,0.0094966559462839571,6.5405258851565833,6.5405327795889425
927,1.3374778683926645,-6.5368455730116626,0.0094146714950966923,6.5368455730116626,6.5368523527338089
928,1.336036620689655,-6.5333161955053072,0.0093332924176211529,6.5333161955053072,6.5333228621276094
929,1.334598475780409,-6.529936565273708,0.0092525100140295434,6.529936565273708,6.529943120383221
930,1.3331634236559138,-6.5267055149975803,0.0091723155126508041,6.5267055149975803,6.5267119601581687
931,1.331731454350161,-6.523621897369603,0.0090927000837406693,6.523621897369603,6.5236282341220972
932,1.3303025579399141,-6.520684585041634,0.0090136548520626698,6.520684585041634,6.5206908149039995
933,1.3288767245444801,-6.5178924705563883,0.0089351709083625476,6.5178924705563883,6.5178985950239232
934,1.3274539443254818,-6.5152444662641038,0.0088572393198377009,6.5152444662641038,6.5152504868096521
935,1.3260342074866309,-6.5127395042246849,0.0087798511396668423,6.5127395042246849,6.5127454222988659
936,1.3246175042735042,-6.5103765360996029,0.0087029974156852957,6.5103765360996029,6.5103823531310576
937,1.3232038249733189,-6.5081545330323607,0.0086266691982678535,6.5081545330323607,6.5081602504280056
938,1.3217931599147121,-6.5060724855185263,0.0085508575474821137,6.5060724855185263,6.506078104663823
939,1.3203854994675186,-6.5041294032694967,0.0084755535395693547,6.5041294032694967,6.5041349255287306
940,1.3189808340425531,-6.5023243150670762,0.0084007482728083623,6.5023243150670762,6.5023297417836368
941,1.3175791540913921,-6.5006562686125342,0.0083264328728028629,6.5006562686125342,6.5006616011092158
942,1.3161804501061569,-6.4991243303697104,0.0082525984972481176,6.4991243303697104,6.4991295699490008
943,1.3147847126193,-6.4977275854041139,0.0081792363402074415,6.4977275854041139,6.4977327333485091
944,1.3133919322033898,-6.4964651372164504,0.0081063376359418772,6.4964651372164504,6.4964701947887535
945,1.3120020994708994,-6.495336107573765,0.0080338936623259999,6.495336107573765,6.4953410760174002
946,1.3106152050739956,-6.4943396363384203,0.0079618957438849364,6.4943396363384203,6.4943445168777494
947,1.3092312397043293,-6.4934748812928369,0.0078903352544744225,6.4934748812928369,6.4934796751334689
948,1.3078501940928269,-6.4927410179639065,0.0078192036196427402,6.4927410179639065,6.4927457262930171
949,1.3064720590094836,-6.4921372394456984,0.0077484923186880751,6.4921372394456984,6.492141863432348
950,1.3050968252631578,-6.4916627562210447,0.0076781928864425308,6.4916627562210447,6.4916672970164928
951,1.3037244837013668,-6.491316795982975,0.0076082969148008224,6.491316795982975,6.4913212547210009
952,1.3023550252100839,-6.4910986034553364,0.0075387960540155216,6.4910986034553364,6.4911029812525518
953,1.3009884407135361,-6.4910074402144637,0.0074696820137734703,6.4910074402144637,6.4910117381706316
954,1.2996247211740042,-6.4910425845099873,0.0074009465640740464,6.4910425845099873,6.4910468037083318
955,1.298263857591623,-6.4912033310876183,0.0073325815359246323,6.4912033310876183,6.4912074725951383
956,1.296905841004184,-6.4914889910119129,0.0072645788218646777,6.4914889910119129,6.4914930558796966
957,1.2955506624869382,-6.4918988914905693,0.0071969303763351512,6.4918988914905693,6.4919028807540959
958,1.2941983131524006,-6.4924323757001119,0.0071296282159039812,6.4924323757001119,6.49243629037956
959,1.2928487841501564,-6.4930888026127551,0.0070626644193598868,6.4930888026127551,6.4930926437133056
960,1.2915020666666666,-6.4938675468251574,0.0069960311276830202,6.4938675468251574,6.4938713153372953
961,1.290158151925078,-6.4947679983891611,0.0069297205439050324,6.4947679983891611,6.4947716952889705
962,1.2888170311850311,-6.4957895626439335,0.0068637249328673579,6.4957895626439335,6.4957931888933942
963,1.2874786957424713,-6.4969316600506488,0.0067980366208826581,6.4969316600506488,6.4969352165979286
964,1.2861431369294605,-6.4981937260293847,0.0067326479953123304,6.4981937260293847,6.4981972138091253
965,1.2848103461139895,-6.4995752107977278,0.0066675515040617514,6.4995752107977278,6.4995786307313335
966,1.2834803146997928,-6.5010755792121611,0.0066027396550050674,6.5010755792121611,6.5010789322080758
967,1.2821530341261633,-6.5026943106118846,0.0065382050153426647,6.5026943106118846,6.5026975975658745
968,1.2808284958677685,-6.5044308986649728,0.006473940210897311,6.5044308986649728,6.5044341204604015
969,1.2795066914344684,-6.5062848512168792,0.0064099379253539038,6.5062848512168792,6.5062880087249786
970,1.278187612371134,-6.508255690142386,0.0063461908994494141,6.508255690142386,6.5082587842225275
971,1.2768712502574664,-6.5103429511986022,0.0062826919301166278,6.5103429511986022,6.5103459826985555
972,1.2755575967078188,-6.5125461838825025,0.0062194338695841355,6.5125461838825025,6.5125491536387043
973,1.2742466433710173,-6.5148649512896064,0.006156409624438865,6.5148649512896064,6.514867860127417
974,1.2729383819301847,-6.5172988299762959,0.0060936121546530716,6.5172988299762959,6.5173016787102531
975,1.271632804102564,-6.5198474098246972,0.0060310344725819347,6.5198474098246972,6.5198501992587703
976,1.2703299016393441,-6.5225102939101465,0.0059686696419273318,6.5225102939101465,6.5225130248379823
977,1.2690296663254861,-6.5252870983713986,0.0059065107766812907,6.5252870983713986,6.5252897715765688
978,1.2677320899795501,-6.5281774522840816,0.0058445510400434338,6.5281774522840816,6.5281800685403226
979,1.2664371644535239,-6.5311809975363122,0.0057827836433169758,6.5311809975363122,6.5311835576077693
980,1.2651448816326529,-6.5342973887076088,0.0057212018447859777,6.5342973887076088,6.5342998933490675
981,1.26385523343527,-6.5375262929503268,0.0056597989485780518,6.5375262929503268,6.537528742907444
982,1.2625682118126271,-6.5408673898742027,0.0055985683035085325,6.5408673898742027,6.540869785883741
983,1.2612838087487284,-6.5443203714331535,0.0055375033019135315,6.5443203714331535,6.5443227142232061
984,1.2600020162601626,-6.5478849418154699,0.0054765973784718924,6.5478849418154699,6.5478872321056842
985,1.2587228263959389,-6.551560817336366,0.0054158440090115566,6.551560817336366,6.5515630558381623
986,1.2574462312373225,-6.5553477263335989,0.0053552367093147851,6.5553477263335989,6.5553499137503932
987,1.2561722228976697,-6.5592454090654257,0.0052947690339085283,6.5592454090654257,6.559247546092843
988,1.2549007935222671,-6.5632536176119824,0.005234434574850658,6.5632536176119824,6.5632557049380678
989,1.2536319352881697,-6.5673721157788165,0.0051742269605111104,6.5673721157788165,6.5673741540842459
990,1.2523656404040404,-6.5716006790030725,0.0051141398543446005,6.5716006790030725,6.5716026689613622
991,1.2511019011099898,-6.5759390942632301,0.0050541669536627969,6.5759390942632301,6.5759410365409385
992,1.2498407096774193,-6.5803871599903605,0.0049943019884003473,6.5803871599903605,6.5803890552472932
993,1.248582058408862,-6.5849446859832863,0.0049345387198780413,6.5849446859832863,6.5849465348726932
994,1.2473259396378269,-6.5896114933251901,0.0048748709395647054,6.5896114933251901,6.5896132964939689
995,1.2460723457286431,-6.5943874143039043,0.0048152924678369121,6.5943874143039043,6.5943891723927903
996,1.2448212690763052,-6.5992722923342253,0.0047557971527350962,6.5992722923342253,6.5992740059779891
997,1.2435727021063188,-6.6042659818829108,0.0046963788687208793,6.6042659818829108,6.6042676517105461
998,1.242326637274549,-6.609368348396659,0.0046370315154329374,6.609368348396659,6.6093699750315729
999,1.2410830670670669,-6.6145792682321325,0.0045777490164416942,6.6145792682321325,6.6145808522923355
1000,1.2398419839999999,-6.6198986285889312,0.0045185253180038566,6.6198986285889312,6.6199001706872185
1001,1.2386033806193806,-6.625326327444931,0.0044593543878169682,6.625326327444931,6.6253278281890688
1002,1.237367249500998,-6.6308622734942109,0.0044002302137744181,6.6308622734942109,6.6308637334871205
1003,1.2361335832502491,-6.6365063860875235,0.004341146802719369,6.6365063860875235,6.6365078059274554
1004,1.234902374501992,-6.6422585951752477,0.004282098179200106,6.6422585951752477,6.6422599754559641
1005,1.2336736159203978,-6.648118841252721,0.0042230783842239737,6.648118841252721,6.6481201825636749
1006,1.232447300198807,-6.6540870753078956,0.0041640814740141995,6.6540870753078956,6.6540883782343991
1007,1.2312234200595829,-6.6601632587724335,0.0041051015187639327,6.6601632587724335,6.6601645238958422
1008,1.2300019682539682,-6.6663473634734807,0.0040461326013924229,6.6663473634734807,6.6663485913713556
1009,1.2287829375619423,-6.6726393715895433,0.0039871688163005022,6.6726393715895433,6.6726405628358298
1010,1.2275663207920791,-6.6790392756077015,0.0039282042681266938,6.6790392756077015,6.6790404307728988
1011,1.2263521107814044,-6.6855470782838466,0.0038692330705015435,6.6855470782838466,6.6855481979351721
1012,1.2251403003952568,-6.6921627926047886,0.0038102493448046761,6.6921627926047886,6.6921638773063519
1013,1.2239308825271471,-6.6988864417530962,0.0037512472189184382,6.6988864417530962,6.6988874920660644
1014,1.2227238500986193,-6.7057180590741901,0.0036922208259826499,6.7057180590741901,6.7057190755569502
1015,1.2215191960591132,-6.7126576880456721,0.0036331643031478431,6.7126576880456721,6.7126586712540002
1016,1.2203169133858267,-6.7197053822491171,0.0035740717903284362,6.7197053822491171,6.7197063327363429
1017,1.219116995083579,-6.7268612053440329,0.0035149374289531656,6.7268612053440329,6.7268621236612036
1018,1.2179194341846757,-6.7341252310442812,0.0034557553607159862,6.7341252310442812,6.7341261177403187
1019,1.2167242237487732,-6.7414975430968536,0.003396519726323613,6.7414975430968536,6.7414983987187274
1020,1.215531356862745,-6.7489782352627525,0.0033372246642417499,6.7489782352627525,6.7489790603556319
1021,1.2143408266405484,-6.7565674112998053,0.0032778643094389295,6.7565674112998053,6.756568206407227
1022,1.2131526262230918,-6.7642651849491209,0.0032184327921286181,6.7642651849491209,6.7642659506131482
1023,1.2119667487781036,-6.7720716799216554,0.0031589242365072144,6.7720716799216554,6.7720724166830388
1024,1.2107831874999999,-6.7799870298894813,0.0030993327594887286,6.7799870298894813,6.779987738287816
1025,1.209601935609756,-6.7880113784770391,0.003039652469438099,6.7880113784770391,6.7880120590509323
1026,1.2084229863547757,-6.7961448792562376,0.002979877464897693,6.7961448792562376,6.7961455325434637
1027,1.2072463330087633,-6.804387695743193,0.0029200018333120229,6.804387695743193,6.8043883222808539
1028,1.2060719688715953,-6.8127400013970778,0.0028600196497467695,6.8127400013970778,6.8127406017217673
1029,1.2048998872691934,-6.8212019796215397,0.0027999249756023624,6.8212019796215397,6.8212025542694947
1030,1.203730081553398,-6.8297738237680026,0.0027397118573240014,6.8297738237680026,6.8297743732752743
1031,1.2025625451018427,-6.8384557371417767,0.002679374325103936,6.8384557371417767,6.8384562620443843
1032,1.2013972713178294,-6.8472479330098306,0.0026189063915789687,6.8472479330098306,6.8472484338439248
1033,1.2002342536302033,-6.8561506346110157,0.0025583020505211248,6.8561506346110157,6.8561511119130403
1034,1.1990734854932301,-6.8651640751682113,0.0024975552755203785,6.8651640751682113,6.8651645294750621
1035,1.1979149603864734,-6.8742884979037004,0.0024366600186626472,6.8742884979037004,6.8742889297528924
1036,1.1967586718146717,-6.8835241560556408,0.0023756102091960314,6.8835241560556408,6.883524565985466
1037,1.1956046133076181,-6.8928713128974159,0.0023143997521929312,6.8928713128974159,6.8928717014471088
1038,1.1944527784200385,-6.9023302417590049,0.0022530225271998865,6.9023302417590049,6.9023306094689083
1039,1.1933031607314726,-6.9119012260506842,0.0021914723868806663,6.9119012260506842,6.9119015734624121
1040,1.1921557538461538,-6.9215845592889735,0.0021297431556483535,6.9215845592889735,6.9215848869455794
1041,1.1910105513928915,-6.9313805451250641,0.0020678286282885322,6.9313805451250641,6.9313808535712038
1042,1.189867547024952,-6.9412894973750507,0.0020057225685699426,6.9412894973750507,6.9412897871571548
1043,1.1887267344199424,-6.9513117400529989,0.001943418707845309,6.9513117400529989,6.9513120117194376
1044,1.1875881072796934,-6.9614476074056206,0.0018809107436410294,6.9614476074056206,6.9614478615068762
1045,1.1864516593301435,-6.9716974439502639,0.0018181923382327315,6.9716974439502639,6.9716976810391031
1046,1.1853173843212237,-6.9820616045139818,0.0017552571172104008,6.9820616045139818,6.982061825145629
1047,1.1841852760267431,-6.9925404542761544,0.0016920986680274679,6.9925404542761544,6.9925406590084602
1048,1.1830553282442746,-7.0031343688124679,0.0016287105385396003,7.0031343688124679,7.0031345582060904
1049,1.1819275347950429,-7.0138437341417657,0.0015650862355254414,7.0138437341417657,7.0138439087603484
1050,1.1808018895238095,-7.0246689467752681,0.0015012192231950985,7.0246689467752681,7.0246691071856118
1051,1.179678386298763,-7.0356104137678059,0.0014371029216811906,7.0356104137678059,7.035610560540059
1052,1.1785570190114067,-7.0466685527721875,0.0013727307055155687,7.0466685527721875,7.0466686864800216
1053,1.1774377815764481,-7.0578437920946939,0.0013080959020871611,7.0578437920946939,7.0578439133154891
1054,1.1763206679316887,-7.0691365707549014,0.0012431917900838948,7.0691365707549014,7.0691366800699358
1055,1.1752056720379147,-7.0805473385459816,0.0011780115979165063,7.0805473385459816,7.0805474365406171
1056,1.1740927878787879,-7.092076556098931,0.0011125485021224778,7.092076556098931,7.0920766433628062
1057,1.1729820094607379,-7.1037246949483688,0.0010467956257522383,7.1037246949483688,7.1037247720755898
1058,1.1718733308128544,-7.115492237601563,0.00098074603673356043,7.115492237601563,7.1154923051908989
1059,1.1707667459867799,-7.1273796776097225,0.00091439274621686866,7.1273796776097225,7.127379736264805
1060,1.1696622490566038,-7.1393875196414349,0.0008477287068978951,7.1393875196414349,7.1393875699709586
1061,1.1685598341187557,-7.1515162795595071,0.00078074681131904073,7.1515162795595071,7.1515163221774332
1062,1.167459495291902,-7.1637664844996962,0.0007134398901468119,7.1637664844996962,7.1637665200254546
1063,1.1663612267168391,-7.17613867295292,0.00064580071042692668,7.17613867295292,7.1761387020116221
1064,1.165265022556391,-7.1886333948489671,0.0005778219738133963,7.1886333948489671,7.1886334180716167
1065,1.164170876995305,-7.201251211644184,0.00050949631477391821,7.201251211644184,7.201251229667891
1066,1.16307878424015,-7.2139926964107719,0.00044081629876854714,7.2139926964107719,7.2139927098789718
1067,1.1619887385192127,-7.2268584339300244,0.00037177442040091358,7.2268584339300244,7.2268584434927012
1068,1.1609007340823969,-7.2398490207874353,0.00030236310154321345,7.2398490207874353,7.2398490271013412
1069,1.1598147652011224,-7.2529650654707964,0.00023257468943137824,7.2529650654707964,7.252965069199683
1070,1.1587308261682243,-7.2662071884716877,0.00016240145473098828,7.2662071884716877,7.2662071902865426
1071,1.1576489112978523,-7.2795760223894259,9.183558957395299e-05,7.2795760223894259,7.2795760229687012
1072,1.1565690149253731,-7.2930722120381439,2.0869205562475427e-05,7.2930722120381439,7.2930722120680018
1073,1.1554911314072693,-7.3066964145567681,-5.0505668258244915e-05,7.3066964145567681,7.3066964147313218
1074,1.1544152551210427,-7.3204492995221795,-0.00012229708746087085,7.3204492995221795,7.320449300543741
1075,1.1533413804651163,-7.3343315490654071,-0.00019451319433069644,7.3343315490654071,7.3343315516447403
1076,1.1522695018587359,-7.3483438579908018,-0.00026716221999566946,7.3483438579908018,7.3483438628473827
1077,1.1511996137418754,-7.3624869338985874,-0.00034025248659234496,7.3624869338985874,7.36248694176086
1078,1.150131710575139,-7.3767614973107118,-0.00041379240946988867,7.3767614973107118,7.3767615089163572
1079,1.1490657868396663,-7.3911682817996098,-0.00048779049943157909,7.3911682817996098,7.3911682978958186
1080,1.1480018370370371,-7.4057080341206909,-0.00056225536501582909,7.4057080341206909,7.4057080554644363
1081,1.1469398556891766,-7.4203815143480103,-0.00063719571481851765,7.4203815143480103,7.420381541706333
1082,1.1458798373382624,-7.4351894960130078,-0.00071262035985645525,7.4351894960130078,7.4351895301632984
1083,1.1448217765466298,-7.4501327662477763,-0.00078853821597383385,7.4501327662477763,7.4501328079780738
1084,1.143765667896679,-7.4652121259306909,-0.00086495830629327577,7.4652121259306909,7.4652121760399748
1085,1.1427115059907833,-7.4804283898365007,-0.00094188976371221153,7.4804283898365007,7.4804284491349975
1086,1.1416592854511969,-7.4957823867895499,-0.0010193418334459982,7.4957823867895499,7.495782456099044
1087,1.1406090009199632,-7.5112749598209447,-0.0010973238756188195,7.5112749598209447,7.5112750399750912
1088,1.1395606470588235,-7.5269069663296477,-0.0011758453679050118,7.5269069663296477,7.5269070581743005
1089,1.1385142185491275,-7.5426792782471779,-0.0012549159082201251,7.5426792782471779,7.5426793826407152
1090,1.137469710091743,-7.558592782206361,-0.0013345452174653382,7.558592782206361,7.5585929000200176
1091,1.1364271164069659,-7.5746483797140769,-0.0014147431423250333,7.5746483797140769,7.574648511832299
1092,1.1353864322344323,-7.590846987328284,-0.0014955196581199455,7.590846987328284,7.5908471346490662
1093,1.1343476523330283,-7.6071895368387175,-0.0015768848717173378,7.6071895368387175,7.6071897002739686
1094,1.1333107714808044,-7.6236769754521596,-0.0016588490244993305,7.6236769754521596,7.6236771559280676
1095,1.1322757844748859,-7.6403102659821478,-0.001741422495392293,7.6403102659821478,7.6403104644395512
1096,1.1312426861313867,-7.6570903870425653,-0.0018246158039566451,7.6570903870425653,7.6570906044373341
1097,1.1302114712853235,-7.6740183332462664,-0.0019084396135417678,7.6740183332462664,7.6740185705496931
1098,1.1291821347905282,-7.6910951154078475,-0.0019929047345053287,7.6910951154078475,7.6910953736070482
1099,1.1281546715195632,-7.7083217607514598,-0.0020780221275007327,7.7083217607514598,7.708322040849775
1100,1.1271290763636364,-7.7256993131229876,-0.0021638029068325954,7.7256993131229876,7.7256996161404059
1101,1.1261053442325157,-7.7432288332072048,-0.0022502583438846237,7.7432288332072048,7.7432291601807837
1102,1.1250834700544463,-7.7609113987498333,-0.002337399870619759,7.7609113987498333,7.760911750734139
1103,1.1240634487760652,-7.7787481047849205,-0.0024252390831556352,7.7787481047849205,7.7787484828524702
1104,1.1230452753623188,-7.796740063866924,-0.0025137877454181065,7.796740063866924,7.7967404691086406
1105,1.12202894479638,-7.8148884063084054,-0.0026030577928731306,7.8148884063084054,7.8148888398340901
1106,1.121014452079566,-7.8331942804227843,-0.0026930613363416109,7.8331942804227843,7.8331947433615872
1107,1.1200017922312555,-7.851658852772637,-0.0027838106658974468,7.851658852772637,7.8516593462735482
1108,1.1189909602888086,-7.870283308423879,-0.0028753182548528662,7.870283308423879,7.8702838336562282
1109,1.1179819513074842,-7.8890688512051881,-0.0029675967638319372,7.8890688512051881,7.8890694093591609
1110,1.1169747603603604,-7.908016703973658,-0.0030606590449366936,7.908016703973658,7.9080172962608133
1111,1.1159693825382537,-7.927128108886059,-0.003154518146006027,7.927128108886059,7.9271287365398697
1112,1.1149658129496403,-7.9464043276763761,-0.0032491873149727299,7.9464043276763761,7.9464049919527779
1113,1.1139640467205749,-7.9658466419397698,-0.0033446800043194051,7.9658466419397698,7.9658473441177264
1114,1.112964078994614,-7.9854563534223146,-0.0034410098756372061,7.9854563534223146,7.9854570948043913
1115,1.1119659049327353,-8.0052347843174942,-0.0035381908042897313,8.0052347843174942,8.0052355662304482
1116,1.1109695197132616,-8.0251832775701644,-0.0036362368841858601,8.0251832775701644,8.0251841013655572
1117,1.1099749185317815,-8.0453031971855111,-0.0037351624326635606,8.0453031971855111,8.0453040642403195
1118,1.1089820966010733,-8.0655959285467667,-0.0038349819954894768,8.0655959285467667,8.0655968402640283
1119,1.1079910491510276,-8.0860628787390887,-0.0039357103519759868,8.0860628787390887,8.0860638365485489
1120,1.1070017714285714,-8.1067054768805313,-0.0040373625202203261,8.1067054768805313,8.1067064822393142
1121,1.1060142586975914,-8.1275251744612724,-0.0041399537624688121,8.1275251744612724,8.1275262288545651
1122,1.1050285062388592,-8.1485234456895412,-0.0042434995906100136,8.1485234456895412,8.1485245506312936
1123,1.1040445093499553,-8.1697017878462752,-0.0043480157718005698,8.1697017878462752,8.1697029448799281
1124,1.1030622633451956,-8.1910617216467436,-0.0044535183342278746,8.1910617216467436,8.1910629323459645
1125,1.1020817635555555,-8.2126047916109535,-0.0045600235730128263,8.2126047916109535,8.2126060575803947
1126,1.1011030053285966,-8.2343325664424647,-0.0046675480562583197,8.2343325664424647,8.23433388931854
1127,1.1001259840283939,-8.2562466394155365,-0.0047761086312457061,8.2562466394155365,8.2562480208672255
1128,1.0991506950354608,-8.2783486287708108,-0.0048857224307861623,8.2783486287708108,8.2783500705004762
1129,1.0981771337466784,-8.3006401781204922,-0.0049964068797287101,8.3006401781204922,8.3006416818647164
1130,1.0972052955752212,-8.3231229568622851,-0.005108179701632751,8.3231229568622851,8.323124524392739
1131,1.0962351759504863,-8.3457986606030587,-0.0052210589256072668,8.3457986606030587,8.3458002937273843
1132,1.0952667703180212,-8.3686690115917379,-0.0053350628933231548,8.3686690115917379,8.368670712154465
1133,1.0943000741394526,-8.3917357591629589,-0.0054502102662041165,8.3917357591629589,8.3917375290464307
1134,1.0933350828924162,-8.4150006801894541,-0.0055665200328006755,8.4150006801894541,8.4150025213147899
1135,1.0923717920704845,-8.4384655795463601,-0.005684011516353513,8.4384655795463601,8.4384674938744428
1136,1.0914101971830985,-8.4621322905848118,-0.0058027043825516454,8.4621322905848118,8.462134280117299
1137,1.0904502937554967,-8.4860026756176303,-0.0059226186474915406,8.4860026756176303,8.4860047423979932
1138,1.0894920773286467,-8.5100786264153392,-0.0060437746858435643,8.5100786264153392,8.5100807725299319
1139,1.0885355434591746,-8.5343620647142444,-0.0061661932392315846,8.5343620647142444,8.5343642922934002
1140,1.0875806877192982,-8.5588549427356497,-0.0062898954248328705,8.5588549427356497,8.5588572539548124
1141,1.0866275056967571,-8.5835592437180637,-0.0064149027442052167,8.5835592437180637,8.5835616407989406
1142,1.0856759929947459,-8.6084769824607683,-0.0065412370923478257,8.6084769824607683,8.6084794676725309
1143,1.084726145231846,-8.6336102058810305,-0.0066689207670038546,8.6336102058810305,8.6336127815415313
1144,1.083777958041958,-8.6589609935836478,-0.0067979764782119933,8.6589609935836478,8.65896366206068
1145,1.0828314270742356,-8.6845314584447593,-0.006928427358114761,8.6845314584447593,8.6845342221573567
1146,1.0818865479930191,-8.7103237472082355,-0.0070602969710322396,8.7103237472082355,8.7103266086280051
1147,1.080943316477768,-8.7363400410969305,-0.0071936093238092452,8.7363400410969305,8.7363430027494129
1148,1.0800017282229963,-8.7625825564389075,-0.0073283888764442782,8.7625825564389075,8.7625856209049928
1149,1.0790617789382071,-8.7890535453071266,-0.0074646605530106248,8.7890535453071266,8.789056715224504
1150,1.0781234643478259,-8.8157552961759684,-0.0076024497528778268,8.8157552961759684,8.815758574240613
1151,1.0771867801911381,-8.8426901345925479,-0.0077417823622431704,8.8426901345925479,8.8426935235602571
1152,1.0762517222222221,-8.8698604238640932,-0.0078826847659845822,8.8698604238640932,8.8698639265520658
1153,1.0753182862098871,-8.8972685657626052,-0.0080251838598439304,8.8972685657626052,8.8972721850510652
1154,1.0743864679376083,-8.9249170012459338,-0.0081693070629524425,8.9249170012459338,8.9249207400798021
1155,1.0734562632034632,-8.9528082111968708,-0.0083150823307090449,8.9528082111968708,8.9528120725874878
1156,1.072527667820069,-8.9809447171794687,-0.0084625381680239753,8.9809447171794687,8.9809487042063676
1157,1.0716006776145202,-9.0093290822146876,-0.0086117036429382808,9.0093290822146876,9.0093331980274201
1158,1.0706752884283246,-9.0379639115749377,-0.0087626084006339963,9.0379639115749377,9.0379681593949499
1159,1.0697514961173424,-9.0668518535972957,-0.008915282677845849,9.0668518535972957,9.0668562367198664
1160,1.0688292965517241,-9.0959956005182505,-0.0090697573176893552,9.0959956005182505,9.0960001223144875
1161,1.0679086856158484,-9.1253978893279246,-0.009226063784918876,9.1253978893279246,9.1254025532468166
1162,1.0669896592082615,-9.1550615026461273,-0.009384234181630275,9.1550615026461273,9.1550663122166611
1163,1.0660722132416165,-9.1849892696207682,-0.0095443012634230627,9.1849892696207682,9.1849942284541068
1164,1.0651563436426117,-9.2151840668473852,-0.0097062984560387471,9.2151840668473852,9.2151891786391253
1165,1.0642420463519313,-9.2456488193135229,-0.0098702598724899511,9.2456488193135229,9.2456540878460007
1166,1.0633293173241851,-9.2763865013657778,-0.010036220330699102,9.2763865013657778,9.276391930510469
1167,1.0624181525278491,-9.3074001377022597,-0.010204215371663015,9.3074001377022597,9.3074057314222305
1168,1.0615085479452053,-9.3386928043894741,-0.010374281278162509,9.3386928043894741,9.3386985667419289
1169,1.060600499572284,-9.3702676299060883,-0.010546455094035519,9.3702676299060883,9.3702735650449878
1170,1.0596940034188034,-9.4021277962130831,-0.010720774644034089,9.4021277962130831,9.4021339083918409
1171,1.0587890555081128,-9.434276539851524,-0.010897278554284972,9.434276539851524,9.4342828334258009
1172,1.0578856518771331,-9.4667171530690979,-0.011076006273376585,9.4667171530690979,9.4667236324996651
1173,1.0569837885763,-9.4994529849755978,-0.011256998094093095,9.4994529849755978,9.4994596548313144
1174,1.0560834616695058,-9.5324874427288719,-0.011440295175820073,9.5324874427288719,9.5324943076897437
1175,1.0551846672340426,-9.5658239927519908,-0.01162593956764503,9.5658239927519908,9.5658310576123231
1176,1.0542874013605441,-9.5994661619821713,-0.011813974232178538,9.5994661619821713,9.5994734316538359
1177,1.0533916601529312,-9.6334175391531147,-0.012004443070121523,9.6334175391531147,9.6334250186689196
1178,1.0524974397283531,-9.6676817761116745,-0.012197390945606582,9.6676817761116745,9.6676894706288365
1179,1.051604736217133,-9.7022625891689103,-0.012392863712341079,9.7022625891689103,9.7022705039726453
1180,1.0507135457627117,-9.737163760488432,-0.012590908240582011,9.737163760488432,9.7371719009956657
1181,1.0498238645215918,-9.7723891395115849,-0.012791572444973278,9.7723891395115849,9.7723975112747823
1182,1.0489356886632826,-9.8079426444210824,-0.01299490531327762,9.8079426444210824,9.8079512531322113
1183,1.048049014370245,-9.8438282636455909,-0.013200956936036148,9.8438282636455909,9.843837115140202
1184,1.0471638378378378,-9.8800500574039916,-0.013409778537190723,9.8800500574039916,9.8800591576654568
1185,1.0462801552742615,-9.9166121592930807,-0.013621422505706231,9.9166121592930807,9.9166215144569509
1186,1.0453979629005059,-9.9535187779191503,-0.013835942428228828,9.9535187779191503,9.9535283942776811
1187,1.0445172569502947,-9.990774198574055,-0.014053393122822153,9.990774198574055,9.9907840825808716
1188,1.0436380336700335,-10.02838278495916,-0.014273830673820341,10.02838278495916,10.02839294323409
1189,1.0427602893187551,-10.066348980956548,-0.014497312467843134,10.066348980956548,10.066359420290619
1190,1.0418840201680672,-10.104677312450789,-0.014723897231016355,10.104677312450789,10.104688039811391
1191,1.041009222502099,-10.143372389201765,-0.014953645067446324,10.143372389201765,10.143383411737995
1192,1.0401358926174495,-10.182438906771541,-0.015186617498995324,10.182438906771541,10.18245023181974
1193,1.0392640268231348,-10.221881648505668,-0.015422877506411511,10.221881648505668,10.221893283595145
1194,1.038393621440536,-10.26170548757138,-0.015662489571865293,10.26170548757138,10.261717440430337
1195,1.0375246728033471,-10.301915389054987,-0.015905519722949242,10.301915389054987,10.30192766761666
1196,1.036657177257525,-10.342516412120556,-0.016152035578198547,10.342516412120556,10.342529024529561
1197,1.0357911311612364,-10.383513712230258,-0.016402106394195579,10.383513712230258,10.383526666849175
1198,1.0349265308848079,-10.4249125434314,-0.016655803114320251,10.4249125434314,10.424925848847595
1199,1.0340633728106754,-10.466718260709662,-0.016913198419214258,10.466718260709662,10.466731925742335
1200,1.0332016533333332,-10.508936322413419,-0.017174366779029747,10.508936322413419,10.508950356120934
1201,1.032341368859284,-10.551572292748485,-0.017439384507534628,10.551572292748485,10.55158670443595
1202,1.0314825158069882,-10.594631844349816,-0.017708329818152235,10.594631844349816,10.59464664357694
1203,1.0306250906068162,-10.638120760928572,-0.017981282882015094,10.638120760928572,10.638135957517822
1204,1.0297690897009966,-10.682044940001123,-0.01825832588811796,10.682044940001123,10.682060544046164
1205,1.0289145095435683,-10.726410395700036,-0.018539543105657606,10.726410395700036,10.726426417574512
1206,1.0280613466003317,-10.771223261671881,-0.018825020948651988,10.771223261671881,10.771239712038495
1207,1.0272095973487987,-10.816489794063475,-0.019114848042936304,10.816489794063475,10.816506683883436
1208,1.0263592582781456,-10.862216374601761,-0.01940911529563729,10.862216374601761,10.86223371514456
1209,1.0255103258891645,-10.908409513768696,-0.019707915967232252,10.908409513768696,10.90842731662228
1210,1.0246627966942148,-10.955075854075858,-0.020011345746305448,10.955075854075858,10.95509413115718
1211,1.0238166672171758,-11.002222173442547,-0.020319502827118953,11.002222173442547,11.002240937008514
1212,1.0229719339933994,-11.049855388680708,-0.020632487990120824,11.049855388680708,11.049874651339568
1213,1.022128593569662,-11.097982559090596,-0.020950404685521319,11.097982559090596,11.098002333813756
1214,1.0212866425041185,-11.146610890172493,-0.021273359120072041,11.146610890172493,11.146631190306794
1215,1.0204460773662551,-11.195747737457641,-0.021601460347191757,11.195747737457641,11.195768576738134
1216,1.019606894736842,-11.245400610463371,-0.02193482036058917,11.245400610463371,11.245422003026572
1217,1.0187690912078882,-11.295577176777954,-0.022273554191539729,11.295577176777954,11.295599137175651
1218,1.0179326633825942,-11.346285266278674,-0.022617780009984149,11.346285266278674,11.346307809492261
1219,1.0170976078753076,-11.397532875490711,-0.022967619229621747,11.397532875490711,11.397556016946117
1220,1.0162639213114752,-11.449328172088528,-0.023323196617184697,11.449328172088528,11.449351927671737
1221,1.0154316003276003,-11.501679499550931,-0.02368464040608402,11.501679499550931,11.501703885624135
1222,1.0146006415711948,-11.554595381970024,-0.024052082414634413,11.554595381970024,11.554620415388447
1223,1.0137710417007357,-11.608084529024762,-0.02442565816907033,11.608084529024762,11.608110227154162
1224,1.0129427973856209,-11.662155841123166,-0.024805507031580291,11.662155841123166,11.662182221858062
1225,1.0121159053061224,-11.716818414721235,-0.025191772333599746,11.716818414721235,11.716845496503909
1226,1.0112903621533442,-11.772081547825682,-0.025584601514610929,11.772081547825682,11.772109349665953
1227,1.0104661646291768,-11.827954745687023,-0.025984146266718022,11.827954745687023,11.827983287182875
1228,1.009643309446254,-11.884447726693217,-0.026390562685275593,11.884447726693217,11.884477028052283
1229,1.0088217933279089,-11.941570428468463,-0.026804011425868288,11.941570428468463,11.941600510530446
1230,1.00800161300813,-11.999333014191023,-0.027224657867950891,11.999333014191023,11.999363898451062
1231,1.0071827652315191,-12.057745879133613,-0.027652672285480621,12.057745879133613,12.057777587766669
1232,1.0063652467532467,-12.116819657440349,-0.028088230024890554,12.116819657440349,12.116852213326645
1233,1.0055490543390104,-12.176565229148196,-0.028531511690769576,12.176565229148196,12.176598655899776
1234,1.0047341847649918,-12.236993727463769,-0.02898270333964216,12.236993727463769,12.237028049452224
1235,1.0039206348178138,-12.298116546307078,-0.029441996682257103,12.298116546307078,12.2981517886925
1236,1.0031084012944984,-12.359945348133287,-0.029909589294822889,12.359945348133287,12.359981536894523
1237,1.0022974810024252,-12.422492072045394,-0.030385684839651081,12.422492072045394,12.422529234011641
1238,1.0014878707592891,-12.485768942210822,-0.030870493295696216,12.485768942210822,12.485807105094676
1239,1.0006795673930589,-12.549788476593754,-0.031364231199511303,12.549788476593754,12.549827669025744
1240,0.99987256774193545,-12.614563496021127,-0.031867121897168241,12.614563496021127,12.614603747585843
1241,0.99906686865431094,-12.680107133592681,-0.032379395807724906,12.680107133592681,12.680148474866565
1242,0.99826246698872778,-12.74643284445542,-0.032901290698857652,12.74643284445542,12.746475307046317
1243,0.99745935961383747,-12.813554415955736,-0.033433051975315695,12.813554415955736,12.813598032544299
1244,0.9966575434083601,-12.881485978188877,-0.033974932980892616,12.881485978188877,12.881530782571911
1245,0.99585701526104409,-12.950242014963717,-0.034527195314656964,12.950242014963717,12.950288042099597
1246,0.99505777207062596,-13.019837375201476,-0.035090109162226074,13.019837375201476,13.019884661257731
1247,0.99425981074578984,-13.090287284791589,-0.035663953642923588,13.090287284791589,13.090335867194767
1248,0.99346312820512817,-13.161607358922229,-0.036249017173705295,13.161607358922229,13.16165727641021
1249,0.99266772137710158,-13.233813614914318,-0.036845597850803588,13.233813614914318,13.233864907591149
1250,0.99187358719999996,-13.306922485577488,-0.037454003850099463,13.306922485577488,13.306975194970949
1251,0.99108072262190239,-13.380950833117669,-0.038074553847293871,13.380950833117669,13.381005002239672
1252,0.99028912460063889,-13.455915963622274,-0.038707577459024686,13.455915963622274,13.455971637032293
1253,0.98949879010375097,-13.53183564215097,-0.03935341570615164,13.53183564215097,13.531892866022666
1254,0.98870971610845293,-13.608728108464053,-0.040012421500510487,13.608728108464053,13.608786930655279
1255,0.9879218996015936,-13.686612093419441,-0.040684960156527283,13.686612093419441,13.686672563545834
1256,0.9871353375796178,-13.765506836072468,-0.041371409929180245,13.765506836072468,13.765569005584819
1257,0.98635002704852814,-13.845432101515819,-0.042072162579894448,13.845432101515819,13.845496023781484
1258,0.9855659650238473,-13.926408199496468,-0.0427876239720692,13.926408199496468,13.926473929885038
1259,0.9847831485305798,-14.008456003851553,-0.043518214698051921,14.008456003851553,14.00852359982504
1260,0.9840015746031745,-14.091596972805664,-0.044264370739504691,14.091596972805664,14.0916664940135
1261,0.98322124028548763,-14.175853170175529,-0.045026544163244864,14.175853170175529,14.175924678554653
1262,0.98244214263074481,-14.261247287531727,-0.045805203854790463,14.261247287531727,14.26132084741211
1263,0.9816642787015043,-14.347802667366913,-0.046600836292005496,14.347802667366913,14.347878345582814
1264,0.98088764556962016,-14.435543327329885,-0.047413946361410886,14.435543327329885,14.435621193337262
1265,0.98011224031620547,-14.524493985578836,-0.048245058219917827,14.524493985578836,14.524574111579257
1266,0.97933806003159551,-14.614680087320931,-0.049094716204947833,14.614680087320931,14.614762548392438
1267,0.97856510181531164,-14.706127832600853,-0.049963485796118853,14.706127832600853,14.706212706836196
1268,0.97779336277602513,-14.798864205413604,-0.050851954631926238,14.798864205413604,14.798951574066384
1269,0.97702284003152085,-14.892917004212613,-0.051760733585104177,14.892917004212613,14.893006951851813
1270,0.97625353070866139,-14.988314873897057,-0.052690457900637158,14.988314873897057,14.988407488570543
1271,0.97548543194335158,-15.085087339363103,-0.053641788400703841,15.085087339363103,15.085182712770692
1272,0.97471854088050303,-15.183264840711779,-0.054615412761168547,15.183264840711779,15.183363068388559
1273,0.97395285467399839,-15.282878770211269,-0.055612046864607079,15.282878770211269,15.28297995172181
1274,0.97318837048665618,-15.383961511120624,-0.056632436235247344,15.383961511120624,15.38406575026494
1275,0.97242508549019602,-15.486546478484946,-0.057677357561645701,15.486546478484946,15.486653883516924
1276,0.97166299686520374,-15.590668162025388,-0.058747620313395268,15.590668162025388,15.59077884588466
1277,0.97090210180109626,-15.696362171251991,-0.059844068458684507,15.696362171251991,15.696476251810157
1278,0.97014239749608755,-15.803665282937956,-0.060967582290085892,15.803665282937956,15.803782883260221
1279,0.9693838811571539,-15.91261549110736,-0.062119080366592999,15.91261549110736,15.912736739730708
1280,0.96862654999999998,-16.023252059691259,-0.063299521580587964,16.023252059691259,16.023377090920395
1281,0.96787040124902413,-16.135615578029942,-0.06450990735919182,16.135615578029942,16.1357445322523
1282,0.96711543213728546,-16.249748019401892,-0.065751284010249766,16.249748019401892,16.249881043423198
1283,0.96636163990646917,-16.365692802782789,-0.0670247452241306,16.365692802782789,16.365830050184705
1284,0.96560902180685348,-16.483494858045773,-0.068331434743495678,16.483494858045773,16.483636489567331
1285,0.96485757509727621,-16.603200694837604,-0.069672549214296636,16.603200694837604,16.603346878782297
1286,0.96410729704510101,-16.724858475378703,-0.071049341232468671,16.724858475378703,16.725009388049276
1287,0.96335818492618486,-16.848518091458388,-0.072463122602113295,16.848518091458388,16.848673917621465
1288,0.96261023602484463,-16.974231245916698,-0.073915267822439484,16.974231245916698,16.974392179299734
1289,0.96186344763382459,-17.102051538928208,-0.075407217822359568,17.102051538928208,17.10221778275135
1290,0.96111781705426347,-17.232034559431014,-0.076940483963436529,17.232034559431014,17.232206326976744
1291,0.96037334159566223,-17.364237982070506,-0.078516652333876891,17.364237982070506,17.364415497294278
1292,0.95963001857585128,-17.498721670059872,-0.080137388358479361,17.498721670059872,17.498905168245123
1293,0.95888784532095894,-17.635547784395492,-0.081804441751911455,17.635547784395492,17.635737512856874
1294,0.95814681916537858,-17.774780899900975,-0.083519651845430004,17.774780899900975,17.774977118739951
1295,0.95740693745173744,-17.916488128615988,-0.08528495332020522,17.916488128615988,17.916691111533414
1296,0.95666819753086418,-18.060739251093111,-0.087102382383817706,18.060739251093111,18.060949286263785
1297,0.95593059676175784,-18.207606856215996,-0.088974083430298417,18.207606856215996,18.207824247230807
1298,0.95519413251155616,-18.357166490208066,-0.090902316228326341,18.357166490208066,18.357391557089848
1299,0.95445880215550416,-18.509496815563551,-0.092889463686972901,18.509496815563551,18.509729895863451
1300,0.95372460307692297,-18.66467978070078,-0.094938040253702033,18.66467978070078,18.664921230682644
1301,0.95299153266717906,-18.822800801215102,-0.097050701005353568,18.822800801215102,18.823050997136182
1302,0.95225958832565283,-18.983948953691062,-0.099230251499567601,18.983948953691062,18.984208293188335
1303,0.95152876745970827,-19.148217183129567,-0.10147965846171544,19.148217183129567,19.148486086721839
1304,0.95079906748466247,-19.315702525150272,-0.10380206139097869,19.315702525150272,19.315981437867595
1305,0.95007048582375475,-19.486506344244525,-0.10620078517891457,19.486506344244525,19.486795737397536
1306,0.94934301990811631,-19.660734589486061,-0.10867935384481561,19.660734589486061,19.661034962589476
1307,0.94861666717674054,-19.838498069252609,-0.11124150550462603,19.838498069252609,19.838809952118758
1308,0.94789142507645252,-20.019912746671089,-0.11389120870431874,20.019912746671089,20.020236701691207
1309,0.94716729106187925,-20.205100057689791,-0.11663268026473766,20.205100057689791,20.205436682322944
1310,0.94644426259541981,-20.394187253876709,-0.11947040480326329,20.394187253876709,20.394537183368762
1311,0.94572233714721576,-20.587307772283872,-0.122409156118646,20.587307772283872,20.58767168264157
1312,0.94500151219512185,-20.784601634972958,-0.12545402064936001,20.784601634972958,20.784980246221494
1313,0.94428178522467621,-20.986215881093784,-0.12861042324339611,20.986215881093784,20.986609960849794
1314,0.94356315372907151,-21.192305034743285,-0.13188415550907318,21.192305034743285,21.192715402139481
1315,0.94284561520912535,-21.403031612208245,-0.13528140705296726,21.403031612208245,21.403459142210629
1316,0.94212916717325224,-21.618566672627146,-0.13880879995319312,21.618566672627146,21.619012300791393
1317,0.9414138071374335,-21.83909041659556,-0.14247342686508097,21.83909041659556,21.839555144315526
1318,0.94069953262518957,-22.064792837799963,-0.14628289321288312,22.064792837799963,22.065277738108698
1319,0.93998634116755109,-22.295874433401579,-0.15024536398701716,22.295874433401579,22.296380657393922
1320,0.93927423030303026,-22.532546979628272,-0.15436961574314512,22.532546979628272,22.533075763584069
1321,0.93856319757759266,-22.775034379870526,-0.15866509448918015,22.775034379870526,22.775587053169318
1322,0.93785324054462926,-23.023573593550822,-0.16314198025162086,23.023573593550822,23.024151587482461
1323,0.93714435676492813,-23.278415655153466,-0.16781125923643142,23.278415655153466,23.279020512745387
1324,0.93643654380664643,-23.539826794098722,-0.17268480464571656,23.539826794098722,23.540460181099338
1325,0.93572979924528299,-23.808089667649917,-0.17777546738420463,23.808089667649917,23.808753384830176
1326,0.93502412066365004,-24.083504720796235,-0.18309717809460052,24.083504720796235,24.084200717757703
1327,0.93431950565184618,-24.366391689093113,-0.18866506220501333,24.366391689093113,24.367122079802584
1328,0.93361595180722889,-24.657091262847899,-0.19449556996341788,24.657091262847899,24.657858343155954
1329,0.93291345673438664,-24.955966933842845,-0.20060662378394617,24.955966933842845,24.95677320128873
1330,0.93221201804511267,-25.263407049110739,-0.20701778565089796,25.263407049110739,25.264255225369972
1331,0.93151163335837706,-25.57982710020341,-0.213750447835237,25.57982710020341,25.580720156599394
1332,0.93081230030030027,-25.905672281046023,-0.22082805079567691,25.905672281046023,25.906613467625878
1333,0.93011401650412595,-26.241420353029,-0.22827633288873334,26.241420353029,26.242413231799429
1334,0.92941677961019487,-26.587584862619757,-0.23612361743275184,26.587584862619757,26.588633345655747
1335,0.92872058726591755,-26.944718764760239,-0.24440114380291156,26.944718764760239,26.945827158042757
1336,0.92802543712574848,-27.313418514931676,-0.25314345063280475,27.313418514931676,27.314591568947371
1337,0.92733132685115927,-27.694328704425523,-0.26238882093507532,27.694328704425523,27.695571672780453
1338,0.92663825411061274,-28.088147327554985,-0.2721798011220824,28.088147327554985,28.089466035127348
1339,0.92594621657953691,-28.495631786902102,-0.28256380863018593,28.495631786902102,28.497032709400699
1340,0.92525521194029847,-28.917605764054578,-0.29359384628990892,28.917605764054578,28.919096121280514
1341,0.92456523788217737,-29.354967109695835,-0.30532934595426231,29.354967109695835,29.356554975351333
1342,0.92387629210134126,-29.808696939761568,-0.31783716948799434,29.808696939761568,29.81039137134665
1343,0.92318837230081896,-30.279870165493385,-0.33119280242192006,30.279870165493385,30.281681358727628
1344,0.92250147619047618,-30.76966773699327,-0.34548178492145454,30.76966773699327,30.77160721035996
1345,0.92181560148698882,-31.279390945570384,-0.36080143694019196,31.279390945570384,31.281471762094711
1346,0.9211307459138186,-31.810478214059486,-0.37726295054564651,31.810478214059486,31.812715249425153
1347,0.92044690720118771,-32.364524912313641,-0.39499394384484798,32.364524912313641,32.366935181067795
1348,0.9197640830860534,-32.943306875274843,-0.41414159972967324,32.943306875274843,32.945909930417116
1349,0.91908227131208298,-33.548808484638272,-0.43487655171660089,33.548808484638272,33.551626910690487
1350,0.91840146962962954,-34.183256417830222,-0.45739773270303918,34.183256417830222,34.186316444054235
1351,0.91772167579570685,-34.849160492115871,-0.48193847673241896,34.849160492115871,34.852492761646253
1352,0.91704288757396446,-35.549363469126817,-0.50877426815937965,35.549363469126817,35.553004012544839
1353,0.91636510273466365,-36.28710228257782,-0.53823268105333155,36.28710228257782,36.291093762591643
1354,0.91568831905465287,-37.066083978327683,-0.57070626605100827,37.066083978327683,37.070477298391374
1355,0.91501253431734308,-37.890580814696179,-0.60666945636744241,37.890580814696179,37.895437222762212
1356,0.91433774631268427,-38.765550620200671,-0.64670103407766644,38.765550620200671,38.770944496037465
1357,0.91366395283714064,-39.696790891827334,-0.69151441171926664,39.696790891827334,39.702813493392142
1358,0.91299115169366707,-40.691138630941992,-0.74199909288626342,40.691138630941992,40.697903210563361
1359,0.91231934069168497,-41.756733192282965,-0.79927843691472589,41.756733192282965,41.764382108576946
1360,0.91164851764705879,-42.903367524817071,-0.86479172367718715,42.903367524817071,42.912082327648328
1361,0.91097868038207197,-44.142965929224658,-0.94041332913274855,44.142965929224658,44.152981986025587
1362,0.91030982672540373,-45.490247057456926,-1.0286301602307883,45.490247057456926,45.501875316903202
1363,0.90964195451210561,-46.963665210576266,-1.1328134739467055,46.963665210576266,46.977325555823711
1364,0.90897506158357766,-48.58678222412037,-1.2576492531441583,48.58678222412037,48.603056370335736
1365,0.90830914578754574,-50.3903285653533,-1.4098464473158816,50.3903285653533,50.410047410504092
1366,0.90764420497803799,-52.41541208403261,-1.5993571018766013,52.41541208403261,52.439807084678279
1367,0.90698023701536201,-54.718728774270247,-1.8415977709598916,54.718728774270247,54.749710145553777
1368,0.90631723976608181,-57.381464321476713,-2.1617786343616192,57.381464321476713,57.42217110612318
1369,0.90565521110299485,-60.525464306814527,-2.6040969133143141,60.525464306814527,60.581458799614701
1370,0.90499414890510943,-64.344884319868413,-3.2535738324925605,64.344884319868413,64.42708965040039
1371,0.9043340510576221,-69.173764675526854,-4.2964423560277183,69.173764675526854,69.307064115455333
1372,0.90367491545189493,-75.640952843456944,-6.2274949489948188,75.640952843456944,75.89687371957973
1373,0.9030167399854333,-84.926568708476282,-10.817536534672968,84.926568708476282,85.61273952674641
1374,0.90235952256186314,-95.001463613332788,-25.258184160831306,95.001463613332788,98.301851232710078
1375,0.90170326109090904,-90.134791212610253,-44.846711935556556,90.134791212610253,100.67526090540632
1376,0.90104795348837208,-78.682494614133503,-52.415733710972845,78.682494614133503,94.542816221872513
1377,0.90039359767610738,-70.932561919707183,-55.240534239831916,70.932561919707183,89.905199869613398
1378,0.8997401915820028,-64.757579706277198,-56.798990449966496,64.757579706277198,86.137503130461283
1379,0.89908773313995638,-60.017312434932705,-57.222194871178729,60.017312434932705,82.924407611917744
1380,0.89843622028985504,-56.462565916549522,-57.813924130710902,56.462565916549522,80.811330723310689
1381,0.89778565097755247,-52.906641317946367,-58.289298221066474,52.906641317946367,78.719470162408058
1382,0.89713602315484797,-50.063767188169948,-58.185191482660827,50.063767188169948,76.758695226959063
1383,0.89648733477946485,-47.748684761547736,-58.531249870252353,47.748684761547736,75.537037986881487
1384,0.89583958381502882,-45.152648565571511,-58.692332407816451,45.152648565571511,74.051006447958741
1385,0.89519276823104688,-43.188006928766683,-58.488863325686779,43.188006928766683,72.705921874425513
1386,0.8945468860028859,-41.385478719647068,-58.793990209296751,41.385478719647068,71.899173385966279
1387,0.89390193511175187,-39.313774102164956,-58.746288372347266,39.313774102164956,70.687334308792828
1388,0.89325791354466855,-37.869516952545752,-58.581821685977346,37.869516952545752,69.756219409216811
1389,0.89261481929445641,-36.279858558191719,-58.852791060083135,36.279858558191719,69.136670100346876
1390,0.89197265035971218,-34.601066605768722,-58.639989061315688,34.601066605768722,68.087312528605992
1391,0.89133140474478789,-33.461419044081197,-58.596550584536388,33.461419044081197,67.477568901448507
1392,0.89069108045977008,-31.950704307667152,-58.766240133144123,31.950704307667152,66.890346726133345
1393,0.89005167552045938,-30.628692343760221,-58.463866111934962,30.628692343760221,66.001063896296202
1394,0.88941318794835,-29.594795526497663,-58.561405851538353,29.594795526497663,65.614710069951514
1395,0.88877561577060926,-28.142637526078353,-58.536858659800501,28.142637526078353,64.950534013830051
1396,0.8881389570200573,-27.105126779725211,-58.246771743503203,27.105126779725211,64.244644261484865
1397,0.88750320973514663,-25.983585131768308,-58.313615270514319,25.983585131768308,63.840617338943495
1398,0.88686837195994273,-24.797569951682583,-57.92543170401278,24.797569951682583,63.010119136570758
1399,0.88623444174410282,-24.14681120920492,-57.761243078425537,24.14681120920492,62.605348761411321
1400,0.88560141714285712,-23.107021553116127,-57.830882863578452,23.107021553116127,62.276363556626407
1401,0.88496929621698783,-22.248836363461628,-57.522745994195645,22.248836363461628,61.675578848040367
1402,0.8843380770328102,-21.527920839755502,-57.616959281251454,21.527920839755502,61.507441602623715
1403,0.88370775766215248,-20.48470735544069,-57.488161550710203,20.48470735544069,61.02877971841319
1404,0.88307833618233611,-19.857018630365985,-57.321889001665056,19.857018630365985,60.663828988994027
1405,0.88244981067615647,-18.963402367587911,-57.422153456749825,18.963402367587911,60.472426253339343
1406,0.88182217923186335,-18.153875071897218,-57.143162015786643,18.153875071897218,59.957519505800875
1407,0.88119543994314142,-17.529418947412836,-57.202300333431751,17.529418947412836,59.827950759407109
1408,0.88056959090909082,-16.592985381866804,-57.083829521905116,16.592985381866804,59.446536961952383
1409,0.87994463023420855,-16.038591321755412,-56.923238792380388,16.038591321755412,59.139593557959522
1410,0.87932055602836878,-15.22346097147252,-56.996778943058885,15.22346097147252,58.994801244125462
1411,0.87869736640680363,-14.524339064760419,-56.72782995490698,14.524339064760419,58.55769049971974
1412,0.87807505949008491,-13.93350385515004,-56.794233808066238,13.93350385515004,58.478436397759253
1413,0.87745363340410465,-13.107206155209294,-56.626762873760896,13.107206155209294,58.123911832879088
1414,0.87683308628005652,-12.617496134754905,-56.533985189446881,12.617496134754905,57.924888347852296
1415,0.87621341625441684,-11.828800565361444,-56.529343554349083,11.828800565361444,57.753676986844077
1416,0.87559462146892653,-11.279671877925203,-56.306973792126684,11.279671877925203,57.425658858222064
1417,0.8749767000705716,-10.638126621403455,-56.372835894220032,10.638126621403455,57.367816454608715
1418,0.87435965021156548,-9.977709561174148,-56.141069450259792,9.977709561174148,57.02082397778937
1419,0.87374347004933051,-9.4732126631726175,-56.162037081094311,9.4732126631726175,56.955387517423716
1420,0.87312815774647878,-8.7502675705994655,-56.011745775139119,8.7502675705994655,56.69111788751303
1421,0.87251371147079515,-8.306703643977599,-55.933123581215384,8.306703643977599,56.546579374710042
1422,0.87190012939521799,-7.6001812133831272,-55.88373240100573,7.6001812133831272,56.398176402641596
1423,0.87128740969782148,-7.1432036507541596,-55.717783793223134,7.1432036507541596,56.173808747711831
1424,0.87067555056179768,-6.5077387755410605,-55.735724468397251,6.5077387755410605,56.114362207796468
1425,0.87006455017543849,-6.0007224668734729,-55.528735053837551,6.0007224668734729,55.852028493186594
1426,0.86945440673211771,-5.4493335460951684,-55.565931901443605,5.4493335460951684,55.832499712734219
1427,0.86884511843027323,-4.893912212857737,-55.362017429257037,4.893912212857737,55.577903438187711
1428,0.86823668347338934,-4.410016849060689,-55.384701305053269,4.410016849060689,55.559998085483841
1429,0.86762910006997895,-3.8270090708337321,-55.207281653593739,3.8270090708337321,55.339768214255031
1430,0.86702236643356634,-3.3852814029300671,-55.203952456668759,3.3852814029300671,55.307653150492371
1431,0.86641648078266942,-2.7961412296205914,-55.056385111298155,2.7961412296205914,55.127343009613277
1432,0.86581144134078203,-2.3761653478180094,-55.031478241572813,2.3761653478180094,55.082753736654027
1433,0.86520724633635726,-1.7947730113461269,-54.906030659507593,1.7947730113461269,54.935356674413654
1434,0.86460389400278936,-1.3842008030598834,-54.870742254895589,1.3842008030598834,54.888198799617903
1435,0.8640013825783972,-0.81736431315875269,-54.756494855199506,0.81736431315875269,54.762595019300484
1436,0.86339971030640661,-0.40895087821299203,-54.722762887715675,0.40895087821299203,54.724290940001623
1437,0.86279887543493383,0.13953322083546471,-54.609861008843737,0.13953322083546471,54.6100392686633
1438,0.862198876216968,0.55241021170503757,-54.587380459979926,0.55241021170503757,54.590175512857577
1439,0.86159971091035437,1.0777178700062939,-54.469439204006875,1.0777178700062939,54.480099880656709
1440,0.86100137777777774,1.5044506765053871,-54.463128595038199,1.5044506765053871,54.483903569748975
1441,0.86040387508674521,1.998879295094224,-54.340376318868366,1.998879295094224,54.377127700096352
1442,0.85980720110956999,2.4517252198793007,-54.34633196905277,2.4517252198793007,54.401606180739549
1443,0.85921135412335403,2.9078283783645835,-54.23010378096042,2.9078283783645835,54.308006978453555
1444,0.85861633240997226,3.3955149733199539,-54.231569564905811,3.3955149733199539,54.337764578672704
1445,0.85802213425605534,3.8173284195848285,-54.145437326409066,3.8173284195848285,54.279834004269595
1446,0.85742875795297369,4.331558556106029,-54.117086974350542,4.331558556106029,54.290160269743133
1447,0.85683620179682096,4.7498024339301042,-54.082938688063152,4.7498024339301042,54.291112350901109
1448,0.85624446408839772,5.2586319056450579,-54.014394223412438,5.2586319056450579,54.269770525047178
1449,0.85565354313319519,5.7267671712413888,-54.018361724099833,5.7267671712413888,54.321075703536117
1450,0.85506343724137923,6.2088679635646429,-53.941195270376767,6.2088679635646429,54.297353421560949
1451,0.85447414472777394,6.7598386721055164,-53.913066788297726,6.7598386721055164,54.335202119733978
1452,0.85388566391184562,7.2843565564821979,-53.839540204621784,7.2843565564821979,54.33008319418488
1453,0.8532979931176875,7.8778596894822055,-53.602990921128352,7.8778596894822055,54.178790213308908
1454,0.85271113067400273,8.2834788821794731,-53.330079896189687,8.2834788821794731,53.96956034771349
1455,0.85212507491408929,8.4921621590335281,-53.155677517846541,8.4921621590335281,53.829758224578867
1456,0.85153982417582408,8.7756982690262504,-53.092590666359243,8.7756982690262504,53.812973006279506
1457,0.85095537680164712,9.0894135175848962,-53.108342635648086,9.0894135175848962,53.880548397348846
1458,0.85037173113854592,9.4007466079170214,-53.127468939957026,9.4007466079170214,53.952775579689714
1459,0.84978888553803966,9.7513288165649303,-53.146377073012928,9.7513288165649303,54.033561882182482
1460,0.84920683835616428,10.124733165753511,-53.201566830801639,10.124733165753511,54.156411761950785
1461,0.84862558795345644,10.490593173585644,-53.275714442079433,10.490593173585644,54.298750394900182
1462,0.84804513269493842,10.864256659501073,-53.346470795358073,10.864256659501073,54.441510073504624
1463,0.8474654709501025,11.262893783743404,-53.426370482207204,11.262893783743404,54.60063955015498
1464,0.84688660109289615,11.677540859339874,-53.528890848387178,11.677540859339874,54.787837299715534
1465,0.84630852150170643,12.097357690664076,-53.648463065773484,12.097357690664076,54.9954875641223
1466,0.84573123055934507,12.524612141717203,-53.776624355702609,12.524612141717203,55.215860369958889
1467,0.84515472665303337,12.965372755897004,-53.91316241340553,12.965372755897004,55.45024771913647
1468,0.84457900817438691,13.422009767740477,-54.061624634588242,13.422009767740477,55.702868905797288
1469,0.84400407351940088,13.894829722487465,-54.224672688264022,13.894829722487465,55.976614949157899
1470,0.84342992108843529,14.384451832909058,-54.403938269282122,14.384451832909058,56.273448034940429
1471,0.8428565492861998,14.892423261591318,-54.600396359683231,14.892423261591318,56.594942823868067
1472,0.84228395652173904,15.421688758502878,-54.814398720447244,15.421688758502878,56.942486697090274
1473,0.84171214120841809,15.976806867984124,-55.045967474651363,15.976806867984124,57.317683945857766
1474,0.84114110176390766,16.563737324770241,-55.294693924779565,16.563737324770241,57.722271008676032
1475,0.8405708366101694,17.190107261641995,-55.558753515419355,17.190107261641995,58.157328685677086
1476,0.84000134417344163,17.866639565486182,-55.83288871210631,17.866639565486182,58.621909481877545
1477,0.83943262288422471,18.610039746423752,-56.103013341246964,18.610039746423752,59.109066016404
1478,0.83886467117726649,19.444606654108199,-56.323521328555955,19.444606654108199,59.585499769501695
1479,0.83829748749154831,20.30642038024029,-56.34577096167439,20.30642038024029,59.893210081982645
1480,0.83773107027027016,20.920044637587367,-56.295854077335576,20.920044637587367,60.057234817591365
1481,0.83716541796083721,21.362200981326332,-56.473983056098234,21.362200981326332,60.379254657432213
1482,0.83660052901484472,21.899704237157714,-56.833109363705574,21.899704237157714,60.906480489533301
1483,0.83603640188806472,22.536528882474755,-57.271133530175106,22.536528882474755,61.545738031985337
1484,0.83547303504043124,23.258138589549233,-57.761387031439241,23.258138589549233,62.268120595103859
1485,0.83491042693602691,24.06025289456506,-58.297566146957877,24.06025289456506,63.067439998856422
1486,0.83434857604306856,24.944135981232229,-58.87757201805907,24.944135981232229,63.943556411822584
1487,0.83378748083389365,25.914900352567535,-59.501754037273471,25.914900352567535,64.900237239903021
1488,0.83322713978494622,26.979820061820739,-60.171624014671409,26.979820061820739,65.943422925498837
1489,0.83266755137676285,28.148521327239969,-60.889787670030245,28.148521327239969,67.081334925681446
1490,0.8321087140939597,29.433388742398726,-61.660240568308836,29.433388742398726,68.325029380183096
1491,0.83155062642521793,30.850451969389766,-62.488518376403448,30.850451969389766,69.689061663891948
1492,0.83099328686327067,32.420715036706305,-63.381747334835751,32.420715036706305,71.192335673921193
1493,0.83043669390488939,34.17192308146042,-64.348594046804777,34.17192308146042,72.859192164652256
1494,0.82988084605087009,36.140947091618074,-65.399151129940719,36.140947091618074,74.720927625371218
1495,0.82932574180602003,38.377204151587947,-66.544886248565206,38.377204151587947,76.818172878083615
1496,0.82877137967914427,40.948138292868592,-67.798702901808753,40.948138292868592,79.204887127118752
1497,0.82821775818303267,43.948655455119436,-69.174800735328603,43.948655455119436,81.955093637218283
1498,0.82766487583444592,47.518143137663174,-70.687161021252649,47.518143137663174,85.174225329591039
1499,0.82711273115410266,51.872378166198487,-72.343183881952967,51.872378166198487,89.018424333365758
1500,0.8265613226666666,57.366352789741498,-74.121729703444913,57.366352789741498,93.727953389731226
1501,0.82601064890073284,64.624434860198704,-75.899723058733514,64.624434860198704,99.684931365741079
1502,0.8254607083888148,74.837526701375509,-77.185058612000745,74.837526701375509,107.50901671821336
1503,0.8249114996673319,90.329453763414705,-75.878194216515197,90.329453763414705,117.96995623783233
1504,0.82436302127659566,112.42794365025526,-62.521441054883496,112.42794365025526,128.64281210003242
1505,0.82381527176079727,116.31533738868669,-29.564212775744835,116.31533738868669,120.01375083253389
1506,0.82326824966799461,101.48832200842409,-12.717794664833917,101.48832200842409,102.28206981295627
1507,0.82272195355009947,89.891069849766126,-6.5458604408725947,89.891069849766126,90.129089242302413
1508,0.82217638196286469,81.61773066978725,-3.6396383685199289,81.61773066978725,81.698842875156643
1509,0.82163153346587137,75.385906499901154,-1.9973144880209723,75.385906499901154,75.412360816883961
1510,0.82108740662251645,70.457952824869352,-0.95553988911620991,70.457952824869352,70.464431969265235
1511,0.82054399999999994,66.41704332474373,-0.24164622574953221,66.41704332474373,66.417482916016212
1512,0.82000131216931216,63.012583324133701,0.27512591305237866,63.012583324133701,63.01318394946351
1513,0.81945934170522139,60.084262785564889,0.66513718732138027,60.084262785564889,60.08794423145774
1514,0.81891808718626147,57.523656771839072,0.9695850960245842,57.523656771839072,57.531827571030455
1515,0.81837754719471945,55.253984329369729,1.2137057314320234,55.253984329369729,55.26731281573899
1516,0.81783772031662261,53.219255626507902,1.4130934617125663,53.219255626507902,53.238012759410239
1517,0.81729860514172703,51.378204474005031,1.5774406179796179,51.378204474005031,51.402414475157904
1518,0.8167602002635046,49.700435484538289,1.7133765891173101,49.700435484538289,49.729960252235152
1519,0.8162225042791309,48.163162338544893,1.8266401080808956,48.163162338544893,48.197788544013918
1520,0.81568551578947368,46.748074684509774,1.923134043790661,46.748074684509774,46.787615148230095
1521,0.81514923339907952,45.438790538091538,2.0084730388129168,45.438790538091538,45.483157866535556
1522,0.81461365571616284,44.219817313509211,2.0865207535023105,44.219817313509211,44.26901638951248
1523,0.81407878135259348,43.077311082791397,2.1582087440325162,43.077311082791397,43.131341216178299
1524,0.81354460892388447,42.000777319841362,2.2218895268662275,42.000777319841362,42.059506518033459
1525,0.81301113704918027,40.984064076806646,2.2754680360365409,40.984064076806646,41.047183375169816
1526,0.81247836435124499,40.024228600955809,2.3190549566706138,40.024228600955809,40.091356811582564
1527,0.81194628945645053,39.118479007886336,2.3559580199720394,39.118479007886336,39.189360011134589
1528,0.81141491099476437,38.261386327288193,2.3908360378127216,38.261386327288193,38.336011538052574
1529,0.81088422759973833,37.444737100991588,2.4263301143606624,37.444737100991588,37.523264975028887
1530,0.8103542379084967,36.660258286724797,2.461024202031302,36.660258286724797,36.742770415040255
1531,0.80982494056172427,35.902938923732862,2.4906169821159918,35.902938923732862,35.9892233357834
1532,0.80929633420365532,35.171820710585422,2.5116663022881394,35.171820710585422,35.261387376443594
1533,0.8087684174820613,34.466692930868064,2.5243614751485888,34.466692930868064,34.559012174076457
1534,0.80824118904823983,33.783155831631362,2.5306965882250472,33.783155831631362,33.877810483647579
1535,0.80771464755700317,33.110186222304748,2.5275479244995358,33.110186222304748,33.206519392829186
1536,0.80718879166666657,32.433598514485439,2.4929105171384283,32.433598514485439,32.529262448529195
1537,0.80666362003903702,31.783676076168945,2.3598110024476577,31.783676076168945,31.871158951034509
1538,0.80613913133940174,31.305067127447245,2.1978577758288855,31.305067127447245,31.382125591756044
1539,0.80561532423651716,30.885049257985642,2.1385231244111154,30.885049257985642,30.958997865270778
1540,0.8050921974025973,30.4613555234397,2.1217326185488936,30.4613555234397,30.535158909525993
1541,0.80456974951330296,30.036381248876225,2.1214554926350555,30.036381248876225,30.11120674989753
1542,0.80404797924773019,29.613389802080832,2.1272061538245128,29.613389802080832,29.689692851069609
1543,0.80352688528839922,29.196542410314954,2.1332902604847548,29.196542410314954,29.274374733763302
1544,0.80300646632124351,28.789946073612462,2.1386517359249209,28.789946073612462,28.869271313441359
1545,0.80248672103559859,28.394845427141796,2.1449965577850776,28.394845427141796,28.475748577766748
1546,0.80196764812419141,28.009730291646839,2.1531730394846091,28.009730291646839,28.092368094355486
1547,0.80144924628312852,27.633145625574514,2.1620203719982438,27.633145625574514,27.717594939913944
1548,0.80093151421188624,27.265158878212844,2.1700318831451533,27.265158878212844,27.351378887143056
1549,0.80041445061329886,26.90668594708103,2.1767071305591807,26.90668594708103,26.994588394474082
1550,0.79989805419354831,26.558430057868719,2.1827354358074897,26.558430057868719,26.64797442811431
1551,0.79938232366215334,26.219925603394998,2.1895071849568044,26.219925603394998,26.311184700817748
1552,0.79886725773195866,25.889103100813031,2.1974640908395804,25.889103100813031,25.982195977150511
1553,0.79835285511912424,25.564595348636864,2.2045323727148762,25.564595348636864,25.659471902630685
1554,0.79783911454311451,25.248469103752697,2.2090828360220907,25.248469103752697,25.34492531177715
1555,0.79732603472668806,24.942581740037888,2.2138302948390689,24.942581740037888,25.040635543708124
1556,0.79681361439588683,24.643501158838141,2.2213583136756871,24.643501158838141,24.743414924447936
1557,0.79630185228002559,24.348127560602848,2.2279668362406415,24.348127560602848,24.44984973227394
1558,0.79579074711168163,24.060596226836125,2.2308479191479873,24.060596226836125,24.163794677765488
1559,0.79528029762668373,23.783133576923198,2.2351908208726865,23.783133576923198,23.887936720099649
1560,0.79477050256410253,23.509556767401079,2.2427488632722459,23.509556767401079,23.616290603381447
1561,0.79426136066623954,23.239081275213877,2.2470166368511988,23.239081275213877,23.347462009440818
1562,0.79375287067861711,22.978158382411785,2.2490698330808274,22.978158382411785,23.087963915453329
1563,0.79324503134996793,22.723677836297213,2.2550877986446807,22.723677836297213,22.835300641494111
1564,0.79273784143222503,22.470567954839893,2.2605006082021655,22.470567954839893,22.583982979376334
1565,0.79223129968051109,22.224301023062409,2.2624846394409177,22.224301023062409,22.339167233972688
1566,0.79172540485312892,21.985146693023658,2.2667851804831187,21.985146693023658,22.101696545021763
1567,0.79122015571155069,21.748246880537337,2.2718417099122115,21.748246880537337,21.866584258445553
1568,0.79071555102040814,21.516014168608024,2.274726882910322,21.516014168608024,21.635924941993494
1569,0.79021158954748238,21.289678566338345,2.2778686468426645,21.289678566338345,21.411190976456101
1570,0.78970827006369426,21.06736373969121,2.2821280669823691,21.06736373969121,21.190609322399503
1571,0.78920559134309354,20.847706318357773,2.2858510742728413,20.847706318357773,20.972648232167746
1572,0.78870355216284982,20.633392550084672,2.2878739564260582,20.633392550084672,20.759847190342761
1573,0.78820215130324212,20.423647261482508,2.2923177559555508,20.423647261482508,20.551887702975876
1574,0.78770138754764929,20.215014587713206,2.2954870848105196,20.215014587713206,20.344927518622171
1575,0.78720125968253962,20.012643158460705,2.2975668677655898,20.012643158460705,20.144098383887478
1576,0.78670176649746182,19.812701198820804,2.3018814268365722,19.812701198820804,19.945971695983392
1577,0.78620290678503479,19.615348930057351,2.3043557106276138,19.615348930057351,19.750239717254171
1578,0.78570467934093779,19.422625956382447,2.3069616580997958,19.422625956382447,19.559153129250859
1579,0.78520708296390118,19.232394837772603,2.3107775170256555,19.232394837772603,19.37071769267142
1580,0.78471011645569611,19.044405039761443,2.3129179383369012,19.044405039761443,19.184341341520476
1581,0.78421377862112585,18.861146570105134,2.3160208369245243,18.861146570105134,19.002810383100105
1582,0.78371806826801516,18.678758957532303,2.3192045147680798,18.678758957532303,18.822187592703294
1583,0.78322298420720149,18.500245900080387,2.3213899854810105,18.500245900080387,18.645319783477376
1584,0.78272852525252523,18.324364678877274,2.3248666823833246,18.324364678877274,18.47125729276004
1585,0.78223469022082015,18.149964457780293,2.3272691701645276,18.149964457780293,18.298562555815309
1586,0.78174147793190407,17.9794917005662,2.3301794920971717,17.9794917005662,18.129860955785599
1587,0.78124888720856955,17.810001073279857,2.3333117453586105,17.810001073279857,17.962195910613438
1588,0.78075691687657423,17.643615555260197,2.3356036337528696,17.643615555260197,17.797533935796253
1589,0.7802655657646318,17.479066202975588,2.3391752764971723,17.479066202975588,17.634894281003756
1590,0.77977483270440251,17.316436132961471,2.341567575719234,17.316436132961471,17.474034996491032
1591,0.77928471653048392,17.156387538431247,2.3449551861447726,17.156387538431247,17.315901599219899
1592,0.77879521608040192,16.997325727895216,2.3477850706614007,16.997325727895216,17.158705564179051
1593,0.77830633019460127,16.841074786185189,2.3509974245986314,16.841074786185189,17.004381460210539
1594,0.77781805771643653,16.685555556888218,2.354328830468809,16.685555556888218,16.850834652443179
1595,0.77733039749216293,16.532571659081071,2.3575082500127862,16.532571659081071,16.699813496309741
1596,0.77684334837092728,16.380333854936985,2.3612455488269384,16.380333854936985,16.549647057899747
1597,0.77635690920475886,16.230186873292006,2.3645946993906608,16.230186873292006,16.401532673331676
1598,0.77587107884856066,16.080821983841531,2.3687011893678447,16.080821983841531,16.254340374205093
1599,0.77538585616010003,15.933137898083864,2.3723970314330174,15.933137898083864,16.108791107780512
1600,0.77490123999999994,15.786156166941346,2.3769048965131629,15.786156166941346,15.964097325377608
1601,0.77441722923173006,15.640523028294709,2.3810955794416357,15.640523028294709,15.82073249748739
1602,0.77393382272159794,15.49536929037702,2.3860800477971842,15.49536929037702,15.678005212387674
1603,0.77345101933873983,15.351288495167793,2.3909162293027393,15.351288495167793,15.536361828865029
1604,0.77296881795511219,15.207333954148694,2.3964897510089962,15.207333954148694,15.39500468072988
1605,0.77248721744548277,15.064147205378589,2.4021627942036723,15.064147205378589,15.254472036592153
1606,0.77200621668742209,14.920636903698771,2.4084629103665862,14.920636903698771,15.113771839042334
1607,0.77152581456129432,14.777444846226835,2.4152027768351889,14.777444846226835,14.97351263520048
1608,0.77104600995024875,14.633419603653643,2.4224285326537478,14.633419603653643,14.832569881595356
1609,0.7705668017402113,14.488943703812616,2.4304804793330268,14.488943703812616,14.69138267872259
1610,0.77008818881987573,14.343045361266284,2.4389512253685126,14.343045361266284,14.548932377156369
1611,0.76961017008069521,14.195435332950794,2.4485308204201455,14.195435332950794,14.40505770451945
1612,0.7691327444168734,14.045471736843194,2.4587096212626034,14.045471736843194,14.25905078580444
1613,0.76865591072535644,13.891922446485694,2.4700027313157249,13.891922446485694,14.109798820390042
1614,0.76817966790582404,13.734022533806552,2.48230844531074,13.734022533806552,13.956547931948185
1615,0.76770401486068107,13.569665793960461,2.4954723431414667,13.569665793960461,13.797217544677787
1616,0.76722895049504947,13.396602814210336,2.5096479568845793,13.396602814210336,13.629647824841376
1617,0.76675447371675942,13.211279656051691,2.5239281898736685,13.211279656051691,13.450209056295156
1618,0.76628058343634109,13.007707872839855,2.5368760363123068,13.007707872839855,13.252780996030818
1619,0.76580727856701658,12.77662147431786,2.5444155226934662,12.77662147431786,13.027513448472188
1620,0.7653345580246913,12.501683652771945,2.5342719380487604,12.501683652771945,12.755964424925567
1621,0.76486242072794564,12.157355910847087,2.4673582121964741,12.157355910847087,12.405206942663311
1622,0.76439086559802705,11.759828184311516,2.2147932756835891,11.759828184311516,11.966572950454141
1623,0.76391989155884155,11.626733049481988,1.7387619180070841,11.626733049481988,11.756028853802139
1624,0.7634494975369458,11.741201182695235,1.4672373539811154,11.741201182695235,11.832522582502916
1625,0.76297968246153836,11.826660135922673,1.3527130937286453,11.826660135922673,11.903769263748664
1626,0.76251044526445255,11.86647464091055,1.2935432249971952,11.86647464091055,11.936769851107515
1627,0.76204178488014751,11.87597958346532,1.2570592452114557,11.87597958346532,11.942323434443429
1628,0.76157370024570015,11.8655968094297,1.2316763889448734,11.8655968094297,11.92935096185172
1629,0.76110619030079796,11.841599908367868,1.2124809508176724,11.841599908367868,11.903512021498262
1630,0.76063925398773002,11.807890664671458,1.1970615520208423,11.807890664671458,11.868413470559657
1631,0.76017289025137946,11.766998287489105,1.1840995759675328,11.766998287489105,11.826425516764481
1632,0.75970709803921566,11.720627170840437,1.1728201236246685,11.720627170840437,11.779159915724978
1633,0.75924187630128592,11.669968472090108,1.1627428487883811,11.669968472090108,11.72775063991325
1634,0.75877722399020797,11.615879928721657,1.1535547217756228,11.615879928721657,11.673018247848733
1635,0.75831314006116202,11.558992205098562,1.1450417771058381,11.558992205098562,11.61556806483639
1636,0.75784962347188256,11.499774945232872,1.1370515484950638,11.499774945232872,11.555851765012422
1637,0.75738667318265118,11.438579926894764,1.1294714294313213,11.438579926894764,11.494207952436803
1638,0.75692428815628809,11.375670190031428,1.122215435004821,11.375670190031428,11.43088971843105
1639,0.75646246735814515,11.31123994693953,1.1152157323074332,11.31123994693953,11.366083550054812
1640,0.75600120975609753,11.245427989272823,1.1084170459749245,11.245427989272823,11.299922079807823
1641,0.75554051432053615,11.178326255720297,1.101772426709851,11.178326255720297,11.232492170466173
1642,0.75508038002436051,11.109985523301141,1.0952390493946227,11.109985523301141,11.163840150381935
1643,0.75462080584297009,11.04042048304624,1.0887749719841717,11.04042048304624,11.093976536034594
1644,0.75416179075425782,10.969611929797953,1.0823393381495519,10.969611929797953,11.022878223643385
1645,0.75370333373860177,10.897502492356534,1.0758903284993224,10.897502492356534,10.950484033588433
1646,0.75324543377885778,10.823995465755246,1.069378808831841,10.823995465755246,10.876692920160464
1647,0.75278808986035206,10.748950753544296,1.0627486304974465,10.748950753544296,10.801359958530439
1648,0.75233130097087375,10.672174030362033,1.0559298732077889,10.672174030362033,10.724284891379304
1649,0.75187506610066701,10.593405694533537,1.0488326752142083,10.593405694533537,10.645200523690127
1650,0.75141938424242416,10.512304208299035,1.041337670268736,10.512304208299035,10.563755199328615
1651,0.75096425439127801,10.428411332045929,1.0332890621735975,10.428411332045929,10.47947752497001
1652,0.75050967554479409,10.341100066264865,1.0244547671908419,10.341100066264865,10.391720653988118
1653,0.75005564670296421,10.249514973538236,1.0144812949530302,10.249514973538236,10.29959851113596
1654,0.74960216686819825,10.15245112269271,1.0028109712983515,10.15245112269271,10.201857362403222
1655,0.74914923504531716,10.048151364718837,0.9885035702102245,10.048151364718837,10.096657127813115
1656,0.74869685024154586,9.933948487053744,0.96984173040590482,9.933948487053744,9.9811785639509569
1657,0.74824501146650568,9.8056178791906135,0.9433469485360757,9.8056178791906135,9.8508905921249053
1658,0.74779371773220737,9.6563381276564222,0.9009342703138945,9.6563381276564222,9.6982755474907592
1659,0.7473429680530439,9.4770438853736643,0.82028589121738604,9.4770438853736643,9.5124775820302805
1660,0.74689276144578309,9.2845346437457899,0.63709047676655273,9.2845346437457899,9.3063670584445788
1661,0.74644309692956046,9.2449287795095252,0.34138001611530916,9.2449287795095252,9.2512295644204166
1662,0.74599397352587238,9.3495243817617428,0.16596878689436562,9.3495243817617428,9.3509973694457038
1663,0.74554539025856881,9.4372635466348775,0.090418143716054916,9.4372635466348775,9.4376966834793219
1664,0.74509734615384615,9.4945003476998799,0.052118683746419342,9.4945003476998799,9.4946433956030489
1665,0.74464984024024017,9.5305239108578199,0.029534694061273042,9.5305239108578199,9.5305696741373183
1666,0.74420287154861942,9.5521674704766895,0.014794320353816587,9.5521674704766895,9.5521789271321627
1667,0.74375643911217748,9.5636765706663631,0.0044831079895368275,9.5636765706663631,9.5636776214262866
1668,0.74331054196642676,9.5677510339311986,-0.0030947075271452462,9.5677510339311986,9.5677515344257458
1669,0.74286517914919104,9.5661858572172811,-0.0088708284537016291,9.5661858572172811,9.5661899702243716
1670,0.74242034970059878,9.560225949480639,-0.013397969644746655,9.560225949480639,9.560235337621851
1671,0.74197605266307598,9.550766663721582,-0.017024226612101956,9.550766663721582,9.5507818365381585
1672,0.74153228708133967,9.5384719747620892,-0.01997955802007631,9.5384719747620892,9.5384928996178662
1673,0.74108905200239084,9.523847140773686,-0.022421920713890708,9.523847140773686,9.5238735346156087
1674,0.74064634647550776,9.5072851409439139,-0.024463387129245978,9.5072851409439139,9.5073166145092056
1675,0.74020416955223878,9.4890973860299823,-0.026185677277611744,9.4890973860299823,9.4891335163573025
1676,0.73976252028639611,9.469534646587686,-0.027649786915608765,9.469534646587686,9.4695750133594192
1677,0.73932139773404881,9.4488016952475711,-0.028902171085368022,9.4488016952475711,9.4488458983945129
1678,0.73888080095351605,9.4270677913462677,-0.029978838634425881,9.4270677913462677,9.4271154587924766
1679,0.73844072900536029,9.4044743441036758,-0.030908136667348249,9.4044743441036758,9.4045251343072334
1680,0.73800118095238088,9.3811406168093825,-0.031712688988339607,9.3811406168093825,9.3811942185946453
1681,0.73756215585960727,9.3571680427218666,-0.032410773900210674,9.3571680427218666,9.3572241737600894
1682,0.73712365279429248,9.332643538853489,-0.03301732183198372,9.332643538853489,9.3327019435340777
1683,0.73668567082590608,9.3076420842968055,-0.033544649817398936,9.3076420842968055,9.307702531393252
1684,0.7362482090261282,9.2822287505973868,-0.034003010424455513,9.2822287505973868,9.2822910309435276
1685,0.73581126646884265,9.2564603182447982,-0.034401007643154624,9.2564603182447982,9.2565242425311798
1686,0.73537484223013039,9.2303865766231077,-0.034745915917761924,9.2303865766231077,9.2304519733638735
1687,0.73493893538826316,9.2040513790466889,-0.035043927680604839,9.2040513790466889,9.2041180927342801
1688,0.73450354502369664,9.1774935063253871,-0.035300347429076534,9.1774935063253871,9.1775613957724769
1689,0.73406867021906452,9.1507473791413503,-0.035519745364069308,9.1507473791413503,9.150816316000066
1690,0.73363431005917157,9.1238436499770046,-0.035706080104461274,9.1238436499770046,9.1239135174212453
1691,0.73320046363098756,9.096809698283252,-0.035862797515835612,9.096809698283252,9.0968803898383701
1692,0.73276713002364058,9.0696700472954639,-0.035992910917009915,9.0696700472954639,9.0697414657996056
1693,0.73233430832841107,9.0424467169468308,-0.036099066641654645,9.0424467169468308,9.0425187736291122
1694,0.73190199763872488,9.0151595243162745,-0.036183597989397812,9.0151595243162745,9.0152321379781402
1695,0.73147019705014749,8.9878263407064765,-0.036248569901973712,8.9878263407064765,8.9878994369940042
1696,0.73103890566037733,8.9604633126785558,-0.036295816177449564,8.9604633126785558,8.9605368234347615
1697,0.73060812256923979,8.9330850529459802,-0.036326970641007705,8.9330850529459802,8.9331589156335305
1698,0.7301778468786807,8.9057048059375745,-0.036343493390185874,8.9057048059375745,8.9057789631234048
1699,0.7297480776927604,8.8783345919666772,-0.036346693001956115,8.8783345919666772,8.8784089908611605
1700,0.72931881411764699,8.8509853332419652,-0.036337745410487163,8.8509853332419652,8.8510599252861173
1701,0.72889005526161077,8.8236669643971055,-0.036317710025550398,8.8236669643971055,8.8237417048922229
1702,0.72846180023501761,8.7963885297724218,-0.036287543552324955,8.7963885297724218,8.7964633775471892
1703,0.72803404815032291,8.7691582693046506,-0.036248111887453638,8.7691582693046506,8.7692331864154198
1704,0.72760679812206563,8.7419836945899441,-0.036200200397601134,8.7419836945899441,8.7420586460504435
1705,0.72718004926686208,8.7148716564371895,-0.036144522832312787,8.7148716564371895,8.7149466099743282
1706,0.72675380070339968,8.6878284050271617,-0.036081729078930397,8.6878284050271617,8.6879033308601059
1707,0.72632805155243108,8.660859643626857,-0.036012411931965943,8.660859643626857,8.6609345142667777
1708,0.72590280093676807,8.6339705766634509,-0.035937113020453479,8.6339705766634509,8.634045366731776
1709,0.72547804798127558,8.6071659528559969,-0.035856328013396083,8.6071659528559969,8.607240638919194
1710,0.72505379181286544,8.5804501039972294,-0.035770511204102962,8.5804501039972294,8.580524664416382
1711,0.72463003156049088,8.5538269798960513,-0.035680079558565891,8.5538269798960513,8.5539013946897295
1712,0.72420676635514014,8.5273001799310464,-0.035585416299659348,8.5273001799310464,8.5273744306501076
1713,0.72378399532983062,8.5008729815917583,-0.035486874088340115,8.5008729815917583,8.5009470512049017
1714,0.72336171761960322,8.4745483663487988,-0.035384777853827043,8.4745483663487988,8.4746222391377923
1715,0.72293993236151599,8.4483290431418503,-0.035279427317279857,8.4483290431418503,8.4484027046055221
1716,0.72251863869463862,8.4222174697412377,-0.035171099247051363,8.4222174697412377,8.4222909065073708
1717,0.72209783576004649,8.3962158722060458,-0.035060049478346622,8.3962158722060458,8.3962890719504273
1718,0.72167752270081487,8.3703262626420383,-0.034946514725525152,8.3703262626420383,8.370399214014018
1719,0.72125769866201273,8.3445504554202721,-0.034830714211520952,8.3445504554202721,8.3446231479742181
1720,0.72083836279069757,8.3188900820244065,-0.034712851135555362,8.3188900820244065,8.318962506156522
1721,0.72041951423590933,8.2933466046509103,-0.034593113997595071,8.2933466046509103,8.2934187515409352
1722,0.72000115214866434,8.2679213286884767,-0.034471677795602979,8.2679213286884767,8.2679931902458588
1723,0.71958327568195002,8.2426154141830175,-0.03434870510959552,8.2426154141830175,8.242686982997121
1724,0.71916588399071923,8.2174298863800708,-0.034224347084824816,8.2174298863800708,8.2175011556741353
1725,0.71874897623188405,8.1923656454359417,-0.034098744324821323,8.1923656454359417,8.1924366090244245
1726,0.71833255156431053,8.1674234753657196,-0.033972027703805113,8.1674234753657196,8.167494127614745
1727,0.71791660914881295,8.1426040523033478,-0.033844319106809018,8.1426040523033478,8.1426743880940435
1728,0.71750114814814814,8.117907952133848,-0.033715732104910467,8.117907952133848,8.1179779668282741
1729,0.71708616772700973,8.093335657543328,-0.033586372572033119,8.093335657543328,8.0934053469528404
1730,0.71667166705202312,8.0688875645531901,-0.033456339249198511,8.0688875645531901,8.0689569249090098
1731,0.71625764529173885,8.0445639885678233,-0.033325724261285508,8.0445639885678233,8.0446330164936537
1732,0.71584410161662815,8.0203651699816696,-0.033194613590917896,8.0203651699816696,8.0204338624681988
1733,0.71543103519907669,7.9962912793856056,-0.033063087513515013,7.9962912793856056,7.9963596337667431
1734,0.71501844521337943,7.9723424224004873,-0.032931220997200764,7.9723424224004873,7.9724104363312138
1735,0.71460633083573477,7.9485186441690594,-0.03279908407072929,7.9485186441690594,7.9485863156047447
1736,0.71419469124423962,7.9248199335337617,-0.032666742162464596,7.9248199335337617,7.9248872607108778
1737,0.71378352561888303,7.9012462269276504,-0.032534256412901988,7.9012462269276504,7.9013132083457345
1738,0.71337283314154198,7.8777974119956724,-0.032401683963170475,7.8777974119956724,7.8778640464004814
1739,0.71296261299597463,7.8544733309705563,-0.032269078221572364,7.8544733309705563,7.8545396173383057
1740,0.71255286436781606,7.8312737838225672,-0.032136489110092203,7.8312737838225672,7.8313397213451896
1741,0.71214358644457199,7.808198531196993,-0.032003963292589463,7.808198531196993,7.8082641192683351
1742,0.71173477841561417,7.7852472971572837,-0.031871544386191122,7.7852472971572837,7.7853125353601786
1743,0.71132643947217433,7.7624197717476306,-0.031739273157346259,7.7624197717476306,7.7624846598417889
1744,0.71091856880733939,7.7397156133900538,-0.031607187703750803,7.7397156133900538,7.7397801513007023
1745,0.71051116561604577,7.7171344511215025,-0.031475323623340171,7.7171344511215025,7.717198638928739
1746,0.71010422909507442,7.6946758866926146,-0.03134371417137434,7.6946758866926146,7.6947397246214138
1747,0.70969775844304517,7.6723394965278473,-0.031212390406560639,7.6723394965278473,7.672402984938687
1748,0.70929175286041179,7.6501248335625434,-0.031081381327103336,7.6501248335625434,7.6501879729425948
1749,0.70888621154945675,7.6280314289647038,-0.030950713997437179,7.6280314289647038,7.6280942199195634
1750,0.70848113371428567,7.606058793747188,-0.030820413666392862,7.606058793747188,7.6061212369931024
1751,0.70807651856082232,7.5842064202794681,-0.030690503877429179,7.5842064202794681,7.5842685166360351
1752,0.70767236529680355,7.5624737837068245,-0.030561006571537722,7.5624737837068245,7.5625355340901157
1753,0.70726867313177411,7.5408603432796752,-0.030431942183378122,7.5408603432796752,7.5409217486957862
1754,0.70686544127708095,7.5193655436021878,-0.03030332973113295,7.5193655436021878,7.5194266051411534
1755,0.70646266894586884,7.4979888158050407,-0.030175186900550252,7.4979888158050407,7.498049534635121
1756,0.7060603553530751,7.4767295786447399,-0.030047530123594124,7.4767295786447399,7.4767899560070346
1757,0.70565849971542394,7.4555872395377136,-0.029920374652091103,7.4555872395377136,7.4556472767410948
1758,0.70525710125142205,7.4345611955309963,-0.02979373462673085,7.4345611955309963,7.4346208939473364
1759,0.70485615918135303,7.4136508342143443,-0.029667623141751198,7.4136508342143443,7.4137101952740183
1760,0.70445567272727272,7.392855534577123,-0.029542052305595048,7.392855534577123,7.392914559764777
1761,0.70405564111300389,7.3721746678156066,-0.029417033297849074,7.3721746678156066,7.3722333586661639
1762,0.70365606356413157,7.3516075980874405,-0.029292576422682418,7.3516075980874405,7.3516659561823445
1763,0.70325693930799771,7.3311536832264856,-0.029168691159049326,7.3311536832264856,7.3312117101901508
1764,0.70285826757369607,7.3108122754109601,-0.029045386207874085,7.3108122754109601,7.310869972907434
1765,0.70246004759206793,7.2905827217933101,-0.028922669536390944,7.2905827217933101,7.2906400915231213
1766,0.70206227859569648,7.2704643650926108,-0.02880054841987699,7.2704643650926108,7.270521408789798
1767,0.70166495981890209,7.2504565441499729,-0.028679029480903381,7.2504565441499729,7.2505132635792844
1768,0.70126809049773753,7.2305585944541448,-0.028558118726291173,7.2305585944541448,7.2306149914083981
1769,0.70087166986998295,7.210769848632463,-0.028437821581913325,7.210769848632463,7.2108259249300533
1770,0.70047569717514124,7.1910896369142669,-0.028318142925492812,7.1910896369142669,7.1911453943968144
1771,0.70008017165443248,7.1715172875665409,-0.028199087117491667,7.1715172875665409,7.1715727280966783
1772,0.69968509255079003,7.1520521273028947,-0.02808065803026151,7.1520521273028947,7.1521072527621721
1773,0.69929045910885501,7.1326934816687384,-0.027962859075517779,7.1326934816687384,7.132748293955661
1774,0.69889627057497172,7.1134406754035204,-0.027845693230269697,7.1134406754035204,7.1134951764316794
1775,0.698502526197183,7.0942930327794258,-0.027729163061290196,7.0942930327794258,7.0943472244757508
1776,0.69810922522522523,7.0752498779231932,-0.027613270748223048,7.0752498779231932,7.0753037622262962
1777,0.6977163669105233,7.0563105351135249,-0.027498018105401686,7.0563105351135249,7.0563641139721422
1778,0.69732395050618667,7.0374743290654695,-0.027383406602465687,7.0374743290654695,7.037527604436991
1779,0.6969319752670039,7.0187405851934734,-0.027269437383829781,7.0187405851934734,7.018793559042555
1780,0.69654044044943819,7.0001086298615149,-0.027156111287106821,7.0001086298615149,7.0001613041587767
1781,0.69614934531162265,6.9815777906143897,-0.027043428860519192,6.9815777906143897,6.9816301673351786
1782,0.6957586891133557,6.9631473963976163,-0.026931390379351522,6.9631473963976163,6.9631994775208517
1783,0.69536847111609645,6.944816777762675,-0.026819995861540172,6.944816777762675,6.9448685652697524
1784,0.69497869058295958,6.9265852670581953,-0.026709245082405367,6.9265852670581953,6.9266367629319587
1785,0.69458934677871143,6.908452198609913,-0.02659913758859915,6.908452198609913,6.9085034048336826
1786,0.6942004389697648,6.8904169088903995,-0.026489672711317955,6.8904169088903995,6.8904678274470648
1787,0.69381196642417453,6.8724787366744327,-0.026380849578797425,6.8724787366744327,6.8725293695455898
1788,0.69342392841163303,6.8546370231878235,-0.026272667128163368,6.8546370231878235,6.8546873723529691
1789,0.69303632420346561,6.8368911122441993,-0.026165124116644387,6.8368911122441993,6.8369411796799708
1790,0.69264915307262565,6.8192403503731072,-0.026058219132201223,6.8192403503731072,6.8192901380525734
1791,0.69226241429369062,6.8016840869395789,-0.025951950603595231,6.8016840869395789,6.8017335968315624
1792,0.69187610714285708,6.7842216742560719,-0.02584631680994031,6.7842216742560719,6.7842709083245269
1793,0.69149023089793638,6.7668524676843713,-0.025741315889745167,6.7668524676843713,6.766901427887789
1794,0.69110478483835003,6.7495758257338281,-0.025636945849492505,6.7495758257338281,6.7496245140246867
1795,0.69071976824512527,6.7323911101485532,-0.025533204571777934,6.7323911101485532,6.7324395284727929
1796,0.69033518040089081,6.7152976859912599,-0.025430089823015721,6.7152976859912599,6.7153458362878062
1797,0.68995102058987201,6.698294921718837,-0.025327599260761446,6.698294921718837,6.6983428059191379
1798,0.68956728809788648,6.6813821892533145,-0.025225730440647354,6.6813821892533145,6.681429809280921
1799,0.68918398221234012,6.6645588640462385,-0.0251244808229725,6.6645588640462385,6.6646062218164035
1800,0.68880110222222213,6.6478243251382008,-0.025023847778944994,6.6478243251382008,6.6478714225575111
1801,0.68841864741810099,6.6311779552138237,-0.024923828596603526,6.6311779552138237,6.6312247941798583
1802,0.68803661709211983,6.6146191406509445,-0.024824420486452579,6.6146191406509445,6.6146657230519459
1803,0.68765501053799216,6.59814727156669,-0.0247256205867891,6.59814727156669,6.5981935992812728
1804,0.68727382705099771,6.5817617418578021,-0.024627425968775034,6.5817617418578021,6.5818078167546714
1805,0.68689306592797783,6.5654619492380437,-0.024529833641238674,6.5654619492380437,6.5655077731757414
1806,0.68651272646733108,6.5492472952717478,-0.024432840555246492,6.5492472952717478,6.5492928700984132
1807,0.68613280796900933,6.5331171854027694,-0.024336443608420952,6.5331171854027694,6.5331625129559185
1808,0.68575330973451321,6.5170710289819258,-0.024240639649063526,6.5170710289819258,6.5171161110882583
1809,0.68537423106688777,6.5011082392887047,-0.024145425480046806,6.5011082392887047,6.5011530777639051
1810,0.6849955712707182,6.485228233552558,-0.024050797862521574,6.485228233552558,6.4852728302011355
1811,0.68461732965212585,6.4694304329693697,-0.023956753519436207,6.4694304329693697,6.4694747895845026
1812,0.68423950551876378,6.4537142627159021,-0.023863289138866366,6.4537142627159021,6.4537583810792896
1813,0.68386209817981247,6.4380791519625085,-0.02377040137718444,6.4380791519625085,6.4381230338442537
1814,0.68348510694597564,6.4225245338811252,-0.023678086862065767,6.4225245338811252,6.4225681810396065
1815,0.68310853112947656,6.4070498456541909,-0.023586342195335883,6.4070498456541909,6.407093259835972
1816,0.68273237004405285,6.3916545284783144,-0.023495163955683913,6.3916545284783144,6.3916977114180424
1817,0.68235662300495314,6.3763380275679893,-0.023404548701225256,6.3763380275679893,6.3763809809883183
1818,0.68198128932893287,6.3610997921564962,-0.023314492971937391,6.3610997921564962,6.3611425177680125
1819,0.68160636833424959,6.3459392754945672,-0.023224993291974499,6.3459392754945672,6.3459817749957272
1820,0.68123185934065933,6.3308559348492413,-0.023136046171858979,6.3308559348492413,6.3308982099263238
1821,0.68085776166941236,6.3158492314980244,-0.023047648110554597,6.3158492314980244,6.3158912838250787
1822,0.68048407464324911,6.3009186307246861,-0.022959795597447603,6.3009186307246861,6.3009604619635038
1823,0.68011079758639603,6.286063601811664,-0.022872485114203471,6.286063601811664,6.2861052136117426
1824,0.67973792982456138,6.2712836180313918,-0.022785713136549132,6.2712836180313918,6.2713250120299175
1825,0.67936547068493147,6.2565781566366994,-0.022699476135945106,6.2565781566366994,6.2566193344585317
1826,0.67899341949616643,6.2419466988504269,-0.022613770581179013,6.2419466988504269,6.2419876621080919
1827,0.6786217755883962,6.2273887298527573,-0.022528592939868523,6.2273887298527573,6.2274294801464416
1828,0.67825053829321658,6.2129037387682597,-0.022443939679890786,6.2129037387682597,6.2129442776858204
1829,0.67787970694368505,6.1984912186524159,-0.02235980727072915,6.1984912186524159,6.1985315477693828
1830,0.67750928087431694,6.1841506664751673,-0.022276192184757015,6.1841506664751673,6.1841907873547619
1831,0.67713925942108133,6.1698815831071752,-0.022193090898438669,6.1698815831071752,6.1699214973003285
1832,0.67676964192139732,6.1556834733006198,-0.02211049989347539,6.1556834733006198,6.1557231823459961
1833,0.67640042771412978,6.1415558456738122,-0.022028415657889829,6.1415558456738122,6.1415953510978376
1834,0.67603161613958551,6.1274982126921458,-0.021946834687038438,6.1274982126921458,6.1275375160090384
1835,0.67566320653950951,6.1135100906482354,-0.021865753484583167,6.1135100906482354,6.1135491933600443
1836,0.67529519825708051,6.0995909996448052,-0.021785168563394991,6.0995909996448052,6.0996299032414463
1837,0.67492759063690799,6.0857404635722556,-0.021705076446414728,6.0857404635722556,6.0857791695315564
1838,0.67456038302502719,6.0719580100893218,-0.021625473667464409,6.0719580100893218,6.0719965198770671
1839,0.67419357476889608,6.0582431706019513,-0.021546356772003915,6.0582431706019513,6.0582814856719329
1840,0.67382716521739128,6.0445954802407247,-0.02146772231785412,6.0445954802407247,6.0446336020347928
1841,0.67346115372080384,6.031014477840122,-0.021389566875867287,6.031014477840122,6.0310524077882377
1842,0.67309553963083602,6.0174997059151298,-0.021311887030566211,6.0174997059151298,6.0175374454354236
1843,0.67273032230059682,6.0040507106392074,-0.021234679380737115,6.0040507106392074,6.004088261138036
1844,0.67236550108459869,5.9906670418207426,-0.021157940539991621,5.9906670418207426,5.9907044046927558
1845,0.67200107533875331,5.9773482528796809,-0.021081667137285348,5.9773482528796809,5.9773854295078763
1846,0.67163704442036831,5.9640939008238139,-0.021005855817417408,5.9640939008238139,5.9641308925796084
1847,0.67127340768814292,5.9509035462250939,-0.020930503241484127,5.9509035462250939,5.9509403544683881
1848,0.67091016450216445,5.937776753194818,-0.020855606087307056,5.937776753194818,5.9378133792740622
1849,0.67054731422390479,5.9247130893605213,-0.020781161049838764,5.9247130893605213,5.9247495346127907
1850,0.67018485621621615,5.9117121258398573,-0.020707164841527882,5.9117121258398573,5.9117483915909155
