wavelength_nm,production,radial_kdk,bare_2pi_kdk,equal_points,k0_only
400.0,0.004907389940855338,0.004907389940855365,0.004907389940855351,0.002174347559364757,0.0005971960342144273
401.0,0.00495249200885015,0.004952492008850213,0.004952492008850221,0.002194053014272998,0.0006024583602252269
402.0,0.004998002281163349,0.0049980022811633605,0.004998002281163359,0.002213932698554535,0.000607764998049653
403.0,0.005043925048867934,0.005043925048867976,0.005043925048867996,0.002233988388351249,0.0006131163696259694
404.0,0.005090264659960232,0.005090264659960273,0.00509026465996027,0.002254221882618379,0.0006185129019100731
405.0,0.005137025520292734,0.00513702552029277,0.00513702552029276,0.0022746350034865905,0.0006239550269487273
406.0,0.00518421209452618,0.005184212094526247,0.0051842120945262745,0.0022952295966311327,0.0006294431819541484
407.0,0.005231828907099952,0.005231828907100038,0.005231828907100047,0.002316007531647727,0.0006349778093798168
408.0,0.005279880543221879,0.005279880543221912,0.0052798805432219,0.0023369707024362874,0.0006405593569976718
409.0,0.005328371649877601,0.0053283716498776605,0.005328371649877642,0.002358121027591344,0.0006461882779766573
410.0,0.00537730693686048,0.0053773069368605216,0.005377306936860503,0.002379460450800414,0.0006518650309626354
411.0,0.005426691177821559,0.005426691177821606,0.00542669117782161,0.0024009909412501455,0.0006575900801597251
412.0,0.005476529211341101,0.005476529211341175,0.005476529211341206,0.002422714494040031,0.0006633638954130954
413.0,0.005526825942021605,0.005526825942021615,0.005526825942021619,0.0024446331306044984,0.0006691869522932118
414.0,0.005577586341602386,0.005577586341602434,0.005577586341602368,0.0024667488991431926,0.000675059732181603
415.0,0.005628815450098007,0.005628815450097994,0.005628815450098,0.002489063875059618,0.0006809827223581643
416.0,0.0056805183769586135,0.0056805183769586525,0.005680518376958681,0.002511580161408586,0.0006869564160900111
417.0,0.005732700302254892,0.005732700302254956,0.005732700302254923,0.0025342998893522974,0.0006929813127219608
418.0,0.005785366477886759,0.005785366477886762,0.005785366477886808,0.0025572252186257345,0.0006990579177686178
419.0,0.005838522228817246,0.005838522228817266,0.005838522228817311,0.0025803583380111356,0.0007051867430081602
420.0,0.0058921729543318585,0.00589217295433185,0.005892172954331858,0.0026037014658220653,0.0007113683065778059
421.0,0.005946324129323662,0.005946324129323695,0.005946324129323724,0.0026272568503970355,0.0007176031330710286
422.0,0.006000981305606,0.006000981305606031,0.006000981305606022,0.0026510267706033068,0.000723891753636555
423.0,0.0060561501132513585,0.0060561501132514114,0.006056150113251476,0.0026750135363505824,0.0007302347060791689
424.0,0.006111836261959495,0.0061118362619594895,0.0061118362619594965,0.00269921948911536,0.0007366325349623812
425.0,0.006168045542453238,0.006168045542453227,0.006168045542453274,0.0027236470024757826,0.0007430857917129891
426.0,0.006224783827904645,0.006224783827904726,0.006224783827904752,0.0027482984826573886,0.000749595034727546
427.0,0.006282057075391148,0.00628205707539117,0.006282057075391129,0.0027731763690902627,0.0007561608294808659
428.0,0.006339871327381731,0.0063398713273817835,0.006339871327381733,0.002798283134977286,0.0007627837486364905
429.0,0.006398232713256364,0.0063982327132563735,0.006398232713256432,0.0028236212878743616,0.0007694643721592391
430.0,0.006457147450856692,0.006457147450856752,0.006457147450856747,0.002849193370282669,0.0007762032874298866
431.0,0.006516621848070609,0.006516621848070676,0.0065166218480706695,0.0028750019602529217,0.0007830010893619717
432.0,0.006576662304450916,0.006576662304450908,0.006576662304450931,0.0029010496720025753,0.0007898583805208124
433.0,0.006637275312868533,0.0066372753128685485,0.006637275312868572,0.002927339156545684,0.0007967757712447842
434.0,0.006698467461202867,0.006698467461202944,0.006698467461202834,0.002953873102336095,0.000803753879768869
435.0,0.0067602454340673825,0.0067602454340674155,0.006760245434067496,0.0029806542359241384,0.0008107933323505955
436.0,0.006822616014574314,0.006822616014574342,0.006822616014574321,0.0030076853226272283,0.0008178947633983619
437.0,0.00688558608613706,0.006885586086137113,0.006885586086137098,0.003034969167214836,0.0008250588156022061
438.0,0.006949162634313346,0.006949162634313379,0.006949162634313334,0.003062508614607692,0.0008322861400670978
439.0,0.0070133527486881545,0.007013352748688158,0.007013352748688127,0.003090306550592166,0.0008395773964488143
440.0,0.007078163624799171,0.00707816362479925,0.0070781636247992195,0.0031183659025500955,0.0008469332530924057
441.0,0.007143602566105196,0.007143602566105184,0.00714360256610526,0.0031466896402039765,0.000854354387173389
442.0,0.007209676985997688,0.0072096769859977235,0.007209676985997738,0.003175280776378664,0.0008618414848416546
443.0,0.007276394409858643,0.00727639440985877,0.007276394409858739,0.0032041423677791857,0.000869395241368172
444.0,0.007343762477164457,0.007343762477164507,0.007343762477164517,0.0032332775157857025,0.0008770163612946463
445.0,0.007411788943636927,0.007411788943636942,0.007411788943636925,0.0032626893672660627,0.0008847055585859941
446.0,0.007480481683443722,0.007480481683443749,0.007480481683443736,0.003292381115405684,0.0008924635567859151
447.0,0.007549848691449072,0.00754984869144905,0.007549848691449134,0.003322356000555837,0.0009002910891755142
448.0,0.007619898085515525,0.007619898085515564,0.0076198980855155755,0.00335261731110141,0.0009081888989350622
449.0,0.0076906381088588565,0.007690638108858925,0.007690638108858926,0.003383168384346598,0.0009161577393089368
450.0,0.007762077132457799,0.007762077132457851,0.00776207713245781,0.0034140126074213464,0.0009241983737739776
451.0,0.007834223657518583,0.007834223657518595,0.007834223657518647,0.0034451534182078935,0.0009323115762110613
452.0,0.007907086317997837,0.007907086317997861,0.00790708631799787,0.0034765943062876506,0.0009404981310802472
453.0,0.007980673883183576,0.007980673883183641,0.007980673883183674,0.003508338813910002,0.0009487588335993476
454.0,0.008054995260337837,0.0080549952603379,0.008054995260337885,0.0035403905369824538,0.0009570944899262016
455.0,0.008130059497399908,0.008130059497399979,0.008130059497399904,0.0035727531260838197,0.0009655059173446346
456.0,0.00820587578575482,0.008205875785754858,0.008205875785754895,0.003605430287500016,0.0009739939444541215
457.0,0.008282453463067172,0.008282453463067286,0.008282453463067227,0.0036384257842838807,0.0009825594113634334
458.0,0.008359802016182156,0.008359802016182269,0.00835980201618228,0.0036717434373391977,0.0009912031698881742
459.0,0.008437931084096406,0.008437931084096491,0.008437931084096486,0.0037053871265297295,0.0009999260837524379
460.0,0.008516850460999821,0.008516850460999889,0.008516850460999882,0.0037393607918139796,0.0010087290287945905
461.0,0.00859657009939122,0.00859657009939129,0.00859657009939121,0.00377366843440645,0.0010176128931773335
462.0,0.008677100113269073,0.008677100113269168,0.008677100113269188,0.003808314117965553,0.0010265785776021057
463.0,0.008758450781400386,0.008758450781400392,0.0087584507814004,0.0038433019698100894,0.0010356269955279825
464.0,0.008840632550668432,0.008840632550668486,0.008840632550668541,0.0038786361821637303,0.0010447590733951892
465.0,0.008923656039503843,0.008923656039503895,0.008923656039503918,0.003914321013429106,0.0010539757508531726
466.0,0.009007532041399386,0.009007532041399377,0.009007532041399337,0.003950360789492332,0.001063277980993681
467.0,0.009092271528511633,0.009092271528511683,0.009092271528511626,0.003986759905058317,0.0010726667305885629
468.0,0.00917788565535274,0.009177885655352824,0.009177885655352767,0.004023522825018238,0.0010821429803328027
469.0,0.009264385762574092,0.00926438576257425,0.00926438576257421,0.004060654085849652,0.0010917077250925508
470.0,0.009351783380844058,0.00935178338084424,0.009351783380844173,0.004098158297050591,0.001101361974158587
471.0,0.009440090234824405,0.009440090234824458,0.00944009023482437,0.004136040142608544,0.0011111067515051879
472.0,0.009529318247246003,0.00952931824724606,0.009529318247246094,0.004174304382504406,0.001120943096054504
473.0,0.009619479543089646,0.009619479543089756,0.009619479543089691,0.0042129558542542585,0.0011308720619467155
474.0,0.009710586453871656,0.009710586453871699,0.009710586453871713,0.0042519994744882415,0.0011408947188159878
475.0,0.009802651522040025,0.00980265152204017,0.009802651522040115,0.004291440240568532,0.001151012152072525
476.0,0.009895687505484347,0.009895687505484297,0.009895687505484387,0.00433128323224738,0.001161225463190621
477.0,0.009989707382160368,0.009989707382160413,0.009989707382160352,0.004371533613366345,0.0011715357700031804
478.0,0.010084724354836691,0.010084724354836701,0.010084724354836754,0.004412196633597959,0.001181944207002595
479.0,0.010180751855963465,0.010180751855963519,0.01018075185596356,0.00445327763023103,0.0011924519256483522
480.0,0.010277803552669664,0.01027780355266981,0.010277803552669822,0.004494782030000968,0.0012030600946813805
481.0,0.010375893351891192,0.010375893351891211,0.010375893351891218,0.0045367153509662745,0.0012137699004454224
482.0,0.010475035405634226,0.010475035405634325,0.010475035405634313,0.004579083204432911,0.001224582547215552
483.0,0.0105752441163793,0.010575244116379282,0.010575244116379398,0.004621891296927583,0.0012354992575340793
484.0,0.01067653414262823,0.010676534142628256,0.010676534142628334,0.004665145432221573,0.0012465212725539907
485.0,0.010778920404600517,0.010778920404600503,0.01077892040460055,0.004708851513407027,0.0012576498523900904
486.0,0.010882418090082226,0.010882418090082323,0.010882418090082363,0.004753015545026485,0.0012688862764781773
487.0,0.010987042660433943,0.01098704266043404,0.010987042660434026,0.004797643635257936,0.0012802318439423122
488.0,0.011092809856760677,0.011092809856760755,0.011092809856760805,0.004842741998157319,0.0012916878739705007
489.0,0.011199735706251417,0.011199735706251383,0.011199735706251336,0.00488831695595889,0.0013032557061989469
490.0,0.011307836528691103,0.011307836528691129,0.011307836528691051,0.004934374941436849,0.0013149367011051846
491.0,0.011417128943153441,0.011417128943153549,0.011417128943153453,0.004980922500329868,0.0013267322404102162
492.0,0.011527629874877881,0.011527629874877997,0.011527629874877881,0.005027966293828723,0.0013386437274900212
493.0,0.011639356562337881,0.011639356562337872,0.011639356562337904,0.005075513101131813,0.001350672587796622
494.0,0.011752326564507268,0.011752326564507495,0.011752326564507294,0.00512356982206846,0.0013628202692889178
495.0,0.011866557768330578,0.011866557768330647,0.011866557768330739,0.005172143479792953,0.0013750882428736962
496.0,0.01198206839640317,0.011982068396403209,0.011982068396403285,0.005221241223552225,0.0013874780028569616
497.0,0.012098877014870365,0.012098877014870496,0.012098877014870446,0.005270870331527841,0.0013999910674058961
498.0,0.012217002541550968,0.012217002541551053,0.012217002541551041,0.005321038213756719,0.001412628979021903
499.0,0.01233646425429366,0.01233646425429373,0.012336464254293664,0.005371752415131488,0.0014253933050246952
500.0,0.01245728179957343,0.012457281799573413,0.01245728179957351,0.005423020618484084,0.0014382856380481454
501.0,0.012579475201337365,0.012579475201337474,0.012579475201337354,0.005474850647754618,0.001451307596547883
502.0,0.012703064870106676,0.012703064870106924,0.01270306487010685,0.005527250471248929,0.0014644608253212427
503.0,0.012828071612345665,0.012828071612345733,0.012828071612345749,0.005580228204987387,0.0014777469960396295
504.0,0.01295451664010435,0.012954516640104392,0.012954516640104396,0.005633792116147468,0.0014911678077939633
505.0,0.0130824215809471,0.013082421580947199,0.013082421580947263,0.005687950626604851,0.0015047249876532947
506.0,0.01321180848817512,0.01321180848817517,0.013211808488175155,0.0057427123165743575,0.0015184202912371457
507.0,0.013342699851353551,0.013342699851353678,0.013342699851353682,0.005798085928355414,0.0015322555033019157
508.0,0.013475118607154788,0.013475118607154774,0.013475118607154847,0.005854080370185072,0.001546232438341694
509.0,0.013609088150527138,0.01360908815052725,0.013609088150527153,0.005910704720202271,0.0015603529412040204
510.0,0.013744632346203827,0.0137446323462037,0.013744632346203725,0.005967968230527452,0.001574618887720907
511.0,0.013881775540559938,0.013881775540559997,0.01388177554056004,0.006025880331460841,0.0015890321853556928
512.0,0.014020542573835214,0.014020542573835223,0.014020542573835167,0.006084450635804402,0.001603594773865996
513.0,0.014160958792729527,0.014160958792729625,0.014160958792729597,0.006143688943310677,0.0016183086259834532
514.0,0.01430305006339141,0.01430305006339148,0.014303050063391368,0.006203605245264224,0.0016331757481106285
515.0,0.014446842784808131,0.014446842784808154,0.01444684278480816,0.006264209729198952,0.0016481981810355926
516.0,0.014592363902615917,0.014592363902615844,0.014592363902615809,0.0063255127837572095,0.0016633780006647355
517.0,0.01473964092334383,0.014739640923343898,0.014739640923343693,0.006387525003695123,0.0016787173187743209
518.0,0.014888701929108239,0.014888701929108362,0.014888701929108239,0.006450257195039317,0.0016942182837814317
519.0,0.015039575592774976,0.01503957559277502,0.01503957559277517,0.0065137203804015225,0.0017098830815347067
520.0,0.015192291193605193,0.015192291193605297,0.01519229119360529,0.006577925804454419,0.001725713936125706
521.0,0.015346878633405168,0.01534687863340519,0.015346878633405248,0.006642884939577862,0.0017417131107213316
522.0,0.015503368453197677,0.015503368453197719,0.015503368453197684,0.0067086094916779145,0.0017578829084180269
523.0,0.015661791850436303,0.015661791850436518,0.015661791850436386,0.0067751114061891105,0.0017742256731184346
524.0,0.015822180696781946,0.01582218069678209,0.015822180696782102,0.0068424028742629945,0.0017907437904312142
525.0,0.01598456755646423,0.015984567556464244,0.01598456755646435,0.006910496339152137,0.001807439688594599
526.0,0.016148985705250054,0.016148985705250144,0.016148985705250102,0.006979404502796432,0.001824315839424683
527.0,0.016315469150044257,0.01631546915004431,0.01631546915004426,0.007049140332618499,0.001841374759288911
528.0,0.0164840526491449,0.016484052649145074,0.016484052649145053,0.007119717068537293,0.0018586190101058378
529.0,0.01665477173318193,0.01665477173318201,0.016654771733181965,0.007191148230207608,0.0018760512003717527
530.0,0.01682766272676331,0.016827662726763337,0.016827662726763153,0.007263447624493259,0.0018936739862151768
531.0,0.01700276277086022,0.017002762770860293,0.017002762770860363,0.007336629353185046,0.001911490072480063
532.0,0.01718010984595857,0.017180109845958608,0.01718010984595867,0.007410707820970621,0.0019295022138384708
533.0,0.017359742796008652,0.017359742796008684,0.01735974279600866,0.007485697743668003,0.0019477132159340777
534.0,0.017541701353206055,0.017541701353206,0.017541701353205923,0.007561614156731265,0.001966125936556963
535.0,0.017726026163637162,0.017726026163637408,0.017726026163637384,0.007638472424041037,0.001984743286851064
536.0,0.0179127588138262,0.017912758813826313,0.017912758813826223,0.007716288246989551,0.0020035682325552427
537.0,0.01810194185821827,0.018101941858218534,0.01810194185821849,0.007795077673872623,0.0020226037952790934
538.0,0.018293618847642197,0.018293618847642242,0.018293618847642232,0.007874857109600876,0.0020418530538144778
539.0,0.018487834358789482,0.01848783435878974,0.018487834358789725,0.007955643325742957,0.0020613191454842525
540.0,0.018684634024757174,0.01868463402475731,0.01868463402475719,0.008037453470914918,0.0020810052675291012
541.0,0.01888406456669472,0.01888406456669493,0.01888406456669485,0.008120305081528275,0.002100914678534035
542.0,0.019086173826607575,0.019086173826607815,0.01908617382660771,0.008204216092913497,0.002121050699895547
543.0,0.019291010801363674,0.01929101080136379,0.019291010801363712,0.008289204850833088,0.0021414167173311118
544.0,0.01949862567795571,0.019498625677955787,0.019498625677955954,0.008375290123401184,0.00216201618243231
545.0,0.019709069870077416,0.019709069870077502,0.01970906987007757,0.008462491113426533,0.0021828526142630006
546.0,0.019922396056065158,0.01992239605606516,0.019922396056065297,0.00855082747119661,0.0022039296010041088
547.0,0.02013865821827348,0.020138658218273566,0.020138658218273583,0.008640319307722112,0.0022252508016467557
548.0,0.020357911683941302,0.020357911683941573,0.020357911683941524,0.008730987208460455,0.002246819947735228
549.0,0.02058021316762075,0.020580213167620823,0.02058021316762097,0.008822852247541061,0.0022686408451614718
550.0,0.02080562081523673,0.02080562081523686,0.020805620815236875,0.008915936002511705,0.002290717376013146
551.0,0.02103419424985285,0.021034194249853016,0.02103419424985302,0.00901026056962995,0.0023130535004767497
552.0,0.021265994619221774,0.021265994619221993,0.02126599461922194,0.009105848579724626,0.002335653258798171
553.0,0.021501084645201278,0.02150108464520142,0.021501084645201507,0.009202723214650373,0.0023585207733022267
554.0,0.021739528675125564,0.021739528675125713,0.021739528675125713,0.009300908224363755,0.0023816602504736447
555.0,0.021981392735219766,0.02198139273521985,0.021981392735220016,0.00940042794464765,0.0024050759831015013
556.0,0.02222674458615837,0.022226744586158496,0.022226744586158524,0.009501307315514577,0.0024287723524893385
557.0,0.022475653780865554,0.022475653780865634,0.0224756537808657,0.009603571900317959,0.0024527538307335013
558.0,0.022728191724667605,0.02272819172466771,0.022728191724667744,0.00970724790560576,0.0024770249830720166
559.0,0.022984431737910496,0.022984431737910652,0.02298443173791062,0.009812362201750168,0.002501590470306477
560.0,0.023244449121160457,0.02324444912116069,0.02324444912116068,0.009918942344389243,0.0025264550512999976
561.0,0.0235083212231174,0.023508321223117613,0.023508321223117707,0.010027016596719104,0.0025516235855534385
562.0,0.023776127511372595,0.02377612751137283,0.023776127511372917,0.010136613952676381,0.0025771010358633197
563.0,0.02404794964615344,0.02404794964615351,0.024047949646153553,0.010247764161054882,0.002602892471064144
564.0,0.024323871557202562,0.024323871557202704,0.024323871557202732,0.010360497750598907,0.002629003068858414
565.0,0.02460397952395583,0.024603979523956036,0.024603979523956054,0.010474846056123378,0.002655438118737417
566.0,0.024888362259178787,0.02488836225917879,0.02488836225917901,0.010590841245708124,0.0026822030249966005
567.0,0.02517711099624491,0.02517711099624505,0.025177110996245186,0.010708516349021938,0.002709303309848653
568.0,0.02547031958024346,0.025470319580243535,0.025470319580243372,0.010827905286830386,0.0027367446166383052
569.0,0.0257680845631127,0.025768084563112668,0.025768084563112758,0.0109490429017476,0.0027645327131626406
570.0,0.026070505303016807,0.026070505303017005,0.026070505303016814,0.011071964990294348,0.00279267349510107
571.0,0.026377684068183988,0.02637768406818407,0.026377684068184023,0.011196708336329146,0.0028211729895589455
572.0,0.026689726145449445,0.026689726145449698,0.026689726145449746,0.011323310745922917,0.0028500373587296564
573.0,0.027006739953755507,0.02700673995375566,0.027006739953755667,0.011451811083750395,0.0028792729036794086
574.0,0.027328837162875343,0.027328837162875576,0.027328837162875503,0.011582249311080808,0.002908886068259878
575.0,0.027656132817651828,0.027656132817652196,0.027656132817651925,0.011714666525446883,0.00293888344315341
576.0,0.02798874546805145,0.02798874546805177,0.027988745468051624,0.011849105002086037,0.0029692717700564816
577.0,0.028326797305359534,0.02832679730535991,0.028326797305359835,0.011985608237245211,0.0030000579460065647
578.0,0.028670414304862817,0.028670414304863015,0.028670414304863095,0.012124220993452105,0.0030312490278583885
579.0,0.029019726375385545,0.029019726375385944,0.029019726375385742,0.012264989346857803,0.0030628522369155952
580.0,0.029374867516072364,0.029374867516072434,0.02937486751607231,0.01240796073676695,0.003094874963724002
581.0,0.02973597598083636,0.029735975980836396,0.02973597598083642,0.012553184017474137,0.0031273247730332454
582.0,0.0301031944509197,0.030103194450920048,0.030103194450919867,0.012700709512537942,0.0031602094089336506
583.0,0.030476670216040957,0.030476670216041304,0.030476670216041016,0.012850589071628551,0.0031935368001756253
584.0,0.03085655536464221,0.0308565553646423,0.03085655536464241,0.013002876130096017,0.003227315065679053
585.0,0.03124300698377938,0.031243006983779544,0.031243006983779516,0.01315762577141644,0.003261552520240862
586.0,0.03163618736923803,0.03163618736923834,0.031636187369238095,0.01331489479268134,0.003296257680448959
587.0,0.03203626424650079,0.03203626424650124,0.03203626424650074,0.013474741773311694,0.0033314392708113033
588.0,0.03244341100323207,0.03244341100323237,0.032443411003232545,0.01363722714718313,0.003367106230109319
589.0,0.032857806934002684,0.032857806934002975,0.032857806934002906,0.013802413278370774,0.0034032677179853784
590.0,0.033279637498013125,0.03327963749801331,0.03327963749801342,0.013970364540729717,0.0034399331217741776
591.0,0.03370909459065338,0.03370909459065351,0.033709094590653674,0.014141147401544289,0.003477112063588972
592.0,0.03414637682977608,0.03414637682977597,0.03414637682977614,0.014314830509500148,0.003514814407673511
593.0,0.03459168985763863,0.03459168985763872,0.0345916898576388,0.014491484787243714,0.003553050268031537
594.0,0.03504524665954314,0.03504524665954329,0.03504524665954334,0.014671183528821777,0.0035918300163460524
595.0,0.035507267900270784,0.03550726790027106,0.03550726790027089,0.014854002502308646,0.0036311642902012386
596.0,0.035977982279507235,0.035977982279507464,0.035977982279507506,0.01504002005795416,0.0036710640016208453
597.0,0.036457626907531265,0.03645762690753158,0.036457626907531626,0.01522931724221324,0.0037115403459368587
598.0,0.03694644770256072,0.036946447702561114,0.036946447702560954,0.015421977918040066,0.0037526048110039425
599.0,0.03744469981123828,0.037444699811238345,0.03744469981123814,0.015618088891864852,0.003794269186775036
600.0,0.03795264805387675,0.037952648053877006,0.0379526480538769,0.015817740047699463,0.0038365455752552916
601.0,0.03847056739621135,0.03847056739621148,0.038470567396211436,0.016021024488858948,0.003879446400850914
602.0,0.0389987434495396,0.038998743449539935,0.03899874344953965,0.016228038687818136,0.0039229844211325525
603.0,0.039537473001307395,0.03953747300130764,0.03953747300130741,0.01643888264476979,0.003967172738031535
604.0,0.04008706457835283,0.04008706457835318,0.04008706457835295,0.01665366005549637,0.0040120248094903
605.0,0.0406478390452232,0.04064783904522344,0.040647839045223545,0.016872478489216813,0.004057554461587885
606.0,0.041220130240182,0.0412201302401821,0.041220130240182194,0.01709544957712501,0.004103775901163847
607.0,0.0418042856517518,0.04180428565175194,0.04180428565175192,0.017322689212401963,0.004150703728964278
608.0,0.04240066713889843,0.04240066713889884,0.042400667138898715,0.01755431776254246,0.00419835295333537
609.0,0.04300965169822957,0.043009651698230206,0.043009651698229824,0.017790460294920867,0.004246739004491168
610.0,0.04363163228189697,0.04363163228189726,0.04363163228189714,0.01803124681659489,0.004295877749384105
611.0,0.044267018670223326,0.04426701867022359,0.04426701867022347,0.018276812529437123,0.0043457855072078794
612.0,0.04491623840345753,0.04491623840345782,0.04491623840345816,0.018527298101785373,0.0043964790655643075
613.0,0.04557973777747007,0.04557973777747034,0.04557973777747025,0.01878284995790942,0.004447975697327641
614.0,0.046257982908662634,0.04625798290866275,0.046257982908662676,0.0190436205867147,0.00450029317824164
615.0,0.04695146087388597,0.046951460873886346,0.046951460873886096,0.019309768871237407,0.004553449805286757
616.0,0.047660680931713495,0.04766068093171335,0.04766068093171358,0.019581460440631183,0.004607464415856952
617.0,0.048386175832061624,0.04838617583206201,0.04838617583206192,0.019858868046518367,0.004662356407788048
618.0,0.049128503221861186,0.049128503221861256,0.049128503221861276,0.02014217196575305,0.004718145760282451
619.0,0.049888247155245445,0.04988824715524568,0.049888247155245403,0.020431560431856937,0.004774853055776303
620.0,0.05066601971764035,0.05066601971764089,0.05066601971764075,0.020727230097611987,0.00483249950280026
621.0,0.05146246277409642,0.05146246277409663,0.051462462774096815,0.02102938653155819,0.004891106959885938
622.0,0.05227824985333117,0.05227824985333136,0.05227824985333135,0.021338244751415887,0.004950697960574469
623.0,0.05311408818018762,0.053114088180187834,0.0531140881801877,0.021654029797795696,0.005011295739587081
624.0,0.053970720870621595,0.05397072087062179,0.05397072087062156,0.021976977351900965,0.0050729242602207646
625.0,0.05484892930490595,0.05484892930490646,0.05484892930490606,0.022307334401346128,0.005135608243036816
626.0,0.055749535696534805,0.055749535696535006,0.05574953569653536,0.02264535995866822,0.00519937319591359
627.0,0.05667340587632324,0.05667340587632345,0.05667340587632361,0.02299132583763163,0.005264245445539559
628.0,0.057621452313500736,0.05762145231350102,0.057621452313500826,0.023345517493009327,0.005330252170428563
629.0,0.05859463739819858,0.05859463739819903,0.05859463739819892,0.023708234930189427,0.005397421435542732
630.0,0.05959397701269292,0.05959397701269312,0.059593977012693436,0.024079793691718438,0.005465782228615677
631.0,0.060620544422161804,0.06062054442216226,0.06062054442216241,0.024460525928748877,0.005535364498273951
632.0,0.06167547451957624,0.06167547451957662,0.061675474519576806,0.0248507815663439,0.005606199194061445
633.0,0.06275996846378391,0.06275996846378423,0.06275996846378404,0.025250929572721636,0.0056783183084780945
634.0,0.06387529875494478,0.0638752987549449,0.06387529875494503,0.02566135934380957,0.005751754921152718
635.0,0.06502281479734219,0.06502281479734248,0.0650228147973425,0.026082482215964615,0.005826543245276461
636.0,0.0662039490063645,0.066203949006365,0.06620394900636478,0.026514733121428134,0.005902718676433724
637.0,0.06742022352430242,0.06742022352430263,0.06742022352430276,0.026958572403059447,0.005980317843975472
638.0,0.06867325761869762,0.06867325761869825,0.06867325761869855,0.027414487807185015,0.0060593786650911564
639.0,0.06996477584757095,0.06996477584757135,0.06996477584757121,0.027882996676062755,0.006139940401745142
640.0,0.07129661708820911,0.07129661708820983,0.07129661708820967,0.02836464836456093,0.0062220437206572665
641.0,0.07267074454067377,0.07267074454067413,0.07267074454067415,0.028860026909283177,0.00630573075651776
642.0,0.07408925683415302,0.07408925683415381,0.07408925683415316,0.029369753982616476,0.006391045178642412
643.0,0.07555440038431342,0.075554400384314,0.07555440038431392,0.02989449216918844,0.0064780322612882435
644.0,0.07706858317345135,0.07706858317345161,0.07706858317345192,0.030434948608122004,0.006566738957865597
645.0,0.07863439015329635,0.07863439015329654,0.07863439015329701,0.030991879051468926,0.006657213979301494
646.0,0.08025460050373642,0.08025460050373694,0.08025460050373649,0.031566092397531546,0.0067495078768266496
647.0,0.08193220702064552,0.08193220702064564,0.08193220702064574,0.03215845576769233,0.006843673129480995
648.0,0.0836704379539017,0.08367043795390222,0.0836704379539021,0.03276990020729552,0.006939764236653019
649.0,0.08547278167440897,0.08547278167440935,0.08547278167440947,0.033401427105415056,0.007037837815995062
650.0,0.0873430146187818,0.08734301461878223,0.08734301461878217,0.03405411544568279,0.007137952707081068
651.0,0.08928523304529176,0.0892852330452924,0.08928523304529258,0.034729130021352715,0.007240170081204106
652.0,0.09130388923841981,0.09130388923842048,0.09130388923842059,0.03542773077344529,0.007344553557741212
653.0,0.09340383292674267,0.09340383292674323,0.0934038329267437,0.03615128344227029,0.0074511693275484394
654.0,0.09559035883613665,0.0955903588361374,0.09559035883613733,0.036901271761447835,0.007560086283886372
655.0,0.09786926149543446,0.09786926149543512,0.09786926149543494,0.037679311471641316,0.007671376161416924
656.0,0.10024689865536968,0.10024689865537012,0.10024689865536945,0.038487166491262464,0.007785113683857822
657.0,0.10273026498777126,0.10273026498777184,0.10273026498777149,0.039326767656731286,0.007901376720930196
658.0,0.10532707811910794,0.10532707811910878,0.10532707811910882,0.040200234540089856,0.008020246455287709
659.0,0.10804587954541835,0.10804587954541922,0.10804587954541875,0.041109900972877436,0.008141807560175945
660.0,0.11089615360795996,0.1108961536079605,0.11089615360796072,0.042058345060436986,0.008266148388634292
661.0,0.11388846852625752,0.11388846852625827,0.11388846852625815,0.043048424671374125,0.008393361175124552
662.0,0.1170346445505734,0.117034644550574,0.11703464455057387,0.044083319648125646,0.008523542250547864
663.0,0.12034795569659329,0.12034795569659423,0.120347955696594,0.0451665823278771,0.008656792271698278
664.0,0.12384337338426205,0.12384337338426306,0.12384337338426243,0.046302198418426324,0.008793216466295647
665.0,0.12753786279486085,0.12753786279486148,0.12753786279486154,0.04749466088365434,0.00893292489484509
666.0,0.13145074613695887,0.13145074613695973,0.13145074613695953,0.04874906031940123,0.009076032730685636
667.0,0.13560415163889403,0.13560415163889464,0.1356041516388948,0.05007119643204618,0.009222660559718347
668.0,0.14002357350392494,0.14002357350392544,0.1400235735039247,0.05146771680086594,0.009372934701445339
669.0,0.1447385770848444,0.1447385770848454,0.14473857708484564,0.05294629130876396,0.009526987553106688
670.0,0.14978369639143216,0.14978369639143294,0.14978369639143313,0.05451583376448649,0.009684957958877123
671.0,0.15519958964516042,0.15519958964516165,0.15519958964516106,0.056186786776689326,0.009846991606275007
672.0,0.16103454594374622,0.16103454594374644,0.1610345459437467,0.05797149260430317,0.010013241452151473
673.0,0.16734647700151004,0.16734647700151078,0.16734647700151026,0.0598846826608752,0.010183868180865467
674.0,0.17420559022809007,0.17420559022809098,0.17420559022809146,0.06194413347940665,0.010359040697515568
675.0,0.18169803609836532,0.1816980360983663,0.18169803609836618,0.06417156035651493,0.01053893665939607
676.0,0.18993097574643297,0.18993097574643394,0.18993097574643417,0.06659385676960612,0.010723743049176105
677.0,0.19903976123688535,0.1990397612368861,0.19903976123688583,0.06924484665433567,0.010913656793670819
678.0,0.20919832424319906,0.20919832424320015,0.20919832424320028,0.0721678119647555,0.011108885432489193
679.0,0.22063453258645974,0.22063453258646099,0.22063453258646057,0.07541921138967196,0.011309647841309394
680.0,0.23365334739506838,0.2336533473950697,0.23365334739507018,0.07907424301297883,0.011516175015055903
681.0,0.24867220155643138,0.24867220155643216,0.24867220155643277,0.08323521240359194,0.01172871091684337
682.0,0.26627454879881407,0.26627454879881596,0.26627454879881524,0.08804377066754757,0.011947513399216032
683.0,0.28728421702220286,0.287284217022204,0.28728421702220447,0.09369626102390763,0.01217285520496432
684.0,0.31282704129883754,0.31282704129883937,0.3128270412988396,0.10044838668079063,0.012405025055647771
685.0,0.3441270129707692,0.34412701297077175,0.3441270129707712,0.10852397791131257,0.012644328836918198
686.0,0.38075020411923477,0.380750204119237,0.38075020411923755,0.11753683346625064,0.012891090890827867
687.0,0.41453063681777114,0.4145306368177736,0.4145306368177738,0.12488418558511505,0.013145655426552577
688.0,0.4303437080079503,0.43034370800795246,0.43034370800795285,0.12723619331881117,0.013408388062373175
689.0,0.428800662234233,0.4288006622342355,0.42880066223423563,0.12602738777508826,0.013679677513376478
690.0,0.4206041119872255,0.42060411198722814,0.42060411198722775,0.12382909933505537,0.01395993744118474
691.0,0.41128155029855973,0.4112815502985624,0.41128155029856206,0.12165156750646296,0.014249608484142239
692.0,0.4024977477646118,0.402497747764614,0.40249774776461417,0.1197443039950533,0.014549160488817827
693.0,0.394626965307003,0.3946269653070054,0.39462696530700453,0.11813620179638573,0.014859094966485778
694.0,0.3876763387876431,0.3876763387876449,0.38767633878764507,0.11680204572323309,0.015179947801474507
695.0,0.38156391036821413,0.3815639103682163,0.38156391036821646,0.11570889514429142,0.015512292242007814
696.0,0.37620431964512724,0.3762043196451289,0.3762043196451286,0.11482880116624614,0.015856742208489864
697.0,0.3715363600641062,0.3715363600641081,0.37153636006410806,0.11414087174437967,0.01621395595921284
698.0,0.3675096034702313,0.3675096034702333,0.3675096034702335,0.11362182290665719,0.01658464015931884
699.0,0.36397911123046967,0.3639791112304718,0.3639791112304713,0.11322026346563394,0.016969554405684383
700.0,0.36069735128089575,0.36069735128089775,0.36069735128089786,0.1128853453626002,0.017369516268399096
701.0,0.3575840981315037,0.357584098131506,0.3575840981315059,0.11261814464521122,0.017785406918906364
702.0,0.3546771916132044,0.3546771916132064,0.3546771916132067,0.11243011000522835,0.018218177425937614
703.0,0.3519971348802638,0.35199713488026585,0.351997134880266,0.11232357866986559,0.018668855813441302
704.0,0.34954125294507393,0.3495412529450757,0.34954125294507526,0.1122963736340648,0.019138554990186418
705.0,0.3472978400448882,0.34729784004488995,0.3472978400448904,0.11234526262564469,0.019628481679121887
706.0,0.3452530984475212,0.3452530984475235,0.3452530984475236,0.11246720902105992,0.020139946496515494
707.0,0.34339374720580085,0.3433937472058022,0.34339374720580246,0.11265975595877474,0.020674375357154575
708.0,0.341707906021113,0.34170790602111417,0.3417079060211144,0.11292111816739234,0.02123332241342944
709.0,0.340185327397559,0.34018532739756124,0.34018532739756135,0.11325018013978969,0.021818484774141472
710.0,0.3388173871814775,0.3388173871814794,0.33881738718147936,0.11364646894179102,0.022431719294896173
711.0,0.3375969924381669,0.3375969924381693,0.3375969924381688,0.11411012542758518,0.023075061787869736
712.0,0.336518469158452,0.3365184691584543,0.3365184691584544,0.11464188183638416,0.0237507490669933
713.0,0.33557745354579566,0.33557745354579777,0.3355774535457973,0.11524304786616515,0.024461244328280538
714.0,0.3347707939471683,0.33477079394716963,0.3347707939471696,0.11591550494896341,0.025209266468096247
715.0,0.3340964621841695,0.3340964621841716,0.334096462184172,0.11666170721494862,0.025997824069726318
716.0,0.333553467180757,0.33355346718075907,0.33355346718075934,0.11748468647871449,0.02683025494731685
717.0,0.33314175671097074,0.3331417567109717,0.3331417567109716,0.11838805679779388,0.027710272334736663
718.0,0.332862080848144,0.3328620808481461,0.332862080848145,0.11937601085402808,0.028642019056574777
719.0,0.33271576634444355,0.3327157663444457,0.33271576634444544,0.120453293989254,0.029630131334349694
720.0,0.33270429919515204,0.33270429919515454,0.33270429919515393,0.12162512900095296,0.030679814283134172
721.0,0.33282849620840826,0.3328284962084102,0.3328284962084104,0.12289703944875306,0.03179693166909308
722.0,0.3330867762395727,0.3330867762395741,0.33308677623957417,0.12427447091610393,0.032988113163313654
723.0,0.33347141770038846,0.33347141770039085,0.3334714177003904,0.12576203972848107,0.03426088319145717
724.0,0.33396048594040084,0.3339604859404023,0.33396048594040273,0.12736231471357795,0.03562381661055681
725.0,0.33450341284961027,0.3345034128496121,0.33450341284961194,0.12907563715097506,0.037086727938748204
726.0,0.33502135560221014,0.3350213556022117,0.3350213556022115,0.13091142556927776,0.03866090285411231
727.0,0.3355265533070117,0.33552655330701314,0.3355265533070128,0.13292419879543976,0.040359383354096064
728.0,0.3362640675063357,0.336264067506337,0.33626406750633775,0.13519211553078092,0.042197321597936356
729.0,0.3374342332386717,0.33743423323867333,0.3374342332386728,0.1377383869711481,0.044192422433818185
730.0,0.3390441174358899,0.33904411743589197,0.33904411743589136,0.1405631928676234,0.046365501516598254
731.0,0.3410574291815727,0.3410574291815746,0.3410574291815743,0.14367832575854206,0.04874119560825888
732.0,0.34345765466834643,0.34345765466834866,0.3434576546683481,0.14710773791916001,0.051348875415193
733.0,0.34624703286343644,0.3462470328634384,0.3462470328634378,0.15088394771391442,0.05422383113390147
734.0,0.3494376579210041,0.34943765792100634,0.34943765792100684,0.1550462931939343,0.05740882982902123
735.0,0.35304284057469326,0.35304284057469537,0.35304284057469615,0.15964017074338824,0.06095618672434388
736.0,0.3570650410401305,0.3570650410401334,0.3570650410401324,0.1647162425524291,0.0649305572866509
737.0,0.36147228595201547,0.3614722859520186,0.3614722859520166,0.17032929607423386,0.06941275647634759
738.0,0.3661545389407101,0.3661545389407094,0.3661545389407114,0.17654148645265386,0.07450506721460085
739.0,0.3709122088175856,0.37091220881758835,0.37091220881758813,0.183459148486306,0.08033874861208529
740.0,0.3757538290469969,0.37575382904699894,0.37575382904699883,0.19133124808060922,0.08708485952474411
741.0,0.38130267024651593,0.381302670246515,0.38130267024651465,0.2004980691826239,0.09497018731830419
742.0,0.38818800913955365,0.38818800913955614,0.3881880091395548,0.21121696868353448,0.10430121767541428
743.0,0.39660402009921486,0.39660402009921725,0.3966040200992161,0.22375777164232327,0.11550106294792314
744.0,0.4066200269988287,0.40662002699883365,0.4066200269988307,0.23851909446076713,0.12916772387499456
745.0,0.4183665485233543,0.4183665485233564,0.4183665485233537,0.2560819469442868,0.14616801077203365
746.0,0.43206097655468406,0.4320609765546848,0.43206097655468784,0.27727350313041255,0.16779092188524863
747.0,0.4479873834688336,0.4479873834688356,0.44798738346883754,0.30325756368803497,0.1959947786235312
748.0,0.46641563711834705,0.4664156371183481,0.4664156371183496,0.3356124944038147,0.23376691426435076
749.0,0.4873116725056798,0.48731167250568297,0.48731167250568275,0.3761727379123441,0.28540927269364885
750.0,0.5093803086049429,0.5093803086049435,0.5093803086049432,0.42565516134331177,0.35534058853115746
751.0,0.5274862009521563,0.5274862009521606,0.5274862009521603,0.4778884262118588,0.4390491790277291
752.0,0.5298169782402006,0.5298169782401992,0.5298169782402011,0.5082335175396417,0.49757712296373113
753.0,0.5076191484175914,0.5076191484175936,0.5076191484175953,0.4885455514778998,0.4748916334295269
754.0,0.4712917715524874,0.47129177155249125,0.47129177155248997,0.435648452685631,0.3973094321002212
755.0,0.4348858076794493,0.43488580767945123,0.4348858076794508,0.38121607219897435,0.32099344548866815
756.0,0.4033875379628388,0.40338753796284166,0.40338753796283966,0.33625770207133876,0.26250884272127134
757.0,0.37700629129983954,0.3770062912998381,0.37700629129984004,0.3007935330669881,0.21967085707586306
758.0,0.3548535560723005,0.3548535560723021,0.35485355607230096,0.2727090429878881,0.18793176622574928
759.0,0.3360277774988073,0.3360277774988081,0.33602777749880935,0.250091726088937,0.163817053466275
760.0,0.31981385146586544,0.3198138514658679,0.31981385146586705,0.23153588362753522,0.14500532192837148
761.0,0.3056749038834042,0.30567490388340585,0.305674903883406,0.2160506725929913,0.12996980923399137
762.0,0.293210742128833,0.293210742128833,0.29321074212883447,0.2029383248357175,0.11769062997099959
763.0,0.28212066094480853,0.2821206609448087,0.2821206609448101,0.19170358739571994,0.10747147740181179
764.0,0.27217567944544485,0.27217567944544646,0.27217567944544435,0.18199478362952132,0.09883236247493792
765.0,0.26319812943869186,0.2631981294386938,0.26319812943869575,0.17356896308304437,0.09146125677052626
766.0,0.255044422013718,0.2550444220137191,0.2550444220137188,0.1662732259551497,0.08523689319215838
767.0,0.24758378073663542,0.2475837807366364,0.24758378073663784,0.16001817794871895,0.08035398137443032
768.0,0.24066697165085243,0.24066697165085368,0.2406669716508521,0.154648775880565,0.07727328030355275
769.0,0.2341296065821126,0.2341296065821107,0.23412960658211251,0.1497007719608678,0.07540692440632651
770.0,0.22790088240933806,0.22790088240933837,0.22790088240933937,0.1447441302063063,0.07294494481586133
771.0,0.22201305527822,0.22201305527821955,0.22201305527822066,0.1398824871203728,0.06973261478747629
772.0,0.2164838315078896,0.21648383150788944,0.21648383150788938,0.1353109522800881,0.06644744694758273
773.0,0.21129574353168032,0.21129574353168215,0.2112957435316815,0.1310848439620429,0.06339836040895293
774.0,0.20641893503067157,0.20641893503067388,0.20641893503067213,0.12718872482422158,0.06064209683656872
775.0,0.2018230186634881,0.20182301866348928,0.2018230186634908,0.12358938218184233,0.058159267969851165
776.0,0.19748045503432549,0.1974804550343256,0.19748045503432535,0.12025317694426528,0.05591584511766255
777.0,0.19336704957570813,0.19336704957571013,0.1933670495757096,0.11715025451141611,0.05387939355478289
778.0,0.18946167087525834,0.1894616708752588,0.18946167087525886,0.11425499560226486,0.05202231825192457
779.0,0.18574582042519405,0.18574582042519383,0.18574582042519217,0.1115455396546414,0.050321776958697086
780.0,0.1822032254182861,0.18220322541828762,0.18220322541828649,0.10900317055772399,0.04875890395694499
781.0,0.17881949209573128,0.17881949209573134,0.17881949209573073,0.10661176565517788,0.04731802705263895
782.0,0.17558181958839786,0.1755818195883988,0.17558181958839855,0.10435734314679294,0.04598602314096285
783.0,0.17247876518978303,0.17247876518978467,0.172478765189785,0.10222769942746951,0.04475181673613042
784.0,0.1695000512352612,0.16950005123526446,0.16950005123526393,0.10021211944893967,0.04360599523849552
785.0,0.16663640509396127,0.16663640509396138,0.1666364050939615,0.09830114424742957,0.04254051354990037
786.0,0.16387942537764305,0.16387942537764227,0.16387942537764252,0.09648638281011764,0.04154846599469676
787.0,0.16122146884182761,0.1612214688418286,0.1612214688418271,0.09476035835575267,0.04062390913780776
788.0,0.15865555351756275,0.15865555351756394,0.1586555535175647,0.09311638141754587,0.03976172363120975
789.0,0.15617527440262696,0.15617527440262913,0.15617527440262824,0.09154844384129783,0.038957506616452
790.0,0.15377472861366473,0.15377472861366479,0.15377472861366573,0.09005112905568678,0.03820748871381589
791.0,0.15144844730592383,0.15144844730592266,0.15144844730592333,0.0886195348399641,0.037508471503883124
792.0,0.1491913319411094,0.14919133194110912,0.1491913319411093,0.08724920538223445,0.0368577828721222
793.0,0.14699859264344148,0.14699859264344098,0.14699859264344192,0.08593606972646087,0.03625324881169502
794.0,0.14486568642226316,0.1448656864222641,0.1448656864222648,0.08467638374151969,0.035693181400999474
795.0,0.14278825292118807,0.14278825292118852,0.14278825292118938,0.08346667244579174,0.03517638380890283
796.0,0.14076204500941347,0.14076204500941344,0.140762045009414,0.08230366873194134,0.03470217444067968
797.0,0.1387828508423013,0.13878285084230163,0.13878285084230194,0.08118424295631621,0.03427043381520134
798.0,0.13684640280522548,0.13684640280522442,0.13684640280522822,0.08010531491458259,0.03388167949975254
799.0,0.13494826676022878,0.13494826676022928,0.13494826676022997,0.07906373434079901,0.03353717628086312
800.0,0.13308370188283847,0.1330837018828404,0.1330837018828387,0.07805610615696953,0.0332390900104207
801.0,0.13124747666394201,0.13124747666394185,0.1312474766639423,0.07707851812949043,0.03299069187325227
802.0,0.1294336200091468,0.12943362000914596,0.12943362000914746,0.0761260929150382,0.03279660803508057
803.0,0.12763507832555443,0.12763507832555493,0.1276350783255533,0.07519221603826565,0.032663066714020035
804.0,0.1258432444833725,0.125843244483372,0.1258432444833706,0.07426714870137885,0.03259795837316802
805.0,0.12404734185350588,0.124047341853506,0.1240473418535054,0.0733354415037678,0.03261010687616689
806.0,0.12223375902064311,0.12223375902064239,0.12223375902064423,0.07237097682412277,0.03270587181254426
807.0,0.12038589833428066,0.1203858983342801,0.12038589833428008,0.07132743982523085,0.03287730305650543
808.0,0.11848679324885528,0.11848679324885432,0.11848679324885573,0.07012134974036018,0.033064789566901114
809.0,0.11653197197961176,0.11653197197961143,0.11653197197961193,0.0686124249715309,0.03305285158640856
810.0,0.114569327316515,0.11456932731651391,0.11456932731651379,0.06664077568944565,0.03227931141319884
811.0,0.11275801463815409,0.11275801463815555,0.11275801463815317,0.06430818011758319,0.030009887268063307
812.0,0.1112929456684082,0.11129294566840968,0.1112929456684091,0.062293349959936274,0.02683447387336673
813.0,0.11016434351536723,0.11016434351536764,0.11016434351536934,0.061109329980850044,0.024668099764131667
814.0,0.10920606201234132,0.10920606201234136,0.10920606201233966,0.06052437524146821,0.023950918111403752
815.0,0.10829587412256839,0.10829587412256932,0.10829587412256797,0.06017951688235341,0.02400537250297528
816.0,0.10738263753943576,0.10738263753943682,0.10738263753943868,0.05989257117489448,0.024338555777611945
817.0,0.10644981210980732,0.10644981210980808,0.1064498121098058,0.059597206340455414,0.024756731921593618
818.0,0.10549297990990768,0.10549297990991048,0.10549297990991105,0.05927305734417333,0.025205071830169387
819.0,0.10451094534678694,0.10451094534678636,0.10451094534678694,0.058914702879501096,0.025679991959546473
820.0,0.10350256476782646,0.10350256476782799,0.10350256476782702,0.05851991376463587,0.02619667164808605
821.0,0.10246561411965018,0.10246561411965203,0.1024656141196531,0.05808490054946644,0.026778718820309178
822.0,0.10139633640358611,0.10139633640358693,0.10139633640358761,0.057601543948640935,0.027455818823964213
823.0,0.10028922176865611,0.10028922176865357,0.10028922176865798,0.05705437751626529,0.028264127701697457
824.0,0.09913697450483262,0.09913697450482802,0.09913697450483314,0.05641568035781645,0.029246781065845093
825.0,0.0979309960244123,0.09793099602441302,0.09793099602441124,0.05563643663658234,0.030450719567017035
826.0,0.09666353497141078,0.09666353497140999,0.09666353497140757,0.054629412716236295,0.031909011329805434
827.0,0.09533490873301664,0.09533490873301531,0.09533490873301775,0.053239926366981175,0.03357554075083803
828.0,0.09397450521620689,0.09397450521621094,0.09397450521620823,0.05121367651816343,0.035124776176411465
829.0,0.09268846188974396,0.09268846188974424,0.09268846188974283,0.04826275862510256,0.03551352214569287
830.0,0.09170256709179304,0.09170256709179318,0.09170256709179368,0.044551008801891286,0.032861886936007605
831.0,0.09122775753114915,0.091227757531153,0.09122775753115317,0.04133562949936492,0.026595839110757555
832.0,0.09119470779068009,0.09119470779068208,0.09119470779067664,0.03978701186250281,0.019374515675492723
833.0,0.09135882827856115,0.09135882827855436,0.09135882827855818,0.03959971393752414,0.013840974647626271
834.0,0.09155049344068855,0.09155049344068744,0.09155049344068751,0.04000393828047333,0.010632251821763122
835.0,0.09170299537883536,0.0917029953788388,0.09170299537883712,0.04055499946135662,0.009307826032225174
836.0,0.09180029026099587,0.09180029026099788,0.09180029026099899,0.04108183666171586,0.009112681643042873
837.0,0.09184439630449286,0.09184439630449362,0.09184439630448982,0.0415340072828492,0.009420196140998672
838.0,0.0918423679184467,0.09184236791845031,0.09184236791845175,0.04190483717037886,0.00988706133575371
839.0,0.0918018174321373,0.09180181743213262,0.09180181743213799,0.04220161724818145,0.010366861004650885
840.0,0.09172956258615193,0.09172956258615106,0.09172956258615174,0.042434933106951934,0.010806660128689851
841.0,0.09163134740911413,0.09163134740911809,0.09163134740911609,0.04261507437176904,0.01119185568430956
842.0,0.091511906326055,0.09151190632605778,0.09151190632605875,0.04275099752647813,0.011522469968375996
843.0,0.09137511729417966,0.09137511729417584,0.09137511729417726,0.04285018418905023,0.011803567300106902
844.0,0.09122415894328374,0.09122415894328566,0.091224158943286,0.04291878758969959,0.01204146906992148
845.0,0.0910616467236841,0.09106164672368465,0.09106164672368536,0.04296184702288091,0.012242316620563137
846.0,0.09088974389264456,0.09088974389264468,0.09088974389264806,0.042983494319431256,0.0124115861095671
847.0,0.09071024981259909,0.09071024981260145,0.09071024981260038,0.04298713019485111,0.01255398516871948
848.0,0.090524669600019,0.09052466960001997,0.09052466960002037,0.04297556781545792,0.012673495217273002
849.0,0.0903342690145957,0.0903342690145959,0.09033426901459757,0.04295114730159145,0.012773461282649192
850.0,0.09014011784821503,0.0901401178482154,0.09014011784821539,0.04291582634079459,0.012856689342632087
851.0,0.08994312439811841,0.08994312439811966,0.08994312439811915,0.042871251802972556,0.012925535995149494
852.0,0.0897440630241288,0.08974406302413059,0.08974406302413147,0.04281881646725758,0.012981985782769791
853.0,0.08954359632233108,0.08954359632233144,0.08954359632233062,0.04275970414362988,0.013027715820093478
854.0,0.08934229308633349,0.0893422930863357,0.08934229308633239,0.042694925751359004,0.013064148988396659
855.0,0.08914064295254627,0.08914064295254677,0.08914064295254727,0.042625348332977125,0.013092497414466336
856.0,0.08893906841836213,0.08893906841836322,0.08893906841836403,0.042551718526588046,0.013113797925218657
857.0,0.08873793476525055,0.08873793476525038,0.08873793476525248,0.042474681668993104,0.013128940970776165
858.0,0.08853755830020572,0.08853755830020317,0.08853755830020678,0.0423947974348011,0.013138694267874312
859.0,0.08833821323864342,0.08833821323864452,0.0883382132386442,0.04231255271324304,0.013143722186566687
860.0,0.0881401374831308,0.08814013748313114,0.08814013748313289,0.0422283722693647,0.013144601704764891
861.0,0.08794353749912713,0.08794353749912599,0.08794353749912719,0.04214262761772801,0.013141835590723787
862.0,0.08774859244827374,0.08774859244827268,0.08774859244827425,0.042055644445848486,0.013135863340487677
863.0,0.08755545770774664,0.08755545770774523,0.08755545770774346,0.04196770885444833,0.013127070290975927
864.0,0.08736426787933302,0.08736426787933291,0.0873642678793335,0.04187907262728125,0.013115795244979541
865.0,0.08717513937236343,0.08717513937236472,0.08717513937236356,0.04178995770091094,0.01310233687749974
866.0,0.08698817262897178,0.08698817262897107,0.08698817262897293,0.041700559971685584,0.013086959140010308
867.0,0.0868034540479324,0.08680345404793487,0.08680345404793614,0.04161105255098541,0.013069895837327056
868.0,0.0866210576533119,0.08662105765331156,0.08662105765331193,0.041521588559128776,0.013051354518514989
869.0,0.08644104654623586,0.08644104654623476,0.08644104654623681,0.04143230353186201,0.013031519796797305
870.0,0.08626347417166261,0.08626347417166363,0.08626347417166234,0.041343317500121664,0.013010556192286343
871.0,0.08608838542670291,0.08608838542670214,0.08608838542670506,0.041254736793237795,0.012988610574394486
872.0,0.08591581763284621,0.0859158176328434,0.0859158176328448,0.04116665560706139,0.012965814267156248
873.0,0.08574580139080465,0.08574580139080548,0.08574580139080344,0.04107915737164804,0.0129422848696759
874.0,0.08557836133395687,0.0855783613339578,0.08557836133395748,0.040992315947352496,0.012918127834974166
875.0,0.08541351679372536,0.08541351679372587,0.08541351679372576,0.04090619667363411,0.012893437843248846
876.0,0.08525128238845565,0.08525128238845471,0.08525128238845567,0.04082085729095875,0.012868299999621859
877.0,0.08509166854553116,0.08509166854553095,0.0850916685455314,0.04073634875308553,0.012842790881566825
878.0,0.08493468196514499,0.08493468196514357,0.0849346819651442,0.04065271594435765,0.01281697945721561
879.0,0.08478032603290452,0.08478032603290293,0.08478032603290374,0.04056999831447588,0.012790927892416494
880.0,0.08462860118751972,0.08462860118751886,0.08462860118751786,0.04048823044138246,0.012764692261680121
881.0,0.08447950524891538,0.08447950524891551,0.08447950524891444,0.0404074425313403,0.012738323175858414
882.0,0.08433303371146038,0.0843330337114611,0.08433303371146247,0.04032766086406791,0.012711866337502726
883.0,0.08418918000631655,0.08418918000631623,0.08418918000631727,0.04024890818962342,0.012685363033243283
884.0,0.08404793573646757,0.08404793573646956,0.08404793573646714,0.04017120408287533,0.012658850571194464
885.0,0.08390929088749487,0.08390929088749627,0.08390929088749488,0.04009456526059629,0.012632362670264942
886.0,0.0837732340167845,0.08377323401678584,0.08377323401678512,0.04001900586551505,0.012605929807286113
887.0,0.08363975242354828,0.083639752423549,0.08363975242354893,0.039944537721181804,0.012579579527075972
888.0,0.08350883230170628,0.08350883230170664,0.08350883230170641,0.03987117056091202,0.012553336719857335
889.0,0.0833804588775022,0.08338045887750314,0.08338045887750309,0.03979891223373547,0.012527223869868981
890.0,0.08325461653341532,0.08325461653341625,0.08325461653341673,0.039727768889875406,0.0125012612785064
891.0,0.08313128891983544,0.08313128891983472,0.08313128891983566,0.03965774514798669,0.012475467264899866
892.0,0.08301045905575041,0.08301045905575101,0.08301045905574958,0.03958884424611088,0.01244985834646697
893.0,0.08289210941956066,0.08289210941956109,0.08289210941956154,0.039521068178089536,0.012424449401664952
894.0,0.08277622203103327,0.08277622203103363,0.08277622203103353,0.03945441781692243,0.012399253816890365
895.0,0.08266277852525857,0.0826627785252607,0.08266277852526024,0.039388893026462084,0.012374283619236107
896.0,0.08255176021943297,0.08255176021943253,0.08255176021943408,0.039324492762611296,0.01234954959661762
897.0,0.08244314817312672,0.08244314817312852,0.08244314817312733,0.03926121516508916,0.012325061406594288
898.0,0.0823369232427343,0.082336923242735,0.08233692324273394,0.039199057640704485,0.012300827675061427
899.0,0.08223306613058659,0.08223306613058518,0.08223306613058579,0.03913801693899231,0.012276856085852623
900.0,0.08213155742931377,0.08213155742931479,0.08213155742931474,0.03907808922092873,0.012253153462174529
901.0,0.08203237766186844,0.08203237766186736,0.08203237766186988,0.03901927012143112,0.01222972584069088
902.0,0.0819355073176077,0.08193550731760812,0.08193550731760743,0.038961554806202635,0.012206578538985541
903.0,0.08184092688483928,0.0818409268848403,0.08184092688483954,0.03890493802348617,0.012183716217051634
904.0,0.08174861688013685,0.08174861688013653,0.0817486168801368,0.03884941415118896,0.012161142933384097
905.0,0.08165855787472187,0.08165855787472176,0.08165855787472244,0.03879497723980636,0.01213886219619375
906.0,0.0815707305181973,0.08157073051819726,0.08157073051819702,0.038741621051558116,0.01211687701020649
907.0,0.08148511555985748,0.08148511555985817,0.08148511555985928,0.0386893390960417,0.012095189919455662
908.0,0.0814016938678136,0.08140169386781358,0.08140169386781325,0.03863812466276054,0.012073803046446754
909.0,0.08132044644610835,0.08132044644610817,0.08132044644610761,0.03858797085077999,0.012052718128021176
910.0,0.08124135445002982,0.08124135445002983,0.0812413544500294,0.038538870595773635,0.012031936548224521
911.0,0.08116439919977002,0.08116439919977059,0.08116439919977002,0.038490816694706366,0.012011459368442255
912.0,0.08108956219257417,0.08108956219257496,0.0810895621925745,0.03844380182833692,0.01199128735505651
913.0,0.08101682511352347,0.08101682511352401,0.0810168251135227,0.03839781858175453,0.011971421004831168
914.0,0.08094616984507563,0.08094616984507579,0.08094616984507415,0.038352859463098354,0.011951860568234367
915.0,0.08087757847546816,0.08087757847546898,0.08087757847546873,0.038308916920638605,0.011932606070872404
916.0,0.08081103330609013,0.08081103330608977,0.08081103330609057,0.038265983358340826,0.011913657333197353
917.0,0.08074651685790012,0.08074651685790071,0.08074651685790113,0.038224051150052014,0.011895013988638323
918.0,0.08068401187701703,0.0806840118770156,0.08068401187701792,0.03818311265242804,0.011876675500287096
919.0,0.0806235013394868,0.08062350133948917,0.08062350133948785,0.03814316021669953,0.01185864117626137
920.0,0.08056496845539074,0.0805649684553895,0.08056496845539002,0.03810418619938103,0.011840910183854714
921.0,0.08050839667225232,0.08050839667225276,0.08050839667225375,0.03806618297200835,0.011823481562574144
922.0,0.08045376967791064,0.08045376967791128,0.08045376967791089,0.03802914292998928,0.011806354236155883
923.0,0.08040107140281061,0.08040107140281129,0.08040107140281223,0.03799305850063452,0.0117895270236433
924.0,0.08035028602184716,0.08035028602184695,0.08035028602184872,0.03795792215044062,0.011772998649602498
925.0,0.08030139795573217,0.08030139795573293,0.08030139795573359,0.03792372639168921,0.011756767753543894
926.0,0.0802543918719982,0.08025439187199772,0.08025439187199859,0.03789046378841323,0.011740832898615767
927.0,0.08020925268560147,0.08020925268560208,0.08020925268560178,0.03785812696178436,0.011725192579624294
928.0,0.0801659655592286,0.08016596555922917,0.08016596555922917,0.03782670859497129,0.011709845230434947
929.0,0.0801245159032802,0.08012451590328153,0.08012451590328108,0.037796201437508,0.011694789230803372
930.0,0.08008488937560476,0.08008488937560439,0.08008488937560555,0.037766598309215596,0.011680022912680811
931.0,0.08004707188097182,0.08004707188097224,0.0800470718809721,0.03773789210371249,0.011665544566032384
932.0,0.08001104957034347,0.08001104957034338,0.08001104957034313,0.03771007579154577,0.011651352444209642
933.0,0.07997680883993663,0.07997680883993841,0.07997680883993628,0.03768314242297583,0.011637444768906598
934.0,0.07994433633011806,0.07994433633011769,0.07994433633011751,0.037657085130445044,0.011623819734735134
935.0,0.07991361892412688,0.07991361892412817,0.07991361892412725,0.03763189713075027,0.011610475513448005
936.0,0.07988464374667847,0.07988464374667872,0.07988464374667709,0.03760757172694573,0.011597410257832605
937.0,0.07985739816241719,0.07985739816241792,0.0798573981624188,0.03758410231000573,0.011584622105304717
938.0,0.07983186977428487,0.0798318697742864,0.07983186977428634,0.03756148236025623,0.011572109181221849
939.0,0.0798080464217662,0.07980804642176655,0.07980804642176727,0.03753970544859711,0.011559869601938322
940.0,0.07978591617906264,0.07978591617906405,0.0797859161790629,0.037518765237537575,0.0115479014776201
941.0,0.07976546735319115,0.07976546735319082,0.07976546735319029,0.0374986554820608,0.011536202914838698
942.0,0.07974668848200972,0.07974668848200964,0.07974668848201152,0.03747937003031601,0.011524772018959115
943.0,0.07972956833219949,0.07972956833219962,0.07972956833220081,0.0374609028241812,0.011513606896337273
944.0,0.07971409589718313,0.07971409589718349,0.07971409589718263,0.03744324789967733,0.011502705656341794
945.0,0.07970026039502058,0.07970026039502108,0.07970026039501966,0.03742639938726755,0.011492066413210815
946.0,0.0796880512662631,0.07968805126626376,0.07968805126626476,0.037410351512043236,0.01148168728775911
947.0,0.07967745817178304,0.07967745817178352,0.07967745817178377,0.037395098593813424,0.011471566408942594
948.0,0.07966847099058282,0.0796684709905834,0.07966847099058301,0.037380635047083756,0.011461701915293863
949.0,0.07966107981759273,0.07966107981759396,0.07966107981759227,0.037366955380974454,0.011452091956236657
950.0,0.07965527496145604,0.0796552749614575,0.07965527496145706,0.03735405419904444,0.011442734693286731
951.0,0.07965104694231201,0.07965104694231184,0.07965104694231266,0.03734192619905131,0.011433628301150443
952.0,0.07964838648957337,0.07964838648957437,0.0796483864895747,0.03733056617265093,0.011424770968726478
953.0,0.07964728453971529,0.07964728453971663,0.07964728453971624,0.037319969005031844,0.011416160900015819
954.0,0.07964773223405841,0.07964773223405872,0.07964773223405834,0.037310129674504214,0.011407796314952048
955.0,0.07964972091657349,0.07964972091657295,0.07964972091657307,0.03730104325204592,0.011399675450151766
956.0,0.0796532421316909,0.07965324213169139,0.07965324213169037,0.037292704900797134,0.011391796559594708
957.0,0.07965828762213156,0.07965828762213144,0.07965828762213122,0.03728510987552076,0.011384157915237149
958.0,0.07966484932674286,0.0796648493267431,0.07966484932674399,0.037278253522038764,0.011376757807563398
959.0,0.0796729193783734,0.07967291937837422,0.07967291937837397,0.037272131276627665,0.011369594546081253
960.0,0.07968249010174708,0.07968249010174829,0.0796824901017476,0.037266738665390625,0.011362666459763547
961.0,0.0796935540113791,0.07969355401137916,0.07969355401137979,0.0372620713036142,0.011355971897440045
962.0,0.07970610380950399,0.0797061038095045,0.07970610380950388,0.037258124895094606,0.011349509228146207
963.0,0.07972013238403532,0.0797201323840346,0.07972013238403512,0.0372548952314556,0.011343276841426322
964.0,0.07973563280655448,0.07973563280655561,0.07973563280655481,0.037252378191448554,0.011337273147600706
965.0,0.07975259833032135,0.07975259833032183,0.07975259833032192,0.03725056974023859,0.01133149657799514
966.0,0.07977102238831837,0.07977102238831965,0.07977102238831861,0.037249465928685103,0.011325945585136754
967.0,0.0797908985913268,0.07979089859132739,0.07979089859132647,0.037249062892608036,0.011320618642919687
968.0,0.07981222072602796,0.0798122207260294,0.07981222072602871,0.037249356852058435,0.011315514246741216
969.0,0.0798349827531436,0.07983498275314503,0.07983498275314414,0.037250344110570294,0.01131063091361219
970.0,0.07985917880560037,0.07985917880560064,0.07985917880560013,0.037252021054422046,0.011305967182242478
971.0,0.0798848031867343,0.0798848031867362,0.07988480318673429,0.037254384151893756,0.01130152161310392
972.0,0.07991185036852635,0.07991185036852583,0.07991185036852676,0.03725742995251281,0.011297292788472406
973.0,0.07994031498986423,0.07994031498986447,0.07994031498986497,0.037261155086319275,0.011293279312451358
974.0,0.07997019185485214,0.07997019185485212,0.07997019185485209,0.03726555626312099,0.011289479810976248
975.0,0.08000147593114382,0.08000147593114443,0.08000147593114448,0.037270630271752814,0.011285892931804459
976.0,0.08003416234830803,0.08003416234830829,0.08003416234830893,0.03727637397934375,0.011282517344488758
977.0,0.08006824639624258,0.08006824639624364,0.08006824639624407,0.03728278433058691,0.011279351740337368
978.0,0.0801037235236048,0.08010372352360456,0.08010372352360462,0.03728985834701484,0.011276394832363425
979.0,0.08014058933628854,0.08014058933628923,0.0801405893362881,0.03729759312628373,0.011273645355219302
980.0,0.0801788395959357,0.08017883959593614,0.08017883959593584,0.03730598584146142,0.011271102065123797
981.0,0.08021847021847184,0.08021847021847243,0.08021847021847135,0.0373150337403232,0.011268763739778198
982.0,0.08025947727269074,0.08025947727269192,0.08025947727269116,0.03732473414465891,0.011266629178273603
983.0,0.0803018569788625,0.08030185697886394,0.0803018569788634,0.037335084449587934,0.011264697200990782
984.0,0.08034560570738032,0.08034560570738103,0.08034560570738211,0.03734608212288092,0.011262966649493474
985.0,0.08039071997744146,0.08039071997744197,0.08039071997744247,0.03735772470429318,0.011261436386413552
986.0,0.0804371964557628,0.0804371964557631,0.08043719645576314,0.03737000980490603,0.011260105295332017
987.0,0.08048503195532729,0.08048503195532795,0.08048503195532697,0.037382935106481066,0.011258972280654509
988.0,0.08053422343416866,0.08053422343416934,0.08053422343416919,0.03739649836082497,0.011258036267481729
989.0,0.08058476799419118,0.08058476799419112,0.08058476799419102,0.03741069738916113,0.01125729620147604
990.0,0.08063666288000952,0.08063666288001088,0.08063666288001028,0.037425530081516216,0.011256751048724783
991.0,0.08068990547784541,0.08068990547784585,0.08068990547784702,0.03744099439611674,0.011256399795599897
992.0,0.08074449331443469,0.08074449331443524,0.08074449331443455,0.0374570883587982,0.011256241448615945
993.0,0.08080042405597984,0.08080042405598002,0.08080042405598054,0.0374738100624246,0.011256275034284197
994.0,0.08085769550713215,0.08085769550713236,0.08085769550713116,0.037491157666316326,0.01125649959896644
995.0,0.08091630561000804,0.08091630561000888,0.08091630561000898,0.03750912939570025,0.0112569142087264
996.0,0.08097625244323634,0.08097625244323728,0.08097625244323754,0.03752772354115747,0.011257517949179984
997.0,0.08103753422103621,0.08103753422103595,0.08103753422103602,0.037546938458097846,0.011258309925344226
998.0,0.08110014929232609,0.08110014929232597,0.08110014929232677,0.03756677256623403,0.011259289261487036
999.0,0.08116409613987521,0.0811640961398764,0.0811640961398757,0.037587224349077096,0.011260455100974147
1000.0,0.08122937337947142,0.08122937337947145,0.08122937337947177,0.037608292353436844,0.01126180660611839
1001.0,0.08129597975912657,0.08129597975912739,0.08129597975912728,0.03762997518894358,0.01126334295802709
1002.0,0.08136391415832026,0.08136391415832003,0.0813639141583202,0.03765227152757039,0.011265063356450826
1003.0,0.0814331755872597,0.0814331755872594,0.08143317558725958,0.03767518010317955,0.011266967019632153
1004.0,0.08150376318618269,0.08150376318618413,0.0815037631861837,0.037698699711072155,0.011269053184155144
1005.0,0.08157567622469176,0.08157567622469243,0.08157567622469189,0.037722829207556915,0.011271321104795343
1006.0,0.0816489141011008,0.08164891410109994,0.08164891410110091,0.037747567509526826,0.011273770054371543
1007.0,0.08172347634183548,0.081723476341836,0.08172347634183497,0.03777291359405008,0.01127639932359724
1008.0,0.08179936260084868,0.08179936260084934,0.0817993626008492,0.037798866497972344,0.011279208220934945
1009.0,0.0818765726590706,0.08187657265907118,0.08187657265907343,0.037825425317531636,0.011282196072450297
1010.0,0.08195510642388797,0.08195510642388809,0.08195510642388719,0.03785258920799032,0.011285362221668618
1011.0,0.0820349639286466,0.0820349639286461,0.08203496392864686,0.03788035738326643,0.011288706029432287
1012.0,0.08211614533219598,0.08211614533219626,0.08211614533219602,0.037908729115595716,0.011292226873760856
1013.0,0.08219865091845314,0.0821986509184535,0.08219865091845328,0.03793770373518757,0.011295924149710894
1014.0,0.08228248109599431,0.08228248109599538,0.08228248109599558,0.03796728062990638,0.011299797269240408
1015.0,0.08236763639768425,0.08236763639768517,0.08236763639768575,0.03799745924495948,0.011303845661072112
1016.0,0.0824541174803245,0.08245411748032497,0.08245411748032444,0.0380282390825953,0.011308068770560769
1017.0,0.08254192512433262,0.08254192512433484,0.08254192512433338,0.03805961970182207,0.011312466059562168
1018.0,0.08263106023346134,0.08263106023346238,0.08263106023346158,0.03809160071812456,0.011317037006303042
1019.0,0.08272152383452175,0.08272152383452204,0.08272152383452135,0.03812418180320957,0.011321781105253939
1020.0,0.08281331707715998,0.08281331707715973,0.08281331707716018,0.03815736268474777,0.011326697867004803
1021.0,0.08290644123364489,0.08290644123364545,0.0829064412336453,0.03819114314613987,0.01133178681814109
1022.0,0.08300089769869347,0.08300089769869343,0.08300089769869336,0.038225523026285346,0.011337047501124117
1023.0,0.08309668798931615,0.08309668798931659,0.08309668798931616,0.03826050221936939,0.011342479474171429
1024.0,0.0831938137446947,0.08319381374469624,0.0831938137446951,0.03829608067465951,0.011348082311141604
1025.0,0.08329227672609117,0.08329227672609132,0.08329227672609166,0.03833225839631125,0.011353855601419646
1026.0,0.08339207881677305,0.0833920788167732,0.08339207881677299,0.038369035443190085,0.011359798949805634
1027.0,0.08349322202197991,0.08349322202198012,0.08349322202198046,0.03840641192870373,0.011365911976405815
1028.0,0.0835957084689041,0.08359570846890449,0.08359570846890446,0.03844438802064325,0.011372194316524996
1029.0,0.08369954040671147,0.08369954040671186,0.0836995404067121,0.038482963941037736,0.011378645620562977
1030.0,0.08380472020658143,0.0838047202065827,0.08380472020658201,0.038522139966023404,0.011385265553911726
1031.0,0.08391125036177619,0.08391125036177811,0.08391125036177716,0.03856191642572195,0.011392053796855693
1032.0,0.08401913348773792,0.08401913348773855,0.08401913348773782,0.03860229370412433,0.011399010044474923
1033.0,0.08412837232221433,0.08412837232221491,0.08412837232221386,0.03864327223899857,0.011406134006550175
1034.0,0.08423896972540927,0.08423896972540963,0.08423896972541028,0.038684852521800914,0.011413425407469894
1035.0,0.08435092868016529,0.08435092868016701,0.08435092868016598,0.03872703509759593,0.011420883986140726
1036.0,0.08446425229216767,0.0844642522921686,0.08446425229216833,0.03876982056499806,0.011428509495899793
1037.0,0.08457894379018038,0.08457894379018115,0.08457894379018074,0.03881320957611433,0.01143630170442953
1038.0,0.08469500652630657,0.08469500652630743,0.08469500652630893,0.03885720283650548,0.011444260393675123
1039.0,0.08481244397628425,0.08481244397628512,0.08481244397628433,0.03890180110515302,0.011452385359763699
1040.0,0.08493125973979554,0.08493125973979614,0.08493125973979526,0.038947005194443295,0.011460676412927251
1041.0,0.08505145754081843,0.0850514575408189,0.08505145754081936,0.03899281597016056,0.011469133377426739
1042.0,0.08517304122799953,0.08517304122799985,0.08517304122799978,0.03903923435148952,0.011477756091479132
1043.0,0.08529601477505143,0.08529601477505143,0.0852960147750514,0.03908626131103085,0.011486544407187218
1044.0,0.08542038228118756,0.08542038228118859,0.08542038228118816,0.03913389787482919,0.01149549819047114
1045.0,0.08554614797157771,0.08554614797157921,0.08554614797157904,0.039182145122413296,0.011504617321002974
1046.0,0.08567331619783362,0.0856733161978345,0.08567331619783376,0.03923100418684341,0.011513901692143369
1047.0,0.0858018914385255,0.08580189143852529,0.08580189143852462,0.03928047625477305,0.011523351210880479
1048.0,0.08593187829972093,0.085931878299722,0.08593187829972176,0.03933056256652612,0.01153296579777224
1049.0,0.08606328151556701,0.08606328151556775,0.08606328151556668,0.03938126441617488,0.011542745386889368
1050.0,0.08619610594888176,0.08619610594888197,0.08619610594888123,0.039432583151642185,0.011552689925762605
1051.0,0.08633035659178898,0.08633035659179009,0.08633035659178938,0.03948452017480487,0.011562799375331074
1052.0,0.08646603856638012,0.08646603856638074,0.0864660385663798,0.03953707694161673,0.011573073709893786
1053.0,0.08660315712540056,0.08660315712540041,0.08660315712540022,0.039590254962237226,0.01158351291706221
1054.0,0.08674171765297134,0.08674171765297167,0.08674171765297159,0.03964405580117321,0.011594116997717844
1055.0,0.08688172566534043,0.08688172566534008,0.08688172566533962,0.03969848107743803,0.011604885965969258
1056.0,0.08702318681165784,0.08702318681165885,0.08702318681165849,0.03975353246471275,0.011615819849113404
1057.0,0.08716610687479336,0.08716610687479492,0.08716610687479506,0.03980921169152748,0.011626918687598166
1058.0,0.08731049177217426,0.08731049177217473,0.08731049177217597,0.03986552054145094,0.011638182534988394
1059.0,0.08745634755665783,0.08745634755665861,0.08745634755665768,0.03992246085329066,0.011649611457933086
1060.0,0.08760368041743635,0.08760368041743677,0.08760368041743659,0.039980034521310034,0.011661205536136506
1061.0,0.08775249668097687,0.08775249668097779,0.08775249668097726,0.04003824349545319,0.011672964862329029
1062.0,0.08790280281198591,0.08790280281198685,0.08790280281198574,0.040097089781583856,0.011684889542243683
1063.0,0.08805460541441122,0.08805460541441257,0.08805460541441235,0.04015657544173553,0.011696979694592139
1064.0,0.08820791123247844,0.08820791123247877,0.08820791123247869,0.04021670259437473,0.01170923545104483
1065.0,0.08836272715175299,0.08836272715175332,0.08836272715175293,0.04027747341467804,0.01172165695621267
1066.0,0.08851906020024726,0.08851906020024788,0.08851906020024718,0.04033889013481886,0.011734244367631074
1067.0,0.08867691754954947,0.08867691754954964,0.08867691754954982,0.04040095504426819,0.011746997855745987
1068.0,0.08883630651599823,0.08883630651599964,0.08883630651599919,0.040463670490110404,0.011759917603904426
1069.0,0.08899723456188448,0.08899723456188377,0.08899723456188408,0.04052703887736576,0.011773003808343323
1070.0,0.08915970929668718,0.08915970929668772,0.08915970929668707,0.040591062669335466,0.011786256678184927
1071.0,0.08932373847835678,0.0893237384783568,0.08932373847835727,0.04065574438794909,0.011799676435431242
1072.0,0.0894893300146195,0.08948933001462059,0.08948933001461973,0.040721086614133394,0.011813263314963011
1073.0,0.08965649196432995,0.08965649196432987,0.08965649196433031,0.04078709198819099,0.011827017564539653
1074.0,0.08982523253885423,0.08982523253885613,0.08982523253885409,0.0408537632101936,0.011840939444802431
1075.0,0.08999556010349685,0.08999556010349738,0.08999556010349735,0.040921103040386084,0.011855029229279244
1076.0,0.09016748317895683,0.09016748317895795,0.09016748317895758,0.04098911429961208,0.011869287204392159
1077.0,0.09034101044283482,0.09034101044283567,0.0903410104428345,0.041057799869740105,0.011883713669467
1078.0,0.09051615073116803,0.09051615073116882,0.09051615073116755,0.0411271626941214,0.011898308936745648
1079.0,0.09069291304001607,0.09069291304001437,0.09069291304001525,0.0411972057780439,0.011913073331400187
1080.0,0.0908713065270749,0.09087130652707448,0.09087130652707517,0.04126793218921499,0.011928007191549994
1081.0,0.09105134051334654,0.09105134051334714,0.09105134051334825,0.04133934505825194,0.01194311086828056
1082.0,0.09123302448484161,0.09123302448484176,0.09123302448484379,0.04141144757918547,0.011958384725664793
1083.0,0.09141636809432455,0.0914163680943241,0.09141636809432482,0.041484243009986696,0.011973829140787207
1084.0,0.09160138116310233,0.09160138116310307,0.09160138116310293,0.0415577346730993,0.011989444503769726
1085.0,0.09178807368286905,0.09178807368286908,0.09178807368286865,0.04163192595599379,0.012005231217800283
1086.0,0.09197645581757283,0.09197645581757302,0.09197645581757254,0.04170682031173612,0.012021189699163392
1087.0,0.09216653790535331,0.09216653790535391,0.0921665379053538,0.041782421259568235,0.012037320377274363
1088.0,0.09235833046050619,0.09235833046050701,0.09235833046050786,0.041858732385512146,0.012053623694713793
1089.0,0.0925518441755061,0.09255184417550745,0.09255184417550683,0.04193575734298199,0.012070100107265967
1090.0,0.09274708992307022,0.09274708992306974,0.09274708992307049,0.04201349985342015,0.012086750083959805
1091.0,0.09294407875827985,0.09294407875827998,0.09294407875828027,0.042091963706945304,0.012103574107111015
1092.0,0.09314282192074375,0.09314282192074372,0.09314282192074355,0.042171152763015654,0.01212057267236774
1093.0,0.09334333083681719,0.0933433308368173,0.09334333083681885,0.04225107095112052,0.012137746288758312
1094.0,0.09354561712186925,0.09354561712187082,0.09354561712187077,0.0423317222714743,0.012155095478741195
1095.0,0.09374969258260796,0.09374969258260712,0.09374969258260817,0.04241311079574044,0.01217262077825774
1096.0,0.09395556921944836,0.09395556921944948,0.0939555692194499,0.04249524066776557,0.01219032273678759
1097.0,0.09416325922895447,0.09416325922895566,0.09416325922895526,0.04257811610433878,0.012208201917405561
1098.0,0.094372775006317,0.09437277500631754,0.09437277500631804,0.04266174139596478,0.012226258896842708
1099.0,0.09458412914789771,0.09458412914789836,0.09458412914789974,0.04274612090765961,0.012244494265548037
1100.0,0.09479733445383577,0.09479733445383529,0.09479733445383562,0.042831259079757864,0.012262908627754436
1101.0,0.0950124039306999,0.09501240393070062,0.09501240393070041,0.04291716042875626,0.012281502601546238
1102.0,0.09522935079422087,0.0952293507942222,0.09522935079422139,0.04300382954815905,0.012300276818928937
1103.0,0.09544818847206413,0.09544818847206361,0.09544818847206421,0.043091271109352174,0.012319231925902967
1104.0,0.09566893060667997,0.09566893060668039,0.0956689306066805,0.043179489862503265,0.01233836858253886
1105.0,0.09589159105821415,0.09589159105821433,0.0958915910582149,0.04326849063747163,0.012357687463055463
1106.0,0.09611618390748217,0.09611618390748287,0.09611618390748292,0.043358278344749666,0.012377189255900567
1107.0,0.09634272345901272,0.09634272345901362,0.0963427234590132,0.043448857976420716,0.012396874663834797
1108.0,0.09657122424415664,0.09657122424415777,0.09657122424415726,0.043540234607141064,0.012416744404017712
1109.0,0.09680170102427119,0.09680170102427207,0.09680170102427206,0.04363241339514702,0.01243679920809657
1110.0,0.0970341687939698,0.09703416879397055,0.09703416879397016,0.04372539958328039,0.012457039822298318
1111.0,0.09726864278444632,0.09726864278444675,0.09726864278444657,0.04381919850004218,0.012477467007523795
1112.0,0.09750513846687682,0.097505138466877,0.097505138466878,0.043913815560668,0.012498081539445536
1113.0,0.0977436715558941,0.09774367155589585,0.09774367155589517,0.04400925626823249,0.012518884208607013
1114.0,0.09798425801314334,0.0979842580131434,0.09798425801314323,0.04410552621476877,0.012539875820526823
1115.0,0.09822691405090969,0.09822691405090875,0.09822691405090955,0.04420263108242779,0.012561057195803646
1116.0,0.09847165613583449,0.09847165613583524,0.09847165613583461,0.04430057664465287,0.012582429170225552
1117.0,0.09871850099271963,0.09871850099271999,0.09871850099272035,0.04439936876738619,0.01260399259488157
1118.0,0.09896746560839999,0.0989674656084006,0.09896746560840115,0.044499013410299125,0.01262574833627672
1119.0,0.0992185672357204,0.09921856723572033,0.09921856723571933,0.0445995166280547,0.012647697276449332
1120.0,0.0994718233975847,0.09947182339758588,0.09947182339758502,0.04470088457159819,0.012669840313092724
1121.0,0.09972725189111663,0.09972725189111621,0.09972725189111648,0.0448031234894717,0.012692178359678457
1122.0,0.09998487079189503,0.0999848707918962,0.09998487079189594,0.044906239729162495,0.01271471234558342
1123.0,0.10024469845829427,0.1002446984582931,0.10024469845829363,0.04501023973848616,0.012737443216220744
1124.0,0.10050675353591408,0.10050675353591457,0.10050675353591393,0.04511513006698831,0.012760371933172613
1125.0,0.10077105496212617,0.100771054962128,0.10077105496212706,0.04522091736739401,0.012783499474327662
1126.0,0.10103762197070132,0.10103762197070142,0.10103762197070157,0.04532760839707293,0.012806826834020176
1127.0,0.10130647409655569,0.10130647409655534,0.10130647409655462,0.045435210019553564,0.012830355023174313
1128.0,0.10157763118059651,0.10157763118059707,0.1015776311805974,0.04554372920605854,0.012854085069450367
1129.0,0.10185111337469188,0.10185111337469206,0.10185111337469364,0.045653173037083154,0.012878018017394788
1130.0,0.10212694114672997,0.10212694114673052,0.10212694114672974,0.045763548704005536,0.012902154928594364
1131.0,0.10240513528581109,0.10240513528581235,0.10240513528581056,0.045874863510732555,0.012926496881833172
1132.0,0.10268571690755497,0.10268571690755622,0.10268571690755501,0.04598712487538579,0.012951044973253016
1133.0,0.10296870745952325,0.1029687074595246,0.10296870745952412,0.046100340332021816,0.012975800316518269
1134.0,0.103254128726773,0.10325412872677396,0.1032541287267735,0.04621451753239516,0.013000764042983672
1135.0,0.10354200283752954,0.10354200283753008,0.10354200283753041,0.04632966424775704,0.013025937301866212
1136.0,0.1038323522689995,0.10383235226900002,0.10383235226900046,0.04644578837069907,0.013051321260420442
1137.0,0.10412519985330561,0.10412519985330732,0.10412519985330694,0.04656289791703658,0.013076917104118057
1138.0,0.1044205687835725,0.10442056878357266,0.10442056878357314,0.04668100102773077,0.013102726036831394
1139.0,0.1047184826201373,0.10471848262013796,0.10471848262013762,0.04680010597086269,0.013128749281020272
1140.0,0.1050189652969214,0.10501896529692148,0.10501896529692233,0.046920221143645635,0.013154988077923596
1141.0,0.10532204112793153,0.10532204112793175,0.10532204112793223,0.0470413550744858,0.013181443687754407
1142.0,0.10562773481393117,0.10562773481393199,0.10562773481393083,0.04716351642508801,0.013208117389899453
1143.0,0.10593607144925225,0.10593607144925284,0.10593607144925256,0.04728671399261296,0.013235010483123418
1144.0,0.10624707652877824,0.10624707652877828,0.10624707652877914,0.047410956711881544,0.013262124285775976
1145.0,0.10656077595508198,0.10656077595508212,0.10656077595508257,0.04753625365762691,0.013289460136004898
1146.0,0.10687719604573635,0.10687719604573591,0.1068771960457371,0.047662614046808056,0.01331701939197231
1147.0,0.10719636354079892,0.1071963635407991,0.10719636354079869,0.04779004724096132,0.013344803432076528
1148.0,0.107518305610472,0.10751830561047229,0.1075183056104721,0.04791856274862316,0.013372813655177061
1149.0,0.1078430498629425,0.10784304986294355,0.10784304986294344,0.04804817022779312,0.013401051480825715
1150.0,0.10817062435241813,0.10817062435241882,0.10817062435241984,0.04817887948846765,0.013429518349501656
1151.0,0.1085010575873411,0.10850105758734181,0.10850105758734127,0.04831070049522282,0.013458215722851156
1152.0,0.10883437853880956,0.10883437853880955,0.10883437853880998,0.04844364336986122,0.01348714508393271
1153.0,0.10917061664920329,0.10917061664920405,0.10917061664920494,0.04857771839412292,0.01351630793746679
1154.0,0.10950980184101188,0.10950980184101249,0.10950980184101312,0.04871293601245494,0.013545705810090796
1155.0,0.10985196452587785,0.10985196452587864,0.10985196452587814,0.048849306834848304,0.013575340250618984
1156.0,0.11019713561386456,0.11019713561386474,0.11019713561386436,0.04898684163974443,0.013605212830308149
1157.0,0.11054534652294265,0.1105453465229436,0.1105453465229426,0.049125551377004,0.013635325143127614
1158.0,0.11089662918871852,0.11089662918871887,0.11089662918871823,0.04926544717095573,0.013665678806036089
1159.0,0.11125101607439686,0.1112510160743973,0.11125101607439611,0.04940654032350437,0.01369627545926228
1160.0,0.11160854018098407,0.11160854018098505,0.11160854018098529,0.049548842317326335,0.013727116766593427
1161.0,0.11196923505775881,0.11196923505776016,0.1119692350577599,0.04969236481913384,0.013758204415666936
1162.0,0.11233313481298915,0.11233313481299048,0.11233313481298851,0.0498371196830206,0.013789540118270074
1163.0,0.11270027412492035,0.11270027412492059,0.11270027412492199,0.04998311895388235,0.013821125610644237
1164.0,0.11307068825304953,0.11307068825305057,0.11307068825305015,0.05013037487093216,0.013852962653796357
1165.0,0.11344441304966624,0.11344441304966676,0.11344441304966718,0.05027889987128637,0.013885053033815221
1166.0,0.11382148497169617,0.11382148497169835,0.11382148497169724,0.050428706593652665,0.013917398562195066
1167.0,0.11420194109284738,0.1142019410928481,0.1142019410928483,0.050579807882089725,0.013950001076165407
1168.0,0.11458581911605337,0.11458581911605359,0.11458581911605352,0.05073221678988339,0.013982862439027228
1169.0,0.11497315738624735,0.11497315738624775,0.1149731573862485,0.05088594658349339,0.014015984540495897
1170.0,0.11536399490346312,0.11536399490346398,0.11536399490346298,0.05104101074661785,0.014049369297050581
1171.0,0.11575837133626113,0.11575837133626295,0.11575837133626107,0.05119742298434239,0.014083018652291435
1172.0,0.11615632703552078,0.11615632703552181,0.11615632703552096,0.051355197227404725,0.01411693457730281
1173.0,0.11655790304857507,0.11655790304857562,0.11655790304857504,0.05151434763656202,0.014151119071024804
1174.0,0.11696314113372817,0.11696314113372763,0.11696314113372724,0.05167488860706337,0.014185574160630599
1175.0,0.11737208377513929,0.11737208377514083,0.11737208377514109,0.051836834773239436,0.014220301901913297
1176.0,0.11778477419812122,0.11778477419812156,0.1177847741981212,0.05200020101321178,0.014255304379678388
1177.0,0.118201256384809,0.1182012563848096,0.11820125638480994,0.05216500245371163,0.014290583708145585
1178.0,0.11862157509028794,0.11862157509028685,0.1186215750902884,0.052331254475032944,0.014326142031357972
1179.0,0.11904577585910969,0.11904577585911061,0.11904577585911023,0.05249897271610249,0.014361981523598697
1180.0,0.11947390504228958,0.11947390504229075,0.1194739050422901,0.052668173079689046,0.014398104389817479
1181.0,0.11990600981473216,0.11990600981473273,0.11990600981473233,0.05283887173774023,0.01443451286606401
1182.0,0.12034213819314181,0.12034213819314335,0.12034213819314288,0.05301108513686218,0.014471209219930937
1183.0,0.12078233905443145,0.1207823390544332,0.12078233905443274,0.05318483000394504,0.014508195751005454
1184.0,0.121226662154605,0.12122666215460627,0.12122666215460517,0.053360123351921716,0.014545474791329359
1185.0,0.1216751581481864,0.12167515814818637,0.1216751581481863,0.05353698248569894,0.01458304870586954
1186.0,0.12212787860817088,0.12212787860817166,0.12212787860817088,0.05371542500822832,0.014620919892996298
1187.0,0.12258487604653481,0.1225848760465355,0.1225848760465356,0.05389546882674659,0.014659090784972831
1188.0,0.12304620393530911,0.12304620393531057,0.1230462039353102,0.05407713215918151,0.01469756384845277
1189.0,0.12351191672825541,0.12351191672825533,0.12351191672825493,0.05426043354072774,0.014736341584989694
1190.0,0.12398206988313255,0.12398206988313354,0.12398206988313246,0.054445391830599044,0.014775426531555197
1191.0,0.12445671988461923,0.12445671988461876,0.12445671988462069,0.05463202621897045,0.014814821261068272
1192.0,0.12493592426785986,0.12493592426786004,0.12493592426786053,0.054820356234098824,0.01485452838293508
1193.0,0.1254197416427032,0.12541974164270456,0.1254197416427045,0.0550104017496454,0.014894550543599493
1194.0,0.1259082317186256,0.12590823171862686,0.12590823171862756,0.0552021829921965,0.014934890427105269
1195.0,0.12640145533038166,0.12640145533038155,0.1264014553303822,0.055395720548995414,0.014975550755669345
1196.0,0.12689947446438307,0.12689947446438332,0.12689947446438363,0.055591035375884654,0.015016534290266264
1197.0,0.1274023522858689,0.12740235228586994,0.12740235228587046,0.055788148805469,0.015057843831225201
1198.0,0.12791015316685378,0.1279101531668548,0.1279101531668534,0.05598708255551434,0.015099482218839172
1199.0,0.12842294271490248,0.12842294271490232,0.12842294271490276,0.05618785873757644,0.015141452333985906
1200.0,0.1289407878027608,0.12894078780276208,0.12894078780276233,0.05639049986587848,0.015183757098762294
1201.0,0.12946375659887302,0.12946375659887466,0.12946375659887452,0.05659502886643425,0.015226399477131352
1202.0,0.12999191859879583,0.129991918598796,0.12999191859879639,0.05680146908644679,0.015269382475582514
1203.0,0.13052534465756638,0.13052534465756813,0.1305253446575667,0.057009844303961235,0.015312709143805456
1204.0,0.13106410702306484,0.13106410702306498,0.13106410702306465,0.05722017873780717,0.015356382575378719
1205.0,0.13160827937036007,0.1316082793703611,0.1316082793703605,0.057432497057827984,0.01540040590847068
1206.0,0.13215793683713556,0.13215793683713528,0.1321579368371344,0.05764682439541107,0.015444782326557153
1207.0,0.13271315606018155,0.13271315606018036,0.1327131560601808,0.05786318635432209,0.015489515059152565
1208.0,0.13327401521303348,0.13327401521303353,0.13327401521303395,0.0580816090218691,0.015534607382556631
1209.0,0.13384059404477264,0.13384059404477197,0.13384059404477366,0.05830211898038872,0.015580062620616883
1210.0,0.13441297392003762,0.1344129739200387,0.13441297392003845,0.05852474331908562,0.015625884145507092
1211.0,0.13499123786030323,0.13499123786030395,0.1349912378603042,0.058749509646221075,0.015672075378521878
1212.0,0.1355754705864546,0.13557547058645614,0.1355754705864565,0.05897644610167673,0.015718639790888042
1213.0,0.13616575856272775,0.13616575856272886,0.13616575856272853,0.05920558136989221,0.015765580904592888
1214.0,0.13676219004204343,0.13676219004204523,0.13676219004204465,0.0594369446932101,0.015812902293230974
1215.0,0.13736485511281685,0.13736485511281799,0.1373648551128178,0.05967056588562353,0.015860607582867125
1216.0,0.13797384574726573,0.13797384574726676,0.1379738457472681,0.05990647534695389,0.015908700452919724
1217.0,0.13858925585130627,0.1385892558513067,0.1385892558513073,0.060144704077469295,0.015957184637060976
1218.0,0.13921118131607527,0.1392111813160764,0.139211181316077,0.0603852836929634,0.01600606392413818
1219.0,0.13983972007116002,0.1398397200711619,0.1398397200711616,0.060628246440304304,0.01605534215911348
1220.0,0.14047497213958646,0.14047497213958707,0.14047497213958626,0.06087362521349103,0.016105023244024023
1221.0,0.14111703969464393,0.141117039694644,0.14111703969464304,0.06112145357020162,0.01615511113896385
1222.0,0.14176602711862366,0.1417660271186233,0.14176602711862366,0.06137176574889774,0.016205609863085575
1223.0,0.1424220410635418,0.14242204106354112,0.14242204106354192,0.06162459668646206,0.0162565234956247
1224.0,0.14308519051391855,0.14308519051392074,0.14308519051392085,0.061879982036423864,0.016307856176945974
1225.0,0.14375558685172435,0.14375558685172463,0.143755586851724,0.0621379581877734,0.016359612109612676
1226.0,0.14443334392353357,0.14443334392353374,0.1444333439235336,0.06239856228440424,0.016411795559479154
1227.0,0.14511857811004414,0.1451185781100443,0.1451185781100455,0.06266183224519502,0.016464410856807516
1228.0,0.14581140839799256,0.1458114083979929,0.1458114083979935,0.0629278067847632,0.016517462397409144
1229.0,0.1465119564546087,0.14651195645460768,0.14651195645460846,0.06319652543492389,0.016570954643810195
1230.0,0.14722034670469175,0.14722034670469153,0.147220346704693,0.06346802856686215,0.01662489212644532
1231.0,0.14793670641044962,0.14793670641045104,0.1479367064104496,0.06374235741407894,0.016679279444875166
1232.0,0.1486611657541748,0.14866116575417618,0.1486611657541767,0.06401955409610761,0.01673412126903335
1233.0,0.14939385792391527,0.1493938579239162,0.14939385792391688,0.06429966164305882,0.016789422340499932
1234.0,0.15013491920225308,0.15013491920225455,0.15013491920225425,0.06458272402102266,0.016845187473804105
1235.0,0.15088448905832413,0.15088448905832616,0.1508844890583265,0.06486878615835251,0.0169014215577559
1236.0,0.15164271024323958,0.15164271024324014,0.15164271024324016,0.0651578939728826,0.016958129556808636
1237.0,0.15240972888901605,0.15240972888901805,0.15240972888901796,0.06545009440011165,0.017015316512451324
1238.0,0.1531856946112318,0.15318569461123335,0.15318569461123244,0.0657454354223919,0.017072987544633416
1239.0,0.1539707606155122,0.1539707606155136,0.15397076061551268,0.06604396609917443,0.017131147853222152
1240.0,0.15476508380806522,0.15476508380806717,0.15476508380806647,0.06634573659835566,0.01718980271949316
1241.0,0.15556882491042243,0.15556882491042293,0.15556882491042323,0.0666507982287591,0.01724895750765481
1242.0,0.1563821485785805,0.15638214857858146,0.15638214857858118,0.06695920347382517,0.01730861766640898
1243.0,0.15720522352676605,0.15720522352676677,0.15720522352676786,0.06727100602654866,0.017368788730546304
1244.0,0.15803822265601195,0.15803822265601147,0.1580382226560123,0.06758626082571945,0.01742947632258053
1245.0,0.15888132318776998,0.15888132318777062,0.15888132318777073,0.06790502409353134,0.01749068615441874
1246.0,0.159734706802834,0.15973470680283527,0.15973470680283536,0.06822735337461874,0.01755242402907268
1247.0,0.1605985597857714,0.1605985597857724,0.1605985597857729,0.06855330757658985,0.017614695842409267
1248.0,0.16147307317516363,0.1614730731751639,0.16147307317516513,0.06888294701211484,0.017677507584942343
1249.0,0.16235844291992005,0.16235844291991958,0.1623584429199204,0.06921633344265905,0.017740865343666926
1250.0,0.16325487004196496,0.1632548700419664,0.16325487004196634,0.06955353012392214,0.017804775303937714
1251.0,0.16416256080560623,0.16416256080560718,0.16416256080560657,0.0698946018530744,0.017869243751391286
1252.0,0.1650817268939139,0.16508172689391448,0.16508172689391526,0.07023961501787292,0.017934277073914973
1253.0,0.16601258559245113,0.16601258559245108,0.16601258559245172,0.07058863764774828,0.01799988176366323
1254.0,0.1669553599807465,0.16695535998074718,0.166955359980748,0.07094173946695147,0.018066064419121425
1255.0,0.16791027913186882,0.16791027913186893,0.16791027913186993,0.07129899194988329,0.01813283174722155
1256.0,0.16887757832053987,0.16887757832053893,0.1688775783205402,0.07166046837867998,0.018200190565507108
1257.0,0.16985749924020258,0.1698574992402038,0.16985749924020369,0.07202624390320175,0.018268147804353155
1258.0,0.17085029022953893,0.17085029022953901,0.17085029022953982,0.07239639560352226,0.01833671050923799
1259.0,0.17185620650887773,0.17185620650887948,0.17185620650887787,0.072771002555056,0.018405885843073285
1260.0,0.1728755104270805,0.17287551042707963,0.17287551042707996,0.07315014589645649,0.018475681088590476
1261.0,0.173908471719391,0.1739084717193909,0.17390847171939197,0.07353390890042799,0.01854610365078559
1262.0,0.17495536777689544,0.17495536777689727,0.17495536777689744,0.07392237704759835,0.01861716105942637
1263.0,0.176016483928174,0.17601648392817398,0.1760164839281746,0.0743156381036289,0.018688860971621372
1264.0,0.17709211373382686,0.17709211373382858,0.17709211373382808,0.07471378219971014,0.018761211174452334
1265.0,0.1781825592945925,0.17818255929459423,0.17818255929459292,0.07511690191664326,0.018834219587675637
1266.0,0.1792881315737857,0.17928813157378723,0.17928813157378734,0.07552509237269606,0.0189078942664885
1267.0,0.18040915073487068,0.18040915073487312,0.18040915073487318,0.07593845131543044,0.018982243404368226
1268.0,0.181545946495028,0.18154594649502864,0.18154594649502911,0.07635707921773431,0.019057275335982105
1269.0,0.18269885849560344,0.182698858495604,0.18269885849560447,0.07678107937828077,0.019132998540172745
1270.0,0.18386823669044097,0.1838682366904425,0.1838682366904409,0.07721055802666772,0.019209421643019343
1271.0,0.1850544417531054,0.18505444175310581,0.1850544417531057,0.07764562443350051,0.019286553420979093
1272.0,0.1862578455041203,0.1862578455041201,0.18625784550412075,0.07808639102570296,0.019364402804107634
1273.0,0.18747883135939733,0.1874788313593969,0.1874788313593975,0.07853297350735261,0.019442978879366194
1274.0,0.18871779480112202,0.18871779480112158,0.1887177948011215,0.07898549098637747,0.019522290894013295
1275.0,0.18997514387244271,0.1899751438724437,0.18997514387244394,0.07944406610743504,0.01960234825908591
1276.0,0.19125129969743565,0.19125129969743634,0.19125129969743776,0.07990882519136537,0.019683160552971698
1277.0,0.19254669702785168,0.19254669702785346,0.1925466970278537,0.08037989838160198,0.019764737525077247
1278.0,0.19386178481836963,0.19386178481837238,0.19386178481836996,0.08085741979796242,0.019847089099592593
1279.0,0.19519702683208215,0.19519702683208276,0.19519702683208343,0.0813415276982719,0.019930225379356147
1280.0,0.19655290227817082,0.1965529022781729,0.1965529022781726,0.0818323646483148,0.02001415664982402
1281.0,0.1979299064838233,0.19792990648382291,0.19792990648382397,0.08233007770062625,0.020098893383145848
1282.0,0.19932855160258445,0.19932855160258547,0.19932855160258448,0.08283481858267533,0.02018444624234995
1283.0,0.20074936736155402,0.200749367361555,0.20074936736155483,0.0833467438950757,0.020270826085644206
1284.0,0.20219290184997693,0.20219290184997876,0.2021929018499786,0.08386601532042842,0.02035804397083184
1285.0,0.20365972235199722,0.20365972235199947,0.20365972235199906,0.08439279984352932,0.020446111159850268
1286.0,0.2051504162265533,0.20515041622655378,0.20515041622655344,0.08492726998367307,0.02053503912343347
1287.0,0.2066655918376343,0.20666559183763816,0.2066655918376368,0.08546960403987136,0.020624839545903894
1288.0,0.2082058795383945,0.2082058795383961,0.20820587953839614,0.08601998634985987,0.020715524330097667
1289.0,0.2097719327128247,0.20977193271282574,0.2097719327128266,0.08657860756384099,0.020807105602426757
1290.0,0.21136442887912968,0.21136442887912987,0.21136442887913093,0.08714566493397666,0.02089959571808287
1291.0,0.21298407085914473,0.2129840708591462,0.21298407085914495,0.08772136262074871,0.0209930072663891
1292.0,0.21463158801860777,0.21463158801860927,0.21463158801861054,0.08830591201737209,0.021087353076300858
1293.0,0.21630773758345376,0.21630773758345384,0.21630773758345395,0.08889953209356526,0.02118264622206588
1294.0,0.21801330603774416,0.21801330603774594,0.2180133060377468,0.08950244976009308,0.021278900029042813
1295.0,0.21974911060939065,0.21974911060939126,0.21974911060939342,0.0901149002555956,0.021376128079689586
1296.0,0.22151600085026396,0.2215160008502648,0.22151600085026563,0.09073712755738636,0.021474344219722524
1297.0,0.22331486031798858,0.22331486031798845,0.22331486031798997,0.09136938481800845,0.021573562564454262
1298.0,0.22514660836731748,0.22514660836731942,0.22514660836731887,0.09201193482955064,0.0216737975053168
1299.0,0.22701220205968772,0.22701220205968903,0.2270122020596902,0.09266505051784207,0.02177506371657412
1300.0,0.22891263820041738,0.22891263820042082,0.2289126382004187,0.09332901546889964,0.021877376162233175
1301.0,0.2308489555138355,0.23084895551383863,0.23084895551383733,0.09400412449019001,0.02198075010315821
1302.0,0.23282223696764626,0.232822236967646,0.2328222369676461,0.09469068420951034,0.022085201104396286
1303.0,0.23483361225890598,0.23483361225890761,0.234833612258908,0.0953890137145698,0.022190745042721415
1304.0,0.2368842604752335,0.23688426047523456,0.23688426047523478,0.09609944523665584,0.022297398114404454
1305.0,0.23897541294613422,0.23897541294613592,0.23897541294613564,0.09682232488209232,0.022405176843216964
1306.0,0.24110835630096036,0.24110835630096134,0.24110835630096072,0.09755801341556082,0.022514098088677884
1307.0,0.24328443575155634,0.24328443575155653,0.24328443575155675,0.09830688709979163,0.022624179054549873
1308.0,0.24550505861963062,0.2455050586196341,0.24550505861963295,0.09906933859657266,0.022735437297596018
1309.0,0.24777169813093164,0.24777169813093275,0.24777169813093186,0.09984577793454093,0.0228478907366061
1310.0,0.25008589750063137,0.2500858975006309,0.2500858975006309,0.10063663354981599,0.02296155766170007
1311.0,0.2524492743370741,0.252449274337076,0.25244927433707637,0.1014423534061682,0.023076456743921583
1312.0,0.25486352539388574,0.2548635253938878,0.2548635253938884,0.10226340620214122,0.02319260704513004
1313.0,0.2573304317038585,0.25733043170385944,0.2573304317038581,0.10310028267339973,0.02331002802820319
1314.0,0.259851864131799,0.2598518641318018,0.25985186413180156,0.10395349699946159,0.023428739567561092
1315.0,0.26242978938782163,0.2624297893878246,0.262429789387825,0.10482358832505062,0.023548761960023624
1316.0,0.26506627654731696,0.26506627654731746,0.26506627654731757,0.10571112240748519,0.023670115936013196
1317.0,0.2677635041294593,0.2677635041294595,0.26776350412945965,0.10661669340285983,0.0237928226711175
1318.0,0.2705237677922702,0.27052376779227266,0.2705237677922718,0.10754092580533803,0.023916903798022745
1319.0,0.27334948870941167,0.27334948870941433,0.2733494887094137,0.10848447655556132,0.02404238141883426
1320.0,0.27624322270200624,0.2762432227020075,0.2762432227020068,0.1094480373362506,0.024169278117797642
1321.0,0.2792076702081335,0.2792076702081375,0.2792076702081358,0.11043233707528789,0.02429761697443569
1322.0,0.2822456871833025,0.2822456871833046,0.2822456871833032,0.11143814467923253,0.0244274215771173
1323.0,0.28536029703745924,0.28536029703746146,0.28536029703745935,0.11246627202319354,0.024558716037075837
1324.0,0.2885547037283255,0.2885547037283262,0.2885547037283273,0.11351757722647533,0.024691525002892678
1325.0,0.29183230614712824,0.29183230614713,0.29183230614712974,0.11459296824739164,0.02482587367546549
1326.0,0.29519671395176866,0.2951967139517698,0.2951967139517699,0.11569340683528717,0.024961787823479426
1327.0,0.2986517650244805,0.29865176502448093,0.29865176502448043,0.11681991288317006,0.02509929379940132
1328.0,0.3022015447565849,0.30220154475658745,0.30220154475658784,0.11797356923063028,0.02523841855601794
1329.0,0.3058504073929287,0.3058504073929317,0.30585040739293057,0.11915552697401632,0.025379189663539362
1330.0,0.30960299970349014,0.30960299970349275,0.3096029997034906,0.12036701134938632,0.025521635327290383
1331.0,0.31346428729088627,0.3134642872908897,0.3134642872908902,0.12160932826380078,0.025665784406013803
1332.0,0.31743958389085747,0.3174395838908596,0.31743958389086063,0.12288387156233481,0.025811666430810034
1333.0,0.32153458408005725,0.3215345840800593,0.3215345840800584,0.12419213113216786,0.025959311624739433
1334.0,0.32575539987343693,0.32575539987343843,0.3257553998734377,0.12553570196163774,0.026108750923114002
1335.0,0.33010860177417145,0.33010860177417434,0.33010860177417173,0.12691629429187298,0.02626001599450773
1336.0,0.33460126493555614,0.33460126493555914,0.3346012649355589,0.128335745022081,0.02641313926251425
1337.0,0.33924102120987737,0.33924102120987953,0.33924102120987887,0.12979603055773445,0.02656815392828318
1338.0,0.344036117998184,0.34403611799818673,0.3440361179981853,0.13129928132473237,0.026725093993869912
1339.0,0.3489954849828487,0.3489954849828507,0.34899548498285043,0.13284779821345513,0.026883994286429545
1340.0,0.3541288100282438,0.3541288100282457,0.354128810028246,0.13444407126613556,0.027044890483293876
1341.0,0.3594466257826827,0.3594466257826867,0.35944662578268566,0.13609080098114723,0.027207819137968305
1342.0,0.36496040881781383,0.36496040881781516,0.3649604088178145,0.13779092268139637,0.027372817707087247
1343.0,0.3706826935137099,0.3706826935137112,0.3706826935137107,0.13954763448425647,0.027539924578370848
1344.0,0.37662720335706756,0.37662720335706823,0.3766272033570688,0.14136442952166592,0.027709179099626374
1345.0,0.382809002888907,0.3828090028889079,0.38280900288890785,0.14324513319669893,0.027880621608838325
1346.0,0.3892446742467465,0.3892446742467481,0.38924467424674764,0.1451939464339703,0.028054293465398974
1347.0,0.3959525231326909,0.39595252313269025,0.39595252313268986,0.14721549609491547,0.028230237082525485
1348.0,0.4029528201532562,0.40295282015325634,0.4029528201532559,0.14931489399679435,0.028408495960919832
1349.0,0.4102680848839406,0.41026808488394323,0.4102680848839425,0.15149780631146642,0.028589114723726116
1350.0,0.41792342179649716,0.41792342179649883,0.41792342179649933,0.15377053554598338,0.02877213915284396
1351.0,0.4259469194602589,0.42594691946026225,0.42594691946026086,0.15614011784689438,0.02895761622665981
1352.0,0.4343701273343076,0.43437012733431224,0.43437012733431196,0.15861443905565303,0.029145594159261202
1353.0,0.4432286281901791,0.44322862819018144,0.44322862819018227,0.16120237381347688,0.02933612244120247
1354.0,0.4525627289803945,0.45256272898039823,0.45256272898039723,0.16391395311857015,0.029529251881893172
1355.0,0.46241829908631965,0.46241829908632226,0.46241829908632337,0.1667605671317949,0.029725034653686238
1356.0,0.4728477926780295,0.4728477926780334,0.472847792678032,0.16975521176317812,0.029923524337744468
1357.0,0.4839115017484969,0.4839115017485003,0.483911501748501,0.17291278968707044,0.030124775971770403
1358.0,0.49567909849519554,0.4956790984951988,0.4956790984951987,0.17625047889869294,0.030328846099689534
1359.0,0.5082315399884835,0.5082315399884864,0.5082315399884875,0.17978818454104284,0.030535792823376443
1360.0,0.5216634233272652,0.521663423327267,0.5216634233272672,0.1835490918960813,0.030745675856528584
1361.0,0.5360858920283045,0.5360858920283088,0.536085892028309,0.18756033862238292,0.030958556580786833
1362.0,0.551630194504165,0.551630194504166,0.5516301945041664,0.1918538189263579,0.031174498104216176
1363.0,0.5684519595184624,0.5684519595184672,0.5684519595184664,0.19646711309206813,0.031393565322261646
1364.0,0.5867361257270008,0.586736125727004,0.5867361257270045,0.20144448382058838,0.03161582498130237
1365.0,0.6067021128505228,0.6067021128505269,0.6067021128505287,0.20683775328985812,0.031841345744935676
1366.0,0.6286079485638616,0.6286079485638647,0.6286079485638639,0.21270657410822577,0.032070198263124246
1367.0,0.6527499685637291,0.6527499685637311,0.6527499685637317,0.2191169119152278,0.032302455244359075
1368.0,0.6794497989183478,0.679449798918352,0.6794497989183526,0.22613497750684636,0.032538191530983085
1369.0,0.7090092157285237,0.7090092157285294,0.7090092157285284,0.2338103871379624,0.0327774841778479
1370.0,0.7415901898770992,0.7415901898771051,0.7415901898771022,0.24213548128797732,0.033020412534467844
1371.0,0.7769384460895018,0.7769384460895058,0.7769384460895037,0.25095797159262656,0.03326705833086172
1372.0,0.8138501268268602,0.8138501268268631,0.8138501268268644,0.2598280754476298,0.03351750576727012
1373.0,0.849476100997639,0.8494761009976428,0.8494761009976427,0.267847888054268,0.03377184160795781
1374.0,0.8792922207460586,0.8792922207460636,0.8792922207460636,0.2738234526951678,0.03403015527931895
1375.0,0.8990267061105583,0.8990267061105636,0.8990267061105597,0.27697129104969115,0.03429253897251553
1376.0,0.9075002905378762,0.9075002905378813,0.9075002905378812,0.27749671743046384,0.0345590877508965
1377.0,0.906923094359218,0.9069230943592242,0.9069230943592225,0.2762427767063884,0.034829899662458294
1378.0,0.9006419151251454,0.9006419151251501,0.9006419151251484,0.27403604592573877,0.03510507585762488
1379.0,0.8913625136970371,0.8913625136970404,0.8913625136970424,0.27142685313218823,0.035384720712643675
1380.0,0.880781817253704,0.88078181725371,0.8807818172537101,0.268722081464449,0.035668941958910634
1381.0,0.8698431979131931,0.8698431979132,0.869843197913198,0.2660769631931577,0.03595785081855979
1382.0,0.8590369316531067,0.8590369316531112,0.8590369316531117,0.2635634837333118,0.03625156214667376
1383.0,0.8486023751715802,0.8486023751715841,0.8486023751715858,0.2612102682296754,0.036550194580495764
1384.0,0.8386442943790412,0.838644294379046,0.8386442943790453,0.25902400067137155,0.036853870696046065
1385.0,0.8291963492175805,0.8291963492175859,0.8291963492175854,0.25700060897552035,0.03716271717257832
1386.0,0.8202552176233666,0.8202552176233723,0.820255217623371,0.25513105036853273,0.03747686496533155
1387.0,0.8117988868744624,0.8117988868744662,0.8117988868744662,0.2534042786276299,0.03779644948707627
1388.0,0.8037964195073682,0.8037964195073719,0.8037964195073705,0.25180873485166017,0.03812161079897468
1389.0,0.7962130762024533,0.7962130762024578,0.7962130762024573,0.2503330587579221,0.038452493811320786
1390.0,0.7890128658097944,0.7890128658097982,0.7890128658097995,0.24896638900509951,0.03878924849475919
1391.0,0.7821596538432379,0.782159653843242,0.782159653843242,0.24769846018447508,0.0391320301026267
1392.0,0.7756175201562724,0.7756175201562756,0.7756175201562755,0.24651964377578273,0.0394809994051066
1393.0,0.7693509906074297,0.7693509906074342,0.7693509906074351,0.24542110556302066,0.03983632293592831
1394.0,0.7633261551484339,0.7633261551484379,0.7633261551484379,0.24439537673642828,0.04019817325241063
1395.0,0.7575146249742156,0.7575146249742196,0.7575146249742193,0.2434377953148574,0.04056672920968984
1396.0,0.7519027045469546,0.7519027045469586,0.7519027045469577,0.2425488982347794,0.04094217625004695
1397.0,0.7465031181038081,0.7465031181038134,0.746503118103813,0.24173558657937697,0.04132470670831011
1398.0,0.7413533571496,0.7413533571496047,0.741353357149604,0.24100655329414628,0.0417145201343827
1399.0,0.7364882511175539,0.7364882511175588,0.7364882511175578,0.2403639735587386,0.042111823634027434
1400.0,0.7319124008398656,0.7319124008398696,0.7319124008398695,0.23980165648062185,0.04251683222912028
1401.0,0.7276024498377549,0.7276024498377591,0.7276024498377585,0.23931008476762994,0.04292976923868521
1402.0,0.7235256654889278,0.7235256654889326,0.7235256654889319,0.23888064841728812,0.04335086668211703
1403.0,0.7196522734948348,0.7196522734948396,0.7196522734948403,0.238506822584842,0.0437803657061149
1404.0,0.7159587496105959,0.715958749610599,0.7159587496105987,0.2381838847353351,0.044218517036965305
1405.0,0.712427133723669,0.7124271337236724,0.7124271337236718,0.2379083784637365,0.04466558145994689
1406.0,0.7090435678228114,0.7090435678228151,0.7090435678228153,0.2376776918757902,0.04512183032777105
1407.0,0.7057970688166393,0.7057970688166437,0.7057970688166432,0.23748978176981228,0.045587546100124124
1408.0,0.7026786722890537,0.7026786722890566,0.7026786722890576,0.23734300239895886,0.04606302291655877
1409.0,0.6996808665666144,0.6996808665666193,0.6996808665666189,0.23723599950877805,0.046548567205150125
1410.0,0.6967972212444749,0.6967972212444802,0.696797221244479,0.2371676435086068,0.04704449832955633
1411.0,0.6940221398938943,0.6940221398938978,0.6940221398938976,0.23713698604757194,0.04755114927732528
1412.0,0.6913506914239629,0.6913506914239673,0.691350691423966,0.23714323080377006,0.04806886739255205
1413.0,0.6887784917411229,0.6887784917411266,0.6887784917411264,0.2371857131208802,0.0485980151562462
1414.0,0.686301618170998,0.6863016181710023,0.6863016181710018,0.23726388532145726,0.049138971018070424
1415.0,0.6839165457196814,0.6839165457196856,0.6839165457196854,0.23737730578768143,0.049692130283433396
1416.0,0.6816200982708742,0.6816200982708784,0.6816200982708784,0.23752563063381932,0.05025790606027132
1417.0,0.6794094102708681,0.6794094102708722,0.6794094102708721,0.23770860722797657,0.05083673027025738
1418.0,0.6772818959743054,0.677281895974309,0.6772818959743097,0.23792606908177863,0.05142905472959425
1419.0,0.6752352242807861,0.6752352242807896,0.6752352242807894,0.23817793178688418,0.05203535230503815
1420.0,0.673267297803187,0.6732672978031903,0.6732672978031907,0.2384641897777598,0.052656118151321894
1421.0,0.6713762352068415,0.671376235206845,0.6713762352068462,0.23878491376427108,0.053291871036728576
1422.0,0.6695603561225884,0.6695603561225925,0.6695603561225915,0.23914024871898948,0.05394315476422254
1423.0,0.6678181681105756,0.6678181681105798,0.6678181681105796,0.2395304123309744,0.05461053969624944
1424.0,0.6661483552671108,0.6661483552671144,0.666148355267115,0.23995569385524104,0.05529462439212512
1425.0,0.6645497681439329,0.6645497681439362,0.6645497681439356,0.2404164532977906,0.05599603736780991
1426.0,0.6630214146970544,0.663021414697057,0.6630214146970578,0.2409131208815464,0.05671543898885852
1427.0,0.6615624520067478,0.6615624520067531,0.6615624520067526,0.24144619674006657,0.057453523508421284
1428.0,0.66017217851755,0.6601721785175535,0.6601721785175548,0.2420162507835486,0.05821102126341454
1429.0,0.6588500265370684,0.6588500265370719,0.6588500265370718,0.24262392267498262,0.05898870104332798
1430.0,0.6575955547004835,0.6575955547004871,0.6575955547004871,0.24326992184311133,0.059787372647683
1431.0,0.6564084400515926,0.6564084400515964,0.6564084400515962,0.243955027441893,0.060607889649864174
1432.0,0.655288469305668,0.6552884693056705,0.6552884693056705,0.2446800881417412,0.06145115238697023
1433.0,0.6542355287308347,0.6542355287308376,0.6542355287308378,0.24544602160291348,0.06231811119749529
1434.0,0.6532495918970872,0.6532495918970903,0.6532495918970909,0.2462538134325557,0.06320976993108582
1435.0,0.6523307042711751,0.6523307042711785,0.6523307042711785,0.24710451535853126,0.06412718975735565
1436.0,0.6514789632366972,0.6514789632367004,0.6514789632367012,0.247999242257483,0.06507149330383934
1437.0,0.6506944915302797,0.650694491530282,0.6506944915302822,0.24893916754044387,0.06604386915666471
1438.0,0.6499774012139441,0.6499774012139472,0.6499774012139473,0.24992551621172188,0.06704557676148595
1439.0,0.6493277439982383,0.6493277439982429,0.6493277439982434,0.25095955465484554,0.06807795176671139
1440.0,0.6487454417580498,0.6487454417580544,0.6487454417580546,0.2520425758387433,0.06914241185617041
1441.0,0.6482301880902465,0.6482301880902515,0.6482301880902501,0.2531758781553337,0.0702404631241815
1442.0,0.6477813072144754,0.647781307214479,0.64778130721448,0.2543607354954005,0.07137370705260403
1443.0,0.6473975496706029,0.6473975496706055,0.6473975496706057,0.2555983555284994,0.07254384815704752
1444.0,0.6470767942690754,0.64707679426908,0.6470767942690792,0.25688982281944944,0.07375270237807645
1445.0,0.6468156122731007,0.6468156122731045,0.6468156122731028,0.25823602446005817,0.07500220630320438
1446.0,0.6466086354251155,0.6466086354251189,0.6466086354251213,0.25963756132929844,0.076294427316914
1447.0,0.6464476675428877,0.6464476675428913,0.6464476675428895,0.26109466584573576,0.07763157478911159
1448.0,0.6463205372842049,0.6463205372842091,0.646320537284209,0.2626071965148148,0.0790160124276483
1449.0,0.646209947381926,0.6462099473819304,0.6462099473819289,0.26417490131954713,0.08045027193813807
1450.0,0.6460933682802371,0.6460933682802403,0.6460933682802422,0.2657983882251146,0.08193706815472808
1451.0,0.6459468110057757,0.645946811005779,0.6459468110057799,0.2674815212294834,0.08347931582920945
1452.0,0.645757277407301,0.6457572774073045,0.6457572774073042,0.26923545822191947,0.08508014829352968
1453.0,0.6455446450732371,0.6455446450732406,0.6455446450732396,0.2710814499134607,0.0867429382430842
1454.0,0.6453758564323818,0.6453758564323849,0.6453758564323836,0.27304593376591546,0.08847132092604773
1455.0,0.645344526662633,0.6453445266626366,0.6453445266626362,0.27514861832698756,0.0902692200684698
1456.0,0.6455261652531412,0.6455261652531437,0.6455261652531425,0.2773965210629998,0.09214087691727381
1457.0,0.6459538883950117,0.6459538883950151,0.6459538883950149,0.2797885161743993,0.09409088284519343
1458.0,0.6466277207713211,0.6466277207713241,0.6466277207713237,0.2823218820606074,0.09612421603502412
1459.0,0.6475338403587741,0.6475338403587797,0.6475338403587807,0.28499559843486455,0.09824628284774681
1460.0,0.6486569548047221,0.6486569548047272,0.6486569548047257,0.2878110503950963,0.1004629645830111
1461.0,0.6499850557605262,0.6499850557605316,0.6499850557605299,0.2907717555160695,0.10278067046483011
1462.0,0.6515102771166312,0.6515102771166355,0.6515102771166346,0.29388293059034765,0.10520639783456023
1463.0,0.6532283906511002,0.6532283906511047,0.6532283906511009,0.2971511450359973,0.10774780071306621
1464.0,0.655138019154584,0.6551380191545876,0.6551380191545881,0.3005840923308331,0.1104132681113038
1465.0,0.6572399129949246,0.6572399129949279,0.657239912994927,0.30419045526247585,0.11321201373238213
1466.0,0.6595363543285668,0.6595363543285706,0.659536354328568,0.3079798358249718,0.1161541790295102
1467.0,0.6620306618926841,0.6620306618926884,0.6620306618926901,0.3119627268715618,0.11925095197739356
1468.0,0.664726743624927,0.6647267436249326,0.6647267436249303,0.3161505090462264,0.12251470439753966
1469.0,0.6676286352829853,0.6676286352829903,0.6676286352829904,0.32055546103044436,0.12595915127369495
1470.0,0.6707399527901972,0.670739952790199,0.6707399527901999,0.325190774475254,0.12959953623190892
1471.0,0.6740631680848924,0.6740631680848936,0.674063168084896,0.3300705694526692,0.13345284827881398
1472.0,0.6775985944919359,0.6775985944919396,0.6775985944919406,0.335209917243874,0.13753807604134377
1473.0,0.6813429570339699,0.6813429570339712,0.6813429570339736,0.34062490786477345,0.1418765071962027
1474.0,0.6852874973361511,0.6852874973361569,0.6852874973361536,0.3463328803250086,0.14649208260294122
1475.0,0.6894159377175915,0.6894159377175965,0.6894159377175981,0.35235312360081084,0.15141181697257852
1476.0,0.6937038159279748,0.6937038159279764,0.6937038159279751,0.3587087147740775,0.15666630086258576
1477.0,0.6981233585090916,0.6981233585090963,0.6981233585090928,0.36543048331843353,0.1622903025859482
1478.0,0.7026608456677538,0.7026608456677568,0.7026608456677583,0.3725631089042947,0.16832349352016135
1479.0,0.7073475747529164,0.7073475747529245,0.7073475747529225,0.3801689281475361,0.17481132665413707
1480.0,0.7122816285526243,0.7122816285526277,0.7122816285526277,0.3883212951493562,0.1818061064909874
1481.0,0.7176054555911595,0.7176054555911644,0.7176054555911663,0.3970899400335159,0.18936829926976356
1482.0,0.7234496949524821,0.7234496949524817,0.7234496949524856,0.40653463087172254,0.19756814673608433
1483.0,0.7298974147380135,0.729897414738016,0.7298974147380178,0.4167118397607815,0.20648766552607026
1484.0,0.7369895177613466,0.7369895177613434,0.7369895177613439,0.4276842674155546,0.21622313914933378
1485.0,0.7447468371221138,0.7447468371221196,0.7447468371221213,0.4395269943694827,0.22688824254049428
1486.0,0.7531872196584735,0.7531872196584811,0.7531872196584778,0.45233083262496315,0.23861798267495093
1487.0,0.7623339424636473,0.7623339424636558,0.7623339424636499,0.4662048028119986,0.2515736957116458
1488.0,0.7722187880450924,0.7722187880450959,0.7722187880450972,0.4812788679275729,0.2659494143984905
1489.0,0.7828827464384196,0.7828827464384271,0.7828827464384225,0.49770738814093934,0.2819800105227639
1490.0,0.7943757767141411,0.7943757767141421,0.7943757767141458,0.5156734580302688,0.299951622546592
1491.0,0.8067560341149232,0.8067560341149279,0.8067560341149271,0.5353941343152404,0.32021498125525355
1492.0,0.8200883694912784,0.8200883694912857,0.82008836949128,0.5571263755707605,0.34320229550853665
1493.0,0.834441422108451,0.8344414221084563,0.8344414221084554,0.5811731271892238,0.3694482244265769
1494.0,0.84988199210269,0.8498819921026998,0.8498819921026946,0.607888137537005,0.3996148206745085
1495.0,0.8664643247703459,0.8664643247703527,0.8664643247703515,0.6376762879002821,0.4345184243143204
1496.0,0.8842100907143567,0.884210090714362,0.8842100907143606,0.6709824649634166,0.4751515703033857
1497.0,0.9030716523363455,0.9030716523363521,0.9030716523363511,0.7082543640865755,0.5226811285558319
1498.0,0.9228660341578411,0.9228660341578405,0.9228660341578488,0.749849626764206,0.5783768185861681
1499.0,0.9431599714084828,0.9431599714084926,0.9431599714084912,0.7958305811407604,0.643366486574717
1500.0,0.9630817475891762,0.9630817475891865,0.9630817475891804,0.8455498674111481,0.7180073162573148
1501.0,0.9810519762709854,0.9810519762709885,0.9810519762709848,0.8969074767744317,0.8005285345193502
1502.0,0.9945159990014704,0.9945159990014778,0.9945159990014796,0.9452951850969277,0.8846943146374343
1503.0,1.0,1.0,1.0,0.9828744859087752,0.9573938486628578
1504.0,0.9940704451096016,0.9940704451096058,0.9940704451096043,1.0,1.0
1505.0,0.9752818824659036,0.9752818824659059,0.9752818824659112,0.9901918625940751,0.9978851121185082
1506.0,0.9455444308479417,0.9455444308479412,0.9455444308479444,0.9551868612791686,0.952067880378081
1507.0,0.9091277165678175,0.9091277165678225,0.9091277165678203,0.9038025533746232,0.8782681136460703
1508.0,0.870338244206612,0.8703382442066155,0.8703382442066132,0.8459680436254218,0.7947374696209719
1509.0,0.8321292616961719,0.8321292616961765,0.8321292616961773,0.7886112579129589,0.7137149573128819
1510.0,0.7960404418076477,0.7960404418076503,0.7960404418076502,0.7352417683227873,0.6407914909591741
1511.0,0.7626644112027411,0.7626644112027477,0.7626644112027449,0.6870999708101438,0.5774210543767727
1512.0,0.7320834795565523,0.7320834795565632,0.7320834795565602,0.644259174084046,0.5231373932890192
1513.0,0.7041445124667267,0.7041445124667329,0.7041445124667314,0.606297905195822,0.4768011434968364
1514.0,0.6786053370371993,0.6786053370372049,0.678605337037203,0.5726389091182487,0.43716769362070673
1515.0,0.65520542394077,0.6552054239407709,0.6552054239407756,0.5427003690146865,0.40310445756610647
1516.0,0.6336970059297623,0.6336970059297579,0.6336970059297612,0.5159545772798146,0.37365172479838626
1517.0,0.613856812085001,0.6138568120850011,0.6138568120849973,0.4919444953719819,0.34802124953049934
1518.0,0.5954887746638091,0.5954887746638137,0.5954887746638167,0.47028260270888783,0.3255739815030462
1519.0,0.5784228072037508,0.5784228072037559,0.57842280720376,0.4506432394348523,0.30579380155352126
1520.0,0.5625120922446888,0.5625120922446916,0.5625120922446919,0.43275334854311953,0.2882634283930854
1521.0,0.5476300058381482,0.5476300058381478,0.5476300058381491,0.4163836129584153,0.27264423343064326
1522.0,0.5336671700453735,0.5336671700453772,0.5336671700453729,0.401340676139959,0.25865998922008065
1523.0,0.5205288216179937,0.520528821617997,0.5205288216179972,0.3874605702522796,0.24608400273791237
1524.0,0.508132545239716,0.5081325452397196,0.5081325452397164,0.3746032492732991,0.23472895985185505
1525.0,0.4964063596662123,0.4964063596662139,0.49640635966621394,0.3626480471906488,0.2244388371774086
1526.0,0.4852871242028088,0.4852871242028088,0.4852871242028103,0.35148986685334516,0.21508229444770105
1527.0,0.47471923197743543,0.47471923197744076,0.47471923197743954,0.3410359144257617,0.20654698319073023
1528.0,0.4646535674321584,0.4646535674321631,0.4646535674321666,0.33120281402289903,0.1987341539212457
1529.0,0.45504672744256613,0.45504672744256486,0.4550467274425662,0.32191397226048557,0.19155277015505115
1530.0,0.4458605428695557,0.44586054286955384,0.4458605428695522,0.31309714583593,0.18491200164654567
1531.0,0.4370619959667229,0.43706199596672113,0.4370619959667244,0.3046823842568991,0.17871051222910736
1532.0,0.4286237062865266,0.4286237062865307,0.4286237062865271,0.29660107470022384,0.1728208399956448
1533.0,0.4205252126628213,0.4205252126628249,0.42052521266282605,0.28878807415426916,0.16706931564199445
1534.0,0.41275512621177246,0.412755126211778,0.4127551262117761,0.28119110480911025,0.16122188066249418
1535.0,0.4053133550248478,0.4053133550248413,0.40531335502484983,0.2737928900744304,0.15501210687423767
1536.0,0.3982104213570436,0.3982104213570453,0.3982104213570441,0.26664347624230944,0.14827537314542116
1537.0,0.39145906944843595,0.3914590694484403,0.39145906944844344,0.25987197495365966,0.14118159584560486
1538.0,0.3850584928107032,0.38505849281070426,0.38505849281070786,0.2536292394945193,0.1343078162697231
1539.0,0.37898398950829254,0.37898398950828954,0.3789839895082901,0.2479849544404627,0.1282865425422824
1540.0,0.3731936580109747,0.37319365801097615,0.3731936580109785,0.2428895973013706,0.12337381486850348
1541.0,0.3676439310858878,0.3676439310858868,0.3676439310858936,0.23822970627044932,0.11943225986408706
1542.0,0.3622995195716584,0.36229951957166107,0.36229951957166123,0.23389418778661494,0.1161811215686945
1543.0,0.3571350379335849,0.35713503793358037,0.35713503793358453,0.22980175898752336,0.11337516951902975
1544.0,0.35213276166670104,0.35213276166670643,0.3521327616667042,0.22590016118963946,0.11085070945486776
1545.0,0.3472799732036763,0.34727997320368115,0.3472799732036797,0.22215723919254796,0.10851095472730209
1546.0,0.34256701962198954,0.34256701962198965,0.34256701962198904,0.21855299732751757,0.10630172158426622
1547.0,0.33798610531586787,0.3379861053158694,0.3379861053158686,0.2150743820706575,0.10419321580073337
1548.0,0.3335305900200278,0.33353059002003105,0.33353059002003,0.21171222870944428,0.10216892430334
1549.0,0.3291945900986823,0.3291945900986809,0.3291945900986824,0.20845956107347735,0.10021938424735055
1550.0,0.3249727520029288,0.3249727520029253,0.3249727520029254,0.20531066420658653,0.09833881798791469
1551.0,0.32086012140364956,0.32086012140364983,0.32086012140365266,0.2022605821561475,0.09652334963288622
1552.0,0.316852065230653,0.3168520652306545,0.31685206523065523,0.1993048460243523,0.09477007137701436
1553.0,0.31294422307835923,0.31294422307836545,0.31294422307836306,0.19643932606429684,0.09307656122894359
1554.0,0.30913247506406333,0.30913247506406355,0.3091324750640639,0.19366015046928123,0.09144063908977494
1555.0,0.30541291903614637,0.3054129190361461,0.30541291903615025,0.19096365994087106,0.08986024789938755
1556.0,0.3017818532069354,0.30178185320693673,0.30178185320693846,0.18834638135718776,0.08833339966849911
1557.0,0.2982357620287283,0.2982357620287313,0.2982357620287344,0.185805011540636,0.08685815444353269
1558.0,0.29477130409413493,0.29477130409413677,0.29477130409414026,0.18333640628104386,0.08543261529807007
1559.0,0.2913853013755947,0.29138530137559593,0.2913853013755942,0.18093757202833852,0.08405493049178256
1560.0,0.28807472941633505,0.2880747294163343,0.28807472941633305,0.17860565889761157,0.08272329824888712
1561.0,0.2848367082504335,0.28483670825043605,0.2848367082504332,0.17633795429585578,0.08143597191331081
1562.0,0.2816684939218425,0.28166849392184296,0.28166849392184334,0.17413187683843553,0.08019126446048389
1563.0,0.2785674705230649,0.27856747052307074,0.27856747052306624,0.17198497041257277,0.07898755198260561
1564.0,0.27553114270193335,0.2755311427019393,0.275531142701937,0.16989489834192084,0.07782327608461044
1565.0,0.2725571285997232,0.2725571285997225,0.27255712859972614,0.16785943765239197,0.07669694527851507
1566.0,0.2696431531916731,0.2696431531916754,0.26964315319167487,0.16587647345878218,0.07560713552443772
1567.0,0.2667870420046645,0.2667870420046665,0.26678704200466474,0.1639439934967855,0.07455249008123119
1568.0,0.26398671518862676,0.2639867151886292,0.2639867151886279,0.16206008282357845,0.07353171882204612
1569.0,0.2612401819189429,0.2612401819189406,0.2612401819189395,0.1602229187054252,0.07254359715305875
1570.0,0.2585455351072019,0.25854553510720313,0.25854553510720024,0.15843076570528233,0.07158696465367735
1571.0,0.2559009463977254,0.2559009463977268,0.2559009463977256,0.15668197097785594,0.0706607235371377
1572.0,0.25330466142702635,0.253304661427028,0.2533046614270289,0.15497495977467562,0.06976383701298318
1573.0,0.2507549953232955,0.2507549953232956,0.25075499532329343,0.1533082311574709,0.06889532761809951
1574.0,0.2482503284229872,0.24825032842298717,0.24825032842298717,0.1516803539144686,0.06805427557074573
1575.0,0.2457891021812475,0.24578910218124672,0.2457891021812495,0.15008996267142607,0.06723981719224323
1576.0,0.24336981525302043,0.2433698152530211,0.24336981525302268,0.1485357541865445,0.06645114343344738
1577.0,0.24099101972133866,0.24099101972134296,0.24099101972134299,0.14701648381646631,0.06568749853743498
1578.0,0.23865131744924925,0.2386513174492486,0.23865131744924908,0.1455309621386233,0.06494817886591601
1579.0,0.23634935653134373,0.23634935653134762,0.23634935653134403,0.14407805171353552,0.06423253191433519
1580.0,0.23408382782072987,0.23408382782073073,0.23408382782072906,0.14265666396898785,0.06353995553944797
1581.0,0.23185346150636055,0.23185346150635822,0.23185346150635974,0.14126575618619433,0.0628698974231079
1582.0,0.22965702371524546,0.22965702371524788,0.22965702371524713,0.13990432856604365,0.06222185479708439
1583.0,0.22749331311262105,0.22749331311262194,0.22749331311261914,0.13857142135108896,0.06159537445585187
1584.0,0.22536115747193677,0.2253611574719407,0.225361157471937,0.1372661119759204,0.06099005308750441
1585.0,0.22325941018456474,0.22325941018456613,0.22325941018456683,0.13598751221473449,0.06040553795724382
1586.0,0.22118694667631883,0.22118694667632138,0.22118694667632113,0.13473476528993297,0.05984152798340424
1587.0,0.21914266069465843,0.21914266069465546,0.2191426606946575,0.13350704289922508,0.05929777525275411
1588.0,0.217125460425918,0.2171254604259187,0.21712546042591443,0.13230354211018225,0.05877408703007359
1589.0,0.21513426439603425,0.21513426439603534,0.21513426439603606,0.13112348206024002,0.05827032832681525
1590.0,0.21316799710094228,0.21316799710094514,0.2131679971009475,0.1299661003855855,0.057786425105320394
1591.0,0.2112255843031834,0.21122558430318344,0.2112255843031854,0.12883064928301582,0.05732236820861342
1592.0,0.20930594791941154,0.209305947919411,0.2093059479194119,0.12771639108358324,0.0568782181214436
1593.0,0.20740800040815663,0.2074080004081562,0.20740800040815688,0.1266225931828413,0.056454110685958125
1594.0,0.2055306385484022,0.20553063854840206,0.20553063854840323,0.12554852212731085,0.056050263914861946
1595.0,0.20367273647579623,0.20367273647579687,0.2036727364757971,0.12449343659627984,0.05566698606549441
1596.0,0.2018331378142704,0.2018331378142704,0.20183313781427384,0.12345657893612547,0.05530468515832582
1597.0,0.20001064670467725,0.20001064670467686,0.20001064670467858,0.12243716479363298,0.05496388013996149
1598.0,0.19820401748818756,0.19820401748818783,0.19820401748818833,0.12143437024331634,0.05464521389834549
1599.0,0.1964119427488689,0.19641194274886659,0.196411942748864,0.12044731559582347,0.05434946832668251
1600.0,0.1946330393561545,0.19463303935615486,0.19463303935615778,0.11947504478629146,0.05407758158561817
1601.0,0.19286583207363286,0.19286583207363567,0.19286583207363203,0.11851649883996336,0.05383066760079172
1602.0,0.1911087342163968,0.19110873421639896,0.19110873421639962,0.11757048134728876,0.053610037604046146
1603.0,0.18936002475035763,0.18936002475036082,0.18936002475035818,0.1166356130814311,0.05341722309324115
1604.0,0.18761782114452974,0.18761782114453066,0.1876178211445315,0.11571027175013712,0.05325399879552008
1605.0,0.18588004723685211,0.1858800472368577,0.18588004723685383,0.11479251123782244,0.05312240280739409
1606.0,0.18414439540717983,0.1841443954071825,0.18414439540718017,0.11387995233389235,0.05302474858990545
1607.0,0.18240828256881195,0.1824082825688149,0.18240828256881458,0.11296963353325909,0.052963619105936666
1608.0,0.18066880008920036,0.18066880008920116,0.18066880008920272,0.11205780557512549,0.05294182566376495
1609.0,0.1789226591057192,0.17892265910572527,0.1789226591057236,0.11113964634980356,0.05296230042924324
1610.0,0.17716613552683166,0.17716613552683003,0.17716613552682983,0.11020886295391905,0.05302786757060903
1611.0,0.17539502464238038,0.17539502464238138,0.17539502464238016,0.10925713451545638,0.05314079564779358
1612.0,0.17360462620645212,0.17360462620645714,0.17360462620645492,0.10827333360175376,0.05330195943327997
1613.0,0.17178980164200694,0.17178980164200394,0.17178980164200555,0.10724245009254889,0.05350931035802845
1614.0,0.16994518354903193,0.1699451835490348,0.16994518354903362,0.10614414486659268,0.05375513852102346
1615.0,0.16806568642249592,0.16806568642249495,0.16806568642249703,0.10495092553894311,0.0540212732506301
1616.0,0.1661475814671199,0.16614758146712544,0.1661475814671214,0.10362617443798573,0.05427093951040258
1617.0,0.1641905591698114,0.16419055916981137,0.16419055916981018,0.10212292086424292,0.05443575787767465
1618.0,0.1622013368192402,0.1622013368192382,0.16220133681923812,0.1003857881895616,0.054397494772194084
1619.0,0.16019915829039427,0.16019915829039502,0.16019915829039622,0.09836135549532747,0.05396975424774507
1620.0,0.15822217510950964,0.15822217510951062,0.15822217510951167,0.09602491429514619,0.052899971298359015
1621.0,0.15633022353320897,0.1563302235332103,0.15633022353320938,0.09342682606658737,0.05093461221784012
1622.0,0.15459560227164199,0.15459560227164765,0.15459560227164482,0.09073557548066201,0.04798180329466187
1623.0,0.15307761836514208,0.15307761836513836,0.15307761836514444,0.08821772886008888,0.04429494648002066
1624.0,0.15179478091102439,0.15179478091102866,0.15179478091102977,0.08612351758675112,0.040462233467268634
1625.0,0.15071922913603483,0.15071922913603908,0.1507192291360363,0.08456454970244827,0.03711887450214884
1626.0,0.14979688313818593,0.14979688313819073,0.14979688313818754,0.0834978545937624,0.034636415214778386
1627.0,0.14897229133446543,0.14897229133446496,0.14897229133446996,0.08280016747645368,0.033050809370313995
1628.0,0.1482020631996342,0.14820206319963602,0.14820206319963777,0.08234264963770146,0.03219170345009002
1629.0,0.1474570539406825,0.14745705394068,0.14745705394068107,0.08202516397526499,0.03183677031643895
1630.0,0.14671948287247902,0.14671948287247644,0.1467194828724771,0.08178046010552183,0.031797394678927414
1631.0,0.14597925421911592,0.14597925421911395,0.1459792542191156,0.08156697332998852,0.03194091898733795
1632.0,0.14523103899735346,0.14523103899735632,0.145231038997354,0.08136038563720806,0.03218316763985952
1633.0,0.14447231250525003,0.14447231250525544,0.1444723125052565,0.08114712444993728,0.03247412147827381
1634.0,0.14370213072680263,0.1437021307268018,0.14370213072680177,0.08092003229136253,0.03278563933486674
1635.0,0.14292039592661196,0.14292039592660968,0.14292039592661718,0.08067566344050955,0.03310293953699174
1636.0,0.14212742486513683,0.14212742486513827,0.14212742486513916,0.08041264605360973,0.0334192026746674
1637.0,0.14132369826488111,0.14132369826487443,0.14132369826487912,0.08013070160886389,0.033732300585781645
1638.0,0.14050971708260912,0.1405097170826102,0.1405097170826144,0.07983005797412523,0.03404286148970371
1639.0,0.13968592111091616,0.13968592111091319,0.13968592111091774,0.07951109374495723,0.034353145166227124
1640.0,0.1388526436399876,0.13885264363999097,0.1388526436399905,0.0791741155069844,0.034666401915246337
1641.0,0.13801008675982493,0.13801008675982412,0.13801008675982168,0.07881920814670536,0.03498651892740443
1642.0,0.13715830833940917,0.13715830833941386,0.13715830833941292,0.07844612072252072,0.03531783671265017
1643.0,0.13629721563213296,0.13629721563213215,0.13629721563213554,0.07805416291483983,0.035665064388840186
1644.0,0.13542656295489924,0.13542656295490305,0.13542656295490368,0.0776420934261436,0.03603324816663812
1645.0,0.13454595269012729,0.13454595269013497,0.13454595269013525,0.07720798399619212,0.03642775938562245
1646.0,0.13365484047241996,0.13365484047241416,0.1336548404724176,0.07674904201636877,0.03685427021414231
1647.0,0.13275254729928793,0.13275254729928807,0.1327525472992893,0.07626137154867352,0.03731867675351465
1648.0,0.13183828398401376,0.1318382839840146,0.13183828398401437,0.07573964710741811,0.03782690772491971
1649.0,0.13091119765763096,0.13091119765762435,0.1309111976576278,0.07517666735152032,0.03838451492925547
1650.0,0.12997045725673687,0.12997045725673478,0.129970457256735,0.07456274876060033,0.03899586586378583
1651.0,0.12901540711524626,0.12901540711524856,0.12901540711524753,0.07388491817138185,0.03966262704366396
1652.0,0.12804583746832535,0.1280458374683306,0.12804583746832437,0.07312588298596974,0.04038100675498943
1653.0,0.1270624506005086,0.12706245060051372,0.12706245060051316,0.07226283730270039,0.04113688716791435
1654.0,0.12606764190483288,0.12606764190483574,0.12606764190482964,0.07126639071712154,0.04189754286652686
1655.0,0.12506675254093708,0.12506675254093516,0.12506675254093907,0.07010046642129618,0.04259838459909916
1656.0,0.12406992479186656,0.12406992479186907,0.12406992479186615,0.06872518889353038,0.043124092987207235
1657.0,0.12309443608570568,0.12309443608571041,0.12309443608571123,0.06710667906462606,0.04328823982764286
1658.0,0.122166597220111,0.12216659722010834,0.12216659722011278,0.065238985736435,0.04282814597704326
1659.0,0.1213208437815747,0.12132084378157497,0.12132084378158052,0.06317872221400819,0.04145067465632673
1660.0,0.1205927722746112,0.12059277227461937,0.12059277227461238,0.06107405502138345,0.03896179337212406
1661.0,0.12000601364319069,0.12000601364319148,0.12000601364319766,0.05914595020034934,0.03543603643477362
1662.0,0.11956061553620612,0.11956061553620105,0.11956061553620462,0.05760091922505549,0.03127196772343396
1663.0,0.11923314822169344,0.11923314822169712,0.11923314822169293,0.05653548980035928,0.02703649188280944
1664.0,0.11898835259307754,0.11898835259308817,0.1189883525930823,0.05591738600196313,0.023226448862248502
1665.0,0.11879207722346997,0.11879207722346644,0.11879207722346598,0.05564057048900458,0.02013526496075713
1666.0,0.11861810358314825,0.11861810358314424,0.11861810358315181,0.05558836878239536,0.017853250687479068
1667.0,0.11844907210458785,0.11844907210460036,0.11844907210458917,0.05566661711659933,0.01632647342778395
1668.0,0.11827467541208139,0.11827467541208286,0.11827467541208256,0.055810334496119475,0.015420755846310556
1669.0,0.11808940700330461,0.11808940700330424,0.11808940700330364,0.05597866004126121,0.014975861708397648
1670.0,0.11789075457151486,0.11789075457151486,0.11789075457151614,0.056147532678296974,0.014844017719868251
1671.0,0.11767796819867966,0.11767796819868497,0.11767796819867733,0.056303639467410765,0.014908783348917227
1672.0,0.11745128444631141,0.11745128444631446,0.11745128444631184,0.05644022252144799,0.015087591181170234
1673.0,0.1172114584400291,0.11721145844003535,0.11721145844003386,0.05655439596715344,0.015325892858550193
1674.0,0.11695948950722913,0.11695948950723105,0.11695948950722984,0.05664549653136141,0.015589367378462001
1675.0,0.1166964641385831,0.1166964641385827,0.11669646413858524,0.05671409141184347,0.015857233451565485
1676.0,0.1164234687066989,0.1164234687066999,0.11642346870670271,0.05676138978602067,0.016117392370312407
1677.0,0.11614154316175813,0.11614154316175009,0.11614154316175668,0.05678889808564179,0.01636317375646827
1678.0,0.115851658541844,0.11585165854184429,0.11585165854183871,0.05679822131870788,0.016591242980634247
1679.0,0.11555470813164326,0.11555470813164391,0.11555470813164649,0.05679095151090702,0.016800283335779417
1680.0,0.11525150626840563,0.11525150626840018,0.11525150626840633,0.05676860790203662,0.01699017478442949
1681.0,0.1149427912650336,0.11494279126503865,0.11494279126504099,0.056732607687940084,0.017161485130406
1682.0,0.11462923038588366,0.11462923038588378,0.11462923038588015,0.05668425457713823,0.01731515627096587
1683.0,0.11431142568109721,0.1143114256810986,0.11431142568109709,0.05662473751620118,0.017452312013858974
1684.0,0.11398992000292991,0.1139899200029286,0.11398992000292728,0.05655513499826338,0.01757414167858158
1685.0,0.11366520283412056,0.1136652028341188,0.11366520283412183,0.05647642221707891,0.017681830979095394
1686.0,0.11333771574006485,0.11333771574006797,0.113337715740064,0.056389479448953554,0.017776522394981988
1687.0,0.11300785736231271,0.11300785736231243,0.11300785736231077,0.056295100724657224,0.017859293881179173
1688.0,0.11267598793176659,0.11267598793177104,0.11267598793176596,0.05619400226558916,0.01793114890277035
1689.0,0.11234243331360895,0.11234243331360541,0.11234243331360258,0.056086830407539694,0.01799301337022416
1690.0,0.112007488613367,0.11200748861336454,0.11200748861336673,0.05597416888427943,0.018045736680127704
1691.0,0.11167142138161595,0.11167142138161597,0.11167142138161729,0.05585654543088112,0.018090095097938397
1692.0,0.11133447445691505,0.11133447445691551,0.1113344744569131,0.05573443771664863,0.01812679637507103
1693.0,0.11099686848609602,0.110996868486095,0.11099686848609251,0.055608278644548065,0.018156484911297455
1694.0,0.11065880415850524,0.11065880415850862,0.11065880415850426,0.055478461067101234,0.01817974704095995
1695.0,0.11032046418772187,0.1103204641877191,0.11032046418771824,0.05534534197359903,0.018197116192590727
1696.0,0.10998201507088816,0.10998201507089615,0.10998201507088949,0.05520924620347894,0.01820907778056351
1697.0,0.10964360865246377,0.10964360865246676,0.10964360865246843,0.05507046973808529,0.018216073756337558
1698.0,0.10930538351599911,0.10930538351600447,0.10930538351600451,0.05492928261915059,0.018218506790013102
1699.0,0.10896746622475292,0.10896746622475417,0.10896746622475446,0.05478593153769168,0.0182167440792731
1700.0,0.10862997242930653,0.10862997242930557,0.10862997242930597,0.05464064213259619,0.01821112079841421
1701.0,0.10829300785810553,0.10829300785810539,0.10829300785811104,0.054493621033619905,0.018201943208779534
1702.0,0.1079566692047086,0.1079566692047123,0.10795666920470977,0.054345057679537775,0.018189491456232776
1703.0,0.10762104492394625,0.10762104492394606,0.1076210449239473,0.054195125938364036,0.018174022082756754
1704.0,0.10728621594752505,0.1072862159475242,0.10728621594752594,0.05404398555335731,0.018155770279096727
1705.0,0.10695225632827582,0.1069522563282749,0.10695225632827407,0.053891783435393206,0.018134951904221937
1706.0,0.10661923382118346,0.10661923382118639,0.10661923382118026,0.05373865481995573,0.018111765295626175
1707.0,0.10628721040819622,0.10628721040820026,0.10628721040819825,0.053584724304402684,0.01808639289258235
1708.0,0.10595624277307225,0.10595624277307118,0.1059562427730753,0.05343010677948411,0.018059002692412857
1709.0,0.10562638273163083,0.10562638273163176,0.10562638273163122,0.05327490826710343,0.01802974955786978
1710.0,0.1052976776222467,0.10529767762224557,0.1052976776222461,0.053119226675019754,0.01799877639183874
1711.0,0.10497017066075899,0.10497017066076544,0.10497017066076081,0.052963152477694446,0.01796621519384217
1712.0,0.10464390126352148,0.10464390126351857,0.10464390126352315,0.05280676933151569,0.017932188011206503
1713.0,0.10431890534182209,0.10431890534181767,0.10431890534181898,0.05265015463148809,0.017896807796351367
1714.0,0.10399521557064995,0.10399521557065396,0.10399521557065229,0.052493380015743656,0.01786017918033799
1715.0,0.1036728616343321,0.10367286163433147,0.10367286163433322,0.05233651182339221,0.017822399171682865
1716.0,0.10335187045127245,0.10335187045127169,0.10335187045127,0.05217961151062587,0.017783557788402925
1717.0,0.10303226637991356,0.10303226637991174,0.10303226637991571,0.05202273602939531,0.017743738630366768
1718.0,0.10271407140766858,0.1027140714076695,0.10271407140767043,0.05186593817247817,0.017703019398213667
1719.0,0.10239730532441962,0.10239730532442186,0.10239730532442033,0.051709266888340946,0.017661472364392805
1720.0,0.10208198588206276,0.10208198588206216,0.10208198588206568,0.05155276756880902,0.01761916480126339
1721.0,0.10176812894135528,0.1017681289413601,0.10176812894135677,0.05139648231221693,0.01757615937062009
1722.0,0.101455748607219,0.10145574860721805,0.10145574860721787,0.05124045016436675,0.01753251447855192
1723.0,0.10114485735354033,0.10114485735354276,0.10114485735354156,0.05108470733956056,0.017488284599085715
1724.0,0.10083546613841932,0.10083546613842193,0.10083546613841791,0.05092928742338991,0.017443520569696946
1725.0,0.10052758451061725,0.10052758451061808,0.10052758451061833,0.05077422155920845,0.01739826986145618
1726.0,0.10022122070810006,0.10022122070809857,0.10022122070809836,0.05061953861956602,0.017352576826231047
1727.0,0.0999163817491957,0.09991638174919726,0.09991638174919613,0.05046526536419056,0.017306482923174427
1728.0,0.09961307351711761,0.09961307351711625,0.09961307351711637,0.050311426585575865,0.017260026926423176
1729.0,0.09931130083829981,0.09931130083829902,0.09931130083830232,0.05015804524333396,0.017213245115791018
1730.0,0.09901106755515603,0.09901106755515572,0.09901106755515961,0.05000514258829656,0.017166171452016914
1731.0,0.09871237659360718,0.09871237659360663,0.09871237659360839,0.04985273827725443,0.017118837737976372
1732.0,0.09841523002587181,0.09841523002587226,0.09841523002587185,0.04970085047913668,0.01707127376713895
1733.0,0.09811962912888302,0.09811962912887995,0.09811962912888153,0.049549495973345174,0.017023507460401682
1734.0,0.09782557443862878,0.09782557443863032,0.09782557443862988,0.04939869024091402,0.016975564992332725
1735.0,0.09753306580081633,0.0975330658008172,0.09753306580081758,0.0492484475490747,0.016927470907749154
1736.0,0.09724210241802754,0.09724210241803131,0.0972421024180277,0.04909878102979604,0.01687924822946794
1737.0,0.09695268289375811,0.09695268289376091,0.09695268289376076,0.04894970275274442,0.01683091855798539
1738.0,0.09666480527346615,0.09666480527346782,0.09666480527346698,0.04880122379314037,0.0167825021637671
1739.0,0.09637846708291509,0.09637846708291575,0.09637846708291606,0.04865335429490661,0.016734018072769637
1740.0,0.09609366536399713,0.09609366536399801,0.09609366536399558,0.04850610352947804,0.016685484145756622
1741.0,0.09581039670819942,0.09581039670820059,0.0958103967082034,0.04835947995061869,0.016636917151912057
1742.0,0.09552865728792713,0.0955286572879297,0.09552865728792789,0.04821349124551079,0.016588332837225543
1743.0,0.0952484428857651,0.09524844288576387,0.09524844288576564,0.04806814438247784,0.0165397459880564
1744.0,0.09496974892189991,0.09496974892189997,0.09496974892189854,0.04792344565550504,0.016491170490268433
1745.0,0.09469257047979057,0.09469257047978855,0.09469257047978824,0.047779400725854904,0.016442619384286112
1746.0,0.09441690233020322,0.09441690233020567,0.09441690233020572,0.0476360146609807,0.016394104916378254
1747.0,0.09414273895376223,0.0941427389537625,0.09414273895376343,0.04749329197090639,0.01634563858647817
1748.0,0.09387007456205301,0.09387007456205414,0.0938700745620502,0.04735123664230376,0.016297231192783798
1749.0,0.09359890311744207,0.0935989031174431,0.09359890311744275,0.047209852170385876,0.016248892873404537
1750.0,0.093329218351669,0.0933292183516681,0.09332921835166871,0.04706914158880356,0.016200633145256063
1751.0,0.09306101378327927,0.09306101378327582,0.0930610137832758,0.046929107497654325,0.016152460940418174
1752.0,0.09279428273399336,0.09279428273399466,0.09279428273399601,0.04678975208977761,0.016104384640141224
1753.0,0.09252901834410336,0.09252901834410117,0.09252901834410102,0.04665107717541046,0.016056412106669297
1754.0,0.09226521358687727,0.09226521358688139,0.09226521358687756,0.04651308420534407,0.016008550713039943
1755.0,0.09200286128215625,0.09200286128215744,0.09200286128215532,0.046375774292669085,0.015960807371002778
1756.0,0.09174195410907661,0.09174195410907687,0.09174195410907725,0.04623914823320694,0.015913188557194504
1757.0,0.09148248461806233,0.09148248461806377,0.09148248461806308,0.046103206524731793,0.01586570033769119
1758.0,0.09122444524208746,0.0912244452420895,0.09122444524208832,0.04596794938501786,0.015818348391043034
1759.0,0.09096782830725406,0.09096782830725518,0.09096782830725668,0.04583337676885148,0.015771138029911407
1760.0,0.09071262604275543,0.09071262604275603,0.09071262604275716,0.045699488384020236,0.015724074221389633
1761.0,0.09045883059023788,0.0904588305902386,0.09045883059024053,0.04556628370636914,0.01567716160610482
1762.0,0.0902064340126004,0.09020643401259941,0.09020643401259995,0.04543376199399388,0.015630404516179905
1763.0,0.08995542830228893,0.0899554283022908,0.08995542830228806,0.045301922300601885,0.015583806992130972
1764.0,0.08970580538907162,0.08970580538907157,0.08970580538907219,0.04517076348810205,0.015537372798773288
1765.0,0.089457557147388,0.0894575571473877,0.08945755714738834,0.045040284238486265,0.015491105440197443
1766.0,0.08921067540323033,0.08921067540323173,0.0892106754032317,0.04491048306502126,0.015445008173880144
1767.0,0.08896515194063022,0.08896515194062975,0.08896515194063066,0.044781358322817315,0.015399084023980384
1768.0,0.08872097850777017,0.08872097850777302,0.08872097850777343,0.04465290821879409,0.01535333579387756
1769.0,0.08847814682272168,0.0884781468227222,0.08847814682272163,0.0445251308210848,0.015307766077996748
1770.0,0.08823664857883066,0.08823664857883111,0.08823664857883047,0.044398024067920254,0.015262377272969696
1771.0,0.08799647544981766,0.08799647544981831,0.08799647544981715,0.044271585776020354,0.015217171588166715
1772.0,0.08775761909454093,0.0877576190945402,0.08775761909454313,0.044145813648505956,0.015172151055645207
1773.0,0.08752007116148743,0.08752007116148741,0.08752007116148615,0.04402070528239008,0.015127317539548385
1774.0,0.08728382329299897,0.08728382329300097,0.087283823293001,0.04389625817564883,0.015082672744983202
1775.0,0.08704886712923883,0.08704886712923857,0.08704886712923801,0.043772469733892934,0.015038218226418655
1776.0,0.08681519431191477,0.08681519431191584,0.08681519431191675,0.04364933727670488,0.014993955395623409
1777.0,0.08658279648780211,0.08658279648780298,0.08658279648780356,0.043526858043599154,0.014949885529176886
1778.0,0.08635166531200653,0.08635166531200662,0.08635166531200855,0.043405029199668446,0.01490600977557521
1779.0,0.08612179245107437,0.08612179245107449,0.08612179245107568,0.04328384784092878,0.014862329161962333
1780.0,0.08589316958588465,0.08589316958588228,0.08589316958588408,0.043163310999374545,0.01481884460049518
1781.0,0.08566578841436452,0.08566578841436523,0.08566578841436603,0.04304341564775305,0.014775556894382145
1782.0,0.08543964065405334,0.08543964065405693,0.08543964065405299,0.04292415870407622,0.014732466743596245
1783.0,0.08521471804448354,0.08521471804448115,0.08521471804448082,0.04280553703592312,0.014689574750293569
1784.0,0.0849910123494063,0.08499101234940756,0.08499101234940776,0.04268754746446068,0.01464688142394923
1785.0,0.0847685153589267,0.08476851535892752,0.08476851535892813,0.0425701867682911,0.01460438718622674
1786.0,0.0845472188914228,0.08454721889142186,0.08454721889142479,0.04245345168706558,0.014562092375597807
1787.0,0.084327114795402,0.08432711479540254,0.08432711479540275,0.0423373389249261,0.014519997251722245
1788.0,0.08410819495120914,0.08410819495120775,0.08410819495120979,0.0422218451537414,0.014478101999606759
1789.0,0.08389045127262115,0.08389045127262229,0.0838904512726217,0.042106967016183564,0.014436406733551718
1790.0,0.08367387570834342,0.08367387570834538,0.0836738757083443,0.04199270112864101,0.014394911500897549
1791.0,0.08345846024338945,0.08345846024339133,0.08345846024339142,0.0418790440839619,0.014353616285582824
1792.0,0.08324419690037876,0.08324419690037876,0.08324419690037965,0.04176599245406527,0.014312521011522913
1793.0,0.08303107774073018,0.08303107774073049,0.08303107774073014,0.04165354279240212,0.014271625545820513
1794.0,0.08281909486577911,0.08281909486577896,0.08281909486577958,0.041541691636292837,0.01423092970181521
1795.0,0.08260824041780807,0.08260824041780795,0.08260824041780894,0.04143043550912791,0.014190433241982603
1796.0,0.0823985065809938,0.0823985065809954,0.08239850658099655,0.0413197709224635,0.014150135880690204
1797.0,0.08218988558230064,0.08218988558230088,0.08218988558230174,0.04120969437799531,0.01411003728681453
1798.0,0.0819823696922738,0.0819823696922743,0.08198236969227603,0.041100202369416486,0.014070137086234865
1799.0,0.08177595122579692,0.0817759512257989,0.08177595122579824,0.04099129138420517,0.014030434864199083
1800.0,0.08157062254276926,0.08157062254277074,0.08157062254276888,0.04088295790527973,0.013990930167578595
1801.0,0.08136637604872697,0.08136637604872751,0.08136637604872675,0.040775198412586505,0.01395162250700998
1802.0,0.08116320419541585,0.08116320419541541,0.08116320419541481,0.04066800938458764,0.013912511358935984
1803.0,0.08096109948130206,0.08096109948130349,0.08096109948130156,0.04056138729967997,0.013873596167544392
1804.0,0.08076005445204315,0.08076005445204307,0.08076005445204286,0.040455328637526586,0.013834876346614577
1805.0,0.0805600617008979,0.08056006170089854,0.08056006170089905,0.04034982988031022,0.013796351281276525
1806.0,0.08036111386910695,0.08036111386910653,0.08036111386910808,0.0402448875139321,0.013758020329682989
1807.0,0.08016320364621468,0.08016320364621729,0.08016320364621744,0.040140498029124574,0.01371988282460238
1808.0,0.0799663237703755,0.07996632377037734,0.07996632377037685,0.04003665792252179,0.013681938074935293
1809.0,0.0797704670285883,0.07977046702858909,0.07977046702858864,0.03993336369764472,0.013644185367159277
1810.0,0.07957562625692355,0.07957562625692308,0.07957562625692419,0.0398306118658626,0.013606623966702282
1811.0,0.07938179434071105,0.07938179434071058,0.07938179434071174,0.03972839894725515,0.013569253119254533
1812.0,0.07918896421468216,0.07918896421468083,0.07918896421468423,0.03962672147147144,0.013532072052014732
1813.0,0.07899712886309447,0.0789971288630939,0.07899712886309639,0.039525575978504944,0.01349507997487701
1814.0,0.0788062813198337,0.07880628131983247,0.07880628131983274,0.03942495901943365,0.013458276081564649
1815.0,0.07861641466845724,0.07861641466845636,0.0786164146684569,0.039324867157122315,0.013421659550706856
1816.0,0.07842752204225946,0.07842752204226063,0.07842752204225881,0.039225296966866025,0.013385229546866243
1817.0,0.07823959662427271,0.07823959662427171,0.07823959662427216,0.03912624503701616,0.01334898522151579
1818.0,0.07805263164726624,0.0780526316472642,0.07805263164726631,0.03902770796954869,0.01331292571397313
1819.0,0.07786662039371317,0.077866620393714,0.07786662039371398,0.03892968238059779,0.013277050152286758
1820.0,0.07768155619575026,0.07768155619575307,0.07768155619575277,0.03883216490097471,0.013241357654081874
1821.0,0.07749743243511156,0.07749743243510994,0.07749743243510974,0.038735152176631954,0.01320584732736698
1822.0,0.07731424254302056,0.07731424254302324,0.07731424254302299,0.038638640869097615,0.013170518271301333
1823.0,0.07713198000012621,0.07713198000012728,0.07713198000012828,0.03854262765590212,0.013135369576926365
1824.0,0.0769506383363545,0.07695063833635472,0.07695063833635392,0.038447109230950766,0.013100400327862898
1825.0,0.07677021113078324,0.07677021113078374,0.0767702111307836,0.03835208230487928,0.013065609600973546
1826.0,0.07659069201150334,0.07659069201150576,0.07659069201150441,0.03825754360539312,0.013030996466996212
1827.0,0.07641207465544855,0.07641207465544844,0.07641207465544994,0.03816348987756742,0.012996559991145289
1828.0,0.07623435278823029,0.07623435278823082,0.07623435278823178,0.038069917884129625,0.012962299233686877
1829.0,0.0760575201839438,0.07605752018394338,0.07605752018394518,0.03797682440573251,0.012928213250483066
1830.0,0.07588157066498541,0.07588157066498309,0.07588157066498442,0.03788420624117699,0.012894301093512703
1831.0,0.07570649810183089,0.0757064981018337,0.07570649810183276,0.03779206020764942,0.012860561811366899
1832.0,0.07553229641284182,0.07553229641284197,0.07553229641284129,0.037700383140916345,0.01282699444972104
1833.0,0.07535895956401567,0.07535895956401602,0.07535895956401625,0.037609171895516116,0.012793598051782271
1834.0,0.07518648156877555,0.07518648156877658,0.07518648156877576,0.03751842334491182,0.012760371658718034
1835.0,0.07501485648771591,0.0750148564877166,0.07501485648771797,0.037428134381656576,0.012727314310061631
1836.0,0.07484407842836535,0.074844078428365,0.0748440784283654,0.03733830191752819,0.012694425044099532
1837.0,0.0746741415449185,0.07467414154491929,0.07467414154491928,0.03724892288364375,0.012661702898239454
1838.0,0.07450504003799105,0.0745050400379906,0.07450504003799067,0.03715999423056769,0.012629146909360102
1839.0,0.07433676815433743,0.07433676815433805,0.07433676815433857,0.03707151292841422,0.012596756114144294
1840.0,0.07416932018659673,0.07416932018659758,0.07416932018659642,0.03698347596692403,0.012564529549394826
1841.0,0.07400269047299836,0.07400269047299698,0.07400269047299841,0.03689588035553269,0.012532466252335676
1842.0,0.0738368733970915,0.073836873397093,0.07383687339709108,0.03680872312342606,0.012500565260897578
1843.0,0.07367186338745725,0.07367186338745843,0.07367186338745821,0.03672200131960301,0.012468825613989997
1844.0,0.07350765491741577,0.07350765491741816,0.07350765491741744,0.036635712012894776,0.012437246351757686
1845.0,0.0733442425047411,0.07334424250474104,0.07334424250474147,0.03654985229200546,0.01240582651582669
1846.0,0.07318162071134955,0.07318162071134922,0.07318162071134988,0.03646441926552445,0.012374565149535626
1847.0,0.07301978414301992,0.07301978414302102,0.07301978414302077,0.03637941006194114,0.012343461298156508
1848.0,0.07285872744908167,0.07285872744908292,0.0728587274490816,0.036294821829642825,0.012312514009103192
1849.0,0.0726984453221082,0.07269844532210878,0.07269844532210924,0.03621065173691177,0.012281722332129721
1850.0,0.07253893249761871,0.07253893249761796,0.07253893249761785,0.03612689697191112,0.012251085319517754
