wavelength_nm,photon_energy_eV,chi2_real_pm_per_V,chi2_imag_pm_per_V,chi2_abs_real_pm_per_V,chi2_abs_pm_per_V
400,3.0996049599999997,0.033605983983403864,0.00015370161336767627,0.033605983983403864,0.033606335469353821
401,3.0918752718204487,0.033902806379652442,0.00015582148043330425,0.033902806379652442,0.033903164465134618
402,3.084184039800995,0.034202138240291974,0.00015797022112728495,0.034202138240291974,0.034202503048736149
403,3.0765309776674936,0.034504003591381283,0.00016014825344931295,0.034504003591381283,0.034504375248613543
404,3.0689158019801979,0.034808426746383264,0.00016235600221188362,0.034808426746383264,0.034808805380676079
405,3.0613382320987652,0.035115432310386066,0.00016459389916773472,0.035115432310386066,0.035115818052509455
406,3.0537979901477832,0.035425045184400483,0.00016686238314000528,0.035425045184400483,0.035425438167674406
407,3.0462948009828006,0.035737290569730559,0.0001691619001551964,0.035737290569730559,0.035737690930078531
408,3.0388283921568626,0.036052193972424429,0.00017149290357897291,0.036052193972424429,0.036052601848428276
409,3.0313984938875302,0.036369781207801016,0.00017385585425490954,0.036369781207801016,0.036370196740757053
410,3.0240048390243901,0.036690078405059237,0.0001762512206462209,0.036690078405059237,0.03669050173903559
411,3.0166471630170313,0.037013112011968149,0.0001786794789805719,0.037013112011968149,0.037013543293863527
412,3.009325203883495,0.037338908799641371,0.00018114111339803413,0.037338908799641371,0.037339348179245162
413,3.0020387021791763,0.037667495867397205,0.00018363661610225492,0.037667495867397205,0.037667943497450972
414,2.9947874009661835,0.037998900647705586,0.00018616648751495259,0.037998900647705586,0.037999356683966021
415,2.9875710457831324,0.038333150911224537,0.00018873123643377201,0.038333150911224537,0.038333615512527904
416,2.9803893846153846,0.038670274771927679,0.00019133138019362814,0.038670274771927679,0.038670748100255739
417,2.9732421678657071,0.039010300692324543,0.00019396744483159991,0.039010300692324543,0.03901078291287207
418,2.9661291483253587,0.039353257488775703,0.00019663996525545849,0.039353257488775703,0.039353748770019563
419,2.9590500811455844,0.03969917433690634,0.00019934948541594765,0.03969917433690634,0.039699674850676277
420,2.9520047238095235,0.040048080777115011,0.00020209655848288344,0.040048080777115011,0.040048590698666037
421,2.9449928361045128,0.040400006720188814,0.00020488174702517557,0.040400006720188814,0.040400526228275363
422,2.9380141800947865,0.040754982453017077,0.00020770562319488657,0.040754982453017077,0.040755511729968948
423,2.9310685200945623,0.041113038644414152,0.0002105687689154045,0.041113038644414152,0.041113577876214252
424,2.9241556226415093,0.041474206351047288,0.00021347177607385217,0.041474206351047288,0.041474755727411237
425,2.9172752564705879,0.04183851702347624,0.00021641524671784138,0.04183851702347624,0.041839076737933925
426,2.9104271924882625,0.042206002512305163,0.00021939979325665671,0.042206002512305163,0.042206572762284199
427,2.9036112037470723,0.04257669507444882,0.00022242603866703205,0.04257669507444882,0.04257727606136015
428,2.8968270654205606,0.042950627379515924,0.00022549461670358454,0.042950627379515924,0.04295121930884134
429,2.8900745547785545,0.043327832516315681,0.00022860617211405891,0.043327832516315681,0.043328435597697633
430,2.8833534511627903,0.043708343999481925,0.00023176136085949705,0.043708343999481925,0.043708958446815389
431,2.8766635359628769,0.044092195776226306,0.00023496085033946007,0.044092195776226306,0.044092821807753035
432,2.8700045925925926,0.044479422233219254,0.00023820531962243953,0.044479422233219254,0.044480060071624181
433,2.8633764064665126,0.044870058203599794,0.00024149545968157535,0.044870058203599794,0.044870708076109968
434,2.8567787649769585,0.045264138974121695,0.00024483197363584961,0.045264138974121695,0.045264801112607542
435,2.8502114574712643,0.045661700292435867,0.00024821557699687279,0.045661700292435867,0.045662374933515028
436,2.8436742752293576,0.046062778374510185,0.00025164699792141717,0.046062778374510185,0.046063465759653886
437,2.8371670114416472,0.046467409912197319,0.0002551269774698589,0.046467409912197319,0.046468110287839405
438,2.8306894611872142,0.046875632080944363,0.00025865626987067823,0.046875632080944363,0.046876345698593051
439,2.8242414214123004,0.047287482547653872,0.00026223564279116739,0.047287482547653872,0.047288209664006306
440,2.8178226909090909,0.047702999478698382,0.00026586587761453443,0.047702999478698382,0.047703740355758036
441,2.8114330702947843,0.048122221548090205,0.00026954776972356101,0.048122221548090205,0.04812297645328726
442,2.8050723619909501,0.048545187945812918,0.00027328212879097595,0.048545187945812918,0.048545957152127679
443,2.7987403702031601,0.04897193838631328,0.00027706977907677153,0.04897193838631328,0.048972722172402693
444,2.7924369009009009,0.049402513117165023,0.00028091155973257443,0.049402513117165023,0.049403311767492394
445,2.7861617617977528,0.049836952927901718,0.00028480832511335551,0.049836952927901718,0.049837766732869819
446,2.7799147623318383,0.050275299159022763,0.0002887609450965853,0.050275299159022763,0.050276128415110172
447,2.7736957136465321,0.050717593711183007,0.0002927703054091109,0.050717593711183007,0.050718438721084058
448,2.7675044285714283,0.051163879054562905,0.00029683730796192136,0.051163879054562905,0.051164740127331236
449,2.7613407216035633,0.051614198238428208,0.00030096287119303329,0.051614198238428208,0.051615075689623875
450,2.7552044088888885,0.052068594900878368,0.00030514793041872478,0.052068594900878368,0.05206948905271893
451,2.7490953082039908,0.052527113278798193,0.0003093934381933394,0.052527113278798193,0.052528024460313509
452,2.7430132389380528,0.052989798218002995,0.0003137003646778916,0.052989798218002995,0.052990726765194236
453,2.7369580220750551,0.053456695183595998,0.00031806969801774943,0.053456695183595998,0.053457641439598629
454,2.7309294801762114,0.053927850270533664,0.00032250244472959051,0.053927850270533664,0.053928814585784794
455,2.7249274373626373,0.054403310214407793,0.00032699963009795701,0.054403310214407793,0.054404292946817819
456,2.7189517192982455,0.054883122402448692,0.00033156229858163151,0.054883122402448692,0.054884123917577535
457,2.7130021531728663,0.055367334884754524,0.00033619151423012149,0.055367334884754524,0.055368355555992413
458,2.7070785676855893,0.055855996385754794,0.00034088836111055077,0.055855996385754794,0.055857036594507886
459,2.701180793028322,0.056349156315905438,0.00034565394374523617,0.056349156315905438,0.056350216451786346
460,2.6953086608695651,0.056846864783635861,0.00035048938756026345,0.056846864783635861,0.056847945244659213
461,2.6894620043383948,0.057349172607537094,0.00035539583934537564,0.057349172607537094,0.057350273800320317
462,2.6836406580086578,0.057856131328809929,0.00036037446772548747,0.057856131328809929,0.057857253668779425
463,2.6778444578833693,0.058367793223973202,0.00036542646364417413,0.058367793223973202,0.058368937135576004
464,2.67207324137931,0.058884211317839164,0.00037055304085946287,0.058884211317839164,0.058885377234760311
465,2.6663268473118276,0.059405439396764209,0.00037575543645231436,0.059405439396764209,0.059406627762149986
466,2.6606051158798283,0.059931532022181877,0.00038103491134809924,0.059931532022181877,0.059932743288869057
467,2.6549078886509636,0.060462544544421959,0.00038639275085153269,0.060462544544421959,0.060463779175173302
468,2.6492350085470084,0.060998533116825876,0.00039183026519539778,0.060998533116825876,0.060999791584572048
469,2.6435863198294243,0.0615395547101662,0.00039734879010345223,0.0615395547101662,0.061540837498254237
470,2.6379616680851061,0.062085667127374455,0.00040294968736803076,0.062085667127374455,0.062086974729823122
471,2.6323609002123138,0.062636929018589166,0.0004086343454426201,0.062636929018589166,0.062638261940351228
472,2.6267838644067796,0.063193399896528418,0.0004144041800500332,0.063193399896528418,0.063194758653760216
473,2.6212304101479913,0.063755140152197076,0.00042026063480647084,0.063755140152197076,0.063756525272535516
474,2.6157003881856538,0.06432221107094005,0.0004262051818620748,0.06432221107094005,0.064323623093787322
475,2.6101936505263157,0.064894674848842065,0.00043223932255839889,0.064894674848842065,0.064896114325658213
476,2.6047100504201679,0.065472594609494256,0.0004383645881033257,0.065472594609494256,0.06547406210409798
477,2.5992494423480084,0.066056034421124066,0.0004445825402639537,0.066056034421124066,0.066057530510001919
478,2.5938116820083681,0.066645059314111993,0.00045089477207799786,0.066645059314111993,0.066646584586736266
479,2.5883966263048013,0.06723973529889235,0.0004573029085842684,0.06723973529889235,0.067241290358047934
480,2.5830041333333331,0.067840129384255127,0.00046380860757279396,0.067840129384255127,0.067841714846375564
481,2.5776340623700622,0.068446309596059907,0.00047041356035521192,0.068446309596059907,0.068447926091573061
482,2.5722862738589209,0.069058344996368093,0.00047711949255603288,0.069058344996368093,0.069059993170051612
483,2.5669606293995857,0.06967630570300809,0.00048392816492543269,0.06967630570300809,0.069677986214355017
484,2.561656991735537,0.070300262909581968,0.00049084137417422491,0.070300262909581968,0.070301976433176802
485,2.556375224742268,0.070930288905930561,0.00049786095383170387,0.070930288905930561,0.070932036131836282
486,2.5511151934156375,0.071566457099062397,0.00050498877512707781,0.071566457099062397,0.071568238733218409
487,2.5458767638603694,0.072208842034563209,0.00051222674789523181,0.072208842034563209,0.072210658799195027
488,2.5406598032786882,0.072857519418499439,0.00051957682150758863,0.072857519418499439,0.072859372052540158
489,2.5354641799591002,0.073512566139822266,0.00052704098582879153,0.073512566139822266,0.073514455399346368
490,2.5302897632653059,0.074174060293298538,0.000534621272200159,0.074174060293298538,0.074175986951968323
491,2.5251364236252543,0.074842081202968119,0.00054231975445062012,0.074842081202968119,0.074844046052493313
492,2.5200040325203252,0.075516709446153296,0.00055013854993610114,0.075516709446153296,0.075518713296764156
493,2.5148924624746449,0.076198026878028097,0.00055807982060821588,0.076198026878028097,0.076200070558962482
494,2.5098015870445343,0.076886116656768727,0.00056614577411323824,0.076886116656768727,0.076888201016773669
495,2.5047312808080808,0.077581063269294592,0.00057433866492231206,0.077581063269294592,0.077583189177142714
496,2.4996814193548387,0.078282952557624103,0.00058266079549391622,0.078282952557624103,0.078285120902645541
497,2.4946518792756538,0.078991871745854036,0.00059111451746960428,0.078991871745854036,0.078994083438484269
498,2.4896425381526104,0.079707909467785526,0.00059970223290416787,0.079707909467785526,0.079710165440129682
499,2.4846532745490979,0.080431155795213788,0.00060842639553127594,0.080431155795213788,0.080433457001627948
500,2.4796839679999998,0.081161702266898839,0.00061728951206579019,0.081161702266898839,0.08116404968458904
501,2.4747344990019959,0.081899641918234567,0.00062629414354396806,0.081899641918234567,0.081902036547873952
502,2.4698047490039841,0.08264506931164281,0.00063544290670280979,0.08264506931164281,0.082647512178007657
503,2.464894600397614,0.083398080567705868,0.00064473847539982406,0.083398080567705868,0.083400572720330995
504,2.4600039365079365,0.084158773397059489,0.00065418358207456977,0.084158773397059489,0.084161315910913984
505,2.4551326415841581,0.084927247133075534,0.000663781019253422,0.084927247133075534,0.084929841109259149
506,2.4502806007905136,0.085703602765343889,0.00067353364109891791,0.085703602765343889,0.085706249331805165
507,2.4454477001972386,0.086487942973992565,0.00068344436500527087,0.086487942973992565,0.086490643286269098
508,2.4406338267716534,0.087280372164851849,0.00069351617324161347,0.087280372164851849,0.08728312740683386
509,2.4358388683693515,0.08808099650550627,0.00070375211464450416,0.08808099650550627,0.088083807890223936
510,2.4310627137254901,0.08888992396224718,0.00071415530636149754,0.08888992396224718,0.088892792732682704
511,2.4263052524461837,0.089707264337954312,0.00072472893564747161,0.089707264337954312,0.089710191767879824
512,2.4215663749999998,0.090533129310939681,0.00073547626171551568,0.090533129310939681,0.090536116705781419
513,2.4168459727095515,0.091367632474777194,0.00074640061764428656,0.091367632474777194,0.091370681172507295
514,2.4121439377431906,0.092210889379145289,0.00075750541234381676,0.092210889379145289,0.092214000751202091
515,2.407460163106796,0.093063017571720336,0.000768794132581763,0.093063017571720336,0.093066193023958063
516,2.4027945426356587,0.093924136641148459,0.00078027034507224813,0.093924136641148459,0.093927377614817537
517,2.3981469709864602,0.094794368261120171,0.00079193769862949035,0.094794368261120171,0.09479767623387915
518,2.3935173436293433,0.095673836235598442,0.00080379992638848568,0.095673836235598442,0.09567721272255883
519,2.388905556840077,0.096562666545218862,0.00081586084809517206,0.096562666545218862,0.096566113100023776
520,2.3843115076923076,0.097460987394907106,0.00082812437246849091,0.097460987394907106,0.097464505610845423
521,2.379735094049904,0.09836892926274779,0.0008405944996369367,0.09836892926274779,0.098372520773904626
522,2.3751762145593869,0.099286624950143232,0.0008532753236523223,0.099286624950143232,0.099290291432588509
523,2.3706347686424474,0.10021420963330391,0.00086617103508345589,0.10021420963330391,0.10021795280632008
524,2.3661106564885492,0.10115182091610406,0.000879285923692658,0.10115182091610406,0.10115564254345474
525,2.361603779047619,0.10209959888436299,0.00089262438119822062,0.10209959888436299,0.10210350077560379
526,2.3571140380228135,0.10305768616157385,0.00090619090412578257,0.10305768616157385,0.10306167017340719
527,2.3526413358633773,0.10402622796614164,0.00091999009675201035,0.10402622796614164,0.10403029600381704
528,2.3481855757575758,0.10500537217017192,0.00093402667414398816,0.10500537217017192,0.10500952618893358
529,2.3437466616257088,0.10599526935986242,0.00094830546529775907,0.10599526935986242,0.10599951136644593
530,2.3393244981132075,0.10699607289754479,0.00096283141637981511,0.10699607289754479,0.10700040495172478
531,2.3349189905838039,0.10800793898543104,0.00097760959407533054,0.10800793898543104,0.10801236320162161
532,2.3305300451127819,0.10903102673112081,0.00099264518904713288,0.10903102673112081,0.10903554528003113
533,2.3261575684803,0.11006549821492717,0.0010079435195096309,0.11006549821492717,0.11007011332527399
534,2.3218014681647938,0.11111151855907161,0.001023510034922018,0.11111151855907161,0.11111623251935113
535,2.3174616523364486,0.11216925599882391,0.0010393503198052999,0.11216925599882391,0.11217407115914522
536,2.3131380298507462,0.11323888195564116,0.0010554700976878398,0.11323888195564116,0.11324380072962383
537,2.3088305102420854,0.11432057111236221,0.0010718752351844755,0.11432057111236221,0.11432559597910026
538,2.3045390037174718,0.11541450149055313,0.0010885717462141777,0.11541450149055313,0.1154196349966484
539,2.3002634211502779,0.11652085453004438,0.0011055657963617805,0.11652085453004438,0.11652609929171169
540,2.2960036740740741,0.11763981517075714,0.0011228637073893316,0.11763981517075714,0.11764517387600426
541,2.2917596746765247,0.11877157193687587,0.0011404719619028374,0.11877157193687587,0.11877704734776146
542,2.287531335793358,0.11991631702346345,0.0011583972081806769,0.11991631702346345,0.11992191197843581
543,2.2833185709023938,0.12107424638558917,0.0011766462651699181,0.12107424638558917,0.1210799638019094
544,2.2791212941176471,0.12224555983006069,0.0011952261276572296,0.12224555983006069,0.12225140270631327
545,2.274939420183486,0.12343046110985129,0.00121414397162144,0.12343046110985129,0.12343643252854618
546,2.2707728644688645,0.12462915802130337,0.0012334071597748775,0.12462915802130337,0.12463526115157295
547,2.2666215429616088,0.12584186250422486,0.0012530232473012197,0.12584186250422486,0.12584810060461979
548,2.2624853722627734,0.12706879074495236,0.0012729999877976418,0.12706879074495236,0.12707516716634065
549,2.2583642695810564,0.12831016328251221,0.0012933453394297981,0.12831016328251221,0.12831668147108533
550,2.2542581527272727,0.12956620511796485,0.0013140674713080598,0.12956620511796485,0.12957286861835579
551,2.2501669401088926,0.13083714582705608,0.0013351747700943053,0.13083714582705608,0.13084395828557402
552,2.2460905507246376,0.13212321967629548,0.0013566758468486376,0.13212321967629548,0.13213018484428171
553,2.2420289041591319,0.13342466574257339,0.0013785795441260519,0.13342466574257339,0.13343178747988396
554,2.2379819205776172,0.13474172803644935,0.0014008949433333964,0.13474172803644935,0.13474901031506961
555,2.2339495207207207,0.13607465562924498,0.0014236313723576068,0.13607465562924498,0.13608210253704184
556,2.2299316258992805,0.13742370278407623,0.0014467984134765256,0.13742370278407623,0.13743131852869403
557,2.2259281579892281,0.13878912909096813,0.0014704059115643567,0.13878912909096813,0.13879691800387423
558,2.2219390394265233,0.14017119960619967,0.0014944639826041939,0.14017119960619967,0.14017916614688636
559,2.2179641932021466,0.14157018499603985,0.0015189830225208114,0.14157018499603985,0.14157833375638962
560,2.2140035428571427,0.14298636168503137,0.0015439737163474476,0.14298636168503137,0.14299469739385226
561,2.2100570124777184,0.14442001200899013,0.0015694470477409027,0.14442001200899013,0.1444285395367291
562,2.2061245266903913,0.14587142437289979,0.001595414308860297,0.14587142437289979,0.14588014873654173
563,2.2022060106571932,0.14734089341388518,0.0016218871106250632,0.14734089341388518,0.14734981978204617
564,2.1983013900709216,0.14882872016944965,0.0016488773933690678,0.14882872016944965,0.14883785386767276
565,2.1944105911504423,0.1503352122511849,0.0016763974379080978,0.1503352122511849,0.15034455876744804
566,2.1905335406360424,0.15186068402415376,0.001704459877039224,0.15186068402415376,0.15187024901459897
567,2.1866701657848324,0.15340545679216466,0.0017330777074911641,0.15340545679216466,0.15341524608705909
568,2.182820394366197,0.15496985898917437,0.001762264302345825,0.15496985898917437,0.15497987859911333
569,2.1789841546572934,0.15655422637703481,0.0017920334239524371,0.15655422637703481,0.15656448249939839
570,2.1751613754385963,0.15815890224985812,0.0018223992373563418,0.15815890224985812,0.15816940127553272
571,2.1713519859894919,0.15978423764523286,0.0018533763242660401,0.15978423764523286,0.15979498616561033
572,2.167555916083916,0.1614305915625816,0.0018849796975830375,0.1614305915625816,0.16144159637684874
573,2.1637730959860382,0.16309833118893063,0.0019172248165205269,0.16309833118893063,0.16310959931166277
574,2.1600034564459927,0.16478783213238862,0.0019501276023380296,0.16478783213238862,0.16479937080146179
575,2.1562469286956518,0.16649947866364628,0.0019837044547207664,0.16649947866364628,0.16651129534848286
576,2.1525034444444442,0.16823366396581851,0.0020179722688339428,0.16823366396581851,0.16824576637598265
577,2.1487729358752166,0.16999079039296672,0.0020529484530836164,0.16999079039296672,0.17000318648712606
578,2.1450553356401381,0.17177126973764734,0.0020886509476178488,0.17177126973764734,0.17178396773291907
579,2.1413505768566492,0.17357552350787503,0.002125098243603107,0.17357552350787503,0.17358853188957454
580,2.1376585931034482,0.17540398321386802,0.0021623094033133014,0.17540398321386802,0.17541731074568026
581,2.133979318416523,0.17725709066499296,0.0022003040810704508,0.17725709066499296,0.17727074639958706
582,2.1303126872852234,0.17913529827732361,0.002239102545078385,0.17913529827732361,0.17914929156743287
583,2.1266586346483702,0.18103906939228537,0.0022787257001929311,0.18103906939228537,0.18105340990227561
584,2.1230170958904107,0.18296887860680461,0.0023191951116744826,0.18296887860680461,0.18298357632475548
585,2.1193880068376068,0.18492521211551022,0.0023605330299716178,0.18492521211551022,0.18494027736583513
586,2.1157713037542663,0.18690856806545075,0.0024027624165866793,0.18690856806545075,0.18692401152208293
587,2.1121669233390117,0.18891945692389467,0.0024459069710774878,0.18891945692389467,0.188935289624068
588,2.1085748027210882,0.19095840185977087,0.0024899911592523331,0.19095840185977087,0.19097463521842606
589,2.1049948794567062,0.19302593913933991,0.0025350402426183244,0.19302593913933991,0.19304258496418827
590,2.1014270915254234,0.19512261853672441,0.0025810803091471405,0.19512261853672441,0.19513968904400339
591,2.0978713773265651,0.19724900375994142,0.0026281383054253,0.19724900375994142,0.19726651159089784
592,2.0943276756756757,0.19940567289314465,0.0026762420702605089,0.19940567289314465,0.19942363113128406
593,2.0907959258010118,0.2015932188557788,0.0027254203698192691,0.2015932188557788,0.20161164104492124
594,2.087276067340067,0.20381224987940816,0.0027757029343759071,0.20381224987940816,0.20383115004259342
595,2.0837680403361345,0.20606339000303286,0.0028271204967571717,0.20606339000303286,0.20608278266232047
596,2.0802717852348991,0.20834727958771765,0.0028797048325724635,0.20834727958771765,0.20836717978492997
597,2.0767872428810721,0.21066457585141857,0.0029334888023240125,0.21066457585141857,0.2106849991698779
598,2.0733143545150501,0.21301595342494373,0.0029885063954981526,0.21301595342494373,0.21303691601225769
599,2.0698530617696158,0.21540210493002698,0.0030447927767439237,0.21540210493002698,0.21542362352197975
600,2.0664033066666665,0.21782374158053597,0.0031023843342523538,0.21782374158053597,0.21784583352614648
601,2.0629650316139765,0.22028159380792278,0.0031613187304565188,0.22028159380792278,0.22030427709573461
602,2.0595381794019931,0.22277641191202974,0.0032216349551796464,0.22277641191202974,0.22279970519770168
603,2.0561226932006633,0.22530896673850476,0.003283373381366873,0.22530896673850476,0.22533288937377541
604,2.0527185165562911,0.22788005038404419,0.0033465758235443153,0.22788005038404419,0.22790462244714838
605,2.0493255933884296,0.23049047693086078,0.0034112855991582699,0.23049047693086078,0.23051571925848069
606,2.0459438679867987,0.2331410832117613,0.0034775475929573708,0.2331410832117613,0.23316701743260063
607,2.042573285008237,0.23583272960734514,0.0035454083245901429,0.23583272960734514,0.23585937817742
608,2.0392137894736839,0.23856630087689923,0.003614916019602332,0.23856630087689923,0.23859368711664608
609,2.0358653267651885,0.24134270702468108,0.0036861206840297341,0.24134270702468108,0.2413708551579877
610,2.0325278426229505,0.24416288420331778,0.0037590741827951838,0.24416288420331778,0.24419181939859191
611,2.0292012831423896,0.24702779565624677,0.0038338303221317951,0.24702779565624677,0.24705754406964245
612,2.0258855947712417,0.24993843270112071,0.0039104449362699269,0.24993843270112071,0.2499690215220523
613,2.0225807243066884,0.25289581575629883,0.0039889759786400671,0.25289581575629883,0.25292727325538067
614,2.019286618892508,0.25590099541264366,0.0040694836178616547,0.25590099541264366,0.25593335099220249
615,2.0160032260162599,0.25895505355294901,0.0041520303388055835,0.25895505355294901,0.2589883378002667
616,2.0127304935064934,0.26205910452151104,0.0042366810490378822,0.26205910452151104,0.26209334926496614
617,2.0094683695299835,0.26521429634646054,0.0043235031909729729,0.26521429634646054,0.26524953471474849
618,2.0062168025889968,0.26842181201764259,0.0044125668600876883,0.26842181201764259,0.26845807850226711
619,2.0029757415185783,0.2716828708230592,0.0045039449295717991,0.2716828708230592,0.27172020134430142
620,1.9997451354838709,0.27499872974695427,0.0045977131818165824,0.27499872974695427,0.27503716172353992
621,1.9965249339774556,0.27837068493293948,0.0046939504471720742,0.27837068493293948,0.27841025735564118
622,1.9933150868167202,0.28180007321568346,0.0047927387504334944,0.28180007321568346,0.28184082672511174
623,1.9901155441412519,0.2852882737249528,0.0048941634655511185,0.2852882737249528,0.28533025069380769
624,1.9869262564102563,0.28883670956601537,0.0049983134790929709,0.28883670956601537,0.28887995418609097
625,1.9837471743999999,0.2924468495806708,0.0051052813630283501,0.2924468495806708,0.2924914079549264
626,1.9805782492012778,0.29612021019346635,0.0052151635574426581,0.29612021019346635,0.2961661304335011
627,1.9774194322169059,0.29985835734792565,0.0053280605638378609,0.29985835734792565,0.2999056896772187
628,1.9742706751592356,0.3036629085379754,0.0054440771497229722,0.3036629085379754,0.30371170540128173
629,1.9711319300476946,0.30753553494000896,0.0055633225652513222,0.30753553494000896,0.30758585111932979
630,1.968003149206349,0.31147796365153335,0.0056859107727187403,0.31147796365153335,0.31152985638911279
631,1.9648842852614896,0.31549198004258927,0.0058119606897993042,0.31549198004258927,0.31554550917142415
632,1.9617752911392403,0.31957943022664848,0.0059415964474631867,0.31957943022664848,0.31963465830903537
633,1.958676120063191,0.32374222365813909,0.0060749476635933771,0.32374222365813909,0.32379921613282503
634,1.9555867255520503,0.32798233586419934,0.0062121497333997178,0.32798233586419934,0.32804116120274696
635,1.9525070614173228,0.33230181131883962,0.0063533441378139238,0.33230181131883962,0.33236254119186653
636,1.9494370817610061,0.3367027664682205,0.0064986787711448016,0.3367027664682205,0.33676547592222622
637,1.9463767409733124,0.34118739291640998,0.0066483082893751214,0.34118739291640998,0.34125216056196228
638,1.9433259937304075,0.34575796078161825,0.0068023944805948571,0.34575796078161825,0.3458248689937331
639,1.9402847949921751,0.35041682223363479,0.0069611066591868092,0.35041682223363479,0.35048595736525501
640,1.9372531,0.35516641522399073,0.0071246220855152483,0.35516641522399073,0.35523786783354278
641,1.9342308642745709,0.36000926742118422,0.0072931264130140627,0.36000926742118422,0.36008313251527618
642,1.931218043613707,0.36494800036422836,0.0074668141647302507,0.36494800036422836,0.36502437765664286
643,1.928214594090202,0.36998533384878041,0.0076458892415542622,0.36998533384878041,0.37006432803701528
644,1.9252204720496893,0.37512409056118434,0.0078305654645592915,0.37512409056118434,0.37520581162190225
645,1.9222356341085269,0.38036720097687693,0.0080210671540821878,0.38036720097687693,0.38045176448174634
646,1.9192600371517026,0.38571770854095222,0.0082176297484082388,0.38571770854095222,0.38580523599449096
647,1.9162936383307572,0.39117877514998634,0.0084205004651759993,0.39117877514998634,0.39126939435116515
648,1.9133363950617284,0.39675368695573721,0.0086299390088945861,0.39675368695573721,0.39684753238525794
649,1.9103882650231123,0.40244586051299414,0.0088462183282732691,0.40244586051299414,0.40254307374833292
650,1.9074492061538459,0.40825884929556766,0.0090696254273978094,0.40825884929556766,0.40835957945606505
651,1.9045191766513057,0.41419635060639559,0.0093004622351603658,0.41419635060639559,0.4143007548308883
652,1.9015981349693249,0.42026221290983823,0.009539046537757806,0.42026221290983823,0.42037045686956132
653,1.8986860398162326,0.42646044361651403,0.0097857129795247133,0.42646044361651403,0.42657270206626158
654,1.895782850152905,0.43279521735359661,0.010040814137866724,0.43279521735359661,0.43291167472441544
655,1.8928885251908396,0.43927088475621234,0.01030472167861176,0.43927088475621234,0.43939173579322044
656,1.8900030243902437,0.44589198181862744,0.010577827598707585,0.44589198181862744,0.44601743226790047
657,1.887126307458143,0.45266323984721613,0.010860545563871549,0.45266323984721613,0.45279350719607636
658,1.8842583343465045,0.45958959606082306,0.01115331234955166,0.45958959606082306,0.45972491033629787
659,1.8813990652503791,0.4666762048881784,0.011456589394390444,0.4666762048881784,0.46681680951887833
660,1.8785484606060605,0.4739284500163411,0.0117708644763156,0.4739284500163411,0.47407460276354324
661,1.8757064810892585,0.48135195724904678,0.012096653522412924,0.48135195724904678,0.48150393121336971
662,1.8728730876132929,0.48895260823913533,0.012434502564890555,0.48895260823913533,0.48911069294985732
663,1.8700482413273001,0.49673655516510573,0.012784989856731481,0.49673655516510573,0.49690105775992555
664,1.8672319036144578,0.50471023642831803,0.0131487281620664,0.50471023642831803,0.50488148293219126
665,1.8644240360902253,0.51288039345457448,0.013526367237910314,0.51288039345457448,0.51305873016719439
666,1.8616246006006005,0.52125408869170986,0.01391859652570427,0.52125408869170986,0.52143988369424743
667,1.8588335592203897,0.52983872490360184,0.014326148073128011,0.52983872490360184,0.53003236969650047
668,1.856050874251497,0.53864206587080377,0.014749799708914983,0.53864206587080377,0.53884397715574439
669,1.8532765082212255,0.54767225861876323,0.015190378495956117,0.54767225861876323,0.54788288023940657
670,1.8505104238805969,0.55693785730669121,0.015648764490850862,0.55693785730669121,0.55715766236448594
671,1.8477525842026825,0.56644784892350231,0.016125894841306131,0.56644784892350231,0.56667734208674325
672,1.8450029523809524,0.57621168095215447,0.016622768256444251,0.57621168095215447,0.57645140097862102
673,1.8422614918276372,0.58623929118048212,0.017140449889221511,0.58623929118048212,0.5864898136764175
674,1.8395281661721068,0.59654113985512236,0.017680076674848784,0.59654113985512236,0.59680308029606977
675,1.8368029392592591,0.60712824439607371,0.01824286317442949,0.60712824439607371,0.60740226143821663
676,1.8340857751479289,0.61801221691273067,0.018830107979074022,0.61801221691273067,0.61829901602694759
677,1.8313766381093057,0.62920530478855463,0.019443200736638293,0.62920530478855463,0.62950564225346162
678,1.8286754926253685,0.64072043463086126,0.020083629871080109,0.64072043463086126,0.64103512192574785
679,1.8259823033873341,0.65257125991560327,0.020752991073392686,0.65257125991560327,0.65290116855947666
680,1.8232970352941176,0.66477221269426701,0.021452996653335721,0.66477221269426701,0.66511827958329317
681,1.8206196534508075,0.67733855977239932,0.022185485852939855,0.67733855977239932,0.67770179307500666
682,1.8179501231671553,0.69028646381697567,0.022952436236268699,0.69028646381697567,0.69066794949391197
683,1.815288409956076,0.70363304990417808,0.023755976285463387,0.70363304990417808,0.70403395893005838
684,1.8126344795321636,0.71739647808046536,0.024598399351011879,0.71739647808046536,0.71781807445402723
685,1.8099882978102189,0.73159602257992828,0.025482179124888794,0.73159602257992828,0.73203967222256727
686,1.8073498309037899,0.74625215842053594,0.026409986829180727,0.74625215842053594,0.74671933907702304
687,1.8047190451237263,0.76138665619290724,0.027384710340624584,0.76138665619290724,0.76187896846484504
688,1.8020959069767442,0.77702268595927015,0.028409475503827233,0.77702268595927015,0.77754186562124172
689,1.7994803831640056,0.79318493129956602,0.029487669923635634,0.79318493129956602,0.79373286307058166
690,1.7968724405797101,0.80989971467856847,0.030622969571169695,0.80989971467856847,0.81047844764792065
691,1.7942720463096959,0.82719513546561396,0.031819368589620631,0.82719513546561396,0.82780690040335958
692,1.7916791676300576,0.84510122212027095,0.033081212746484873,0.84510122212027095,0.84574845093913931
693,1.7890937720057718,0.86365010026754896,0.034413237050223269,0.86365010026754896,0.86433544794623696
694,1.7865158270893371,0.88287617862987555,0.035820608133506057,0.88287617862987555,0.88360254795872217
695,1.7839453007194244,0.90281635506601576,0.037308972104856813,0.90281635506601576,0.90358692463658818
696,1.7813821609195402,0.92351024529661663,0.038884508688802583,0.92351024529661663,0.92432850122874943
697,1.7788263758967,0.94500043728099747,0.040553992615498025,0.94500043728099747,0.94587020926675458
698,1.7762779140401146,0.96733277466017231,0.042324863389033754,0.96733277466017231,0.96825827700704326
699,1.7737367439198855,0.99055667320996177,0.044205304765238138,0.99055667320996177,0.99154255168912164
700,1.7712028342857142,1.0147254748708345,0.046204335512142147,1.0147254748708345,1.0157768603251205
701,1.7686761540656204,1.0398968446563246,0.048331913318673744,1.0398968446563246,1.0410194145025462
702,1.7661566723646722,1.0661332166129238,0.050599054071138252,1.0661332166129238,1.067333265591546
703,1.7636443584637267,1.0935022960394076,0.053017969147236096,1.0935022960394076,1.0947868178307381
704,1.7611391818181816,1.1220776264075951,0.055602223902176132,1.1220776264075951,1.1234544080590765
705,1.7586411120567376,1.1519392309029817,0.058366921164260427,1.1519392309029817,1.1534169624119233
706,1.7561501189801698,1.1831743402764974,0.061328914347994534,1.1831743402764974,1.1847627421656322
707,1.753666172560113,1.2158782208351036,0.064507055769579658,1.2158782208351036,1.2175881931692656
708,1.7511892429378531,1.2501551189837916,0.067922486961923656,1.2501551189837916,1.2519989160364597
709,1.748719300423131,1.2861193418715797,0.071598979297972404,1.2861193418715797,1.2881107776013276
710,1.7462563154929576,1.3238964975242071,0.075563335125624825,1.3238964975242071,1.3260511882171708
711,1.743800258790436,1.3636249225394459,0.079845862004032181,1.3636249225394459,1.3659605744859098
712,1.7413511011235954,1.4054573311968066,0.084480935653998751,1.4054573311968066,1.4079940831920514
713,1.7389088134642354,1.449562726976926,0.08950767108616231,1.449562726976926,1.4523235598942994
714,1.7364733669467787,1.4961286263644529,0.094970726306033704,1.4961286263644529,1.4991398552110742
715,1.7340447328671327,1.5453636559001995,0.10092126936024551,1.5453636559001995,1.5486555238614277
716,1.7316228826815641,1.5975005973824281,0.10741814775253483,1.5975005973824281,1.601107996702221
717,1.7292077880055787,1.6527999737206729,0.11452931006298953,1.6527999737206729,1.6567633252805185
718,1.7267994206128132,1.7115542903175056,0.12233354383582826,1.7115542903175056,1.7159206230626443
719,1.724397752433936,1.7740930754651374,0.13092261269333749,1.7740930754651374,1.7789173592181846
720,1.7220027555555555,1.8407889000736488,0.14040390092100047,1.8407889000736488,1.846135701953729
721,1.71961440221914,1.912064604783136,0.15090370791397478,1.912064604783136,1.9180101621020353
722,1.7172326648199445,1.9884020248281624,0.16257138141201022,1.9884020248281624,1.9950368584051139
723,1.7148575159059474,2.0703525849861455,0.17558454250692518,2.0703525849861455,2.0777848198805815
724,1.7124889281767954,2.158550245596353,0.19015574451581191,2.158550245596353,2.1669098665926181
725,1.7101268744827585,2.2537274258611113,0.20654103317743433,2.2537274258611113,2.2631717805912461
726,1.7077713278236912,2.356734726406553,0.22505105414141646,2.356734726406553,2.3674557118604631
727,1.7054222613480055,2.4685655393173276,0.24606561122422665,2.4685655393173276,2.4807990863695917
728,1.7030796483516482,2.5903869992407573,0.27005295556442721,2.5903869992407573,2.6044257341388364
729,1.7007434622770918,2.7235792352511146,0.2975956450870626,2.7235792352511146,2.7397895938677168
730,1.6984136767123286,2.8697855906537573,0.32942565769906418,2.8697855906537573,2.8886312676204269
731,1.6960902653898768,3.0309774757679735,0.36647273791505208,3.0309774757679735,3.0530520346446357
732,1.6937732021857923,3.2095389375607324,0.40993198584937718,3.2095389375607324,3.2356119088575634
733,1.6914624611186901,3.408378060365032,0.46135994081566245,3.408378060365032,3.4394612946458825
734,1.6891580163487738,3.6310752265613981,0.52281371434685076,3.6310752265613981,3.668520339436196
735,1.6868598421768706,3.8820824371597222,0.5970566142283984,3.8820824371597222,3.9277271607760444
736,1.6845679130434781,4.1669937683837013,0.68786900390701544,4.1669937683837013,4.2233873646972793
737,1.6822822035278153,4.4929149664558228,0.80053028411253169,4.4929149664558228,4.5636754520434533
738,1.6800026883468833,4.8689696832098939,0.94258759961195193,4.8689696832098939,4.9593686250327549
739,1.677729342354533,5.3069871635580803,1.1251211344311369,5.3069871635580803,5.4249433472907214
740,1.6754621405405403,5.8224060239002853,1.3649011103747979,5.8224060239002853,5.9802480674511056
741,1.6732010580296894,6.4353466264325725,1.6882085283972588,6.4353466264325725,6.6530995962551422
742,1.6709460700808625,7.1714608835230358,2.1378789497655566,7.1714608835230358,7.4833400034845194
743,1.6686971520861371,8.0608935606159946,2.7867668016245197,8.0608935606159946,8.5290136711238169
744,1.6664542795698924,9.1290713166894015,3.7638704525549285,9.1290713166894015,9.8745462624273124
745,1.6642174281879194,10.356685253253168,5.3016163040828808,10.356685253253168,11.63477824759325
746,1.6619865737265413,11.53745168473889,7.7864031837052909,11.53745168473889,13.919082797257158
747,1.6597616921017402,11.931686189088008,11.595228413218233,11.931686189088008,16.637741952247517
748,1.6575427593582885,10.247379715186391,16.212204537687747,10.247379715186391,19.179269198773888
749,1.6553297516688918,6.158105412575587,19.929670695814444,6.158105412575587,20.859387246896723
750,1.6531226453333332,0.649905083177724,21.62693730963246,0.649905083177724,21.636700164579459
751,1.6509214167776296,-5.2783724253124369,20.859932482912072,5.2783724253124369,21.517388286033899
752,1.6487260425531913,-10.192225027170537,17.384965120068671,10.192225027170537,20.152381080916612
753,1.6465364993359892,-12.365512969149567,12.489041668147632,12.365512969149567,17.575041188541608
754,1.6443527639257294,-12.113064134775453,8.4115552867432264,12.113064134775453,14.74722296146367
755,1.6421748132450329,-10.959716624603345,5.7611626370460449,10.959716624603345,12.381695498682815
756,1.6400026243386243,-9.7255194717652778,4.1228476363088671,9.7255194717652778,10.563313951024234
757,1.6378361743725229,-8.6396734721347066,3.0859404786023772,8.6396734721347066,9.1742567188075164
758,1.6356754406332452,-7.7303513210111099,2.4060328547608414,7.7303513210111099,8.0961302882578927
759,1.6335204005270092,-6.9789233710286318,1.9484537610135182,6.9789233710286318,7.2458155840110479
760,1.6313710315789474,-6.3640407290985781,1.6333034332807062,6.3640407290985781,6.5702887689044616
761,1.6292273114323257,-5.8632117953858458,1.4043941795623125,5.8632117953858458,6.0290609193422666
762,1.6270892178477689,-5.4492540887837926,1.2265848241604131,5.4492540887837926,5.5855958012541072
763,1.62495672870249,-5.1002424878004717,1.082859134716248,5.1002424878004717,5.2139291652268884
764,1.6228298219895287,-4.8021117713308179,0.96378212142624586,4.8021117713308179,4.8978723382643281
765,1.6207084758169934,-4.5454521321004524,0.86237943879934265,4.5454521321004524,4.6265357862746965
766,1.6185926684073106,-4.3231076367765287,0.77254245003460653,4.3231076367765287,4.3915921345522309
767,1.6164823780964797,-4.1282358608008849,0.68834999354906734,4.1282358608008849,4.1852308223109302
768,1.6143775833333331,-3.9518067848842691,0.60513863255563061,3.9518067848842691,3.9978706369351973
769,1.6122782626788035,-3.7830795242952435,0.524633401583809,3.7830795242952435,3.8192840812381745
770,1.6101843948051946,-3.6187700724362637,0.45514938365011104,3.6187700724362637,3.6472808773931078
771,1.6080959584954604,-3.4637564559667231,0.40000254034288618,3.4637564559667231,3.4867765656164309
772,1.606012932642487,-3.3213286045964194,0.35642779779656009,3.3213286045964194,3.3403988496514159
773,1.6039352962483828,-3.1915958930186532,0.32105995915371466,3.1915958930186532,3.2077038269929661
774,1.6018630284237725,-3.0734480541795177,0.29155843104417967,3.0734480541795177,3.0872462260812314
775,1.5997961083870966,-2.9655738348154879,0.26641850182134619,2.9655738348154879,2.9775169164683124
776,1.5977345154639173,-2.8667652743586673,0.24464656243676453,2.8667652743586673,2.8771852701522111
777,1.595678229086229,-2.7759783067974251,0.22555432283350729,2.7759783067974251,2.7851266241158195
778,1.5936272287917737,-2.6923255973157172,0.2086426253246112,2.6923255973157172,2.7003979090244794
779,1.5915814942233633,-2.6150544711455375,0.1935352294816769,2.6150544711455375,2.6222062794732213
780,1.5895410051282051,-2.5435246277311245,0.17993947304030822,2.5435246277311245,2.5498815160381043
781,1.5875057413572342,-2.4771891403344668,0.16762173186804918,2.4771891403344668,2.4828538180862481
782,1.5854756828644501,-2.4155790647988971,0.15639136025959327,2.4155790647988971,2.4206363782812486
783,1.5834508097062578,-2.3582911815124428,0.14608969754086071,2.3582911815124428,2.3628117776342097
784,1.5814311020408163,-2.3049782892031878,0.1365822152253966,2.3049782892031878,2.3090213544300386
785,1.5794165401273885,-2.2553415489627069,0.12775266469257979,2.2553415489627069,2.258956893305748
786,1.5774071043256996,-2.2091244895839468,0.11949851257822541,2.2091244895839468,2.2123541545123246
787,1.5754027750952986,-2.1661083894215771,0.11172718703231541,2.1661083894215771,2.1689879020051475
788,1.5734035329949236,-2.1261088382851536,0.10435278506707335,2.1261088382851536,2.128668197720232
789,1.5714093586818756,-2.088973358133547,0.097292949242111709,2.088973358133547,2.0912378174095783
790,1.5694202329113922,-2.0545800287273117,0.090465627335856863,2.0545800287273117,2.0565707194683074
791,1.5674361365360303,-2.0228371290646678,0.083785381960623323,2.0228371290646678,2.0245715697284878
792,1.5654570505050505,-1.9936838712327769,0.077158803466212539,1.9936838712327769,1.9951763980575878
793,1.5634829558638081,-1.9670923704620411,0.07047836289738707,1.9670923704620411,1.9683545396006961
794,1.5615138337531485,-1.9430710535310793,0.063613649803942657,1.9430710535310793,1.9441120892355352
795,1.559549665408805,-1.9216697175490989,0.056398231278425554,1.9216697175490989,1.9224971427382065
796,1.5575904321608038,-1.9029862886807245,0.048609067739474654,1.9029862886807245,1.9036070120624524
797,1.5556361154328731,-1.8871746294753691,0.039932984384912468,1.8871746294753691,1.8875970770737547
798,1.5536866967418546,-1.8744504261453829,0.02991007150653191,1.8744504261453829,1.8746890442028337
799,1.5517421576971213,-1.8650850294704262,0.01783520346047246,1.8650850294704262,1.8651703036551857
800,1.5498024799999999,-1.8593553306810033,0.0025839851171779171,1.8593553306810033,1.8593571261893045
801,1.5478676454431959,-1.8573520736350648,-0.017686243226981535,1.8573520736350648,1.8574362784860101
802,1.5459376359102244,-1.8583647120791347,-0.04596215311192732,1.8583647120791347,1.8589330064904568
803,1.5440124333748442,-1.8592054681094625,-0.086459878279350519,1.8592054681094625,1.8612147332320919
804,1.5420920199004975,-1.851366893962326,-0.14206842083029816,1.851366893962326,1.8568098481688764
805,1.5401763776397515,-1.8227635054338567,-0.20661294647274858,1.8227635054338567,1.8344360731275624
806,1.5382654888337468,-1.7707947264706814,-0.26427919722139026,1.7707947264706814,1.7904070647147141
807,1.5363593358116481,-1.7048290281878651,-0.30506687247529318,1.7048290281878651,1.7319087193134162
808,1.5344579009900989,-1.6332028521712387,-0.32781793304762574,1.6332028521712387,1.6657779424544819
809,1.5325611668726822,-1.5603389083231369,-0.33181252559053809,1.5603389083231369,1.5952294696894898
810,1.5306691160493826,-1.4924542077510088,-0.31358174398098321,1.4924542077510088,1.5250419903700507
811,1.5287817311960541,-1.4433617194702157,-0.27268207865959132,1.4433617194702157,1.4688936548484828
812,1.5268989950738916,-1.4275773509754459,-0.22341548156042856,1.4275773509754459,1.4449538298571862
813,1.5250208905289051,-1.4422507559276307,-0.18734008528915713,1.4422507559276307,1.4543670618279179
814,1.5231474004914003,-1.4736325620602027,-0.17365537644388956,1.4736325620602027,1.4838292077365192
815,1.52127850797546,-1.5124498745139059,-0.18263077948306317,1.5124498745139059,1.5234364524100508
816,1.5194141960784313,-1.5538857160199018,-0.21528883357251113,1.5538857160199018,1.5687288166893902
817,1.5175544479804159,-1.5914451100163673,-0.27614206031104171,1.5914451100163673,1.6152250541852782
818,1.5156992469437651,-1.6102496282159642,-0.36883608378202648,1.6102496282159642,1.6519515494920889
819,1.5138485763125762,-1.5885214023249832,-0.48237584489976459,1.5885214023249832,1.6601465903308938
820,1.5120024195121951,-1.5200706960446251,-0.58730481794895995,1.5200706960446251,1.6295833425018962
821,1.510160760048721,-1.4233874390163459,-0.66319813922897042,1.4233874390163459,1.5703068405334928
822,1.5083235815085156,-1.3177317414794101,-0.71032657258607546,1.3177317414794101,1.4969905751955288
823,1.5064908675577156,-1.2117885487245603,-0.73587990851494534,1.2117885487245603,1.4177273103724639
824,1.5046626019417475,-1.1075976474036677,-0.74547165584898101,1.1075976474036677,1.3351031938424689
825,1.5028387684848483,-1.004664289547383,-0.74182204260712259,1.004664289547383,1.2488595908225837
826,1.5010193510895882,-0.90191206828517023,-0.72505671066128652,0.90191206828517023,1.1572176167832038
827,1.4992043337363965,-0.79889411555991696,-0.69278351311047204,0.79889411555991696,1.0574406857663219
828,1.4973937004830917,-0.69764804650470991,-0.63999539993332166,0.69764804650470991,0.94673486717647093
829,1.4955874354644147,-0.6063481896592875,-0.56061613567339053,0.6063481896592875,0.82580177929116905
830,1.4937855228915662,-0.54210934486260332,-0.45543199566842624,0.54210934486260332,0.70802601962490497
831,1.4919879470517448,-0.51991963436466015,-0.34323235006091368,0.51991963436466015,0.62299668725140056
832,1.4901946923076923,-0.53285226083242732,-0.24901985442733809,0.53285226083242732,0.58816870009652999
833,1.4884057430972388,-0.56130184508145398,-0.18095431738603812,0.56130184508145398,0.58974929103178375
834,1.4866210839328535,-0.59205330325760475,-0.13404716784396473,0.59205330325760475,0.60703851369186568
835,1.4848406994011976,-0.61996704470465991,-0.10147453934172321,0.61996704470465991,0.62821669721079909
836,1.4830645741626793,-0.64380595739602331,-0.078261892219903428,0.64380595739602331,0.64854532189543235
837,1.4812926929510155,-0.663707483538996,-0.061237545198611694,0.663707483538996,0.6665265640975
838,1.4795250405727922,-0.68018633994798039,-0.048417155564066963,0.68018633994798039,0.68190738227764092
839,1.4777616019070321,-0.693795687978914,-0.038538178103457582,0.693795687978914,0.69486520119348938
840,1.4760023619047618,-0.70502671969205055,-0.030775091031992226,0.70502671969205055,0.7056980811280138
841,1.474247305588585,-0.71428919177536221,-0.024572288554132304,0.71428919177536221,0.7147117229008404
842,1.4724964180522564,-0.72191736154649666,-0.019545429601956574,0.72191736154649666,0.72218190279221217
843,1.4707496844602608,-0.72818219538224027,-0.01542192085681126,0.72818219538224027,0.72834548485908313
844,1.4690070900473933,-0.73330356437000876,-0.01200404891317474,0.73330356437000876,0.73340180986146297
845,1.4672686201183431,-0.73746065217965473,-0.0091455209791094713,0.73746065217965473,0.73751735848535871
846,1.4655342600472812,-0.74080033931291878,-0.0067361501434643201,0.74080033931291878,0.74083096482591149
847,1.4638039952774498,-0.74344380234984042,-0.0046916168820927626,0.74344380234984042,0.74345860578875334
848,1.4620778113207547,-0.7454916661708757,-0.0029464732183735812,0.7454916661708757,0.74549748895261547
849,1.4603556937573614,-0.74702802340302554,-0.0014492664097319127,0.74702802340302554,0.74702942922120397
850,1.458637628235294,-0.74812357973966259,-0.00015907777594004191,0.74812357973966259,0.74812359665246897
851,1.4569236004700352,-0.74883812770567659,0.00095697498763961525,0.74883812770567659,0.748838739186796
852,1.4552135962441313,-0.74922250409329294,0.0019255676435501121,0.74922250409329294,0.74922497852819492
853,1.4535076014067994,-0.74932014897897736,0.0027685286224748001,0.74932014897897736,0.74932526343144901
854,1.4518056018735361,-0.74916835571360307,0.0035038615314270383,0.74916835571360307,0.74917654945163292
855,1.4501075836257309,-0.74879927978386407,0.0041465233866977078,0.74879927978386407,0.74881076051364948
856,1.4484135327102803,-0.7482407583223929,0.0047090233293017869,0.7482407583223929,0.74825557620079608
857,1.4467234352392064,-0.74751697995691258,0.0052018878321271125,0.74751697995691258,0.74753507941829811
858,1.4450372773892772,-0.74664903560208828,0.0056340255134893422,0.74664903560208828,0.7466702917680702
859,1.4433550454016297,-0.74565537393829118,0.0060130156797216644,0.74565537393829118,0.74567961822797424
860,1.4416767255813951,-0.74455218011459845,0.0063453383670754246,0.74455218011459845,0.74457921823832429
861,1.4400023042973287,-0.74335369224093117,0.0066365591112477473,0.74335369224093117,0.74338331679226033
862,1.4383317679814385,-0.74207246718294151,0.0068914783885360223,0.74207246718294151,0.74210446638283845
863,1.4366651031286211,-0.74071960481599119,0.0071142532724453103,0.74071960481599119,0.7407537685077159
864,1.4350022962962963,-0.7393049380637049,0.0073084970780944308,0.7393049380637049,0.73934106174005987
865,1.4333433341040462,-0.73783719461287722,0.0074773614470513422,0.73783719461287722,0.73787508203517127
866,1.4316882032332563,-0.73632413507168337,0.0076236043334896794,0.73632413507168337,0.73636359988262334
867,1.4300368904267589,-0.73477267144520875,0.0077496466009458059,0.73477267144520875,0.73481353806606486
868,1.4283893824884792,-0.73318896909564146,0.0078576193651077111,0.73318896909564146,0.7332310731178926
869,1.426745666283084,-0.73157853478569157,0.0079494037764425256,0.73157853478569157,0.73162172300963035
870,1.4251057287356321,-0.72994629295046187,0.008026664594411162,0.72994629295046187,0.72999042318145013
871,1.4234695568312283,-0.72829665197328097,0.0080908786382708001,0.72829665197328097,0.72834159265596643
872,1.4218371376146788,-0.72663356194365125,0.0081433589900494728,0.72663356194365125,0.72667919169228923
873,1.4202084581901488,-0.72496056513170481,0.0081852756600264386,0.72496056513170481,0.72500677219851639
874,1.4185835057208236,-0.72328084021398564,0.0082176732938138292,0.72328084021398564,0.72332752192558858
875,1.4169622674285713,-0.72159724112185319,0.0082414863953509561,0.72159724112185319,0.72164430330508034
876,1.4153447305936071,-0.71991233124826115,0.0082575524560970885,0.71991233124826115,0.71995968766026852
877,1.4137308825541619,-0.71822841363645451,0.008266623312878054,0.71822841363645451,0.71827598540932369
878,1.4121207107061502,-0.71654755768085643,0.0082693750019745896,0.71654755768085643,0.71659527278745261
879,1.4105142025028441,-0.71487162279241168,0.0082664163323007654,0.71487162279241168,0.71491941553774796
880,1.4089113454545454,-0.71320227941533054,0.0082582963640173701,0.71320227941533054,0.71325008995587169
881,1.4073121271282631,-0.71154102772722583,0.0082455109489375511,0.71154102772722583,0.71158880161925386
882,1.4057165351473921,-0.70988921430835306,0.00822850846436321,0.70988921430835306,0.70993690208558591
883,1.404124557191393,-0.7082480470263457,0.0082076948515900361,0.7082480470263457,0.70829560380635537
884,1.4025361809954751,-0.70661860834974344,0.008183438053313459,0.70661860834974344,0.70666599346827252
885,1.4009513943502825,-0.7050018672750662,0.0081560719300700912,0.7050018672750662,0.70504904394705659
886,1.3993701851015801,-0.70339869002815614,0.0081258997240235692,0.70339869002815614,0.70344562503412511
887,1.3977925411499434,-0.70180984967978377,0.0080931971284915749,0.70180984967978377,0.70185651307608543
888,1.3962184504504505,-0.70023603479779584,0.0080582150132973221,0.70023603479779584,0.70028239964927042
889,1.3946479010123733,-0.69867785724262843,0.0080211818489745908,0.69867785724262843,0.69872389937614476
890,1.3930808808988764,-0.69713585920017618,0.0079823058669187333,0.69713585920017618,0.69718155697760731
891,1.3915173782267114,-0.69561051953424569,0.0079417769875285565,0.69561051953424569,0.69565585364346849
892,1.3899573811659192,-0.69410225953120497,0.007899768544075203,0.69410225953120497,0.69414721279378055
893,1.3884008779395296,-0.69261144810085828,0.007856438826381873,0.69261144810085828,0.69265600529512517
894,1.3868478568232661,-0.69113840649000036,0.0078119324652547624,0.69113840649000036,0.69118255418838426
895,1.3852983061452513,-0.6896834125587481,0.0077663816759171757,0.6896834125587481,0.68972713897817328
896,1.3837522142857142,-0.68824670466390803,0.0077199073763960582,0.68824670466390803,0.68828999952827208
897,1.3822095696767001,-0.68682848518896944,0.0076726201948093264,0.68682848518896944,0.68687133960271507
898,1.3806703608017816,-0.68542892375553821,0.0076246213777927778,0.68542892375553821,0.68547133008742978
899,1.379134576195773,-0.68404816014756875,0.0075760036108146744,0.68404816014756875,0.6840901119238495
900,1.3776022044444443,-0.68268630697625432,0.0075268517598376279,0.68268630697625432,0.68272779878242196
901,1.3760732341842397,-0.68134345211028657,0.0074772435426692374,0.68134345211028657,0.68138447950078729
902,1.3745476541019954,-0.68001966089402566,0.0074272501373642726,0.68001966089402566,0.68006022030922286
903,1.3730254529346622,-0.67871497817323911,0.0073769367342002776,0.67871497817323911,0.67875506686306275
904,1.3715066194690264,-0.67742943014643919,0.0073263630369911487,0.67742943014643919,0.67746904610017356
905,1.3699911425414364,-0.67616302605793455,0.0072755837188693863,0.67616302605793455,0.67620216793964316
906,1.3684790110375276,-0.67491575974692575,0.0072246488370863969,0.67491575974692575,0.67495442683605633
907,1.3669702138919513,-0.67368761106568376,0.0071736042108808996,0.67368761106568376,0.67372580320243225
908,1.3654647400881057,-0.67247854717866717,0.0071224917660312609,0.67247854717866717,0.67251626471371539
909,1.3639625786578657,-0.67128852375289783,0.0070713498493172183,0.67128852375289783,0.6713257675011709
910,1.3624637186813187,-0.67011748604945609,0.0070202135157624995,0.67011748604945609,0.67015425724757571
911,1.3609681492864982,-0.66896536992458078,0.0069691147912495748,0.66896536992458078,0.66900167019171541
912,1.3594758596491228,-0.66783210274807314,0.0069180829128060971,0.66783210274807314,0.66786793404991485
913,1.3579868389923329,-0.66671760424647952,0.0068671445486435216,0.66671760424647952,0.66675296886209456
914,1.3565010765864332,-0.66562178727704024,0.0068163239998037667,0.66562178727704024,0.66565668776836584
915,1.3550185617486339,-0.66454455853861472,0.006765643385095662,0.66454455853861472,0.66457899772239015
916,1.3535392838427946,-0.66348581922460248,0.0067151228108192178,0.66348581922460248,0.66351980014654144
917,1.352063232279171,-0.66244546562293727,0.0066647805266446224,0.66244546562293727,0.66247899153396439
918,1.350590396514161,-0.6614233896673507,0.0066146330688707962,0.6614233896673507,0.66145646400173896
919,1.3491207660500544,-0.66041947944404544,0.0065646953921646191,0.66041947944404544,0.66045210579930469
920,1.3476543304347826,-0.65943361965733227,0.0065149809907925071,0.65943361965733227,0.65946580177571112
921,1.346191079261672,-0.65846569205765215,0.0064655020102415105,0.65846569205765215,0.65849743380912829
922,1.3447310021691974,-0.657515575834966,0.0064162693500560176,0.657515575834966,0.65754688120160643
923,1.3432740888407366,-0.65658314798030903,0.0063672927586337809,0.65658314798030903,0.65661402104189526
924,1.3418203290043289,-0.6556682836180423,0.0063185809206580609,0.6556682836180423,0.65569872853886224
925,1.3403697124324323,-0.65477085631120113,0.0062701415377772081,0.65477085631120113,0.65480087732791514
926,1.3389222289416847,-0.65389073834194145,0.0062219814030946667,0.65389073834194145,0.65392033975244257
927,1.3374778683926645,-0.65302780096916901,0.0061741064699723236,0.65302780096916901,0.65305698712235771
928,1.336036620689655,-0.65218191466507669,0.0061265219156162246,0.65218191466507669,0.65221068995148179
929,1.334598475780409,-0.65135294933226895,0.0060792321998603873,0.65135294933226895,0.65138131817544864
930,1.3331634236559138,-0.65054077450288794,0.006032241119540746,0.65054077450288794,0.65056874135155129
931,1.331731454350161,-0.64974525952129425,0.0059855518588041133,0.64974525952129425,0.64977282884208731
932,1.3303025579399141,-0.64896627371146387,0.0059391670356791597,0.64896627371146387,0.64899344998237107
933,1.3288767245444801,-0.64820368653027782,0.0058930887451985429,0.64820368653027782,0.6482304742345899
934,1.3274539443254818,-0.64745736770780482,0.0058473185993459884,0.64745736770780482,0.64748377132861157
935,1.3260342074866309,-0.64672718737562396,0.0058018577640696744,0.64672718737562396,0.64675321139079001
936,1.3246175042735042,-0.6460130161840083,0.005756706993593045,0.6460130161840083,0.64603866506159657
937,1.3232038249733189,-0.64531472540885448,0.0057118666622234873,0.64531472540885448,0.64534000360296306
938,1.3217931599147121,-0.64463218704917735,0.005667336793856028,0.64463218704917735,0.64465709899615664
939,1.3203854994675186,-0.64396527391583791,0.0056231170893409361,0.64396527391583791,0.64398982403086202
940,1.3189808340425531,-0.64331385971217747,0.0055792069518780223,0.64331385971217747,0.64333805238613939
941,1.3175791540913921,-0.6426778191071596,0.005535605510585892,0.6426778191071596,0.64270165870386842
942,1.3161804501061569,-0.64205702780164375,0.0054923116423780186,0.64205702780164375,0.64208051865529903
943,1.3147847126193,-0.64145136258824675,0.0054493239922764128,0.64145136258824675,0.64147450900116931
944,1.3133919322033898,-0.64086070140528184,0.0054066409922707281,0.64086070140528184,0.64088350764588187
945,1.3120020994708994,-0.64028492338528054,0.0053642608788360413,0.64028492338528054,0.64030739368624401
946,1.3106152050739956,-0.63972390889842723,0.0053221817092012694,0.63972390889842723,0.63974604745510466
947,1.3092312397043293,-0.63917753959136059,0.0052804013764613869,0.63917753959136059,0.63919935056034116
948,1.3078501940928269,-0.63864569842167462,0.0052389176236154623,0.63864569842167462,0.6386671859195332
949,1.3064720590094836,-0.63812826968838943,0.0051977280566095994,0.63812826968838943,0.63814943779059163
950,1.3050968252631578,-0.63762513905882057,0.0051568301564516982,0.63762513905882057,0.63764599179877446
951,1.3037244837013668,-0.63713619359199525,0.0051162212904674754,0.63713619359199525,0.63715673496023684
952,1.3023550252100839,-0.63666132175893231,0.0050758987227578715,0.63666132175893231,0.63668155570243623
953,1.3009884407135361,-0.63620041346009404,0.0050358596239110532,0.63620041346009404,0.63622034388169824
954,1.2996247211740042,-0.63575336004009619,0.0049961010800261135,0.63575336004009619,0.63577299079803162
955,1.298263857591623,-0.63532005430000704,0.0049566201010914964,0.63532005430000704,0.63533938920752464
956,1.296905841004184,-0.63490039050734937,0.0049174136287671952,0.63490039050734937,0.6349194333324355
957,1.2955506624869382,-0.63449426440404788,0.0048784785436085353,0.63449426440404788,0.6345130188692224
958,1.2941983131524006,-0.63410157321240446,0.0048398116717731209,0.63410157321240446,0.63412004299459301
959,1.2928487841501564,-0.6337222156393516,0.004801409791243938,0.6337222156393516,0.63374040436982726
960,1.2915020666666666,-0.63335609187908015,0.0047632696376029883,0.63335609187908015,0.63337400314346848
961,1.290158151925078,-0.63300310361414147,0.0047253879093872297,0.63300310361414147,0.63302074095248229
962,1.2888170311850311,-0.63266315401520812,0.0046877612730524248,0.63266315401520812,0.63268052092207172
963,1.2874786957424713,-0.63233614773956459,0.004650386367573929,0.63233614773956459,0.63235324766421519
964,1.2861431369294605,-0.632021990928467,0.0046132598087082564,0.632021990928467,0.6320388272750701
965,1.2848103461139895,-0.63172059120345536,0.004576378192939129,0.63172059120345536,0.63173716733132612
966,1.2834803146997928,-0.63143185766167043,0.0045397381011264819,0.63143185766167043,0.63144817688555799
967,1.2821530341261633,-0.63115570087035433,0.0045033361018821591,0.63115570087035433,0.6311717664607589
968,1.2808284958677685,-0.63089203286051565,0.004467168754688694,0.63089203286051565,0.63090784804403632
969,1.2795066914344684,-0.63064076711990769,0.0044312326127779588,0.63064076711990769,0.63065633507961694
970,1.278187612371134,-0.63040181858531841,0.0043955242257862712,0.63040181858531841,0.63041714246116132
971,1.2768712502574664,-0.63017510363429552,0.0043600401422017945,0.63017510363429552,0.63019018652351033
972,1.2755575967078188,-0.62996054007636748,0.0043247769116168209,0.62996054007636748,0.62997538503392636
973,1.2742466433710173,-0.62975804714373118,0.0042897310867981552,0.62975804714373118,0.62977265718279873
974,1.2729383819301847,-0.62956754548155369,0.004254899225587961,0.62956754548155369,0.62958192357396048
975,1.271632804102564,-0.62938895713790299,0.0042202778926467635,0.62938895713790299,0.62940310621463269
976,1.2703299016393441,-0.62922220555332742,0.0041858636610476313,0.62922220555332742,0.62923612850501731
977,1.2690296663254861,-0.629067215550148,0.0041516531137338105,0.629067215550148,0.62908091522759868
978,1.2677320899795501,-0.62892391332150477,0.004117642844845856,0.62892391332150477,0.6289373925361994
979,1.2664371644535239,-0.6287922264201693,0.0040838294609296614,0.6287922264201693,0.62880548794480107
980,1.2651448816326529,-0.62867208374717709,0.0040502095820314932,0.62867208374717709,0.62868513031618301
981,1.26385523343527,-0.62856341554031592,0.0040167798426886305,0.62856341554031592,0.62857624985041594
982,1.2625682118126271,-0.62846615336242961,0.0039835368928216909,0.62846615336242961,0.62847877807317032
983,1.2612838087487284,-0.6283802300897281,0.0039504773985357452,0.6283802300897281,0.62839264782403048
984,1.2600020162601626,-0.62830557989987956,0.0039175980428355888,0.62830557989987956,0.62831779324458825
985,1.2587228263959389,-0.62824213826015152,0.0038848955262629336,0.62824213826015152,0.62825414976658711
986,1.2574462312373225,-0.6281898419154659,0.003852366567456654,0.6281898419154659,0.62820165409997775
987,1.2561722228976697,-0.62814862887643175,0.0038200079036464843,0.62814862887643175,0.62816024422095129
988,1.2549007935222671,-0.62811843840741055,0.0037878162910796546,0.62811843840741055,0.62812985936000432
989,1.2536319352881697,-0.62809921101456423,0.0037557885053884771,0.62809921101456423,0.62811043998998717
990,1.2523656404040404,-0.62809088843393379,0.0037239213419013335,0.62809088843393379,0.62810192781417973
991,1.2511019011099898,-0.62809341361958526,0.0036922116159003888,0.62809341361958526,0.62810426575443679
992,1.2498407096774193,-0.62810673073177758,0.0036606561628315937,0.62810673073177758,0.62811739793935351
993,1.248582058408862,-0.62813078512522846,0.0036292518384676946,0.62813078512522846,0.62814126969252948
994,1.2473259396378269,-0.62816552333744236,0.0035979955190295239,0.62816552333744236,0.62817582752089229
995,1.2460723457286431,-0.62821089307712219,0.0035668841012673272,0.62821089307712219,0.62822101910310779
996,1.2448212690763052,-0.6282668432126659,0.0035359145025049034,0.6282668432126659,0.62827679327807229
997,1.2435727021063188,-0.62833332376083284,0.0035050836606498395,0.62833332376083284,0.62834310003357541
998,1.242326637274549,-0.62841028587541503,0.0034743885341714728,0.62841028587541503,0.6284198904949676
999,1.2410830670670669,-0.62849768183611809,0.0034438261020486912,0.62849768183611809,0.62850711691403738
1000,1.2398419839999999,-0.62859546503753316,0.0034133933636904621,0.62859546503753316,0.62860473265797789
1001,1.2386033806193806,-0.62870358997822096,0.0033830873388302676,0.62870358997822096,0.6287126921984677
1002,1.237367249500998,-0.62882201224996637,0.0033529050673972959,0.62882201224996637,0.62883095110092013
1003,1.2361335832502491,-0.62895068852714564,0.0033228436093639645,0.62895068852714564,0.62895946601384645
1004,1.234902374501992,-0.62908957655626008,0.0032929000445743369,0.62908957655626008,0.62909819465838412
1005,1.2336736159203978,-0.62923863514558653,0.0032630714725518893,0.62923863514558653,0.62924709581794303
1006,1.232447300198807,-0.62939782415503154,0.0032333550122910504,0.62939782415503154,0.6294061293280544
1007,1.2312234200595829,-0.62956710448605979,0.0032037478020309051,0.62956710448605979,0.62957525606629461
1008,1.2300019682539682,-0.6297464380718818,0.003174246999014173,0.6297464380718818,0.62975443794246744
1009,1.2287829375619423,-0.62993578786769144,0.0031448497792321561,0.62993578786769144,0.62994363788883767
1010,1.2275663207920791,-0.63013511784115228,0.0031155533371564131,0.63013511784115228,0.63014281985061105
1011,1.2263521107814044,-0.63034439296301081,0.0030863548854584647,0.63034439296301081,0.63035194877654299
1012,1.2251403003952568,-0.63056357919785899,0.0030572516547185298,0.63056357919785899,0.63057099060969724
1013,1.2239308825271471,-0.6307926434950899,0.0030282408931228706,0.6307926434950899,0.6307999122783946
1014,1.2227238500986193,-0.63103155378002374,0.0029993198661537194,0.63103155378002374,0.63103868168733557
1015,1.2215191960591132,-0.63128027894516014,0.0029704858562682535,0.63128027894516014,0.63128726770884713
1016,1.2203169133858267,-0.63153878884164949,0.0029417361625711583,0.63153878884164949,0.63154564017434855
1017,1.219116995083579,-0.63180705427089245,0.002913068100478867,0.63180705427089245,0.63181376986594762
1018,1.2179194341846757,-0.63208504697633927,0.0028844790013772938,0.63208504697633927,0.63209162850823331
1019,1.2167242237487732,-0.63237273963544949,0.0028559662122733826,0.63237273963544949,0.63237918876023247
1020,1.215531356862745,-0.63267010585179007,0.0028275270954412788,0.63267010585179007,0.63267642420750181
1021,1.2143408266405484,-0.63297712014737351,0.0027991590280627317,0.63297712014737351,0.63298330935446234
1022,1.2131526262230918,-0.63329375795507126,0.0027708594018625828,0.63329375795507126,0.63329981961680781
1023,1.2119667487781036,-0.63361999561129689,0.0027426256227411367,0.63361999561129689,0.63362593131418354
1024,1.2107831874999999,-0.63395581034876747,0.002714455110401217,0.63395581034876747,0.63396162166294323
1025,1.209601935609756,-0.6343011802895,0.0026863452979722915,0.6343011802895,0.63430686876914133
1026,1.2084229863547757,-0.63465608443793609,0.0026582936316310738,0.63465608443793609,0.63466165162165322
1027,1.2072463330087633,-0.63502050267425703,0.0026302975702197787,0.63502050267425703,0.6350259500854859
1028,1.2060719688715953,-0.63539441574786193,0.0026023545848606385,0.63539441574786193,0.63539974489525264
1029,1.2048998872691934,-0.63577780527097127,0.0025744621585693309,0.63577780527097127,0.63578301764877221
1030,1.203730081553398,-0.63617065371248804,0.0025466177858648083,0.63617065371248804,0.63617575080092592
1031,1.2025625451018427,-0.63657294439192302,0.0025188189723783809,0.63657294439192302,0.63657792765757903
1032,1.2013972713178294,-0.63698466147355037,0.0024910632344604024,0.63698466147355037,0.63698953236973344
1033,1.2002342536302033,-0.63740578996068797,0.0024633480987853685,0.63740578996068797,0.63741054992780311
1034,1.1990734854932301,-0.63783631569017252,0.0024356711019560698,0.63783631569017252,0.63784096615608687
1035,1.1979149603864734,-0.63827622532698225,0.0024080297901057576,0.63827622532698225,0.63828076770738651
1036,1.1967586718146717,-0.63872550635900116,0.0023804217184999199,0.63872550635900116,0.63872994205776856
1037,1.1956046133076181,-0.63918414709197546,0.0023528444511365836,0.63918414709197546,0.63918847750151697
1038,1.1944527784200385,-0.63965213664462017,0.0023252955603455302,0.63965213664462017,0.63965636314623719
1039,1.1933031607314726,-0.64012946494384404,0.0022977726263875477,0.64012946494384404,0.64013358890807681
1040,1.1921557538461538,-0.6406161227202205,0.0022702732370517703,0.6406161227202205,0.64062014550719482
1041,1.1910105513928915,-0.64111210150351572,0.0022427949872533661,0.64111210150351572,0.64111602446328619
1042,1.189867547024952,-0.6416173936184395,0.0022153354786299852,0.6416173936184395,0.64162121809133033
1043,1.1887267344199424,-0.64213199218050798,0.0021878923191378935,0.64213199218050798,0.64213571949745019
1044,1.1875881072796934,-0.64265589109210874,0.0021604631226476122,0.64265589109210874,0.64265952257497649
1045,1.1864516593301435,-0.64318908503868344,0.0021330455085389393,0.64318908503868344,0.64319262200062599
1046,1.1853173843212237,-0.64373156948503496,0.0021056371012955887,0.64373156948503496,0.64373501323080817
1047,1.1841852760267431,-0.64428334067187421,0.0020782355300994993,0.64428334067187421,0.64428669249816795
1048,1.1830553282442746,-0.64484439561243501,0.002050838428424193,0.64484439561243501,0.6448476568082
1049,1.1819275347950429,-0.64541473208925426,0.0020234434336284515,0.64541473208925426,0.64541790393602583
1050,1.1808018895238095,-0.64599434865114636,0.0019960481865490135,0.64599434865114636,0.64599743242336638
1051,1.179678386298763,-0.64658324461027306,0.001968650331092908,0.64658324461027306,0.64658624157561084
1052,1.1785570190114067,-0.64718142003938417,0.0019412475138292362,0.64718142003938417,0.64718433145905474
1053,1.1774377815764481,-0.64778887576920052,0.001913837383580962,0.64778887576920052,0.64779170289828159
1054,1.1763206679316887,-0.64840561338595215,0.0018864175910152589,0.64840561338595215,0.64840835747369918
1055,1.1752056720379147,-0.64903163522904861,0.0018589857882341746,0.64903163522904861,0.64903429751920938
1056,1.1740927878787879,-0.64966694438888162,0.001831539628363966,0.64966694438888162,0.6496695261200085
1057,1.1729820094607379,-0.65031154470482178,0.0018040767651446021,0.65031154470482178,0.65031404711058327
1058,1.1718733308128544,-0.65096544076331275,0.0017765948525175594,0.65096544076331275,0.6509678650728038
1059,1.1707667459867799,-0.65162863789608982,0.0017490915442136363,0.65162863789608982,0.65163098533414088
1060,1.1696622490566038,-0.65230114217862534,0.0017215644933396904,0.65230114217862534,0.65230341396611125
1061,1.1685598341187557,-0.65298296042862458,0.0016940113519645882,0.65298296042862458,0.65298515778277177
1062,1.167459495291902,-0.65367410020469729,0.0016664297707038051,0.65367410020469729,0.65367622433939065
1063,1.1663612267168391,-0.65437456980520992,0.0016388173983036599,0.65437456980520992,0.65437662193129931
1064,1.165265022556391,-0.65508437826720844,0.0016111718812241924,0.65508437826720844,0.65508635959281414
1065,1.164170876995305,-0.65580353536552116,0.0015834908632204395,0.65580353536552116,0.65580544709633992
1066,1.16307878424015,-0.65653205161199257,0.0015557719849232836,0.65653205161199257,0.65653389495160208
1067,1.1619887385192127,-0.65726993825486879,0.0015280128834184361,0.65726993825486879,0.65727171440503274
1068,1.1609007340823969,-0.65801720727830704,0.0015002111918241022,0.65801720727830704,0.65801891743928043
1069,1.1598147652011224,-0.65877387140199994,0.0014723645388671773,0.65877387140199994,0.65877551677283375
1070,1.1587308261682243,-0.65953994408102123,0.0014444705484580674,0.65953994408102123,0.65954152585986725
1071,1.1576489112978523,-0.6603154395057016,0.0014165268392635211,0.6603154395057016,0.66031695889011832
1072,1.1565690149253731,-0.66110037260172461,0.0013885310242777661,0.66110037260172461,0.66110183078898255
1073,1.1554911314072693,-0.66189475903032102,0.0013604807103919916,0.66189475903032102,0.66189615721770889
1074,1.1544152551210427,-0.66269861518861073,0.0013323734979616099,0.66269861518861073,0.66269995457374253
1075,1.1533413804651163,-0.66351195821009901,0.0013042069803713956,0.66351195821009901,0.66351323999122114
1076,1.1522695018587359,-0.66433480596527139,0.0012759787435988202,0.66433480596527139,0.66433603134157115
1077,1.1511996137418754,-0.66516717706235906,0.0012476863657747213,0.66516717706235906,0.66516834723427354
1078,1.150131710575139,-0.66600909084824456,0.0012193274167416179,0.66600909084824456,0.66601020701777125
1079,1.1490657868396663,-0.66686056740946897,0.0011908994576096329,0.66686056740946897,0.66686163078047689
1080,1.1480018370370371,-0.66772162757343545,0.0011624000403096524,0.66772162757343545,0.66772263935197773
1081,1.1469398556891766,-0.66859229290969635,0.0011338267071438765,0.66859229290969635,0.66859325430432437
1082,1.1458798373382624,-0.66947258573139368,0.0011051769903334119,0.66947258573139368,0.66947349795347255
1083,1.1448217765466298,-0.67036252909687488,0.0010764484115627121,0.67036252909687488,0.67036339336090034
1084,1.143765667896679,-0.67126214681138485,0.0010476384815209512,0.67126214681138485,0.6712629643353023
1085,1.1427115059907833,-0.67217146342896039,0.0010187446994406888,0.67217146342896039,0.67217223543448501
1086,1.1416592854511969,-0.67309050425441375,0.00098976455263191307,0.67309050425441375,0.67309123196735421
1087,1.1406090009199632,-0.67401929534548755,0.00096069551601407795,0.67401929534548755,0.67401997999606955
1088,1.1395606470588235,-0.67495786351513787,0.00093153505164293845,0.67495786351513787,0.67495850633833177
1089,1.1385142185491275,-0.67590623633398139,0.00090228060823497724,0.67590623633398139,0.67590683856983114
1090,1.137469710091743,-0.6768644421328307,0.00087292962068692389,0.6768644421328307,0.67686500502678593
1091,1.1364271164069659,-0.67783251000542855,0.00084347950959146696,0.67783251000542855,0.67783303480867796
1092,1.1353864322344323,-0.6788104698113071,0.00081392768074901476,0.6788104698113071,0.67881095778111666
1093,1.1343476523330283,-0.67979835217877205,0.00078427152467449744,0.67979835217877205,0.67979880457882413
1094,1.1333107714808044,-0.68079618850804735,0.00075450841610032095,0.68079618850804735,0.68079660660878361
1095,1.1322757844748859,-0.6818040109746033,0.00072463571347384072,0.6818040109746033,0.68180439605357068
1096,1.1312426861313867,-0.68282185253252292,0.00069465075845073906,0.68282185253252292,0.68282220587472309
1097,1.1302114712853235,-0.6838497469181537,0.00066455087538282555,0.6838497469181537,0.6838500698163954
1098,1.1291821347905282,-0.68488772865377867,0.00063433337080098556,0.68488772865377867,0.68488802240903379
1099,1.1281546715195632,-0.6859358330515537,0.00060399553289250786,0.6859358330515537,0.68593609897331753
1100,1.1271290763636364,-0.68699409621748941,0.00057353463097319373,0.68699409621748941,0.68699433562414325
1101,1.1261053442325157,-0.68806255505565672,0.00054294791495350511,0.68806255505565672,0.68806276927483656
1102,1.1250834700544463,-0.6891412472725218,0.00051223261479913136,0.6891412472725218,0.68914143764148938
1103,1.1240634487760652,-0.6902302113814287,0.0004813859399850841,0.6902302113814287,0.69023037924744735
1104,1.1230452753623188,-0.69132948670722061,0.00045040507894390487,0.69132948670722061,0.69132963342793585
1105,1.12202894479638,-0.69243911339107145,0.00041928719850750553,0.69243911339107145,0.69243924033489601
1106,1.121014452079566,-0.69355913239541933,0.00038802944334193653,0.69355913239541933,0.69355924094192245
1107,1.1200017922312555,-0.69468958550908044,0.00035662893537582421,0.69468958550908044,0.69468967704938256
1108,1.1189909602888086,-0.69583051535252283,0.00032508277322168956,0.69583051535252283,0.69583059128969527
1109,1.1179819513074842,-0.69698196538332469,0.00029338803158982765,0.69698196538332469,0.69698202713279411
1110,1.1169747603603604,-0.69814397990171906,0.0002615417606949568,0.69814397990171906,0.69814402889167826
1111,1.1159693825382537,-0.69931660405640739,0.00022954098565543257,0.69931660405640739,0.69931664172823038
1112,1.1149658129496403,-0.70049988385047302,0.00019738270588409582,0.70049988385047302,0.70049991165913705
1113,1.1139640467205749,-0.70169386614744678,0.00016506389447162265,0.70169386614744678,0.70169388556195944
1114,1.112964078994614,-0.70289859867762194,0.00013258149756121456,0.70289859867762194,0.70289861118145491
1115,1.1119659049327353,-0.70411413004446755,9.9932433715064573e-05,0.70411413004446755,0.70411413713599635
1116,1.1109695197132616,-0.70534050973123508,6.7113593271815835e-05,0.70534050973123508,0.70534051292418543
1117,1.1099749185317815,-0.70657778810775573,3.4121837695126286e-05,0.70657778810775573,0.70657778893165635
1118,1.1089820966010733,-0.70782601643739107,9.5399891318691081e-07,0.70782601643739107,0.70782601643803389
1119,1.1079910491510276,-0.70908524688420194,-3.2393121351391636e-05,0.70908524688420194,0.70908524762410885
1120,1.1070017714285714,-0.71035553252024086,-6.5922752261424373e-05,0.71035553252024086,0.71035553557913811
1121,1.1060142586975914,-0.71163692733309358,-9.9638154554933912e-05,0.71163692733309358,0.71163693430839337
1122,1.1050285062388592,-0.71292948623355645,-0.00013354262124508294,0.71292948623355645,0.71292949874084632
1123,1.1040445093499553,-0.71423326506351748,-0.00016763947833070157,0.71423326506351748,0.71423328473705805
1124,1.1030622633451956,-0.71554832060404094,-0.00020193208551759755,0.71554832060404094,0.71554834909727127
1125,1.1020817635555555,-0.71687471058364061,-0.00023642383695101569,0.71687471058364061,0.71687474956969244
1126,1.1011030053285966,-0.7182124936867269,-0.00027111816195901948,0.7182124936867269,0.71821254485894659
1127,1.1001259840283939,-0.71956172956228315,-0.00030601852580818922,0.71956172956228315,0.71956179463476422
1128,1.0991506950354608,-0.7209224788327262,-0.00034112843047068617,0.7209224788327262,0.72092255954084883
1129,1.0981771337466784,-0.72229480310297256,-0.00037645141540377022,0.72229480310297256,0.72229490120395423
1130,1.0972052955752212,-0.72367876496972694,-0.00041199105834188076,0.72367876496972694,0.72367888224318211
1131,1.0962351759504863,-0.72507442803094957,-0.00044775097610163275,0.72507442803094957,0.72507456627945888
1132,1.0952667703180212,-0.72648185689556266,-0.00048373482539986541,0.72648185689556266,0.72648201794525247
1133,1.0943000741394526,-0.7279011171933758,-0.00051994630368536676,0.7279011171933758,0.72790130289450872
1134,1.0933350828924162,-0.7293322755852063,-0.00055638914998435123,0.7293322755852063,0.7293324878127817
1135,1.0923717920704845,-0.73077539977323336,-0.00059306714576033812,0.73077539977323336,0.73077564042759957
1136,1.0914101971830985,-0.73223055851159358,-0.00062998411578840826,0.73223055851159358,0.73223082951907081
1137,1.0904502937554967,-0.733697821617177,-0.00066714392904452385,0.733697821617177,0.73369812493069186
1138,1.0894920773286467,-0.73517725998071648,-0.00070455049961014576,0.73517725998071648,0.73517759758044887
1139,1.0885355434591746,-0.7366689455779829,-0.00074220778759264577,0.7366689455779829,0.73666931947202541
1140,1.0875806877192982,-0.73817295148140505,-0.00078011980006154904,0.73817295148140505,0.73817336370643383
1141,1.0866275056967571,-0.73968935187176665,-0.00081829059200164383,0.73968935187176665,0.73968980449372634
1142,1.0856759929947459,-0.74121822205025434,-0.00085672426728271235,0.74121822205025434,0.74121871716505527
1143,1.084726145231846,-0.74275963845071336,-0.00089542497964670894,0.74275963845071336,0.74276017818494311
1144,1.083777958041958,-0.74431367865216647,-0.00093439693371277083,0.74431367865216647,0.74431426516381527
1145,1.0828314270742356,-0.74588042139162192,-0.00097364438600023749,0.74588042139162192,0.74588105687082162
1146,1.0818865479930191,-0.7474599465770948,-0.0010131716459705314,0.7474599465770948,0.74746063324687384
1147,1.080943316477768,-0.74905233530093418,-0.0010529830770880425,0.74905233530093418,0.74905307541798638
1148,1.0800017282229963,-0.75065766985342175,-0.0010930830979006792,0.75065766985342175,0.75065846570889183
1149,1.0790617789382071,-0.75227603373664076,-0.0011334761831403267,0.75227603373664076,0.75227688765692469
1150,1.0781234643478259,-0.75390751167863024,-0.0011741668648442968,0.75390751167863024,0.75390842602619212
1151,1.0771867801911381,-0.75555218964783166,-0.0012151597334973852,0.75555218964783166,0.75555316682203832
1152,1.0762517222222221,-0.7572101548678194,-0.0012564594391958287,0.7572101548678194,0.7572111973057909
1153,1.0753182862098871,-0.75888149583235531,-0.0012980706928334175,0.75888149583235531,0.75888260600983382
1154,1.0743864679376083,-0.76056630232070188,-0.0013399982673101742,0.76056630232070188,0.76056748275293862
1155,1.0734562632034632,-0.76226466541330273,-0.0013822469987645248,0.76226466541330273,0.76226591865596349
1156,1.072527667820069,-0.76397667750774145,-0.0014248217878290205,0.76397667750774145,0.76397800615783085
1157,1.0716006776145202,-0.76570243233500213,-0.0014677276009108001,0.76570243233500213,0.76570383903180816
1158,1.0706752884283246,-0.76744202497613823,-0.0015109694714970259,0.76744202497613823,0.76744351240219588
1159,1.0697514961173424,-0.76919555187915978,-0.0015545525014858869,0.76919555187915978,0.76919712276123664
1160,1.0688292965517241,-0.77096311087639102,-0.0015984818625440589,0.77096311087639102,0.77096476798649316
1161,1.0679086856158484,-0.77274480120202771,-0.0016427627974911099,0.77274480120202771,0.77274654735842729
1162,1.0669896592082615,-0.77454072351018555,-0.0016874006217115775,0.77454072351018555,0.77454256157847123
1163,1.0660722132416165,-0.77635097989322133,-0.0017324007245954087,0.77635097989322133,0.77635291278737106
1164,1.0651563436426117,-0.77817567390043529,-0.0017777685710074348,0.77817567390043529,0.77817770458391355
1165,1.0642420463519313,-0.78001491055718519,-0.001823509702786661,0.78001491055718519,0.78001704204406319
1166,1.0633293173241851,-0.78186879638433537,-0.0018696297402762208,0.78186879638433537,0.78187103174043671
1167,1.0624181525278491,-0.78373743941808116,-0.0019161343838844467,0.78373743941808116,0.7837397817621532
1168,1.0615085479452053,-0.78562094923026993,-0.0019630294156781983,0.78562094923026993,0.78562340173518075
1169,1.060600499572284,-0.78751943694897042,-0.0020103207010091456,0.78751943694897042,0.78752200284293283
1170,1.0596940034188034,-0.78943301527960452,-0.0020580141901737426,0.78943301527960452,0.78943569784742784
1171,1.0587890555081128,-0.79136179852639765,-0.0021061159201077916,0.79136179852639765,0.79136460111076723
1172,1.0578856518771331,-0.79330590261427836,-0.0021546320161166654,0.79330590261427836,0.79330882861706487
1173,1.0569837885763,-0.79526544511125552,-0.0022035686936417338,0.79526544511125552,0.79526849799485388
1174,1.0560834616695058,-0.79724054525119481,-0.0022529322600643746,0.79724054525119481,0.79724372853989323
1175,1.0551846672340426,-0.7992313239570723,-0.0023027291165480098,0.7992313239570723,0.79923464123845311
1176,1.0542874013605441,-0.80123790386468974,-0.002352965759919683,0.80123790386468974,0.80124135879106306
1177,1.0533916601529312,-0.80326040934682452,-0.0024036487845917687,0.80326040934682452,0.80326400563669464
1178,1.0524974397283531,-0.80529896653795996,-0.0024547848845250598,0.80529896653795996,0.80530270797752557
1179,1.051604736217133,-0.80735370335940204,-0.002506380855234234,0.80735370335940204,0.80735759380409178
1180,1.0507135457627117,-0.80942474954494203,-0.0025584435958368222,0.80942474954494203,0.80942879292098657
1181,1.0498238645215918,-0.81151223666706351,-0.0026109801111468232,0.81151223666706351,0.81151643697310349
1182,1.0489356886632826,-0.81361629816362657,-0.0026639975138141115,0.81361629816362657,0.8136206594723594
1183,1.048049014370245,-0.81573706936512935,-0.0027175030265108001,0.81573706936512935,0.81574159582499461
1184,1.0471638378378378,-0.81787468752244585,-0.0027715039841657149,0.81787468752244585,0.81787938335935129
1185,1.0462801552742615,-0.82002929183524942,-0.0028260078362485706,0.82002929183524942,0.82003416135433727
1186,1.0453979629005059,-0.82220102348085322,-0.0028810221491046787,0.82220102348085322,0.82220607106830945
1187,1.0445172569502947,-0.82439002564378239,-0.0029365546083419325,0.82439002564378239,0.82439525576869011
1188,1.0436380336700335,-0.82659644354581552,-0.0029926130212710967,0.82659644354581552,0.82660186076205133
1189,1.0427602893187551,-0.82882042447673632,-0.0030492053194011888,0.82882042447673632,0.82882603342491445
1190,1.0418840201680672,-0.83106211782563233,-0.0031063395609910545,0.83106211782563233,0.83106792323509471
1191,1.041009222502099,-0.83332167511289823,-0.0031640239336589411,0.83332167511289823,0.83332768180375449
1192,1.0401358926174495,-0.83559925002281221,-0.0032222667570512434,0.83559925002281221,0.83560546290802795
1193,1.0392640268231348,-0.83789499843684578,-0.0032810764855724988,0.83789499843684578,0.83790142252438382
1194,1.038393621440536,-0.84020907846763482,-0.003340461711177794,0.84020907846763482,0.84021571886264779
1195,1.0375246728033471,-0.8425416504936134,-0.0034004311662296175,0.8425416504936134,0.84254851240069162
1196,1.036657177257525,-0.84489287719440198,-0.0034609937264205902,0.84489287719440198,0.84489996591987693
1197,1.0357911311612364,-0.84726292358688515,-0.0035221584137642226,0.84726292358688515,0.84727024454118993
1198,1.0349265308848079,-0.84965195706206709,-0.0035839343996551531,0.84965195706206709,0.84965951576215626
1199,1.0340633728106754,-0.85206014742266745,-0.0036463310080010183,0.85206014742266745,0.85206794949449749
1200,1.0332016533333332,-0.85448766692150291,-0.0037093577184278944,0.85448766692150291,0.85449571810257574
1201,1.032341368859284,-0.85693469030063274,-0.0037730241695611445,0.85693469030063274,0.85694299644260197
1202,1.0314825158069882,-0.85940139483137923,-0.003837340162383962,0.85940139483137923,0.85940996190272434
1203,1.0306250906068162,-0.8618879603551306,-0.0039023156636755598,0.8618879603551306,0.86189679444389744
1204,1.0297690897009966,-0.86439456932500258,-0.0039679608095313703,0.86439456932500258,0.86440367664161555
1205,1.0289145095435683,-0.86692140684839258,-0.0040342859089673999,0.86692140684839258,0.86693079372853732
1206,1.0280613466003317,-0.86946866073040829,-0.0041013014476111529,0.86946866073040829,0.8694783336379891
1207,1.0272095973487987,-0.87203652151822753,-0.0041690180914815203,0.87203652151822753,0.87204648704840104
1208,1.0263592582781456,-0.87462518254636756,-0.0042374466908600313,0.87462518254636756,0.87463544742865573
1209,1.0255103258891645,-0.87723483998291019,-0.0043065982842561794,0.87723483998291019,0.87724541108439202
1210,1.0246627966942148,-0.87986569287676453,-0.0043764841024694408,0.87986569287676453,0.87987657720535328
1211,1.0238166672171758,-0.88251794320584698,-0.0044471155727505585,0.88251794320584698,0.88252914791365167
1212,1.0229719339933994,-0.88519179592634978,-0.004518504323065109,0.88519179592634978,0.88520332831312487
1213,1.022128593569662,-0.88788745902303434,-0.0045906621864621189,0.88788745902303434,0.88789932653972137
1214,1.0212866425041185,-0.89060514356061882,-0.0046636012055507586,0.89060514356061882,0.89061735381298013
1215,1.0204460773662551,-0.89334506373625988,-0.0047373336370882396,0.89334506373625988,0.89335762448860934
1216,1.019606894736842,-0.89610743693314809,-0.0048118719566821525,0.89610743693314809,0.89612035611218166
1217,1.0187690912078882,-0.89889248377530184,-0.0048872288636102497,0.89889248377530184,0.89890576947402923
1218,1.0179326633825942,-0.90170042818353213,-0.0049634172857615788,0.90170042818353213,0.901714088665314
1219,1.0170976078753076,-0.904531497432564,-0.0050404503847018868,0.904531497432564,0.90454554113525831
1220,1.0162639213114752,-0.90738592220952841,-0.0051183415608674673,0.90738592220952841,0.9074003577497477
1221,1.0154316003276003,-0.91026393667359962,-0.0051971044588906938,0.91026393667359962,0.91027877285108416
1222,1.0146006415711948,-0.91316577851703618,-0.0052767529730615957,0.91316577851703618,0.91318102431914527
1223,1.0137710417007357,-0.91609168902751059,-0.005357301252928973,0.91609168902751059,0.91610735363383677
1224,1.0129427973856209,-0.9190419131518468,-0.005438763709045457,0.9190419131518468,0.91905800593895581
1225,1.0121159053061224,-0.92201669956114718,-0.0055211550188609231,0.92201669956114718,0.92203323010744742
1226,1.0112903621533442,-0.92501630071735286,-0.0056044901327681213,0.92501630071735286,0.92503327880810016
1227,1.0104661646291768,-0.92804097294133658,-0.0056887842803056751,0.92804097294133658,0.92805840857377642
1228,1.009643309446254,-0.93109097648248018,-0.0057740529765226457,0.93109097648248018,0.931108879871132
1229,1.0088217933279089,-0.93416657558980609,-0.0058603120285098884,0.93416657558980609,0.93418495717189565
1230,1.00800161300813,-0.93726803858470031,-0.0059475775421030056,0.93726803858470031,0.93728690902574263
1231,1.0071827652315191,-0.94039563793535708,-0.0060358659287620183,0.94039563793535708,0.94041500813489642
1232,1.0063652467532467,-0.94354965033280269,-0.006125193912633501,0.94354965033280269,0.94356953143031363
1233,1.0055490543390104,-0.94673035676867023,-0.0062155785378001198,0.94673035676867023,0.94675076014962511
1234,1.0047341847649918,-0.94993804261483028,-0.0063070371757238813,0.94993804261483028,0.94995897991693889
1235,1.0039206348178138,-0.95317299770473696,-0.0063995875328886672,0.95317299770473696,0.9531944808243622
1236,1.0031084012944984,-0.95643551641669822,-0.0064932476586484142,0.95643551641669822,0.95645755751545658
1237,1.0022974810024252,-0.95972589775903261,-0.0065880359532869311,0.95972589775903261,0.9597485092705812
1238,1.0014878707592891,-0.96304444545725643,-0.0066839711762964292,0.96304444545725643,0.96306764009427714
1239,1.0006795673930589,-0.96639146804318621,-0.0067810724548810746,0.96639146804318621,0.96641525880456947
1240,0.99987256774193545,-0.96976727894621906,-0.0068793592926929686,0.96976727894621906,0.96979167912445607
1241,0.99906686865431094,-0.97317219658670018,-0.0069788515788075742,0.97317219658670018,0.97319721977548923
1242,0.99826246698872778,-0.97660654447145401,-0.0070795695969461288,0.97660654447145401,0.97663220457352928
1243,0.99745935961383747,-0.98007065129160331,-0.0071815340349532207,0.98007065129160331,0.98009696252679135
1244,0.9966575434083601,-0.98356485102268953,-0.0072847659945369982,0.98356485102268953,0.98359182793620259
1245,0.99585701526104409,-0.98708948302716326,-0.0073892870012808743,0.98708948302716326,0.98711714049813759
1246,0.99505777207062596,-0.99064489215927454,-0.0074951190149351761,0.99064489215927454,0.99067324540955914
1247,0.99425981074578984,-0.9942314288725389,-0.0076022844399977925,0.9942314288725389,0.99426049347574763
1248,0.99346312820512817,-0.99784944932972497,-0.0077108061365929875,0.99784944932972497,0.99787924122055538
1249,0.99266772137710158,-1.001499315515495,-0.0078207074316582227,1.001499315515495,1.0015298509993282
1250,0.99187358719999996,-1.0051813953517645,-0.007932012130448713,1.0051813953517645,1.0052126911145511
1251,0.99108072262190239,-1.0088960628159027,-0.0080447445283704511,1.0088960628159027,1.0089281359343474
1252,0.99028912460063889,-1.0126436980617148,-0.0081589294231519185,1.0126436980617148,1.012676566013768
1253,0.98949879010375097,-1.0164246875434761,-0.0082745921273661288,1.0164246875434761,1.0164583682191453
1254,0.98870971610845293,-1.0202394241429258,-0.0083917584813141474,1.0202394241429258,1.020273935855414
1255,0.9879218996015936,-1.0240883072994738,-0.0085104548662822341,1.0240883072994738,1.0241236687966608
1256,0.9871353375796178,-1.0279717431435049,-0.0086307082181850542,1.0279717431435049,1.0280079736197787
1257,0.98635002704852814,-1.0318901446331217,-0.0087525460416076756,1.0318901446331217,1.0319272637415755
1258,0.9855659650238473,-1.035843931694187,-0.0088759964242598327,1.035843931694187,1.0358819595591937
1259,0.9847831485305798,-1.0398335313639171,-0.0090010880518563603,1.0398335313639171,1.0398724885940926
1260,0.9840015746031745,-1.0438593779380776,-0.0091278502234380041,1.0438593779380776,1.0438992856396501
1261,0.98322124028548763,-1.0479219131218698,-0.0092563128671476445,1.0479219131218698,1.0479627929124651
1262,0.98244214263074481,-1.052021586184642,-0.0093865065564775439,1.052021586184642,1.0520634602075032
1263,0.9816642787015043,-1.0561588541185651,-0.0095184625270035295,1.0561588541185651,1.0562017450572208
1264,0.98088764556962016,-1.0603341818012515,-0.0096522126936228886,1.0603341818012515,1.0603781128946468
1265,0.98011224031620547,-1.0645480421627078,-0.0097877896683134756,1.0645480421627078,1.0645930372208179
1266,0.97933806003159551,-1.0688009163564018,-0.0099252267784318005,1.0688009163564018,1.0688469997763419
1267,0.97856510181531164,-1.0730932939348774,-0.010064558085569161,1.0730932939348774,1.0731404907175308
1268,0.97779336277602513,-1.0774256730298628,-0.01020581840498494,1.0774256730298628,1.077474008797042
1269,0.97702284003152085,-1.0817985605370737,-0.010349043325637703,1.0817985605370737,1.0818480615492365
1270,0.97625353070866139,-1.0862124723058768,-0.010494269230834821,1.0862124723058768,1.0862631654804162
1271,0.97548543194335158,-1.0906679333338891,-0.010641533319522563,1.0906679333338891,1.09071984626402
1272,0.97471854088050303,-1.0951654779667748,-0.010790873628239505,1.0951654779667748,1.0952186389410359
1273,0.97395285467399839,-1.0997056501032554,-0.01094232905375693,1.0997056501032554,1.0997600881256531
1274,0.97318837048665618,-1.1042890034056456,-0.011095939376430618,1.1042890034056456,1.1043447482164614
1275,0.97242508549019602,-1.1089161015159625,-0.011251745284289946,1.1089161015159625,1.1089731836132481
1276,0.97166299686520374,-1.1135875182778552,-0.01140978839789044,1.1135875182778552,1.1136459689396434
1277,0.97090210180109626,-1.1183038379645232,-0.011570111295958339,1.1183038379645232,1.1183636892717783
1278,0.97014239749608755,-1.1230656555128005,-0.011732757541854898,1.1230656555128005,1.1231269403731405
1279,0.9693838811571539,-1.1278735767635735,-0.011897771710891684,1.1278735767635735,1.1279363289357873
1280,0.96862654999999998,-1.1327282187088112,-0.01206519941852708,1.1327282187088112,1.1327924728282073
1281,0.96787040124902413,-1.1376302097453648,-0.012235087349477623,1.1376302097453648,1.1376960013499793
1282,0.96711543213728546,-1.1425801899357051,-0.012407483287776855,1.1425801899357051,1.1426475554934026
1283,0.96636163990646917,-1.1475788112759697,-0.012582436147818368,1.1475788112759697,1.1476477882124732
1284,0.96560902180685348,-1.1526267379713562,-0.012759996006419118,1.1526267379713562,1.1526973646992402
1285,0.96485757509727621,-1.1577246467193314,-0.012940214135941368,1.1577246467193314,1.1577969626680165
1286,0.96410729704510101,-1.1628732270006683,-0.013123143038513817,1.1628732270006683,1.1629472726474563
1287,0.96335818492618486,-1.1680731813787641,-0.013308836481393291,1.1680731813787641,1.1681489982809536
1288,0.96261023602484463,-1.1733252258074116,-0.013497349533510263,1.1733252258074116,1.173402856635539
1289,0.96186344763382459,-1.1786300899473288,-0.013688738603244637,1.1786300899473288,1.1787095785195758
1290,0.96111781705426347,-1.1839885174917115,-0.013883061477477726,1.1839885174917115,1.1840699088095299
1291,0.96037334159566223,-1.1894012665012199,-0.014080377361971104,1.1894012665012199,1.189484606786217
1292,0.95963001857585128,-1.194869109748494,-0.014280746923123269,1.194869109748494,1.1949544464806352
1293,0.95888784532095894,-1.2003928350728006,-0.014484232331158003,1.2003928350728006,1.2004802170299764
1294,0.95814681916537858,-1.2059732457449326,-0.014690897304800974,1.2059732457449326,1.20606272304395
1295,0.95740693745173744,-1.2116111608427675,-0.014900807157502919,1.2116111608427675,1.211702784981822
1296,0.95666819753086418,-1.21730741563798,-0.01511402884527098,1.21730741563798,1.2174012395406675
1297,0.95593059676175784,-1.22306286199405,-0.015330631016172276,1.22306286199405,1.2231589400549834
1298,0.95519413251155616,-1.2288783687761864,-0.015550684061576212,1.2288783687761864,1.2289767569082841
1299,0.95445880215550416,-1.2347548222734734,-0.015774260169206356,1.2347548222734734,1.2348555779569863
1300,0.95372460307692297,-1.2406931266336336,-0.016001433378074283,1.2406931266336336,1.2407963089669853
1301,0.95299153266717906,-1.2466942043109297,-0.016232279635371979,1.2466942043109297,1.2467998740634454
1302,0.95225958832565283,-1.2527589965276413,-0.016466876855403427,1.2527589965276413,1.2528672161942438
1303,0.95152876745970827,-1.2588884637495856,-0.016705304980637908,1.2588884637495856,1.2589992976075435
1304,0.95079906748466247,-1.2650835861761522,-0.016947646044974028,1.2650835861761522,1.2651971003439659
1305,0.95007048582375475,-1.2713453642454713,-0.017193984239304516,1.2713453642454713,1.2714616267439893
1306,0.94934301990811631,-1.2776748191551643,-0.017444405979479376,1.2776748191551643,1.2777938999710237
1307,0.94861666717674054,-1.2840729933992305,-0.017698999976766258,1.2840729933992305,1.2841949645507249
1308,0.94789142507645252,-1.2905409513218005,-0.017957857310914378,1.2905409513218005,1.290665886927278
1309,0.94716729106187925,-1.297079779688163,-0.018221071505931601,1.297079779688163,1.297207756037065
1310,0.94644426259541981,-1.3036905882738972,-0.018488738608690332,1.3036905882738972,1.3038216839005556
1311,0.94572233714721576,-1.3103745104726587,-0.018760957270482978,1.3103745104726587,1.3105088062329702
1312,0.94500151219512185,-1.317132703923277,-0.019037828831654363,1.317132703923277,1.3172702830743837
1313,0.94428178522467621,-1.3239663511570869,-0.01931945740944329,1.3239663511570869,1.3241072994401948
1314,0.94356315372907151,-1.3308766602660405,-0.019605949989173289,1.3308766602660405,1.3310210659925212
1315,0.94284561520912535,-1.3378648655924317,-0.01989741651893915,1.3378648655924317,1.3380128197333474
1316,0.94212916717325224,-1.3449322284411607,-0.020193970007941348,1.3449322284411607,1.3450838247203736
1317,0.9414138071374335,-1.3520800378152735,-0.020495726628631639,1.3520800378152735,1.3522353728062977
1318,0.94069953262518957,-1.3593096111757479,-0.020802805822837181,1.3593096111757479,1.3594687844025202
1319,0.93998634116755109,-1.3666222952263949,-0.021115330412041694,1.3666222952263949,1.3667854092681373
1320,0.93927423030303026,-1.3740194667249281,-0.021433426712010456,1.3740194667249281,1.3741866273252972
1321,0.93856319757759266,-1.3815025333211679,-0.021757224651954593,1.3815025333211679,1.3816738495018861
1322,0.93785324054462926,-1.389072934423405,-0.022086857898441004,1.389072934423405,1.3892485186025842
1323,0.93714435676492813,-1.3967321420941867,-0.022422463984264999,1.3967321420941867,1.3969121102095652
1324,0.93643654380664643,-1.4044816619764964,-0.022764184442512998,1.4044816619764964,1.4046661336138184
1325,0.93572979924528299,-1.4123230342516733,-0.023112164946054864,1.4123230342516733,1.4125121327784578
1326,0.93502412066365004,-1.4202578346303465,-0.023466555452718307,1.4202578346303465,1.4204516873352984
1327,0.93431950565184618,-1.4282876753775717,-0.023827510356410626,1.4282876753775717,1.4284864136159128
1328,0.93361595180722889,-1.4364142063737457,-0.024195188644467069,1.4364142063737457,1.436617965718743
1329,0.93291345673438664,-1.4446391162126888,-0.024569754061520267,1.4446391162126888,1.4448480366136853
1330,0.93221201804511267,-1.4529641333382934,-0.024951375280199618,1.4529641333382934,1.4531783592855598
1331,0.93151163335837706,-1.4613910272215662,-0.025340226078988885,1.4613910272215662,1.4616107079183016
1332,0.93081230030030027,-1.4699216095795644,-0.025736485527584528,1.4699216095795644,1.4701468991214071
1333,0.93011401650412595,-1.4785577356380197,-0.026140338180118579,1.4785577356380197,1.4787887932004353
1334,0.92941677961019487,-1.487301305439535,-0.026551974276627963,1.487301305439535,1.487538295473475
1335,0.92872058726591755,-1.4961542651991833,-0.026971589953174897,1.4961542651991833,1.4963973576354344
1336,0.92802543712574848,-1.5051186087096475,-0.027399387461043631,1.5051186087096475,1.5053679791723038
1337,0.92733132685115927,-1.5141963787979504,-0.027835575395463809,1.5141963787979504,1.5144522088274766
1338,0.92663825411061274,-1.523389668835919,-0.028280368934334936,1.523389668835919,1.523652146122294
1339,0.92594621657953691,-1.5327006243069179,-0.028733990087453976,1.5327006243069179,1.5329699429333774
1340,0.92525521194029847,-1.5421314444311185,-0.029196667956776244,1.5421314444311185,1.5424078051290411
1341,0.92456523788217737,-1.5516843838518857,-0.029668639008269999,1.5516843838518857,1.5519679942674105
1342,0.92387629210134126,-1.5613617543861551,-0.030150147355956336,1.5613617543861551,1.561652829359137
1343,0.92318837230081896,-1.5711659268413802,-0.030641445058763567,1.5711659268413802,1.5714646886973385
1344,0.92250147619047618,-1.5810993329022547,-0.031142792430856048,1.5810993329022547,1.5814060117580007
1345,0.92181560148698882,-1.5911644670902043,-0.031654458366142987,1.5911644670902043,1.5914793011738821
1346,0.9211307459138186,-1.6013638887990038,-0.032176720677707368,1.6013638887990038,1.6016871247853119
1347,0.92044690720118771,-1.6117002244100118,-0.032709866452944963,1.6117002244100118,1.6120321177714332
1348,0.9197640830860534,-1.6221761694905337,-0.03325419242524684,1.6221761694905337,1.6225169848654393
1349,0.91908227131208298,-1.6327944910793932,-0.033810005363110143,1.6327944910793932,1.6331445026579456
1350,0.91840146962962954,-1.6435580300635144,-0.034377622477614264,1.6435580300635144,1.6439175219923514
1351,0.91772167579570685,-1.6544697036499247,-0.034957371849260108,1.6544697036499247,1.6548389704566655
1352,0.91704288757396446,-1.6655325079376375,-0.035549592875225647,1.6655325079376375,1.6659118549763163
1353,0.91636510273466365,-1.6767495205941052,-0.036154636738161119,1.6767495205941052,1.677139264512709
1354,0.91568831905465287,-1.6881239036412947,-0.036772866897713877,1.6881239036412947,1.6885243728726573
1355,0.91501253431734308,-1.6996589063566003,-0.037404659606048982,1.6996589063566003,1.7000704416339807
1356,0.91433774631268427,-1.7113578682941974,-0.038050404448709899,1.7113578682941974,1.7117808231929608
1357,0.91366395283714064,-1.7232242224326533,-0.038710504912251004,1.7232242224326533,1.7236589639395559
1358,0.91299115169366707,-1.7352614984550447,-0.039385378980162242,1.7352614984550447,1.7357084075667371
1359,0.91231934069168497,-1.7474733261680302,-0.040075459758707216,1.7474733261680302,1.747932798520478
1360,0.91164851764705879,-1.7598634390669101,-0.040781196134397291,1.7598634390669101,1.7603358855975653
1361,0.91097868038207197,-1.772435678053963,-0.041503053464942027,1.772435678053963,1.7729215256986208
1362,0.91030982672540373,-1.7851939953176243,-0.042241514305629682,1.7851939953176243,1.7856936877440472
1363,0.90964195451210561,-1.7981424583809646,-0.042997079173228869,1.7981424583809646,1.798656456761482
1364,0.90897506158357766,-1.8112852543278546,-0.043770267349636321,1.8112852543278546,1.8118140381533034
1365,0.90830914578754574,-1.8246266942161973,-0.044561617727647093,1.8246266942161973,1.8251707621537314
1366,0.90764420497803799,-1.8381712176878189,-0.045371689701383819,1.8381712176878189,1.8387310884852843
1367,0.90698023701536201,-1.8519233977853293,-0.046201064104096301,1.8519233977853293,1.85249961122509
1368,0.90631723976608181,-1.8658879459868638,-0.047050344196226043,1.8658879459868638,1.8664810638921738
1369,0.90565521110299485,-1.8800697174702683,-0.047920156706833902,1.8800697174702683,1.8806803247674873
1370,0.90499414890510943,-1.8944737166191112,-0.048811152931700783,1.8944737166191112,1.8951024224593114
1371,0.9043340510576221,-1.9091051027833679,-0.049724009891650447,1.9091051027833679,1.9097525417271211
1372,0.90367491545189493,-1.9239691963087662,-0.050659431554887543,1.9239691963087662,1.9246360295781808
1373,0.9030167399854333,-1.9390714848494186,-0.051618150127420506,1.9390714848494186,1.9397584016517899
1374,0.90235952256186314,-1.9544176299794884,-0.052600927415929491,1.9544176299794884,1.9551253489072395
1375,0.90170326109090904,-1.9700134741203605,-0.053608556267753946,1.9700134741203605,1.9707427446323087
1376,0.90104795348837208,-1.9858650478011102,-0.054641862093021409,1.9858650478011102,1.9866166517904502
1377,0.90039359767610738,-2.0019785772711227,-0.055701704474303768,2.0019785772711227,2.0027533307259415
1378,0.8997401915820028,-2.0183604924848071,-0.056788978869589668,2.0183604924848071,2.0191592472473694
1379,0.89908773313995638,-2.0350174354798947,-0.057904618414798811,2.0350174354798947,2.0358410811114238
1380,0.89843622028985504,-2.0519562691720639,-0.059049595832525892,2.0519562691720639,2.0528057349302493
1381,0.89778565097755247,-2.0691840865901412,-0.060224925454222589,2.0691840865901412,2.0700603435271745
1382,0.89713602315484797,-2.0867082205779068,-0.061431665363568394,2.0867082205779068,2.0876122837674518
1383,0.89648733477946485,-2.104536253990144,-0.062670919669392006,2.104536253990144,2.1054691848923071
1384,0.89583958381502882,-2.1226760304124621,-0.063943840917150441,2.1226760304124621,2.1236389393865536
1385,0.89519276823104688,-2.1411356654366873,-0.065251632648689051,2.1411356654366873,2.1421297144123477
1386,0.8945468860028859,-2.1599235585254357,-0.06659555212077406,2.1599235585254357,2.160949963843553
1387,0.89390193511175187,-2.1790484055021588,-0.067976913193734861,2.1790484055021588,2.1801084409379383
1388,0.89325791354466855,-2.1985192117054657,-0.069397089402468859,2.1985192117054657,2.1996142116870305
1389,0.89261481929445641,-2.2183453058491427,-0.070857517223064936,2.2183453058491427,2.2194766688861463
1390,0.89197265035971218,-2.2385363546323811,-0.072359699549387146,2.2385363546323811,2.2397055469703395
1391,0.89133140474478789,-2.259102378147948,-0.07390520939516565,2.259102378147948,2.2603109376653157
1392,0.89069108045977008,-2.2800537661396767,-0.075495693838433464,2.2800537661396767,2.2813033065061448
1393,0.89005167552045938,-2.3014012951639993,-0.077132878226584406,2.3014012951639993,2.3026935102800916
1394,0.88941318794835,-2.3231561467148767,-0.07881857066188433,2.3231561467148767,2.3244928154546525
1395,0.88877561577060926,-2.345329926375693,-0.080554666788985096,2.345329926375693,2.3467129176562902
1396,0.8881389570200573,-2.3679346840663777,-0.082343154907864896,2.3679346840663777,2.3693659622702268
1397,0.88750320973514663,-2.3909829354595118,-0.084186121437684586,2.3909829354595118,2.3924645662373569
1398,0.88686837195994273,-2.4144876846447652,-0.086085756759308601,2.4144876846447652,2.4160218411301795
1399,0.88623444174410282,-2.4384624481272157,-0.088044361466744048,2.4384624481272157,2.4400514175960839
1400,0.88560141714285712,-2.462921280251928,-0.090064353060470226,2.462921280251928,2.4645674712634662
1401,0.88496929621698783,-2.4878788001543981,-0.092148273118682816,2.4878788001543981,2.4895847502136665
1402,0.8843380770328102,-2.5133502203445612,-0.094298794985774648,2.5133502203445612,2.5151186041301958
1403,0.88370775766215248,-2.539351377041009,-0.096518732021081466,2.539351377041009,2.5411850152460418
1404,0.88307833618233611,-2.5658987623812761,-0.098811046454964691,2.5658987623812761,2.5678006312195047
1405,0.88244981067615647,-2.5930095586447681,-0.1011788589038026,2.5930095586447681,2.5949828000802264
1406,0.88182217923186335,-2.6207016746362859,-0.10362545860043731,2.6207016746362859,2.6227496073989953
1407,0.88119543994314142,-2.648993784390683,-0.10615431440213585,2.648993784390683,2.6511199158481422
1408,0.88056959090909082,-2.6779053683728078,-0.10876908664424001,2.6779053683728078,2.680113407333601
1409,0.87994463023420855,-2.7074567573620385,-0.11147363991446668,2.7074567573620385,2.7097506278957004
1410,0.87932055602836878,-2.7376691792273391,-0.11427205683039129,2.7376691792273391,2.7400530355932058
1411,0.87869736640680363,-2.7685648088168824,-0.11716865291103112,2.7685648088168824,2.7710430516042597
1412,0.87807505949008491,-2.8001668212061555,-0.12016799264282529,2.8001668212061555,2.8027441147988501
1413,0.87745363340410465,-2.8324994485709531,-0.12327490685076975,2.8324994485709531,2.8351807400611726
1414,0.87683308628005652,-2.8655880409754744,-0.12649451149712476,2.8655880409754744,2.8683785806654867
1415,0.87621341625441684,-2.8994591313929661,-0.12983222804319083,2.8994591313929661,2.9023644950379182
1416,0.87559462146892653,-2.9341405053056446,-0.13329380552425829,2.9341405053056446,2.9371666182677489
1417,0.8749767000705716,-2.9696612752639089,-0.1368853445042596,2.9696612752639089,2.9728144387670947
1418,0.87435965021156548,-3.0060519608205549,-0.1406133230950366,3.0060519608205549,3.0093388805159402
1419,0.87374347004933051,-3.0433445742965528,-0.14448462524587097,3.0433445742965528,3.0467723913729934
1420,0.87312815774647878,-3.0815727128792183,-0.14850657153222291,3.0815727128792183,3.0851490379801816
1421,0.87251371147079515,-3.1207716576034112,-0.15268695269888677,3.1207716576034112,3.1245046078418919
1422,0.87190012939521799,-3.1609784798215088,-0.15703406624249699,3.1609784798215088,3.1648767192191469
1423,0.87128740969782148,-3.2022321558297824,-0.16155675635181266,3.2022321558297824,3.2063049395453911
1424,0.87067555056179768,-3.2445736903866909,-0.16626445756226393,3.2445736903866909,3.2488309131436779
1425,0.87006455017543849,-3.2880462499359773,-0.1711672425243243,3.2880462499359773,3.2924984991084547
1426,0.86945440673211771,-3.3326953064327149,-0.17627587433425312,3.3326953064327149,3.337353920307367
1427,0.86884511843027323,-3.3785687927663126,-0.18160186393148608,3.3785687927663126,3.383445924562384
1428,0.86823668347338934,-3.4257172708822852,-0.18715753313047767,3.4257172708822852,3.4308259591866008
1429,0.86762910006997895,-3.47419411382515,-0.19295608392734287,3.47419411382515,3.4795483601843928
1430,0.86702236643356634,-3.5240557030606459,-0.19901167480461968,3.5240557030606459,3.5296705575708907
1431,0.86641648078266942,-3.5753616425884154,-0.20533950485257602,3.5753616425884154,3.5812532984341714
1432,0.86581144134078203,-3.6281749915286836,-0.2119559066346608,3.6281749915286836,3.6343608895528638
1433,0.86520724633635726,-3.6825625170611618,-0.21887844885028157,3.6825625170611618,3.6890614615962884
1434,0.86460389400278936,-3.7385949698149883,-0.22612604999289904,3.7385949698149883,3.7454272571779206
1435,0.8640013825783972,-3.7963473840579773,-0.23371910436856802,3.7963473840579773,3.80353494530952
1436,0.86339971030640661,-3.8558994053170927,-0.24167962203364962,3.8558994053170927,3.8634659651187602
1437,0.86279887543493383,-3.9173356483840163,-0.25003138443482609,3.9173356483840163,3.9253069020527067
1438,0.862198876216968,-3.9807460890271056,-0.25880011779555134,3.9807460890271056,3.9891499002012432
1439,0.86159971091035437,-4.0462264931494278,-0.26801368659706681,4.0462264931494278,4.0550931148455351
1440,0.86100137777777774,-4.1138788876113193,-0.27770230985723976,4.1138788876113193,4.1232412098777571
1441,0.86040387508674521,-4.1838120774843919,-0.28789880332622564,4.1838120774843919,4.1937059053611447
1442,0.85980720110956999,-4.2561422151320372,-0.29863885120586775,4.2561422151320372,4.266606581216343
1443,0.85921135412335403,-4.3309934272357484,-0.30996131157402229,4.3309934272357484,4.3420709438506346
1444,0.85861633240997226,-4.4084985067176632,-0.321908560372411,4.4084985067176632,4.4202357635054828
1445,0.85802213425605534,-4.4887996774726915,-0.33452687961833605,4.4887996774726915,4.5012476912147505
1446,0.85742875795297369,-4.5720494409341512,-0.34786689645164692,4.5720494409341512,4.5852641655626769
1447,0.85683620179682096,-4.6584115147857474,-0.36198408076042088,4.6584115147857474,4.6724544209454208
1448,0.85624446408839772,-4.7480618756295367,-0.37693931048002627,4.7480618756295367,4.7630006108116172
1449,0.85565354313319519,-4.8411899191618009,-0.39279951527845847,4.8411899191618009,4.8570990614354193
1450,0.85506343724137923,-4.9379997534412325,-0.40963841128494938,4.9379997534412325,4.9549616742196632
1451,0.85447414472777394,-5.0387116432111938,-0.42753734186269754,5.0387116432111938,5.0568174974107052
1452,0.85388566391184562,-5.1435636260230559,-0.44658624226203836,5.1435636260230559,5.1629144915178653
1453,0.8532979931176875,-5.2528133241801971,-0.46688474943338154,5.2528133241801971,5.2735215167797014
1454,0.85271113067400273,-5.3667399803757956,-0.48854348247597834,5.3667399803757956,5.388930575840976
1455,0.85212507491408929,-5.4856467494435286,-0.51168552433365777,5.4856467494435286,5.5094593505618095
1456,0.85153982417582408,-5.6098632840200224,-0.53644814165879318,5.6098632840200224,5.6354540787841652
1457,0.85095537680164712,-5.7397486582943049,-0.56298478755191783,5.7397486582943049,5.7672928251828992
1458,0.85037173113854592,-5.8756946815956059,-0.59146744153529363,5.8756946815956059,5.9053892103507613
1459,0.84978888553803966,-6.0181296625932212,-0.62208935313625191,6.0181296625932212,6.0501966744123186
1460,0.84920683835616428,-6.1675226956438021,-0.65506827049283078,6.1675226956438021,6.2022133662336909
1461,0.84862558795345644,-6.3243885536865516,-0.69065025430379401,6.3243885536865516,6.3619877673390226
1462,0.84804513269493842,-6.489293287482905,-0.72911420134943894,6.489293287482905,6.5301251817694981
1463,0.8474654709501025,-6.6628606494511882,-0.77077723219470795,6.6628606494511882,6.7072952503728986
1464,0.84688660109289615,-6.8457794824725582,-0.81600113652949813,6.8457794824725582,6.8942406817183048
1465,0.84630852150170643,-7.0388122405786131,-0.86520011955547593,7.0388122405786131,7.0917874337150106
1466,0.84573123055934507,-7.2428048402127025,-0.9188501574733785,7.2428048402127025,7.3008566322930495
1467,0.84515472665303337,-7.4586980787373705,-0.97750035432793303,7.4586980787373705,7.5224785790636695
1468,0.84457900817438691,-7.6875409020493457,-1.0417868028952735,7.6875409020493457,7.7578092824822926
1469,0.84400407351940088,-7.9305058565385096,-1.1124495981518154,7.9305058565385096,8.0081500516049111
1470,0.84342992108843529,-8.1889071229410035,-1.1903538459454901,8.1889071229410035,8.2749708245232583
1471,0.8428565492861998,-8.4642216010256917,-1.2765157697534635,8.4642216010256917,8.5599380734733828
1472,0.84228395652173904,-8.7581135933355192,-1.372135370245958,8.7581135933355192,8.8649483466091574
1473,0.84171214120841809,-9.0724637195635012,-1.4786375719963165,9.0724637195635012,9.1921687871859259
1474,0.84114110176390766,-9.4094027717506137,-1.5977244511653703,9.4094027717506137,9.5440863335826869
1475,0.8405708366101694,-9.771351276189769,-1.7314420528752197,9.771351276189769,9.9235677729917366
1476,0.84000134417344163,-10.161065525397294,-1.8822665876796818,10.161065525397294,10.333933429169781
1477,0.83943262288422471,-10.581690716010662,-2.0532166055700873,10.581690716010662,10.779048048816509
1478,0.83886467117726649,-11.036821451556548,-2.2480003239719268,11.036821451556548,11.263433455661584
1479,0.83829748749154831,-11.530569011984639,-2.4712109906815014,11.530569011984639,11.792408808237843
1480,0.83773107027027016,-12.067633026661913,-2.7285885243167254,12.067633026661913,12.372265847499975
1481,0.83716541796083721,-12.653371716630073,-3.0273734750150521,12.653371716630073,13.010488305841506
1482,0.83660052901484472,-13.293858199023223,-3.376790712991915,13.293858199023223,13.716026441177686
1483,0.83603640188806472,-13.995897641364067,-3.7887167272519031,13.995897641364067,14.499638796428641
1484,0.83547303504043124,-14.766955921473297,-4.2786078843930202,14.766955921473297,15.374312102176322
1485,0.83491042693602691,-15.614904557433288,-4.8667990195965629,15.614904557433288,16.355762808102131
1486,0.83434857604306856,-16.547399272679243,-5.580321072087207,16.547399272679243,17.463001058152809
1487,0.83378748083389365,-17.570543555034575,-6.4554213467960757,17.570543555034575,18.718879923329748
1488,0.83322713978494622,-18.686177757088934,-7.5409557523409205,18.686177757088934,20.150415698647233
1489,0.83266755137676285,-19.886576167465485,-8.9026218140229645,19.886576167465485,21.788358975102366
1490,0.8321087140939597,-21.144436836518508,-10.62724033718672,21.144436836518508,23.664856777885838
1491,0.83155062642521793,-22.395027107082669,-12.82408946485538,22.395027107082669,25.806869429079971
1492,0.83099328686327067,-23.507842935977251,-15.615126010789798,23.507842935977251,28.221460625478258
1493,0.83043669390488939,-24.252831677318788,-19.097596650481783,24.252831677318788,30.869370615431254
1494,0.82988084605087009,-24.290888707586966,-23.261778362660934,24.290888707586966,33.632686583113404
1495,0.82932574180602003,-23.249317284679812,-27.887642167156564,23.249317284679812,36.307731130533071
1496,0.82877137967914427,-20.898677568879371,-32.531520088539764,20.898677568879371,38.665934922086748
1497,0.82821775818303267,-17.28714885763754,-36.689064421310675,17.28714885763754,40.557773160483109
1498,0.82766487583444592,-12.674668359289765,-39.995272539225141,12.674668359289765,41.955560340732873
1499,0.82711273115410266,-7.3615834575425705,-42.26505173793457,7.3615834575425705,42.901369551713039
1500,0.8265613226666666,-1.5975525145121305,-43.401736620381115,1.5975525145121305,43.431128418469108
1501,0.82601064890073284,4.3934439609258717,-43.306044657773398,4.3934439609258717,43.52833391871161
1502,0.8254607083888148,10.327770952639899,-41.857219087015011,10.327770952639899,43.112523036219606
1503,0.8249114996673319,15.782881234849111,-38.992283022127523,15.782881234849111,42.065395223996731
1504,0.82436302127659566,20.219933983867797,-34.869854419840763,20.219933983867797,40.308218486716328
1505,0.82381527176079727,23.191801041248567,-29.9837214288723,23.191801041248567,37.906242048784975
1506,0.82326824966799461,24.610425737061917,-25.023504020532378,24.610425737061917,35.09770374860782
1507,0.82272195355009947,24.773426244301405,-20.550266967115242,24.773426244301405,32.187514975554571
1508,0.82217638196286469,24.131566980947305,-16.816420874888301,24.131566980947305,29.412999438978087
1509,0.82163153346587137,23.071680022697663,-13.826075001875012,23.071680022697663,26.897263225600099
1510,0.82108740662251645,21.847818957553024,-11.469829818352792,21.847818957553024,24.675578803018748
1511,0.82054399999999994,20.60270963425134,-9.615567672197681,20.60270963425134,22.736111935242715
1512,0.82000131216931216,19.407803512537377,-8.1463267095564014,19.407803512537377,21.048170372744757
1513,0.81945934170522139,18.294255032705479,-6.9693584933950845,18.294255032705479,19.576816008001096
1514,0.81891808718626147,17.27192250295117,-6.0142189510741311,17.27192250295117,18.289071505667263
1515,0.81837754719471945,16.339898437956251,-5.2281152977535257,16.339898437956251,17.155916487594872
1516,0.81783772031662261,15.491993510943821,-4.5714761365085081,15.491993510943821,16.152407158370924
1517,0.81729860514172703,14.719428573356033,-4.0145980160962278,14.719428573356033,15.257082773485035
1518,0.8167602002635046,14.012171832194149,-3.535513294326277,14.012171832194149,14.451325673075566
1519,0.8162225042791309,13.360009362571585,-3.1188419961229306,13.360009362571585,13.71922102616546
1520,0.81568551578947368,12.754024036734013,-2.7548012236804391,12.754024036734013,13.048143887602565
1521,0.81514923339907952,12.18800540135695,-2.4373471660065213,12.18800540135695,12.429325680468196
1522,0.81461365571616284,11.658492708870181,-2.1617522665899473,11.658492708870181,11.85721827010391
1523,0.81407878135259348,11.163456704769253,-1.9231510759887316,11.163456704769253,11.327898113080563
1524,0.81354460892388447,10.701032385702607,-1.7165011821748442,10.701032385702607,10.837825908744968
1525,0.81301113704918027,10.269048772584135,-1.5370778775961491,10.269048772584135,10.383446975619762
1526,0.81247836435124499,9.8650857382216977,-1.3808125421535173,9.8650857382216977,9.9612529281729199
1527,0.81194628945645053,9.4866605184771728,-1.2443790629240117,9.4866605184771728,9.5679259531560561
1528,0.81141491099476437,9.1313759581246003,-1.1251457621419996,9.1313759581246003,9.2004336786198326
1529,0.81088422759973833,8.7970099612545276,-1.0210903352958516,8.7970099612545276,8.8560719131704193
1530,0.8103542379084967,8.4815705199723475,-0.93072291634854709,8.4815705199723475,8.5324840247304508
1531,0.80982494056172427,8.1833465262419658,-0.85302938731259426,8.1833465262419658,8.2276861573698419
1532,0.80929633420365532,7.9009836197528429,-0.78742671142086484,7.9009836197528429,7.9401248721579822
1533,0.8087684174820613,7.6336124173372539,-0.7336990117476816,7.6336124173372539,7.6687908289354878
1534,0.80824118904823983,7.3810394968728819,-0.69184396967534134,7.3810394968728819,7.4133927545202694
1535,0.80771464755700317,7.143936864726502,-0.66171199057112418,7.143936864726502,7.1745171743932659
1536,0.80718879166666657,6.9237859901395744,-0.64236057403901836,6.9237859901395744,6.9535199391626668
1537,0.80666362003903702,6.7221862751339891,-0.63138424341076727,6.7221862751339891,6.7517726842975954
1538,0.80613913133940174,6.5395642243553329,-0.62500239992415985,6.5395642243553329,6.5693628491946701
1539,0.80561532423651716,6.3743394486005922,-0.61933266501870943,6.3743394486005922,6.4043560453760593
1540,0.8050921974025973,6.2234912862006286,-0.61181864884135906,6.2234912862006286,6.2534922921904377
1541,0.80456974951330296,6.0838422868024615,-0.60156581625233563,6.0838422868024615,6.1135111353435141
1542,0.80404797924773019,5.9528755901872152,-0.58876910915811598,5.9528755901872152,5.9819208333231577
1543,0.80352688528839922,5.8288677703910956,-0.57405065324697691,5.8288677703910956,5.8570669824748745
1544,0.80300646632124351,5.7107047717908834,-0.55807328082730789,5.7107047717908834,5.7379085717122154
1545,0.80248672103559859,5.5976647335773198,-0.54139198496285079,5.5976647335773198,5.6237848243791531
1546,0.80196764812419141,5.4892595572403433,-0.52442586994845919,5.4892595572403433,5.5142536194688798
1547,0.80144924628312852,5.3851368989727995,-0.50747449887562857,5.3851368989727995,5.4089952660071212
1548,0.80093151421188624,5.2850236418538223,-0.49074437129371717,5.2850236418538223,5.3077589369629727
1549,0.80041445061329886,5.1886942202180428,-0.47437333924889757,5.1886942202180428,5.2103337489948069
1550,0.79989805419354831,5.0959530197452096,-0.45844992098292914,5.0959530197452096,5.1165333488114362
1551,0.79938232366215334,5.0066245690874585,-0.44302765433741553,5.0066245690874585,5.0261877281193836
1552,0.79886725773195866,4.9205480117532918,-0.42813547013353559,4.9205480117532918,4.9391388638866731
1553,0.79835285511912424,4.8375739277947787,-0.41378509854366141,4.8375739277947787,4.8552383684693163
1554,0.79783911454311451,4.7575624482913792,-0.39997633356816897,4.7575624482913792,4.774346187365019
1555,0.79732603472668806,4.6803820832752017,-0.38670077211551979,4.6803820832752017,4.6963298364359227
1556,0.79681361439588683,4.605908944790988,-0.37394447137461284,4.605908944790988,4.6210639116308778
1557,0.79630185228002559,4.5340261899729768,-0.36168983865303395,4.5340261899729768,4.5484297324181808
1558,0.79579074711168163,4.4646235879305785,-0.34991697488582685,4.4646235879305785,4.4783150482317966
1559,0.79528029762668373,4.3975971578953938,-0.33860462754981291,4.3975971578953938,4.4106137732664585
1560,0.79477050256410253,4.3328488502803371,-0.3277308629467528,4.3328488502803371,4.3452257338259725
1561,0.79426136066623954,4.2702862556878927,-0.31727353584348239,4.2702862556878927,4.2820564221018333
1562,0.79375287067861711,4.2098223342651,-0.307210612056382,4.2098223342651,4.2210167550292086
1563,0.79324503134996793,4.1513751617895398,-0.29752038379504286,4.1513751617895398,4.1620228390407323
1564,0.79273784143222503,4.0948676909854189,-0.28818160640449886,4.0948676909854189,4.1049957423785637
1565,0.79223129968051109,4.0402275276458077,-0.27917357716940883,4.0402275276458077,4.0498612768015301
1566,0.79172540485312892,3.9873867216535528,-0.27047617110557487,3.9873867216535528,3.9965497904010903
1567,0.79122015571155069,3.9362815732172205,-0.26206984449892634,3.9362815732172205,3.9449959730074666
1568,0.79071555102040814,3.8868524547208532,-0.25393561389692387,3.8868524547208532,3.8951386754228312
1569,0.79021158954748238,3.8390436486081443,-0.24605501598752433,3.8390436486081443,3.8469207435052715
1570,0.78970827006369426,3.79280320173494,-0.23841005208641364,3.79280320173494,3.8002888679713096
1571,0.78920559134309354,3.7480827966453267,-0.23098311962875906,3.7480827966453267,3.7551934506842768
1572,0.78870355216284982,3.7048376402783134,-0.2237569320064754,3.7048376402783134,3.7115884881602828
1573,0.78820215130324212,3.6630263706926902,-0.21671442721517098,3.6630263706926902,3.6694314730422835
1574,0.78770138754764929,3.6226109825166048,-0.20983866500585713,3.6226109825166048,3.628683314369189
1575,0.78720125968253962,3.5835567719865002,-0.20311271151709831,3.5835567719865002,3.5893082775975276
1576,0.78670176649746182,3.5458323026384093,-0.19651950964234455,3.5458323026384093,3.5512739455164639
1577,0.78620290678503479,3.5094093929570409,-0.1900417326152779,3.5094093929570409,3.5145512014353306
1578,0.78570467934093779,3.4742631275772045,-0.1836616174222363,3.4742631275772045,3.4791142363188778
1579,0.78520708296390118,3.4403718939669004,-0.17736077361573843,3.4403718939669004,3.4449405818990511
1580,0.78471011645569611,3.4077174469084266,-0.17111996183720662,3.4077174469084266,3.4120111722125492
1581,0.78421377862112585,3.3762850035254139,-0.16491883477018809,3.3762850035254139,3.3803104364972993
1582,0.78371806826801516,3.3460633720758697,-0.15873563122197853,3.3460633720758697,3.3498264269312794
1583,0.78322298420720149,3.3170451182291441,-0.15254681141635218,3.3170451182291441,3.3205509853096804
1584,0.78272852525252523,3.2892267730282745,-0.14632661816377496,3.2892267730282745,3.2924799534073461
1585,0.78223469022082015,3.2626090871518452,-0.14004654407183836,3.2626090871518452,3.2656134324307682
1586,0.78174147793190407,3.2371973363110786,-0.13367467897207563,3.2371973363110786,3.2399560975448152
1587,0.78124888720856955,3.2130016824535348,-0.12717490372115275,3.2130016824535348,3.2155175738262929
1588,0.78075691687657423,3.1900375945459709,-0.12050588571659177,3.1900375945459709,3.1923128798895926
1589,0.7802655657646318,3.1683263304918965,-0.11361981677248267,3.1683263304918965,3.1703629444042614
1590,0.77977483270440251,3.1478954771992997,-0.10646081391280976,3.1478954771992997,3.1496951979946859
1591,0.77928471653048392,3.1287795372389331,-0.098962876028644564,3.1287795372389331,3.1303442372168808
1592,0.77879521608040192,3.1110205349978122,-0.091047251232110438,3.1110205349978122,3.1123525460871231
1593,0.77830633019460127,3.0946685876960984,-0.082619017019636809,3.0946685876960984,3.0957712398764632
1594,0.77781805771643653,3.0797823383857486,-0.073562602529031296,3.0797823383857486,3.0806607583964243
1595,0.77733039749216293,3.0664290639110252,-0.063735882290272716,3.0664290639110252,3.0670913691459485
1596,0.77684334837092728,3.0546841242398317,-0.052962336251547948,3.0546841242398317,3.0551432221655483
1597,0.77635690920475886,3.044629163991706,-0.041020596064501869,3.044629163991706,3.0449054887681357
1598,0.77587107884856066,3.0363480308453941,-0.027630488259351604,3.0363480308453941,3.0364737456958446
1599,0.77538585616010003,3.0299185978324568,-0.01243448126840957,3.0299185978324568,3.0299441126554485
1600,0.77490123999999994,3.0253973312564,0.0050266209075147672,3.0253973312564,3.0254015070550713
1601,0.77441722923173006,3.0227911668652521,0.025344452025049646,3.0227911668652521,3.0228974146879413
1602,0.77393382272159794,3.0220075788759484,0.049279166919605266,3.0220075788759484,3.0224093440624422
1603,0.77345101933873983,3.0227684327037441,0.077794269861884896,3.0227684327037441,3.0237693275403124
1604,0.77296881795511219,3.0244677599701593,0.11207038363744407,3.0244677599701593,3.0265434082443883
1605,0.77248721744548277,3.025955425345968,0.15345034722675285,3.025955425345968,3.0298437658144537
1606,0.77200621668742209,3.0252604293455478,0.20322264612530472,3.0252604293455478,3.0320785130438459
1607,0.77152581456129432,3.0193733028713794,0.26211646822318713,3.0193733028713794,3.0307293156938675
1608,0.77104600995024875,3.0044027611840729,0.32947974938457791,3.0044027611840729,3.0224150702153745
1609,0.7705668017402113,2.9765045804271493,0.40251552924232059,2.9765045804271493,3.0035975543646032
1610,0.77008818881987573,2.9334531976221845,0.47643445222799519,2.9334531976221845,2.9718912244410309
1611,0.76961017008069521,2.8757138545615408,0.54595063079674211,2.8757138545615408,2.9270791353471393
1612,0.7691327444168734,2.8059553520335143,0.60708913448154078,2.8059553520335143,2.8708783768754587
1613,0.76865591072535644,2.7275375997016216,0.65787694894347959,2.7275375997016216,2.8057554130282392
1614,0.76817966790582404,2.6433020874210289,0.69782078775196443,2.6433020874210289,2.733861696791398
1615,0.76770401486068107,2.5551951943287614,0.72701121378660538,2.5551951943287614,2.6566083238016609
1616,0.76722895049504947,2.4644646350331696,0.74543792151842503,2.4644646350331696,2.5747356431616204
1617,0.76675447371675942,2.3720892522722981,0.7526232044136385,2.3720892522722981,2.4886239387596518
1618,0.76628058343634109,2.2792968387552852,0.74752051709840617,2.2792968387552852,2.3987457144605608
1619,0.76580727856701658,2.1881373370447408,0.72869252939854701,2.1881373370447408,2.3062822481583862
1620,0.7653345580246913,2.1020128675278853,0.69490102914334761,2.1020128675278853,2.2138982667587248
1621,0.76486242072794564,2.0258087135333307,0.64622029855941165,2.0258087135333307,2.1263822840914055
1622,0.76439086559802705,1.9650221050033352,0.58535128730556152,1.9650221050033352,2.0503531409740168
1623,0.76391989155884155,1.9237172959464814,0.51803635663473901,1.9237172959464814,1.9922474498713854
1624,0.7634494975369458,1.902539923711756,0.45155282413999798,1.902539923711756,1.9553920615329148
1625,0.76297968246153836,1.8986124309765398,0.3920969901610421,1.8986124309765398,1.9386771811603896
1626,0.76251044526445255,1.9073138745678495,0.34317705421857303,1.9073138745678495,1.9379413579004809
1627,0.76204178488014751,1.9242049869942619,0.30580334956185429,1.9242049869942619,1.9483532843344498
1628,0.76157370024570015,1.9459510847615817,0.27955544927528098,1.9459510847615817,1.9659290102911349
1629,0.76110619030079796,1.9703662410089633,0.26354752639195783,1.9703662410089633,1.9879135852383301
1630,0.76063925398773002,1.9960877689298635,0.25699199410628915,1.9960877689298635,2.0125633570911816
1631,0.76017289025137946,2.0221933193312251,0.25944611291252723,2.0221933193312251,2.0387687721400036
1632,0.75970709803921566,2.047851739374436,0.27087407600926056,2.047851739374436,2.0656886288869321
1633,0.75924187630128592,2.0719996495707393,0.2915861744385389,2.0719996495707393,2.0924160783517625
1634,0.75877722399020797,2.0930317706649331,0.32203429171781128,2.0930317706649331,2.117660992240018
1635,0.75831314006116202,2.1085679235951718,0.36238833360586209,2.1085679235951718,2.1394821786469942
1636,0.75784962347188256,2.1155075119289823,0.41186451537696356,2.1155075119289823,2.155227229796119
1637,0.75738667318265118,2.1106763577920229,0.46804414845413023,2.1106763577920229,2.1619481983258413
1638,0.75692428815628809,2.0920656029876574,0.52681116016621377,2.0920656029876574,2.1573753696748699
1639,0.75646246735814515,2.0598997154428553,0.58339087518692245,2.0598997154428553,2.1409184363102018
1640,0.75600120975609753,2.0165522853240168,0.63393349743367622,2.0165522853240168,2.1138483386028448
1641,0.75554051432053615,1.9653858282857382,0.6764351694993167,1.9653858282857382,2.0785345781492275
1642,0.75508038002436051,1.9095399231843704,0.71057454525968899,1.9095399231843704,2.0374638408094476
1643,0.75462080584297009,1.8513429270565376,0.73701811359461233,1.8513429270565376,1.9926530890571068
1644,0.75416179075425782,1.7922757109310448,0.75679247976242869,1.7922757109310448,1.945504325725941
1645,0.75370333373860177,1.7331677514127795,0.77091853851992065,1.7331677514127795,1.8968884647155511
1646,0.75324543377885778,1.6744153853613484,0.78025521993628155,1.6744153853613484,1.8472858714808078
1647,0.75278808986035206,1.6161493985310109,0.78545667154369703,1.6161493985310109,1.7969087515076139
1648,0.75233130097087375,1.5583470682561633,0.78697649496957822,1.5583470682561633,1.7457885292260291
1649,0.75187506610066701,1.5009036328645182,0.78508480619045629,1.5009036328645182,1.6938328926009836
1650,0.75141938424242416,1.4436792955869988,0.77988319022054453,1.4436792955869988,1.6408618768486114
1651,0.75096425439127801,1.3865348101383148,0.77131205677448533,1.3865348101383148,1.5866319890418759
1652,0.75050967554479409,1.3293663744132811,0.75914935771441372,1.3293663744132811,1.530856853118187
1653,0.75005564670296421,1.2721501176290246,0.74300261619376329,1.2721501176290246,1.4732341325988609
1654,0.74960216686819825,1.2150077351053001,0.72230049108672645,1.2150077351053001,1.4134927646754465
1655,0.74914923504531716,1.1583063053081655,0.69629879358037972,1.1583063053081655,1.3514827068291124
1656,0.74869685024154586,1.1028019524208372,0.66413269160250055,1.1028019524208372,1.2873400398955952
1657,0.74824501146650568,1.0498157082896404,0.6249723387691537,1.0498157082896404,1.2217624341901601
1658,0.74779371773220737,1.00136771643542,0.57835600248688457,1.00136771643542,1.1563878973474675
1659,0.7473429680530439,0.96008537704179187,0.52471978410209519,0.96008537704179187,1.0941182673905179
1660,0.74689276144578309,0.92864195107784875,0.46592304936959705,0.92864195107784875,1.0389707220299991
1661,0.74644309692956046,0.90873583226082255,0.405270015856385,0.90873583226082255,0.99500984848744312
1662,0.74599397352587238,0.90021585805063298,0.34665307992315109,0.90021585805063298,0.96465379743514412
1663,0.74554539025856881,0.90112694872985655,0.29325344300608636,0.90112694872985655,0.94764305493266066
1664,0.74509734615384615,0.90863389534197081,0.24675297704739113,0.90863389534197081,0.94154266363562822
1665,0.74464984024024017,0.920022676329316,0.20742012406151711,0.920022676329316,0.94311443251911509
1666,0.74420287154861942,0.93321844055117298,0.17465512561554986,0.93321844055117298,0.94942143997728778
1667,0.74375643911217748,0.94684724556902911,0.14750944605971528,0.94684724556902911,0.95826861741293679
1668,0.74331054196642676,0.96008971069762383,0.12500145000510121,0.96008971069762383,0.9681929637684964
1669,0.74286517914919104,0.97250308629483539,0.10625700511049475,0.97250308629483539,0.97829075636440099
1670,0.74242034970059878,0.98387942391805616,0.090549539439915117,0.98387942391805616,0.98803741827023284
1671,0.74197605266307598,0.99414914974818291,0.077294694737521971,0.99414914974818291,0.99714943803805156
1672,0.74153228708133967,1.0033204043358892,0.066029257156619364,1.0033204043358892,1.005490773979248
1673,0.74108905200239084,1.0114424777624667,0.05638766787431565,1.0114424777624667,1.0130130576209677
1674,0.74064634647550776,1.0185843661121958,0.04808108713774302,1.0185843661121958,1.0197185404946458
1675,0.74020416955223878,1.0248224870484415,0.040880294326637916,1.0248224870484415,1.0256375229214196
1676,0.73976252028639611,1.0302338389603789,0.034602271099619358,1.0302338389603789,1.0308147651757282
1677,0.73932139773404881,1.0348923572670441,0.029099869000232495,1.0348923572670441,1.0353014022522957
1678,0.73888080095351605,1.0388671288967855,0.02425391158947858,1.0388671288967855,1.03915021230313
1679,0.73844072900536029,1.0422216720405815,0.019967164744720156,1.0422216720405815,1.0424129226650098
1680,0.73800118095238088,1.0450138132690432,0.016159722075528307,1.0450138132690432,1.0451387498991056
1681,0.73756215585960727,1.0472958868231137,0.012765457275982814,1.0472958868231137,1.0473736828162512
1682,0.73712365279429248,1.0491150951865835,0.0097292809800087754,1.0491150951865835,1.0491602079076114
1683,0.73668567082590608,1.050513937896703,0.0070050060187237667,1.050513937896703,1.0505372929242256
1684,0.7362482090261282,1.0515306558649424,0.0045536749145965449,1.0515306558649424,1.0515405157096818
1685,0.73581126646884265,1.052199662392507,0.0023422405458709133,1.052199662392507,1.0522022693520863
1686,0.73537484223013039,1.0525519461866741,0.000342518324311189,1.0525519461866741,1.0525520019173198
1687,0.73493893538826316,1.0526154399275001,-0.0014696515369360952,1.0526154399275001,1.052616465883659
1688,0.73450354502369664,1.0524153526638318,-0.003115078123969911,1.0524153526638318,1.0524199628638065
1689,0.73406867021906452,1.0519744669269686,-0.0046117656420217451,1.0519744669269686,1.051984575670488
1690,0.73363431005917157,1.0513134028079048,-0.0059753580208563029,1.0513134028079048,1.0513303837647865
1691,0.73320046363098756,1.0504508518545967,-0.0072195031598800002,1.0504508518545967,1.0504756605404639
1692,0.73276713002364058,1.0494037838282964,-0.0083561529821134656,1.0494037838282964,1.0494370523312992
1693,0.73233430832841107,1.0481876293001875,-0.0093958119110790356,1.0481876293001875,1.0482297398468599
1694,0.73190199763872488,1.046816440885491,-0.010347743671550932,1.046816440885491,1.0468675831771936
1695,0.73147019705014749,1.0453030356690203,-0.011220144230922297,1.0453030356690203,1.0453632517050864
1696,0.73103890566037733,1.0436591211148643,-0.012020287088196718,1.0436591211148643,1.0437283403203794
1697,0.73060812256923979,1.0418954064949539,-0.012754645866434738,1.0418954064949539,1.041973473302686
1698,0.7301778468786807,1.0400217016274991,-0.013428998186834684,1.0400217016274991,1.0401083971627481
1699,0.7297480776927604,1.0380470044971069,-0.014048514034211756,1.0380470044971069,1.0381420636367578
1700,0.72931881411764699,1.0359795791254531,-0.014617831216272442,1.0359795791254531,1.036082703916255
1701,0.72889005526161077,1.0338270248898258,-0.015141120037326414,1.0338270248898258,1.0339378950926081
1702,0.72846180023501761,1.0315963383298192,-0.015622138921477138,1.0315963383298192,1.0317146196889782
1703,0.72803404815032291,1.0292939683472522,-0.016064282412171046,1.0292939683472522,1.0294193190558705
1704,0.72760679812206563,1.026925865589686,-0.016470622725605344,1.026925865589686,1.0270579413207879
1705,0.72718004926686208,1.0244975267026311,-0.016843945834395704,1.0244975267026311,1.0246359844994124
1706,0.72675380070339968,1.0220140340504518,-0.017186782893687788,1.0220140340504518,1.0221585353076656
1707,0.72632805155243108,1.019480091428357,-0.017501437688548394,1.019480091428357,1.0196303041494683
1708,0.72590280093676807,1.0169000562214552,-0.01779001067126372,1.0169000562214552,1.0170556566987288
1709,0.72547804798127558,1.014277968410795,-0.01805442006744494,1.014277968410795,1.0144386424459104
1710,0.72505379181286544,1.0116175767759321,-0.018296420454654849,1.0116175767759321,1.011783020535264
1711,0.72463003156049088,1.0089223626013619,-0.018517619155965392,1.0089223626013619,1.009092283181434
1712,0.72420676635514014,1.0061955611559887,-0.018719490738904457,1.0061955611559887,1.0063696769197386
1713,0.72378399532983062,1.003440181184057,-0.018903389867580944,1.003440181184057,1.0036182219166703
1714,0.72336171761960322,1.0006590226154688,-0.019070562719573678,1.0006590226154688,1.0008407295390145
1715,0.72293993236151599,0.99785469268148885,-0.019222157148999025,0.99785469268148885,0.99803981835993372
1716,0.72251863869463862,0.9950296205986815,-0.019359231751634315,0.9950296205986815,0.99521792875870629
1717,0.72209783576004649,0.99218607096592892,-0.019482763966355648,0.99218607096592892,0.99237733625399582
1718,0.72167752270081487,0.98932615600252838,-0.019593657328906805,0.98932615600252838,0.98952016369463724
1719,0.72125769866201273,0.98645184674232489,-0.019692747978451761,0.98645184674232489,0.98664839241965319
1720,0.72083836279069757,0.98356498328452702,-0.01978081050407382,0.98356498328452702,0.98376387248551156
1721,0.72041951423590933,0.9806672841922035,-0.019858563207064736,0.9806672841922035,0.98086833204949619
1722,0.72000115214866434,0.97776035511873216,-0.019926672845148624,0.97776035511873216,0.97796338598773058
1723,0.71958327568195002,0.97484569673510446,-0.019985758916388138,0.97484569673510446,0.97505054381935274
1724,0.71916588399071923,0.97192471202182062,-0.020036397533389788,0.97192471202182062,0.97213121699944149
1725,0.71874897623188405,0.96899871298399942,-0.020079124932220915,0.96899871298399942,0.96920672563839094
1726,0.71833255156431053,0.96606892684128454,-0.020114440654982926,0.96606892684128454,0.96627830469856557
1727,0.71791660914881295,0.96313650173934251,-0.020142810440514997,0.96313650173934251,0.96334710971442739
1728,0.71750114814814814,0.96020251202532059,-0.02016466885347093,0.96020251202532059,0.96041422207800831
1729,0.71708616772700973,0.95726796312457019,-0.020180421678658564,0.95726796312457019,0.95748065392664294
1730,0.71667166705202312,0.95433379605341395,-0.020190448104313363,0.95433379605341395,0.95454735266741586
1731,0.71625764529173885,0.95140089159877128,-0.020195102715444321,0.95140089159877128,0.95161520516888776
1732,0.71584410161662815,0.94847007419196494,-0.020194717315903166,0.94847007419196494,0.94868504164721645
1733,0.71543103519907669,0.94554211550311207,-0.020189602595886827,0.94554211550311207,0.94575763927291667
1734,0.71501844521337943,0.94261773777804692,-0.020180049659696393,0.94261773777804692,0.94283372552007849
1735,0.71460633083573477,0.93969761693943665,-0.020166331426990952,0.93969761693943665,0.93991398127960613
1736,0.71419469124423962,0.9367823854703059,-0.020148703919452539,0.9367823854703059,0.93699904375461907
1737,0.71378352561888303,0.93387263509780283,-0.020127407443384294,0.93387263509780283,0.93408950915579081
1738,0.71337283314154198,0.93096891929250702,-0.020102667677831712,0.93096891929250702,0.93118593521188009
1739,0.71296261299597463,0.92807175559801891,-0.0200746966767354,0.92807175559801891,0.92828884351017149
1740,0.71255286436781606,0.92518162780324964,-0.020043693792794158,0.92518162780324964,0.92539872167921755
1741,0.71214358644457199,0.9222989879700223,-0.02000984652995895,0.9222989879700223,0.92251602542648548
1742,0.71173477841561417,0.91942425832656083,-0.019973331330798615,0.91942425832656083,0.91964118044147869
1743,0.71132643947217433,0.91655783303694349,-0.019934314304344829,0.91655783303694349,0.91677458417440971
1744,0.71091856880733939,0.9137000798553534,-0.019892951899504421,0.9137000798553534,0.91391660749925929
1745,0.71051116561604577,0.91085134167442661,-0.019849391528648397,0.91085134167442661,0.91106759627052958
1746,0.71010422909507442,0.90801193797408342,-0.019803772145516881,0.90801193797408342,0.9082278727800871
1747,0.70969775844304517,0.90518216617935465,-0.019756224781233199,0.90518216617935465,0.90539773712261695
1748,0.70929175286041179,0.90236230293241215,-0.01970687304186567,0.90236230293241215,0.9025774684749085
1749,0.70888621154945675,0.8995526052858196,-0.019655833570613943,0.8995526052858196,0.89976732629600487
1750,0.70848113371428567,0.89675331182182383,-0.019603216477481519,0.89675331182182383,0.89696755145304563
1751,0.70807651856082232,0.89396464370331152,-0.01954912573901095,0.89396464370331152,0.89417836727844657
1752,0.70767236529680355,0.89118680566065267,-0.019493659570430234,0.89118680566065267,0.89139998056264602
1753,0.70726867313177411,0.88841998691910939,-0.019436910772337848,0.88841998691910939,0.88863258248711663
1754,0.70686544127708095,0.88566436207074162,-0.019378967053920511,0.88566436207074162,0.88587634950158278
1755,0.70646266894586884,0.88292009189431342,-0.019319911334457533,0.88292009189431342,0.88313144414896361
1756,0.7060603553530751,0.88018732412691092,-0.01925982202477737,0.88018732412691092,0.88039801584176558
1757,0.70565849971542394,0.87746619419044691,-0.019198773290156672,0.87746619419044691,0.87767620159311255
1758,0.70525710125142205,0.87475682587550985,-0.019136835296029726,0.87475682587550985,0.8749661267048825
1759,0.70485615918135303,0.87205933198600594,-0.019074074437784298,0.87205933198600594,0.8722679054164133
1760,0.70445567272727272,0.86937381494661548,-0.01901055355578888,0.86937381494661548,0.86958164151580941
1761,0.70405564111300389,0.8667003673756164,-0.018946332136732261,0.8667003673756164,0.86690742891641204
1762,0.70365606356413157,0.86403907262523383,-0.018881466502225684,0.86403907262523383,0.86424535220060572
1763,0.70325693930799771,0.86139000529128529,-0.018816009985609491,0.86139000529128529,0.86159548713273737
1764,0.70285826757369607,0.85875323169477769,-0.018750013097755217,0.85875323169477769,0.85895790114381665
1765,0.70246004759206793,0.85612881033610333,-0.018683523682644296,0.85612881033610333,0.85633265378864987
1766,0.70206227859569648,0.85351679232453503,-0.018616587063444566,0.85351679232453503,0.85371979717812241
1767,0.70166495981890209,0.85091722178376461,-0.018549246179699753,0.85091722178376461,0.85111937638737589
1768,0.70126809049773753,0.84833013623537123,-0.018481541716267993,0.84833013623537123,0.84853142984177887
1769,0.70087166986998295,0.84575556696146337,-0.018413512224554944,0.84575556696146337,0.84595598968193975
1770,0.70047569717514124,0.84319353934732089,-0.018345194236531533,0.84319353934732089,0.84339308210859665
1771,0.70008017165443248,0.84064407320620349,-0.018276622372070575,0.84064407320620349,0.84084272770955681
1772,0.69968509255079003,0.83810718308595922,-0.01820782943997077,0.83810718308595922,0.83830494176832604
1773,0.69929045910885501,0.83558287855987556,-0.018138846533141316,0.83558287855987556,0.83577973455687515
1774,0.69889627057497172,0.8330711645018023,-0.018069703118281863,0.8330711645018023,0.83326711161257994
1775,0.698502526197183,0.83057204134668372,-0.018000427120443689,0.83057204134668372,0.830767074000478
1776,0.69810922522522523,0.82808550533753866,-0.017931045002768341,0.82808550533753866,0.82827961856188281
1777,0.6977163669105233,0.82561154875935761,-0.01786158184173111,0.82561154875935761,0.8258047381498328
1778,0.69732395050618667,0.82315016016079601,-0.01779206139816273,0.82315016016079601,0.82334242185225714
1779,0.6969319752670039,0.82070132456439637,-0.017722506184309088,0.82070132456439637,0.82089265520359456
1780,0.69654044044943819,0.81826502366587928,-0.017652937527183936,0.81826502366587928,0.81845542038541141
1781,0.69614934531162265,0.8158412360230527,-0.017583375628429758,0.8158412360230527,0.81603069641657044
1782,0.6957586891133557,0.81342993723526313,-0.017513839620910125,0.81342993723526313,0.81361845933387655
1783,0.69536847111609645,0.81103110011334367,-0.017444347622225478,0.81103110011334367,0.81121868236316241
1784,0.69497869058295958,0.80864469484109747,-0.017374916785341463,0.80864469484109747,0.80883133608184909
1785,0.69458934677871143,0.80627068912836242,-0.017305563346495509,0.80627068912836242,0.80645638857303625
1786,0.6942004389697648,0.80390904835662425,-0.017236302670551581,0.80390904835662425,0.80409380557208876
1787,0.69381196642417453,0.80155973571678896,-0.017167149293947269,0.80155973571678896,0.80174355060533486
1788,0.69342392841163303,0.79922271234052911,-0.017098116965373805,0.79922271234052911,0.79940558512229187
1789,0.69303632420346561,0.79689793742444825,-0.017029218684331451,0.79689793742444825,0.79707986862066627
1790,0.69264915307262565,0.79458536834859705,-0.016960466737662182,0.79458536834859705,0.7947663587656657
1791,0.69226241429369062,0.79228496078853383,-0.016891872734196442,0.79228496078853383,0.79246501150281512
1792,0.69187610714285708,0.78999666882217556,-0.0168234476376104,0.78999666882217556,0.79017578116552623
1793,0.69149023089793638,0.78772044503097316,-0.016755201797598457,0.78772044503097316,0.78789862057695748
1794,0.69110478483835003,0.78545624059633323,-0.016687144979453242,0.78545624059633323,0.78563348114708698
1795,0.69071976824512527,0.7832040053910827,-0.016619286392149268,0.7832040053910827,0.78338031296479449
1796,0.69033518040089081,0.78096368806642213,-0.016551634714996176,0.78096368806642213,0.78113906488540596
1797,0.68995102058987201,0.77873523613461626,-0.016484198122971208,0.77873523613461626,0.77890968461394416
1798,0.68956728809788648,0.77651859604745632,-0.016416984310763813,0.77651859604745632,0.77669211878412447
1799,0.68918398221234012,0.77431371327102827,-0.016350000515642289,0.77431371327102827,0.77448631303363247
1800,0.68880110222222213,0.77212053235662581,-0.01628325353917668,0.77212053235662581,0.77229221207552035
1801,0.68841864741810099,0.76993899700819202,-0.016216749767894161,0.76993899700819202,0.77010975976610974
1802,0.68803661709211983,0.76776905014653862,-0.01615049519292136,0.76776905014653862,0.76793889916965064
1803,0.68765501053799216,0.76561063397020734,-0.016084495428668584,0.76561063397020734,0.76577957261960028
1804,0.68727382705099771,0.76346369001345948,-0.016018755730601492,0.76346369001345948,0.76363172177701233
1805,0.68689306592797783,0.76132815920139674,-0.015953281012156921,0.76132815920139674,0.76149528768603703
1806,0.68651272646733108,0.75920398190228355,-0.015888075860841976,0.75920398190228355,0.75937021082660516
1807,0.68613280796900933,0.7570910979773231,-0.015823144553557426,0.7570910979773231,0.75725643116455044
1808,0.68575330973451321,0.7549894468279974,-0.015758491071191288,0.7549894468279974,0.7551538881992772
1809,0.68537423106688777,0.75289896744101625,-0.015694119112521582,0.75289896744101625,0.75306252100902382
1810,0.6849955712707182,0.75081959843108925,-0.015630032107450766,0.75081959843108925,0.75098226829393389
1811,0.68461732965212585,0.74875127808150266,-0.015566233229621189,0.74875127808150266,0.74891306841691763
1812,0.68423950551876378,0.74669394438271586,-0.015502725408436877,0.74669394438271586,0.74685485944252095
1813,0.68386209817981247,0.74464753506910952,-0.015439511340520809,0.74464753506910952,0.74480757917393325
1814,0.68348510694597564,0.74261198765371561,-0.015376593500635534,0.74261198765371561,0.74277116518796427
1815,0.68310853112947656,0.74058723946141058,-0.015313974152097926,0.74058723946141058,0.74074555486847438
1816,0.68273237004405285,0.73857322766029698,-0.015251655356710345,0.73857322766029698,0.73873068543798071
1817,0.68235662300495314,0.73656988929157974,-0.015189638984231153,0.73656988929157974,0.73672649398774936
1818,0.68198128932893287,0.73457716129789619,-0.015127926721413172,0.73457716129789619,0.73473291750633019
1819,0.68160636833424959,0.73259498055025163,-0.015066520080619997,0.73259498055025163,0.73274989290668846
1820,0.68123185934065933,0.73062328387354691,-0.015005420408057225,0.73062328387354691,0.73077735705191915
1821,0.68085776166941236,0.72866200807077375,-0.014944628891621591,0.72866200807077375,0.72881524677962151
1822,0.68048407464324911,0.72671108994608424,-0.014884146568390939,0.72671108994608424,0.7268634989251388
1823,0.68011079758639603,0.72477046632650555,-0.014823974331785734,0.72477046632650555,0.72492205034343504
1824,0.67973792982456138,0.72284007408270212,-0.014764112938393643,0.72284007408270212,0.72299083793001417
1825,0.67936547068493147,0.72091985014847615,-0.014704563014494694,0.72091985014847615,0.72106979864056753
1826,0.67899341949616643,0.71900973153942838,-0.014645325062287891,0.71900973153942838,0.71915886950977737
1827,0.6786217755883962,0.71710965537047078,-0.014586399465845605,0.71710965537047078,0.71725798766896454
1828,0.67825053829321658,0.7152195588725232,-0.014527786496792559,0.7152195588725232,0.71536709036291501
1829,0.67787970694368505,0.71333937940822301,-0.014469486319736269,0.71333937940822301,0.71348611496571246
1830,0.67750928087431694,0.711469054486916,-0.014411498997457542,0.711469054486916,0.71161499899584735
1831,0.67713925942108133,0.70960852177865852,-0.014353824495865572,0.70960852177865852,0.70975368013033302
1832,0.67676964192139732,0.70775771912758301,-0.014296462688737438,0.70775771912758301,0.70790209621817701
1833,0.67640042771412978,0.70591658456451811,-0.014239413362242444,0.70591658456451811,0.7060601852931061
1834,0.67603161613958551,0.70408505631877083,-0.014182676219276463,0.70408505631877083,0.70422788558544569
1835,0.67566320653950951,0.70226307282945299,-0.01412625088359229,0.70226307282945299,0.70240513553354078
1836,0.67529519825708051,0.70045057275592137,-0.014070136903761722,0.70045057275592137,0.70059187379428611
1837,0.67492759063690799,0.69864749498781875,-0.014014333756951346,0.69864749498781875,0.69878803925325272
1838,0.67456038302502719,0.69685377865439668,-0.013958840852541524,0.69685377865439668,0.69699357103409321
1839,0.67419357476889608,0.69506936313334333,-0.013903657535584334,0.69506936313334333,0.69520840850744769
1840,0.67382716521739128,0.69329418805905463,-0.013848783090108299,0.69329418805905463,0.69343249129929063
1841,0.67346115372080384,0.69152819333038207,-0.013794216742280957,0.69152819333038207,0.69166575929874929
1842,0.67309553963083602,0.68977131911794354,-0.01373995766343402,0.68977131911794354,0.68990815266548411
1843,0.67273032230059682,0.68802350587097116,-0.013686004972953615,0.68802350587097116,0.68815961183660146
1844,0.67236550108459869,0.68628469432359762,-0.013632357741049386,0.68628469432359762,0.68642007753300294
1845,0.67200107533875331,0.68455482550089486,-0.013579014991398554,0.68455482550089486,0.68468949076548358
1846,0.67163704442036831,0.68283384072442321,-0.013525975703679409,0.68283384072442321,0.68296779284033848
1847,0.67127340768814292,0.68112168161737818,-0.013473238815990794,0.68112168161737818,0.68125492536456411
1848,0.67091016450216445,0.67941829010940058,-0.013420803227169889,0.67941829010940058,0.67955083025072083
1849,0.67054731422390479,0.67772360844105339,-0.013368667799008631,0.67772360844105339,0.67785544972145984
1850,0.67018485621621615,0.67603757916793383,-0.013316831358370675,0.67603757916793383,0.67616872631368263
