wavelength_nm,photon_energy_eV,chi2_real_pm_per_V,chi2_imag_pm_per_V,chi2_abs_real_pm_per_V,chi2_abs_pm_per_V
400,3.0996049599999997,0.39990466743286124,0.0019130345304172432,0.39990466743286124,0.39990924312361409
401,3.0918752718204487,0.40358001607631755,0.0019406255271390482,0.40358001607631755,0.40358468182476565
402,3.084184039800995,0.40728862839271651,0.0019686175241937559,0.40728862839271651,0.40729338599218246
403,3.0765309776674936,0.41103085403720419,0.0019970168401391422,0.41103085403720419,0.41103570531866607
404,3.0689158019801979,0.41480704730296869,0.0020258299071745332,0.41480704730296869,0.4148119941359219
405,3.0613382320987652,0.41861756719726595,0.0020550632735060886,0.41861756719726595,0.41862261149060687
406,3.0537979901477832,0.4224627775189731,0.0020847236057690097,0.4224627775189731,0.42246792122190507
407,3.0462948009828006,0.42634304693764724,0.002114817691507725,0.42634304693764724,0.42634829204060992
408,3.0388283921568626,0.43025874907417538,0.0021453524417158667,0.43025874907417538,0.4302640976097975
409,3.0313984938875302,0.43421026258300599,0.0021763348934375508,0.43421026258300599,0.43421571662708325
410,3.0240048390243901,0.43819797123605286,0.0022077722124318674,0.43819797123605286,0.43820353290854991
411,3.0166471630170313,0.44222226400824038,0.0022396716959019371,0.44222226400824038,0.44222793547431993
412,3.009325203883495,0.44628353516479469,0.0022720407752907729,0.44628353516479469,0.44628931863587229
413,3.0020387021791763,0.45038218435029365,0.0023048870191453817,0.45038218435029365,0.45038808208512021
414,2.9947874009661835,0.45451861667950288,0.0023382181360513711,0.45451861667950288,0.45452463098527524
415,2.9875710457831324,0.4586932428300653,0.0023720419776397618,0.4586932428300653,0.45869937606356614
416,2.9803893846153846,0.46290647913709049,0.0024063665416681115,0.46290647913709049,0.46291273370585784
417,2.9732421678657071,0.4671587476896546,0.0024411999751780935,0.4671587476896546,0.46716512605318172
418,2.9661291483253587,0.47145047642928384,0.0024765505777317211,0.47145047642928384,0.47145698110025136
419,2.9590500811455844,0.47578209925049397,0.0025124268047281928,0.47578209925049397,0.47578873279603418
420,2.9520047238095235,0.48015405610336037,0.002548837270804032,0.48015405610336037,0.48016082114635511
421,2.9449928361045128,0.48456679309824824,0.0025857907533185622,0.48456679309824824,0.48457369231866115
422,2.9380141800947865,0.48902076261271166,0.002623296195927269,0.48902076261271166,0.4890277987489563
423,2.9310685200945623,0.49351642340061752,0.0026613627122458114,0.49351642340061752,0.49352359925096156
424,2.9241556226415093,0.49805424070356197,0.0026999995896067625,0.49805424070356197,0.49806155912756961
425,2.9172752564705879,0.50263468636462894,0.0027392162929122726,0.50263468636462894,0.50264215028464165
426,2.9104271924882625,0.50725823894454058,0.0027790224685852712,0.50725823894454058,0.50726585134719793
427,2.9036112037470723,0.51192538384027464,0.0028194279486219095,0.51192538384027464,0.51193314777807664
428,2.8968270654205606,0.51663661340620526,0.0028604427547484403,0.51663661340620526,0.51664453199911631
429,2.8900745547785545,0.52139242707781364,0.0029020771026854039,0.52139242707781364,0.52140050351491141
430,2.8833534511627903,0.52619333149805669,0.002944341406522495,0.52619333149805669,0.52620156903922466
431,2.8766635359628769,0.53103984064645093,0.0029872462832071416,0.53103984064645093,0.53104824262411843
432,2.8700045925925926,0.53593247597092919,0.0030308025571503389,0.53593247597092919,0.53594104579185853
433,2.8633764064665126,0.54087176652255398,0.0030750212649531044,0.54087176652255398,0.54088050766967755
434,2.8567787649769585,0.54585824909317204,0.0031199136602573672,0.54585824909317204,0.54586716512747946
435,2.8502114574712643,0.55089246835604344,0.0031654912187246663,0.55089246835604344,0.55090156291852188
436,2.8436742752293576,0.55597497700955589,0.0032117656431467903,0.55597497700955589,0.55598425382318395
437,2.8371670114416472,0.56110633592411263,0.0032587488686924163,0.56110633592411263,0.56111579879591011
438,2.8306894611872142,0.56628711429223388,0.0033064530682934065,0.56628711429223388,0.56629676711536892
439,2.8242414214123004,0.57151788978197793,0.0033548906581754821,0.57151788978197793,0.57152773653793332
440,2.8178226909090909,0.57679924869380961,0.0034040743035376369,0.57679924869380961,0.57680929345461085
441,2.8114330702947843,0.58213178612089189,0.0034540169243844491,0.58213178612089189,0.58214203305139689
442,2.8050723619909501,0.58751610611304916,0.0035047317015164557,0.58751610611304916,0.58752655947330523
443,2.7987403702031601,0.5929528218443465,0.0035562320826831584,0.5929528218443465,0.5929634859920121
444,2.7924369009009009,0.59844255578447103,0.0036085317889040036,0.59844255578447103,0.59845343517730876
445,2.7861617617977528,0.60398593987400839,0.0036616448209622022,0.60398593987400839,0.60399703907244795
446,2.7799147623318383,0.60958361570367314,0.0037155854660770177,0.60958361570367314,0.60959493937344922
447,2.7736957136465321,0.61523623469763966,0.0037703683047599947,0.61523623469763966,0.61524778761250554
448,2.7675044285714283,0.62094445830107659,0.0038260082178612487,0.62094445830107659,0.62095624534559646
449,2.7613407216035633,0.62670895817198402,0.0038825203938111629,0.62670895817198402,0.6267209843444066
450,2.7552044088888885,0.63253041637746521,0.0039399203360644137,0.63253041637746521,0.63254268679268122
451,2.7490953082039908,0.63840952559452013,0.0039982238707522034,0.63840952559452013,0.63842204548710635
452,2.7430132389380528,0.64434698931555912,0.0040574471545497121,0.64434698931555912,0.64435976404291195
453,2.7369580220750551,0.65034352205866397,0.004117606682765472,0.65034352205866397,0.65035655710422557
454,2.7309294801762114,0.65639984958280406,0.0041787192976600416,0.65639984958280406,0.65641315055938398
455,2.7249274373626373,0.6625167091081281,0.0042408021970008949,0.6625167091081281,0.662530281761323
456,2.7189517192982455,0.66869484954143177,0.0043038729428619363,0.66869484954143177,0.66870869975314839
457,2.7130021531728663,0.67493503170700886,0.0043679494706750453,0.67493503170700886,0.67494916549909112
458,2.7070785676855893,0.68123802858295446,0.0044330500985418648,0.68123802858295446,0.68125245212092012
459,2.701180793028322,0.68760462554321711,0.0044991935368150493,0.68760462554321711,0.68761934514010692
460,2.6953086608695651,0.69403562060533597,0.0045663988979569772,0.69403562060533597,0.69405064272567973
461,2.6894620043383948,0.70053182468426045,0.0046346857066858465,0.70053182468426045,0.70054715594816253
462,2.6836406580086578,0.70709406185224943,0.0047040739104182543,0.70709406185224943,0.70710970903959969
463,2.6778444578833693,0.71372316960514359,0.00477458389001836,0.71372316960514359,0.71373913965995683
464,2.67207324137931,0.72041999913510235,0.0048462364708639159,0.72041999913510235,0.72043629916999075
465,2.6663268473118276,0.72718541561004701,0.0049190529342399356,0.72718541561004701,0.72720205291083073
466,2.6606051158798283,0.7340202984599673,0.0049930550290705807,0.7340202984599673,0.73403728049042771
467,2.6549078886509636,0.74092554167034796,0.0050682649840016625,0.74092554167034796,0.74094287607712817
468,2.6492350085470084,0.74790205408284538,0.0051447055198446771,0.74790205408284538,0.74791974870050426
469,2.6435863198294243,0.7549507597034697,0.0052223998623955811,0.7549507597034697,0.75496882255969266
470,2.6379616680851061,0.76207259801850569,0.0053013717556408459,0.76207259801850569,0.76209103733948125
471,2.6323609002123138,0.76926852431836945,0.0053816454753640944,0.76926852431836945,0.76928734853433289
472,2.6267838644067796,0.77653951002965171,0.0054632458431675239,0.77653951002965171,0.77655872778060664
473,2.6212304101479913,0.78388654305555927,0.0055461982409221837,0.78388654305555927,0.78390616319717943
474,2.6157003881856538,0.79131062812508257,0.0056305286256623926,0.79131062812508257,0.7913306597348021
475,2.6101936505263157,0.79881278715109949,0.0057162635449400662,0.79881278715109949,0.79883323953439922
476,2.6047100504201679,0.80639405959759713,0.0058034301526544482,0.80639405959759713,0.80641494229449251
477,2.5992494423480084,0.81405550285650152,0.0058920562253752494,0.81405550285650152,0.8140768256482398
478,2.5938116820083681,0.82179819263421683,0.0059821701791755895,0.82179819263421683,0.82181996555019143
479,2.5883966263048013,0.82962322334822591,0.0060738010869939279,0.82962322334822591,0.82964545667311684
480,2.5830041333333331,0.83753170853411141,0.0061669786965433369,0.83753170853411141,0.83755441281525778
481,2.5776340623700622,0.8455247812632376,0.0062617334487884094,0.8455247812632376,0.8455479673182531
482,2.5722862738589209,0.85360359457152679,0.0063580964970098418,0.85360359457152679,0.85362727349616518
483,2.5669606293995857,0.86176932189949884,0.006456099726478497,0.86176932189949884,0.86179350507578101
484,2.561656991735537,0.87002315754418746,0.0065557757747613556,0.87002315754418746,0.8700478566487978
485,2.556375224742268,0.87836631712303181,0.0066571580526820374,0.87836631712303181,0.87839154413599452
486,2.5511151934156375,0.88680003805030561,0.0067602807659605194,0.88680003805030561,0.8868258052639526
487,2.5458767638603694,0.8953255800264186,0.0068651789375573612,0.8953255800264186,0.8953519000546587
488,2.5406598032786882,0.90394422554048992,0.0069718884307480994,0.90394422554048992,0.90397111132839136
489,2.5354641799591002,0.91265728038664906,0.0070804459729559045,0.91265728038664906,0.91268474522034748
490,2.5302897632653059,0.92146607419444959,0.0071908891803703912,0.92146607419444959,0.9214941317113936
491,2.5251364236252543,0.93037196097395203,0.0073032565833828673,0.93037196097395203,0.93040062517349997
492,2.5200040325203252,0.93937631967582802,0.0074175876528685403,0.93937631967582802,0.93940560493020875
493,2.5148924624746449,0.94848055476707005,0.007533922827348407,0.94848055476707005,0.94851047583272252
494,2.5098015870445343,0.95768609682278694,0.0076523035410642586,0.95768609682278694,0.95771666885209283
495,2.5047312808080808,0.9669944031345663,0.0077727722530022345,0.9669944031345663,0.96702564168799221
496,2.4996814193548387,0.97640695833607349,0.0078953724769017623,0.97640695833607349,0.97643887939473806
497,2.4946518792756538,0.98592527504632921,0.0080201488122873983,0.98592527504632921,0.98595789502501119
498,2.4896425381526104,0.99555089453132517,0.0081471469765653122,0.99555089453132517,0.99558423029193244
499,2.4846532745490979,1.0052853873845731,0.0082764138382240178,1.0052853873845731,1.005319456250088
500,2.4796839679999998,1.0151303542272418,0.0084079974511850376,1.0151303542272418,1.0151651739961653
501,2.4747344990019959,1.0250874264285543,0.008541947090347779,1.0250874264285543,1.0251230153898658
502,2.4698047490039841,1.0351582668470689,0.0086783132883769647,1.0351582668470689,1.0351946437957253
503,2.464894600397614,1.0453445705936835,0.0088171478737819643,1.0453445705936835,1.0453817548466782
504,2.4600039365079365,1.0556480658169449,0.0089585040103410118,1.0556480658169449,1.0556860772299501
505,2.4551326415841581,1.0660705145116101,0.0091024362379234711,1.0660705145116101,1.0661093734962257
506,2.4502806007905136,1.0766137133511697,0.0092490005147679681,1.0766137133511697,1.076653440892805
507,2.4454477001972386,1.087279494545105,0.0093982542612762177,1.087279494545105,1.0873201122215199
508,2.4406338267716534,1.0980697267219814,0.0095502564053838723,1.0980697267219814,1.0981112567225126
509,2.4358388683693515,1.1089863158389988,0.0097050674295749186,1.1089863158389988,1.109028780984501
510,2.4310627137254901,1.1200312061191826,0.0098627494196067526,1.1200312061191826,1.1200746298827169
511,2.4263052524461837,1.1312063810170168,0.010023366115018008,1.1312063810170168,1.1312507875453135
512,2.4215663749999998,1.1425138642137149,0.010186982961494909,1.1425138642137149,1.1425592783494485
513,2.4168459727095515,1.1539557206430384,0.010353667165172522,1.1539557206430384,1.1540021679479469
514,2.4121439377431906,1.1655340575488862,0.010523487748955365,1.1655340575488862,1.1655815643277707
515,2.407460163106796,1.177251025575738,0.010696515610942706,1.177251025575738,1.1772996189013831
516,2.4027945426356587,1.1891088198932218,0.010872823585047969,1.1891088198932218,1.1891585276322758
517,2.3981469709864602,1.2011096813560438,0.011052486503909255,1.2011096813560438,1.2011605321958994
518,2.3935173436293433,1.2132558977005115,0.011235581264187919,1.2132558977005115,1.2133079211772329
519,2.388905556840077,1.2255498047791944,0.011422186894361731,1.2255498047791944,1.2256030313065367
520,2.3843115076923076,1.2379937878349794,0.011612384625120559,1.2379937878349794,1.2380482487345483
521,2.379735094049904,1.2505902828160655,0.011806257962480055,1.2505902828160655,1.2506460103486692
522,2.3751762145593869,1.263341777733535,0.01200389276373473,1.263341777733535,1.263398805131781
523,2.3706347686424474,1.2762508140629865,0.012205377316375499,1.2762508140629865,1.2763091755651805
524,2.3661106564885492,1.2893199881920077,0.012410802420106969,1.2893199881920077,1.2893797190774134
525,2.361603779047619,1.3025519529152731,0.012620261472103021,1.3025519529152731,1.3026130895407955
526,2.3571140380228135,1.3159494189790224,0.012833850555648191,1.3159494189790224,1.3160119988173784
527,2.3526413358633773,1.329515156677016,0.01305166853232027,1.329515156677016,1.3295792183564648
528,2.3481855757575758,1.3432519974997335,0.013273817137875673,1.3432519974997335,1.3433175808454356
529,2.3437466616257088,1.3571628358392371,0.013500401082010238,1.3571628358392371,1.3572299819163205
530,2.3393244981132075,1.3712506307516361,0.013731528152174939,1.3712506307516361,1.3713193819100471
531,2.3349189905838039,1.3855184077796507,0.013967309321636229,1.3855184077796507,1.3855888077008796
532,2.3305300451127819,1.3999692608375294,0.014207858861981695,1.3999692608375294,1.4000413545832924
533,2.3261575684803,1.4146063541610454,0.014453294460280552,1.4146063541610454,1.4146801882240243
534,2.3218014681647938,1.4294329243250323,0.01470373734112259,1.4294329243250323,1.4295085466817645
535,2.3174616523364486,1.4444522823313202,0.014959312393766654,1.4444522823313202,1.4445297424973478
536,2.3131380298507462,1.4596678157700347,0.015220148304649288,1.4596678157700347,1.4597471648574212
537,2.3088305102420854,1.4750829910571359,0.015486377695509923,1.4750829910571359,1.4751642818344655
538,2.3045390037174718,1.4907013557515705,0.015758137267410093,1.4907013557515705,1.4907846427065541
539,2.3002634211502779,1.5065265409552961,0.016035567950934769,1.5065265409552961,1.5066118803601138
540,2.2960036740740741,1.5225622637996383,0.016318815062882568,1.5225622637996383,1.5226497137791528
541,2.2917596746765247,1.5388123300217851,0.016608028469769068,1.5388123300217851,1.5389019506247721
542,2.287531335793358,1.5552806366351248,0.016903362758482088,1.5552806366351248,1.5553724899086727
543,2.2833185709023938,1.5719711746976839,0.017204977414453246,1.5719711746976839,1.5720653247649246
544,2.2791212941176471,1.5888880321826688,0.017513037007725829,1.5888880321826688,1.588984545324009
545,2.274939420183486,1.6060353969558734,0.017827711387323177,1.6060353969558734,1.6061343416939069
546,2.2707728644688645,1.6234175598643255,0.018149175884344421,1.6234175598643255,1.6235190070526189
547,2.2666215429616088,1.6410389179414611,0.018477611524241801,1.6410389179414611,1.6411429408574143
548,2.2624853722627734,1.6589039777336936,0.018813205248756334,1.6589039777336936,1.6590106521756882
549,2.2583642695810564,1.6770173587540751,0.01915615014802128,1.6770173587540751,1.6771267631431406
550,2.2542581527272727,1.6953837970686543,0.019506645703370559,1.6953837970686543,1.6954960125548879
551,2.2501669401088926,1.7140081490216827,0.019864898041421997,1.7140081490216827,1.7141232595956835
552,2.2460905507246376,1.7328953951059618,0.020231120200041398,1.7328953951059618,1.7330134877155443
553,2.2420289041591319,1.7520506439850378,0.020605532406828976,1.7520506439850378,1.7521718086575171
554,2.2379819205776172,1.7714791366743494,0.020988362370808623,1.7714791366743494,1.7716034666446965
555,2.2339495207207207,1.7911862508887935,0.021379845588044843,1.7911862508887935,1.7913138427339919
556,2.2299316258992805,1.8111775055645087,0.021780225661956663,1.8111775055645087,1.8113084593444491
557,2.2259281579892281,1.8314585655631213,0.022189754639142391,1.8314585655631213,1.8315929849684049
558,2.2219390394265233,1.8520352465673886,0.022608693361589535,1.8520352465673886,1.8521732390744248
559,2.2179641932021466,1.8729135201771991,0.023037311836188533,1.8729135201771991,1.8730551972110125
560,2.2140035428571427,1.8940995192159029,0.023475889622539471,1.8940995192159029,1.8942449963210892
561,2.2100570124777184,1.9155995432570991,0.023924716240094811,1.9155995432570991,1.9157489402773986
562,2.2061245266903913,1.9374200643829438,0.024384091595757988,1.9374200643829438,1.9375735056499301
563,2.2022060106571932,1.9595677331852146,0.024854326433125178,1.9595677331852146,1.9597253477166345
564,2.1983013900709216,1.9820493850216598,0.025335742804638905,1.9820493850216598,1.9822113067299871
565,2.1944105911504423,2.0048720465401502,0.025828674568008726,2.0048720465401502,2.0050384144519602
566,2.1905335406360424,2.0280429424845288,0.026333467908340541,2.0280429424845288,2.0282139009713411
567,2.1866701657848324,2.0515695027964593,0.026850481887519047,2.0515695027964593,2.0517452018177362
568,2.182820394366197,2.0754593700286508,0.02738008902249113,2.0754593700286508,2.0756399653876882
569,2.1789841546572934,2.0997204070856874,0.027922675894212864,2.0997204070856874,2.0999060606991873
570,2.1751613754385963,2.1243607053095417,0.028478643789143533,2.1243607053095417,2.1245515854917061
571,2.1713519859894919,2.1493885929282373,0.029048409375304396,2.1493885929282373,2.1495848746902886
572,2.167555916083916,2.1748126438868711,0.029632405415062388,2.1748126438868711,2.175014509252958
573,2.1637730959860382,2.200641687081708,0.030231081516952196,2.200641687081708,2.2008493254222357
574,2.1600034564459927,2.2268848160191261,0.030844904929017258,2.2268848160191261,2.2270984244026164
575,2.1562469286956518,2.2535513989227729,0.031474361376329973,2.2535513989227729,2.2537711824874402
576,2.1525034444444442,2.2806510893136283,0.032119955945548048,2.2806510893136283,2.2808772616599482
577,2.1487729358752166,2.3081938370892203,0.032782214019571446,2.3081938370892203,2.3084266206948585
578,2.1450553356401381,2.3361899001303996,0.033461682265597203,2.3361899001303996,2.3364295267889701
579,2.1413505768566492,2.3646498564650207,0.034158929680112513,2.3646498564650207,2.3648965677502543
580,2.1376585931034482,2.393584617020875,0.034874548694640559,2.393584617020875,2.3938386647778969
581,2.133979318416523,2.4230054390016198,0.035609156346340862,2.4230054390016198,2.4232670858671623
582,2.1303126872852234,2.4529239399219236,0.036363395517885783,2.4529239399219236,2.4531934598754503
583,2.1266586346483702,2.4833521123408184,0.037137936251379969,2.4833521123408184,2.4836297912886729
584,2.1230170958904107,2.5143023393343746,0.037933477141460462,2.5143023393343746,2.5145884757292496
585,2.1193880068376068,2.5457874107521397,0.03875074681313273,2.5457874107521397,2.5460823162503328
586,2.1157713037542663,2.5778205403044918,0.03959050549033212,2.5778205403044918,2.5781245404636142
587,2.1121669233390117,2.6104153835318789,0.040453546661696746,2.6104153835318789,2.6107288185518995
588,2.1085748027210882,2.6435860567098786,0.041340698850557744,2.6435860567098786,2.6439092822206165
589,2.1049948794567062,2.6773471567485378,0.042252827496745901,2.6773471567485378,2.67768054464698
590,2.1014270915254234,2.7117137821483155,0.043190836958429651,2.7117137821483155,2.7120577214894031
591,2.0978713773265651,2.7467015550795306,0.044155672642909483,2.7467015550795306,2.7470564530243746
592,2.0943276756756757,2.7823266446575134,0.045148323276045274,2.7823266446575134,2.7826929274833354
593,2.0907959258010118,2.8186057914903673,0.046169823320822839,2.8186057914903673,2.8189839056668125
594,2.087276067340067,2.855556333583106,0.047221255556492106,2.855556333583106,2.8559467469199986
595,2.0837680403361345,2.8931962336871102,0.048303753830696725,2.8931962336871102,2.8935994365591475
596,2.0802717852348991,2.9315441081918205,0.049418505998136394,2.9315441081918205,2.9319606148461927
597,2.0767872428810721,2.9706192576622721,0.050566757060503495,2.9706192576622721,2.9710496076157269
598,2.0733143545150501,3.0104416991350744,0.051749812523783592,3.0104416991350744,3.0108864586675339
599,2.0698530617696158,3.0510322002933714,0.052969041990482676,3.0510322002933714,3.0514919640458502
600,2.0664033066666665,3.092412315652326,0.05422588300597242,3.092412315652326,3.0928877083376238
601,2.0629650316139765,3.1346044248961338,0.055521845179950832,3.1346044248961338,3.1350961031315463
602,2.0595381794019931,3.1776317735201216,0.056858514606002442,3.1776317735201216,3.178140427792302
603,2.0561226932006633,3.2215185159438491,0.058237558604456119,3.2215185159438491,3.2220448727169004
604,2.0527185165562911,3.2662897612750887,0.059660730816184337,3.2662897612750887,3.2668345852540495
605,2.0493255933884296,3.311971621920315,0.061129876677702477,3.311971621920315,3.312535718483367
606,2.0459438679867987,3.3585912652538052,0.062646939310957467,3.3585912652538052,3.3591754830678591
607,2.042573285008237,3.4061769685760428,0.064213965864548278,3.4061769685760428,3.4067822024118208
608,2.0392137894736839,3.454758177612911,0.065833114346872723,3.454758177612911,3.4553853713772491
609,2.0358653267651885,3.5043655688292503,0.067506660995878515,3.5043655688292503,3.5050157188341919
610,2.0325278426229505,3.5550311158553338,0.069237008234767583,3.5550311158553338,3.5557052743455722
611,2.0292012831423896,3.606788160352389,0.071026693268221919,3.606788160352389,3.6074874393149021
612,2.0258855947712417,3.659671487673231,0.072878397379591897,3.659671487673231,3.6603970629554681
613,2.0225807243066884,3.7137174077081987,0.074794955996041412,3.7137174077081987,3.7144705234740192
614,2.019286618892508,3.7689638413433579,0.076779369596042729,3.7689638413433579,3.7697458148990952
615,2.0160032260162599,3.8254504129994071,0.078834815541904191,3.8254504129994071,3.826262640026016
616,2.0127304935064934,3.8832185497659015,0.080964660929400883,3.8832185497659015,3.8840625099971557
617,2.0094683695299835,3.9423115876963184,0.083172476557125757,3.9423115876963184,3.9431888510875699
618,2.0062168025889968,4.0027748858862804,0.085462052130143407,4.0027748858862804,4.0036871193234145
619,2.0029757415185783,4.0646559490220238,0.087837412826066108,4.0646559490220238,4.0656049236260161
620,1.9997451354838709,4.1280045591555723,0.090302837367015165,4.1280045591555723,4.1289921582446398
621,1.9965249339774556,4.1928729175448289,0.092862877758403545,4.1928729175448289,4.1939011453235819
622,1.9933150868167202,4.2593157974848239,0.095522380875332796,4.2593157974848239,4.2603867885383213
623,1.9901155441412519,4.3273907091571306,0.09828651210007755,4.3273907091571306,4.3285067388373388
624,1.9869262564102563,4.3971580776383625,0.10116078124003175,4.3971580776383625,4.3983215734415548
625,1.9837471743999999,4.4686814353349238,0.1041510709851802,4.4686814353349238,4.4698949893811095
626,1.9805782492012778,4.5420276302562019,0.10726366819819519,4.5420276302562019,4.5432940129960881
627,1.9774194322169059,4.6172670517008427,0.1105052983694253,4.6172670517008427,4.6185892269923627
628,1.9742706751592356,4.6944738751155821,0.11388316361418377,4.6944738751155821,4.6958550168310653
629,1.9711319300476946,4.773726328095977,0.11740498464186372,4.773726328095977,4.7751698384429693
630,1.968003149206349,4.8551069797371174,0.12107904718677451,4.8551069797371174,4.8566165095012117
631,1.9648842852614896,4.9387030558147895,0.12491425346064577,4.9387030558147895,4.940282526762207
632,1.9617752911392403,5.0246067825891352,0.12892017926823929,5.0246067825891352,5.0262604123009078
633,1.958676120063191,5.1129157623790036,0.13310713752258274,5.1129157623790036,5.1146480918283244
634,1.9555867255520503,5.2037333844654796,0.13748624900751139,5.2037333844654796,5.2055493086961251
635,1.9525070614173228,5.2971692753535216,0.14206952136559808,5.2971692753535216,5.2990740776715324
636,1.9494370817610061,5.3933397929657438,0.14686993744290194,5.3933397929657438,5.3953391831202095
637,1.9463767409733124,5.4923685699699707,0.15190155430283436,5.4923685699699707,5.4944687268737455
638,1.9433259937304075,5.5943871121737345,0.15717961443548778,5.5943871121737345,5.5965947318034095
639,1.9402847949921751,5.6995354587661282,0.16272067094275772,5.6995354587661282,5.7018578079854354
640,1.9372531,5.8079629121777927,0.168542728782133,5.8079629121777927,5.8104078893532138
641,1.9342308642745709,5.9198288464887252,0.17466540451349377,5.9198288464887252,5.9224050499145937
642,1.931218043613707,6.0353036046711512,0.18111010742674333,6.0353036046711512,6.0380204099993495
643,1.928214594090202,6.1545694965555722,0.18790024544991374,6.1545694965555722,6.1574371446383802
644,1.9252204720496893,6.277821911297206,0.19506145986785706,6.277821911297206,6.2808516081092929
645,1.9222356341085269,6.4052705603594937,0.2026218936465759,6.4052705603594937,6.4084745909766196
646,1.9192600371517026,6.5371408696958735,0.2106124990902144,6.5371408696958735,6.5405327286866433
647,1.9162936383307572,6.6736755429915302,0.21906739169813566,6.6736755429915302,6.6772700840409858
648,1.9133363950617284,6.8151363216404874,0.22802425849153141,6.8151363216404874,6.8189499297915397
649,1.9103882650231123,6.9618059717226313,0.23752483081085263,6.9618059717226313,6.9658567623203842
650,1.9074492061538459,7.1139905337944391,0.24761543373545902,7.1139905337944391,7.1182985830843659
651,1.9045191766513057,7.272021878044157,0.25834762696051372,7.272021878044157,7.2766094914533515
652,1.9015981349693249,7.4362606155822739,0.26977895533415597,7.4362606155822739,7.4411526410631605
653,1.8986860398162326,7.6070994267165837,0.2819738315098449,7.6070994267165837,7.6123236222331032
654,1.895782850152905,7.7849668794830116,0.29500457856944984,7.7849668794830116,7.7905543458745212
655,1.8928885251908396,7.9703318270931511,0.30895266737706972,7.9703318270931511,7.9763175203005456
656,1.8900030243902437,8.1637084921452185,0.32391019231118923,8.1637084921452185,8.1701318323150094
657,1.887126307458143,8.3656623694939434,0.33998164054607771,8.3656623694939434,8.3725679690448267
658,1.8842583343465045,8.5768171100258996,0.35728602510901875,8.5768171100258996,8.5842556487194184
659,1.8813990652503791,8.7978625861370858,0.37595947177095057,8.7978625861370858,8.8058918690252508
660,1.8785484606060605,9.0295643890290265,0.39615837617577354,9.0295643890290265,9.0382506335371868
661,1.8757064810892585,9.2727750715084589,0.41806328294195194,9.2727750715084589,9.2821944838132371
662,1.8728730876132929,9.5284475325586904,0.44188368630668295,9.5284475325586904,9.5386882522151755
663,1.8700482413273001,9.7976510481412404,0.46786401733805993,9.7976510481412404,9.808815565595209
664,1.8672319036144578,10.081590595689583,0.49629117331266559,10.081590595689583,10.093798782807427
665,1.8644240360902253,10.381630310553277,0.52750407170062563,10.381630310553277,10.395023253973955
666,1.8616246006006005,10.69932216977945,0.56190589115937284,10.69932216977945,10.714067067330388
667,1.8588335592203897,11.03644134881042,0.59997992084564777,11.03644134881042,11.052737830562631
668,1.856050874251497,11.395030178989277,0.64231031752374279,11.395030178989277,11.41311856260478
669,1.8532765082212255,11.777453305943286,0.68960963145288945,11.777453305943286,11.797625516071742
670,1.8505104238805969,12.186467597398316,0.74275581079290354,12.186467597398316,12.209081812196432
671,1.8477525842026825,12.625311704807814,0.80284270252163581,12.625311704807814,12.650812307853968
672,1.8450029523809524,13.097822147299588,0.87125012800482038,13.097822147299588,13.126767377684425
673,1.8422614918276372,13.608585670134531,0.94974293286557199,13.608585670134531,13.641686683834919
674,1.8395281661721068,14.163141918403664,1.0406139071327005,14.163141918403664,14.201319174800664
675,1.8368029392592591,14.768256915805487,1.1468948330394539,14.768256915805487,14.812723587824394
676,1.8340857751479289,15.432297605090554,1.2726763822781546,15.432297605090554,15.484686452947386
677,1.8313766381093057,16.165752466836629,1.4236075968204531,16.165752466836629,16.228315113059626
678,1.8286754926253685,16.981965023237684,1.6077026253538986,16.981965023237684,17.057896815904297
679,1.8259823033873341,17.898176705216848,1.8366953148382459,17.898176705216848,17.992169937245361
680,1.8232970352941176,18.937005347835772,2.1284174259575286,18.937005347835772,19.056241294732818
681,1.8206196534508075,20.128467334533703,2.5111919175875448,20.128467334533703,20.2845084259971
682,1.8179501231671553,21.512361400917655,3.0324200735682663,21.512361400917655,21.725037734058638
683,1.815288409956076,23.139272843382507,3.7763485879852547,23.139272843382507,23.445399471505652
684,1.8126344795321636,25.061111382890452,4.9021594517272948,25.061111382890452,25.536062167761902
685,1.8099882978102189,27.26929602589199,6.7190554041447861,27.26929602589199,28.084875133631908
686,1.8073498309037899,29.432282600129255,9.7345734184389343,29.432282600129255,31.000341589938149
687,1.8047190451237263,30.460838125971172,14.096420563207662,30.460838125971172,33.564441482489215
688,1.8020959069767442,29.481004969185733,18.62773371640813,29.481004969185733,34.872942482712325
689,1.7994803831640056,27.078736059317876,21.960058471603325,27.078736059317876,34.86405189656589
690,1.7968724405797101,24.457006510972569,23.973323292214367,24.457006510972569,34.247122465263892
691,1.7942720463096959,22.096739952828642,25.185549479139304,22.096739952828642,33.504892465267034
692,1.7916791676300576,20.046635209031038,25.955244813833389,20.046635209031038,32.795461828582134
693,1.7890937720057718,18.260010122216542,26.46953551970897,18.260010122216542,32.156869877097577
694,1.7865158270893371,16.684486238229638,26.826927210753226,16.684486238229638,31.592025965498415
695,1.7839453007194244,15.27775147668325,27.082943369159025,15.27775147668325,31.094943507270955
696,1.7813821609195402,14.007534952370698,27.271897537707936,14.007534952370698,30.658888282994333
697,1.7788263758967,12.848151261521689,27.417798896061377,12.848151261521689,30.278881867463429
698,1.7762779140401146,11.774755474632784,27.538259953055586,11.774755474632784,29.949968743380349
699,1.7737367439198855,10.761877054086241,27.638305583017079,10.761877054086241,29.659634745348786
700,1.7712028342857142,9.7959138503651992,27.71125581353116,9.7959138503651992,29.391727185157755
701,1.7686761540656204,8.8772780120414829,27.753315977583227,8.8772780120414829,29.138507385496801
702,1.7661566723646722,8.0073831351379852,27.770502627816356,8.0073831351379852,28.901885766753136
703,1.7636443584637267,7.1826705733386778,27.769768689912674,7.1826705733386778,28.683633132090495
704,1.7611391818181816,6.3982256021196413,27.755730793875117,6.3982256021196413,28.483642371678634
705,1.7586411120567376,5.6494703982243895,27.731374888418244,5.6494703982243895,28.30098353383514
706,1.7561501189801698,4.9324565881027738,27.698772483275988,4.9324565881027738,28.134518390649689
707,1.753666172560113,4.2438169253002087,27.659470743531315,4.2438169253002087,27.983143209934966
708,1.7511892429378531,3.5806657971787725,27.614697902807514,3.5806657971787725,27.845874161433823
709,1.748719300423131,2.9405080589528509,27.565476514943427,2.9405080589528509,27.721870123436197
710,1.7462563154929576,2.3211637187482861,27.512689514554005,2.3211637187482861,27.61043073429828
711,1.743800258790436,1.7207060555269198,27.457121127850336,1.7207060555269198,27.510985623182833
712,1.7413511011235954,1.1374099527406156,27.399483891680752,1.1374099527406156,27.423081864208232
713,1.7389088134642354,0.5697079297697818,27.340437575399982,0.5697079297697818,27.346372591983485
714,1.7364733669467787,0.016151916078759765,27.280602824299137,0.016151916078759765,27.280607605798505
715,1.7340447328671327,-0.52462094319264208,27.220570629912203,0.52462094319264208,27.225625659515615
716,1.7316228826815641,-1.0539201282429471,27.16090761955811,1.0539201282429471,27.181347471287829
717,1.7292077880055787,-1.5730329786337707,27.102156166721819,1.5730329786337707,27.147767894197987
718,1.7267994206128132,-2.0832571674398541,27.044826968277967,2.0832571674398541,27.124944721967356
719,1.724397752433936,-2.5859362521033913,26.989379292089772,2.5859362521033913,27.11297956463337
720,1.7220027555555555,-3.0824994598478419,26.936179166838606,3.0824994598478419,27.111981687585882
721,1.71961440221914,-3.5745033546257954,26.885415301623603,3.5745033546257954,27.121995320643492
722,1.7172326648199445,-4.0636584186281137,26.836929906733637,4.0636584186281137,27.142846692309586
723,1.7148575159059474,-4.5517657259302107,26.789876722732963,4.5517657259302107,27.173812136742654
724,1.7124889281767954,-5.0402665511745361,26.742075579162083,5.0402665511745361,27.212917763233438
725,1.7101268744827585,-5.5283998163047023,26.689310381133552,5.5283998163047023,27.255870801524594
726,1.7077713278236912,-6.0087758008939698,26.627910872110022,6.0087758008939698,27.297454534048487
727,1.7054222613480055,-6.4699974910734763,26.565745935916489,6.4699974910734763,27.342269925267004
728,1.7030796483516482,-6.9120341283488624,26.51881521709398,6.9120341283488624,27.404813013590047
729,1.7007434622770918,-7.3467533756078076,26.500238225862255,7.3467533756078076,27.499771111583012
730,1.6984136767123286,-7.7892525061709907,26.509477499616303,7.7892525061709907,27.630143899508631
731,1.6960902653898768,-8.2475082352124129,26.541730071975529,8.2475082352124129,27.793611267762721
732,1.6937732021857923,-8.7258051975326598,26.59397569788149,8.7258051975326598,27.988912443408719
733,1.6914624611186901,-9.2280557284379725,26.664257792811021,9.2280557284379725,28.215946841611395
734,1.6891580163487738,-9.7592185656472736,26.75093317725409,9.7592185656472736,28.475511810430874
735,1.6868598421768706,-10.325219879244688,26.851989877100337,10.325219879244688,28.768724787773415
736,1.6845679130434781,-10.932549684488606,26.963424795911941,10.932549684488606,29.095479362413169
737,1.6822822035278153,-11.587292254006694,27.077253659444992,11.587292254006694,29.452385430007038
738,1.6800026883468833,-12.28993042546869,27.180461836604671,12.28993042546869,29.829849069581027
739,1.677729342354533,-13.024253689027962,27.263658406613331,13.024253689027962,30.214868092855479
740,1.6754621405405403,-13.769217436495296,27.347813928789265,13.769217436495296,30.618528303907198
741,1.6732010580296894,-14.535675716698844,27.469677966580129,14.535675716698844,31.078434261214738
742,1.6709460700808625,-15.36574601860157,27.657940138898873,15.36574601860157,31.639655551776848
743,1.6686971520861371,-16.313279440527175,27.905158702376156,16.313279440527175,32.323690511906683
744,1.6664542795698924,-17.420538706599537,28.190261793171103,17.420538706599537,33.138588213677046
745,1.6642174281879194,-18.728741149489174,28.490693117510553,18.728741149489174,34.095239247741503
746,1.6619865737265413,-20.291180229803359,28.775987339736623,20.291180229803359,35.21064388072228
747,1.6597616921017402,-22.182540154604446,28.996117404864322,22.182540154604446,36.508080095607795
748,1.6575427593582885,-24.504883948677879,29.056016460452419,24.504883948677879,38.009754404471657
749,1.6553297516688918,-27.384833511847255,28.760084147479724,27.384833511847255,39.712360124295145
750,1.6531226453333332,-30.911896414029002,27.704785033495007,30.911896414029002,41.510245165065314
751,1.6509214167776296,-34.848877101966195,25.164868440574409,34.848877101966195,42.98505366868072
752,1.6487260425531913,-37.98728398390837,20.51679475398447,37.98728398390837,43.17374910117519
753,1.6465364993359892,-38.622342195754939,14.80753447135227,38.622342195754939,41.363611953095656
754,1.6443527639257294,-37.040364893047965,10.139581021212727,37.040364893047965,38.403121418653946
755,1.6421748132450329,-34.729966573732895,7.0423473799151779,34.729966573732895,35.436777997329308
756,1.6400026243386243,-32.47951081392182,5.0531256155158157,32.47951081392182,32.870240358078405
757,1.6378361743725229,-30.493267514319925,3.7306589395574257,30.493267514319925,30.720631175533786
758,1.6356754406332452,-28.778901304221549,2.8094424436463221,28.778901304221549,28.915707273422974
759,1.6335204005270092,-27.298111648854373,2.1394646226842324,27.298111648854373,27.381822592096313
760,1.6313710315789474,-26.009346601156672,1.633801360874652,26.009346601156672,26.060610459194852
761,1.6292273114323257,-24.877610864458447,1.2400725502410337,24.877610864458447,24.908498594923024
762,1.6270892178477689,-23.875022616356283,0.92541282871904151,23.875022616356283,23.892950714281437
763,1.62495672870249,-22.979621044397682,0.66806909751730004,22.979621044397682,22.989330126456107
764,1.6228298219895287,-22.174303678505915,0.45281105177688508,22.174303678505915,22.178926517647607
765,1.6207084758169934,-21.445687980404365,0.26846218639770614,21.445687980404365,21.44736825110218
766,1.6185926684073106,-20.7827353660265,0.10615783957097547,20.7827353660265,20.783006490428448
767,1.6164823780964797,-20.175066702252046,-0.041974031758265085,20.175066702252046,20.17511036548899
768,1.6143775833333331,-19.61061628093946,-0.18211529480843991,19.61061628093946,19.611461875618836
769,1.6122782626788035,-19.076129813515614,-0.31369247006719014,19.076129813515614,19.07870885641573
770,1.6101843948051946,-18.566186117888719,-0.42923312549209114,18.566186117888719,18.57114719235469
771,1.6080959584954604,-18.083744660791815,-0.52608421427870122,18.083744660791815,18.091395345777777
772,1.606012932642487,-17.630384470902555,-0.60758169608203882,17.630384470902555,17.640850662857954
773,1.6039352962483828,-17.204742491988178,-0.67758612496360038,17.204742491988178,17.218080240618193
774,1.6018630284237725,-16.804440479242857,-0.7388359723437008,16.804440479242857,16.820674731248001
775,1.5997961083870966,-16.427037742167485,-0.7931435287477534,16.427037742167485,16.446174194620141
776,1.5977345154639173,-16.070296809110737,-0.84175773443612556,16.070296809110737,16.092327228104633
777,1.595678229086229,-15.73224120038401,-0.8855978028761875,15.73224120038401,15.757147478383239
778,1.5936272287917737,-15.411151346744422,-0.92537063596452906,15.411151346744422,15.438908531569448
779,1.5915814942233633,-15.105531421689527,-0.96162811102676138,15.105531421689527,15.13610941277733
780,1.5895410051282051,-14.81406708134255,-0.99480529794386663,14.81406708134255,14.847431463769555
781,1.5875057413572342,-14.535590726620804,-1.0252530280986456,14.535590726620804,14.571703453730114
782,1.5854756828644501,-14.269059070600701,-1.053262786300629,14.269059070600701,14.307879271831235
783,1.5834508097062578,-14.01353833032541,-1.0790817384249103,14.01353833032541,14.055023085491593
784,1.5814311020408163,-13.768191372856677,-1.1029204861601121,13.768191372856677,13.812296234819055
785,1.5794165401273885,-13.532264789927645,-1.1249579038329081,13.532264789927645,13.578944017489418
786,1.5774071043256996,-13.305076710764034,-1.1453457262553044,13.305076710764034,13.354283324535494
787,1.5754027750952986,-13.086006507340961,-1.1642133103619301,13.086006507340961,13.137692298961559
788,1.5734035329949236,-12.874486616005704,-1.181671987164264,12.874486616005704,12.928602179313847
789,1.5714093586818756,-12.669995931829817,-1.1978185476235288,12.669995931829817,12.726490725475543
790,1.5694202329113922,-12.472054080827046,-1.2127378549145311,12.472054080827046,12.530876509638794
791,1.5674361365360303,-12.280216092789978,-1.2265048270838819,12.280216092789978,12.341313600118831
792,1.5654570505050505,-12.094067243843813,-1.2391860257195619,12.094067243843813,12.157386417522252
793,1.5634829558638081,-11.913217961971654,-1.2508409589925003,11.913217961971654,11.97870465927503
794,1.5615138337531485,-11.737298701980809,-1.2615230846812788,11.737298701980809,11.80489819154338
795,1.559549665408805,-11.565954657674702,-1.2712804221922045,11.565954657674702,11.635611761108064
796,1.5575904321608038,-11.398840123930121,-1.280155637929967,11.398840123930121,11.470499319046365
797,1.5556361154328731,-11.235612250557999,-1.2881854172130476,11.235612250557999,11.309217670290431
798,1.5536866967418546,-11.075923835222891,-1.2953988308914042,11.075923835222891,11.151419054754124
799,1.5517421576971213,-10.919414681444962,-1.301814211902935,10.919414681444962,10.996742118812655
800,1.5498024799999999,-10.765700855352378,-1.3074337320136908,10.765700855352378,10.844800499342631
801,1.5478676454431959,-10.614360855210087,-1.3122342273166201,10.614360855210087,10.695167835614244
802,1.5459376359102244,-10.464917341289098,-1.3161515449176653,10.464917341289098,10.547357481815171
803,1.5440124333748442,-10.316812782092317,-1.3190532644718047,10.316812782092317,10.400794560765881
804,1.5420920199004975,-10.169377640318711,-1.320689805363755,10.169377640318711,10.254777576983614
805,1.5401763776397515,-10.021792550831666,-1.3206041377039655,10.021792550831666,10.10842822700077
806,1.5382654888337468,-9.8730579333019364,-1.3179608598251926,9.8730579333019364,9.9606372176868003
807,1.5363593358116481,-9.7220276598100916,-1.3112205704014306,9.7220276598100916,9.8100520489116843
808,1.5344579009900989,-9.5677062035756109,-1.2975502856655781,9.5677062035756109,9.6552907124420688
809,1.5325611668726822,-9.4104121445476672,-1.2720026780516855,9.4104121445476672,9.4959911301149003
810,1.5306691160493826,-9.2549872187467308,-1.227708907982858,9.2549872187467308,9.3360622096205965
811,1.5287817311960541,-9.1147376426843394,-1.1617804255121085,9.1147376426843394,9.1884806171678886
812,1.5268989950738916,-9.0038003746130961,-1.0865268615244399,9.0038003746130961,9.0691213359783145
813,1.5250208905289051,-8.9188676955985109,-1.0214552064473499,8.9188676955985109,8.9771694709618295
814,1.5231474004914003,-8.8457133210889509,-0.97316877102550681,8.8457133210889509,8.8990843133318958
815,1.52127850797546,-8.7749014093180193,-0.93817836461315585,8.7749014093180193,8.8249120894816624
816,1.5194141960784313,-8.7028560839556306,-0.91178789288196516,8.7028560839556306,8.7504891965906495
817,1.5175544479804159,-8.6286237919687601,-0.8906562690952019,8.6286237919687601,8.6744692709702953
818,1.5156992469437651,-8.5520857554773748,-0.87264888458598366,8.5520857554773748,8.596492706028906
819,1.5138485763125762,-8.4732970805089884,-0.85636620133119501,8.4732970805089884,8.5164620873543821
820,1.5120024195121951,-8.3922700459215989,-0.84080406534206764,8.3922700459215989,8.4342840834281052
821,1.510160760048721,-8.3089067070404994,-0.8251360305356259,8.3089067070404994,8.3497772506331387
822,1.5083235815085156,-8.2229783372906837,-0.8085588606223324,8.2229783372906837,8.2626351829572346
823,1.5064908675577156,-8.1341207494472414,-0.79015317019865838,8.1341207494472414,8.1724086045035182
824,1.5046626019417475,-8.0418455991535609,-0.7687168148244341,8.0418455991535609,8.0785027190698724
825,1.5028387684848483,-7.9455975962715648,-0.74252109990225623,7.9455975962715648,7.9802167104456823
826,1.5010193510895882,-7.8449529749670468,-0.70892335034983989,7.8449529749670468,7.8769194166320853
827,1.4992043337363965,-7.7402285680810436,-0.66378906203849097,7.7402285680810436,7.7686391475611645
828,1.4973937004830917,-7.6341594751546751,-0.60098309473220013,7.6341594751546751,7.6577785011220971
829,1.4955874354644147,-7.5355162791314214,-0.51368224234645987,7.5355162791314214,7.5530043717157183
830,1.4937855228915662,-7.4619024282209345,-0.40218410329266291,7.4619024282209345,7.4727330944729191
831,1.4919879470517448,-7.4286640236793708,-0.28494929139952502,7.4286640236793708,7.4341270688210104
832,1.4901946923076923,-7.4291411496677533,-0.18670017584451851,7.4291411496677533,7.4314867407099019
833,1.4884057430972388,-7.4439828232418606,-0.11536232345381461,7.4439828232418606,7.4448766771782413
834,1.4866210839328535,-7.4602032067741426,-0.065786229389430018,7.4602032067741426,7.4604932621335758
835,1.4848406994011976,-7.4728483501923719,-0.031036298827186337,7.4728483501923719,7.4729128000276948
836,1.4830645741626793,-7.4808303245032768,-0.006053300455142796,7.4808303245032768,7.480832773592403
837,1.4812926929510155,-7.4844089299445073,0.012401672594531676,7.4844089299445073,7.4844192047289972
838,1.4795250405727922,-7.4842008586633959,0.026367288376844711,7.4842008586633959,7.4842473052882372
839,1.4777616019070321,-7.4808451130101901,0.037150406543747627,7.4808451130101901,7.4809373582162024
840,1.4760023619047618,-7.4749056218037282,0.04561296502254919,7.4749056218037282,7.4750447889929816
841,1.474247305588585,-7.4668540710896494,0.052340701336684059,7.4668540710896494,7.4670375161749707
842,1.4724964180522564,-7.4570776444088835,0.057743052535246586,7.4570776444088835,7.457301204514863
843,1.4707496844602608,-7.4458926781490078,0.062113644399430734,7.4458926781490078,7.4461517496847716
844,1.4690070900473933,-7.4335580328833331,0.065667920743435637,7.4335580328833331,7.4338480818522985
845,1.4672686201183431,-7.4202864655930156,0.068567202952071471,7.4202864655930156,7.4206032566620586
846,1.4655342600472812,-7.4062538108948957,0.070934481106456282,7.4062538108948957,7.406593495798524
847,1.4638039952774498,-7.3916062432007656,0.072865033224671638,7.3916062432007656,7.3919653792202897
848,1.4620778113207547,-7.3764659835235911,0.074433727517859594,7.3764659835235911,7.3768415182836122
849,1.4603556937573614,-7.3609357853300921,0.075700146965421766,7.3609357853300921,7.3613250266513646
850,1.458637628235294,-7.3451024740234949,0.076712252936787739,7.3451024740234949,7.3455030544991748
851,1.4569236004700352,-7.3290397553349216,0.077509048992179419,7.3290397553349216,7.3294495965219264
852,1.4552135962441313,-7.3128104580532174,0.078122547817319588,7.3128104580532174,7.313227736635171
853,1.4535076014067994,-7.29646833724291,0.078579244219789124,7.29646833724291,7.2968914541748848
854,1.4518056018735361,-7.2800595340477976,0.078901232570462415,7.2800595340477976,7.2804870869867893
855,1.4501075836257309,-7.26362376545244,0.079107064634892088,7.26362376545244,7.2640545244182073
856,1.4484135327102803,-7.2471953002782641,0.07921241534328527,7.2471953002782641,7.2476281863186029
857,1.4467234352392064,-7.2308037648219781,0.079230604736138299,7.2308037648219781,7.2312378313875518
858,1.4450372773892772,-7.2144748118186115,0.079173010988975917,7.2144748118186115,7.2149092285374063
859,1.4433550454016297,-7.1982306790424246,0.079049400083136462,7.1982306790424246,7.1986647175959702
860,1.4416767255813951,-7.1820906582316759,0.078868191065343957,7.1820906582316759,7.1825236800598597
861,1.4400023042973287,-7.1660714907066811,0.07863667108116465,7.1660714907066811,7.1665029362972987
862,1.4383317679814385,-7.1501877027168312,0.078361170910778682,7.1501877027168312,7.1506170822656632
863,1.4366651031286211,-7.1344518909634438,0.078047209197281808,7.1344518909634438,7.1348787762186507
864,1.4350022962962963,-7.1188749667158646,0.077699611674590774,7.1188749667158646,7.119298983845824
865,1.4333433341040462,-7.1034663653496271,0.077322610292201915,7.1034663653496271,7.103887188695766
866,1.4316882032332563,-7.0882342268685274,0.076919926068579947,7.0882342268685274,7.0886515734642268
867,1.4300368904267589,-7.0731855519706475,0.076494838693153405,7.0731855519706475,7.0735991767241808
868,1.4283893824884792,-7.058326337415707,0.076050245273781764,7.058326337415707,7.0587360288696468
869,1.426745666283084,-7.0436616937982937,0.075588710143844662,7.0436616937982937,7.0440672703902161
870,1.4251057287356321,-7.0291959483138982,0.075112507267650536,7.0291959483138982,7.0295972550737611
871,1.4234695568312283,-7.0149327346735468,0.074623656487644824,7.0149327346735468,7.0153296403021619
872,1.4218371376146788,-7.0008750719769601,0.074123954624286809,7.0008750719769601,7.0012674662576311
873,1.4202084581901488,-6.9870254340683449,0.073615002254547812,6.9870254340683449,6.9874132255703092
874,1.4185835057208236,-6.9733858106604938,0.073098226847160191,6.9733858106604938,6.9737689246984162
875,1.4169622674285713,-6.9599577613222152,0.072574902814167758,6.9599577613222152,6.9603361381407316
876,1.4153447305936071,-6.9467424632553811,0.072046168942485889,6.9467424632553811,6.9471160564118071
877,1.4137308825541619,-6.9337407536588938,0.071513043591429681,6.9337407536588938,6.9341095285807182
878,1.4121207107061502,-6.920953167357931,0.070976437978725132,6.920953167357931,6.9213171000547238
879,1.4105142025028441,-6.9083799702842139,0.070437167825675828,6.9083799702842139,6.9087390461961604
880,1.4089113454545454,-6.8960211893102574,0.069895963589373528,6.8960211893102574,6.8963754022777906
881,1.4073121271282631,-6.8838766388759023,0.069353479474540708,6.8838766388759023,6.8842259902168097
882,1.4057165351473921,-6.8719459447810998,0.068810301388408712,6.8719459447810998,6.8722904424631643
883,1.404124557191393,-6.860228565476902,0.068266953977585282,6.860228565476902,6.860568223375572
884,1.4025361809954751,-6.8487238111373667,0.067723906865526345,6.8487238111373667,6.8490586483692093
885,1.4009513943502825,-6.8374308607650978,0.06718158019223533,6.8374308607650978,6.837760901088898
886,1.3993701851015801,-6.8263487775461495,0.066640349543309163,6.8263487775461495,6.8266740488244393
887,1.3977925411499434,-6.815476522647705,0.066100550343453052,6.815476522647705,6.8157970563623564
888,1.3962184504504505,-6.8048129676264981,0.065562481779242343,6.8048129676264981,6.8051287984427447
889,1.3946479010123733,-6.7943569055965565,0.065026410307262611,6.7943569055965565,6.7946680709704328
890,1.3930808808988764,-6.7841070612863597,0.064492572796239794,6.7841070612863597,6.7844136011111029
891,1.3915173782267114,-6.7740621001025154,0.063961179345528252,6.7740621001025154,6.7743640563899854
892,1.3899573811659192,-6.7642206363013191,0.063432415816822463,6.7642206363013191,6.7645180528948972
893,1.3884008779395296,-6.75458124036005,0.062906446111349157,6.75458124036005,6.754874162675887
894,1.3868478568232661,-6.7451424456278151,0.062383414220724825,6.7451424456278151,6.745430920421601
895,1.3852983061452513,-6.7359027543287517,0.061863446076250495,6.7359027543287517,6.7361868294855132
896,1.3837522142857142,-6.7268606429816167,0.061346651218401993,6.7268606429816167,6.72714036732628
897,1.3822095696767001,-6.7180145672927836,0.06083312430567156,6.7180145672927836,6.7182899904194988
898,1.3806703608017816,-6.7093629665731136,0.060322946479656359,6.7093629665731136,6.7096341386915253
899,1.379134576195773,-6.7009042677265942,0.05981618660137375,6.7009042677265942,6.7011712395234326
900,1.3776022044444443,-6.6926368888496217,0.059312902371982723,6.6926368888496217,6.6928997113641664
901,1.3760732341842397,-6.6845592424787608,0.0588131413496841,6.6845592424787608,6.6848179669908472
902,1.3745476541019954,-6.6766697385201539,0.058316941873199912,6.6766697385201539,6.6769244164495536
903,1.3730254529346622,-6.6689667868906444,0.05782433390112221,6.6689667868906444,6.6692174697067443
904,1.3715066194690264,-6.6614487998964478,0.057335339775378552,6.6614487998964478,6.6616955390372636
905,1.3699911425414364,-6.6541141943745288,0.056849974916185736,6.6541141943745288,6.6543570411741921
906,1.3684790110375276,-6.6469613936180476,0.056368248455102576,6.6469613936180476,6.6472003992419744
907,1.3669702138919513,-6.6399888291063363,0.055890163812032517,6.6399888291063363,6.6402240444933689
908,1.3654647400881057,-6.6331949420558161,0.055415719221511867,6.6331949420558161,6.6334264178666889
909,1.3639625786578657,-6.6265781848094587,0.054944908212969074,6.6265781848094587,6.6268059713810201
910,1.3624637186813187,-6.6201370220789784,0.054477720049247613,6.6201370220789784,6.6203611693836226
911,1.3609681492864982,-6.6138699320524541,0.05401414012720096,6.6138699320524541,6.6140904896622947
912,1.3594758596491228,-6.6077754073801689,0.053554150343811058,6.6077754073801689,6.607992424435519
913,1.3579868389923329,-6.6018519560493072,0.05309772943094046,6.6018519560493072,6.6020654812310653
914,1.3565010765864332,-6.5960981021574607,0.052644853261503033,6.5960981021574607,6.5963081836630542
915,1.3550185617486339,-6.5905123865939199,0.052195495129606612,6.5905123865939199,6.5907190721164639
916,1.3535392838427946,-6.5850933676374339,0.051749626006946714,6.5850933676374339,6.5852967043478294
917,1.352063232279171,-6.5798396214764896,0.051307214777521315,6.5798396214764896,6.5800396560081689
918,1.350590396514161,-6.5747497426619379,0.05086822845253941,6.5747497426619379,6.5749465210980329
919,1.3491207660500544,-6.5698223444940975,0.050432632367248251,6.5698223444940975,6.5700159123567889
920,1.3476543304347826,-6.5650560593536955,0.050000390361194316,6.5650560593536955,6.5652464615955548
921,1.346191079261672,-6.5604495389799382,0.049571464943332935,6.5604495389799382,6.5606368199770602
922,1.3447310021691974,-6.5560014547003664,0.049145817443284973,6.5560014547003664,6.5561856582471405
923,1.3432740888407366,-6.5517104976181457,0.048723408149867711,6.5517104976181457,6.5518916669234954
924,1.3418203290043289,-6.5475753787593423,0.048304196437967517,6.5475753787593423,6.5477535564443059
925,1.3403697124324323,-6.5435948291841282,0.047888140884745231,6.5435948291841282,6.5437700572806392
926,1.3389222289416847,-6.5397676000665186,0.047475199376012259,6.5397676000665186,6.5399399200172761
927,1.3374778683926645,-6.536092462743273,0.047065329203609896,6.536092462743273,6.5362619154026005
928,1.336036620689655,-6.5325682087372492,0.046658487154516995,6.5325682087372492,6.5327348343728247
929,1.334598475780409,-6.5291936497558325,0.046254629592349578,6.5291936497558325,6.5293574880512253
930,1.3331634236559138,-6.525967617667769,0.045853712531880933,6.525967617667769,6.5261287077256824
931,1.331731454350161,-6.5228889644604653,0.04545569170711633,6.5228889644604653,6.5230473448066206
932,1.3303025579399141,-6.5199565621791518,0.045060522633475972,6.5199565621791518,6.520112270766738
933,1.3288767245444801,-6.5171693028503999,0.044668160664520853,6.5171693028503999,6.5173223770650415
934,1.3274539443254818,-6.5145260983912454,0.044278561043669507,6.5145260983912454,6.5146765750564137
935,1.3260342074866309,-6.5120258805052984,0.043891678951303317,6.5120258805052984,6.5121737958881258
936,1.3246175042735042,-6.5096676005676191,0.043507469547625563,6.5096676005676191,6.509812990385071
937,1.3232038249733189,-6.5074502294995256,0.043125888011591146,6.5074502294995256,6.5075931289248734
938,1.3217931599147121,-6.5053727576339799,0.042746889576241634,6.5053727576339799,6.5055132013035513
939,1.3203854994675186,-6.5034341945732717,0.042370429560700487,6.5034341945732717,6.5035722165934358
940,1.3189808340425531,-6.5016335690398765,0.041996463399114531,6.5016335690398765,6.5017692029942307
941,1.3175791540913921,-6.4999699287210753,0.041624946666755536,6.4999699287210753,6.500103207677804
942,1.3161804501061569,-6.4984423401080083,0.041255835103519684,6.4984423401080083,6.4985732966273861
943,1.3147847126193,-6.4970498883309897,0.040889084635020112,6.4970498883309897,6.4971785544730114
944,1.3133919322033898,-6.4957916769901143,0.040524651391462468,6.4957916769901143,6.4959180843222182
945,1.3120020994708994,-6.4946668279833144,0.040162491724467342,6.4946668279833144,6.4947910075881863
946,1.3106152050739956,-6.4936744813314764,0.039802562222017071,6.4936744813314764,6.4937964638149115
947,1.3092312397043293,-6.4928137950018048,0.039444819721645763,6.4928137950018048,6.4929336105006188
948,1.3078501940928269,-6.4920839447286696,0.039089221322034087,6.4920839447286696,6.4922016229186328
949,1.3064720590094836,-6.4914841238349812,0.038735724393121576,6.4914841238349812,6.491599693938765
950,1.3050968252631578,-6.4910135430509062,0.038384286584844815,6.4910135430509062,6.4911270338460421
951,1.3037244837013668,-6.4906714303335455,0.038034865834622109,6.4906714303335455,6.4907828701603609
952,1.3023550252100839,-6.4904570306859526,0.037687420373674868,6.4904570306859526,6.4905664474555023
953,1.3009884407135361,-6.4903696059764524,0.037341908732273985,6.4903696059764524,6.4904770271784109
954,1.2996247211740042,-6.4904084347587947,0.036998289744003918,6.4904084347587947,6.4905138874693185
955,1.298263857591623,-6.4905728120927666,0.036656522549112128,6.4905728120927666,6.4906763229823135
956,1.296905841004184,-6.4908620493657985,0.036316566597024202,6.4908620493657985,6.4909636447068912
957,1.2955506624869382,-6.4912754741163479,0.035978381648081231,6.4912754741163479,6.4913751797912917
958,1.2941983131524006,-6.4918124298575837,0.035641927774576337,6.4918124298575837,6.4919102713661188
959,1.2928487841501564,-6.4924722759041185,0.035307165361123216,6.4924722759041185,6.4925682783710057
960,1.2915020666666666,-6.4932543871991975,0.034974055104435381,6.4932543871991975,6.4933485753817406
961,1.290158151925078,-6.4941581541445981,0.03464255801254755,6.4941581541445981,6.4942505524400911
962,1.2888170311850311,-6.4951829824319987,0.034312635403524333,6.4951829824319987,6.495273614885102
963,1.2874786957424713,-6.4963282928769228,0.033984248903711392,6.4963282928769228,6.4964171831869555
964,1.2861431369294605,-6.4975935212545526,0.033657360445549289,6.4975935212545526,6.4976806927827173
965,1.2848103461139895,-6.4989781181379467,0.033331932264999753,6.4989781181379467,6.4990635939144621
966,1.2834803146997928,-6.5004815487389713,0.033007926898610901,6.5004815487389713,6.5005653514701285
967,1.2821530341261633,-6.5021032927510252,0.032685307180248882,6.5021032927510252,6.5021854448261625
968,1.2808284958677685,-6.5038428441950593,0.032364036237537003,6.5038428441950593,6.5039233676934458
969,1.2795066914344684,-6.5056997112674768,0.032044077488009012,6.5056997112674768,6.5057786279651255
970,1.278187612371134,-6.5076734161914036,0.031725394635014573,6.5076734161914036,6.5077507475677834
971,1.2768712502574664,-6.5097634950696008,0.031407951663400324,6.5097634950696008,6.5098392623142756
972,1.2755575967078188,-6.5119694977412905,0.031091712834973639,6.5119694977412905,6.5120437217604703
973,1.2742466433710173,-6.5142909876408268,0.030776642683784494,6.5142909876408268,6.5143636890638357
974,1.2729383819301847,-6.5167275416594244,0.03046270601122586,6.5167275416594244,6.5167987408450792
975,1.271632804102564,-6.5192787500093825,0.030149867880987002,6.5192787500093825,6.5193484670522972
976,1.2703299016393441,-6.5219442160920753,0.029838093613859445,6.5219442160920753,6.5220124708288765
977,1.2690296663254861,-6.524723556367432,0.029527348782416779,6.524723556367432,6.5247903683828943
978,1.2677320899795501,-6.5276164002268491,0.029217599205580091,6.5276164002268491,6.5276817888599528
979,1.2664371644535239,-6.5306223898691229,0.028908810943077484,6.5306223898691229,6.5306863742190258
980,1.2651448816326529,-6.5337411801790406,0.028600950289814214,6.5337411801790406,6.5338037791109773
981,1.26385523343527,-6.5369724386082453,0.028293983770156489,6.5369724386082453,6.5370336707593468
982,1.2625682118126271,-6.540315845059915,0.0279878781321444,6.540315845059915,6.5403757288449507
983,1.2612838087487284,-6.5437710917755023,0.027682600341635416,6.5437710917755023,6.5438296453925524
984,1.2600020162601626,-6.5473378832245572,0.027378117576394134,6.5473378832245572,6.5473951246606052
985,1.2587228263959389,-6.5510159359971176,0.027074397220126237,6.5510159359971176,6.551071883033571
986,1.2574462312373225,-6.5548049786993712,0.026771406856470628,6.5548049786993712,6.5548596489175219
987,1.2561722228976697,-6.5587047518513391,0.026469114262952995,6.5587047518513391,6.5587581626377416
988,1.2549007935222671,-6.5627150077882614,0.026167487404900602,6.5627150077882614,6.562767176340051
989,1.2536319352881697,-6.566835510563882,0.025866494429333545,6.566835510563882,6.5668864538940266
990,1.2523656404040404,-6.5710660358568695,0.025566103658825522,6.5710660358568695,6.5711157707993557
991,1.2511019011099898,-6.5754063708799642,0.025266283585352003,6.5754063708799642,6.5754549140949212
992,1.2498407096774193,-6.5798563142917708,0.024967002864109585,6.5798563142917708,6.5799036822705315
993,1.248582058408862,-6.5844156761111385,0.024668230307328273,6.5844156761111385,6.5844618851812475
994,1.2473259396378269,-6.5890842776343561,0.024369934878072493,6.5890842776343561,6.5891293439645136
995,1.2460723457286431,-6.5938619513550005,0.024072085684027841,6.5938619513550005,6.5939058909599524
996,1.2448212690763052,-6.5987485408862607,0.023774651971280834,6.5987485408862607,6.5987913696316323
997,1.2435727021063188,-6.6037439008860392,0.023477603118102458,6.6037439008860392,6.6037856344931223
998,1.242326637274549,-6.6088478969847131,0.023180908628712818,6.6088478969847131,6.6088885510351973
999,1.2410830670670669,-6.6140604057150778,0.02288453812705743,6.6140604057150778,6.6140999956557351
1000,1.2398419839999999,-6.6193813144453753,0.022588461350573644,6.6193813144453753,6.6194198555926915
1001,1.2386033806193806,-6.6248105213147443,0.022292648143958323,6.6248105213147443,6.6248480288595157
1002,1.237367249500998,-6.6303479351708319,0.021997068452940416,6.6303479351708319,6.6303844241827061
1003,1.2361335832502491,-6.6359934755103502,0.02170169231804802,6.6359934755103502,6.636028960942336
1004,1.234902374501992,-6.6417470724219125,0.021406489868375241,6.6417470724219125,6.6417815691148361
1005,1.2336736159203978,-6.6476086665314114,0.021111431315364269,6.6476086665314114,6.6476421892183479
1006,1.232447300198807,-6.6535782089501208,0.020816486946570095,6.6535782089501208,6.6536107722607802
1007,1.2312234200595829,-6.6596556612244076,0.020521627119438897,6.6596556612244076,6.6596872796894857
1008,1.2300019682539682,-6.6658409952891109,0.020226822255085278,6.6658409952891109,6.6658716833446077
1009,1.2287829375619423,-6.6721341934222114,0.019932042832067211,6.6721341934222114,6.672163965413719
1010,1.2275663207920791,-6.6785352482026799,0.019637259380163689,6.6785352482026799,6.67856411838964
1011,1.2263521107814044,-6.6850441624702697,0.019342442474150449,6.6850441624702697,6.6850721450302011
1012,1.2251403003952568,-6.6916609492877743,0.019047562727577155,6.6916609492877743,6.691688058320473
1013,1.2239308825271471,-6.6983856319060617,0.018752590786540589,6.6983856319060617,6.6984118814377771
1014,1.2227238500986193,-6.7052182437305721,0.018457497323454315,6.7052182437305721,6.7052436477181612
1015,1.2215191960591132,-6.7121588282911109,0.018162253030818684,6.7121588282911109,6.7121834006261656
1016,1.2203169133858267,-6.7192074392134842,0.017866828614981421,6.7192074392134842,6.7192311937264497
1017,1.219116995083579,-6.7263641401933771,0.017571194789894551,6.7263641401933771,6.7263870906576386
1018,1.2179194341846757,-6.7336290049727943,0.017275322270864944,6.7336290049727943,6.7336511651087525
1019,1.2167242237487732,-6.7410021173186667,0.016979181768294188,6.7410021173186667,6.7410235007978025
1020,1.215531356862745,-6.7484835710036926,0.016682743981411507,6.7484835710036926,6.7485041914526152
1021,1.2143408266405484,-6.7560734697896212,0.01638597959199229,6.7560734697896212,6.7560933407940986
1022,1.2131526262230918,-6.763771927412856,0.016088859258067356,6.763771927412856,6.7637910625218494
1023,1.2119667487781036,-6.7715790675716789,0.015791353607615383,6.7715790675716789,6.7715974803013568
1024,1.2107831874999999,-6.7794950239169118,0.015493433232240818,6.7794950239169118,6.7795127277546641
1025,1.209601935609756,-6.7875199400436106,0.015195068680834693,6.7875199400436106,6.787536948452054
1026,1.2084229863547757,-6.795653969485933,0.014896230453213546,6.795653969485933,6.7956702959069197
1027,1.2072463330087633,-6.8038972757136946,0.014596888993743451,6.8038972757136946,6.8039129335723079
1028,1.2060719688715953,-6.812250032131308,0.014297014684931976,6.812250032131308,6.8122650348398732
1029,1.2048998872691934,-6.8207124220791879,0.013996577841005456,6.8207124220791879,6.8207267830412759
1030,1.203730081553398,-6.8292846388369597,0.013695548701453474,6.8292846388369597,6.8292983714513964
1031,1.2025625451018427,-6.8379668856294007,0.013393897424546455,6.8379668856294007,6.8379800032942812
1032,1.2013972713178294,-6.8467593756342495,0.013091594080823422,6.8467593756342495,6.846771891750965
1033,1.2002342536302033,-6.8556623319922618,0.012788608646545595,6.8556623319922618,6.8556742599695237
1034,1.1990734854932301,-6.8646759878197603,0.012484910997117925,6.8646759878197603,6.864687341077655
1035,1.1979149603864734,-6.873800586223318,0.012180470900471415,6.873800586223318,6.8738113781973516
1036,1.1967586718146717,-6.8830363803163355,0.011875258010405919,6.8830363803163355,6.8830466244615121
1037,1.1956046133076181,-6.8923836332385378,0.011569241859896419,6.8923836332385378,6.8923933430334401
1038,1.1944527784200385,-6.9018426181770955,0.01126239185434973,6.9018426181770955,6.9018518071279935
1039,1.1933031607314726,-6.9114136183902541,0.010954677264818091,6.9114136183902541,6.9114223000352277
1040,1.1921557538461538,-6.9210969272334015,0.010646067221165834,6.9210969272334015,6.9211051151464904
1041,1.1910105513928915,-6.9308928481868382,0.010336530705182364,6.9308928481868382,6.9309005559822081
1042,1.189867547024952,-6.9408016948869022,0.010026036543643473,6.9408016948869022,6.9408089362230445
1043,1.1887267344199424,-6.9508237911577435,0.0097145534013190031,6.9508237911577435,6.9508305797416972
1044,1.1875881072796934,-6.9609594710470049,0.0094020497739181509,6.9609594710470049,6.9609658206386102
1045,1.1864516593301435,-6.9712090788628629,0.0090884939809756059,6.9712090788628629,6.9712150032790445
1046,1.1853173843212237,-6.9815729692137705,0.0087738541586764862,6.9815729692137705,6.9815784823328579
1047,1.1841852760267431,-6.9920515070501974,0.0084580982526098157,6.9920515070501974,6.9920566228162793
1048,1.1830553282442746,-7.0026450677089276,0.0081411940104591483,7.0026450677089276,7.0026498001362381
1049,1.1819275347950429,-7.0133540369599157,0.0078231089746162268,7.0133540369599157,7.0133584001372675
1050,1.1808018895238095,-7.0241788110550214,0.0075038104747211683,7.0241788110550214,7.0241828191502798
1051,1.179678386298763,-7.0351197967795294,0.0071832656201259865,7.0351197967795294,7.0351234640441254
1052,1.1785570190114067,-7.0461774115057096,0.0068614412922771151,7.0461774115057096,7.0461807522792022
1053,1.1774377815764481,-7.0573520832492669,0.0065383041370127432,7.0573520832492669,7.057355111963953
1054,1.1763206679316887,-7.0686442507278997,0.006213820556773806,7.0686442507278997,7.0686469819134761
1055,1.1752056720379147,-7.0800543634221089,0.0058879567027273552,7.0800543634221089,7.0800568117103815
1056,1.1740927878787879,-7.0915828816390665,0.005560678466790335,7.0915828816390665,7.0915850617687202
1057,1.1729820094607379,-7.1032302765786071,0.0052319514735633087,7.1032302765786071,7.1032322034000268
1058,1.1718733308128544,-7.1149970304014989,0.0049017410721604402,7.1149970304014989,7.1149987188816626
1059,1.1707667459867799,-7.1268836363009189,0.0045700123279364697,7.1268836363009189,7.1268851015283303
1060,1.1696622490566038,-7.1388905985759905,0.0042367300141069267,7.1388905985759905,7.1388918557657028
1061,1.1685598341187557,-7.1510184327077777,0.0039018586032570531,7.1510184327077777,7.1510194972064625
1062,1.167459495291902,-7.1632676654386582,0.0035653622587367723,7.1632676654386582,7.1632685527297548
1063,1.1663612267168391,-7.1756388348534532,0.0032272048259381382,7.1756388348534532,7.1756395605623906
1064,1.165265022556391,-7.1881324904638237,0.0028873498234478212,7.1881324904638237,7.1881330703633095
1065,1.164170876995305,-7.2007491932949961,0.0025457604340786456,7.2007491932949961,7.2007496433103917
1066,1.16307878424015,-7.213489515975807,0.0022023994957660574,7.213489515975807,7.2134898521905759
1067,1.1619887385192127,-7.2263540428304793,0.0018572294923339654,7.2263540428304793,7.2263542814917265
1068,1.1609007340823969,-7.2393433699744811,0.0015102125441199127,7.2393433699744811,7.2393435274985682
1069,1.1598147652011224,-7.2524581054123303,0.0011613103984602531,7.2524581054123303,7.2524581983905883
1070,1.1587308261682243,-7.2656988691383173,0.00081048442002594392,7.2656988691383173,7.2656989143428472
1071,1.1576489112978523,-7.2790662932408203,0.00045769558100747579,7.2790662932408203,7.2790663076303881
1072,1.1565690149253731,-7.2925610220087123,0.00010290445114672329,7.2925610220087123,7.2925610227347475
1073,1.1554911314072693,-7.3061837120413724,-0.00025392881239898494,7.3061837120413724,7.3061837164540622
1074,1.1544152551210427,-7.3199350323615171,-0.00061284447535041872,7.3199350323615171,7.3199350580160027
1075,1.1533413804651163,-7.3338156645307695,-0.000973883236775136,7.3338156645307695,7.3338157291934634
1076,1.1522695018587359,-7.3478263027695352,-0.0013370862397313057,7.3478263027695352,7.3478264244245342
1077,1.1511996137418754,-7.3619676540781729,-0.0017024950820908387,7.3619676540781729,7.3619678509337962
1078,1.150131710575139,-7.3762404383631264,-0.0020701518275508092,7.3762404383631264,7.3762407288585718
1079,1.1490657868396663,-7.3906453885654351,-0.0024400990168337725,7.3906453885654351,7.3906457913775538
1080,1.1480018370370371,-7.4051832507926978,-0.0028123796790870655,7.4051832507926978,7.4051837848428965
1081,1.1469398556891766,-7.41985478445444,-0.0031870373434844486,7.41985478445444,7.419855468915717
1082,1.1458798373382624,-7.4346607624009788,-0.0035641160510363392,7.4346607624009788,7.434661616705089
1083,1.1448217765466298,-7.4496019710656576,-0.0039436603666145814,7.4496019710656576,7.4496030149104202
1084,1.143765667896679,-7.4646792106108286,-0.0043257153911980808,7.4646792106108286,7.4646804639675732
1085,1.1427115059907833,-7.4798932950769412,-0.0047103267743465026,7.4798932950769412,7.4798947781981058
1086,1.1416592854511969,-7.4952450525358358,-0.0050975407269060208,7.4952450525358358,7.4952467859627134
1087,1.1406090009199632,-7.5107353252477402,-0.0054874040339570346,7.5107353252477402,7.5107373298183795
1088,1.1395606470588235,-7.5263649698213584,-0.0058799640680077727,7.5263649698213584,7.5263672666786263
1089,1.1385142185491275,-7.5421348573786027,-0.006275268802443397,7.5421348573786027,7.5421374679784172
1090,1.137469710091743,-7.5580458737230281,-0.0066733668252346376,7.5580458737230281,7.5580488198427549
1091,1.1364271164069659,-7.574098919511993,-0.0070743073529181844,7.574098919511993,7.5741022232590227
1092,1.1353864322344323,-7.5902949104329878,-0.0074781402448502524,7.5902949104329878,7.5902985942534862
1093,1.1343476523330283,-7.6066347773846168,-0.0078849160177467265,7.6066347773846168,7.6066388640724716
1094,1.1333107714808044,-7.6231194666607003,-0.0082946858605145203,7.6231194666607003,7.6231239793666514
1095,1.1322757844748859,-7.6397499401399536,-0.0087075016493833729,7.6397499401399536,7.6397549023809255
1096,1.1312426861313867,-7.6565271754789634,-0.0091234159633485964,7.6565271754789634,7.6565326111476022
1097,1.1302114712853235,-7.6734521663105077,-0.0095424820999281436,7.6734521663105077,7.6734580996849164
1098,1.1291821347905282,-7.6905259224453957,-0.0099647540912501074,7.6905259224453957,7.6905323781990989
1099,1.1281546715195632,-7.7077494700801772,-0.010390286720473069,7.7077494700801772,7.707756473292303
1100,1.1271290763636364,-7.7251238520087924,-0.010819135538554292,7.7251238520087924,7.725131428174473
1101,1.1261053442325157,-7.742650127838818,-0.011251356881372184,7.742650127838818,7.7426583028798408
1102,1.1250834700544463,-7.7603293742134518,-0.011687007887212685,7.7603293742134518,7.760338174489144
1103,1.1240634487760652,-7.7781626850379411,-0.012126146514634673,7.7781626850379411,7.7781721373563038
1104,1.1230452753623188,-7.7961511717111378,-0.012568831560718384,7.7961511717111378,7.796161303340237
1105,1.12202894479638,-7.8142959633628379,-0.01301512267971176,7.8142959633628379,7.8143068020424629
1106,1.121014452079566,-7.8325982070955327,-0.013465080402087399,7.8325982070955327,7.8326097810491238
1107,1.1200017922312555,-7.8510590682325052,-0.013918766154016604,7.8510590682325052,7.8510714061793561
1108,1.1189909602888086,-7.8696797305708834,-0.01437624227727782,7.8696797305708834,7.8696928617386472
1109,1.1179819513074842,-7.8884613966407287,-0.014837572049607839,7.8884613966407287,7.8884753507782044
1110,1.1169747603603604,-7.9074052879698513,-0.015302819705511565,7.9074052879698513,7.9074200953600853
1111,1.1159693825382537,-7.9265126453543999,-0.015772050457540765,7.9265126453543999,7.926528336828099
1112,1.1149658129496403,-7.9457847291356138,-0.01624533051805694,7.9457847291356138,7.9458013360848865
1113,1.1139640467205749,-7.9652228194828361,-0.016722727121492142,7.9652228194828361,7.9652403738752602
1114,1.112964078994614,-7.984828216682903,-0.017204308547120607,7.984828216682903,7.9848467510759429
1115,1.1119659049327353,-8.0046022414357729,-0.017690144142358089,8.0046022414357729,8.004621788991555
1116,1.1109695197132616,-8.0245462351569401,-0.018180304346601013,8.0245462351569401,8.0245668296573829
1117,1.1099749185317815,-8.044661560286535,-0.018674860715627212,8.044661560286535,8.0446832361488632
1118,1.1089820966010733,-8.0649496006055799,-0.019173885946565064,8.0649496006055799,8.064972392898218
1119,1.1079910491510276,-8.0854117615587775,-0.019677453903457452,8.0854117615587775,8.08543570601765
1120,1.1070017714285714,-8.1060494705852051,-0.020185639643429461,8.1060494705852051,8.1060746036304447
1121,1.1060142586975914,-8.1268641774560635,-0.020698519443486531,8.1268641774560635,8.1268905362091459
1122,1.1050285062388592,-8.1478573546199335,-0.021216170827949368,8.1478573546199335,8.1478849769212349
1123,1.1040445093499553,-8.1690304975558483,-0.021738672596558019,8.1690304975558483,8.16905942198267
1124,1.1030622633451956,-8.190385125134636,-0.022266104853254455,8.190385125134636,8.1904153910196804
1125,1.1020817635555555,-8.211922779987777,-0.022798549035667214,8.211922779987777,8.2119544274381067
1126,1.1011030053285966,-8.2336450288850607,-0.023336087945322194,8.2336450288850607,8.2336780988015477
1127,1.1001259840283939,-8.2555534631207514,-0.023878805778593741,8.2555534631207514,8.2555879972180328
1128,1.0991506950354608,-8.277649698908025,-0.024426788158426152,8.277649698908025,8.2776857397349808
1129,1.0981771337466784,-8.299935377782905,-0.024980122166843394,8.299935377782905,8.2999729687436776
1130,1.0972052955752212,-8.3224121670171947,-0.025538896378271808,8.3224121670171947,8.3224513523927577
1131,1.0962351759504863,-8.3450817600402729,-0.026103200893701044,8.3450817600402729,8.3451225850105857
1132,1.0952667703180212,-8.3679458768713459,-0.02667312737570933,8.3679458768713459,8.3679883875380803
1133,1.0943000741394526,-8.3910062645609216,-0.027248769084375929,8.3910062645609216,8.3910505079708138
1134,1.0933350828924162,-8.4142646976426931,-0.0278302209141114,8.4142646976426931,8.4143107218115141
1135,1.0923717920704845,-8.4377229785954562,-0.028417579431432284,8.4377229785954562,8.437770832532637
1136,1.0914101971830985,-8.4613829383160137,-0.02901094291370733,8.4613829383160137,8.4614326720499342
1137,1.0904502937554967,-8.4852464366027149,-0.029610411388909269,8.4852464366027149,8.4852981012066788
1138,1.0894920773286467,-8.5093153626499891,-0.030216086676397594,8.5093153626499891,8.5093690102689248
1139,1.0885355434591746,-8.5335916355550374,-0.030828072428770378,8.5335916355550374,8.5336473194329141
1140,1.0875806877192982,-8.5580772048350759,-0.031446474174811959,8.5580772048350759,8.558134979343091
1141,1.0866275056967571,-8.5827740509575463,-0.032071399363576059,8.5827740509575463,8.5828339716230886
1142,1.0856759929947459,-8.6076841858826292,-0.032702957409637051,8.6076841858826292,8.6077463094190474
1143,1.084726145231846,-8.632809653617759,-0.033341259739544993,8.632809653617759,8.6328740379549718
1144,1.083777958041958,-8.6581525307858662,-0.033986419839526397,8.6581525307858662,8.6582192351018232
1145,1.0828314270742356,-8.6837149272062142,-0.034638553304465469,8.6837149272062142,8.6837840119592489
1146,1.0818865479930191,-8.7094989864900008,-0.035297777888208884,8.7094989864900008,8.7095705134520962
1147,1.080943316477768,-8.7355068866486434,-0.035964213555236768,8.7355068866486434,8.7355809189396521
1148,1.0800017282229963,-8.7617408407178701,-0.03663798253374162,8.7617408407178701,8.7618174428407034
1149,1.0790617789382071,-8.7882030973953889,-0.037319209370161907,8.7882030973953889,8.7882823352722301
1150,1.0781234643478259,-8.8148959416949317,-0.038008020985216925,8.8148959416949317,8.814977882704472
1151,1.0771867801911381,-8.8418216956148008,-0.038704546731490097,8.8418216956148008,8.8419064086305674
1152,1.0762517222222221,-8.8689827188233998,-0.039408918452614225,8.8689827188233998,8.8690702742531986
1153,1.0753182862098871,-8.896381409360874,-0.040121270544106163,8.896381409360874,8.8964718791873807
1154,1.0743864679376083,-8.9240202043574683,-0.040841740015910608,8.9240202043574683,8.9241136621800052
1155,1.0734562632034632,-8.9519015807697322,-0.041570466556703822,8.9519015807697322,8.9519981018472841
1156,1.072527667820069,-8.9800280561345041,-0.042307592600018998,8.9800280561345041,8.9801277174299958
1157,1.0716006776145202,-9.0084021893411794,-0.043053263392251698,9.0084021893411794,9.0085050695670734
1158,1.0706752884283246,-9.0370265814230564,-0.043807627062610724,9.0370265814230564,9.0371327610883174
1159,1.0697514961173424,-9.0659038763678836,-0.044570834695074363,9.0659038763678836,9.0660134378263315
1160,1.0688292965517241,-9.0950367619485952,-0.045343040402425136,9.0950367619485952,9.0951497894487314
1161,1.0679086856158484,-9.1244279705749882,-0.046124401402429113,9.1244279705749882,9.1245445503113149
1162,1.0669896592082615,-9.1540802801657328,-0.046915078096234741,9.1540802801657328,9.1542005003316316
1163,1.0660722132416165,-9.183996515042903,-0.04771523414906402,9.183996515042903,9.1841204658851296
1164,1.0651563436426117,-9.2141795468486407,-0.048525036573279029,9.2141795468486407,9.2143073207234778
1165,1.0642420463519313,-9.2446322954845712,-0.049344655813899727,9.2446322954845712,9.2447639869157143
1166,1.0633293173241851,-9.2753577300757293,-0.050174265836661222,9.2753577300757293,9.27549343581396
1167,1.0624181525278491,-9.306358869958359,-0.051014044218697568,9.306358869958359,9.3064986890430585
1168,1.0615085479452053,-9.3376387856922776,-0.051864172241944131,9.3376387856922776,9.3377828195148709
1169,1.060600499572284,-9.3692006001008501,-0.052724834989350294,9.3692006001008501,9.3693489524702187
1170,1.0596940034188034,-9.401047489335987,-0.05359622144400733,9.401047489335987,9.4012002665459455
1171,1.0587890555081128,-9.4331826839711503,-0.054478524591286576,9.4331826839711503,9.433339994870046
1172,1.0578856518771331,-9.4656094701231588,-0.05537194152410202,9.4656094701231588,9.4657714261856842
1173,1.0569837885763,-9.498331190602098,-0.056276673551403048,9.498331190602098,9.4984979060033847
1174,1.0560834616695058,-9.5313512460925587,-0.057192926310015116,9.5313512460925587,9.5315228377846353
1175,1.0551846672340426,-9.5646730963645545,-0.058120909879949501,9.5646730963645545,9.5648496841552699
1176,1.0542874013605441,-9.5983002615172168,-0.059060838903306281,9.5983002615172168,9.5984819681517042
1177,1.0533916601529312,-9.6322363232551709,-0.060012932706898905,9.6322363232551709,9.6324232744999509
1178,1.0524974397283531,-9.6664849261984394,-0.060977415428741619,9.6664849261984394,9.6666772509282648
1179,1.051604736217133,-9.701049779227894,-0.06195451614853531,9.701049779227894,9.7012476095154252
1180,1.0507135457627117,-9.7359346568663057,-0.062944469022301358,9.7359346568663057,9.736138128074753
1181,1.0498238645215918,-9.7711434006969888,-0.063947513421319324,9.7711434006969888,9.771352651575782
1182,1.0489356886632826,-9.8066799208203506,-0.064963894075524498,9.8066799208203506,9.8068950936040142
1183,1.048049014370245,-9.8425481973502933,-0.065993861221533667,9.8425481973502933,9.8427694378605874
1184,1.0471638378378378,-9.8787522819520355,-0.067037670755473094,9.8787522819520355,9.8789797397035315
1185,1.0462801552742615,-9.9152962994206604,-0.068095584390791719,9.9152962994206604,9.9155301277298609
1186,1.0453979629005059,-9.9521844493049052,-0.069167869821243289,9.9521844493049052,9.9524248054030533
1187,1.0445172569502947,-9.9894210075744994,-0.070254800889241659,9.9894210075744994,9.989668052724209
1188,1.0436380336700335,-10.027010328335098,-0.071356657759788417,10.027010328335098,10.027264227950981
1189,1.0427602893187551,-10.064956845590014,-0.072473727100192814,10.064956845590014,10.065217769363416
1190,1.0418840201680672,-10.103265075052501,-0.073606302265805418,10.103265075052501,10.103533197080559
1191,1.041009222502099,-10.141939616008699,-0.074754683492000873,10.141939616008699,10.142215114927835
1192,1.0401358926174495,-10.180985153233454,-0.075919178092651557,10.180985153233454,10.18126821235755
1193,1.0392640268231348,-10.220406458960742,-0.077100100665351973,10.220406458960742,10.220697266424098
1194,1.038393621440536,-10.26020839491115,-0.07829777330365828,10.26020839491115,10.260507143816506
1195,1.0375246728033471,-10.300395914376971,-0.07951252581662191,10.300395914376971,10.300702802948715
1196,1.036657177257525,-10.340974064368435,-0.080744695955907081,10.340974064368435,10.341289296111276
1197,1.0357911311612364,-10.381947987821665,-0.081994629650802786,10.381947987821665,10.382271771684938
1198,1.0349265308848079,-10.423322925872409,-0.083262681251442178,10.423322925872409,10.423655476420281
1199,1.0340633728106754,-10.465104220194984,-0.084549213780564542,10.465104220194984,10.46544575778279
1200,1.0332016533333332,-10.507297315412117,-0.085854599194172515,10.507297315412117,10.507648066369063
1201,1.032341368859284,-10.549907761575728,-0.087179218651444901,10.549907761575728,10.550267958394254
1202,1.0314825158069882,-10.592941216721098,-0.088523462794290741,10.592941216721098,10.593311098253169
1203,1.0306250906068162,-10.636403449499316,-0.089887732036942503,10.636403449499316,10.636783261159911
1204,1.0297690897009966,-10.680300341888291,-0.09127243686601369,10.680300341888291,10.680690335866432
1205,1.0289145095435683,-10.724637891986294,-0.092677998151451807,10.724637891986294,10.725038327463897
1206,1.0280613466003317,-10.769422216890778,-0.094104847468856306,10.769422216890778,10.769833360269685
1207,1.0272095973487987,-10.814659555666115,-0.095553427433638233,10.814659555666115,10.815081680803651
1208,1.0263592582781456,-10.860356272402559,-0.097024192047530128,10.860356272402559,10.860789660855977
1209,1.0255103258891645,-10.906518859370276,-0.098517607057977824,10.906518859370276,10.906963800650479
1210,1.0246627966942148,-10.95315394027222,-0.10003415033097263,10.95315394027222,10.953610732107165
1211,1.0238166672171758,-11.000268273598937,-0.1015743122379047,11.000268273598937,11.000737222207153
1212,1.0229719339933994,-11.047868756089425,-0.10313859605705583,11.047868756089425,11.048350176464066
1213,1.022128593569662,-11.095962426302385,-0.10472751839037492,11.095962426302385,11.096456642506316
1214,1.0212866425041185,-11.144556468300944,-0.10634160959621253,11.144556468300944,11.145063813773341
1215,1.0204460773662551,-11.193658215456686,-0.10798141423872465,11.193658215456686,11.194179033331652
1216,1.019606894736842,-11.24327515437615,-0.10964749155470344,11.24327515437615,11.243809797813919
1217,1.0187690912078882,-11.293414928955503,-0.11134041593860061,11.293414928955503,11.29396376148677
1218,1.0179326633825942,-11.344085344567794,-0.11306077744659671,11.344085344567794,11.344648740451802
1219,1.0170976078753076,-11.395294372387955,-0.11480918232056087,11.395294372387955,11.39587271698494
1220,1.0162639213114752,-11.447050153861536,-0.11658625353283589,11.447050153861536,11.447643844020227
1221,1.0154316003276003,-11.499361005322303,-0.11839263135279798,11.499361005322303,11.499970449783158
1222,1.0146006415711948,-11.552235422764586,-0.12022897393621712,11.552235422764586,11.552861042579478
1223,1.0137710417007357,-11.605682086777009,-0.12209595793847638,11.605682086777009,11.606324315746205
1224,1.0129427973856209,-11.659709867643169,-0.12399427915278094,11.659709867643169,11.660369152770341
1225,1.0121159053061224,-11.714327830618142,-0.12592465317454959,11.714327830618142,11.715004632584312
1226,1.0112903621533442,-11.769545241384563,-0.12788781609322358,11.769545241384563,11.770240035041899
1227,1.0104661646291768,-11.825371571699769,-0.12988452521283106,11.825371571699769,11.826084846586163
1228,1.009643309446254,-11.881816505237257,-0.13191555980268738,11.881816505237257,11.882548766112704
1229,1.0088217933279089,-11.938889943635452,-0.13398172187970381,11.938889943635452,11.939641711041316
1230,1.00800161300813,-11.996602012758729,-0.13608383702386023,11.996602012758729,11.997373823600977
1231,1.0071827652315191,-12.054963069180943,-0.13822275522847366,12.054963069180943,12.055755477338588
1232,1.0063652467532467,-12.113983706901138,-0.14039935178700486,12.113983706901138,12.114797283861106
1233,1.0055490543390104,-12.173674764301655,-0.14261452821821929,12.173674764301655,12.174510099821424
1234,1.0047341847649918,-12.234047331357335,-0.14486921323165203,12.234047331357335,12.234905034156737
1235,1.0039206348178138,-12.295112757109244,-0.14716436373541913,12.295112757109244,12.295993455592928
1236,1.0031084012944984,-12.356882657411806,-0.14950096588853795,12.356882657411806,12.357787000423912
1237,1.0022974810024252,-12.419368922967973,-0.15188003620005364,12.419368922967973,12.4202975805807
1238,1.0014878707592891,-12.482583727662629,-0.15430262267740835,12.482583727662629,12.483537392000432
1239,1.0006795673930589,-12.546539537209668,-0.15676980602661328,12.546539537209668,12.547518923310975
1240,0.99987256774193545,-12.611249118125563,-0.15928270090696511,12.611249118125563,12.612254964843956
1241,0.99906686865431094,-12.676725547044111,-0.16184245724319152,12.676725547044111,12.677758617991088
1242,0.99826246698872778,-12.742982220389322,-0.16445026159809822,12.742982220389322,12.744043304920854
1243,0.99745935961383747,-12.810032864420759,-0.16710733860897764,12.810032864420759,12.811122778669983
1244,0.9966575434083601,-12.877891545670426,-0.16981495249123135,12.877891545670426,12.879011133628987
1245,0.99585701526104409,-12.946572681788076,-0.17257440861288365,12.946572681788076,12.94772281643878
1246,0.99505777207062596,-13.016091052815081,-0.1753870551438938,13.016091052815081,13.01727263731865
1247,0.99425981074578984,-13.086461812906503,-0.17825428478441052,13.086461812906503,13.087675781845459
1248,0.99346312820512817,-13.157700502523134,-0.18117753657639102,13.157700502523134,13.158947823205981
1249,0.99266772137710158,-13.229823061115077,-0.18415829780327508,13.229823061115077,13.231104734944173
1250,0.99187358719999996,-13.302845840322888,-0.1871981059827289,13.302845840322888,13.304162904229617
1251,0.99108072262190239,-13.37678561771806,-0.19029855095777337,13.37678561771806,13.378139145669152
1252,0.99028912460063889,-13.451659611112916,-0.19346127709198774,13.451659611112916,13.453050715691981
1253,0.98949879010375097,-13.527485493465932,-0.1966879855748368,13.527485493465932,13.528915327534602
1254,0.98870971610845293,-13.604281408412245,-0.19998043684358652,13.604281408412245,13.60575116685555
1255,0.9879218996015936,-13.682065986452276,-0.20334045312869981,13.682065986452276,13.683576908013228
1256,0.9871353375796178,-13.760858361830046,-0.20676992113008014,13.760858361830046,13.762411731038714
1257,0.98635002704852814,-13.840678190137954,-0.21027079483202687,13.840678190137954,13.842275339340702
1258,0.9855659650238473,-13.921545666684441,-0.21384509846531768,13.921545666684441,13.923187978179351
1259,0.9847831485305798,-14.003481545664599,-0.21749492962541783,14.003481545664599,14.00517045394956
1260,0.9840015746031745,-14.086507160176524,-0.22122246255644024,14.086507160176524,14.088244154316891
1261,0.98322124028548763,-14.170644443126367,-0.22502995161117245,14.170644443126367,14.172431069249562
1262,0.98244214263074481,-14.255915949071543,-0.22891973489822931,14.255915949071543,14.257753812996571
1263,0.9816642787015043,-14.342344877051222,-0.23289423812816207,14.342344877051222,14.344235647061529
1264,0.98088764556962016,-14.429955094458101,-0.23695597867125084,14.429955094458101,14.431900504226926
1265,0.98011224031620547,-14.518771162008978,-0.2411075698406156,14.518771162008978,14.520773013686908
1266,0.97933806003159551,-14.608818359873275,-0.24535172541530359,14.608818359873275,14.610878527348545
1267,0.97856510181531164,-14.700122715026492,-0.24969126441910416,14.700122715026492,14.702243147369215
1268,0.97779336277602513,-14.792711029895187,-0.25412911617202871,14.792711029895187,14.794893754997672
1269,0.97702284003152085,-14.886610912367885,-0.25866832563269537,14.886610912367885,14.888858040794004
1270,0.97625353070866139,-14.981850807250574,-0.263312059051245,14.981850807250574,14.984164536308203
1271,0.97548543194335158,-15.078460029249168,-0.26806360995394718,15.078460029249168,15.080842647300793
1272,0.97471854088050303,-15.176468797569257,-0.27292640548232039,15.176468797569257,15.178922688596932
1273,0.97395285467399839,-15.275908272227305,-0.2779040131113879,15.275908272227305,15.278435920669564
1274,0.97318837048665618,-15.376810592176433,-0.28300014777365823,15.376810592176433,15.379414588055985
1275,0.97242508549019602,-15.479208915354455,-0.28821867941757606,15.479208915354455,15.481891959717135
1276,0.97166299686520374,-15.583137460771965,-0.29356364103152965,15.583137460771965,15.585902371458966
1277,0.97090210180109626,-15.688631552764228,-0.2990392371670566,15.688631552764228,15.691481270541502
1278,0.97014239749608755,-15.79572766754287,-0.30464985299769087,15.79572766754287,15.798665262613509
1279,0.9693838811571539,-15.90446348218741,-0.31040006395297404,15.90446348218741,15.907492161114989
1280,0.96862654999999998,-16.014877926235464,-0.3162946459704844,16.014877926235464,16.018001039308668
1281,0.96787040124902413,-16.127011236033297,-0.32233858641245172,16.127011236033297,16.130232285104718
1282,0.96711543213728546,-16.240905012026865,-0.32853709569751666,16.240905012026865,16.244227658861739
1283,0.96636163990646917,-16.356602279184621,-0.33489561970270387,16.356602279184621,16.360030354358258
1284,0.96560902180685348,-16.474147550757394,-0.34141985299547806,16.474147550757394,16.477685063143586
1285,0.96485757509727621,-16.593586895598307,-0.34811575296119057,16.593586895598307,16.597238042494645
1286,0.96410729704510101,-16.714968009282003,-0.35498955489710349,16.714968009282003,16.71873718722221
1287,0.96335818492618486,-16.83834028928112,-0.36204778815070504,16.83834028928112,16.842232105588991
1288,0.96261023602484463,-16.963754914479871,-0.36929729338729045,16.963754914479871,16.967774199624508
1289,0.96186344763382459,-17.091264929325121,-0.37674524107966889,17.091264929325121,17.095416750142565
1290,0.96111781705426347,-17.220925332942656,-0.38439915132174562,17.220925332942656,17.225215006795214
1291,0.96037334159566223,-17.352793173570312,-0.39226691507745859,17.352793173570312,17.357226283521594
1292,0.95963001857585128,-17.486927648691804,-0.40035681698740866,17.486927648691804,17.491510059783007
1293,0.95888784532095894,-17.623390211285724,-0.40867755986751264,17.623390211285724,17.628128088006985
1294,0.95814681916537858,-17.762244682640542,-0.41723829104746557,17.762244682640542,17.767144507700397
1295,0.95740693745173744,-17.903557372225201,-0.42604863071158505,17.903557372225201,17.908625966731524
1296,0.95666819753086418,-18.047397205148243,-0.43511870242131845,18.047397205148243,18.052641750325336
1297,0.95593059676175784,-18.193835857784542,-0.44445916601714686,18.193835857784542,18.199263918363929
1298,0.95519413251155616,-18.342947902202617,-0.45408125311835834,18.342947902202617,18.348567451639187
1299,0.95445880215550416,-18.494810960081558,-0.463996805462352,18.494810960081558,18.500630407762657
1300,0.95372460307692297,-18.649505866870065,-0.47421831635106837,18.649505866870065,18.655534087502932
1301,0.95299153266717906,-18.807116847013191,-0.48475897550134106,18.807116847013191,18.813363212396034
1302,0.95225958832565283,-18.967731701145006,-0.49563271762870453,18.967731701145006,18.974206114549439
1303,0.95152876745970827,-19.131442006237442,-0.5068542751310714,19.131442006237442,19.138154939655109
1304,0.95079906748466247,-19.298343329787897,-0.51843923528032909,19.298343329787897,19.305305864322559
1305,0.95007048582375475,-19.468535459236762,-0.53040410237683866,19.468535459236762,19.47575932895499
1306,0.94934301990811631,-19.642122647922761,-0.54276636537494793,19.642122647922761,19.649620287512498
1307,0.94861666717674054,-19.819213879019664,-0.55554457154784731,19.819213879019664,19.826998475646835
1308,0.94789142507645252,-19.999923149042601,-0.56875840682844525,19.999923149042601,20.008008698842275
1309,0.94716729106187925,-20.184369772681308,-0.58242878354058547,20.184369772681308,20.192771142372397
1310,0.94644426259541981,-20.372678710898704,-0.59657793632349532,20.372678710898704,20.381411705071198
1311,0.94572233714721576,-20.56498092444653,-0.61122952715333678,20.56498092444653,20.57406235913836
1312,0.94500151219512185,-20.761413755178843,-0.62640876048127114,20.761413755178843,20.770861538437373
1313,0.94428178522467621,-20.9621213378107,-0.6421425096398008,20.9621213378107,20.971954558023082
1314,0.94356315372907151,-21.167255045064245,-0.65845945582115828,21.167255045064245,21.177494067942931
1315,0.94284561520912535,-21.37697396948225,-0.67539024110636414,21.37697396948225,21.387640544709541
1316,0.94212916717325224,-21.591445445563245,-0.69296763722523069,21.591445445563245,21.602562824233964
1317,0.9414138071374335,-21.810845616311084,-0.71122673196076658,21.810845616311084,21.822438680468601
1318,0.94069953262518957,-22.035360048770897,-0.73020513538127463,22.035360048770897,22.047455454512338
1319,0.93998634116755109,-22.265184403686924,-0.74994320839717843,22.265184403686924,22.277810739522959
1320,0.93927423030303026,-22.500525165047222,-0.77048431650456051,22.500525165047222,22.513713127445303
1321,0.93856319757759266,-22.741600436007076,-0.79187511200345106,22.741600436007076,22.755383024330921
1322,0.93785324054462926,-22.988640808511434,-0.81416584847752138,22.988640808511434,23.003053541901437
1323,0.93714435676492813,-23.241890314890263,-0.83741073190699256,23.241890314890263,23.256971474018339
1324,0.93643654380664643,-23.501607470793381,-0.86166831347502604,23.501607470793381,23.517398367882837
1325,0.93572979924528299,-23.768066420097497,-0.88700192994068083,23.768066420097497,23.784611701137454
1326,0.93502412066365004,-24.041558193873975,-0.91348019841370331,24.041558193873975,24.05890617759508
1327,0.93431950565184618,-24.322392097199469,-0.94117757350915365,24.322392097199469,24.34059515613346
1328,0.93361595180722889,-24.61089723955174,-0.97017497622164806,24.61089723955174,24.63001222939733
1329,0.93291345673438664,-24.907424226823274,-1.0005605054871909,24.907424226823274,24.927512971415414
1330,0.93221201804511267,-25.212347035649458,-1.0324302453540684,25.212347035649458,25.233476876117248
1331,0.93151163335837706,-25.526065093879772,-1.0658891830374229,25.526065093879772,25.548309512128263
1332,0.93081230030030027,-25.849005594686041,-1.1010522559763665,25.849005594686041,25.872444923209347
1333,0.93011401650412595,-26.181626076121958,-1.1380455494655051,26.181626076121958,26.206348308425717
1334,0.92941677961019487,-26.524417303056921,-1.1770076706409851,26.524417303056921,26.550519021733887
1335,0.92872058726591755,-26.877906494449242,-1.2180913297532503,26.877906494449242,26.90549393733512
1336,0.92802543712574848,-27.242660946111592,-1.2614651659938452,27.242660946111592,27.271851235107039
1337,0.92733132685115927,-27.619292107687478,-1.3073158629715627,27.619292107687478,27.65021466996857
1338,0.92663825411061274,-28.008460182807546,-1.3558506086524726,28.008460182807546,28.041258400522953
1339,0.92594621657953691,-28.410879333690744,-1.4072999667096231,28.410879333690744,28.445712466201947
1340,0.92525521194029847,-28.82732358626523,-1.461921241451122,28.82732358626523,28.864369018973022
1341,0.92456523788217737,-29.258633549777848,-1.5200024377071992,29.258633549777848,29.298089436187158
1342,0.92387629210134126,-29.705724086548372,-1.581866941447398,29.705724086548372,29.747812466240006
1343,0.92318837230081896,-30.16959309391342,-1.6478790780583976,30.16959309391342,30.214563589570691
1344,0.92250147619047618,-30.651331592585279,-1.7184507452804296,30.651331592585279,30.699465815589878
1345,0.92181560148698882,-31.152135355060423,-1.794049369681888,31.152135355060423,31.20375218336509
1346,0.9211307459138186,-31.673318356050558,-1.8752075032164832,31.673318356050558,31.728780292722391
1347,0.92044690720118771,-32.21632838638925,-1.9625344653384253,32.21632838638925,32.27604926609375
1348,0.9197640830860534,-32.782765245140794,-2.0567305539740657,32.782765245140794,32.847219634082599
1349,0.91908227131208298,-33.374402014988036,-2.1586045060836918,33.374402014988036,33.444136754769474
1350,0.91840146962962954,-33.993210037309822,-2.2690951008054991,33.993210037309822,34.068858525303732
1351,0.91772167579570685,-34.641388340154862,-2.3892980870649856,34.641388340154862,34.723688333503247
1352,0.91704288757396446,-35.321398439403879,-2.520500014663722,35.321398439403879,35.411214438918108
1353,0.91636510273466365,-36.036005635195352,-2.664221099556384,36.036005635195352,36.134357282331074
1354,0.91568831905465287,-36.788328164560951,-2.8222700289655895,36.788328164560951,36.896426619116191
1355,0.91501253431734308,-37.581895843914623,-2.9968147132222001,37.581895843914623,37.701190878382505
1356,0.91433774631268427,-38.420720125362465,-3.1904745752588148,38.420720125362465,38.552961792407146
1357,0.91366395283714064,-39.3093777544712,-3.4064422760970769,39.3093777544712,39.456698143966591
1358,0.91299115169366707,-40.253110351173603,-3.6486461795715277,40.253110351173603,40.418133453778651
1359,0.91231934069168497,-41.257942015751979,-3.9219699499311123,41.257942015751979,41.44393354477004
1360,0.91164851764705879,-42.330816014245016,-4.232553383795322,42.330816014245016,42.541891031999739
1361,0.91097868038207197,-43.479748730493256,-4.5882103864716512,43.479748730493256,43.721164488349991
1362,0.91030982672540373,-44.713992310416828,-4.9990182632810889,44.713992310416828,44.992569296858711
1363,0.90964195451210561,-46.044182398570584,-5.4781608622533753,46.044182398570584,46.368922557954285
1364,0.90897506158357766,-47.482414785191736,-6.0431519358815766,47.482414785191736,47.865430105172393
1365,0.90830914578754574,-49.042124689426998,-6.7176310799937848,49.042124689426998,49.500066276523341
1366,0.90764420497803799,-50.737491759685938,-7.5340166857329898,50.737491759685938,51.293805449440981
1367,0.90698023701536201,-52.581770841185232,-8.5374014818594404,52.581770841185232,53.270346806242721
1368,0.90631723976608181,-54.583266823648273,-9.7910819565050424,54.583266823648273,55.454470541342111
1369,0.90565521110299485,-56.736311737395226,-11.383613130003393,56.736311737395226,57.867052088874175
1370,0.90499414890510943,-59.002331545892247,-13.434942538239177,59.002331545892247,60.512583888453982
1371,0.9043340510576221,-61.274507118077068,-16.091604249611919,61.274507118077068,63.352229241672347
1372,0.90367491545189493,-63.328952356936554,-19.484301139865366,63.328952356936554,66.258540562980244
1373,0.9030167399854333,-64.812579490575075,-23.614796103229125,64.812579490575075,68.980642612396679
1374,0.90235952256186314,-65.376408413749175,-28.235564114133453,65.376408413749175,71.213214068209808
1375,0.90170326109090904,-64.883000254476457,-32.937279611770762,64.883000254476457,72.7644701090193
1376,0.90104795348837208,-63.389972574345308,-37.326257533406931,63.389972574345308,73.563157384838149
1377,0.90039359767610738,-61.145166561640139,-41.05169519733326,61.145166561640139,73.64762774472419
1378,0.8997401915820028,-58.54530676757966,-44.009172081457734,58.54530676757966,73.241792521792959
1379,0.89908773313995638,-55.859062933869708,-46.294044688126746,55.859062933869708,72.549110852141354
1380,0.89843622028985504,-53.2565672151771,-48.042848581792981,53.2565672151771,71.724314227448446
1381,0.89778565097755247,-50.792055847627893,-49.405146052750922,50.792055847627893,70.856907875818294
1382,0.89713602315484797,-48.488391318562392,-50.466526391971044,48.488391318562392,69.985672667579237
1383,0.89648733477946485,-46.342703409606713,-51.318788251203273,46.342703409606713,69.146686015185239
1384,0.89583958381502882,-44.337575773921728,-51.998971417032905,44.337575773921728,68.335303130502439
1385,0.89519276823104688,-42.468744537620324,-52.558104622430335,42.468744537620324,67.571803469376107
1386,0.8945468860028859,-40.709144506078403,-53.014415215322742,40.709144506078403,66.841324545818338
1387,0.89390193511175187,-39.060505280537527,-53.392897073307495,39.060505280537527,66.155306141319528
1388,0.89325791354466855,-37.496309470418268,-53.708228985567416,37.496309470418268,65.502267782631179
1389,0.89261481929445641,-36.020449436415433,-53.967792971659719,36.020449436415433,64.884477772679077
1390,0.89197265035971218,-34.612214435895154,-54.187601464871946,34.612214435895154,64.298534514187665
1391,0.89133140474478789,-33.273067918138324,-54.363878242885932,33.273067918138324,63.737965972349414
1392,0.89069108045977008,-31.99086373429634,-54.513327329610021,31.99086373429634,63.206947553346723
1393,0.89005167552045938,-30.762385394082003,-54.626749438269698,30.762385394082003,62.692951033792696
1394,0.88941318794835,-29.584894993993608,-54.718825728096746,29.584894993993608,62.204629255927969
1395,0.88877561577060926,-28.451504606938713,-54.780243484877687,28.451504606938713,61.728139374689874
1396,0.8881389570200573,-27.368238981132791,-54.822634720930679,27.368238981132791,61.274315848265424
1397,0.88750320973514663,-26.325905989936686,-54.842958456758836,26.325905989936686,60.834229003750508
1398,0.88686837195994273,-25.33281851199856,-54.850584211376059,25.33281851199856,60.41802944561428
1399,0.88623444174410282,-24.375723029896449,-54.848544610018067,24.375723029896449,60.021152263742536
1400,0.88560141714285712,-23.460682156896681,-54.840253130073847,23.460682156896681,59.647774230372626
1401,0.88496929621698783,-22.573098549087327,-54.831378186689733,22.573098549087327,59.29607754277346
1402,0.8843380770328102,-21.716504966399562,-54.817147910816587,21.716504966399562,58.962075040079796
1403,0.88370775766215248,-20.881294328222793,-54.803959374479462,20.881294328222793,58.64727117216507
1404,0.88307833618233611,-20.06964482476566,-54.783647304286688,20.06964482476566,58.344139854425151
1405,0.88244981067615647,-19.277392802877749,-54.764120666782773,19.277392802877749,58.057960571160152
1406,0.88182217923186335,-18.503827141195238,-54.737031174380348,18.503827141195238,57.780050196034956
1407,0.88119543994314142,-17.748968844754501,-54.710218090859115,17.748968844754501,57.517248357353061
1408,0.88056959090909082,-17.009207697424699,-54.676636745844931,17.009207697424699,57.261223810980596
1409,0.87994463023420855,-16.28753684949573,-54.642610182748015,16.28753684949573,57.018406714037866
1410,0.87932055602836878,-15.578332883189816,-54.603231145839246,15.578332883189816,56.782015700267472
1411,0.87869736640680363,-14.886320708342417,-54.562571782968647,14.886320708342417,56.556845596295688
1412,0.87807505949008491,-14.204957888528568,-54.518144693855362,14.204957888528568,56.338343332716299
1413,0.87745363340410465,-13.53957304301629,-54.471652843916587,13.53957304301629,56.129145742077171
1414,0.87683308628005652,-12.883667610167578,-54.42286707159127,12.883667610167578,55.927071721853757
1415,0.87621341625441684,-12.242300449851271,-54.371414844316007,12.242300449851271,55.732617671137035
1416,0.87559462146892653,-11.60970465000652,-54.318887218244555,11.60970465000652,55.545717662919387
1417,0.8749767000705716,-10.990106076941832,-54.263340656528939,10.990106076941832,55.365084401533615
1418,0.87435965021156548,-10.378856833209273,-54.207636215674285,10.378856833209273,55.192286537659747
1419,0.87374347004933051,-9.7790771544108779,-54.148815868423725,9.7790771544108779,55.024763606437936
1420,0.87312815774647878,-9.1873667195642987,-54.090472437878446,9.1873667195642987,54.865170334125871
1421,0.87251371147079515,-8.6056961876196674,-54.029137266395892,8.6056961876196674,54.71019722706783
1422,0.87190012939521799,-8.0318528765140513,-53.968683971300521,8.0318528765140513,54.563078269321252
1423,0.87128740969782148,-7.4667672704072885,-53.905529696356268,7.4667672704072885,54.420205303868279
1424,0.87067555056179768,-6.9092395209933599,-53.843497679399803,6.9092395209933599,54.284987179790214
1425,0.87006455017543849,-6.359352649696838,-53.779163431536958,6.359352649696838,54.153852914812695
1426,0.86945440673211771,-5.8166926814923645,-53.716090001853274,5.8166926814923645,54.03010493084507
1427,0.86884511843027323,-5.2807160092669605,-53.651168734136789,5.2807160092669605,53.910424484596163
1428,0.86823668347338934,-4.7515611986262023,-53.587596784835569,4.7515611986262023,53.797842549663734
1429,0.86762910006997895,-4.2282695344411039,-53.522645997664753,4.2282695344411039,53.689402099923051
1430,0.86702236643356634,-3.7113206822702729,-53.459120069631851,3.7113206822702729,53.587791705069932
1431,0.86641648078266942,-3.1995220625055669,-53.394670108869278,3.1995220625055669,53.49044529131757
1432,0.86581144134078203,-2.6935181996665793,-53.331729466305717,2.6935181996665793,53.399704195427496
1433,0.86520724633635726,-2.1920256201077724,-53.268286901296221,2.1920256201077724,53.313369483817233
1434,0.86460389400278936,-1.6957150281986539,-53.206454537039406,1.6957150281986539,53.233469301360593
1435,0.8640013825783972,-1.2033174419258632,-53.144497635281652,1.2033174419258632,53.158118869769083
1436,0.86339971030640661,-0.71542432523965793,-53.084262013161535,0.71542432523965793,53.089082733148906
1437,0.86279887543493383,-0.23085430227014125,-53.024223525817945,0.23085430227014125,53.024726064589728
1438,0.862198876216968,0.24995963937055476,-52.966006340571568,0.24995963937055476,52.966596147862674
1439,0.86159971091035437,0.7280636608427753,-52.908234465583178,0.7280636608427753,52.913243625385164
1440,0.86100137777777774,1.203242681444636,-52.852330927009248,1.203242681444636,52.866025738356271
1441,0.86040387508674521,1.6763789080262774,-52.797009658842214,1.6763789080262774,52.823616642172027
1442,0.85980720110956999,2.1475164277742382,-52.743473591298169,2.1475164277742382,52.787174893941121
1443,0.85921135412335403,2.6173550594187982,-52.690462537991763,2.6173550594187982,52.755429957252538
1444,0.85861633240997226,3.0862092955878087,-52.63887803365553,3.0862092955878087,52.729272405924924
1445,0.85802213425605534,3.5545641476497032,-52.587387653527315,3.5545641476497032,52.707383415439189
1446,0.85742875795297369,4.0229310323699439,-52.536410469781501,4.0229310323699439,52.690211606526809
1447,0.85683620179682096,4.4914370377952331,-52.484362295738649,4.4914370377952331,52.676192841309557
1448,0.85624446408839772,4.9604300237671684,-52.430882024910204,4.9604300237671684,52.665009787625998
1449,0.85565354313319519,5.429077145206243,-52.373946591955516,5.429077145206243,52.654583468731467
1450,0.85506343724137923,5.8963610677587814,-52.312441370329196,5.8963610677587814,52.643694740828273
1451,0.85447414472777394,6.3589393026165517,-52.244950361724051,6.3589393026165517,52.630513462756298
1452,0.85388566391184562,6.8131304906858663,-52.172484729602346,6.8131304906858663,52.615462650666714
1453,0.8532979931176875,7.254890124080779,-52.098725157252247,7.254890124080779,52.601431479793334
1454,0.85271113067400273,7.6838605896254304,-52.02883597108206,7.6838605896254304,52.593169576158481
1455,0.85212507491408929,8.1007805045096681,-51.967164441767807,8.1007805045096681,52.594760432004833
1456,0.85153982417582408,8.5075597148323716,-51.917987150845278,8.5075597148323716,52.610416859180795
1457,0.85095537680164712,8.9088177725589119,-51.885663117875225,8.9088177725589119,52.644933956519495
1458,0.85037173113854592,9.310348655342743,-51.869922640913941,9.310348655342743,52.698875385139289
1459,0.84978888553803966,9.7150995393359558,-51.86949483452544,9.7150995393359558,52.771466281012763
1460,0.84920683835616428,10.125592418407715,-51.883445722442147,10.125592418407715,52.862269738040155
1461,0.84862558795345644,10.543881762813704,-51.909828375420375,10.543881762813704,52.969837875849628
1462,0.84804513269493842,10.970141411887834,-51.947719100138826,10.970141411887834,53.093403755115801
1463,0.8474654709501025,11.405917860037437,-51.996900219270742,11.405917860037437,53.233190723858726
1464,0.84688660109289615,11.852111124760341,-52.056204901391823,11.852111124760341,53.388397680107971
1465,0.84630852150170643,12.309031230247189,-52.125628570453728,12.309031230247189,53.559251336180033
1466,0.84573123055934507,12.778408699087013,-52.205171794344253,12.778408699087013,53.746327232266758
1467,0.84515472665303337,13.261056085232248,-52.29393297148863,13.261056085232248,53.949152302165238
1468,0.84457900817438691,13.757910213686454,-52.392257506901018,13.757910213686454,54.168521671883241
1469,0.84400407351940088,14.27099294807131,-52.49972364302748,14.27099294807131,54.404799625751401
1470,0.84342992108843529,14.801270943419187,-52.615438066359232,14.801270943419187,54.657679647560869
1471,0.8428565492861998,15.350337830266238,-52.739414551573006,15.350337830266238,54.92794114788915
1472,0.84228395652173904,15.920305084880265,-52.870325172071077,15.920305084880265,55.215282284854773
1473,0.84171214120841809,16.512111101893428,-53.006731197489501,16.512111101893428,55.519036062274878
1474,0.84114110176390766,17.127307575458051,-53.147388383225064,17.127307575458051,55.838960921042485
1475,0.8405708366101694,17.766638053982057,-53.28950394843028,17.766638053982057,56.173166715176116
1476,0.84000134417344163,18.428762658227839,-53.430951843917654,18.428762658227839,56.519783333451834
1477,0.83943262288422471,19.1115892195266,-53.570742224976271,19.1115892195266,56.877739626595393
1478,0.83886467117726649,19.811294678939937,-53.709958871468729,19.811294678939937,57.247245163681512
1479,0.83829748749154831,20.525515895533459,-53.854504021644232,20.525515895533459,57.633361919942615
1480,0.83773107027027016,21.257082284160958,-54.011014322435329,21.257082284160958,58.043545854590107
1481,0.83716541796083721,22.010258450884599,-54.18410588354071,22.010258450884599,58.48391922121403
1482,0.83660052901484472,22.790792265941342,-54.379805547224905,22.790792265941342,58.962559844898905
1483,0.83603640188806472,23.609737133675424,-54.602565857670811,23.609737133675424,59.488317220800006
1484,0.83547303504043124,24.479066149242236,-54.851046862660127,24.479066149242236,60.065481114103427
1485,0.83491042693602691,25.408176071513637,-55.122156642150799,25.408176071513637,60.696190689060934
1486,0.83434857604306856,26.406718946280101,-55.4126675835019,26.406718946280101,61.383047612736782
1487,0.83378748083389365,27.484123608070547,-55.717723655764118,27.484123608070547,62.12762493354947
1488,0.83322713978494622,28.649290012505453,-56.032875698735538,28.649290012505453,62.9322252688604
1489,0.83266755137676285,29.913295037429677,-56.353673976563115,29.913295037429677,63.800797727403712
1490,0.8321087140939597,31.288799783898099,-56.673575364253253,31.288799783898099,64.737030643091401
1491,0.83155062642521793,32.789706763529935,-56.985005633996877,32.789706763529935,65.745385668843227
1492,0.83099328686327067,34.433441717885984,-57.278384169108932,34.433441717885984,66.831693092148129
1493,0.83043669390488939,36.240457979670325,-57.539487752284742,36.240457979670325,68.001201793582851
1494,0.82988084605087009,38.234003393149067,-57.749330105958833,38.234003393149067,69.259108737799522
1495,0.82932574180602003,40.442209626288644,-57.881383772794322,40.442209626288644,70.610388094884243
1496,0.82877137967914427,42.89676029036481,-57.896417500883032,42.89676029036481,72.056416805483565
1497,0.82821775818303267,45.630979869126875,-57.738727917758581,45.630979869126875,73.593118057177165
1498,0.82766487583444592,48.677520084031158,-57.327673587722273,48.677520084031158,75.206137518899922
1499,0.82711273115410266,52.056932161518247,-56.546284973638251,52.056932161518247,76.85965476365881
1500,0.8265613226666666,55.756850510446611,-55.232960024395723,55.756850510446611,78.482521951710922
1501,0.82601064890073284,59.694989421375709,-53.178506163494532,59.694989421375709,79.946515119791087
1502,0.8254607083888148,63.658862545276207,-50.15460097602633,63.658862545276207,81.04279597609397
1503,0.8249114996673319,67.255783876034485,-46.011016735352356,67.255783876034485,81.488368039866486
1504,0.82436302127659566,69.956004128125215,-40.838820020661927,69.956004128125215,81.004022951050331
1505,0.82381527176079727,71.30977309760965,-35.080697702872811,71.30977309760965,79.471624436354134
1506,0.82326824966799461,71.222169942903918,-29.388855863034848,71.222169942903918,77.047403202925167
1507,0.82272195355009947,69.982503418430582,-24.295031750250033,69.982503418430582,74.079682453803116
1508,0.82217638196286469,68.03137902922947,-20.0295516469034,68.03137902922947,70.918625704356785
1509,0.82163153346587137,65.74673795791017,-16.580496850451063,65.74673795791017,67.805209445247812
1510,0.82108740662251645,63.374383245456514,-13.825150356849086,63.374383245456514,64.864838195523802
1511,0.82054399999999994,61.048802837078895,-11.621891600726553,61.048802837078895,62.145190419046678
1512,0.82000131216931216,58.835315360119523,-9.8465312986063971,58.835315360119523,59.653570824713853
1513,0.81945934170522139,56.75902226598906,-8.3998745105833876,56.75902226598906,57.377212378997555
1514,0.81891808718626147,54.824372897810207,-7.2075857099786909,54.824372897810207,55.296122426485169
1515,0.81837754719471945,53.026876715718373,-6.2134422221502987,53.026876715718373,53.389666776184285
1516,0.81783772031662261,51.356609695520874,-5.3750494861911484,51.356609695520874,51.637123432633935
1517,0.81729860514172703,49.802772132568904,-4.6613430057048326,49.802772132568904,50.020438129882628
1518,0.8167602002635046,48.354838309275877,-4.047785399088383,48.354838309275877,48.523962683949122
1519,0.8162225042791309,47.001957977029775,-3.5159174736012826,47.001957977029775,47.133276242540653
1520,0.81568551578947368,45.735162950516042,-3.0517305381345619,45.735162950516042,45.836864960287564
1521,0.81514923339907952,44.545976461241992,-2.6433994156461313,44.545976461241992,44.624338419254613
1522,0.81461365571616284,43.426530461251559,-2.282376610604862,43.426530461251559,43.486466755700512
1523,0.81407878135259348,42.370654529486472,-1.961472417366096,42.370654529486472,42.416031630754667
1524,0.81354460892388447,41.3720500757385,-1.6746104241600985,41.3720500757385,41.405927686046596
1525,0.81301113704918027,40.425513853189074,-1.4175951997676037,40.425513853189074,40.450361511917123
1526,0.81247836435124499,39.52665423080883,-1.1862709872753037,39.52665423080883,39.544451362197059
1527,0.81194628945645053,38.670881102958603,-0.97762938215830353,38.670881102958603,38.683236737481266
1528,0.81141491099476437,37.854843618348937,-0.78941770412589118,37.854843618348937,37.863073906924676
1529,0.81088422759973833,37.075147688949684,-0.61926926804748206,37.075147688949684,37.080319181255426
1530,0.8103542379084967,36.3286981799546,-0.46601208444348163,36.3286981799546,36.331686978629051
1531,0.80982494056172427,35.613319791868506,-0.32842760765856926,35.613319791868506,35.614834146621618
1532,0.80929633420365532,34.926592162568468,-0.20569636143953751,34.926592162568468,34.927197870477656
1533,0.8087684174820613,34.267133582425018,-0.097776983917817084,34.267133582425018,34.26727307934415
1534,0.80824118904823983,33.634203909407304,-0.0042151003987411784,33.634203909407304,33.634204173529376
1535,0.80771464755700317,33.02765475837937,0.075092569485408767,33.02765475837937,33.027740124517926
1536,0.80718879166666657,32.448726392895963,0.1412145970211709,32.448726392895963,32.449033669485985
1537,0.80666362003903702,31.898307965374102,0.19688226581091239,31.898307965374102,31.898915556495645
1538,0.80613913133940174,31.376391484364575,0.24574378137530672,31.376391484364575,31.377353817461895
1539,0.80561532423651716,30.881075348712059,0.29201889916461443,30.881075348712059,30.882456018430609
1540,0.8050921974025973,30.408701780817076,0.33828338732754837,30.408701780817076,30.410583349301426
1541,0.80456974951330296,29.955923015085574,0.38547378469172244,29.955923015085574,29.958403056979158
1542,0.80404797924773019,29.519730230195101,0.43366372048244273,29.519730230195101,29.522915457081083
1543,0.80352688528839922,29.098058208509755,0.48212351677872256,29.098058208509755,29.10205206838949
1544,0.80300646632124351,28.689580970957714,0.5304315246194915,28.689580970957714,28.694484032500899
1545,0.80248672103559859,28.293100905490327,0.57806045084999313,28.293100905490327,28.299005507845933
1546,0.80196764812419141,27.90799985698186,0.62461780468757366,27.90799985698186,27.914988866543226
1547,0.80144924628312852,27.533555716113568,0.6700004453723345,27.533555716113568,27.541706391745759
1548,0.80093151421188624,27.169243110081766,0.71392210563969316,27.169243110081766,27.178621303289951
1549,0.80041445061329886,26.814660954676022,0.75642494619096468,26.814660954676022,26.825327972150628
1550,0.79989805419354831,26.469264157720026,0.79742381599904411,26.469264157720026,26.481273190567791
1551,0.79938232366215334,26.132773205462449,0.8369035656007342,26.132773205462449,26.146170713629392
1552,0.79886725773195866,25.804731661669265,0.87495745607238362,25.804731661669265,25.819560931214401
1553,0.79835285511912424,25.48482020736995,0.91152345974007698,25.48482020736995,25.50111636810491
1554,0.79783911454311451,25.172730324512081,0.94673790146066983,25.172730324512081,25.190527280004925
1555,0.79732603472668806,24.868086181457443,0.98058885241465221,24.868086181457443,24.887411774346376
1556,0.79681361439588683,24.570667307000775,1.013148691256446,24.570667307000775,24.591546559375061
1557,0.79630185228002559,24.280119625940543,1.0444911641258963,24.280119625940543,24.302575395252255
1558,0.79579074711168163,23.996220582682945,1.0746219643482577,23.996220582682945,24.020270910608737
1559,0.79528029762668373,23.718697663170985,1.1036528344700356,23.718697663170985,23.744360770842967
1560,0.79477050256410253,23.44729341348279,1.1315812698009196,23.44729341348279,23.474582948118965
1561,0.79426136066623954,23.181808767431143,1.1584940311981691,23.181808767431143,23.210738164695865
1562,0.79375287067861711,22.921979216260183,1.1844236139011159,22.921979216260183,22.95255956288602
1563,0.79324503134996793,22.667633333637859,1.2094097458311941,22.667633333637859,22.699873851666265
1564,0.79273784143222503,22.418539563539184,1.2335173380943782,22.418539563539184,22.452449335993414
1565,0.79223129968051109,22.174519597777461,1.2567584563880356,22.174519597777461,22.210104934689518
1566,0.79172540485312892,21.935389531889847,1.2792017485770757,21.935389531889847,21.972657350200162
1567,0.79122015571155069,21.700960571138559,1.3008611144313176,21.700960571138559,21.739915578243394
1568,0.79071555102040814,21.471083793975964,1.3217854549566814,21.471083793975964,21.511730662056745
1569,0.79021158954748238,21.245575872076301,1.3420052561103792,21.245575872076301,21.287918457274738
1570,0.78970827006369426,21.024301294028916,1.361545450001167,21.024301294028916,21.068342386493647
1571,0.78920559134309354,20.807098029710922,1.3804495096120277,20.807098029710922,20.852840796078315
1572,0.78870355216284982,20.593829815935159,1.3987284553856578,20.593829815935159,20.641275827322435
1573,0.78820215130324212,20.384360976537984,1.4164267038042133,20.384360976537984,20.433512596444459
1574,0.78770138754764929,20.178552160983401,1.4335540864341465,20.178552160983401,20.229410387657371
1575,0.78720125968253962,19.976289101986843,1.4501459638007228,19.976289101986843,20.028855424174541
1576,0.78670176649746182,19.777434458527587,1.4662185408501416,19.777434458527587,19.831709723845979
1577,0.78620290678503479,19.581886487348676,1.4817946560411748,19.581886487348676,19.637871417393505
1578,0.78570467934093779,19.389516115855088,1.4968978751309365,19.389516115855088,19.447211585612362
1579,0.78520708296390118,19.200226570609402,1.5115405803467499,19.200226570609402,19.259632792158062
1580,0.78471011645569611,19.013900652583104,1.5257506020632952,19.013900652583104,19.075018556373585
1581,0.78421377862112585,18.83044245081161,1.539534306505278,18.83044245081161,18.893272050500801
1582,0.78371806826801516,18.6497468687337,1.5529197280527152,18.6497468687337,18.714289138239202
1583,0.78322298420720149,18.471717760113705,1.5659113634105497,18.471717760113705,18.537972796596673
1584,0.78272852525252523,18.296260049363255,1.5785343889530554,18.296260049363255,18.364228886915818
1585,0.78223469022082015,18.123277816964176,1.5907940271744847,18.123277816964176,18.192960849398865
1586,0.78174147793190407,17.952683023327054,1.6027111160316181,17.952683023327054,18.024081409533931
1587,0.78124888720856955,17.784380690822907,1.6142925419828003,17.784380690822907,17.857495260176215
1588,0.78075691687657423,17.618286876174515,1.6255546229455675,17.618286876174515,17.69311900947266
1589,0.7802655657646318,17.454307791304124,1.6365056386169354,17.454307791304124,17.530858826047425
1590,0.77977483270440251,17.292361030639832,1.6471579025709691,17.292361030639832,17.370632664643882
1591,0.77928471653048392,17.132353566094842,1.6575201634285082,17.132353566094842,17.212347655269305
1592,0.77879521608040192,16.974202283348419,1.6676013397062406,16.974202283348419,17.055920889363339
1593,0.77830633019460127,16.817813813675436,1.6774095008542511,16.817813813675436,16.90125924613336
1594,0.77781805771643653,16.663102207809132,1.6869504191611462,16.663102207809132,16.748276833889555
1595,0.77733039749216293,16.509971963825002,1.6962302727919902,16.509971963825002,16.59687836265072
1596,0.77684334837092728,16.358332085595407,1.7052513459188217,16.358332085595407,16.446972693337159
1597,0.77635690920475886,16.208082387650606,1.714016480313777,16.208082387650606,16.298459656656423
1598,0.77587107884856066,16.059124209994138,1.7225234199373205,16.059124209994138,16.15124011722482
1599,0.77538585616010003,15.911349317715569,1.7307696224921625,15.911349317715569,16.005205421877889
1600,0.77490123999999994,15.76464792030427,1.7387462158160283,15.76464792030427,15.860244716087086
1601,0.77441722923173006,15.618899353098961,1.7464421205257836,15.618899353098961,15.716236097825131
1602,0.77393382272159794,15.473977938749215,1.7538380678121241,15.473977938749215,15.573051763126083
1603,0.77345101933873983,15.329744748239456,1.7609092492651917,15.329744748239456,15.430550068948381
1604,0.77296881795511219,15.186051676017073,1.7676192927038796,15.186051676017073,15.2885788571273
1605,0.77248721744548277,15.0427337031485,1.7739206342476299,15.0427337031485,15.146967738806646
1606,0.77200621668742209,14.899611425834834,1.7797477654132061,14.899611425834834,15.00552973904491
1607,0.77152581456129432,14.756483501853552,1.7850140857038155,14.756483501853552,14.864053304083551
1608,0.77104600995024875,14.613127928019999,1.7896028105328678,14.613127928019999,14.722302335577313
1609,0.7705668017402113,14.469294988955838,1.7933579972261744,14.469294988955838,14.580007900671303
1610,0.77008818881987573,14.324708405401239,1.7960697847035634,14.324708405401239,14.436867304623188
1611,0.76961017008069521,14.179061082778606,1.7974550942454606,14.179061082778606,14.29253714373329
1612,0.7691327444168734,14.032020656439329,1.797130770309181,14.032020656439329,14.14663503128331
1613,0.76865591072535644,13.883236893890203,1.7945758444800457,13.883236893890203,13.998741697505006
1614,0.76817966790582404,13.732367922544906,1.7890824363799243,13.732367922544906,13.848420297070113
1615,0.76770401486068107,13.579129070223857,1.7796905924916266,13.579129070223857,13.695256292264189
1616,0.76722895049504947,13.423391523733489,1.7651155302011143,13.423391523733489,13.538946518632727
1617,0.76675447371675942,13.265356994509066,1.743681982253853,13.265356994509066,13.379466470939988
1618,0.76628058343634109,13.105848090911742,1.7133256100670824,13.105848090911742,13.217365048608087
1619,0.76580727856701658,12.946722847053341,1.67177664254609,12.946722847053341,13.054212715479077
1620,0.7653345580246913,12.791305154602963,1.6171228342579425,12.791305154602963,12.893121182213822
1621,0.76486242072794564,12.644456493949487,1.5488864099321953,12.644456493949487,12.738968919745979
1622,0.76439086559802705,12.51166877737435,1.4693037345977202,12.51166877737435,12.597646965176748
1623,0.76391989155884155,12.397000523435018,1.383707248876394,12.397000523435018,12.473983635095935
1624,0.7634494975369458,12.301083655722159,1.2989900329348552,12.301083655722159,12.369479949081891
1625,0.76297968246153836,12.221019955408163,1.2209669027033581,12.221019955408163,12.281860157483537
1626,0.76251044526445255,12.152163757137124,1.1527477018520094,12.152163757137124,12.206715825495495
1627,0.76204178488014751,12.090052058424817,1.0949067266847714,12.090052058424817,12.139529624971541
1628,0.76157370024570015,12.031338806055604,1.046523946324279,12.031338806055604,12.076768021135855
1629,0.76110619030079796,11.97386204656673,1.006120310771573,11.97386204656673,12.01605802207855
1630,0.76063925398773002,11.916360227307422,0.97218866668206338,11.916360227307422,11.955952152404228
1631,0.76017289025137946,11.858159920753643,0.94341059586980158,11.858159920753643,11.895628619731175
1632,0.75970709803921566,11.798940867481313,0.91870715426557958,11.798940867481313,11.83465370974662
1633,0.75924187630128592,11.738583083706398,0.89722076450612354,11.738583083706398,11.772822002958296
1634,0.75877722399020797,11.677074070417763,0.87827658862715574,11.677074070417763,11.710056729672722
1635,0.75831314006116202,11.614454641402595,0.8613430737625466,11.614454641402595,11.646350007960304
1636,0.75784962347188256,11.550787987926565,0.84599819026166723,11.550787987926565,11.581727681134392
1637,0.75738667318265118,11.486142380448396,0.83190250779862773,11.486142380448396,11.516228921240423
1638,0.75692428815628809,11.420581728202286,0.81877827836386663,11.420581728202286,11.449894535744352
1639,0.75646246735814515,11.354160591650118,0.8063932922599546,11.354160591650118,11.382760336701391
1640,0.75600120975609753,11.28692170567103,0.7945483124894881,11.28692170567103,11.314853450700443
1641,0.75554051432053615,11.218894885262902,0.78306707282162524,11.218894885262902,11.246190309927872
1642,0.75508038002436051,11.150096674282718,0.77178803636034543,11.150096674282718,11.176775591328633
1643,0.75462080584297009,11.080530397455945,0.76055726281885228,11.080530397455945,11.106601696242272
1644,0.75416179075425782,11.010186457540094,0.749221835540409,11.010186457540094,11.035648562211911
1645,0.75370333373860177,10.939042854093842,0.73762335848639515,10.939042854093842,10.963883745401823
1646,0.75324543377885778,10.867066024826766,0.72559104538450581,10.867066024826766,10.89126284473414
1647,0.75278808986035206,10.794212257116765,0.71293389477529512,10.794212257116765,10.817730491651623
1648,0.75233130097087375,10.720430129538205,0.69943138141239214,10.720430129538205,10.743222348048791
1649,0.75187506610066701,10.645664783965628,0.6848220086892205,10.645664783965628,10.667668905442795
1650,0.75141938424242416,10.569865399342788,0.66878900289542009,10.569865399342788,10.591002468634294
1651,0.75096425439127801,10.492998189363092,0.65094251536528303,10.492998189363092,10.513169700917379
1652,0.75050967554479409,10.415068764272526,0.63079822509532124,10.415068764272526,10.434153715817523
1653,0.75005564670296421,10.336159963429171,0.60775381270800322,10.336159963429171,10.354012144403601
1654,0.74960216686819825,10.256494243102068,0.58106869664335969,10.256494243102068,10.272940912368021
1655,0.74914923504531716,10.176532204859583,0.54986116357831938,10.176532204859583,10.191376502502298
1656,0.74869685024154586,10.097116047180155,0.51315402239922747,10.097116047180155,10.110147354065989
1657,0.74824501146650568,10.019645655990583,0.4700255874193488,10.019645655990583,10.030664141742553
1658,0.74779371773220737,9.9462128354457953,0.41993964812773604,9.9462128354457953,9.9550740366938673
1659,0.7473429680530439,9.879508642908057,0.36327271990150223,9.879508642908057,9.8861852144454403
1660,0.74689276144578309,9.8222604325125147,0.30183623903428691,9.8222604325125147,9.8268970239488755
1661,0.74644309692956046,9.7762106731220193,0.23889317337218785,9.7762106731220193,9.7791290549592773
1662,0.74599397352587238,9.7412451710136985,0.17829654651698246,9.7412451710136985,9.7428767384329351
1663,0.74554539025856881,9.7154435896558269,0.12318899630930358,9.7154435896558269,9.7162245585719251
1664,0.74509734615384615,9.6960058575241028,0.075217091807768588,9.6960058575241028,9.6962976026956653
1665,0.74464984024024017,9.6802527236985441,0.034619456316541397,9.6802527236985441,9.6803146282250943
1666,0.74420287154861942,9.6661419583038679,0.00077210587384479723,9.6661419583038679,9.6661419891407565
1667,0.74375643911217748,9.6523290895607481,-0.027293274681005064,9.6523290895607481,9.6523676772087086
1668,0.74331054196642676,9.6380209528225116,-0.050574890705368691,9.6380209528225116,9.6381536461407169
1669,0.74286517914919104,9.6227980853017421,-0.069961124114832796,9.6227980853017421,9.6230524029215552
1670,0.74242034970059878,9.6064733127098343,-0.086191034324357818,9.6064733127098343,9.6068599657850822
1671,0.74197605266307598,9.5889956956433444,-0.099860051812092787,9.5889956956433444,9.5895156541409587
1672,0.74153228708133967,9.5703901710265953,-0.11144127637862022,9.5703901710265953,9.5710389814148886
1673,0.74108905200239084,9.5507212262670151,-0.12130913156968548,9.5507212262670151,9.5514916032664505
1674,0.74064634647550776,9.5300716471195202,-0.12976042931226572,9.5300716471195202,9.5309550081954892
1675,0.74020416955223878,9.5085303898977962,-0.13703157579746827,9.5085303898977962,9.5095177495168226
1676,0.73976252028639611,9.4861858717222702,-0.14331207839915994,9.4861858717222702,9.4872683499876977
1677,0.73932139773404881,9.4631224386783828,-0.14875495595589361,9.4631224386783828,9.4642915385325974
1678,0.73888080095351605,9.439418677191739,-0.15348470459476937,9.439418677191739,9.4406664233972801
1679,0.73844072900536029,9.415146778681553,-0.15760338699500243,9.415146778681553,9.4164657749980645
1680,0.73800118095238088,9.3903724917061915,-0.16119529931635912,9.3903724917061915,9.3917559304697686
1681,0.73756215585960727,9.3651553879868885,-0.16433056492785392,9.3651553879868885,9.3665970328454584
1682,0.73712365279429248,9.339549282630518,-0.16706791818150679,9.339549282630518,9.3410434370026199
1683,0.73668567082590608,9.3136027164596555,-0.16945687502852647,9.3136027164596555,9.3151441852791041
1684,0.7362482090261282,9.2873594485147812,-0.17153943724642584,9.2873594485147812,9.2889434977529923
1685,0.73581126646884265,9.2608589305486042,-0.17335143986903789,9.2608589305486042,9.2624812471187479
1686,0.73537484223013039,9.2341367493723823,-0.17492362393151306,9.2341367493723823,9.2357934028603559
1687,0.73493893538826316,9.207225031075275,-0.17628249634897453,9.207225031075275,9.2089124380340444
1688,0.73450354502369664,9.1801528057897563,-0.17745102373106159,9.1801528057897563,9.1818676969052841
1689,0.73406867021906452,9.1529463342493038,-0.17844919578106744,9.1529463342493038,9.1546857244321984
1690,0.73363431005917157,9.1256293986887336,-0.17929448560494909,9.1256293986887336,9.1273905600001815
1691,0.73320046363098756,9.0982235612104141,-0.18000222800893517,9.0982235612104141,9.1000039984525554
1692,0.73276713002364058,9.0707483928981496,-0.18058593215024621,9.0707483928981496,9.0725458216619081
1693,0.73233430832841107,9.0432216768628457,-0.18105754132575957,9.0432216768628457,9.0450340038140808
1694,0.73190199763872488,9.015659588208397,-0.18142764994707472,9.015659588208397,9.0174848933956806
1695,0.73147019705014749,8.988076853633018,-0.18170568564871148,8.988076853633018,8.9899133746110529
1696,0.73103890566037733,8.9604868931111206,-0.18190006284937232,8.9604868931111206,8.9623330106887238
1697,0.73060812256923979,8.9329019458146028,-0.1820183128212316,8.9329019458146028,8.9347561712528325
1698,0.7301778468786807,8.9053331821904926,-0.18206719433223106,8.9053331821904926,8.9071941456934169
1699,0.7297480776927604,8.8777908038618705,-0.18205278814755521,8.8777908038618705,8.8796572442187589
1700,0.72931881411764699,8.8502841328258341,-0.1819805780597995,8.8502841328258341,8.8521548880789318
1701,0.72889005526161077,8.8228216912229023,-0.18185552062760701,8.8228216912229023,8.8246956902488201
1702,0.72846180023501761,8.7954112727979172,-0.18168210541028051,8.7954112727979172,8.7972875277034692
1703,0.72803404815032291,8.7680600070257384,-0.18146440717115864,8.7680600070257384,8.7699376062703074
1704,0.72760679812206563,8.740774416753311,-0.18120613126858565,8.740774416753311,8.7426525189200159
1705,0.72718004926686208,8.7135604701000915,-0.18091065324693134,8.7135604701000915,8.7154382982469194
1706,0.72675380070339968,8.686423627268411,-0.18058105347229614,8.686423627268411,8.6883004637984325
1707,0.72632805155243108,8.6593688828301865,-0.18022014752042054,8.6593688828301865,8.6612440648269473
1708,0.72590280093676807,8.6324008039891247,-0.17983051291120239,8.6324008039891247,8.6342737189694176
1709,0.72547804798127558,8.6055235652551332,-0.17941451269139236,8.6055235652551332,8.6073936472968242
1710,0.72505379181286544,8.5787409799167023,-0.17897431628996674,8.5787409799167023,8.5806077061239474
1711,0.72463003156049088,8.5520565286489614,-0.17851191800666666,8.5520565286489614,8.5539194159214382
1712,0.72420676635514014,8.5254733855533686,-0.1780291534407733,8.5254733855533686,8.527331987629756
1713,0.72378399532983062,8.4989944418975512,-0.17752771412257934,8.4989944418975512,8.5008483466467659
1714,0.72336171761960322,8.4726223277842543,-0.17700916057265936,8.4726223277842543,8.4744711547208027
1715,0.72293993236151599,8.4463594319569815,-0.17647493398195724,8.4463594319569815,8.4482028299593157
1716,0.72251863869463862,8.4202079199262734,-0.17592636667978895,8.4202079199262734,8.4220455651392836
1717,0.72209783576004649,8.3941697505803425,-0.17536469153352174,8.3941697505803425,8.3960013444850468
1718,0.72167752270081487,8.3682466914234759,-0.17479105040472659,8.3682466914234759,8.3700719590587482
1719,0.72125769866201273,8.3424403325733287,-0.17420650177043112,8.3424403325733287,8.344259020896061
1720,0.72083836279069757,8.3167520996297988,-0.17361202760379835,8.3167520996297988,8.3185639760012293
1721,0.72041951423590933,8.291183265524495,-0.17300853959650625,8.291183265524495,8.2929881163116796
1722,0.72000115214866434,8.2657349614382269,-0.17239688479518472,8.2657349614382269,8.2675325907207231
1723,0.71958327568195002,8.2404081868710755,-0.17177785071491475,8.2404081868710755,8.2421984152438412
1724,0.71916588399071923,8.2152038189427614,-0.17115216998527744,8.2152038189427614,8.2169864824071848
1725,0.71874897623188405,8.19012262098558,-0.1705205245782272,8.19012262098558,8.191897569921279
1726,0.71833255156431053,8.1651652504961767,-0.16988354966029562,8.1651652504961767,8.1669323487069168
1727,0.71791660914881295,8.1403322664956796,-0.16924183710788765,8.1403322664956796,8.1420913903233938
1728,0.71750114814814814,8.1156241363509842,-0.16859593871899875,8.1156241363509842,8.1173751738523947
1729,0.71708616772700973,8.0910412421020119,-0.16794636915151556,8.0910412421020119,8.09278409228288
1730,0.71667166705202312,8.066583886332257,-0.16729360861462023,8.066583886332257,8.0683184584347263
1731,0.71625764529173885,8.0422522976243833,-0.16663810533709239,8.0422522976243833,8.0439785104632762
1732,0.71584410161662815,8.0180466356289806,-0.16598027783352237,8.0180466356289806,8.0197644169732882
1733,0.71543103519907669,7.9939669957825927,-0.16532051698749312,7.9939669957825927,7.9956762817786942
1734,0.71501844521337943,7.970013413695785,-0.1646591879683868,7.970013413695785,7.9717141483292755
1735,0.71460633083573477,7.9461858692442675,-0.16399663199721448,7.9461858692442675,7.9478780038374834
1736,0.71419469124423962,7.922484290379483,-0.16333316797480746,7.922484290379483,7.92416778312211
1737,0.71378352561888303,7.8989085566846065,-0.16266909398476997,7.8989085566846065,7.9005833721949363
1738,0.71337283314154198,7.8754585026892947,-0.16200468868205709,7.8754585026892947,7.8771246116039109
1739,0.71296261299597463,7.8521339209697949,-0.16134021257711129,7.8521339209697949,7.8537912995596528
1740,0.71255286436781606,7.8289345650406972,-0.16067590922453201,7.8289345650406972,7.8305831948517159
1741,0.71214358644457199,7.8058601520595197,-0.16001200632432749,7.8058601520595197,7.8075000195759596
1742,0.71173477841561417,7.782910365356873,-0.15934871674294149,7.782910365356873,7.7845414616859152
1743,0.71132643947217433,7.7600848568012317,-0.15868623946094962,7.7600848568012317,7.7617071773772839
1744,0.71091856880733939,7.7373832490149965,-0.15802476045308428,7.7373832490149965,7.7389967933223822
1745,0.71051116561604577,7.7148051374479429,-0.1573644535063054,7.7148051374479429,7.7164099087607125
1746,0.71010422909507442,7.6923500923196144,-0.1567054809807531,7.6923500923196144,7.6939460974573377
1747,0.70969775844304517,7.6700176604416335,-0.15604799451809009,7.6700176604416335,7.6716049095400942
1748,0.70929175286041179,7.6478073669235549,-0.15539213570135335,7.6478073669235549,7.6493858732193667
1749,0.70888621154945675,7.6257187167743297,-0.15473803667016561,7.6257187167743297,7.6272884964025627
1750,0.70848113371428567,7.6037511964043318,-0.15408582069448906,7.6037511964043318,7.6053122682082819
1751,0.70807651856082232,7.5819042750350256,-0.15343560271029044,7.5819042750350256,7.5834566603873643
1752,0.70767236529680355,7.5601774060224542,-0.15278748981991552,7.5601774060224542,7.5617211286570125
1753,0.70726867313177411,7.5385700280988779,-0.15214158175964276,7.5385700280988779,7.5401051139523938
1754,0.70686544127708095,7.5170815665409272,-0.15149797133702803,7.5170815665409272,7.5186080436041234
1755,0.70646266894586884,7.4957114342655196,-0.1508567448401702,7.4957114342655196,7.4972293324429273
1756,0.7060603553530751,7.4744590328598299,-0.1502179824207851,7.4744590328598299,7.4759683838378077
1757,0.70565849971542394,7.453323753550066,-0.14958175845322791,7.453323753550066,7.4548245906725139
1758,0.70525710125142205,7.4323049781117376,-0.14894814187090183,7.4323049781117376,7.4337973362630292
1759,0.70485615918135303,7.411402079725228,-0.14831719648177039,7.411402079725228,7.4128859952199218
1760,0.70445567272727272,7.3906144237801925,-0.14768898126443641,7.3906144237801925,7.3920899342591033
1761,0.70405564111300389,7.369941368633139,-0.14706355064602716,7.369941368633139,7.3714085129653961
1762,0.70365606356413157,7.3493822663184929,-0.14644095476326086,7.3493822663184929,7.3508410845092227
1763,0.70325693930799771,7.3289364632192324,-0.14582123970765898,7.3289364632192324,7.3303869963225212
1764,0.70285826757369607,7.3086033006947986,-0.14520444775619373,7.3086033006947986,7.3100455907316393
1765,0.70246004759206793,7.2883821156756277,-0.14459061758805408,7.2883821156756277,7.2898162055565461
1766,0.70206227859569648,7.2682722412192291,-0.14397978448876259,7.2682722412192291,7.2696981746713139
1767,0.70166495981890209,7.2482730070348929,-0.14337198054218764,7.2482730070348929,7.249690828532982
1768,0.70126809049773753,7.2283837399772572,-0.14276723481138792,7.2283837399772572,7.2297934946790336
1769,0.70087166986998295,7.2086037645095544,-0.14216557350903319,7.2086037645095544,7.21000549819433
1770,0.70047569717514124,7.1889324031410204,-0.14156702015791289,7.1889324031410204,7.1903261621519858
1771,0.70008017165443248,7.16936897683631,-0.14097159574231849,7.16936897683631,7.1707548080260732
1772,0.69968509255079003,7.1499128054023515,-0.14037931885082139,7.1499128054023515,7.1512907560815577
1773,0.69929045910885501,7.1305632078510222,-0.13979020581090451,7.1305632078510222,7.1319333257398947
1774,0.69889627057497172,7.1113195027404892,-0.13920427081610764,7.1113195027404892,7.1126818359231194
1775,0.698502526197183,7.0921810084952153,-0.13862152604596095,7.0921810084952153,7.0935356053764558
1776,0.69810922522522523,7.0731470437083868,-0.13804198177934085,7.0731470437083868,7.0744939529731923
1777,0.6977163669105233,7.0542169274244788,-0.1374656465014743,7.0542169274244788,7.0555561979995689
1778,0.69732395050618667,7.0353899794050356,-0.13689252700508997,7.0353899794050356,7.0367216604227441
1779,0.6969319752670039,7.0166655203783659,-0.13632262848598986,7.0166655203783659,7.0179896611425647
1780,0.69654044044943819,6.9980428722742456,-0.13575595463347739,6.9980428722742456,6.9993595222282172
1781,0.69614934531162265,6.9795213584430691,-0.13519250771577024,6.9795213584430691,6.9808305671392334
1782,0.6957586891133557,6.9611003038620325,-0.13463228866088245,6.9611003038620325,6.962402120933417
1783,0.69536847111609645,6.9427790353285186,-0.13407529713312716,6.9427790353285186,6.9440735104618909
1784,0.69497869058295958,6.9245568816409389,-0.13352153160547947,6.9245568816409389,6.9258440645514936
1785,0.69458934677871143,6.9064331737676152,-0.13297098942815527,6.9064331737676152,6.9077131141751478
1786,0.6942004389697648,6.8884072450054692,-0.13242366689347573,6.8884072450054692,6.8896799926119474
1787,0.69381196642417453,6.8704784311280545,-0.1318795592973141,6.8704784311280545,6.8717440355965129
1788,0.69342392841163303,6.8526460705237717,-0.13133866099731101,6.8526460705237717,6.8539045814584734
1789,0.69303632420346561,6.8349095043246457,-0.13080096546801517,6.8349095043246457,6.8361609712524132
1790,0.69264915307262565,6.8172680765273608,-0.13026646535315489,6.8172680765273608,6.8185125488800455
1791,0.69226241429369062,6.7997211341036774,-0.12973515251513396,6.7997211341036774,6.800958661201693
1792,0.69187610714285708,6.7822680271068077,-0.12920701808199841,6.7822680271068077,6.7834986581436647
1793,0.69149023089793638,6.7649081087657503,-0.12868205249192505,6.7649081087657503,6.7661318927935588
1794,0.69110478483835003,6.7476407355770256,-0.12816024553543404,6.7476407355770256,6.7488577214928878
1795,0.69071976824512527,6.7304652673867249,-0.12764158639538242,6.7304652673867249,6.73167550392
1796,0.69033518040089081,6.7133810674677257,-0.12712606368494817,6.7133810674677257,6.7145846031681016
1797,0.68995102058987201,6.6963875025901682,-0.12661366548360981,6.6963875025901682,6.6975843858165005
1798,0.68956728809788648,6.6794839430873676,-0.12610437937129976,6.6794839430873676,6.6806742219972515
1799,0.68918398221234012,6.6626697629155682,-0.12559819246081311,6.6626697629155682,6.663853485455606
1800,0.68880110222222213,6.6459443397083735,-0.12509509142856085,6.6459443397083735,6.6471215536050865
1801,0.68841864741810099,6.6293070548277697,-0.12459506254371888,6.6293070548277697,6.6304778075791431
1802,0.68803661709211983,6.6127572934087784,-0.12409809169593994,6.6127572934087784,6.6139216322763881
1803,0.68765501053799216,6.5962944444018792,-0.12360416442160799,6.5962944444018792,6.5974524164035824
1804,0.68727382705099771,6.5799179006096793,-0.12311326592879912,6.5799179006096793,6.5810695525128251
1805,0.68689306592797783,6.5636270587206571,-0.12262538112093213,6.5636270587206571,6.5647724370358063
1806,0.68651272646733108,6.5474213193392092,-0.12214049461924864,6.5474213193392092,6.5485604703143281
1807,0.68613280796900933,6.5313000870115783,-0.12165859078412145,6.5313000870115783,6.5324330566266822
1808,0.68575330973451321,6.5152627702502102,-0.12117965373532458,6.5152627702502102,6.5163896042124314
1809,0.68537423106688777,6.499308781552747,-0.12070366737122723,6.499308781552747,6.5004295252918105
1810,0.6849955712707182,6.4834375374204409,-0.12023061538703395,6.4834375374204409,6.4845522360845216
1811,0.68461732965212585,6.4676484583716682,-0.11976048129210443,6.4676484583716682,6.4687571568236146
1812,0.68423950551876378,6.4519409689547249,-0.1192932484263956,6.4519409689547249,6.4530437117686228
1813,0.68386209817981247,6.4363144977571434,-0.11882889997601692,6.4363144977571434,6.4374113292152071
1814,0.68348510694597564,6.4207684774126914,-0.11836741898809494,6.4207684774126914,6.4218594415024679
1815,0.68310853112947656,6.4053023446070085,-0.11790878838476132,6.4053023446070085,6.4063874850188709
1816,0.68273237004405285,6.3899155400795298,-0.11745299097651402,6.3899155400795298,6.3909949002044435
1817,0.68235662300495314,6.3746075086260507,-0.11700000947486039,6.3746075086260507,6.3756811315536117
1818,0.68198128932893287,6.359377699096564,-0.11654982650431572,6.359377699096564,6.3604456276132799
1819,0.68160636833424959,6.3442255643935983,-0.11610242461378473,6.3442255643935983,6.3452878409814062
1820,0.68123185934065933,6.3291505614675589,-0.11565778628734985,6.3291505614675589,6.3302072283025623
1821,0.68085776166941236,6.3141521513113261,-0.11521589395452964,6.3141521513113261,6.3152032502627486
1822,0.68048407464324911,6.2992297989531796,-0.11477672999996597,6.2992297989531796,6.300275371582515
1823,0.68011079758639603,6.2843829734477943,-0.11434027677264091,6.2843829734477943,6.2854230610081432
1824,0.67973792982456138,6.2696111478670531,-0.11390651659459972,6.2696111478670531,6.270645791302643
1825,0.67936547068493147,6.2549137992887847,-0.11347543176919955,6.2549137992887847,6.2559430392346504
1826,0.67899341949616643,6.2402904087844018,-0.11304700458896966,6.2402904087844018,6.2413142855662329
1827,0.6786217755883962,6.2257404614058984,-0.11262121734299424,6.2257404614058984,6.2267590150400354
1828,0.67825053829321658,6.2112634461717402,-0.1121980523239679,6.2112634461717402,6.2122767163653068
1829,0.67787970694368505,6.1968588560515556,-0.11177749183480939,6.1968588560515556,6.197866882202737
1830,0.67750928087431694,6.1825261879498417,-0.11135951819497519,6.1825261879498417,6.1835290091482724
1831,0.67713925942108133,6.1682649426897367,-0.11094411374640128,6.1682649426897367,6.1692625977170232
1832,0.67676964192139732,6.1540746249944309,-0.11053126085911885,6.1540746249944309,6.1550671523247775
1833,0.67640042771412978,6.1399547434696906,-0.110120941936589,6.1399547434696906,6.1409421812706357
1834,0.67603161613958551,6.1259048105843412,-0.10971313942069894,6.1259048105843412,6.1268871967175889
1835,0.67566320653950951,6.1119243426506404,-0.10930783579652675,6.1119243426506404,6.11290171467299
1836,0.67529519825708051,6.0980128598039709,-0.10890501359679144,6.0980128598039709,6.0989852549683317
1837,0.67492759063690799,6.084169885982222,-0.10850465540610932,6.084169885982222,6.0851373412387098
1838,0.67456038302502719,6.0703949489041644,-0.10810674386492963,6.0703949489041644,6.0713575009012821
1839,0.67419357476889608,6.0566875800480808,-0.10771126167330874,6.0566875800480808,6.0576452651339636
1840,0.67382716521739128,6.0430473146287902,-0.10731819159442546,6.0430473146287902,6.0440001688525236
1841,0.67346115372080384,6.0294736915761256,-0.10692751645791426,6.0294736915761256,6.0304217506891247
1842,0.67309553963083602,6.0159662535107365,-0.10653921916295728,6.0159662535107365,6.0169095529681895
1843,0.67273032230059682,6.0025245467216628,-0.10615328268122692,6.0025245467216628,6.0034631216840246
1844,0.67236550108459869,5.9891481211423407,-0.10576969005963358,5.9891481211423407,5.9900820064768849
1845,0.67200107533875331,5.9758365303266139,-0.10538842442290028,5.9758365303266139,5.9767657606090241
1846,0.67163704442036831,5.9625893314247058,-0.10500946897595764,5.9625893314247058,5.9635139409407216
1847,0.67127340768814292,5.9494060851586461,-0.10463280700620589,5.9494060851586461,5.9503261079057452
1848,0.67091016450216445,5.9362863557977992,-0.10425842188561643,5.9362863557977992,5.9372018254869188
1849,0.67054731422390479,5.9232297111340202,-0.10388629707269181,5.9232297111340202,5.9241406611913163
1850,0.67018485621621615,5.9102357224566475,-0.10351641611428364,5.9102357224566475,5.9111421860252857
