{
  "calibrated_al_fraction": 0.55,
  "calibration_scan": [],
  "variants": {
    "ideal": {
      "E11_eV": 1.4960008652645753,
      "E22_eV": 1.657124724324161,
      "delta_z_HH2_CB2_nm": 0.8283218453552266,
      "localization_claims": {
        "HH1_wide": true,
        "HH2_wide": false,
        "CB1_wide": true,
        "CB2_narrow": true
      },
      "zmel_e_nm": {
        "e1_z_e1": 21.71665054069747,
        "e1_z_e2": 0.9046885815190163,
        "e1_z_e3": -1.5744335392306104,
        "e2_z_e1": 0.9046885815190171,
        "e2_z_e2": 27.922290632378566,
        "e2_z_e3": 1.8327637725374768,
        "e3_z_e1": -1.57443353923061,
        "e3_z_e2": 1.8327637725374768,
        "e3_z_e3": 22.142309886741415
      },
      "zmel_hh_nm": {
        "hh1_z_hh1": 21.679341757009567,
        "hh1_z_hh2": 0.8066609363426755,
        "hh1_z_hh3": -1.33068601213326,
        "hh1_z_hh4": -0.0018429108803848725,
        "hh2_z_hh1": 0.8066609363426755,
        "hh2_z_hh2": 27.093968787023325,
        "hh2_z_hh3": 2.727949201013675,
        "hh2_z_hh4": 0.5329635749368418,
        "hh3_z_hh1": -1.33068601213326,
        "hh3_z_hh2": 2.727949201013675,
        "hh3_z_hh3": 23.043936732283907,
        "hh3_z_hh4": -1.6469398612964479,
        "hh4_z_hh1": -0.0018429108803848725,
        "hh4_z_hh2": 0.5329635749368434,
        "hh4_z_hh3": -1.6469398612964479,
        "hh4_z_hh4": 21.713634609558326
      },
      "interband_overlaps": {
        "hh1_e1": {
          "re": 0.859515114163002,
          "im": 0.0
        },
        "hh1_e2": {
          "re": -0.048198896698058304,
          "im": 0.0
        },
        "hh1_e3": {
          "re": -0.012410007181411803,
          "im": 0.0
        },
        "hh2_e1": {
          "re": 0.04115396292922084,
          "im": 0.0
        },
        "hh2_e2": {
          "re": 0.8352319129166954,
          "im": 0.0
        },
        "hh2_e3": {
          "re": -0.1627401633097262,
          "im": 0.0
        }
      },
      "computation_scheme": 0,
      "doping_max_cm3": 0.0
    }
  }
}